{"sessionId":"620b84","location":"event_handler.rs:cursor_moved","message":"ray_pick_on_mouse_move","data":{"hypothesisId":"A","pick_ms":0.12,"orbiting":false,"count":0},"timestamp":1778496187781}
{"sessionId":"620b84","location":"event_handler.rs:cache_update","message":"cache_tris_changed","data":{"hypothesisId":"E","old_tris":0,"new_tris":12,"dc_old":0,"dc_new":1},"timestamp":1778496187782}
{"sessionId":"620b84","location":"event_handler.rs:cursor_moved","message":"ray_pick_on_mouse_move","data":{"hypothesisId":"A","pick_ms":0.01,"orbiting":false,"count":1},"timestamp":1778496187944}
{"sessionId":"620b84","location":"event_handler.rs:cursor_moved","message":"ray_pick_on_mouse_move","data":{"hypothesisId":"A","pick_ms":0.01,"orbiting":false,"count":2},"timestamp":1778496187968}
{"sessionId":"620b84","location":"event_handler.rs:cursor_moved","message":"ray_pick_on_mouse_move","data":{"hypothesisId":"A","pick_ms":0.02,"orbiting":false,"count":3},"timestamp":1778496187977}
{"sessionId":"620b84","location":"event_handler.rs:cursor_moved","message":"ray_pick_on_mouse_move","data":{"hypothesisId":"A","pick_ms":0.02,"orbiting":false,"count":4},"timestamp":1778496187996}
{"sessionId":"620b84","location":"event_handler.rs:cursor_moved","message":"ray_pick_on_mouse_move","data":{"hypothesisId":"A","pick_ms":0.02,"orbiting":false,"count":5},"timestamp":1778496188004}
{"sessionId":"620b84","location":"event_handler.rs:cursor_moved","message":"ray_pick_on_mouse_move","data":{"hypothesisId":"A","pick_ms":0.02,"orbiting":false,"count":6},"timestamp":1778496188031}
{"sessionId":"620b84","location":"event_handler.rs:cursor_moved","message":"ray_pick_on_mouse_move","data":{"hypothesisId":"A","pick_ms":0.02,"orbiting":false,"count":7},"timestamp":1778496188605}
{"sessionId":"620b84","location":"event_handler.rs:cursor_moved","message":"ray_pick_on_mouse_move","data":{"hypothesisId":"A","pick_ms":0.02,"orbiting":false,"count":8},"timestamp":1778496188638}
{"sessionId":"620b84","location":"event_handler.rs:cursor_moved","message":"ray_pick_on_mouse_move","data":{"hypothesisId":"A","pick_ms":0.01,"orbiting":false,"count":9},"timestamp":1778496188649}
{"sessionId":"620b84","location":"event_handler.rs:cursor_moved","message":"ray_pick_on_mouse_move","data":{"hypothesisId":"A","pick_ms":0.06,"orbiting":false,"count":0},"timestamp":1778496244641}
{"sessionId":"620b84","location":"event_handler.rs:cache_update","message":"cache_tris_changed","data":{"hypothesisId":"E","old_tris":0,"new_tris":12,"dc_old":0,"dc_new":1},"timestamp":1778496244642}
{"sessionId":"620b84","location":"event_handler.rs:cursor_moved","message":"ray_pick_on_mouse_move","data":{"hypothesisId":"A","pick_ms":0.02,"orbiting":false,"count":1},"timestamp":1778496249032}
{"sessionId":"620b84","location":"event_handler.rs:cursor_moved","message":"ray_pick_on_mouse_move","data":{"hypothesisId":"A","pick_ms":0.03,"orbiting":false,"count":2},"timestamp":1778496249058}
{"sessionId":"620b84","location":"event_handler.rs:cursor_moved","message":"ray_pick_on_mouse_move","data":{"hypothesisId":"A","pick_ms":0.03,"orbiting":false,"count":3},"timestamp":1778496249069}
{"sessionId":"620b84","location":"event_handler.rs:cursor_moved","message":"ray_pick_on_mouse_move","data":{"hypothesisId":"A","pick_ms":0.04,"orbiting":false,"count":4},"timestamp":1778496249082}
{"sessionId":"620b84","location":"event_handler.rs:cursor_moved","message":"ray_pick_on_mouse_move","data":{"hypothesisId":"A","pick_ms":0.02,"orbiting":false,"count":5},"timestamp":1778496249083}
{"sessionId":"620b84","location":"event_handler.rs:cursor_moved","message":"ray_pick_on_mouse_move","data":{"hypothesisId":"A","pick_ms":0.02,"orbiting":false,"count":6},"timestamp":1778496249095}
{"sessionId":"620b84","location":"event_handler.rs:cursor_moved","message":"ray_pick_on_mouse_move","data":{"hypothesisId":"A","pick_ms":0.03,"orbiting":false,"count":7},"timestamp":1778496249139}
{"sessionId":"620b84","location":"event_handler.rs:cursor_moved","message":"ray_pick_on_mouse_move","data":{"hypothesisId":"A","pick_ms":0.03,"orbiting":false,"count":8},"timestamp":1778496249157}
{"sessionId":"620b84","location":"event_handler.rs:cursor_moved","message":"ray_pick_on_mouse_move","data":{"hypothesisId":"A","pick_ms":0.02,"orbiting":false,"count":9},"timestamp":1778496249158}
{"sessionId":"620b84","location":"event_handler.rs:cursor_moved","message":"ray_pick_on_mouse_move","data":{"hypothesisId":"A","pick_ms":0.08,"orbiting":false,"count":0},"timestamp":1778496277817}
{"sessionId":"620b84","location":"event_handler.rs:cache_update","message":"cache_tris_changed","data":{"hypothesisId":"E","old_tris":0,"new_tris":12,"dc_old":0,"dc_new":1},"timestamp":1778496277818}
{"sessionId":"620b84","location":"event_handler.rs:cursor_moved","message":"ray_pick_on_mouse_move","data":{"hypothesisId":"A","pick_ms":0.02,"orbiting":false,"count":1},"timestamp":1778496278893}
{"sessionId":"620b84","location":"event_handler.rs:cursor_moved","message":"ray_pick_on_mouse_move","data":{"hypothesisId":"A","pick_ms":0.02,"orbiting":false,"count":2},"timestamp":1778496278912}
{"sessionId":"620b84","location":"event_handler.rs:cursor_moved","message":"ray_pick_on_mouse_move","data":{"hypothesisId":"A","pick_ms":0.03,"orbiting":false,"count":3},"timestamp":1778496278921}
{"sessionId":"620b84","location":"event_handler.rs:cursor_moved","message":"ray_pick_on_mouse_move","data":{"hypothesisId":"A","pick_ms":0.03,"orbiting":false,"count":4},"timestamp":1778496278949}
{"sessionId":"620b84","location":"event_handler.rs:cursor_moved","message":"ray_pick_on_mouse_move","data":{"hypothesisId":"A","pick_ms":0.01,"orbiting":false,"count":5},"timestamp":1778496278949}
{"sessionId":"620b84","location":"event_handler.rs:cursor_moved","message":"ray_pick_on_mouse_move","data":{"hypothesisId":"A","pick_ms":0.01,"orbiting":false,"count":6},"timestamp":1778496278955}
{"sessionId":"620b84","location":"event_handler.rs:cursor_moved","message":"ray_pick_on_mouse_move","data":{"hypothesisId":"A","pick_ms":0.01,"orbiting":false,"count":7},"timestamp":1778496278975}
{"sessionId":"620b84","location":"event_handler.rs:cursor_moved","message":"ray_pick_on_mouse_move","data":{"hypothesisId":"A","pick_ms":0.02,"orbiting":false,"count":8},"timestamp":1778496278991}
{"sessionId":"620b84","location":"event_handler.rs:cursor_moved","message":"ray_pick_on_mouse_move","data":{"hypothesisId":"A","pick_ms":0.02,"orbiting":false,"count":9},"timestamp":1778496279010}
{"sessionId":"620b84","location":"event_handler.rs:cursor_moved","message":"ray_pick_on_mouse_move","data":{"hypothesisId":"A","pick_ms":0.06,"orbiting":false,"count":0},"timestamp":1778497281258}
{"sessionId":"620b84","location":"event_handler.rs:cache_update","message":"cache_tris_changed","data":{"hypothesisId":"E","old_tris":0,"new_tris":12,"dc_old":0,"dc_new":1},"timestamp":1778497281259}
{"sessionId":"620b84","location":"event_handler.rs:cursor_moved","message":"ray_pick_on_mouse_move","data":{"hypothesisId":"A","pick_ms":0.02,"orbiting":false,"count":1},"timestamp":1778497282095}
{"sessionId":"620b84","location":"event_handler.rs:cursor_moved","message":"ray_pick_on_mouse_move","data":{"hypothesisId":"A","pick_ms":0.02,"orbiting":false,"count":2},"timestamp":1778497282128}
{"sessionId":"620b84","location":"event_handler.rs:cursor_moved","message":"ray_pick_on_mouse_move","data":{"hypothesisId":"A","pick_ms":0.01,"orbiting":false,"count":3},"timestamp":1778497282135}
{"sessionId":"620b84","location":"event_handler.rs:cursor_moved","message":"ray_pick_on_mouse_move","data":{"hypothesisId":"A","pick_ms":0.03,"orbiting":false,"count":4},"timestamp":1778497282160}
{"sessionId":"620b84","location":"event_handler.rs:cursor_moved","message":"ray_pick_on_mouse_move","data":{"hypothesisId":"A","pick_ms":0.01,"orbiting":false,"count":5},"timestamp":1778497282180}
{"sessionId":"620b84","location":"event_handler.rs:cursor_moved","message":"ray_pick_on_mouse_move","data":{"hypothesisId":"A","pick_ms":0.03,"orbiting":false,"count":6},"timestamp":1778497282196}
{"sessionId":"620b84","location":"event_handler.rs:cursor_moved","message":"ray_pick_on_mouse_move","data":{"hypothesisId":"A","pick_ms":0.02,"orbiting":false,"count":7},"timestamp":1778497282216}
{"sessionId":"620b84","location":"event_handler.rs:cursor_moved","message":"ray_pick_on_mouse_move","data":{"hypothesisId":"A","pick_ms":0.03,"orbiting":false,"count":8},"timestamp":1778497282237}
{"sessionId":"620b84","location":"event_handler.rs:cursor_moved","message":"ray_pick_on_mouse_move","data":{"hypothesisId":"A","pick_ms":0.02,"orbiting":false,"count":9},"timestamp":1778497282252}
{"sessionId":"620b84","location":"event_handler.rs:cursor_moved","message":"ray_pick_on_mouse_move","data":{"hypothesisId":"A","pick_ms":0.15,"orbiting":false,"count":0},"timestamp":1778497817957}
{"sessionId":"620b84","location":"event_handler.rs:cache_update","message":"cache_tris_changed","data":{"hypothesisId":"E","old_tris":0,"new_tris":12,"dc_old":0,"dc_new":1},"timestamp":1778497817959}
{"sessionId":"620b84","location":"event_handler.rs:cursor_moved","message":"ray_pick_on_mouse_move","data":{"hypothesisId":"A","pick_ms":0.03,"orbiting":false,"count":1},"timestamp":1778497819097}
{"sessionId":"620b84","location":"event_handler.rs:cursor_moved","message":"ray_pick_on_mouse_move","data":{"hypothesisId":"A","pick_ms":0.03,"orbiting":false,"count":2},"timestamp":1778497819130}
{"sessionId":"620b84","location":"event_handler.rs:cursor_moved","message":"ray_pick_on_mouse_move","data":{"hypothesisId":"A","pick_ms":0.03,"orbiting":false,"count":3},"timestamp":1778497819144}
{"sessionId":"620b84","location":"event_handler.rs:cursor_moved","message":"ray_pick_on_mouse_move","data":{"hypothesisId":"A","pick_ms":0.03,"orbiting":false,"count":4},"timestamp":1778497819198}
{"sessionId":"620b84","location":"event_handler.rs:cursor_moved","message":"ray_pick_on_mouse_move","data":{"hypothesisId":"A","pick_ms":0.03,"orbiting":false,"count":5},"timestamp":1778497819199}
{"sessionId":"620b84","location":"event_handler.rs:cursor_moved","message":"ray_pick_on_mouse_move","data":{"hypothesisId":"A","pick_ms":0.03,"orbiting":false,"count":6},"timestamp":1778497819228}
{"sessionId":"620b84","location":"event_handler.rs:cursor_moved","message":"ray_pick_on_mouse_move","data":{"hypothesisId":"A","pick_ms":0.03,"orbiting":false,"count":7},"timestamp":1778497819245}
{"sessionId":"620b84","location":"event_handler.rs:cursor_moved","message":"ray_pick_on_mouse_move","data":{"hypothesisId":"A","pick_ms":0.03,"orbiting":false,"count":8},"timestamp":1778497819275}
{"sessionId":"620b84","location":"event_handler.rs:cursor_moved","message":"ray_pick_on_mouse_move","data":{"hypothesisId":"A","pick_ms":0.04,"orbiting":false,"count":9},"timestamp":1778497819308}
{"sessionId":"620b84","location":"event_handler.rs:cursor_moved","message":"ray_pick_on_mouse_move","data":{"hypothesisId":"A","pick_ms":0.08,"orbiting":false,"count":0},"timestamp":1778497836027}
{"sessionId":"620b84","location":"event_handler.rs:cache_update","message":"cache_tris_changed","data":{"hypothesisId":"E","old_tris":0,"new_tris":12,"dc_old":0,"dc_new":1},"timestamp":1778497836028}
{"sessionId":"620b84","location":"event_handler.rs:cursor_moved","message":"ray_pick_on_mouse_move","data":{"hypothesisId":"A","pick_ms":0.01,"orbiting":false,"count":1},"timestamp":1778497837476}
{"sessionId":"620b84","location":"event_handler.rs:cursor_moved","message":"ray_pick_on_mouse_move","data":{"hypothesisId":"A","pick_ms":0.01,"orbiting":false,"count":2},"timestamp":1778497837491}
{"sessionId":"620b84","location":"event_handler.rs:cursor_moved","message":"ray_pick_on_mouse_move","data":{"hypothesisId":"A","pick_ms":0.02,"orbiting":false,"count":3},"timestamp":1778497837517}
{"sessionId":"620b84","location":"event_handler.rs:cursor_moved","message":"ray_pick_on_mouse_move","data":{"hypothesisId":"A","pick_ms":0.01,"orbiting":false,"count":4},"timestamp":1778497837791}
{"sessionId":"620b84","location":"event_handler.rs:cursor_moved","message":"ray_pick_on_mouse_move","data":{"hypothesisId":"A","pick_ms":0.01,"orbiting":false,"count":5},"timestamp":1778497837804}
{"sessionId":"620b84","location":"event_handler.rs:cursor_moved","message":"ray_pick_on_mouse_move","data":{"hypothesisId":"A","pick_ms":0.02,"orbiting":false,"count":6},"timestamp":1778497837826}
{"sessionId":"620b84","location":"event_handler.rs:cursor_moved","message":"ray_pick_on_mouse_move","data":{"hypothesisId":"A","pick_ms":0.02,"orbiting":false,"count":7},"timestamp":1778497837851}
{"sessionId":"620b84","location":"event_handler.rs:cursor_moved","message":"ray_pick_on_mouse_move","data":{"hypothesisId":"A","pick_ms":0.02,"orbiting":false,"count":8},"timestamp":1778497837871}
{"sessionId":"620b84","location":"event_handler.rs:cursor_moved","message":"ray_pick_on_mouse_move","data":{"hypothesisId":"A","pick_ms":0.02,"orbiting":false,"count":9},"timestamp":1778497837887}
{"sessionId":"620b84","location":"event_handler.rs:cache_update","message":"cache_tris_changed","data":{"hypothesisId":"E","old_tris":0,"new_tris":12,"dc_old":0,"dc_new":1},"timestamp":1778498179740}
{"sessionId":"620b84","location":"event_handler.rs:cache_update","message":"cache_tris_changed","data":{"hypothesisId":"E","old_tris":0,"new_tris":12013,"dc_old":0,"dc_new":1},"timestamp":1778498215835}
{"sessionId":"620b84","location":"renderer_render.rs:frustum_cull","message":"cull_result","data":{"hypothesisId":"H","frame":0,"total_dc":1,"visible":1,"total_tris":12013,"perf_mode":false,"interaction_active":false,"hdr":true},"timestamp":1778498215835}
{"sessionId":"620b84","location":"event_handler.rs:frame_path","message":"render_path_decision","data":{"hypothesisId":"H","frame":1,"can_skip":true,"camera_only":false,"dirty_roots":0,"dc_tris":12013,"cache_tris":12013,"cam_orbiting":false,"ctrl_cam_moved":false,"cam_dist":1182.419},"timestamp":1778498215866}
{"sessionId":"620b84","location":"renderer_render.rs:frustum_cull","message":"cull_result","data":{"hypothesisId":"H","frame":1,"total_dc":1,"visible":1,"total_tris":12013,"perf_mode":false,"interaction_active":false,"hdr":true},"timestamp":1778498215867}
{"sessionId":"620b84","location":"event_handler.rs:frame_path","message":"render_path_decision","data":{"hypothesisId":"H","frame":2,"can_skip":true,"camera_only":false,"dirty_roots":0,"dc_tris":12013,"cache_tris":12013,"cam_orbiting":false,"ctrl_cam_moved":false,"cam_dist":1182.419},"timestamp":1778498215898}
{"sessionId":"620b84","location":"renderer_render.rs:frustum_cull","message":"cull_result","data":{"hypothesisId":"H","frame":2,"total_dc":1,"visible":1,"total_tris":12013,"perf_mode":false,"interaction_active":false,"hdr":true},"timestamp":1778498215898}
{"sessionId":"620b84","location":"event_handler.rs:frame_path","message":"render_path_decision","data":{"hypothesisId":"H","frame":3,"can_skip":true,"camera_only":false,"dirty_roots":0,"dc_tris":12013,"cache_tris":12013,"cam_orbiting":false,"ctrl_cam_moved":false,"cam_dist":1182.419},"timestamp":1778498215927}
{"sessionId":"620b84","location":"renderer_render.rs:frustum_cull","message":"cull_result","data":{"hypothesisId":"H","frame":3,"total_dc":1,"visible":1,"total_tris":12013,"perf_mode":false,"interaction_active":false,"hdr":true},"timestamp":1778498215928}
{"sessionId":"620b84","location":"event_handler.rs:frame_path","message":"render_path_decision","data":{"hypothesisId":"H","frame":4,"can_skip":true,"camera_only":false,"dirty_roots":0,"dc_tris":12013,"cache_tris":12013,"cam_orbiting":false,"ctrl_cam_moved":false,"cam_dist":1182.419},"timestamp":1778498215942}
{"sessionId":"620b84","location":"renderer_render.rs:frustum_cull","message":"cull_result","data":{"hypothesisId":"H","frame":4,"total_dc":1,"visible":1,"total_tris":12013,"perf_mode":false,"interaction_active":false,"hdr":true},"timestamp":1778498215942}
{"sessionId":"620b84","location":"event_handler.rs:cache_update","message":"cache_tris_changed","data":{"hypothesisId":"E","old_tris":12013,"new_tris":30292,"dc_old":1,"dc_new":1},"timestamp":1778498216061}
{"sessionId":"620b84","location":"event_handler.rs:cache_update","message":"cache_tris_changed","data":{"hypothesisId":"E","old_tris":30292,"new_tris":60584,"dc_old":1,"dc_new":1},"timestamp":1778498216268}
{"sessionId":"620b84","location":"event_handler.rs:cache_update","message":"cache_tris_changed","data":{"hypothesisId":"E","old_tris":60584,"new_tris":185789,"dc_old":1,"dc_new":1},"timestamp":1778498216693}
{"sessionId":"620b84","location":"event_handler.rs:cache_update","message":"cache_tris_changed","data":{"hypothesisId":"E","old_tris":185789,"new_tris":696707,"dc_old":1,"dc_new":1},"timestamp":1778498218185}
{"sessionId":"620b84","location":"event_handler.rs:cache_update","message":"cache_tris_changed","data":{"hypothesisId":"E","old_tris":696707,"new_tris":1393413,"dc_old":1,"dc_new":1},"timestamp":1778498219981}
{"sessionId":"620b84","location":"event_handler.rs:cursor_moved","message":"ray_pick_on_mouse_move","data":{"hypothesisId":"A","pick_ms":1425.05,"orbiting":false,"count":0},"timestamp":1778498221709}
{"sessionId":"620b84","location":"event_handler.rs:cursor_moved","message":"ray_pick_on_mouse_move","data":{"hypothesisId":"A","pick_ms":1217.98,"orbiting":false,"count":1},"timestamp":1778498222928}
{"sessionId":"620b84","location":"event_handler.rs:cursor_moved","message":"ray_pick_on_mouse_move","data":{"hypothesisId":"A","pick_ms":1063.71,"orbiting":false,"count":2},"timestamp":1778498223993}
{"sessionId":"620b84","location":"event_handler.rs:cursor_moved","message":"ray_pick_on_mouse_move","data":{"hypothesisId":"A","pick_ms":1083.76,"orbiting":false,"count":3},"timestamp":1778498225078}
{"sessionId":"620b84","location":"event_handler.rs:cursor_moved","message":"ray_pick_on_mouse_move","data":{"hypothesisId":"A","pick_ms":1052.64,"orbiting":false,"count":4},"timestamp":1778498226131}
{"sessionId":"620b84","location":"event_handler.rs:cursor_moved","message":"ray_pick_on_mouse_move","data":{"hypothesisId":"A","pick_ms":1238.38,"orbiting":false,"count":5},"timestamp":1778498232025}
{"sessionId":"620b84","location":"event_handler.rs:cursor_moved","message":"ray_pick_on_mouse_move","data":{"hypothesisId":"A","pick_ms":1071.11,"orbiting":false,"count":6},"timestamp":1778498233097}
{"sessionId":"620b84","location":"event_handler.rs:cursor_moved","message":"ray_pick_on_mouse_move","data":{"hypothesisId":"A","pick_ms":1038.96,"orbiting":false,"count":7},"timestamp":1778498236218}
{"sessionId":"620b84","location":"event_handler.rs:cursor_moved","message":"ray_pick_on_mouse_move","data":{"hypothesisId":"A","pick_ms":998.37,"orbiting":false,"count":8},"timestamp":1778498239393}
{"sessionId":"620b84","location":"event_handler.rs:cursor_moved","message":"ray_pick_on_mouse_move","data":{"hypothesisId":"A","pick_ms":1045.25,"orbiting":false,"count":9},"timestamp":1778498240440}
{"sessionId":"620b84","location":"event_handler.rs:cursor_moved","message":"ray_pick_on_mouse_move","data":{"hypothesisId":"A","pick_ms":1389.66,"orbiting":false,"count":10},"timestamp":1778498255397}
{"sessionId":"620b84","location":"event_handler.rs:cache_update","message":"cache_tris_changed","data":{"hypothesisId":"E","old_tris":0,"new_tris":12,"dc_old":0,"dc_new":1},"timestamp":1778498293817}
{"sessionId":"620b84","location":"event_handler.rs:cursor_moved","message":"ray_pick_on_mouse_move","data":{"hypothesisId":"A","pick_ms":0.05,"orbiting":false,"count":0},"timestamp":1778498294979}
{"sessionId":"620b84","location":"event_handler.rs:cursor_moved","message":"ray_pick_on_mouse_move","data":{"hypothesisId":"A","pick_ms":0.02,"orbiting":false,"count":1},"timestamp":1778498295004}
{"sessionId":"620b84","location":"event_handler.rs:cursor_moved","message":"ray_pick_on_mouse_move","data":{"hypothesisId":"A","pick_ms":0.01,"orbiting":false,"count":2},"timestamp":1778498295016}
{"sessionId":"620b84","location":"event_handler.rs:cursor_moved","message":"ray_pick_on_mouse_move","data":{"hypothesisId":"A","pick_ms":0.03,"orbiting":false,"count":3},"timestamp":1778498295045}
{"sessionId":"620b84","location":"event_handler.rs:cursor_moved","message":"ray_pick_on_mouse_move","data":{"hypothesisId":"A","pick_ms":0.01,"orbiting":false,"count":4},"timestamp":1778498295063}
{"sessionId":"620b84","location":"event_handler.rs:cursor_moved","message":"ray_pick_on_mouse_move","data":{"hypothesisId":"A","pick_ms":0.01,"orbiting":false,"count":5},"timestamp":1778498295097}
{"sessionId":"620b84","location":"event_handler.rs:cursor_moved","message":"ray_pick_on_mouse_move","data":{"hypothesisId":"A","pick_ms":0.02,"orbiting":false,"count":6},"timestamp":1778498295746}
{"sessionId":"620b84","location":"event_handler.rs:cursor_moved","message":"ray_pick_on_mouse_move","data":{"hypothesisId":"A","pick_ms":0.01,"orbiting":false,"count":7},"timestamp":1778498295769}
{"sessionId":"620b84","location":"event_handler.rs:cursor_moved","message":"ray_pick_on_mouse_move","data":{"hypothesisId":"A","pick_ms":0.01,"orbiting":false,"count":8},"timestamp":1778498295769}
{"sessionId":"620b84","location":"event_handler.rs:cursor_moved","message":"ray_pick_on_mouse_move","data":{"hypothesisId":"A","pick_ms":0.03,"orbiting":false,"count":9},"timestamp":1778498295782}
{"sessionId":"620b84","location":"event_handler.rs:cursor_moved","message":"ray_pick_on_mouse_move","data":{"hypothesisId":"A","pick_ms":0.09,"orbiting":false,"count":0},"timestamp":1778498315335}
{"sessionId":"620b84","location":"event_handler.rs:cache_update","message":"cache_tris_changed","data":{"hypothesisId":"E","old_tris":0,"new_tris":12,"dc_old":0,"dc_new":1},"timestamp":1778498315343}
{"sessionId":"620b84","location":"event_handler.rs:cursor_moved","message":"ray_pick_on_mouse_move","data":{"hypothesisId":"A","pick_ms":0.01,"orbiting":false,"count":1},"timestamp":1778498315918}
{"sessionId":"620b84","location":"event_handler.rs:cursor_moved","message":"ray_pick_on_mouse_move","data":{"hypothesisId":"A","pick_ms":0.02,"orbiting":false,"count":2},"timestamp":1778498315940}
{"sessionId":"620b84","location":"event_handler.rs:cursor_moved","message":"ray_pick_on_mouse_move","data":{"hypothesisId":"A","pick_ms":0.02,"orbiting":false,"count":3},"timestamp":1778498315957}
{"sessionId":"620b84","location":"event_handler.rs:cursor_moved","message":"ray_pick_on_mouse_move","data":{"hypothesisId":"A","pick_ms":0.01,"orbiting":false,"count":4},"timestamp":1778498315999}
{"sessionId":"620b84","location":"event_handler.rs:cursor_moved","message":"ray_pick_on_mouse_move","data":{"hypothesisId":"A","pick_ms":0.02,"orbiting":false,"count":5},"timestamp":1778498316025}
{"sessionId":"620b84","location":"event_handler.rs:cursor_moved","message":"ray_pick_on_mouse_move","data":{"hypothesisId":"A","pick_ms":0.02,"orbiting":false,"count":6},"timestamp":1778498316045}
{"sessionId":"620b84","location":"event_handler.rs:cursor_moved","message":"ray_pick_on_mouse_move","data":{"hypothesisId":"A","pick_ms":0.02,"orbiting":false,"count":7},"timestamp":1778498316081}
{"sessionId":"620b84","location":"event_handler.rs:cursor_moved","message":"ray_pick_on_mouse_move","data":{"hypothesisId":"A","pick_ms":0.02,"orbiting":false,"count":8},"timestamp":1778498316082}
{"sessionId":"620b84","location":"event_handler.rs:cursor_moved","message":"ray_pick_on_mouse_move","data":{"hypothesisId":"A","pick_ms":0.02,"orbiting":false,"count":9},"timestamp":1778498316092}
{"sessionId":"620b84","location":"event_handler.rs:cursor_moved","message":"ray_pick_on_mouse_move","data":{"hypothesisId":"A","pick_ms":0.09,"orbiting":false,"count":0},"timestamp":1778498321367}
{"sessionId":"620b84","location":"event_handler.rs:cache_update","message":"cache_tris_changed","data":{"hypothesisId":"E","old_tris":0,"new_tris":3600,"dc_old":0,"dc_new":5},"timestamp":1778498321368}
{"sessionId":"620b84","location":"renderer_render.rs:frustum_cull","message":"cull_result","data":{"hypothesisId":"H","frame":0,"total_dc":5,"visible":5,"total_tris":3600,"perf_mode":false,"interaction_active":false,"hdr":false},"timestamp":1778498321369}
{"sessionId":"620b84","location":"event_handler.rs:frame_path","message":"render_path_decision","data":{"hypothesisId":"H","frame":1,"can_skip":true,"camera_only":false,"dirty_roots":0,"dc_tris":3600,"cache_tris":3600,"cam_orbiting":false,"ctrl_cam_moved":false,"cam_dist":12.000},"timestamp":1778498321378}
{"sessionId":"620b84","location":"renderer_render.rs:frustum_cull","message":"cull_result","data":{"hypothesisId":"H","frame":1,"total_dc":5,"visible":5,"total_tris":3600,"perf_mode":false,"interaction_active":false,"hdr":false},"timestamp":1778498321378}
{"sessionId":"620b84","location":"event_handler.rs:frame_path","message":"render_path_decision","data":{"hypothesisId":"H","frame":2,"can_skip":true,"camera_only":false,"dirty_roots":0,"dc_tris":3600,"cache_tris":3600,"cam_orbiting":false,"ctrl_cam_moved":false,"cam_dist":12.000},"timestamp":1778498321390}
{"sessionId":"620b84","location":"renderer_render.rs:frustum_cull","message":"cull_result","data":{"hypothesisId":"H","frame":2,"total_dc":5,"visible":5,"total_tris":3600,"perf_mode":false,"interaction_active":false,"hdr":false},"timestamp":1778498321390}
{"sessionId":"620b84","location":"event_handler.rs:frame_path","message":"render_path_decision","data":{"hypothesisId":"H","frame":3,"can_skip":true,"camera_only":false,"dirty_roots":0,"dc_tris":3600,"cache_tris":3600,"cam_orbiting":false,"ctrl_cam_moved":false,"cam_dist":12.000},"timestamp":1778498321408}
{"sessionId":"620b84","location":"renderer_render.rs:frustum_cull","message":"cull_result","data":{"hypothesisId":"H","frame":3,"total_dc":5,"visible":5,"total_tris":3600,"perf_mode":false,"interaction_active":false,"hdr":false},"timestamp":1778498321408}
{"sessionId":"620b84","location":"event_handler.rs:frame_path","message":"render_path_decision","data":{"hypothesisId":"H","frame":4,"can_skip":true,"camera_only":false,"dirty_roots":0,"dc_tris":3600,"cache_tris":3600,"cam_orbiting":false,"ctrl_cam_moved":false,"cam_dist":12.000},"timestamp":1778498321415}
{"sessionId":"620b84","location":"renderer_render.rs:frustum_cull","message":"cull_result","data":{"hypothesisId":"H","frame":4,"total_dc":5,"visible":5,"total_tris":3600,"perf_mode":false,"interaction_active":false,"hdr":false},"timestamp":1778498321416}
{"sessionId":"620b84","location":"event_handler.rs:cursor_moved","message":"ray_pick_on_mouse_move","data":{"hypothesisId":"A","pick_ms":0.01,"orbiting":false,"count":1},"timestamp":1778498321950}
{"sessionId":"620b84","location":"event_handler.rs:cursor_moved","message":"ray_pick_on_mouse_move","data":{"hypothesisId":"A","pick_ms":0.01,"orbiting":false,"count":2},"timestamp":1778498321972}
{"sessionId":"620b84","location":"event_handler.rs:cursor_moved","message":"ray_pick_on_mouse_move","data":{"hypothesisId":"A","pick_ms":0.02,"orbiting":false,"count":3},"timestamp":1778498321991}
{"sessionId":"620b84","location":"event_handler.rs:cursor_moved","message":"ray_pick_on_mouse_move","data":{"hypothesisId":"A","pick_ms":0.01,"orbiting":false,"count":4},"timestamp":1778498321991}
{"sessionId":"620b84","location":"event_handler.rs:cursor_moved","message":"ray_pick_on_mouse_move","data":{"hypothesisId":"A","pick_ms":0.01,"orbiting":false,"count":5},"timestamp":1778498322008}
{"sessionId":"620b84","location":"event_handler.rs:cursor_moved","message":"ray_pick_on_mouse_move","data":{"hypothesisId":"A","pick_ms":0.02,"orbiting":false,"count":6},"timestamp":1778498322025}
{"sessionId":"620b84","location":"event_handler.rs:cursor_moved","message":"ray_pick_on_mouse_move","data":{"hypothesisId":"A","pick_ms":0.02,"orbiting":false,"count":7},"timestamp":1778498322038}
{"sessionId":"620b84","location":"event_handler.rs:cursor_moved","message":"ray_pick_on_mouse_move","data":{"hypothesisId":"A","pick_ms":0.03,"orbiting":false,"count":8},"timestamp":1778498322051}
{"sessionId":"620b84","location":"event_handler.rs:cursor_moved","message":"ray_pick_on_mouse_move","data":{"hypothesisId":"A","pick_ms":0.03,"orbiting":false,"count":9},"timestamp":1778498322072}
{"sessionId":"620b84","location":"event_handler.rs:cursor_moved","message":"ray_pick_on_mouse_move","data":{"hypothesisId":"A","pick_ms":0.09,"orbiting":false,"count":0},"timestamp":1778498330240}
{"sessionId":"620b84","location":"event_handler.rs:cache_update","message":"cache_tris_changed","data":{"hypothesisId":"E","old_tris":0,"new_tris":36,"dc_old":0,"dc_new":3},"timestamp":1778498330241}
{"sessionId":"620b84","location":"event_handler.rs:cursor_moved","message":"ray_pick_on_mouse_move","data":{"hypothesisId":"A","pick_ms":0.02,"orbiting":false,"count":1},"timestamp":1778498330744}
{"sessionId":"620b84","location":"event_handler.rs:cursor_moved","message":"ray_pick_on_mouse_move","data":{"hypothesisId":"A","pick_ms":0.03,"orbiting":false,"count":2},"timestamp":1778498330772}
{"sessionId":"620b84","location":"event_handler.rs:cursor_moved","message":"ray_pick_on_mouse_move","data":{"hypothesisId":"A","pick_ms":0.02,"orbiting":false,"count":3},"timestamp":1778498330782}
{"sessionId":"620b84","location":"event_handler.rs:cursor_moved","message":"ray_pick_on_mouse_move","data":{"hypothesisId":"A","pick_ms":0.01,"orbiting":false,"count":4},"timestamp":1778498330797}
{"sessionId":"620b84","location":"event_handler.rs:cursor_moved","message":"ray_pick_on_mouse_move","data":{"hypothesisId":"A","pick_ms":0.02,"orbiting":false,"count":5},"timestamp":1778498330813}
{"sessionId":"620b84","location":"event_handler.rs:cursor_moved","message":"ray_pick_on_mouse_move","data":{"hypothesisId":"A","pick_ms":0.02,"orbiting":false,"count":6},"timestamp":1778498330827}
{"sessionId":"620b84","location":"event_handler.rs:cursor_moved","message":"ray_pick_on_mouse_move","data":{"hypothesisId":"A","pick_ms":0.03,"orbiting":false,"count":7},"timestamp":1778498330849}
{"sessionId":"620b84","location":"event_handler.rs:cursor_moved","message":"ray_pick_on_mouse_move","data":{"hypothesisId":"A","pick_ms":0.02,"orbiting":false,"count":8},"timestamp":1778498330864}
{"sessionId":"620b84","location":"event_handler.rs:cursor_moved","message":"ray_pick_on_mouse_move","data":{"hypothesisId":"A","pick_ms":0.02,"orbiting":false,"count":9},"timestamp":1778498330882}
{"sessionId":"620b84","location":"event_handler.rs:cursor_moved","message":"ray_pick_on_mouse_move","data":{"hypothesisId":"A","pick_ms":1.53,"orbiting":false,"count":0},"timestamp":1778498340071}
{"sessionId":"620b84","location":"event_handler.rs:cache_update","message":"cache_tris_changed","data":{"hypothesisId":"E","old_tris":0,"new_tris":175656,"dc_old":0,"dc_new":799},"timestamp":1778498340075}
{"sessionId":"620b84","location":"renderer_render.rs:frustum_cull","message":"cull_result","data":{"hypothesisId":"H","frame":0,"total_dc":799,"visible":799,"total_tris":175656,"perf_mode":false,"interaction_active":false,"hdr":false},"timestamp":1778498340076}
{"sessionId":"620b84","location":"event_handler.rs:frame_path","message":"render_path_decision","data":{"hypothesisId":"H","frame":1,"can_skip":true,"camera_only":false,"dirty_roots":0,"dc_tris":175656,"cache_tris":175656,"cam_orbiting":false,"ctrl_cam_moved":false,"cam_dist":20.000},"timestamp":1778498340112}
{"sessionId":"620b84","location":"renderer_render.rs:frustum_cull","message":"cull_result","data":{"hypothesisId":"H","frame":1,"total_dc":799,"visible":799,"total_tris":175656,"perf_mode":false,"interaction_active":false,"hdr":false},"timestamp":1778498340113}
{"sessionId":"620b84","location":"event_handler.rs:frame_path","message":"render_path_decision","data":{"hypothesisId":"H","frame":2,"can_skip":true,"camera_only":false,"dirty_roots":0,"dc_tris":175656,"cache_tris":175656,"cam_orbiting":false,"ctrl_cam_moved":false,"cam_dist":20.000},"timestamp":1778498340158}
{"sessionId":"620b84","location":"renderer_render.rs:frustum_cull","message":"cull_result","data":{"hypothesisId":"H","frame":2,"total_dc":799,"visible":799,"total_tris":175656,"perf_mode":false,"interaction_active":false,"hdr":false},"timestamp":1778498340159}
{"sessionId":"620b84","location":"event_handler.rs:frame_path","message":"render_path_decision","data":{"hypothesisId":"H","frame":3,"can_skip":true,"camera_only":false,"dirty_roots":0,"dc_tris":175656,"cache_tris":175656,"cam_orbiting":false,"ctrl_cam_moved":false,"cam_dist":20.000},"timestamp":1778498340189}
{"sessionId":"620b84","location":"renderer_render.rs:frustum_cull","message":"cull_result","data":{"hypothesisId":"H","frame":3,"total_dc":799,"visible":799,"total_tris":175656,"perf_mode":false,"interaction_active":false,"hdr":false},"timestamp":1778498340190}
{"sessionId":"620b84","location":"event_handler.rs:frame_path","message":"render_path_decision","data":{"hypothesisId":"H","frame":4,"can_skip":true,"camera_only":false,"dirty_roots":0,"dc_tris":175656,"cache_tris":175656,"cam_orbiting":false,"ctrl_cam_moved":false,"cam_dist":20.000},"timestamp":1778498340223}
{"sessionId":"620b84","location":"renderer_render.rs:frustum_cull","message":"cull_result","data":{"hypothesisId":"H","frame":4,"total_dc":799,"visible":799,"total_tris":175656,"perf_mode":false,"interaction_active":false,"hdr":false},"timestamp":1778498340223}
{"sessionId":"620b84","location":"event_handler.rs:cursor_moved","message":"ray_pick_on_mouse_move","data":{"hypothesisId":"A","pick_ms":1.53,"orbiting":false,"count":1},"timestamp":1778498340841}
{"sessionId":"620b84","location":"event_handler.rs:cursor_moved","message":"ray_pick_on_mouse_move","data":{"hypothesisId":"A","pick_ms":1.46,"orbiting":false,"count":2},"timestamp":1778498340874}
{"sessionId":"620b84","location":"event_handler.rs:cursor_moved","message":"ray_pick_on_mouse_move","data":{"hypothesisId":"A","pick_ms":1.16,"orbiting":false,"count":3},"timestamp":1778498340900}
{"sessionId":"620b84","location":"event_handler.rs:cursor_moved","message":"ray_pick_on_mouse_move","data":{"hypothesisId":"A","pick_ms":1.45,"orbiting":false,"count":4},"timestamp":1778498340939}
{"sessionId":"620b84","location":"event_handler.rs:cursor_moved","message":"ray_pick_on_mouse_move","data":{"hypothesisId":"A","pick_ms":1.18,"orbiting":false,"count":5},"timestamp":1778498340970}
{"sessionId":"620b84","location":"event_handler.rs:cursor_moved","message":"ray_pick_on_mouse_move","data":{"hypothesisId":"A","pick_ms":1.75,"orbiting":false,"count":6},"timestamp":1778498341058}
{"sessionId":"620b84","location":"event_handler.rs:cursor_moved","message":"ray_pick_on_mouse_move","data":{"hypothesisId":"A","pick_ms":1.69,"orbiting":false,"count":7},"timestamp":1778498341109}
{"sessionId":"620b84","location":"event_handler.rs:cursor_moved","message":"ray_pick_on_mouse_move","data":{"hypothesisId":"A","pick_ms":2.04,"orbiting":false,"count":8},"timestamp":1778498341193}
{"sessionId":"620b84","location":"event_handler.rs:cursor_moved","message":"ray_pick_on_mouse_move","data":{"hypothesisId":"A","pick_ms":2.28,"orbiting":false,"count":9},"timestamp":1778498341196}
{"sessionId":"620b84","location":"event_handler.rs:cursor_moved","message":"ray_pick_on_mouse_move","data":{"hypothesisId":"A","pick_ms":0.10,"orbiting":false,"count":0},"timestamp":1778498351688}
{"sessionId":"620b84","location":"event_handler.rs:cache_update","message":"cache_tris_changed","data":{"hypothesisId":"E","old_tris":0,"new_tris":732,"dc_old":0,"dc_new":2},"timestamp":1778498351689}
{"sessionId":"620b84","location":"renderer_render.rs:frustum_cull","message":"cull_result","data":{"hypothesisId":"H","frame":0,"total_dc":2,"visible":2,"total_tris":732,"perf_mode":false,"interaction_active":false,"hdr":false},"timestamp":1778498351689}
{"sessionId":"620b84","location":"event_handler.rs:frame_path","message":"render_path_decision","data":{"hypothesisId":"H","frame":1,"can_skip":true,"camera_only":false,"dirty_roots":0,"dc_tris":732,"cache_tris":732,"cam_orbiting":false,"ctrl_cam_moved":false,"cam_dist":10.000},"timestamp":1778498351711}
{"sessionId":"620b84","location":"renderer_render.rs:frustum_cull","message":"cull_result","data":{"hypothesisId":"H","frame":1,"total_dc":2,"visible":2,"total_tris":732,"perf_mode":false,"interaction_active":false,"hdr":false},"timestamp":1778498351711}
{"sessionId":"620b84","location":"event_handler.rs:frame_path","message":"render_path_decision","data":{"hypothesisId":"H","frame":2,"can_skip":true,"camera_only":false,"dirty_roots":0,"dc_tris":732,"cache_tris":732,"cam_orbiting":false,"ctrl_cam_moved":false,"cam_dist":10.000},"timestamp":1778498351727}
{"sessionId":"620b84","location":"renderer_render.rs:frustum_cull","message":"cull_result","data":{"hypothesisId":"H","frame":2,"total_dc":2,"visible":2,"total_tris":732,"perf_mode":false,"interaction_active":false,"hdr":false},"timestamp":1778498351727}
{"sessionId":"620b84","location":"event_handler.rs:frame_path","message":"render_path_decision","data":{"hypothesisId":"H","frame":3,"can_skip":true,"camera_only":false,"dirty_roots":0,"dc_tris":732,"cache_tris":732,"cam_orbiting":false,"ctrl_cam_moved":false,"cam_dist":10.000},"timestamp":1778498351747}
{"sessionId":"620b84","location":"renderer_render.rs:frustum_cull","message":"cull_result","data":{"hypothesisId":"H","frame":3,"total_dc":2,"visible":2,"total_tris":732,"perf_mode":false,"interaction_active":false,"hdr":false},"timestamp":1778498351747}
{"sessionId":"620b84","location":"event_handler.rs:frame_path","message":"render_path_decision","data":{"hypothesisId":"H","frame":4,"can_skip":true,"camera_only":false,"dirty_roots":0,"dc_tris":732,"cache_tris":732,"cam_orbiting":false,"ctrl_cam_moved":false,"cam_dist":10.000},"timestamp":1778498351754}
{"sessionId":"620b84","location":"renderer_render.rs:frustum_cull","message":"cull_result","data":{"hypothesisId":"H","frame":4,"total_dc":2,"visible":2,"total_tris":732,"perf_mode":false,"interaction_active":false,"hdr":false},"timestamp":1778498351754}
{"sessionId":"620b84","location":"event_handler.rs:cursor_moved","message":"ray_pick_on_mouse_move","data":{"hypothesisId":"A","pick_ms":0.02,"orbiting":false,"count":1},"timestamp":1778498352501}
{"sessionId":"620b84","location":"event_handler.rs:cursor_moved","message":"ray_pick_on_mouse_move","data":{"hypothesisId":"A","pick_ms":0.02,"orbiting":false,"count":2},"timestamp":1778498352513}
{"sessionId":"620b84","location":"event_handler.rs:cursor_moved","message":"ray_pick_on_mouse_move","data":{"hypothesisId":"A","pick_ms":0.02,"orbiting":false,"count":3},"timestamp":1778498352532}
{"sessionId":"620b84","location":"event_handler.rs:cursor_moved","message":"ray_pick_on_mouse_move","data":{"hypothesisId":"A","pick_ms":0.02,"orbiting":false,"count":4},"timestamp":1778498352539}
{"sessionId":"620b84","location":"event_handler.rs:cursor_moved","message":"ray_pick_on_mouse_move","data":{"hypothesisId":"A","pick_ms":0.02,"orbiting":false,"count":5},"timestamp":1778498352572}
{"sessionId":"620b84","location":"event_handler.rs:cursor_moved","message":"ray_pick_on_mouse_move","data":{"hypothesisId":"A","pick_ms":0.02,"orbiting":false,"count":6},"timestamp":1778498352581}
{"sessionId":"620b84","location":"event_handler.rs:cursor_moved","message":"ray_pick_on_mouse_move","data":{"hypothesisId":"A","pick_ms":0.04,"orbiting":false,"count":7},"timestamp":1778498352601}
{"sessionId":"620b84","location":"event_handler.rs:cursor_moved","message":"ray_pick_on_mouse_move","data":{"hypothesisId":"A","pick_ms":0.02,"orbiting":false,"count":8},"timestamp":1778498352635}
{"sessionId":"620b84","location":"event_handler.rs:cursor_moved","message":"ray_pick_on_mouse_move","data":{"hypothesisId":"A","pick_ms":0.02,"orbiting":false,"count":9},"timestamp":1778498352654}
{"sessionId":"620b84","location":"event_handler.rs:frame_path","message":"render_path_decision","data":{"hypothesisId":"H","frame":60,"can_skip":true,"camera_only":false,"dirty_roots":0,"dc_tris":732,"cache_tris":732,"cam_orbiting":true,"ctrl_cam_moved":false,"cam_dist":10.000},"timestamp":1778498352772}
{"sessionId":"620b84","location":"renderer_render.rs:frustum_cull","message":"cull_result","data":{"hypothesisId":"H","frame":60,"total_dc":2,"visible":2,"total_tris":732,"perf_mode":false,"interaction_active":true,"hdr":false},"timestamp":1778498352773}
{"sessionId":"620b84","location":"event_handler.rs:frame_path","message":"render_path_decision","data":{"hypothesisId":"H","frame":61,"can_skip":false,"camera_only":true,"dirty_roots":1,"dc_tris":732,"cache_tris":732,"cam_orbiting":true,"ctrl_cam_moved":true,"cam_dist":10.000},"timestamp":1778498352802}
{"sessionId":"620b84","location":"renderer_render.rs:frustum_cull","message":"cull_result","data":{"hypothesisId":"H","frame":61,"total_dc":2,"visible":2,"total_tris":732,"perf_mode":false,"interaction_active":true,"hdr":false},"timestamp":1778498352803}
{"sessionId":"620b84","location":"event_handler.rs:frame_path","message":"render_path_decision","data":{"hypothesisId":"H","frame":62,"can_skip":false,"camera_only":true,"dirty_roots":1,"dc_tris":732,"cache_tris":732,"cam_orbiting":true,"ctrl_cam_moved":true,"cam_dist":10.000},"timestamp":1778498352850}
{"sessionId":"620b84","location":"renderer_render.rs:frustum_cull","message":"cull_result","data":{"hypothesisId":"H","frame":62,"total_dc":2,"visible":2,"total_tris":732,"perf_mode":false,"interaction_active":true,"hdr":false},"timestamp":1778498352850}
{"sessionId":"620b84","location":"event_handler.rs:frame_path","message":"render_path_decision","data":{"hypothesisId":"H","frame":63,"can_skip":false,"camera_only":true,"dirty_roots":1,"dc_tris":732,"cache_tris":732,"cam_orbiting":true,"ctrl_cam_moved":true,"cam_dist":10.000},"timestamp":1778498352880}
{"sessionId":"620b84","location":"renderer_render.rs:frustum_cull","message":"cull_result","data":{"hypothesisId":"H","frame":63,"total_dc":2,"visible":2,"total_tris":732,"perf_mode":false,"interaction_active":true,"hdr":false},"timestamp":1778498352880}
{"sessionId":"620b84","location":"event_handler.rs:frame_path","message":"render_path_decision","data":{"hypothesisId":"H","frame":64,"can_skip":false,"camera_only":true,"dirty_roots":1,"dc_tris":732,"cache_tris":732,"cam_orbiting":true,"ctrl_cam_moved":true,"cam_dist":10.000},"timestamp":1778498352897}
{"sessionId":"620b84","location":"renderer_render.rs:frustum_cull","message":"cull_result","data":{"hypothesisId":"H","frame":64,"total_dc":2,"visible":2,"total_tris":732,"perf_mode":false,"interaction_active":true,"hdr":false},"timestamp":1778498352897}
{"sessionId":"620b84","location":"event_handler.rs:frame_path","message":"render_path_decision","data":{"hypothesisId":"H","frame":65,"can_skip":false,"camera_only":true,"dirty_roots":1,"dc_tris":732,"cache_tris":732,"cam_orbiting":true,"ctrl_cam_moved":true,"cam_dist":10.000},"timestamp":1778498352929}
{"sessionId":"620b84","location":"renderer_render.rs:frustum_cull","message":"cull_result","data":{"hypothesisId":"H","frame":65,"total_dc":2,"visible":2,"total_tris":732,"perf_mode":false,"interaction_active":true,"hdr":false},"timestamp":1778498352929}
{"sessionId":"620b84","location":"event_handler.rs:frame_path","message":"render_path_decision","data":{"hypothesisId":"H","frame":66,"can_skip":false,"camera_only":true,"dirty_roots":1,"dc_tris":732,"cache_tris":732,"cam_orbiting":true,"ctrl_cam_moved":true,"cam_dist":10.000},"timestamp":1778498352963}
{"sessionId":"620b84","location":"renderer_render.rs:frustum_cull","message":"cull_result","data":{"hypothesisId":"H","frame":66,"total_dc":2,"visible":2,"total_tris":732,"perf_mode":false,"interaction_active":true,"hdr":false},"timestamp":1778498352999}
{"sessionId":"620b84","location":"event_handler.rs:frame_path","message":"render_path_decision","data":{"hypothesisId":"H","frame":67,"can_skip":false,"camera_only":true,"dirty_roots":1,"dc_tris":732,"cache_tris":732,"cam_orbiting":true,"ctrl_cam_moved":true,"cam_dist":10.000},"timestamp":1778498353009}
{"sessionId":"620b84","location":"renderer_render.rs:frustum_cull","message":"cull_result","data":{"hypothesisId":"H","frame":67,"total_dc":2,"visible":2,"total_tris":732,"perf_mode":false,"interaction_active":true,"hdr":false},"timestamp":1778498353009}
{"sessionId":"620b84","location":"event_handler.rs:frame_path","message":"render_path_decision","data":{"hypothesisId":"H","frame":68,"can_skip":false,"camera_only":true,"dirty_roots":1,"dc_tris":732,"cache_tris":732,"cam_orbiting":true,"ctrl_cam_moved":true,"cam_dist":10.000},"timestamp":1778498353024}
{"sessionId":"620b84","location":"renderer_render.rs:frustum_cull","message":"cull_result","data":{"hypothesisId":"H","frame":68,"total_dc":2,"visible":2,"total_tris":732,"perf_mode":false,"interaction_active":true,"hdr":false},"timestamp":1778498353025}
{"sessionId":"620b84","location":"event_handler.rs:frame_path","message":"render_path_decision","data":{"hypothesisId":"H","frame":69,"can_skip":false,"camera_only":true,"dirty_roots":1,"dc_tris":732,"cache_tris":732,"cam_orbiting":true,"ctrl_cam_moved":true,"cam_dist":10.000},"timestamp":1778498353080}
{"sessionId":"620b84","location":"renderer_render.rs:frustum_cull","message":"cull_result","data":{"hypothesisId":"H","frame":69,"total_dc":2,"visible":2,"total_tris":732,"perf_mode":false,"interaction_active":true,"hdr":false},"timestamp":1778498353156}
{"sessionId":"620b84","location":"event_handler.rs:frame_path","message":"render_path_decision","data":{"hypothesisId":"H","frame":70,"can_skip":false,"camera_only":true,"dirty_roots":1,"dc_tris":732,"cache_tris":732,"cam_orbiting":true,"ctrl_cam_moved":true,"cam_dist":10.000},"timestamp":1778498353170}
{"sessionId":"620b84","location":"renderer_render.rs:frustum_cull","message":"cull_result","data":{"hypothesisId":"H","frame":70,"total_dc":2,"visible":2,"total_tris":732,"perf_mode":false,"interaction_active":true,"hdr":false},"timestamp":1778498353170}
{"sessionId":"620b84","location":"event_handler.rs:frame_path","message":"render_path_decision","data":{"hypothesisId":"H","frame":71,"can_skip":false,"camera_only":true,"dirty_roots":1,"dc_tris":732,"cache_tris":732,"cam_orbiting":true,"ctrl_cam_moved":true,"cam_dist":10.000},"timestamp":1778498353184}
{"sessionId":"620b84","location":"renderer_render.rs:frustum_cull","message":"cull_result","data":{"hypothesisId":"H","frame":71,"total_dc":2,"visible":2,"total_tris":732,"perf_mode":false,"interaction_active":true,"hdr":false},"timestamp":1778498353184}
{"sessionId":"620b84","location":"event_handler.rs:frame_path","message":"render_path_decision","data":{"hypothesisId":"H","frame":72,"can_skip":false,"camera_only":true,"dirty_roots":1,"dc_tris":732,"cache_tris":732,"cam_orbiting":true,"ctrl_cam_moved":true,"cam_dist":10.000},"timestamp":1778498353203}
{"sessionId":"620b84","location":"renderer_render.rs:frustum_cull","message":"cull_result","data":{"hypothesisId":"H","frame":72,"total_dc":2,"visible":2,"total_tris":732,"perf_mode":false,"interaction_active":true,"hdr":false},"timestamp":1778498353203}
{"sessionId":"620b84","location":"event_handler.rs:frame_path","message":"render_path_decision","data":{"hypothesisId":"H","frame":73,"can_skip":false,"camera_only":true,"dirty_roots":1,"dc_tris":732,"cache_tris":732,"cam_orbiting":true,"ctrl_cam_moved":true,"cam_dist":10.000},"timestamp":1778498353256}
{"sessionId":"620b84","location":"renderer_render.rs:frustum_cull","message":"cull_result","data":{"hypothesisId":"H","frame":73,"total_dc":2,"visible":2,"total_tris":732,"perf_mode":false,"interaction_active":true,"hdr":false},"timestamp":1778498353257}
{"sessionId":"620b84","location":"event_handler.rs:frame_path","message":"render_path_decision","data":{"hypothesisId":"H","frame":74,"can_skip":false,"camera_only":true,"dirty_roots":1,"dc_tris":732,"cache_tris":732,"cam_orbiting":true,"ctrl_cam_moved":true,"cam_dist":10.000},"timestamp":1778498353290}
{"sessionId":"620b84","location":"renderer_render.rs:frustum_cull","message":"cull_result","data":{"hypothesisId":"H","frame":74,"total_dc":2,"visible":2,"total_tris":732,"perf_mode":false,"interaction_active":true,"hdr":false},"timestamp":1778498353291}
{"sessionId":"620b84","location":"event_handler.rs:frame_path","message":"render_path_decision","data":{"hypothesisId":"H","frame":75,"can_skip":false,"camera_only":true,"dirty_roots":1,"dc_tris":732,"cache_tris":732,"cam_orbiting":true,"ctrl_cam_moved":true,"cam_dist":10.000},"timestamp":1778498353315}
{"sessionId":"620b84","location":"renderer_render.rs:frustum_cull","message":"cull_result","data":{"hypothesisId":"H","frame":75,"total_dc":2,"visible":2,"total_tris":732,"perf_mode":false,"interaction_active":true,"hdr":false},"timestamp":1778498353315}
{"sessionId":"620b84","location":"event_handler.rs:frame_path","message":"render_path_decision","data":{"hypothesisId":"H","frame":76,"can_skip":false,"camera_only":true,"dirty_roots":1,"dc_tris":732,"cache_tris":732,"cam_orbiting":true,"ctrl_cam_moved":true,"cam_dist":10.000},"timestamp":1778498353338}
{"sessionId":"620b84","location":"renderer_render.rs:frustum_cull","message":"cull_result","data":{"hypothesisId":"H","frame":76,"total_dc":2,"visible":2,"total_tris":732,"perf_mode":false,"interaction_active":true,"hdr":false},"timestamp":1778498353339}
{"sessionId":"620b84","location":"event_handler.rs:frame_path","message":"render_path_decision","data":{"hypothesisId":"H","frame":77,"can_skip":false,"camera_only":true,"dirty_roots":1,"dc_tris":732,"cache_tris":732,"cam_orbiting":true,"ctrl_cam_moved":true,"cam_dist":10.000},"timestamp":1778498353350}
{"sessionId":"620b84","location":"renderer_render.rs:frustum_cull","message":"cull_result","data":{"hypothesisId":"H","frame":77,"total_dc":2,"visible":2,"total_tris":732,"perf_mode":false,"interaction_active":true,"hdr":false},"timestamp":1778498353350}
{"sessionId":"620b84","location":"event_handler.rs:frame_path","message":"render_path_decision","data":{"hypothesisId":"H","frame":78,"can_skip":false,"camera_only":true,"dirty_roots":1,"dc_tris":732,"cache_tris":732,"cam_orbiting":true,"ctrl_cam_moved":true,"cam_dist":10.000},"timestamp":1778498353391}
{"sessionId":"620b84","location":"renderer_render.rs:frustum_cull","message":"cull_result","data":{"hypothesisId":"H","frame":78,"total_dc":2,"visible":2,"total_tris":732,"perf_mode":false,"interaction_active":true,"hdr":false},"timestamp":1778498353391}
{"sessionId":"620b84","location":"event_handler.rs:frame_path","message":"render_path_decision","data":{"hypothesisId":"H","frame":79,"can_skip":false,"camera_only":true,"dirty_roots":1,"dc_tris":732,"cache_tris":732,"cam_orbiting":true,"ctrl_cam_moved":true,"cam_dist":10.000},"timestamp":1778498353418}
{"sessionId":"620b84","location":"renderer_render.rs:frustum_cull","message":"cull_result","data":{"hypothesisId":"H","frame":79,"total_dc":2,"visible":2,"total_tris":732,"perf_mode":false,"interaction_active":true,"hdr":false},"timestamp":1778498353419}
{"sessionId":"620b84","location":"event_handler.rs:frame_path","message":"render_path_decision","data":{"hypothesisId":"H","frame":80,"can_skip":false,"camera_only":true,"dirty_roots":1,"dc_tris":732,"cache_tris":732,"cam_orbiting":true,"ctrl_cam_moved":true,"cam_dist":10.000},"timestamp":1778498353461}
{"sessionId":"620b84","location":"renderer_render.rs:frustum_cull","message":"cull_result","data":{"hypothesisId":"H","frame":80,"total_dc":2,"visible":2,"total_tris":732,"perf_mode":false,"interaction_active":true,"hdr":false},"timestamp":1778498353461}
{"sessionId":"620b84","location":"event_handler.rs:frame_path","message":"render_path_decision","data":{"hypothesisId":"H","frame":81,"can_skip":false,"camera_only":true,"dirty_roots":1,"dc_tris":732,"cache_tris":732,"cam_orbiting":true,"ctrl_cam_moved":true,"cam_dist":10.000},"timestamp":1778498353471}
{"sessionId":"620b84","location":"renderer_render.rs:frustum_cull","message":"cull_result","data":{"hypothesisId":"H","frame":81,"total_dc":2,"visible":2,"total_tris":732,"perf_mode":false,"interaction_active":true,"hdr":false},"timestamp":1778498353471}
{"sessionId":"620b84","location":"event_handler.rs:frame_path","message":"render_path_decision","data":{"hypothesisId":"H","frame":82,"can_skip":false,"camera_only":true,"dirty_roots":1,"dc_tris":732,"cache_tris":732,"cam_orbiting":true,"ctrl_cam_moved":true,"cam_dist":10.000},"timestamp":1778498353502}
{"sessionId":"620b84","location":"renderer_render.rs:frustum_cull","message":"cull_result","data":{"hypothesisId":"H","frame":82,"total_dc":2,"visible":2,"total_tris":732,"perf_mode":false,"interaction_active":true,"hdr":false},"timestamp":1778498353503}
{"sessionId":"620b84","location":"event_handler.rs:frame_path","message":"render_path_decision","data":{"hypothesisId":"H","frame":83,"can_skip":false,"camera_only":true,"dirty_roots":1,"dc_tris":732,"cache_tris":732,"cam_orbiting":true,"ctrl_cam_moved":true,"cam_dist":10.000},"timestamp":1778498353523}
{"sessionId":"620b84","location":"renderer_render.rs:frustum_cull","message":"cull_result","data":{"hypothesisId":"H","frame":83,"total_dc":2,"visible":2,"total_tris":732,"perf_mode":false,"interaction_active":true,"hdr":false},"timestamp":1778498353523}
{"sessionId":"620b84","location":"event_handler.rs:frame_path","message":"render_path_decision","data":{"hypothesisId":"H","frame":84,"can_skip":false,"camera_only":true,"dirty_roots":1,"dc_tris":732,"cache_tris":732,"cam_orbiting":true,"ctrl_cam_moved":true,"cam_dist":10.000},"timestamp":1778498353553}
{"sessionId":"620b84","location":"renderer_render.rs:frustum_cull","message":"cull_result","data":{"hypothesisId":"H","frame":84,"total_dc":2,"visible":2,"total_tris":732,"perf_mode":false,"interaction_active":true,"hdr":false},"timestamp":1778498353553}
{"sessionId":"620b84","location":"event_handler.rs:frame_path","message":"render_path_decision","data":{"hypothesisId":"H","frame":85,"can_skip":false,"camera_only":true,"dirty_roots":1,"dc_tris":732,"cache_tris":732,"cam_orbiting":true,"ctrl_cam_moved":true,"cam_dist":10.000},"timestamp":1778498353572}
{"sessionId":"620b84","location":"renderer_render.rs:frustum_cull","message":"cull_result","data":{"hypothesisId":"H","frame":85,"total_dc":2,"visible":2,"total_tris":732,"perf_mode":false,"interaction_active":true,"hdr":false},"timestamp":1778498353573}
{"sessionId":"620b84","location":"event_handler.rs:frame_path","message":"render_path_decision","data":{"hypothesisId":"H","frame":86,"can_skip":false,"camera_only":true,"dirty_roots":1,"dc_tris":732,"cache_tris":732,"cam_orbiting":true,"ctrl_cam_moved":true,"cam_dist":10.000},"timestamp":1778498353630}
{"sessionId":"620b84","location":"renderer_render.rs:frustum_cull","message":"cull_result","data":{"hypothesisId":"H","frame":86,"total_dc":2,"visible":2,"total_tris":732,"perf_mode":false,"interaction_active":true,"hdr":false},"timestamp":1778498353630}
{"sessionId":"620b84","location":"event_handler.rs:frame_path","message":"render_path_decision","data":{"hypothesisId":"H","frame":87,"can_skip":false,"camera_only":true,"dirty_roots":1,"dc_tris":732,"cache_tris":732,"cam_orbiting":true,"ctrl_cam_moved":true,"cam_dist":10.000},"timestamp":1778498353657}
{"sessionId":"620b84","location":"renderer_render.rs:frustum_cull","message":"cull_result","data":{"hypothesisId":"H","frame":87,"total_dc":2,"visible":2,"total_tris":732,"perf_mode":false,"interaction_active":true,"hdr":false},"timestamp":1778498353657}
{"sessionId":"620b84","location":"event_handler.rs:frame_path","message":"render_path_decision","data":{"hypothesisId":"H","frame":88,"can_skip":false,"camera_only":true,"dirty_roots":1,"dc_tris":732,"cache_tris":732,"cam_orbiting":true,"ctrl_cam_moved":true,"cam_dist":10.000},"timestamp":1778498353687}
{"sessionId":"620b84","location":"renderer_render.rs:frustum_cull","message":"cull_result","data":{"hypothesisId":"H","frame":88,"total_dc":2,"visible":2,"total_tris":732,"perf_mode":false,"interaction_active":true,"hdr":false},"timestamp":1778498353688}
{"sessionId":"620b84","location":"event_handler.rs:frame_path","message":"render_path_decision","data":{"hypothesisId":"H","frame":89,"can_skip":false,"camera_only":true,"dirty_roots":1,"dc_tris":732,"cache_tris":732,"cam_orbiting":true,"ctrl_cam_moved":true,"cam_dist":10.000},"timestamp":1778498353704}
{"sessionId":"620b84","location":"renderer_render.rs:frustum_cull","message":"cull_result","data":{"hypothesisId":"H","frame":89,"total_dc":2,"visible":2,"total_tris":732,"perf_mode":false,"interaction_active":true,"hdr":false},"timestamp":1778498353706}
{"sessionId":"620b84","location":"event_handler.rs:frame_path","message":"render_path_decision","data":{"hypothesisId":"H","frame":90,"can_skip":false,"camera_only":true,"dirty_roots":1,"dc_tris":732,"cache_tris":732,"cam_orbiting":true,"ctrl_cam_moved":true,"cam_dist":10.000},"timestamp":1778498353742}
{"sessionId":"620b84","location":"renderer_render.rs:frustum_cull","message":"cull_result","data":{"hypothesisId":"H","frame":90,"total_dc":2,"visible":2,"total_tris":732,"perf_mode":false,"interaction_active":true,"hdr":false},"timestamp":1778498353742}
{"sessionId":"620b84","location":"event_handler.rs:frame_path","message":"render_path_decision","data":{"hypothesisId":"H","frame":91,"can_skip":false,"camera_only":true,"dirty_roots":1,"dc_tris":732,"cache_tris":732,"cam_orbiting":true,"ctrl_cam_moved":true,"cam_dist":10.000},"timestamp":1778498353769}
{"sessionId":"620b84","location":"renderer_render.rs:frustum_cull","message":"cull_result","data":{"hypothesisId":"H","frame":91,"total_dc":2,"visible":2,"total_tris":732,"perf_mode":false,"interaction_active":true,"hdr":false},"timestamp":1778498353770}
{"sessionId":"620b84","location":"event_handler.rs:frame_path","message":"render_path_decision","data":{"hypothesisId":"H","frame":92,"can_skip":false,"camera_only":true,"dirty_roots":1,"dc_tris":732,"cache_tris":732,"cam_orbiting":true,"ctrl_cam_moved":true,"cam_dist":10.000},"timestamp":1778498353791}
{"sessionId":"620b84","location":"renderer_render.rs:frustum_cull","message":"cull_result","data":{"hypothesisId":"H","frame":92,"total_dc":2,"visible":2,"total_tris":732,"perf_mode":false,"interaction_active":true,"hdr":false},"timestamp":1778498353791}
{"sessionId":"620b84","location":"event_handler.rs:frame_path","message":"render_path_decision","data":{"hypothesisId":"H","frame":93,"can_skip":false,"camera_only":true,"dirty_roots":1,"dc_tris":732,"cache_tris":732,"cam_orbiting":true,"ctrl_cam_moved":true,"cam_dist":10.000},"timestamp":1778498353834}
{"sessionId":"620b84","location":"renderer_render.rs:frustum_cull","message":"cull_result","data":{"hypothesisId":"H","frame":93,"total_dc":2,"visible":2,"total_tris":732,"perf_mode":false,"interaction_active":true,"hdr":false},"timestamp":1778498353835}
{"sessionId":"620b84","location":"event_handler.rs:frame_path","message":"render_path_decision","data":{"hypothesisId":"H","frame":94,"can_skip":false,"camera_only":true,"dirty_roots":1,"dc_tris":732,"cache_tris":732,"cam_orbiting":true,"ctrl_cam_moved":true,"cam_dist":10.000},"timestamp":1778498353853}
{"sessionId":"620b84","location":"renderer_render.rs:frustum_cull","message":"cull_result","data":{"hypothesisId":"H","frame":94,"total_dc":2,"visible":2,"total_tris":732,"perf_mode":false,"interaction_active":true,"hdr":false},"timestamp":1778498353853}
{"sessionId":"620b84","location":"event_handler.rs:frame_path","message":"render_path_decision","data":{"hypothesisId":"H","frame":95,"can_skip":false,"camera_only":true,"dirty_roots":1,"dc_tris":732,"cache_tris":732,"cam_orbiting":true,"ctrl_cam_moved":true,"cam_dist":10.000},"timestamp":1778498353888}
{"sessionId":"620b84","location":"renderer_render.rs:frustum_cull","message":"cull_result","data":{"hypothesisId":"H","frame":95,"total_dc":2,"visible":2,"total_tris":732,"perf_mode":false,"interaction_active":true,"hdr":false},"timestamp":1778498353890}
{"sessionId":"620b84","location":"event_handler.rs:frame_path","message":"render_path_decision","data":{"hypothesisId":"H","frame":96,"can_skip":false,"camera_only":true,"dirty_roots":1,"dc_tris":732,"cache_tris":732,"cam_orbiting":true,"ctrl_cam_moved":true,"cam_dist":10.000},"timestamp":1778498353945}
{"sessionId":"620b84","location":"renderer_render.rs:frustum_cull","message":"cull_result","data":{"hypothesisId":"H","frame":96,"total_dc":2,"visible":2,"total_tris":732,"perf_mode":false,"interaction_active":true,"hdr":false},"timestamp":1778498353945}
{"sessionId":"620b84","location":"event_handler.rs:frame_path","message":"render_path_decision","data":{"hypothesisId":"H","frame":97,"can_skip":false,"camera_only":true,"dirty_roots":1,"dc_tris":732,"cache_tris":732,"cam_orbiting":true,"ctrl_cam_moved":true,"cam_dist":10.000},"timestamp":1778498353970}
{"sessionId":"620b84","location":"renderer_render.rs:frustum_cull","message":"cull_result","data":{"hypothesisId":"H","frame":97,"total_dc":2,"visible":2,"total_tris":732,"perf_mode":false,"interaction_active":true,"hdr":false},"timestamp":1778498353970}
{"sessionId":"620b84","location":"event_handler.rs:frame_path","message":"render_path_decision","data":{"hypothesisId":"H","frame":98,"can_skip":false,"camera_only":true,"dirty_roots":1,"dc_tris":732,"cache_tris":732,"cam_orbiting":true,"ctrl_cam_moved":true,"cam_dist":10.000},"timestamp":1778498354000}
{"sessionId":"620b84","location":"renderer_render.rs:frustum_cull","message":"cull_result","data":{"hypothesisId":"H","frame":98,"total_dc":2,"visible":2,"total_tris":732,"perf_mode":false,"interaction_active":true,"hdr":false},"timestamp":1778498354001}
{"sessionId":"620b84","location":"event_handler.rs:frame_path","message":"render_path_decision","data":{"hypothesisId":"H","frame":99,"can_skip":false,"camera_only":true,"dirty_roots":1,"dc_tris":732,"cache_tris":732,"cam_orbiting":true,"ctrl_cam_moved":true,"cam_dist":10.000},"timestamp":1778498354018}
{"sessionId":"620b84","location":"renderer_render.rs:frustum_cull","message":"cull_result","data":{"hypothesisId":"H","frame":99,"total_dc":2,"visible":2,"total_tris":732,"perf_mode":false,"interaction_active":true,"hdr":false},"timestamp":1778498354018}
{"sessionId":"620b84","location":"event_handler.rs:frame_path","message":"render_path_decision","data":{"hypothesisId":"H","frame":100,"can_skip":false,"camera_only":true,"dirty_roots":1,"dc_tris":732,"cache_tris":732,"cam_orbiting":true,"ctrl_cam_moved":true,"cam_dist":10.000},"timestamp":1778498354072}
{"sessionId":"620b84","location":"renderer_render.rs:frustum_cull","message":"cull_result","data":{"hypothesisId":"H","frame":100,"total_dc":2,"visible":2,"total_tris":732,"perf_mode":false,"interaction_active":true,"hdr":false},"timestamp":1778498354072}
{"sessionId":"620b84","location":"event_handler.rs:frame_path","message":"render_path_decision","data":{"hypothesisId":"H","frame":101,"can_skip":false,"camera_only":true,"dirty_roots":1,"dc_tris":732,"cache_tris":732,"cam_orbiting":true,"ctrl_cam_moved":true,"cam_dist":10.000},"timestamp":1778498354082}
{"sessionId":"620b84","location":"renderer_render.rs:frustum_cull","message":"cull_result","data":{"hypothesisId":"H","frame":101,"total_dc":2,"visible":2,"total_tris":732,"perf_mode":false,"interaction_active":true,"hdr":false},"timestamp":1778498354082}
{"sessionId":"620b84","location":"event_handler.rs:frame_path","message":"render_path_decision","data":{"hypothesisId":"H","frame":102,"can_skip":false,"camera_only":true,"dirty_roots":1,"dc_tris":732,"cache_tris":732,"cam_orbiting":true,"ctrl_cam_moved":true,"cam_dist":10.000},"timestamp":1778498354112}
{"sessionId":"620b84","location":"renderer_render.rs:frustum_cull","message":"cull_result","data":{"hypothesisId":"H","frame":102,"total_dc":2,"visible":2,"total_tris":732,"perf_mode":false,"interaction_active":true,"hdr":false},"timestamp":1778498354112}
{"sessionId":"620b84","location":"event_handler.rs:frame_path","message":"render_path_decision","data":{"hypothesisId":"H","frame":103,"can_skip":false,"camera_only":true,"dirty_roots":1,"dc_tris":732,"cache_tris":732,"cam_orbiting":true,"ctrl_cam_moved":true,"cam_dist":10.000},"timestamp":1778498354129}
{"sessionId":"620b84","location":"renderer_render.rs:frustum_cull","message":"cull_result","data":{"hypothesisId":"H","frame":103,"total_dc":2,"visible":2,"total_tris":732,"perf_mode":false,"interaction_active":true,"hdr":false},"timestamp":1778498354129}
{"sessionId":"620b84","location":"event_handler.rs:frame_path","message":"render_path_decision","data":{"hypothesisId":"H","frame":104,"can_skip":false,"camera_only":true,"dirty_roots":1,"dc_tris":732,"cache_tris":732,"cam_orbiting":true,"ctrl_cam_moved":true,"cam_dist":10.000},"timestamp":1778498354156}
{"sessionId":"620b84","location":"renderer_render.rs:frustum_cull","message":"cull_result","data":{"hypothesisId":"H","frame":104,"total_dc":2,"visible":2,"total_tris":732,"perf_mode":false,"interaction_active":true,"hdr":false},"timestamp":1778498354156}
{"sessionId":"620b84","location":"event_handler.rs:frame_path","message":"render_path_decision","data":{"hypothesisId":"H","frame":105,"can_skip":true,"camera_only":false,"dirty_roots":0,"dc_tris":732,"cache_tris":732,"cam_orbiting":true,"ctrl_cam_moved":false,"cam_dist":10.000},"timestamp":1778498354166}
{"sessionId":"620b84","location":"renderer_render.rs:frustum_cull","message":"cull_result","data":{"hypothesisId":"H","frame":105,"total_dc":2,"visible":2,"total_tris":732,"perf_mode":false,"interaction_active":true,"hdr":false},"timestamp":1778498354166}
{"sessionId":"620b84","location":"event_handler.rs:frame_path","message":"render_path_decision","data":{"hypothesisId":"H","frame":106,"can_skip":false,"camera_only":true,"dirty_roots":1,"dc_tris":732,"cache_tris":732,"cam_orbiting":true,"ctrl_cam_moved":true,"cam_dist":10.000},"timestamp":1778498354208}
{"sessionId":"620b84","location":"renderer_render.rs:frustum_cull","message":"cull_result","data":{"hypothesisId":"H","frame":106,"total_dc":2,"visible":2,"total_tris":732,"perf_mode":false,"interaction_active":true,"hdr":false},"timestamp":1778498354208}
{"sessionId":"620b84","location":"event_handler.rs:frame_path","message":"render_path_decision","data":{"hypothesisId":"H","frame":107,"can_skip":false,"camera_only":true,"dirty_roots":1,"dc_tris":732,"cache_tris":732,"cam_orbiting":true,"ctrl_cam_moved":true,"cam_dist":10.000},"timestamp":1778498354233}
{"sessionId":"620b84","location":"renderer_render.rs:frustum_cull","message":"cull_result","data":{"hypothesisId":"H","frame":107,"total_dc":2,"visible":2,"total_tris":732,"perf_mode":false,"interaction_active":true,"hdr":false},"timestamp":1778498354233}
{"sessionId":"620b84","location":"event_handler.rs:frame_path","message":"render_path_decision","data":{"hypothesisId":"H","frame":108,"can_skip":false,"camera_only":true,"dirty_roots":1,"dc_tris":732,"cache_tris":732,"cam_orbiting":true,"ctrl_cam_moved":true,"cam_dist":10.000},"timestamp":1778498354272}
{"sessionId":"620b84","location":"renderer_render.rs:frustum_cull","message":"cull_result","data":{"hypothesisId":"H","frame":108,"total_dc":2,"visible":2,"total_tris":732,"perf_mode":false,"interaction_active":true,"hdr":false},"timestamp":1778498354272}
{"sessionId":"620b84","location":"event_handler.rs:frame_path","message":"render_path_decision","data":{"hypothesisId":"H","frame":109,"can_skip":false,"camera_only":true,"dirty_roots":1,"dc_tris":732,"cache_tris":732,"cam_orbiting":true,"ctrl_cam_moved":true,"cam_dist":10.000},"timestamp":1778498354307}
{"sessionId":"620b84","location":"renderer_render.rs:frustum_cull","message":"cull_result","data":{"hypothesisId":"H","frame":109,"total_dc":2,"visible":2,"total_tris":732,"perf_mode":false,"interaction_active":true,"hdr":false},"timestamp":1778498354308}
{"sessionId":"620b84","location":"event_handler.rs:frame_path","message":"render_path_decision","data":{"hypothesisId":"H","frame":110,"can_skip":false,"camera_only":true,"dirty_roots":1,"dc_tris":732,"cache_tris":732,"cam_orbiting":true,"ctrl_cam_moved":true,"cam_dist":10.000},"timestamp":1778498354337}
{"sessionId":"620b84","location":"renderer_render.rs:frustum_cull","message":"cull_result","data":{"hypothesisId":"H","frame":110,"total_dc":2,"visible":2,"total_tris":732,"perf_mode":false,"interaction_active":true,"hdr":false},"timestamp":1778498354338}
{"sessionId":"620b84","location":"event_handler.rs:frame_path","message":"render_path_decision","data":{"hypothesisId":"H","frame":111,"can_skip":false,"camera_only":true,"dirty_roots":1,"dc_tris":732,"cache_tris":732,"cam_orbiting":true,"ctrl_cam_moved":true,"cam_dist":10.000},"timestamp":1778498354353}
{"sessionId":"620b84","location":"renderer_render.rs:frustum_cull","message":"cull_result","data":{"hypothesisId":"H","frame":111,"total_dc":2,"visible":2,"total_tris":732,"perf_mode":false,"interaction_active":true,"hdr":false},"timestamp":1778498354354}
{"sessionId":"620b84","location":"event_handler.rs:frame_path","message":"render_path_decision","data":{"hypothesisId":"H","frame":112,"can_skip":false,"camera_only":true,"dirty_roots":1,"dc_tris":732,"cache_tris":732,"cam_orbiting":true,"ctrl_cam_moved":true,"cam_dist":10.000},"timestamp":1778498354389}
{"sessionId":"620b84","location":"renderer_render.rs:frustum_cull","message":"cull_result","data":{"hypothesisId":"H","frame":112,"total_dc":2,"visible":2,"total_tris":732,"perf_mode":false,"interaction_active":true,"hdr":false},"timestamp":1778498354389}
{"sessionId":"620b84","location":"event_handler.rs:frame_path","message":"render_path_decision","data":{"hypothesisId":"H","frame":113,"can_skip":false,"camera_only":true,"dirty_roots":1,"dc_tris":732,"cache_tris":732,"cam_orbiting":true,"ctrl_cam_moved":true,"cam_dist":10.000},"timestamp":1778498354445}
{"sessionId":"620b84","location":"renderer_render.rs:frustum_cull","message":"cull_result","data":{"hypothesisId":"H","frame":113,"total_dc":2,"visible":2,"total_tris":732,"perf_mode":false,"interaction_active":true,"hdr":false},"timestamp":1778498354446}
{"sessionId":"620b84","location":"event_handler.rs:frame_path","message":"render_path_decision","data":{"hypothesisId":"H","frame":114,"can_skip":false,"camera_only":true,"dirty_roots":1,"dc_tris":732,"cache_tris":732,"cam_orbiting":true,"ctrl_cam_moved":true,"cam_dist":10.000},"timestamp":1778498354471}
{"sessionId":"620b84","location":"renderer_render.rs:frustum_cull","message":"cull_result","data":{"hypothesisId":"H","frame":114,"total_dc":2,"visible":2,"total_tris":732,"perf_mode":false,"interaction_active":true,"hdr":false},"timestamp":1778498354471}
{"sessionId":"620b84","location":"event_handler.rs:frame_path","message":"render_path_decision","data":{"hypothesisId":"H","frame":115,"can_skip":false,"camera_only":true,"dirty_roots":1,"dc_tris":732,"cache_tris":732,"cam_orbiting":true,"ctrl_cam_moved":true,"cam_dist":10.000},"timestamp":1778498354490}
{"sessionId":"620b84","location":"renderer_render.rs:frustum_cull","message":"cull_result","data":{"hypothesisId":"H","frame":115,"total_dc":2,"visible":2,"total_tris":732,"perf_mode":false,"interaction_active":true,"hdr":false},"timestamp":1778498354490}
{"sessionId":"620b84","location":"event_handler.rs:frame_path","message":"render_path_decision","data":{"hypothesisId":"H","frame":116,"can_skip":false,"camera_only":true,"dirty_roots":1,"dc_tris":732,"cache_tris":732,"cam_orbiting":true,"ctrl_cam_moved":true,"cam_dist":10.000},"timestamp":1778498354507}
{"sessionId":"620b84","location":"renderer_render.rs:frustum_cull","message":"cull_result","data":{"hypothesisId":"H","frame":116,"total_dc":2,"visible":2,"total_tris":732,"perf_mode":false,"interaction_active":true,"hdr":false},"timestamp":1778498354507}
{"sessionId":"620b84","location":"event_handler.rs:frame_path","message":"render_path_decision","data":{"hypothesisId":"H","frame":117,"can_skip":false,"camera_only":true,"dirty_roots":1,"dc_tris":732,"cache_tris":732,"cam_orbiting":true,"ctrl_cam_moved":true,"cam_dist":10.000},"timestamp":1778498354531}
{"sessionId":"620b84","location":"renderer_render.rs:frustum_cull","message":"cull_result","data":{"hypothesisId":"H","frame":117,"total_dc":2,"visible":2,"total_tris":732,"perf_mode":false,"interaction_active":true,"hdr":false},"timestamp":1778498354531}
{"sessionId":"620b84","location":"event_handler.rs:frame_path","message":"render_path_decision","data":{"hypothesisId":"H","frame":118,"can_skip":false,"camera_only":true,"dirty_roots":1,"dc_tris":732,"cache_tris":732,"cam_orbiting":true,"ctrl_cam_moved":true,"cam_dist":10.000},"timestamp":1778498354556}
{"sessionId":"620b84","location":"renderer_render.rs:frustum_cull","message":"cull_result","data":{"hypothesisId":"H","frame":118,"total_dc":2,"visible":2,"total_tris":732,"perf_mode":false,"interaction_active":true,"hdr":false},"timestamp":1778498354557}
{"sessionId":"620b84","location":"event_handler.rs:frame_path","message":"render_path_decision","data":{"hypothesisId":"H","frame":119,"can_skip":false,"camera_only":true,"dirty_roots":1,"dc_tris":732,"cache_tris":732,"cam_orbiting":true,"ctrl_cam_moved":true,"cam_dist":10.000},"timestamp":1778498354632}
{"sessionId":"620b84","location":"renderer_render.rs:frustum_cull","message":"cull_result","data":{"hypothesisId":"H","frame":119,"total_dc":2,"visible":2,"total_tris":732,"perf_mode":false,"interaction_active":true,"hdr":false},"timestamp":1778498354633}
{"sessionId":"620b84","location":"event_handler.rs:frame_path","message":"render_path_decision","data":{"hypothesisId":"H","frame":120,"can_skip":false,"camera_only":true,"dirty_roots":1,"dc_tris":732,"cache_tris":732,"cam_orbiting":true,"ctrl_cam_moved":true,"cam_dist":10.000},"timestamp":1778498354652}
{"sessionId":"620b84","location":"renderer_render.rs:frustum_cull","message":"cull_result","data":{"hypothesisId":"H","frame":120,"total_dc":2,"visible":2,"total_tris":732,"perf_mode":false,"interaction_active":true,"hdr":false},"timestamp":1778498354652}
{"sessionId":"620b84","location":"event_handler.rs:frame_path","message":"render_path_decision","data":{"hypothesisId":"H","frame":121,"can_skip":false,"camera_only":true,"dirty_roots":1,"dc_tris":732,"cache_tris":732,"cam_orbiting":true,"ctrl_cam_moved":true,"cam_dist":10.000},"timestamp":1778498354669}
{"sessionId":"620b84","location":"renderer_render.rs:frustum_cull","message":"cull_result","data":{"hypothesisId":"H","frame":121,"total_dc":2,"visible":2,"total_tris":732,"perf_mode":false,"interaction_active":true,"hdr":false},"timestamp":1778498354669}
{"sessionId":"620b84","location":"event_handler.rs:frame_path","message":"render_path_decision","data":{"hypothesisId":"H","frame":122,"can_skip":false,"camera_only":true,"dirty_roots":1,"dc_tris":732,"cache_tris":732,"cam_orbiting":true,"ctrl_cam_moved":true,"cam_dist":10.000},"timestamp":1778498354700}
{"sessionId":"620b84","location":"renderer_render.rs:frustum_cull","message":"cull_result","data":{"hypothesisId":"H","frame":122,"total_dc":2,"visible":2,"total_tris":732,"perf_mode":false,"interaction_active":true,"hdr":false},"timestamp":1778498354700}
{"sessionId":"620b84","location":"event_handler.rs:frame_path","message":"render_path_decision","data":{"hypothesisId":"H","frame":123,"can_skip":true,"camera_only":false,"dirty_roots":0,"dc_tris":732,"cache_tris":732,"cam_orbiting":true,"ctrl_cam_moved":false,"cam_dist":10.000},"timestamp":1778498354724}
{"sessionId":"620b84","location":"renderer_render.rs:frustum_cull","message":"cull_result","data":{"hypothesisId":"H","frame":123,"total_dc":2,"visible":2,"total_tris":732,"perf_mode":false,"interaction_active":true,"hdr":false},"timestamp":1778498354724}
{"sessionId":"620b84","location":"event_handler.rs:frame_path","message":"render_path_decision","data":{"hypothesisId":"H","frame":124,"can_skip":false,"camera_only":true,"dirty_roots":1,"dc_tris":732,"cache_tris":732,"cam_orbiting":true,"ctrl_cam_moved":true,"cam_dist":10.000},"timestamp":1778498354749}
{"sessionId":"620b84","location":"renderer_render.rs:frustum_cull","message":"cull_result","data":{"hypothesisId":"H","frame":124,"total_dc":2,"visible":2,"total_tris":732,"perf_mode":false,"interaction_active":true,"hdr":false},"timestamp":1778498354750}
{"sessionId":"620b84","location":"event_handler.rs:frame_path","message":"render_path_decision","data":{"hypothesisId":"H","frame":125,"can_skip":false,"camera_only":true,"dirty_roots":1,"dc_tris":732,"cache_tris":732,"cam_orbiting":true,"ctrl_cam_moved":true,"cam_dist":10.000},"timestamp":1778498354756}
{"sessionId":"620b84","location":"renderer_render.rs:frustum_cull","message":"cull_result","data":{"hypothesisId":"H","frame":125,"total_dc":2,"visible":2,"total_tris":732,"perf_mode":false,"interaction_active":true,"hdr":false},"timestamp":1778498354756}
{"sessionId":"620b84","location":"event_handler.rs:frame_path","message":"render_path_decision","data":{"hypothesisId":"H","frame":126,"can_skip":false,"camera_only":true,"dirty_roots":1,"dc_tris":732,"cache_tris":732,"cam_orbiting":true,"ctrl_cam_moved":true,"cam_dist":10.000},"timestamp":1778498354787}
{"sessionId":"620b84","location":"renderer_render.rs:frustum_cull","message":"cull_result","data":{"hypothesisId":"H","frame":126,"total_dc":2,"visible":2,"total_tris":732,"perf_mode":false,"interaction_active":true,"hdr":false},"timestamp":1778498354787}
{"sessionId":"620b84","location":"event_handler.rs:frame_path","message":"render_path_decision","data":{"hypothesisId":"H","frame":127,"can_skip":false,"camera_only":true,"dirty_roots":1,"dc_tris":732,"cache_tris":732,"cam_orbiting":true,"ctrl_cam_moved":true,"cam_dist":10.000},"timestamp":1778498354842}
{"sessionId":"620b84","location":"renderer_render.rs:frustum_cull","message":"cull_result","data":{"hypothesisId":"H","frame":127,"total_dc":2,"visible":2,"total_tris":732,"perf_mode":false,"interaction_active":true,"hdr":false},"timestamp":1778498354842}
{"sessionId":"620b84","location":"event_handler.rs:frame_path","message":"render_path_decision","data":{"hypothesisId":"H","frame":128,"can_skip":false,"camera_only":true,"dirty_roots":1,"dc_tris":732,"cache_tris":732,"cam_orbiting":true,"ctrl_cam_moved":true,"cam_dist":10.000},"timestamp":1778498354865}
{"sessionId":"620b84","location":"renderer_render.rs:frustum_cull","message":"cull_result","data":{"hypothesisId":"H","frame":128,"total_dc":2,"visible":2,"total_tris":732,"perf_mode":false,"interaction_active":true,"hdr":false},"timestamp":1778498354865}
{"sessionId":"620b84","location":"event_handler.rs:frame_path","message":"render_path_decision","data":{"hypothesisId":"H","frame":129,"can_skip":false,"camera_only":true,"dirty_roots":1,"dc_tris":732,"cache_tris":732,"cam_orbiting":true,"ctrl_cam_moved":true,"cam_dist":10.000},"timestamp":1778498354873}
{"sessionId":"620b84","location":"renderer_render.rs:frustum_cull","message":"cull_result","data":{"hypothesisId":"H","frame":129,"total_dc":2,"visible":2,"total_tris":732,"perf_mode":false,"interaction_active":true,"hdr":false},"timestamp":1778498354873}
{"sessionId":"620b84","location":"event_handler.rs:frame_path","message":"render_path_decision","data":{"hypothesisId":"H","frame":130,"can_skip":false,"camera_only":true,"dirty_roots":1,"dc_tris":732,"cache_tris":732,"cam_orbiting":true,"ctrl_cam_moved":true,"cam_dist":10.000},"timestamp":1778498354898}
{"sessionId":"620b84","location":"renderer_render.rs:frustum_cull","message":"cull_result","data":{"hypothesisId":"H","frame":130,"total_dc":2,"visible":2,"total_tris":732,"perf_mode":false,"interaction_active":true,"hdr":false},"timestamp":1778498354899}
{"sessionId":"620b84","location":"event_handler.rs:frame_path","message":"render_path_decision","data":{"hypothesisId":"H","frame":131,"can_skip":false,"camera_only":true,"dirty_roots":1,"dc_tris":732,"cache_tris":732,"cam_orbiting":true,"ctrl_cam_moved":true,"cam_dist":10.000},"timestamp":1778498354935}
{"sessionId":"620b84","location":"renderer_render.rs:frustum_cull","message":"cull_result","data":{"hypothesisId":"H","frame":131,"total_dc":2,"visible":2,"total_tris":732,"perf_mode":false,"interaction_active":true,"hdr":false},"timestamp":1778498354936}
{"sessionId":"620b84","location":"event_handler.rs:frame_path","message":"render_path_decision","data":{"hypothesisId":"H","frame":132,"can_skip":false,"camera_only":true,"dirty_roots":1,"dc_tris":732,"cache_tris":732,"cam_orbiting":true,"ctrl_cam_moved":true,"cam_dist":10.000},"timestamp":1778498354982}
{"sessionId":"620b84","location":"renderer_render.rs:frustum_cull","message":"cull_result","data":{"hypothesisId":"H","frame":132,"total_dc":2,"visible":2,"total_tris":732,"perf_mode":false,"interaction_active":true,"hdr":false},"timestamp":1778498354983}
{"sessionId":"620b84","location":"event_handler.rs:frame_path","message":"render_path_decision","data":{"hypothesisId":"H","frame":133,"can_skip":false,"camera_only":true,"dirty_roots":1,"dc_tris":732,"cache_tris":732,"cam_orbiting":true,"ctrl_cam_moved":true,"cam_dist":10.000},"timestamp":1778498355006}
{"sessionId":"620b84","location":"renderer_render.rs:frustum_cull","message":"cull_result","data":{"hypothesisId":"H","frame":133,"total_dc":2,"visible":2,"total_tris":732,"perf_mode":false,"interaction_active":true,"hdr":false},"timestamp":1778498355007}
{"sessionId":"620b84","location":"event_handler.rs:frame_path","message":"render_path_decision","data":{"hypothesisId":"H","frame":134,"can_skip":false,"camera_only":true,"dirty_roots":1,"dc_tris":732,"cache_tris":732,"cam_orbiting":true,"ctrl_cam_moved":true,"cam_dist":10.000},"timestamp":1778498355042}
{"sessionId":"620b84","location":"renderer_render.rs:frustum_cull","message":"cull_result","data":{"hypothesisId":"H","frame":134,"total_dc":2,"visible":2,"total_tris":732,"perf_mode":false,"interaction_active":true,"hdr":false},"timestamp":1778498355043}
{"sessionId":"620b84","location":"event_handler.rs:frame_path","message":"render_path_decision","data":{"hypothesisId":"H","frame":135,"can_skip":false,"camera_only":true,"dirty_roots":1,"dc_tris":732,"cache_tris":732,"cam_orbiting":true,"ctrl_cam_moved":true,"cam_dist":10.000},"timestamp":1778498355050}
{"sessionId":"620b84","location":"renderer_render.rs:frustum_cull","message":"cull_result","data":{"hypothesisId":"H","frame":135,"total_dc":2,"visible":2,"total_tris":732,"perf_mode":false,"interaction_active":true,"hdr":false},"timestamp":1778498355050}
{"sessionId":"620b84","location":"event_handler.rs:frame_path","message":"render_path_decision","data":{"hypothesisId":"H","frame":136,"can_skip":false,"camera_only":true,"dirty_roots":1,"dc_tris":732,"cache_tris":732,"cam_orbiting":true,"ctrl_cam_moved":true,"cam_dist":10.000},"timestamp":1778498355091}
{"sessionId":"620b84","location":"renderer_render.rs:frustum_cull","message":"cull_result","data":{"hypothesisId":"H","frame":136,"total_dc":2,"visible":2,"total_tris":732,"perf_mode":false,"interaction_active":true,"hdr":false},"timestamp":1778498355091}
{"sessionId":"620b84","location":"event_handler.rs:frame_path","message":"render_path_decision","data":{"hypothesisId":"H","frame":137,"can_skip":false,"camera_only":true,"dirty_roots":1,"dc_tris":732,"cache_tris":732,"cam_orbiting":true,"ctrl_cam_moved":true,"cam_dist":10.000},"timestamp":1778498355101}
{"sessionId":"620b84","location":"renderer_render.rs:frustum_cull","message":"cull_result","data":{"hypothesisId":"H","frame":137,"total_dc":2,"visible":2,"total_tris":732,"perf_mode":false,"interaction_active":true,"hdr":false},"timestamp":1778498355101}
{"sessionId":"620b84","location":"event_handler.rs:frame_path","message":"render_path_decision","data":{"hypothesisId":"H","frame":138,"can_skip":false,"camera_only":true,"dirty_roots":1,"dc_tris":732,"cache_tris":732,"cam_orbiting":true,"ctrl_cam_moved":true,"cam_dist":10.000},"timestamp":1778498355129}
{"sessionId":"620b84","location":"renderer_render.rs:frustum_cull","message":"cull_result","data":{"hypothesisId":"H","frame":138,"total_dc":2,"visible":2,"total_tris":732,"perf_mode":false,"interaction_active":true,"hdr":false},"timestamp":1778498355130}
{"sessionId":"620b84","location":"event_handler.rs:frame_path","message":"render_path_decision","data":{"hypothesisId":"H","frame":139,"can_skip":false,"camera_only":true,"dirty_roots":1,"dc_tris":732,"cache_tris":732,"cam_orbiting":true,"ctrl_cam_moved":true,"cam_dist":10.000},"timestamp":1778498355155}
{"sessionId":"620b84","location":"renderer_render.rs:frustum_cull","message":"cull_result","data":{"hypothesisId":"H","frame":139,"total_dc":2,"visible":2,"total_tris":732,"perf_mode":false,"interaction_active":true,"hdr":false},"timestamp":1778498355155}
{"sessionId":"620b84","location":"event_handler.rs:frame_path","message":"render_path_decision","data":{"hypothesisId":"H","frame":140,"can_skip":false,"camera_only":true,"dirty_roots":1,"dc_tris":732,"cache_tris":732,"cam_orbiting":true,"ctrl_cam_moved":true,"cam_dist":10.000},"timestamp":1778498355173}
{"sessionId":"620b84","location":"renderer_render.rs:frustum_cull","message":"cull_result","data":{"hypothesisId":"H","frame":140,"total_dc":2,"visible":2,"total_tris":732,"perf_mode":false,"interaction_active":true,"hdr":false},"timestamp":1778498355173}
{"sessionId":"620b84","location":"event_handler.rs:frame_path","message":"render_path_decision","data":{"hypothesisId":"H","frame":141,"can_skip":false,"camera_only":true,"dirty_roots":1,"dc_tris":732,"cache_tris":732,"cam_orbiting":true,"ctrl_cam_moved":true,"cam_dist":10.000},"timestamp":1778498355208}
{"sessionId":"620b84","location":"renderer_render.rs:frustum_cull","message":"cull_result","data":{"hypothesisId":"H","frame":141,"total_dc":2,"visible":2,"total_tris":732,"perf_mode":false,"interaction_active":true,"hdr":false},"timestamp":1778498355209}
{"sessionId":"620b84","location":"event_handler.rs:frame_path","message":"render_path_decision","data":{"hypothesisId":"H","frame":142,"can_skip":false,"camera_only":true,"dirty_roots":1,"dc_tris":732,"cache_tris":732,"cam_orbiting":true,"ctrl_cam_moved":true,"cam_dist":10.000},"timestamp":1778498355261}
{"sessionId":"620b84","location":"renderer_render.rs:frustum_cull","message":"cull_result","data":{"hypothesisId":"H","frame":142,"total_dc":2,"visible":2,"total_tris":732,"perf_mode":false,"interaction_active":true,"hdr":false},"timestamp":1778498355262}
{"sessionId":"620b84","location":"event_handler.rs:frame_path","message":"render_path_decision","data":{"hypothesisId":"H","frame":143,"can_skip":false,"camera_only":true,"dirty_roots":1,"dc_tris":732,"cache_tris":732,"cam_orbiting":true,"ctrl_cam_moved":true,"cam_dist":10.000},"timestamp":1778498355300}
{"sessionId":"620b84","location":"renderer_render.rs:frustum_cull","message":"cull_result","data":{"hypothesisId":"H","frame":143,"total_dc":2,"visible":2,"total_tris":732,"perf_mode":false,"interaction_active":true,"hdr":false},"timestamp":1778498355301}
{"sessionId":"620b84","location":"event_handler.rs:frame_path","message":"render_path_decision","data":{"hypothesisId":"H","frame":144,"can_skip":false,"camera_only":true,"dirty_roots":1,"dc_tris":732,"cache_tris":732,"cam_orbiting":true,"ctrl_cam_moved":true,"cam_dist":10.000},"timestamp":1778498355324}
{"sessionId":"620b84","location":"renderer_render.rs:frustum_cull","message":"cull_result","data":{"hypothesisId":"H","frame":144,"total_dc":2,"visible":2,"total_tris":732,"perf_mode":false,"interaction_active":true,"hdr":false},"timestamp":1778498355324}
{"sessionId":"620b84","location":"event_handler.rs:frame_path","message":"render_path_decision","data":{"hypothesisId":"H","frame":145,"can_skip":false,"camera_only":true,"dirty_roots":1,"dc_tris":732,"cache_tris":732,"cam_orbiting":true,"ctrl_cam_moved":true,"cam_dist":10.000},"timestamp":1778498355353}
{"sessionId":"620b84","location":"renderer_render.rs:frustum_cull","message":"cull_result","data":{"hypothesisId":"H","frame":145,"total_dc":2,"visible":2,"total_tris":732,"perf_mode":false,"interaction_active":true,"hdr":false},"timestamp":1778498355398}
{"sessionId":"620b84","location":"event_handler.rs:frame_path","message":"render_path_decision","data":{"hypothesisId":"H","frame":146,"can_skip":false,"camera_only":true,"dirty_roots":1,"dc_tris":732,"cache_tris":732,"cam_orbiting":true,"ctrl_cam_moved":true,"cam_dist":10.000},"timestamp":1778498355408}
{"sessionId":"620b84","location":"renderer_render.rs:frustum_cull","message":"cull_result","data":{"hypothesisId":"H","frame":146,"total_dc":2,"visible":2,"total_tris":732,"perf_mode":false,"interaction_active":true,"hdr":false},"timestamp":1778498355408}
{"sessionId":"620b84","location":"event_handler.rs:frame_path","message":"render_path_decision","data":{"hypothesisId":"H","frame":147,"can_skip":true,"camera_only":false,"dirty_roots":0,"dc_tris":732,"cache_tris":732,"cam_orbiting":true,"ctrl_cam_moved":false,"cam_dist":10.000},"timestamp":1778498355422}
{"sessionId":"620b84","location":"renderer_render.rs:frustum_cull","message":"cull_result","data":{"hypothesisId":"H","frame":147,"total_dc":2,"visible":2,"total_tris":732,"perf_mode":false,"interaction_active":true,"hdr":false},"timestamp":1778498355423}
{"sessionId":"620b84","location":"event_handler.rs:frame_path","message":"render_path_decision","data":{"hypothesisId":"H","frame":148,"can_skip":false,"camera_only":true,"dirty_roots":1,"dc_tris":732,"cache_tris":732,"cam_orbiting":true,"ctrl_cam_moved":true,"cam_dist":10.000},"timestamp":1778498355454}
{"sessionId":"620b84","location":"renderer_render.rs:frustum_cull","message":"cull_result","data":{"hypothesisId":"H","frame":148,"total_dc":2,"visible":2,"total_tris":732,"perf_mode":false,"interaction_active":true,"hdr":false},"timestamp":1778498355455}
{"sessionId":"620b84","location":"event_handler.rs:frame_path","message":"render_path_decision","data":{"hypothesisId":"H","frame":149,"can_skip":false,"camera_only":true,"dirty_roots":1,"dc_tris":732,"cache_tris":732,"cam_orbiting":true,"ctrl_cam_moved":true,"cam_dist":10.000},"timestamp":1778498355498}
{"sessionId":"620b84","location":"renderer_render.rs:frustum_cull","message":"cull_result","data":{"hypothesisId":"H","frame":149,"total_dc":2,"visible":2,"total_tris":732,"perf_mode":false,"interaction_active":true,"hdr":false},"timestamp":1778498355501}
{"sessionId":"620b84","location":"event_handler.rs:frame_path","message":"render_path_decision","data":{"hypothesisId":"H","frame":150,"can_skip":false,"camera_only":true,"dirty_roots":1,"dc_tris":732,"cache_tris":732,"cam_orbiting":true,"ctrl_cam_moved":true,"cam_dist":10.000},"timestamp":1778498355533}
{"sessionId":"620b84","location":"renderer_render.rs:frustum_cull","message":"cull_result","data":{"hypothesisId":"H","frame":150,"total_dc":2,"visible":2,"total_tris":732,"perf_mode":false,"interaction_active":true,"hdr":false},"timestamp":1778498355533}
{"sessionId":"620b84","location":"event_handler.rs:frame_path","message":"render_path_decision","data":{"hypothesisId":"H","frame":151,"can_skip":false,"camera_only":true,"dirty_roots":1,"dc_tris":732,"cache_tris":732,"cam_orbiting":true,"ctrl_cam_moved":true,"cam_dist":10.000},"timestamp":1778498355550}
{"sessionId":"620b84","location":"renderer_render.rs:frustum_cull","message":"cull_result","data":{"hypothesisId":"H","frame":151,"total_dc":2,"visible":2,"total_tris":732,"perf_mode":false,"interaction_active":true,"hdr":false},"timestamp":1778498355551}
{"sessionId":"620b84","location":"event_handler.rs:frame_path","message":"render_path_decision","data":{"hypothesisId":"H","frame":152,"can_skip":false,"camera_only":true,"dirty_roots":1,"dc_tris":732,"cache_tris":732,"cam_orbiting":true,"ctrl_cam_moved":true,"cam_dist":10.000},"timestamp":1778498355574}
{"sessionId":"620b84","location":"renderer_render.rs:frustum_cull","message":"cull_result","data":{"hypothesisId":"H","frame":152,"total_dc":2,"visible":2,"total_tris":732,"perf_mode":false,"interaction_active":true,"hdr":false},"timestamp":1778498355574}
{"sessionId":"620b84","location":"event_handler.rs:frame_path","message":"render_path_decision","data":{"hypothesisId":"H","frame":153,"can_skip":false,"camera_only":true,"dirty_roots":1,"dc_tris":732,"cache_tris":732,"cam_orbiting":true,"ctrl_cam_moved":true,"cam_dist":10.000},"timestamp":1778498355589}
{"sessionId":"620b84","location":"renderer_render.rs:frustum_cull","message":"cull_result","data":{"hypothesisId":"H","frame":153,"total_dc":2,"visible":2,"total_tris":732,"perf_mode":false,"interaction_active":true,"hdr":false},"timestamp":1778498355590}
{"sessionId":"620b84","location":"event_handler.rs:frame_path","message":"render_path_decision","data":{"hypothesisId":"H","frame":154,"can_skip":false,"camera_only":true,"dirty_roots":1,"dc_tris":732,"cache_tris":732,"cam_orbiting":true,"ctrl_cam_moved":true,"cam_dist":10.000},"timestamp":1778498355609}
{"sessionId":"620b84","location":"renderer_render.rs:frustum_cull","message":"cull_result","data":{"hypothesisId":"H","frame":154,"total_dc":2,"visible":2,"total_tris":732,"perf_mode":false,"interaction_active":true,"hdr":false},"timestamp":1778498355609}
{"sessionId":"620b84","location":"event_handler.rs:frame_path","message":"render_path_decision","data":{"hypothesisId":"H","frame":155,"can_skip":false,"camera_only":true,"dirty_roots":1,"dc_tris":732,"cache_tris":732,"cam_orbiting":true,"ctrl_cam_moved":true,"cam_dist":10.000},"timestamp":1778498355667}
{"sessionId":"620b84","location":"renderer_render.rs:frustum_cull","message":"cull_result","data":{"hypothesisId":"H","frame":155,"total_dc":2,"visible":2,"total_tris":732,"perf_mode":false,"interaction_active":true,"hdr":false},"timestamp":1778498355667}
{"sessionId":"620b84","location":"event_handler.rs:frame_path","message":"render_path_decision","data":{"hypothesisId":"H","frame":156,"can_skip":false,"camera_only":true,"dirty_roots":1,"dc_tris":732,"cache_tris":732,"cam_orbiting":true,"ctrl_cam_moved":true,"cam_dist":10.000},"timestamp":1778498355687}
{"sessionId":"620b84","location":"renderer_render.rs:frustum_cull","message":"cull_result","data":{"hypothesisId":"H","frame":156,"total_dc":2,"visible":2,"total_tris":732,"perf_mode":false,"interaction_active":true,"hdr":false},"timestamp":1778498355688}
{"sessionId":"620b84","location":"event_handler.rs:frame_path","message":"render_path_decision","data":{"hypothesisId":"H","frame":157,"can_skip":false,"camera_only":true,"dirty_roots":1,"dc_tris":732,"cache_tris":732,"cam_orbiting":true,"ctrl_cam_moved":true,"cam_dist":10.000},"timestamp":1778498355723}
{"sessionId":"620b84","location":"renderer_render.rs:frustum_cull","message":"cull_result","data":{"hypothesisId":"H","frame":157,"total_dc":2,"visible":2,"total_tris":732,"perf_mode":false,"interaction_active":true,"hdr":false},"timestamp":1778498355724}
{"sessionId":"620b84","location":"event_handler.rs:frame_path","message":"render_path_decision","data":{"hypothesisId":"H","frame":158,"can_skip":false,"camera_only":true,"dirty_roots":1,"dc_tris":732,"cache_tris":732,"cam_orbiting":true,"ctrl_cam_moved":true,"cam_dist":10.000},"timestamp":1778498355734}
{"sessionId":"620b84","location":"renderer_render.rs:frustum_cull","message":"cull_result","data":{"hypothesisId":"H","frame":158,"total_dc":2,"visible":2,"total_tris":732,"perf_mode":false,"interaction_active":true,"hdr":false},"timestamp":1778498355774}
{"sessionId":"620b84","location":"event_handler.rs:frame_path","message":"render_path_decision","data":{"hypothesisId":"H","frame":159,"can_skip":false,"camera_only":true,"dirty_roots":1,"dc_tris":732,"cache_tris":732,"cam_orbiting":true,"ctrl_cam_moved":true,"cam_dist":10.000},"timestamp":1778498355791}
{"sessionId":"620b84","location":"renderer_render.rs:frustum_cull","message":"cull_result","data":{"hypothesisId":"H","frame":159,"total_dc":2,"visible":2,"total_tris":732,"perf_mode":false,"interaction_active":true,"hdr":false},"timestamp":1778498355792}
{"sessionId":"620b84","location":"event_handler.rs:frame_path","message":"render_path_decision","data":{"hypothesisId":"H","frame":160,"can_skip":false,"camera_only":true,"dirty_roots":1,"dc_tris":732,"cache_tris":732,"cam_orbiting":true,"ctrl_cam_moved":true,"cam_dist":10.000},"timestamp":1778498355808}
{"sessionId":"620b84","location":"renderer_render.rs:frustum_cull","message":"cull_result","data":{"hypothesisId":"H","frame":160,"total_dc":2,"visible":2,"total_tris":732,"perf_mode":false,"interaction_active":true,"hdr":false},"timestamp":1778498355808}
{"sessionId":"620b84","location":"event_handler.rs:frame_path","message":"render_path_decision","data":{"hypothesisId":"H","frame":161,"can_skip":false,"camera_only":true,"dirty_roots":1,"dc_tris":732,"cache_tris":732,"cam_orbiting":true,"ctrl_cam_moved":true,"cam_dist":10.000},"timestamp":1778498355843}
{"sessionId":"620b84","location":"renderer_render.rs:frustum_cull","message":"cull_result","data":{"hypothesisId":"H","frame":161,"total_dc":2,"visible":2,"total_tris":732,"perf_mode":false,"interaction_active":true,"hdr":false},"timestamp":1778498355844}
{"sessionId":"620b84","location":"event_handler.rs:frame_path","message":"render_path_decision","data":{"hypothesisId":"H","frame":162,"can_skip":false,"camera_only":true,"dirty_roots":1,"dc_tris":732,"cache_tris":732,"cam_orbiting":true,"ctrl_cam_moved":true,"cam_dist":10.000},"timestamp":1778498355884}
{"sessionId":"620b84","location":"renderer_render.rs:frustum_cull","message":"cull_result","data":{"hypothesisId":"H","frame":162,"total_dc":2,"visible":2,"total_tris":732,"perf_mode":false,"interaction_active":true,"hdr":false},"timestamp":1778498355884}
{"sessionId":"620b84","location":"event_handler.rs:frame_path","message":"render_path_decision","data":{"hypothesisId":"H","frame":163,"can_skip":false,"camera_only":true,"dirty_roots":1,"dc_tris":732,"cache_tris":732,"cam_orbiting":true,"ctrl_cam_moved":true,"cam_dist":10.000},"timestamp":1778498355898}
{"sessionId":"620b84","location":"renderer_render.rs:frustum_cull","message":"cull_result","data":{"hypothesisId":"H","frame":163,"total_dc":2,"visible":2,"total_tris":732,"perf_mode":false,"interaction_active":true,"hdr":false},"timestamp":1778498355898}
{"sessionId":"620b84","location":"event_handler.rs:frame_path","message":"render_path_decision","data":{"hypothesisId":"H","frame":164,"can_skip":false,"camera_only":true,"dirty_roots":1,"dc_tris":732,"cache_tris":732,"cam_orbiting":true,"ctrl_cam_moved":true,"cam_dist":10.000},"timestamp":1778498355931}
{"sessionId":"620b84","location":"renderer_render.rs:frustum_cull","message":"cull_result","data":{"hypothesisId":"H","frame":164,"total_dc":2,"visible":2,"total_tris":732,"perf_mode":false,"interaction_active":true,"hdr":false},"timestamp":1778498355931}
{"sessionId":"620b84","location":"event_handler.rs:frame_path","message":"render_path_decision","data":{"hypothesisId":"H","frame":165,"can_skip":false,"camera_only":true,"dirty_roots":1,"dc_tris":732,"cache_tris":732,"cam_orbiting":true,"ctrl_cam_moved":true,"cam_dist":10.000},"timestamp":1778498355952}
{"sessionId":"620b84","location":"renderer_render.rs:frustum_cull","message":"cull_result","data":{"hypothesisId":"H","frame":165,"total_dc":2,"visible":2,"total_tris":732,"perf_mode":false,"interaction_active":true,"hdr":false},"timestamp":1778498355952}
{"sessionId":"620b84","location":"event_handler.rs:frame_path","message":"render_path_decision","data":{"hypothesisId":"H","frame":166,"can_skip":false,"camera_only":true,"dirty_roots":1,"dc_tris":732,"cache_tris":732,"cam_orbiting":true,"ctrl_cam_moved":true,"cam_dist":10.000},"timestamp":1778498356002}
{"sessionId":"620b84","location":"renderer_render.rs:frustum_cull","message":"cull_result","data":{"hypothesisId":"H","frame":166,"total_dc":2,"visible":2,"total_tris":732,"perf_mode":false,"interaction_active":true,"hdr":false},"timestamp":1778498356003}
{"sessionId":"620b84","location":"event_handler.rs:frame_path","message":"render_path_decision","data":{"hypothesisId":"H","frame":167,"can_skip":false,"camera_only":true,"dirty_roots":1,"dc_tris":732,"cache_tris":732,"cam_orbiting":true,"ctrl_cam_moved":true,"cam_dist":10.000},"timestamp":1778498356020}
{"sessionId":"620b84","location":"renderer_render.rs:frustum_cull","message":"cull_result","data":{"hypothesisId":"H","frame":167,"total_dc":2,"visible":2,"total_tris":732,"perf_mode":false,"interaction_active":true,"hdr":false},"timestamp":1778498356020}
{"sessionId":"620b84","location":"event_handler.rs:frame_path","message":"render_path_decision","data":{"hypothesisId":"H","frame":168,"can_skip":false,"camera_only":true,"dirty_roots":1,"dc_tris":732,"cache_tris":732,"cam_orbiting":true,"ctrl_cam_moved":true,"cam_dist":10.000},"timestamp":1778498356043}
{"sessionId":"620b84","location":"renderer_render.rs:frustum_cull","message":"cull_result","data":{"hypothesisId":"H","frame":168,"total_dc":2,"visible":2,"total_tris":732,"perf_mode":false,"interaction_active":true,"hdr":false},"timestamp":1778498356043}
{"sessionId":"620b84","location":"event_handler.rs:frame_path","message":"render_path_decision","data":{"hypothesisId":"H","frame":169,"can_skip":false,"camera_only":true,"dirty_roots":1,"dc_tris":732,"cache_tris":732,"cam_orbiting":true,"ctrl_cam_moved":true,"cam_dist":10.000},"timestamp":1778498356079}
{"sessionId":"620b84","location":"renderer_render.rs:frustum_cull","message":"cull_result","data":{"hypothesisId":"H","frame":169,"total_dc":2,"visible":2,"total_tris":732,"perf_mode":false,"interaction_active":true,"hdr":false},"timestamp":1778498356080}
{"sessionId":"620b84","location":"event_handler.rs:frame_path","message":"render_path_decision","data":{"hypothesisId":"H","frame":170,"can_skip":false,"camera_only":true,"dirty_roots":1,"dc_tris":732,"cache_tris":732,"cam_orbiting":true,"ctrl_cam_moved":true,"cam_dist":10.000},"timestamp":1778498356106}
{"sessionId":"620b84","location":"renderer_render.rs:frustum_cull","message":"cull_result","data":{"hypothesisId":"H","frame":170,"total_dc":2,"visible":2,"total_tris":732,"perf_mode":false,"interaction_active":true,"hdr":false},"timestamp":1778498356106}
{"sessionId":"620b84","location":"event_handler.rs:frame_path","message":"render_path_decision","data":{"hypothesisId":"H","frame":171,"can_skip":false,"camera_only":true,"dirty_roots":1,"dc_tris":732,"cache_tris":732,"cam_orbiting":true,"ctrl_cam_moved":true,"cam_dist":10.000},"timestamp":1778498356125}
{"sessionId":"620b84","location":"renderer_render.rs:frustum_cull","message":"cull_result","data":{"hypothesisId":"H","frame":171,"total_dc":2,"visible":2,"total_tris":732,"perf_mode":false,"interaction_active":true,"hdr":false},"timestamp":1778498356125}
{"sessionId":"620b84","location":"event_handler.rs:frame_path","message":"render_path_decision","data":{"hypothesisId":"H","frame":172,"can_skip":false,"camera_only":true,"dirty_roots":1,"dc_tris":732,"cache_tris":732,"cam_orbiting":true,"ctrl_cam_moved":true,"cam_dist":10.000},"timestamp":1778498356152}
{"sessionId":"620b84","location":"renderer_render.rs:frustum_cull","message":"cull_result","data":{"hypothesisId":"H","frame":172,"total_dc":2,"visible":2,"total_tris":732,"perf_mode":false,"interaction_active":true,"hdr":false},"timestamp":1778498356152}
{"sessionId":"620b84","location":"event_handler.rs:frame_path","message":"render_path_decision","data":{"hypothesisId":"H","frame":173,"can_skip":false,"camera_only":true,"dirty_roots":1,"dc_tris":732,"cache_tris":732,"cam_orbiting":true,"ctrl_cam_moved":true,"cam_dist":10.000},"timestamp":1778498356182}
{"sessionId":"620b84","location":"renderer_render.rs:frustum_cull","message":"cull_result","data":{"hypothesisId":"H","frame":173,"total_dc":2,"visible":2,"total_tris":732,"perf_mode":false,"interaction_active":true,"hdr":false},"timestamp":1778498356183}
{"sessionId":"620b84","location":"event_handler.rs:frame_path","message":"render_path_decision","data":{"hypothesisId":"H","frame":174,"can_skip":false,"camera_only":true,"dirty_roots":1,"dc_tris":732,"cache_tris":732,"cam_orbiting":true,"ctrl_cam_moved":true,"cam_dist":10.000},"timestamp":1778498356219}
{"sessionId":"620b84","location":"renderer_render.rs:frustum_cull","message":"cull_result","data":{"hypothesisId":"H","frame":174,"total_dc":2,"visible":2,"total_tris":732,"perf_mode":false,"interaction_active":true,"hdr":false},"timestamp":1778498356220}
{"sessionId":"620b84","location":"event_handler.rs:frame_path","message":"render_path_decision","data":{"hypothesisId":"H","frame":175,"can_skip":false,"camera_only":true,"dirty_roots":1,"dc_tris":732,"cache_tris":732,"cam_orbiting":true,"ctrl_cam_moved":true,"cam_dist":10.000},"timestamp":1778498356237}
{"sessionId":"620b84","location":"renderer_render.rs:frustum_cull","message":"cull_result","data":{"hypothesisId":"H","frame":175,"total_dc":2,"visible":2,"total_tris":732,"perf_mode":false,"interaction_active":true,"hdr":false},"timestamp":1778498356237}
{"sessionId":"620b84","location":"event_handler.rs:frame_path","message":"render_path_decision","data":{"hypothesisId":"H","frame":176,"can_skip":true,"camera_only":false,"dirty_roots":0,"dc_tris":732,"cache_tris":732,"cam_orbiting":true,"ctrl_cam_moved":false,"cam_dist":10.000},"timestamp":1778498356252}
{"sessionId":"620b84","location":"renderer_render.rs:frustum_cull","message":"cull_result","data":{"hypothesisId":"H","frame":176,"total_dc":2,"visible":2,"total_tris":732,"perf_mode":false,"interaction_active":true,"hdr":false},"timestamp":1778498356253}
{"sessionId":"620b84","location":"event_handler.rs:frame_path","message":"render_path_decision","data":{"hypothesisId":"H","frame":177,"can_skip":false,"camera_only":true,"dirty_roots":1,"dc_tris":732,"cache_tris":732,"cam_orbiting":true,"ctrl_cam_moved":true,"cam_dist":10.000},"timestamp":1778498356270}
{"sessionId":"620b84","location":"renderer_render.rs:frustum_cull","message":"cull_result","data":{"hypothesisId":"H","frame":177,"total_dc":2,"visible":2,"total_tris":732,"perf_mode":false,"interaction_active":true,"hdr":false},"timestamp":1778498356271}
{"sessionId":"620b84","location":"event_handler.rs:frame_path","message":"render_path_decision","data":{"hypothesisId":"H","frame":178,"can_skip":true,"camera_only":false,"dirty_roots":0,"dc_tris":732,"cache_tris":732,"cam_orbiting":true,"ctrl_cam_moved":false,"cam_dist":10.000},"timestamp":1778498356284}
{"sessionId":"620b84","location":"renderer_render.rs:frustum_cull","message":"cull_result","data":{"hypothesisId":"H","frame":178,"total_dc":2,"visible":2,"total_tris":732,"perf_mode":false,"interaction_active":true,"hdr":false},"timestamp":1778498356285}
{"sessionId":"620b84","location":"event_handler.rs:frame_path","message":"render_path_decision","data":{"hypothesisId":"H","frame":179,"can_skip":true,"camera_only":false,"dirty_roots":0,"dc_tris":732,"cache_tris":732,"cam_orbiting":true,"ctrl_cam_moved":false,"cam_dist":10.000},"timestamp":1778498356304}
{"sessionId":"620b84","location":"renderer_render.rs:frustum_cull","message":"cull_result","data":{"hypothesisId":"H","frame":179,"total_dc":2,"visible":2,"total_tris":732,"perf_mode":false,"interaction_active":true,"hdr":false},"timestamp":1778498356305}
{"sessionId":"620b84","location":"event_handler.rs:frame_path","message":"render_path_decision","data":{"hypothesisId":"H","frame":180,"can_skip":true,"camera_only":false,"dirty_roots":0,"dc_tris":732,"cache_tris":732,"cam_orbiting":true,"ctrl_cam_moved":false,"cam_dist":10.000},"timestamp":1778498356319}
{"sessionId":"620b84","location":"renderer_render.rs:frustum_cull","message":"cull_result","data":{"hypothesisId":"H","frame":180,"total_dc":2,"visible":2,"total_tris":732,"perf_mode":false,"interaction_active":true,"hdr":false},"timestamp":1778498356320}
{"sessionId":"620b84","location":"event_handler.rs:frame_path","message":"render_path_decision","data":{"hypothesisId":"H","frame":181,"can_skip":true,"camera_only":false,"dirty_roots":0,"dc_tris":732,"cache_tris":732,"cam_orbiting":true,"ctrl_cam_moved":false,"cam_dist":10.000},"timestamp":1778498356355}
{"sessionId":"620b84","location":"renderer_render.rs:frustum_cull","message":"cull_result","data":{"hypothesisId":"H","frame":181,"total_dc":2,"visible":2,"total_tris":732,"perf_mode":false,"interaction_active":true,"hdr":false},"timestamp":1778498356355}
{"sessionId":"620b84","location":"event_handler.rs:frame_path","message":"render_path_decision","data":{"hypothesisId":"H","frame":182,"can_skip":true,"camera_only":false,"dirty_roots":0,"dc_tris":732,"cache_tris":732,"cam_orbiting":true,"ctrl_cam_moved":false,"cam_dist":10.000},"timestamp":1778498356370}
{"sessionId":"620b84","location":"renderer_render.rs:frustum_cull","message":"cull_result","data":{"hypothesisId":"H","frame":182,"total_dc":2,"visible":2,"total_tris":732,"perf_mode":false,"interaction_active":true,"hdr":false},"timestamp":1778498356370}
{"sessionId":"620b84","location":"event_handler.rs:frame_path","message":"render_path_decision","data":{"hypothesisId":"H","frame":183,"can_skip":true,"camera_only":false,"dirty_roots":0,"dc_tris":732,"cache_tris":732,"cam_orbiting":true,"ctrl_cam_moved":false,"cam_dist":10.000},"timestamp":1778498356403}
{"sessionId":"620b84","location":"renderer_render.rs:frustum_cull","message":"cull_result","data":{"hypothesisId":"H","frame":183,"total_dc":2,"visible":2,"total_tris":732,"perf_mode":false,"interaction_active":true,"hdr":false},"timestamp":1778498356403}
{"sessionId":"620b84","location":"event_handler.rs:frame_path","message":"render_path_decision","data":{"hypothesisId":"H","frame":184,"can_skip":true,"camera_only":false,"dirty_roots":0,"dc_tris":732,"cache_tris":732,"cam_orbiting":true,"ctrl_cam_moved":false,"cam_dist":10.000},"timestamp":1778498356446}
{"sessionId":"620b84","location":"renderer_render.rs:frustum_cull","message":"cull_result","data":{"hypothesisId":"H","frame":184,"total_dc":2,"visible":2,"total_tris":732,"perf_mode":false,"interaction_active":true,"hdr":false},"timestamp":1778498356446}
{"sessionId":"620b84","location":"event_handler.rs:frame_path","message":"render_path_decision","data":{"hypothesisId":"H","frame":185,"can_skip":true,"camera_only":false,"dirty_roots":0,"dc_tris":732,"cache_tris":732,"cam_orbiting":true,"ctrl_cam_moved":false,"cam_dist":10.000},"timestamp":1778498356468}
{"sessionId":"620b84","location":"renderer_render.rs:frustum_cull","message":"cull_result","data":{"hypothesisId":"H","frame":185,"total_dc":2,"visible":2,"total_tris":732,"perf_mode":false,"interaction_active":true,"hdr":false},"timestamp":1778498356468}
{"sessionId":"620b84","location":"event_handler.rs:frame_path","message":"render_path_decision","data":{"hypothesisId":"H","frame":186,"can_skip":true,"camera_only":false,"dirty_roots":0,"dc_tris":732,"cache_tris":732,"cam_orbiting":true,"ctrl_cam_moved":false,"cam_dist":10.000},"timestamp":1778498356496}
{"sessionId":"620b84","location":"renderer_render.rs:frustum_cull","message":"cull_result","data":{"hypothesisId":"H","frame":186,"total_dc":2,"visible":2,"total_tris":732,"perf_mode":false,"interaction_active":true,"hdr":false},"timestamp":1778498356497}
{"sessionId":"620b84","location":"event_handler.rs:frame_path","message":"render_path_decision","data":{"hypothesisId":"H","frame":187,"can_skip":true,"camera_only":false,"dirty_roots":0,"dc_tris":732,"cache_tris":732,"cam_orbiting":true,"ctrl_cam_moved":false,"cam_dist":10.000},"timestamp":1778498356524}
{"sessionId":"620b84","location":"renderer_render.rs:frustum_cull","message":"cull_result","data":{"hypothesisId":"H","frame":187,"total_dc":2,"visible":2,"total_tris":732,"perf_mode":false,"interaction_active":true,"hdr":false},"timestamp":1778498356524}
{"sessionId":"620b84","location":"event_handler.rs:frame_path","message":"render_path_decision","data":{"hypothesisId":"H","frame":188,"can_skip":true,"camera_only":false,"dirty_roots":0,"dc_tris":732,"cache_tris":732,"cam_orbiting":true,"ctrl_cam_moved":false,"cam_dist":10.000},"timestamp":1778498356541}
{"sessionId":"620b84","location":"renderer_render.rs:frustum_cull","message":"cull_result","data":{"hypothesisId":"H","frame":188,"total_dc":2,"visible":2,"total_tris":732,"perf_mode":false,"interaction_active":true,"hdr":false},"timestamp":1778498356541}
{"sessionId":"620b84","location":"event_handler.rs:frame_path","message":"render_path_decision","data":{"hypothesisId":"H","frame":189,"can_skip":false,"camera_only":true,"dirty_roots":1,"dc_tris":732,"cache_tris":732,"cam_orbiting":true,"ctrl_cam_moved":true,"cam_dist":10.000},"timestamp":1778498356567}
{"sessionId":"620b84","location":"renderer_render.rs:frustum_cull","message":"cull_result","data":{"hypothesisId":"H","frame":189,"total_dc":2,"visible":2,"total_tris":732,"perf_mode":false,"interaction_active":true,"hdr":false},"timestamp":1778498356568}
{"sessionId":"620b84","location":"event_handler.rs:frame_path","message":"render_path_decision","data":{"hypothesisId":"H","frame":190,"can_skip":false,"camera_only":true,"dirty_roots":1,"dc_tris":732,"cache_tris":732,"cam_orbiting":true,"ctrl_cam_moved":true,"cam_dist":10.000},"timestamp":1778498356594}
{"sessionId":"620b84","location":"renderer_render.rs:frustum_cull","message":"cull_result","data":{"hypothesisId":"H","frame":190,"total_dc":2,"visible":2,"total_tris":732,"perf_mode":false,"interaction_active":true,"hdr":false},"timestamp":1778498356594}
{"sessionId":"620b84","location":"event_handler.rs:frame_path","message":"render_path_decision","data":{"hypothesisId":"H","frame":191,"can_skip":false,"camera_only":true,"dirty_roots":1,"dc_tris":732,"cache_tris":732,"cam_orbiting":true,"ctrl_cam_moved":true,"cam_dist":10.000},"timestamp":1778498356605}
{"sessionId":"620b84","location":"renderer_render.rs:frustum_cull","message":"cull_result","data":{"hypothesisId":"H","frame":191,"total_dc":2,"visible":2,"total_tris":732,"perf_mode":false,"interaction_active":true,"hdr":false},"timestamp":1778498356606}
{"sessionId":"620b84","location":"event_handler.rs:frame_path","message":"render_path_decision","data":{"hypothesisId":"H","frame":192,"can_skip":false,"camera_only":true,"dirty_roots":1,"dc_tris":732,"cache_tris":732,"cam_orbiting":true,"ctrl_cam_moved":true,"cam_dist":10.000},"timestamp":1778498356623}
{"sessionId":"620b84","location":"renderer_render.rs:frustum_cull","message":"cull_result","data":{"hypothesisId":"H","frame":192,"total_dc":2,"visible":2,"total_tris":732,"perf_mode":false,"interaction_active":true,"hdr":false},"timestamp":1778498356623}
{"sessionId":"620b84","location":"event_handler.rs:frame_path","message":"render_path_decision","data":{"hypothesisId":"H","frame":193,"can_skip":false,"camera_only":true,"dirty_roots":1,"dc_tris":732,"cache_tris":732,"cam_orbiting":true,"ctrl_cam_moved":true,"cam_dist":10.000},"timestamp":1778498356635}
{"sessionId":"620b84","location":"renderer_render.rs:frustum_cull","message":"cull_result","data":{"hypothesisId":"H","frame":193,"total_dc":2,"visible":2,"total_tris":732,"perf_mode":false,"interaction_active":true,"hdr":false},"timestamp":1778498356635}
{"sessionId":"620b84","location":"event_handler.rs:frame_path","message":"render_path_decision","data":{"hypothesisId":"H","frame":194,"can_skip":false,"camera_only":true,"dirty_roots":1,"dc_tris":732,"cache_tris":732,"cam_orbiting":true,"ctrl_cam_moved":true,"cam_dist":10.000},"timestamp":1778498356654}
{"sessionId":"620b84","location":"renderer_render.rs:frustum_cull","message":"cull_result","data":{"hypothesisId":"H","frame":194,"total_dc":2,"visible":2,"total_tris":732,"perf_mode":false,"interaction_active":true,"hdr":false},"timestamp":1778498356655}
{"sessionId":"620b84","location":"event_handler.rs:frame_path","message":"render_path_decision","data":{"hypothesisId":"H","frame":195,"can_skip":false,"camera_only":true,"dirty_roots":1,"dc_tris":732,"cache_tris":732,"cam_orbiting":true,"ctrl_cam_moved":true,"cam_dist":10.000},"timestamp":1778498356671}
{"sessionId":"620b84","location":"renderer_render.rs:frustum_cull","message":"cull_result","data":{"hypothesisId":"H","frame":195,"total_dc":2,"visible":2,"total_tris":732,"perf_mode":false,"interaction_active":true,"hdr":false},"timestamp":1778498356672}
{"sessionId":"620b84","location":"event_handler.rs:frame_path","message":"render_path_decision","data":{"hypothesisId":"H","frame":196,"can_skip":false,"camera_only":true,"dirty_roots":1,"dc_tris":732,"cache_tris":732,"cam_orbiting":true,"ctrl_cam_moved":true,"cam_dist":10.000},"timestamp":1778498356682}
{"sessionId":"620b84","location":"renderer_render.rs:frustum_cull","message":"cull_result","data":{"hypothesisId":"H","frame":196,"total_dc":2,"visible":2,"total_tris":732,"perf_mode":false,"interaction_active":true,"hdr":false},"timestamp":1778498356682}
{"sessionId":"620b84","location":"event_handler.rs:frame_path","message":"render_path_decision","data":{"hypothesisId":"H","frame":197,"can_skip":false,"camera_only":true,"dirty_roots":1,"dc_tris":732,"cache_tris":732,"cam_orbiting":true,"ctrl_cam_moved":true,"cam_dist":10.000},"timestamp":1778498356733}
{"sessionId":"620b84","location":"renderer_render.rs:frustum_cull","message":"cull_result","data":{"hypothesisId":"H","frame":197,"total_dc":2,"visible":2,"total_tris":732,"perf_mode":false,"interaction_active":true,"hdr":false},"timestamp":1778498356733}
{"sessionId":"620b84","location":"event_handler.rs:frame_path","message":"render_path_decision","data":{"hypothesisId":"H","frame":198,"can_skip":false,"camera_only":true,"dirty_roots":1,"dc_tris":732,"cache_tris":732,"cam_orbiting":true,"ctrl_cam_moved":true,"cam_dist":10.000},"timestamp":1778498356748}
{"sessionId":"620b84","location":"renderer_render.rs:frustum_cull","message":"cull_result","data":{"hypothesisId":"H","frame":198,"total_dc":2,"visible":2,"total_tris":732,"perf_mode":false,"interaction_active":true,"hdr":false},"timestamp":1778498356749}
{"sessionId":"620b84","location":"event_handler.rs:frame_path","message":"render_path_decision","data":{"hypothesisId":"H","frame":199,"can_skip":false,"camera_only":true,"dirty_roots":1,"dc_tris":732,"cache_tris":732,"cam_orbiting":true,"ctrl_cam_moved":true,"cam_dist":10.000},"timestamp":1778498356756}
{"sessionId":"620b84","location":"renderer_render.rs:frustum_cull","message":"cull_result","data":{"hypothesisId":"H","frame":199,"total_dc":2,"visible":2,"total_tris":732,"perf_mode":false,"interaction_active":true,"hdr":false},"timestamp":1778498356756}
{"sessionId":"620b84","location":"event_handler.rs:frame_path","message":"render_path_decision","data":{"hypothesisId":"H","frame":200,"can_skip":false,"camera_only":true,"dirty_roots":1,"dc_tris":732,"cache_tris":732,"cam_orbiting":true,"ctrl_cam_moved":true,"cam_dist":10.000},"timestamp":1778498356771}
{"sessionId":"620b84","location":"renderer_render.rs:frustum_cull","message":"cull_result","data":{"hypothesisId":"H","frame":200,"total_dc":2,"visible":2,"total_tris":732,"perf_mode":false,"interaction_active":true,"hdr":false},"timestamp":1778498356771}
{"sessionId":"620b84","location":"event_handler.rs:frame_path","message":"render_path_decision","data":{"hypothesisId":"H","frame":201,"can_skip":false,"camera_only":true,"dirty_roots":1,"dc_tris":732,"cache_tris":732,"cam_orbiting":true,"ctrl_cam_moved":true,"cam_dist":10.000},"timestamp":1778498356782}
{"sessionId":"620b84","location":"renderer_render.rs:frustum_cull","message":"cull_result","data":{"hypothesisId":"H","frame":201,"total_dc":2,"visible":2,"total_tris":732,"perf_mode":false,"interaction_active":true,"hdr":false},"timestamp":1778498356782}
{"sessionId":"620b84","location":"event_handler.rs:frame_path","message":"render_path_decision","data":{"hypothesisId":"H","frame":202,"can_skip":false,"camera_only":true,"dirty_roots":1,"dc_tris":732,"cache_tris":732,"cam_orbiting":true,"ctrl_cam_moved":true,"cam_dist":10.000},"timestamp":1778498356798}
{"sessionId":"620b84","location":"renderer_render.rs:frustum_cull","message":"cull_result","data":{"hypothesisId":"H","frame":202,"total_dc":2,"visible":2,"total_tris":732,"perf_mode":false,"interaction_active":true,"hdr":false},"timestamp":1778498356799}
{"sessionId":"620b84","location":"event_handler.rs:frame_path","message":"render_path_decision","data":{"hypothesisId":"H","frame":203,"can_skip":false,"camera_only":true,"dirty_roots":1,"dc_tris":732,"cache_tris":732,"cam_orbiting":true,"ctrl_cam_moved":true,"cam_dist":10.000},"timestamp":1778498356818}
{"sessionId":"620b84","location":"renderer_render.rs:frustum_cull","message":"cull_result","data":{"hypothesisId":"H","frame":203,"total_dc":2,"visible":2,"total_tris":732,"perf_mode":false,"interaction_active":true,"hdr":false},"timestamp":1778498356819}
{"sessionId":"620b84","location":"event_handler.rs:frame_path","message":"render_path_decision","data":{"hypothesisId":"H","frame":204,"can_skip":false,"camera_only":true,"dirty_roots":1,"dc_tris":732,"cache_tris":732,"cam_orbiting":true,"ctrl_cam_moved":true,"cam_dist":10.000},"timestamp":1778498356839}
{"sessionId":"620b84","location":"renderer_render.rs:frustum_cull","message":"cull_result","data":{"hypothesisId":"H","frame":204,"total_dc":2,"visible":2,"total_tris":732,"perf_mode":false,"interaction_active":true,"hdr":false},"timestamp":1778498356840}
{"sessionId":"620b84","location":"event_handler.rs:frame_path","message":"render_path_decision","data":{"hypothesisId":"H","frame":205,"can_skip":false,"camera_only":true,"dirty_roots":1,"dc_tris":732,"cache_tris":732,"cam_orbiting":true,"ctrl_cam_moved":true,"cam_dist":10.000},"timestamp":1778498356866}
{"sessionId":"620b84","location":"renderer_render.rs:frustum_cull","message":"cull_result","data":{"hypothesisId":"H","frame":205,"total_dc":2,"visible":2,"total_tris":732,"perf_mode":false,"interaction_active":true,"hdr":false},"timestamp":1778498356866}
{"sessionId":"620b84","location":"event_handler.rs:frame_path","message":"render_path_decision","data":{"hypothesisId":"H","frame":206,"can_skip":false,"camera_only":true,"dirty_roots":1,"dc_tris":732,"cache_tris":732,"cam_orbiting":true,"ctrl_cam_moved":true,"cam_dist":10.000},"timestamp":1778498356888}
{"sessionId":"620b84","location":"renderer_render.rs:frustum_cull","message":"cull_result","data":{"hypothesisId":"H","frame":206,"total_dc":2,"visible":2,"total_tris":732,"perf_mode":false,"interaction_active":true,"hdr":false},"timestamp":1778498356889}
{"sessionId":"620b84","location":"event_handler.rs:frame_path","message":"render_path_decision","data":{"hypothesisId":"H","frame":207,"can_skip":false,"camera_only":true,"dirty_roots":1,"dc_tris":732,"cache_tris":732,"cam_orbiting":true,"ctrl_cam_moved":true,"cam_dist":10.000},"timestamp":1778498356900}
{"sessionId":"620b84","location":"renderer_render.rs:frustum_cull","message":"cull_result","data":{"hypothesisId":"H","frame":207,"total_dc":2,"visible":2,"total_tris":732,"perf_mode":false,"interaction_active":true,"hdr":false},"timestamp":1778498356901}
{"sessionId":"620b84","location":"event_handler.rs:frame_path","message":"render_path_decision","data":{"hypothesisId":"H","frame":208,"can_skip":false,"camera_only":true,"dirty_roots":1,"dc_tris":732,"cache_tris":732,"cam_orbiting":true,"ctrl_cam_moved":true,"cam_dist":10.000},"timestamp":1778498356918}
{"sessionId":"620b84","location":"renderer_render.rs:frustum_cull","message":"cull_result","data":{"hypothesisId":"H","frame":208,"total_dc":2,"visible":2,"total_tris":732,"perf_mode":false,"interaction_active":true,"hdr":false},"timestamp":1778498356918}
{"sessionId":"620b84","location":"event_handler.rs:frame_path","message":"render_path_decision","data":{"hypothesisId":"H","frame":209,"can_skip":false,"camera_only":true,"dirty_roots":1,"dc_tris":732,"cache_tris":732,"cam_orbiting":true,"ctrl_cam_moved":true,"cam_dist":10.000},"timestamp":1778498356942}
{"sessionId":"620b84","location":"renderer_render.rs:frustum_cull","message":"cull_result","data":{"hypothesisId":"H","frame":209,"total_dc":2,"visible":2,"total_tris":732,"perf_mode":false,"interaction_active":true,"hdr":false},"timestamp":1778498356943}
{"sessionId":"620b84","location":"event_handler.rs:frame_path","message":"render_path_decision","data":{"hypothesisId":"H","frame":210,"can_skip":false,"camera_only":true,"dirty_roots":1,"dc_tris":732,"cache_tris":732,"cam_orbiting":true,"ctrl_cam_moved":true,"cam_dist":10.000},"timestamp":1778498356989}
{"sessionId":"620b84","location":"renderer_render.rs:frustum_cull","message":"cull_result","data":{"hypothesisId":"H","frame":210,"total_dc":2,"visible":2,"total_tris":732,"perf_mode":false,"interaction_active":true,"hdr":false},"timestamp":1778498356990}
{"sessionId":"620b84","location":"event_handler.rs:frame_path","message":"render_path_decision","data":{"hypothesisId":"H","frame":211,"can_skip":false,"camera_only":true,"dirty_roots":1,"dc_tris":732,"cache_tris":732,"cam_orbiting":true,"ctrl_cam_moved":true,"cam_dist":10.000},"timestamp":1778498357020}
{"sessionId":"620b84","location":"renderer_render.rs:frustum_cull","message":"cull_result","data":{"hypothesisId":"H","frame":211,"total_dc":2,"visible":2,"total_tris":732,"perf_mode":false,"interaction_active":true,"hdr":false},"timestamp":1778498357020}
{"sessionId":"620b84","location":"event_handler.rs:frame_path","message":"render_path_decision","data":{"hypothesisId":"H","frame":212,"can_skip":false,"camera_only":true,"dirty_roots":1,"dc_tris":732,"cache_tris":732,"cam_orbiting":true,"ctrl_cam_moved":true,"cam_dist":10.000},"timestamp":1778498357036}
{"sessionId":"620b84","location":"renderer_render.rs:frustum_cull","message":"cull_result","data":{"hypothesisId":"H","frame":212,"total_dc":2,"visible":2,"total_tris":732,"perf_mode":false,"interaction_active":true,"hdr":false},"timestamp":1778498357036}
{"sessionId":"620b84","location":"event_handler.rs:frame_path","message":"render_path_decision","data":{"hypothesisId":"H","frame":213,"can_skip":false,"camera_only":true,"dirty_roots":1,"dc_tris":732,"cache_tris":732,"cam_orbiting":true,"ctrl_cam_moved":true,"cam_dist":10.000},"timestamp":1778498357062}
{"sessionId":"620b84","location":"renderer_render.rs:frustum_cull","message":"cull_result","data":{"hypothesisId":"H","frame":213,"total_dc":2,"visible":2,"total_tris":732,"perf_mode":false,"interaction_active":true,"hdr":false},"timestamp":1778498357062}
{"sessionId":"620b84","location":"event_handler.rs:frame_path","message":"render_path_decision","data":{"hypothesisId":"H","frame":214,"can_skip":false,"camera_only":true,"dirty_roots":1,"dc_tris":732,"cache_tris":732,"cam_orbiting":true,"ctrl_cam_moved":true,"cam_dist":10.000},"timestamp":1778498357075}
{"sessionId":"620b84","location":"renderer_render.rs:frustum_cull","message":"cull_result","data":{"hypothesisId":"H","frame":214,"total_dc":2,"visible":2,"total_tris":732,"perf_mode":false,"interaction_active":true,"hdr":false},"timestamp":1778498357076}
{"sessionId":"620b84","location":"event_handler.rs:frame_path","message":"render_path_decision","data":{"hypothesisId":"H","frame":215,"can_skip":false,"camera_only":true,"dirty_roots":1,"dc_tris":732,"cache_tris":732,"cam_orbiting":true,"ctrl_cam_moved":true,"cam_dist":10.000},"timestamp":1778498357104}
{"sessionId":"620b84","location":"renderer_render.rs:frustum_cull","message":"cull_result","data":{"hypothesisId":"H","frame":215,"total_dc":2,"visible":2,"total_tris":732,"perf_mode":false,"interaction_active":true,"hdr":false},"timestamp":1778498357105}
{"sessionId":"620b84","location":"event_handler.rs:frame_path","message":"render_path_decision","data":{"hypothesisId":"H","frame":216,"can_skip":false,"camera_only":true,"dirty_roots":1,"dc_tris":732,"cache_tris":732,"cam_orbiting":true,"ctrl_cam_moved":true,"cam_dist":10.000},"timestamp":1778498357157}
{"sessionId":"620b84","location":"renderer_render.rs:frustum_cull","message":"cull_result","data":{"hypothesisId":"H","frame":216,"total_dc":2,"visible":2,"total_tris":732,"perf_mode":false,"interaction_active":true,"hdr":false},"timestamp":1778498357158}
{"sessionId":"620b84","location":"event_handler.rs:frame_path","message":"render_path_decision","data":{"hypothesisId":"H","frame":217,"can_skip":false,"camera_only":true,"dirty_roots":1,"dc_tris":732,"cache_tris":732,"cam_orbiting":true,"ctrl_cam_moved":true,"cam_dist":10.000},"timestamp":1778498357188}
{"sessionId":"620b84","location":"renderer_render.rs:frustum_cull","message":"cull_result","data":{"hypothesisId":"H","frame":217,"total_dc":2,"visible":2,"total_tris":732,"perf_mode":false,"interaction_active":true,"hdr":false},"timestamp":1778498357188}
{"sessionId":"620b84","location":"event_handler.rs:frame_path","message":"render_path_decision","data":{"hypothesisId":"H","frame":218,"can_skip":false,"camera_only":true,"dirty_roots":1,"dc_tris":732,"cache_tris":732,"cam_orbiting":true,"ctrl_cam_moved":true,"cam_dist":10.000},"timestamp":1778498357209}
{"sessionId":"620b84","location":"renderer_render.rs:frustum_cull","message":"cull_result","data":{"hypothesisId":"H","frame":218,"total_dc":2,"visible":2,"total_tris":732,"perf_mode":false,"interaction_active":true,"hdr":false},"timestamp":1778498357209}
{"sessionId":"620b84","location":"event_handler.rs:frame_path","message":"render_path_decision","data":{"hypothesisId":"H","frame":219,"can_skip":false,"camera_only":true,"dirty_roots":1,"dc_tris":732,"cache_tris":732,"cam_orbiting":true,"ctrl_cam_moved":true,"cam_dist":10.000},"timestamp":1778498357221}
{"sessionId":"620b84","location":"renderer_render.rs:frustum_cull","message":"cull_result","data":{"hypothesisId":"H","frame":219,"total_dc":2,"visible":2,"total_tris":732,"perf_mode":false,"interaction_active":true,"hdr":false},"timestamp":1778498357222}
{"sessionId":"620b84","location":"event_handler.rs:frame_path","message":"render_path_decision","data":{"hypothesisId":"H","frame":220,"can_skip":false,"camera_only":true,"dirty_roots":1,"dc_tris":732,"cache_tris":732,"cam_orbiting":true,"ctrl_cam_moved":true,"cam_dist":10.000},"timestamp":1778498357250}
{"sessionId":"620b84","location":"renderer_render.rs:frustum_cull","message":"cull_result","data":{"hypothesisId":"H","frame":220,"total_dc":2,"visible":2,"total_tris":732,"perf_mode":false,"interaction_active":true,"hdr":false},"timestamp":1778498357250}
{"sessionId":"620b84","location":"event_handler.rs:frame_path","message":"render_path_decision","data":{"hypothesisId":"H","frame":221,"can_skip":false,"camera_only":true,"dirty_roots":1,"dc_tris":732,"cache_tris":732,"cam_orbiting":true,"ctrl_cam_moved":true,"cam_dist":10.000},"timestamp":1778498357259}
{"sessionId":"620b84","location":"renderer_render.rs:frustum_cull","message":"cull_result","data":{"hypothesisId":"H","frame":221,"total_dc":2,"visible":2,"total_tris":732,"perf_mode":false,"interaction_active":true,"hdr":false},"timestamp":1778498357259}
{"sessionId":"620b84","location":"event_handler.rs:frame_path","message":"render_path_decision","data":{"hypothesisId":"H","frame":222,"can_skip":false,"camera_only":true,"dirty_roots":1,"dc_tris":732,"cache_tris":732,"cam_orbiting":true,"ctrl_cam_moved":true,"cam_dist":10.000},"timestamp":1778498357283}
{"sessionId":"620b84","location":"renderer_render.rs:frustum_cull","message":"cull_result","data":{"hypothesisId":"H","frame":222,"total_dc":2,"visible":2,"total_tris":732,"perf_mode":false,"interaction_active":true,"hdr":false},"timestamp":1778498357283}
{"sessionId":"620b84","location":"event_handler.rs:frame_path","message":"render_path_decision","data":{"hypothesisId":"H","frame":223,"can_skip":false,"camera_only":true,"dirty_roots":1,"dc_tris":732,"cache_tris":732,"cam_orbiting":true,"ctrl_cam_moved":true,"cam_dist":10.000},"timestamp":1778498357305}
{"sessionId":"620b84","location":"renderer_render.rs:frustum_cull","message":"cull_result","data":{"hypothesisId":"H","frame":223,"total_dc":2,"visible":2,"total_tris":732,"perf_mode":false,"interaction_active":true,"hdr":false},"timestamp":1778498357306}
{"sessionId":"620b84","location":"event_handler.rs:frame_path","message":"render_path_decision","data":{"hypothesisId":"H","frame":224,"can_skip":false,"camera_only":true,"dirty_roots":1,"dc_tris":732,"cache_tris":732,"cam_orbiting":true,"ctrl_cam_moved":true,"cam_dist":10.000},"timestamp":1778498357320}
{"sessionId":"620b84","location":"renderer_render.rs:frustum_cull","message":"cull_result","data":{"hypothesisId":"H","frame":224,"total_dc":2,"visible":2,"total_tris":732,"perf_mode":false,"interaction_active":true,"hdr":false},"timestamp":1778498357320}
{"sessionId":"620b84","location":"event_handler.rs:frame_path","message":"render_path_decision","data":{"hypothesisId":"H","frame":225,"can_skip":false,"camera_only":true,"dirty_roots":1,"dc_tris":732,"cache_tris":732,"cam_orbiting":true,"ctrl_cam_moved":true,"cam_dist":10.000},"timestamp":1778498357342}
{"sessionId":"620b84","location":"renderer_render.rs:frustum_cull","message":"cull_result","data":{"hypothesisId":"H","frame":225,"total_dc":2,"visible":2,"total_tris":732,"perf_mode":false,"interaction_active":true,"hdr":false},"timestamp":1778498357342}
{"sessionId":"620b84","location":"event_handler.rs:frame_path","message":"render_path_decision","data":{"hypothesisId":"H","frame":226,"can_skip":false,"camera_only":true,"dirty_roots":1,"dc_tris":732,"cache_tris":732,"cam_orbiting":true,"ctrl_cam_moved":true,"cam_dist":10.000},"timestamp":1778498357391}
{"sessionId":"620b84","location":"renderer_render.rs:frustum_cull","message":"cull_result","data":{"hypothesisId":"H","frame":226,"total_dc":2,"visible":2,"total_tris":732,"perf_mode":false,"interaction_active":true,"hdr":false},"timestamp":1778498357391}
{"sessionId":"620b84","location":"event_handler.rs:frame_path","message":"render_path_decision","data":{"hypothesisId":"H","frame":227,"can_skip":false,"camera_only":true,"dirty_roots":1,"dc_tris":732,"cache_tris":732,"cam_orbiting":true,"ctrl_cam_moved":true,"cam_dist":10.000},"timestamp":1778498357405}
{"sessionId":"620b84","location":"renderer_render.rs:frustum_cull","message":"cull_result","data":{"hypothesisId":"H","frame":227,"total_dc":2,"visible":2,"total_tris":732,"perf_mode":false,"interaction_active":true,"hdr":false},"timestamp":1778498357406}
{"sessionId":"620b84","location":"event_handler.rs:frame_path","message":"render_path_decision","data":{"hypothesisId":"H","frame":228,"can_skip":true,"camera_only":false,"dirty_roots":0,"dc_tris":732,"cache_tris":732,"cam_orbiting":true,"ctrl_cam_moved":false,"cam_dist":10.000},"timestamp":1778498357440}
{"sessionId":"620b84","location":"renderer_render.rs:frustum_cull","message":"cull_result","data":{"hypothesisId":"H","frame":228,"total_dc":2,"visible":2,"total_tris":732,"perf_mode":false,"interaction_active":true,"hdr":false},"timestamp":1778498357440}
{"sessionId":"620b84","location":"event_handler.rs:frame_path","message":"render_path_decision","data":{"hypothesisId":"H","frame":229,"can_skip":true,"camera_only":false,"dirty_roots":0,"dc_tris":732,"cache_tris":732,"cam_orbiting":true,"ctrl_cam_moved":false,"cam_dist":10.000},"timestamp":1778498357460}
{"sessionId":"620b84","location":"renderer_render.rs:frustum_cull","message":"cull_result","data":{"hypothesisId":"H","frame":229,"total_dc":2,"visible":2,"total_tris":732,"perf_mode":false,"interaction_active":true,"hdr":false},"timestamp":1778498357460}
{"sessionId":"620b84","location":"event_handler.rs:frame_path","message":"render_path_decision","data":{"hypothesisId":"H","frame":230,"can_skip":true,"camera_only":false,"dirty_roots":0,"dc_tris":732,"cache_tris":732,"cam_orbiting":true,"ctrl_cam_moved":false,"cam_dist":10.000},"timestamp":1778498357495}
{"sessionId":"620b84","location":"renderer_render.rs:frustum_cull","message":"cull_result","data":{"hypothesisId":"H","frame":230,"total_dc":2,"visible":2,"total_tris":732,"perf_mode":false,"interaction_active":true,"hdr":false},"timestamp":1778498357495}
{"sessionId":"620b84","location":"event_handler.rs:frame_path","message":"render_path_decision","data":{"hypothesisId":"H","frame":231,"can_skip":true,"camera_only":false,"dirty_roots":0,"dc_tris":732,"cache_tris":732,"cam_orbiting":true,"ctrl_cam_moved":false,"cam_dist":10.000},"timestamp":1778498357524}
{"sessionId":"620b84","location":"renderer_render.rs:frustum_cull","message":"cull_result","data":{"hypothesisId":"H","frame":231,"total_dc":2,"visible":2,"total_tris":732,"perf_mode":false,"interaction_active":true,"hdr":false},"timestamp":1778498357524}
{"sessionId":"620b84","location":"event_handler.rs:frame_path","message":"render_path_decision","data":{"hypothesisId":"H","frame":232,"can_skip":true,"camera_only":false,"dirty_roots":0,"dc_tris":732,"cache_tris":732,"cam_orbiting":true,"ctrl_cam_moved":false,"cam_dist":10.000},"timestamp":1778498357555}
{"sessionId":"620b84","location":"renderer_render.rs:frustum_cull","message":"cull_result","data":{"hypothesisId":"H","frame":232,"total_dc":2,"visible":2,"total_tris":732,"perf_mode":false,"interaction_active":true,"hdr":false},"timestamp":1778498357555}
{"sessionId":"620b84","location":"event_handler.rs:frame_path","message":"render_path_decision","data":{"hypothesisId":"H","frame":233,"can_skip":false,"camera_only":true,"dirty_roots":1,"dc_tris":732,"cache_tris":732,"cam_orbiting":true,"ctrl_cam_moved":true,"cam_dist":10.000},"timestamp":1778498357573}
{"sessionId":"620b84","location":"renderer_render.rs:frustum_cull","message":"cull_result","data":{"hypothesisId":"H","frame":233,"total_dc":2,"visible":2,"total_tris":732,"perf_mode":false,"interaction_active":true,"hdr":false},"timestamp":1778498357573}
{"sessionId":"620b84","location":"event_handler.rs:frame_path","message":"render_path_decision","data":{"hypothesisId":"H","frame":234,"can_skip":false,"camera_only":true,"dirty_roots":1,"dc_tris":732,"cache_tris":732,"cam_orbiting":true,"ctrl_cam_moved":true,"cam_dist":10.000},"timestamp":1778498357604}
{"sessionId":"620b84","location":"renderer_render.rs:frustum_cull","message":"cull_result","data":{"hypothesisId":"H","frame":234,"total_dc":2,"visible":2,"total_tris":732,"perf_mode":false,"interaction_active":true,"hdr":false},"timestamp":1778498357605}
{"sessionId":"620b84","location":"event_handler.rs:frame_path","message":"render_path_decision","data":{"hypothesisId":"H","frame":235,"can_skip":false,"camera_only":true,"dirty_roots":1,"dc_tris":732,"cache_tris":732,"cam_orbiting":true,"ctrl_cam_moved":true,"cam_dist":10.000},"timestamp":1778498357620}
{"sessionId":"620b84","location":"renderer_render.rs:frustum_cull","message":"cull_result","data":{"hypothesisId":"H","frame":235,"total_dc":2,"visible":2,"total_tris":732,"perf_mode":false,"interaction_active":true,"hdr":false},"timestamp":1778498357621}
{"sessionId":"620b84","location":"event_handler.rs:frame_path","message":"render_path_decision","data":{"hypothesisId":"H","frame":236,"can_skip":false,"camera_only":true,"dirty_roots":1,"dc_tris":732,"cache_tris":732,"cam_orbiting":true,"ctrl_cam_moved":true,"cam_dist":10.000},"timestamp":1778498357641}
{"sessionId":"620b84","location":"renderer_render.rs:frustum_cull","message":"cull_result","data":{"hypothesisId":"H","frame":236,"total_dc":2,"visible":2,"total_tris":732,"perf_mode":false,"interaction_active":true,"hdr":false},"timestamp":1778498357641}
{"sessionId":"620b84","location":"event_handler.rs:frame_path","message":"render_path_decision","data":{"hypothesisId":"H","frame":237,"can_skip":false,"camera_only":true,"dirty_roots":1,"dc_tris":732,"cache_tris":732,"cam_orbiting":true,"ctrl_cam_moved":true,"cam_dist":10.000},"timestamp":1778498357659}
{"sessionId":"620b84","location":"renderer_render.rs:frustum_cull","message":"cull_result","data":{"hypothesisId":"H","frame":237,"total_dc":2,"visible":2,"total_tris":732,"perf_mode":false,"interaction_active":true,"hdr":false},"timestamp":1778498357659}
{"sessionId":"620b84","location":"event_handler.rs:frame_path","message":"render_path_decision","data":{"hypothesisId":"H","frame":238,"can_skip":false,"camera_only":true,"dirty_roots":1,"dc_tris":732,"cache_tris":732,"cam_orbiting":true,"ctrl_cam_moved":true,"cam_dist":10.000},"timestamp":1778498357682}
{"sessionId":"620b84","location":"renderer_render.rs:frustum_cull","message":"cull_result","data":{"hypothesisId":"H","frame":238,"total_dc":2,"visible":2,"total_tris":732,"perf_mode":false,"interaction_active":true,"hdr":false},"timestamp":1778498357682}
{"sessionId":"620b84","location":"event_handler.rs:frame_path","message":"render_path_decision","data":{"hypothesisId":"H","frame":239,"can_skip":false,"camera_only":true,"dirty_roots":1,"dc_tris":732,"cache_tris":732,"cam_orbiting":true,"ctrl_cam_moved":true,"cam_dist":10.000},"timestamp":1778498357706}
{"sessionId":"620b84","location":"renderer_render.rs:frustum_cull","message":"cull_result","data":{"hypothesisId":"H","frame":239,"total_dc":2,"visible":2,"total_tris":732,"perf_mode":false,"interaction_active":true,"hdr":false},"timestamp":1778498357707}
{"sessionId":"620b84","location":"event_handler.rs:frame_path","message":"render_path_decision","data":{"hypothesisId":"H","frame":240,"can_skip":false,"camera_only":true,"dirty_roots":1,"dc_tris":732,"cache_tris":732,"cam_orbiting":true,"ctrl_cam_moved":true,"cam_dist":10.000},"timestamp":1778498357730}
{"sessionId":"620b84","location":"renderer_render.rs:frustum_cull","message":"cull_result","data":{"hypothesisId":"H","frame":240,"total_dc":2,"visible":2,"total_tris":732,"perf_mode":false,"interaction_active":true,"hdr":false},"timestamp":1778498357771}
{"sessionId":"620b84","location":"event_handler.rs:frame_path","message":"render_path_decision","data":{"hypothesisId":"H","frame":241,"can_skip":false,"camera_only":true,"dirty_roots":1,"dc_tris":732,"cache_tris":732,"cam_orbiting":true,"ctrl_cam_moved":true,"cam_dist":10.000},"timestamp":1778498357777}
{"sessionId":"620b84","location":"renderer_render.rs:frustum_cull","message":"cull_result","data":{"hypothesisId":"H","frame":241,"total_dc":2,"visible":2,"total_tris":732,"perf_mode":false,"interaction_active":true,"hdr":false},"timestamp":1778498357778}
{"sessionId":"620b84","location":"event_handler.rs:frame_path","message":"render_path_decision","data":{"hypothesisId":"H","frame":242,"can_skip":true,"camera_only":false,"dirty_roots":0,"dc_tris":732,"cache_tris":732,"cam_orbiting":true,"ctrl_cam_moved":false,"cam_dist":10.000},"timestamp":1778498357781}
{"sessionId":"620b84","location":"renderer_render.rs:frustum_cull","message":"cull_result","data":{"hypothesisId":"H","frame":242,"total_dc":2,"visible":2,"total_tris":732,"perf_mode":false,"interaction_active":true,"hdr":false},"timestamp":1778498357782}
{"sessionId":"620b84","location":"event_handler.rs:frame_path","message":"render_path_decision","data":{"hypothesisId":"H","frame":243,"can_skip":false,"camera_only":true,"dirty_roots":1,"dc_tris":732,"cache_tris":732,"cam_orbiting":true,"ctrl_cam_moved":true,"cam_dist":10.000},"timestamp":1778498357789}
{"sessionId":"620b84","location":"renderer_render.rs:frustum_cull","message":"cull_result","data":{"hypothesisId":"H","frame":243,"total_dc":2,"visible":2,"total_tris":732,"perf_mode":false,"interaction_active":true,"hdr":false},"timestamp":1778498357790}
{"sessionId":"620b84","location":"event_handler.rs:frame_path","message":"render_path_decision","data":{"hypothesisId":"H","frame":244,"can_skip":false,"camera_only":true,"dirty_roots":1,"dc_tris":732,"cache_tris":732,"cam_orbiting":true,"ctrl_cam_moved":true,"cam_dist":10.000},"timestamp":1778498357825}
{"sessionId":"620b84","location":"renderer_render.rs:frustum_cull","message":"cull_result","data":{"hypothesisId":"H","frame":244,"total_dc":2,"visible":2,"total_tris":732,"perf_mode":false,"interaction_active":true,"hdr":false},"timestamp":1778498357825}
{"sessionId":"620b84","location":"event_handler.rs:frame_path","message":"render_path_decision","data":{"hypothesisId":"H","frame":245,"can_skip":false,"camera_only":true,"dirty_roots":1,"dc_tris":732,"cache_tris":732,"cam_orbiting":true,"ctrl_cam_moved":true,"cam_dist":10.000},"timestamp":1778498357838}
{"sessionId":"620b84","location":"renderer_render.rs:frustum_cull","message":"cull_result","data":{"hypothesisId":"H","frame":245,"total_dc":2,"visible":2,"total_tris":732,"perf_mode":false,"interaction_active":true,"hdr":false},"timestamp":1778498357838}
{"sessionId":"620b84","location":"event_handler.rs:frame_path","message":"render_path_decision","data":{"hypothesisId":"H","frame":246,"can_skip":false,"camera_only":true,"dirty_roots":1,"dc_tris":732,"cache_tris":732,"cam_orbiting":true,"ctrl_cam_moved":true,"cam_dist":10.000},"timestamp":1778498357870}
{"sessionId":"620b84","location":"renderer_render.rs:frustum_cull","message":"cull_result","data":{"hypothesisId":"H","frame":246,"total_dc":2,"visible":2,"total_tris":732,"perf_mode":false,"interaction_active":true,"hdr":false},"timestamp":1778498357871}
{"sessionId":"620b84","location":"event_handler.rs:frame_path","message":"render_path_decision","data":{"hypothesisId":"H","frame":247,"can_skip":false,"camera_only":true,"dirty_roots":1,"dc_tris":732,"cache_tris":732,"cam_orbiting":true,"ctrl_cam_moved":true,"cam_dist":10.000},"timestamp":1778498357907}
{"sessionId":"620b84","location":"renderer_render.rs:frustum_cull","message":"cull_result","data":{"hypothesisId":"H","frame":247,"total_dc":2,"visible":2,"total_tris":732,"perf_mode":false,"interaction_active":true,"hdr":false},"timestamp":1778498357908}
{"sessionId":"620b84","location":"event_handler.rs:frame_path","message":"render_path_decision","data":{"hypothesisId":"H","frame":248,"can_skip":false,"camera_only":true,"dirty_roots":1,"dc_tris":732,"cache_tris":732,"cam_orbiting":true,"ctrl_cam_moved":true,"cam_dist":10.000},"timestamp":1778498357927}
{"sessionId":"620b84","location":"renderer_render.rs:frustum_cull","message":"cull_result","data":{"hypothesisId":"H","frame":248,"total_dc":2,"visible":2,"total_tris":732,"perf_mode":false,"interaction_active":true,"hdr":false},"timestamp":1778498357927}
{"sessionId":"620b84","location":"event_handler.rs:frame_path","message":"render_path_decision","data":{"hypothesisId":"H","frame":249,"can_skip":false,"camera_only":true,"dirty_roots":1,"dc_tris":732,"cache_tris":732,"cam_orbiting":true,"ctrl_cam_moved":true,"cam_dist":10.000},"timestamp":1778498357965}
{"sessionId":"620b84","location":"renderer_render.rs:frustum_cull","message":"cull_result","data":{"hypothesisId":"H","frame":249,"total_dc":2,"visible":2,"total_tris":732,"perf_mode":false,"interaction_active":true,"hdr":false},"timestamp":1778498358023}
{"sessionId":"620b84","location":"event_handler.rs:frame_path","message":"render_path_decision","data":{"hypothesisId":"H","frame":250,"can_skip":false,"camera_only":true,"dirty_roots":1,"dc_tris":732,"cache_tris":732,"cam_orbiting":true,"ctrl_cam_moved":true,"cam_dist":10.000},"timestamp":1778498358031}
{"sessionId":"620b84","location":"renderer_render.rs:frustum_cull","message":"cull_result","data":{"hypothesisId":"H","frame":250,"total_dc":2,"visible":2,"total_tris":732,"perf_mode":false,"interaction_active":true,"hdr":false},"timestamp":1778498358032}
{"sessionId":"620b84","location":"event_handler.rs:frame_path","message":"render_path_decision","data":{"hypothesisId":"H","frame":251,"can_skip":false,"camera_only":true,"dirty_roots":1,"dc_tris":732,"cache_tris":732,"cam_orbiting":true,"ctrl_cam_moved":true,"cam_dist":10.000},"timestamp":1778498358060}
{"sessionId":"620b84","location":"renderer_render.rs:frustum_cull","message":"cull_result","data":{"hypothesisId":"H","frame":251,"total_dc":2,"visible":2,"total_tris":732,"perf_mode":false,"interaction_active":true,"hdr":false},"timestamp":1778498358061}
{"sessionId":"620b84","location":"event_handler.rs:frame_path","message":"render_path_decision","data":{"hypothesisId":"H","frame":252,"can_skip":false,"camera_only":true,"dirty_roots":1,"dc_tris":732,"cache_tris":732,"cam_orbiting":true,"ctrl_cam_moved":true,"cam_dist":10.000},"timestamp":1778498358077}
{"sessionId":"620b84","location":"renderer_render.rs:frustum_cull","message":"cull_result","data":{"hypothesisId":"H","frame":252,"total_dc":2,"visible":2,"total_tris":732,"perf_mode":false,"interaction_active":true,"hdr":false},"timestamp":1778498358077}
{"sessionId":"620b84","location":"event_handler.rs:frame_path","message":"render_path_decision","data":{"hypothesisId":"H","frame":253,"can_skip":true,"camera_only":false,"dirty_roots":0,"dc_tris":732,"cache_tris":732,"cam_orbiting":true,"ctrl_cam_moved":false,"cam_dist":10.000},"timestamp":1778498358137}
{"sessionId":"620b84","location":"renderer_render.rs:frustum_cull","message":"cull_result","data":{"hypothesisId":"H","frame":253,"total_dc":2,"visible":2,"total_tris":732,"perf_mode":false,"interaction_active":true,"hdr":false},"timestamp":1778498358137}
{"sessionId":"620b84","location":"event_handler.rs:frame_path","message":"render_path_decision","data":{"hypothesisId":"H","frame":254,"can_skip":true,"camera_only":false,"dirty_roots":0,"dc_tris":732,"cache_tris":732,"cam_orbiting":true,"ctrl_cam_moved":false,"cam_dist":10.000},"timestamp":1778498358161}
{"sessionId":"620b84","location":"renderer_render.rs:frustum_cull","message":"cull_result","data":{"hypothesisId":"H","frame":254,"total_dc":2,"visible":2,"total_tris":732,"perf_mode":false,"interaction_active":true,"hdr":false},"timestamp":1778498358161}
{"sessionId":"620b84","location":"event_handler.rs:frame_path","message":"render_path_decision","data":{"hypothesisId":"H","frame":255,"can_skip":true,"camera_only":false,"dirty_roots":0,"dc_tris":732,"cache_tris":732,"cam_orbiting":true,"ctrl_cam_moved":false,"cam_dist":10.000},"timestamp":1778498358188}
{"sessionId":"620b84","location":"renderer_render.rs:frustum_cull","message":"cull_result","data":{"hypothesisId":"H","frame":255,"total_dc":2,"visible":2,"total_tris":732,"perf_mode":false,"interaction_active":true,"hdr":false},"timestamp":1778498358189}
{"sessionId":"620b84","location":"event_handler.rs:frame_path","message":"render_path_decision","data":{"hypothesisId":"H","frame":256,"can_skip":true,"camera_only":false,"dirty_roots":0,"dc_tris":732,"cache_tris":732,"cam_orbiting":true,"ctrl_cam_moved":false,"cam_dist":10.000},"timestamp":1778498358206}
{"sessionId":"620b84","location":"renderer_render.rs:frustum_cull","message":"cull_result","data":{"hypothesisId":"H","frame":256,"total_dc":2,"visible":2,"total_tris":732,"perf_mode":false,"interaction_active":true,"hdr":false},"timestamp":1778498358206}
