DBRep_DrawableShape

CASCADE Topology V3, (c) Open Cascade
Locations 0
Curve2ds 136
1 0 0 0 1 
7 0 0  1 2 2  0.763337317515 0  0.763337317515 150 
 0 2 150 2
7 0 0  7 14 3  0.067717183698809996 3.0071132588579998  0.058626617823900003 3.2783945459880002  0.050250325259099997 3.556838533134  0.042608213637630003 3.8403982152260001  0.035705776449420003 4.1270094585560004  0.02953927910421 4.4146564711979996  0.024098928613539999 4.7014323020879996  0.01360063716933 5.3322798792150001  0.0088916053656170006 5.6749921877620002  0.0052156781093910002 6.0105531802660002  0.0025401611341300001 6.3358396892049997  0.00082172339685639996 6.6479440935260001  3.1696408658069998e-14 6.9444958856019996  3.078097571357e-16 7.2237904402220003 
 0 8 0.45044488876700001 6 1 8
7 0 0  7 14 3  10.801379516014 23.402878602600001  10.095601515679 23.492379005402999  9.3960608457049997 23.594335195585  8.7022061116170004 23.706718922216002  8.0129924649929993 23.827202058448002  7.3270035363590003 23.953395651371999  6.6425499360479998 24.083028699105999  5.1222627042289997 24.373936553275001  4.2864560073569997 24.535859005858999  3.446933800944 24.696128305788001  2.6006265844879999 24.851411038060998  1.744987514165 24.999026078524999  0.87833984772700002 25.137154875768999  0 25.264751901939 
 0 8 0.45044488876700001 6 1 8
7 0 0  9 34 5  0.067717182373259993 3.007113252461  0.085827353256189995 3.0945099627319999  0.10388993026600001 3.1847374817479999  0.12191120921699999 3.277798051  0.13989864634999999 3.3736834764360002  0.15786087776400001 3.4723735338030002  0.17580773884699999 3.5738343739960001  0.19375028370899999 3.6780169284049999  0.21170080461400001 3.7848553142619998  0.24764489819900001 4.0036751657160004  0.26563847175799998 4.115657069729  0.28366710478200002 4.2301219317959999  0.30174582133799999 4.3469810106280002  0.319889882716 4.4660783426519997  0.338119183657 4.5873097453830001  0.35644976877700002 4.7104617683549996  0.37490301272400001 4.8353435712620003  0.41209600478800001 5.0880805701570004  0.43083581553400002 5.2159365759360004  0.449739684167 5.34503628583  0.468829580079 5.4751075204679998  0.488128286927 5.6058416267359998  0.50765896259700005 5.736890679999  0.52744467106100001 5.8678699851860001  0.54750788615099999 5.9983658766900003  0.58823204830700004 6.2575317575350002  0.60889292134999995 6.3862012084320003  0.62987420517000003 6.5135305556910001  0.65119403034400003 6.6390549640660002  0.67287344287499995 6.7623486500209999  0.69491710285499997 6.8828620636120004  0.71734408719599996 7.0002206277749996  0.74015149854899998 7.1139767199530004  0.763337317515 7.2237904402220003 
 4.1109500656779998 10 9.3994005247419992 8 14.687850983805999 8 19.976301442871002 8 25.264751901935 10
1 0 0 0 1 
1 0.763337317515 0 0 1 
7 0 0  1 2 2  0 0  0 150 
 0 2 150 2
1 0 150 1 0 
7 0 0  1 2 2  0 0  0 150 
 0 2 150 2
1 0.763337317515 0 0 1 
7 0 0  7 14 3  0.067717183698809996 3.0071132588579998  0.0586266218777 3.278394425014  0.05025032901906 3.5568383951109999  0.04260821564555 3.8403981230589999  0.035705777027279999 4.127009424443  0.029539279141749999 4.4146564695160002  0.0240989286504 4.7014322998739999  0.01360063716933 5.3322798792150001  0.0088916053656130003 5.6749921877630003  0.0052156781094329996 6.0105531802650001  0.002540161134116 6.3358396892049997  0.00082172339689600001 6.6479440935260001  4.9955497890820002e-14 6.9444958856019996  3.839380843439e-15 7.2237904402220003 
 0 8 0.45044489069600002 6 1 8
7 0 0  7 14 3  10.801379516013 23.402878602596999  10.095601830408 23.492378965488999  9.3960611825919997 23.594335141327001  8.7022063301989991 23.706718881682001  8.0129925459979994 23.827202042366999  7.3270035408199998 23.953395650830998  6.6425499413839999 24.083028698082  5.1222627042289997 24.373936553271999  4.2864560073550004 24.535859005856  3.4469338009450001 24.696128305786001  2.6006265844860001 24.851411038056  1.7449875141660001 24.999026078524  0.87833984772700002 25.137154875766999  0 25.264751901935998 
 0 8 0.45044489069600002 6 1 8
7 0 0  9 34 5  0.067717182373269999 3.007113252461  0.085827353256189995 3.0945099627319999  0.10388993026600001 3.1847374817479999  0.12191120921699999 3.277798051  0.13989864634999999 3.3736834764360002  0.15786087776400001 3.4723735338030002  0.17580773884699999 3.5738343739960001  0.19375028370899999 3.6780169284039999  0.21170080461400001 3.7848553142619998  0.24764489819900001 4.0036751657160004  0.26563847175799998 4.115657069729  0.28366710478200002 4.2301219317959999  0.30174582133799999 4.3469810106260001  0.319889882716 4.4660783426539998  0.338119183657 4.5873097453809999  0.35644976877700002 4.7104617683549996  0.37490301272400001 4.8353435712620003  0.41209600478800001 5.0880805701570004  0.43083581553400002 5.2159365759360004  0.449739684167 5.3450362858279998  0.468829580079 5.4751075204699999  0.488128286927 5.6058416267349997  0.50765896259700005 5.7368906800000001  0.52744467106100001 5.8678699851860001  0.54750788615099999 5.9983658766900003  0.58823204830700004 6.2575317575350002  0.60889292134999995 6.3862012084320003  0.62987420517000003 6.5135305556910001  0.65119403034400003 6.6390549640660002  0.67287344287499995 6.7623486500209999  0.69491710285499997 6.8828620636110003  0.71734408719599996 7.0002206277749996  0.74015149854899998 7.1139767199530004  0.763337317515 7.2237904402220003 
 4.1109500656779998 10 9.3994005247429993 8 14.687850983808 8 19.976301442874 8 25.264751901939 10
1 0 0 0 1 
1 0 150 1 0 
7 0 0  5 34 9  26.174596211341001 20.335138557897999  25.753369129568 20.409641003278001  25.335520361886999 20.485584002204  24.921148305100001 20.562867725589001  24.510339650346999 20.641365526007  23.683244056875999 20.802972311038001  23.267187724629 20.886148750825001  22.855069416355999 20.970285301234998  22.446942121802 21.055183554090998  21.621642192823 21.229665412719999  21.204815814879002 21.319295466241002  20.792379583504001 21.409256008787001  20.384326019420001 21.499263561500001  19.562484099706001 21.681975001112001  19.149010538062001 21.774660546044  18.740138448789999 21.866740670142999  18.335771307771001 21.957862937701002  17.543157300977001 22.135834904247002  17.154750378098999 22.222732508263999  16.770421095343998 22.308040673678001  16.390000004657999 22.391432992734  15.643950687582 22.552194932789  15.278178394511 22.629650544985001  14.915787334352 22.704690774067998  14.55656458705 22.777055342086999  13.848535741652 22.915107672573001  13.499654962871 22.980868704603001  13.153425896904 23.043593215211001  12.809618273189001 23.103105959979999  12.130846886900001 23.214714747917998  11.795825933853999 23.266897512442998  11.462719951588999 23.315699929876999  11.131307773570001 23.361039947824999  10.801379494935 23.402878486589 
 0 6 0.11785583508399999 4 0.23939989033199999 4 0.36608007762299999 4 0.49728152840099998 4 0.62606051465000001 4 0.75231971933200004 4 0.87697339265200003 4 1 6
7 0 0  5 34 9  26.174596211352998 5.7321746659150001  25.593174602303002 5.6940454687889996  25.009925743871001 5.6551232392879998  24.424786476005 5.6154527731300004  23.837693313477999 5.575092116695  22.641048234052001 5.4918529715910003  22.031368062797998 5.4489351903039998  21.419484965001001 5.4054397619800003  20.805339894121001 5.3614622214379999  19.546382027635001 5.2708897201209997  18.901369531724999 5.2242626553960001  18.253795186282002 5.1773566927949997  17.603617093040999 5.1303141283129996  16.274711967285999 5.0345861217300003  15.595793731899001 4.9859019303440002  14.914035455456 4.9374079801970003  14.229433823521999 4.8892890596049998  12.86728672546 4.7950546839600001  12.189843889295 4.7489185994380003  11.509709353990999 4.7035019600950001  10.826930332345 4.658984385069  9.4696411338789996 4.572937988044  8.7952300619650003 4.5313676891370003  8.1184170540749996 4.4909857075290001  7.4392928957200004 4.4519434457319997  6.0853082758769999 4.377281355899  5.4105027980370002 4.341624281573  4.7336591095209997 4.3075300814829998  4.0548991757890001 4.2751083241350001  2.702697006972 4.2141805052589998  2.029300327794 4.185628825487  1.3542949872079999 4.1588714254020003  0.67781582532499995 4.1339671920149996  0 4.1109500656779998 
 0 6 0.11785583508399999 4 0.23939989033199999 4 0.36608007762299999 4 0.49728152840099998 4 0.62606051465000001 4 0.75231971933200004 4 0.87697339265200003 4 1 6
7 0 0  6 187 38  26.174596211356999 5.7321746514190002  26.173495475165002 5.7321024749439999  26.171293866165001 5.7319581333849996  26.167057151586 5.7316802667870004  26.161049919879002 5.7312861960800001  26.154735580722999 5.7308719230819998  26.120827119146998 5.7286469453170001  26.090521771407001 5.7266566487980004  26.060231873544002 5.7246656529799997  26.030092596163001 5.7226828320680001  26.000002728731001 5.7207015224340001  25.927968254806 5.7159542457679997  25.886019866978 5.7131864709410003  25.844109678311 5.7104178905429999  25.802337167497001 5.7076551657010004  25.760570490250998 5.7048896596679999  25.681058476838999 5.6996187226919997  25.643329191235001 5.6971150460660001  25.605606060412999 5.6946091422749996  25.568016549614999 5.6921095465390001  25.530466961744999 5.6896101031209998  25.450686838525002 5.6842941882979998  25.408448510429999 5.6814766072929999  25.366245771751998 5.6786581852119999  25.324174721451001 5.6758454255300004  25.282108059367001 5.6730298970759998  25.202031819430001 5.6676644082590002  25.164038156164001 5.6651161778750003  25.126049356227998 5.6625657331479999  25.088188440587999 5.6600213980270002  25.050365021114999 5.6574771694869996  24.970012021325001 5.6520669064330002  24.927474946722999 5.6491997971509997  24.884970779679001 5.6463318150899999  24.842592139657999 5.6434692915879996  24.800216404111001 5.6406040203890004  24.719558860183 5.6351445627479997  24.681292718133001 5.6325520389720003  24.643030326262 5.6299573988220004  24.604889918194999 5.6273686577179998  24.566784299742 5.6247799011369999  24.485841162235999 5.6192759748250003  24.442996347697999 5.6163597298510002  24.400181686404999 5.6134425849170002  24.357486216617001 5.6105306844970002  24.314792129440999 5.6076160669719997  24.233535853321001 5.6020634475989999  24.194989182042001 5.5994270791070004  24.156444897964999 5.5967886154039999  24.118016531950001 5.5941558285759996  24.079620398441001 5.5915229912109998  23.998069521093001 5.5859263191400004  23.954907798684001 5.5829614551380002  23.911773402672001 5.5799956693029999  23.868751686601001 5.5770349043429999  23.825729793623999 5.5740714632869999  23.743857031219999 5.5684267315370004  23.705021522675999 5.5657470406179996  23.666187004967 5.5630652838119996  23.627462171712001 5.5603889705259997  23.588766946541 5.5577125750159997  23.506590416988001 5.5520243260540001  23.463102459392001 5.5490114936039996  23.419638929007 5.5459977236010003  23.376281389542001 5.5429887419849999  23.332922076684 5.5399771366630004  23.250414779315999 5.5342416032820001  23.211281990183 5.5315192369309996  23.172148762748002 5.5287948429530003  23.133118816963002 5.5260756485789999  23.094115787652001 5.5233563443770004  23.011295415477001 5.517577958175  22.967471643625 5.5145179198290002  22.923669549439001 5.5114569997420002  22.87996657783 5.5084006275200004  22.836259978133 5.505341631856  22.753099839602999 5.499516888924  22.713661208543002 5.4967526282219996  22.674220678106 5.4939863878970003  22.634876856502999 5.4912250934570004  22.595557192979001 5.4884636664490003  22.512074550198999 5.4825968737919997  22.467905488404998 5.4794906148900004  22.423755054333999 5.4763834664040001  22.379696696894001 5.4732806184239999  22.335633052001 5.4701752324659996  22.251801547823 5.4642631737979999  22.212048415466001 5.4614579436039996  22.17229189179 5.4586507923859999  22.132625333871001 5.4558483244450002  22.092980109570998 5.4530457068900002  22.008816574089 5.447092550522  21.964292535796002 5.44394118631  21.919784004836998 5.4407889338570001  21.875360326346001 5.4376407288420001  21.830929668421 5.434490085767  21.746408106672 5.4284929283199999  21.706331738525002 5.4256478072530001  21.666250457570001 5.4228008352400003  21.626252229428999 5.4199582760689999  21.586272445454998 5.4171155568360003  21.501409252904001 5.4110784129849998  21.456520481649999 5.4078832356850004  21.411644028552999 5.4046871818510001  21.366845026684999 5.4014949180579999  21.322037322612001 5.398300331643  21.23680689775 5.3922206371670001  21.196398510230999 5.3893368678069997  21.155983660469001 5.386451329971  21.115644781817 5.3835699279479998  21.075321394342001 5.3806883629710001  20.989739696305001 5.3745699632859996  20.944476396496999 5.3713324535520002  20.899222159017 5.3680940906070003  20.854037796423999 5.3648592575310001  20.808842980215999 5.3616222338770001  20.722884834902999 5.3554629309889998  20.682135624712998 5.3525419302339996  20.641378376801999 5.3496192568029999  20.600689851428001 5.3467004369620001  20.560013802571 5.3437814598489997  20.473694732089999 5.3375849136099998  20.428047103610002 5.3343067521150003  20.382405217616 5.3310277736640002  20.336825457939 5.3277520638610003  20.291233467123998 5.3244743132360002  20.204528761547 5.3182387196759997  20.163429938570999 5.3152820891620003  20.122321478574001 5.3123238960599997  20.081274328428002 5.309369270705  20.040236580796002 5.3064145034059997  19.953161325566999 5.3001433198220003  19.907119602392999 5.2968263988619997  19.86108024104 5.2935087114990003  19.815095089088 5.2901940324309997  19.769095905257 5.2868774811170001  19.681625894321002 5.2805693259630004  19.640168718226001 5.2775788624509996  19.598700284555999 5.2745869616930001  19.557285587637999 5.2715983409699998  19.515877162698001 5.2686096043959996  19.428027046315002 5.262267714749  19.381581539351 5.258914149742  19.335134956505001 5.2555598846020004  19.288734502745001 5.2522083703569997  19.242318196465 5.2488551723669996  19.154064315181 5.2424786179640002  19.112240135869001 5.2394563235689997  19.070403060099 5.2364327334849996  19.028611992289999 5.2334121357840004  18.986824012726998 5.2303914602469996  18.898180584264001 5.223983239611  18.851321728525001 5.2205953803470004  18.804458306571 5.2172069043810003  18.757632776106998 5.2138209271360001  18.710789556317 5.2104334756500004  18.615167100251 5.2035182704059997  18.566836404835001 5.2000229452240001  18.520867029729999 5.1966982716269996  18.474997813013999 5.1933808638540002  18.422517713352999 5.1895852201270003  18.294416220845999 5.1803205613249999  18.221638327708 5.1750571443810003  18.157133416450002 5.1703923902179998  18.109083811632999 5.1669180547450004  18.070460580871 5.1641252216110001  17.293702226543001 5.1079651001849999  16.563047323204 5.0552073621020002  15.824315711955 5.0021143854689996  15.076896026903 4.948840970489  14.322434800101 4.8957455548000004  12.816818446467 4.791541582062  12.06703557707 4.740506596695  11.315671746411001 4.6904201068409996  10.56276132973 4.6414809916069997  9.8083506116979997 4.5938782171729997  8.3020141816049993 4.5020170023470003  7.5501087109049996 4.4577371710099998  6.7968370789119996 4.4151131639079999  6.0422657728119997 4.3742970271120001  5.2864692751550004 4.335419847881  3.776168491115 4.2619295407109998  3.0236624438650002 4.2273939382380004  2.2691240265110002 4.194920022592  1.512003920995 4.1645910514290003  0.75417734601800002 4.1365602603729998  0 4.1109500656779998 
 0 7 0.0014025051676280001 5 0.012011670028670001 5 0.02655967064959 5 0.039471620669139999 5 0.053793376724359999 5 0.066510879566210004 5 0.080621480813169999 5 0.0931578345837 5 0.107071963886 5 0.119440117687 5 0.133172078671 5 0.145384657108 5 0.15894840185699999 5 0.17101772905599999 5 0.18442688428199999 5 0.196365006924 5 0.20963289870999999 5 0.22145160684099999 5 0.23459128385799999 5 0.24630213182399999 5 0.25932638805399999 5 0.27094071398899999 5 0.28386210999400002 5 0.29539105426500001 5 0.30822193730000003 5 0.31967645991499999 5 0.33242898285799999 5 0.343819879813 5 0.35650601893 5 0.36784393749700001 5 0.38047550899299998 5 0.39353518508099999 5 0.404240922921 5 0.55527024697100003 5 0.70445373203200001 5 0.85257743233000005 5 1 7
7 0 0  6 187 38  26.174596211354 20.335138566731999  26.173798855843 20.335279654747001  26.172203578087998 20.335561693408  26.169134316967 20.336104608896999  26.164783037707998 20.336874576709999  26.160209731887001 20.337684021659001  26.135652792026001 20.342031298489001  26.113717493376001 20.345919759716001  26.091805437247 20.349809306827002  26.070014542254999 20.353682599201001  26.048271729873999 20.357552650319001  25.996248958422999 20.366824726158001  25.965977396098001 20.372230020924999  25.935757321112 20.377636325609998  25.905659978288 20.383030641314001  25.875589939567998 20.38842983876  25.818390514488001 20.398719395135  25.791267603778 20.403606450196001  25.764168607136 20.408497386501999  25.73718471071 20.413375552253001  25.710248225017001 20.418252968893  25.653058417734002 20.428625457498001  25.622803962489002 20.434122586960001  25.592599437569 20.439620764360999  25.562513146169 20.445107311228  25.532453628580999 20.450598680500001  25.475280119188 20.461062317079001  25.448172328439 20.466031337305001  25.421087912051 20.471004185089999  25.394114207312001 20.475964637369  25.367186399463002 20.480924405702002  25.310022267834999 20.491470231817001  25.279785177156999 20.497058270964999  25.249596434394 20.502647387431999  25.219521360277 20.508225251188001  25.189472520132998 20.513807859915001  25.132325308866999 20.524443703524  25.105233054244 20.529493825180001  25.078163237266999 20.534547567600999  25.051199679829001 20.539589311926999  25.024280869038002 20.544630571439999  24.967142787827001 20.555347652215001  24.936923313238001 20.5610254405  24.906750578903999 20.566704325499  24.876686883571001 20.572372353984001  24.846648872559001 20.578045030323999  24.789528331913001 20.588850748875998  24.762451631581001 20.593980744572999  24.735396818177001 20.599114289538999  24.708443751389002 20.604236255145  24.681533862468999 20.609357778079001  24.624422194655001 20.620243556298  24.594220580615001 20.626009680445001  24.564064074148 20.631776909265  24.534011913985001 20.637533694906001  24.503984878389002 20.643295009951999  24.446891368275999 20.654267779314999  24.419830431689999 20.659476262281  24.392790821668001 20.664688206314  24.365848385825998 20.669889010142001  24.338947535949998 20.675089405996999  24.281862632645002 20.6861408159  24.251679115413999 20.691993592138001  24.221539048339999 20.697847468012  24.191498573821999 20.703691329691999  24.161482653728001 20.709539579268998  24.104416519910998 20.720676048821002  24.077371548732 20.725961381436999  24.050347333956999 20.731250068826  24.023415663563 20.736528074317  23.996523964498 20.741805697781  23.939466162222999 20.753019130327001  23.909301167591 20.758956640808002  23.879177544223001 20.764895121631  23.849148700259001 20.77082403128  23.819144226546999 20.776757272167  23.762105799322001 20.788053529325001  23.735076986355001 20.793413806501  23.708068349685 20.798777312618999  23.68114757267 20.804130612771999  23.654265130079999 20.809483546681999  23.597234749927001 20.820854813558999  23.567088287097 20.826874716494999  23.536981506042 20.832895567619001  23.506964635717999 20.838907302308002  23.476971527617 20.844923161202001  23.419961117964998 20.856374695664002  23.392948646055999 20.861807727864001  23.365955760245999 20.867243842152  23.339045997172001 20.872670242238001  23.312172909899999 20.878096280192  23.255170254542001 20.889620577544999  23.225042527157999 20.895720266401  23.19495277004 20.901820862737001  23.164948001690998 20.907912806912002  23.134966374842001 20.914008639925001  23.077984274266001 20.925610306612  23.050988315167999 20.931113602652999  23.024011341737001 20.936619811376001  22.997112704974001 20.942116811403  22.970249064295 20.947613440137001  22.913274416328001 20.959285311603999  22.883165614808 20.965461834087002  22.853093050653001 20.971639202694998  22.823100503216001 20.977808390322998  22.793130463524999 20.983981201289001  22.736176941294001 20.995727183513999  22.709197654501001 21.001297933258002  22.682236742575999 21.006871402167999  22.655349335452001 21.012436179251999  22.628495224320002 21.018000560916999  22.571548844201999 21.029813860592999  22.541459144402001 21.036063899382999  22.511403928374001 21.042314700102999  22.481423710451001 21.048557795000001  22.451465353153999 21.054804215792998  22.394540654147001 21.066687988346999  22.367578185707 21.072323045447  22.340633470838998 21.077960602512  22.313757386782999 21.083589993305001  22.286912879054999 21.089218947809002  22.229995003014 21.101166803430999  22.199924564861998 21.107486657062001  22.169886836981 21.113807163322999  22.139919045883001 21.120120439640999  22.109972454596001 21.126436710680998  22.053076797115001 21.138451003351001  22.026131278426 21.144146868235001  21.999202881394002 21.149844986626  21.972338203058001 21.155535469987999  21.945503362709999 21.161225457608001  21.888614200624001 21.173300234369002  21.858563166738001 21.179685798501001  21.828543050587001 21.186071878515001  21.798587771369 21.192451201640001  21.768653017127999 21.198833152811002  21.711786590690998 21.210969914774999  21.684858137283001 21.216722718086  21.657946162885001 21.222477499631001  21.631092961265999 21.228225179780001  21.604267841612 21.233972284242  21.547407574868 21.246165549733  21.517376069166001 21.252612299047001  21.487373670585999 21.259059397670001  21.457430975080001 21.265500205772  21.427508115382 21.271943238037  21.370671078512 21.284193603656  21.343759788827001 21.289999090386001  21.316864324674 21.295806249744  21.290022658232001 21.301606840129001  21.263207301137999 21.307406752445999  21.206376080498 21.319709243243  21.176364206807001 21.326212214277  21.146379612598 21.332715335812999  21.116449558443001 21.339212622367  21.086538636294001 21.345711690367999  21.025542497105999 21.358976869488998  20.994746023525 21.365680683234999  20.965485646099999 21.372056110315  20.936316325058002 21.378416652319  20.902960151976998 21.385693536563  20.821704157599001 21.403449675918999  20.775585249213002 21.413535688216999  20.734811950185001 21.422470903010002  20.704473213587001 21.429124718185999  20.680085521155998 21.434473399504999  20.190336020238 21.542002844990002  19.736850753911 21.64276289356  19.285550113149998 21.743896756567999  18.836260936075998 21.845093069629002  18.390067061185 21.945661822138  17.513618257486002 22.142476791636  17.083992042809999 22.238590981022  16.660059514309999 22.332643376755001  16.241567227897001 22.42427441137  15.828229006965 22.513150473099  15.014145977748999 22.684191589095999  14.6133325381 22.766399880628001  14.21699419204 22.845310512101001  13.824807794597 22.920670520129001  13.436439786119999 22.992269521122999  12.668495801278 23.127300168489999  12.2898974275 23.190590932193  11.913886285419 23.249961986199001  11.539887438332 23.305289856771001  11.168476904486001 23.356326492731  10.801379495041999 23.402878486572 
 0 7 0.0014025051676280001 5 0.012011670028670001 5 0.02655967064959 5 0.039471620669139999 5 0.053793376724359999 5 0.066510879566210004 5 0.080621480813169999 5 0.0931578345837 5 0.107071963886 5 0.119440117687 5 0.133172078671 5 0.145384657108 5 0.15894840185699999 5 0.17101772905599999 5 0.18442688428199999 5 0.196365006924 5 0.20963289870999999 5 0.22145160684099999 5 0.23459128385799999 5 0.24630213182399999 5 0.25932638805399999 5 0.27094071398899999 5 0.28386210999400002 5 0.29539105426500001 5 0.30822193730000003 5 0.31967645991499999 5 0.33242898285799999 5 0.343819879813 5 0.35650601893 5 0.36784393749700001 5 0.38047550899299998 5 0.39353518508099999 5 0.404240922921 5 0.55527024697100003 5 0.70445373203200001 5 0.85257743233000005 5 1 7
1 26.174596211356999 0 0 1 
1 0 150 1 0 
1 0 150 1 0 
1 0 150 1 0 
1 0 150 1 0 
1 0 150 1 0 
1 0 150 1 0 
1 0 150 1 0 
1 0 150 1 0 
1 0 150 1 0 
1 0 150 1 0 
1 0 148 1 0 
1 0 148 1 0 
7 0 0  5 34 9  26.174596204044999 20.335138572493999  25.757353190617 20.408936314434001  25.343424860355999 20.484147590256999  24.932906899104001 20.560675175757002  24.525883623784001 20.638396382697  23.705767281351999 20.798504475916999  23.292910695282 20.880960861657002  22.883926273335 20.964368269615999  22.478866367201999 21.048533842923  21.661541167109 21.221135232390001  21.249578646214001 21.309612558426  20.841896688430001 21.398428472399001  20.438489735369 21.487311142149998  19.624253013280001 21.668162193010001  19.213766659958999 21.760112643633999  18.807810264038 21.851499398358001  18.406292610384 21.941979646318  17.612616760523 22.120278726304001  17.220442164156001 22.208102309493999  16.832428822469002 22.294344888714001  16.448405407807002 22.378670902282  15.69514919795 22.541312101399001  15.325773742778001 22.619711034590999  14.959856118706 22.695673697983999  14.597178714545 22.768931128807001  13.882471491046999 22.908673323708001  13.530364392101999 22.97523318292  13.180967762503 23.038714044291002  12.834045446559999 23.098934569120001  12.147825274529 23.212067234003001  11.808486381529001 23.265041115947  11.471117032134 23.314550609592999  11.135487392404 23.360509926129001  10.80137949495 23.402878486582999 
 0 6 0.116741129226 4 0.23729971257900001 4 0.36239813426400003 4 0.49247611706900002 4 0.62231039560199997 4 0.74968218840400003 4 0.87541485830700005 4 1 6
7 0 0  5 34 9  26.174596211354999 5.7321746681069996  25.598673798147999 5.694406097601  25.020958573146999 5.6558594423209998  24.441389080061999 5.6165782060040002  23.859903670916001 5.5766187042790003  22.673909548436999 5.494156923816  22.069269388624001 5.4516142024340004  21.462464007962001 5.4085001002739999  20.853435610938998 5.3649074304089996  19.607820808381 5.2753239892700003  18.971059868687 5.2293047016749998  18.331803514168001 5.1830053267279999  17.690010747909 5.1365621901849998  16.375660697221001 5.0418358180949996  15.7028952573 4.9935528887410001  15.027339290433 4.9454406392400001  14.348988024343001 4.8976785481279999  12.988016466032001 4.8033085699539999  12.305406076300001 4.7566986459920004  11.620055483112001 4.710801123855  10.932011301487 4.6658003467790001  9.5637836902389992 4.5787755018520002  8.8836981464400004 4.5367111216599998  8.2011612080060008 4.4958434906039999  7.5162649765870002 4.4563288256  6.1508232107670002 4.3807686759719999  5.470334473856 4.3446850498950003  4.7877654702349997 4.3101850965380004  4.1032408996910004 4.2773820326200003  2.736818536191 4.2156290329889998  2.0549530740209998 4.1866466293329996  1.371434422211 4.1595027148190002  0.68640257572800001 4.1342587790670002  0 4.1109500656779998 
 0 6 0.116741129226 4 0.23729971257900001 4 0.36239813426400003 4 0.49247611706900002 4 0.62231039560199997 4 0.74968218840400003 4 0.87541485830700005 4 1 6
7 0 0  7 14 3  10.801379516013 23.402878602596001  10.095602622038999 23.492378865100001  9.3960620204630008 23.594335006079  8.7022068550149996 23.706718783568  8.0129927047329996 23.827202009756999  7.3270034901130003 23.953395661005999  6.6425498976880002 24.083028706442001  5.1222627042270004 24.373936553271999  4.2864560073540003 24.535859005854999  3.446933800944 24.696128305784001  2.6006265844850001 24.851411038057002  1.744987514165 24.999026078520998  0.87833984772600004 25.137154875764999  0 25.264751901935 
 0 8 0.45044487490099999 6 1 8
7 0 0  7 14 3  0.067717183698809996 3.0071132588579998  0.058626632074069998 3.2783941207340002  0.050250338355539999 3.556838051613  0.042608220399429998 3.8403979012699998  0.035705778008470003 4.1270093573919997  0.02953927869106 4.4146564913850002  0.024098928348659999 4.7014323180049997  0.013600637169319999 5.3322798792150001  0.0088916053655950008 5.6749921877630003  0.0052156781093839998 6.0105531802650001  0.0025401611340829999 6.3358396892059998  0.00082172339680859998 6.6479440935260001  -1.2626467349880001e-14 6.9444958856019996  9.3961553876850006e-16 7.2237904402220003 
 0 8 0.45044487490099999 6 1 8
1 26.174596211352998 0 0 1 
7 0 0  10 38 5  0.067717182373259993 3.0071132524620001  0.084016336167899996 3.0857702917049998  0.10027741486400001 3.1666919779440001  0.11650482553200001 3.2498798802260001  0.13270367149699999 3.3353293062599998  0.14887976205699999 3.4230285051220002  0.165039622197 3.512957869878  0.18119050230600001 3.6050891403200001  0.19734038789 3.6993846055759998  0.213498009293 3.7957963068349998  0.24584769351899999 3.992734173144  0.26203975000200003 4.0932598183110001  0.278258546577 4.195786390946  0.294514266784 4.3002289838719996  0.31081793828999998 4.4065403372420002  0.32718153515999998 4.514562508519  0.34361839089399998 4.6242592700460001  0.36014041052200002 4.7354372583210003  0.37676266232799999 4.8479804212069997  0.41023635518500001 5.0754437202130003  0.42708785338499999 5.1903653747809999  0.444068523577 5.306306372861  0.46119362171400002 5.4230790266140003  0.47847893350300003 5.5404745736020002  0.49594055719500002 5.6582612480419998  0.51359467513599999 5.7761844715550001  0.53145731407899999 5.8939691634870002  0.54954409425799999 6.0113241707320002  0.58619584020000004 6.2445734634930004  0.604760746741 6.3604673182529998  0.62357982002400003 6.475331751513  0.64266610027500004 6.5888452007170004  0.66203373660999998 6.700701807043  0.68169090686699996 6.810554015458  0.70164519815699999 6.9180696328610001  0.72190556946700002 7.0229718462099999  0.74247008044600005 7.12495809198  0.763337317515 7.2237904402220003 
 4.1109500656779998 11 9.3994005247429993 9 14.687850983806999 9 19.976301442872 9 25.264751901935998 11
1 0 0 0 1 
1 0.763337317515 0 0 1 
7 0 0  1 2 2  0 0  0 150 
 0 2 150 2
7 0 0  1 2 2  0 0  0 150 
 0 2 150 2
1 0.763337317515 0 0 1 
7 0 0  7 14 3  0.067717183698809996 3.0071132588579998  0.058626632074069998 3.2783941207330001  0.050250338355539999 3.556838051613  0.042608220399429998 3.8403979012699998  0.035705778008470003 4.1270093573919997  0.02953927869106 4.4146564913850002  0.024098928348659999 4.7014323180049997  0.013600637169319999 5.3322798792150001  0.0088916053655899996 5.6749921877630003  0.0052156781094069996 6.0105531802660002  0.0025401611340680002 6.3358396892059998  0.00082172339683589998 6.6479440935260001  -5.8798009737720004e-15 6.9444958856019996  -7.7393950793240002e-15 7.2237904402220003 
 0 8 0.45044487490099999 6 1 8
7 0 0  7 14 3  10.801379516012 23.402878602594001  10.095602622037999 23.492378865098001  9.3960620204620007 23.594335006076001  8.7022068550149996 23.706718783566  8.0129927047329996 23.827202009754998  7.3270034901130003 23.953395661003999  6.6425498976890003 24.08302870644  5.1222627042279996 24.373936553269001  4.2864560073550004 24.535859005852998  3.446933800944 24.696128305782  2.6006265844860001 24.851411038054  1.744987514165 24.999026078519002  0.87833984772600004 25.137154875762999  0 25.264751901933 
 0 8 0.45044487490099999 6 1 8
7 0 0  10 38 5  0.067717182373259993 3.007113252461  0.084016336167890004 3.0857702917049998  0.10027741486400001 3.1666919779449998  0.11650482553200001 3.2498798802239999  0.13270367149699999 3.3353293062630001  0.14887976205699999 3.4230285051189999  0.165039622197 3.5129578698809998  0.18119050230600001 3.6050891403179999  0.19734038789 3.6993846055759998  0.213498009293 3.7957963068340002  0.24584769351899999 3.992734173144  0.26203975000200003 4.0932598183110001  0.27825854657600002 4.195786390946  0.294514266784 4.3002289838749999  0.31081793828799997 4.4065403372330003  0.32718153516100001 4.5145625085310002  0.34361839089399998 4.6242592700390004  0.36014041052200002 4.7354372583220004  0.37676266232799999 4.8479804212069997  0.41023635518500001 5.0754437202130003  0.42708785338499999 5.1903653747799998  0.444068523577 5.306306372861  0.46119362171400002 5.4230790266130002  0.47847893350300003 5.5404745736030003  0.49594055719500002 5.6582612480409997  0.51359467513599999 5.7761844715560002  0.53145731407899999 5.8939691634870002  0.54954409425799999 6.0113241707330003  0.58619584020000004 6.2445734634930004  0.604760746741 6.3604673182529998  0.62357982002400003 6.475331751513  0.64266610027500004 6.5888452007170004  0.66203373660999998 6.7007018070419999  0.68169090686800005 6.8105540154590001  0.70164519815699999 6.9180696328589999  0.72190556946700002 7.0229718462120001  0.74247008044600005 7.1249580919789999  0.763337317515 7.2237904402220003 
 4.1109500656779998 11 9.3994005247419992 9 14.687850983806999 9 19.976301442872 9 25.264751901935998 11
1 0 0 0 1 
7 0 0  5 34 9  26.174596211354 5.7321746598449996  25.596651596299999 5.6942735004119998  25.016901531885999 5.6555887206759996  24.435283963079002 5.6161644066119996  23.851736551681999 5.5760574219860004  22.663646078505 5.4934364244160001  22.058985464431998 5.4508863017809999  21.452159093613002 5.4077657067029996  20.843109225428002 5.3641675530580004  19.597352253275002 5.2745681602219996  18.960469831672 5.2285383664439999  18.321090859628999 5.1822297034710001  17.679174424001999 5.1357786520240003  16.366855809172002 5.0412039339029997  15.696264244424 4.9930806542399999  15.022900352709 4.9451281053380001  14.346759500124 4.8975240219140002  12.988016466031 4.8033085699539999  12.305406076301001 4.7566986459920004  11.620055483111001 4.710801123855  10.932011301487 4.6658003467790001  9.5637836902389992 4.5787755018520002  8.8836981464410005 4.5367111216599998  8.2011612080060008 4.4958434906039999  7.5162649765870002 4.4563288256  6.1508232107670002 4.3807686759719999  5.470334473856 4.3446850498950003  4.7877654702349997 4.3101850965380004  4.1032408996910004 4.2773820326200003  2.736818536191 4.2156290329889998  2.0549530740200002 4.1866466293329996  1.371434422211 4.1595027148180002  0.68640257572800001 4.1342587790670002  0 4.1109500656779998 
 0 6 0.117151037323 4 0.23770787399400001 4 0.36282372789 4 0.49247611709900002 4 0.62231039562500001 4 0.74968218841900003 4 0.87541485831400001 4 1 6
7 0 0  5 34 9  26.174596211350998 20.335138569638001  25.755888134725001 20.409195442123  25.340518095107999 20.48467577437  24.928582719158999 20.561481350822  24.520167230057002 20.639488067173001  23.698742133812001 20.799901414343001  23.285943886335001 20.882370066151001  22.877018299456001 20.965787849085999  22.472017554213998 21.049961724599999  21.654749160717 21.222589014634  21.242785604491001 21.311083946385999  20.835103867817001 21.399914960391001  20.431698151368 21.488809952918999  19.618881131003 21.669365543598001  19.209782134480999 21.761009621311  18.805182910908002 21.852091458255  18.404993005079 21.942271602321  17.612616760521 22.120278726302001  17.220442164154999 22.208102309491998  16.832428822467001 22.294344888712999  16.448405407806 22.37867090228  15.695149197949 22.541312101397001  15.325773742777001 22.619711034588999  14.959856118705 22.695673697981999  14.597178714544 22.768931128805001  13.882471491045999 22.908673323706001  13.530364392100999 22.975233182916998  13.180967762501 23.038714044289001  12.834045446558999 23.098934569118001  12.147825274528 23.212067234001001  11.808486381528001 23.265041115944999  11.471117032133 23.314550609590999  11.135487392403 23.360509926127001  10.801379494949 23.402878486580999 
 0 6 0.117151037323 4 0.23770787399400001 4 0.36282372789 4 0.49247611709900002 4 0.62231039562500001 4 0.74968218841900003 4 0.87541485831400001 4 1 6
1 26.174596211354 0 0 1 
1 26.174596211354999 0 0 1 
1 26.174596211354 0 0 1 
1 26.174596211354 0 0 1 
1 26.174596211352 0 0 1 
1 26.174596211352998 0 0 1 
1 26.174596211352998 0 0 1 
1 26.174596211354 0 0 1 
1 26.174596211354999 0 0 1 
1 26.174596211350998 0 0 1 
7 0 0  7 14 3  0.067717183698820002 3.0071132588579998  0.0586266218777 3.278394425014  0.05025032901906 3.556838395112  0.04260821564555 3.8403981230599999  0.03570577702727 4.127009424443  0.02953927914174 4.4146564695160002  0.024098928650390001 4.701432299875  0.013600637169319999 5.3322798792160002  0.0088916053655780005 5.6749921877630003  0.0052156781093959997 6.0105531802660002  0.0025401611340220001 6.3358396892059998  0.00082172339679739996 6.6479440935270002  -4.8321733243859997e-14 6.9444958856029997  -7.6935600012400005e-15 7.2237904402230004 
 0 8 0.45044489069600002 6 1 8
7 0 0  7 14 3  10.801379516014 23.402878602596999  10.095601830409 23.492378965488999  9.3960611825929998 23.594335141327001  8.7022063301989991 23.706718881682999  8.0129925459979994 23.827202042368  7.3270035408199998 23.953395650832  6.6425499413839999 24.083028698083002  5.1222627042279996 24.373936553273001  4.2864560073550004 24.535859005856  3.446933800944 24.696128305786999  2.6006265844860001 24.851411038055002  1.744987514165 24.999026078524  0.87833984772700002 25.137154875766001  0 25.264751901937 
 0 8 0.45044489069600002 6 1 8
7 0 0  9 34 5  0.067717182373269999 3.0071132524620001  0.085827353256189995 3.0945099627319999  0.10388993026600001 3.1847374817479999  0.12191120921699999 3.277798051  0.13989864634999999 3.3736834764369998  0.15786087776400001 3.4723735338030002  0.17580773884699999 3.5738343739960001  0.19375028370899999 3.6780169284049999  0.21170080461400001 3.7848553142619998  0.24764489819900001 4.0036751657160004  0.26563847175799998 4.115657069729  0.283667104783 4.2301219317980001  0.30174582133700001 4.3469810106239999  0.319889882716 4.466078342656  0.33811918365600002 4.5873097453809999  0.35644976877700002 4.7104617683549996  0.37490301272400001 4.8353435712620003  0.41209600478800001 5.0880805701579996  0.43083581553400002 5.2159365759360004  0.449739684167 5.3450362858289999  0.468829580079 5.4751075204689998  0.488128286927 5.6058416267359998  0.50765896259700005 5.736890679999  0.52744467106100001 5.8678699851860001  0.54750788615099999 5.9983658766900003  0.58823204830700004 6.2575317575350002  0.60889292134999995 6.3862012084320003  0.62987420517000003 6.5135305556920002  0.65119403034400003 6.6390549640650001  0.67287344287499995 6.7623486500230001  0.69491710285499997 6.8828620636110003  0.71734408719599996 7.0002206277759997  0.74015149854899998 7.1139767199530004  0.763337317515 7.2237904402230004 
 4.1109500656779998 10 9.3994005247429993 8 14.687850983806999 8 19.976301442872 8 25.264751901935998 10
1 0 0 0 1 
1 0.763337317515 0 0 1 
7 0 0  1 2 2  0 0  0 150 
 0 2 150 2
7 0 0  1 2 2  0 0  0 150 
 0 2 150 2
1 0.763337317515 0 0 1 
7 0 0  7 14 3  0.067717183698820002 3.0071132588579998  0.058626617823900003 3.2783945459880002  0.050250325259099997 3.556838533134  0.042608213637630003 3.8403982152260001  0.035705776449420003 4.1270094585569996  0.029539279104200001 4.4146564711979996  0.024098928613539999 4.7014323020889996  0.013600637169319999 5.3322798792160002  0.008891605365596 5.6749921877630003  0.0052156781093819996 6.0105531802660002  0.0025401611340670001 6.3358396892049997  0.00082172339680389997 6.6479440935270002  -2.7963856746949998e-14 6.9444958856019996  -4.8780231787979998e-16 7.2237904402220003 
 0 8 0.45044488876700001 6 1 8
7 0 0  7 14 3  10.801379516014 23.402878602598001  10.095601515678 23.492379005400998  9.3960608457039996 23.594335195583  8.7022061116160003 23.706718922214002  8.0129924649919992 23.827202058446002  7.3270035363570001 23.953395651369998  6.6425499360469997 24.083028699103998  5.1222627042279996 24.373936553274  4.2864560073550004 24.535859005856999  3.4469338009429999 24.696128305786001  2.6006265844860001 24.851411038058  1.744987514165 24.999026078522999  0.87833984772600004 25.137154875766999  0 25.264751901937 
 0 8 0.45044488876700001 6 1 8
7 0 0  9 34 5  0.067717182373269999 3.0071132524620001  0.085827353256189995 3.0945099627319999  0.10388993026600001 3.1847374817479999  0.12191120921699999 3.277798051  0.13989864634999999 3.3736834764369998  0.15786087776400001 3.4723735338030002  0.17580773884699999 3.5738343739970002  0.19375028370899999 3.6780169284039999  0.21170080461400001 3.7848553142619998  0.24764489819900001 4.0036751657160004  0.26563847175799998 4.115657069729  0.28366710478200002 4.2301219317959999  0.30174582133700001 4.3469810106270002  0.319889882716 4.4660783426519997  0.338119183657 4.5873097453830001  0.35644976877700002 4.7104617683549996  0.37490301272400001 4.8353435712620003  0.41209600478800001 5.0880805701570004  0.43083581553400002 5.2159365759370004  0.449739684167 5.3450362858279998  0.468829580079 5.4751075204699999  0.488128286927 5.6058416267349997  0.50765896259700005 5.7368906800000001  0.52744467106100001 5.8678699851860001  0.54750788615099999 5.9983658766900003  0.58823204830700004 6.2575317575350002  0.60889292134999995 6.3862012084320003  0.62987420517000003 6.5135305556900001  0.65119403034400003 6.6390549640670002  0.67287344287499995 6.7623486500209999  0.69491710285499997 6.8828620636120004  0.71734408719599996 7.0002206277749996  0.74015149854899998 7.1139767199530004  0.763337317515 7.2237904402220003 
 4.1109500656779998 10 9.3994005247419992 8 14.687850983804999 8 19.976301442869001 8 25.264751901933 10
1 0 0 0 1 
7 0 0  7 14 3  0.067717183698820002 3.0071132588579998  0.058626617823900003 3.2783945459880002  0.050250325259099997 3.556838533134  0.042608213637630003 3.8403982152260001  0.035705776449420003 4.1270094585569996  0.02953927910421 4.4146564711979996  0.024098928613539999 4.7014323020889996  0.01360063716933 5.3322798792150001  0.0088916053656029996 5.6749921877630003  0.0052156781094310004 6.0105531802660002  0.0025401611340879998 6.3358396892059998  0.00082172339688779998 6.6479440935260001  3.3363120290970003e-14 6.9444958856019996  7.4430840186290001e-16 7.2237904402220003 
 0 8 0.45044488876700001 6 1 8
7 0 0  7 14 3  10.801379516013 23.402878602596999  10.095601515677 23.4923790054  9.3960608457029995 23.594335195582001  8.7022061116160003 23.706718922213  8.0129924649919992 23.827202058445  7.3270035363570001 23.953395651369  6.6425499360469997 24.083028699103  5.1222627042279996 24.373936553271999  4.2864560073540003 24.535859005856  3.4469338009460002 24.696128305786001  2.600626584484 24.851411038057002  1.7449875141660001 24.999026078522999  0.87833984772700002 25.137154875766001  0 25.264751901935998 
 0 8 0.45044488876700001 6 1 8
7 0 0  9 34 5  0.067717182373269999 3.0071132524620001  0.085827353256189995 3.0945099627319999  0.10388993026600001 3.1847374817479999  0.12191120921699999 3.2777980509989999  0.13989864634999999 3.3736834764379999  0.15786087776400001 3.4723735338020001  0.17580773884699999 3.5738343739970002  0.19375028370899999 3.6780169284039999  0.21170080461400001 3.7848553142619998  0.24764489819900001 4.0036751657160004  0.26563847175799998 4.115657069729  0.28366710478200002 4.230121931797  0.30174582133799999 4.3469810106260001  0.319889882716 4.4660783426539998  0.338119183657 4.587309745382  0.35644976877700002 4.7104617683549996  0.37490301272400001 4.8353435712620003  0.41209600478800001 5.0880805701579996  0.43083581553400002 5.2159365759370004  0.449739684167 5.3450362858289999  0.468829580079 5.4751075204699999  0.488128286927 5.6058416267349997  0.50765896259700005 5.7368906800000001  0.52744467106100001 5.8678699851860001  0.54750788615099999 5.9983658766900003  0.58823204830700004 6.2575317575350002  0.60889292134999995 6.3862012084320003  0.62987420517000003 6.5135305556910001  0.65119403034400003 6.6390549640660002  0.67287344287499995 6.762348650022  0.69491710285499997 6.8828620636110003  0.71734408719599996 7.0002206277759997  0.74015149854899998 7.1139767199530004  0.763337317515 7.2237904402220003 
 4.1109500656779998 10 9.3994005247419992 8 14.687850983806999 8 19.976301442871002 8 25.264751901935998 10
1 0 0 0 1 
1 0.763337317515 0 0 1 
7 0 0  1 2 2  0 0  0 150 
 0 2 150 2
7 0 0  1 2 2  0 0  0 150 
 0 2 150 2
1 0.763337317515 0 0 1 
7 0 0  7 14 3  0.067717183698820002 3.0071132588579998  0.0586266218777 3.278394425014  0.05025032901906 3.556838395112  0.04260821564555 3.8403981230599999  0.03570577702727 4.127009424443  0.029539279141749999 4.4146564695160002  0.0240989286504 4.7014322998739999  0.01360063716933 5.3322798792150001  0.0088916053656040005 5.6749921877630003  0.0052156781094170003 6.0105531802660002  0.0025401611340899999 6.3358396892049997  0.00082172339686559996 6.6479440935260001  2.192080675113e-14 6.9444958856019996  -1.261181456514e-15 7.2237904402220003 
 0 8 0.45044489069600002 6 1 8
7 0 0  7 14 3  10.801379516013 23.402878602596999  10.095601830408 23.492378965488999  9.3960611825929998 23.594335141327001  8.7022063301989991 23.706718881682999  8.0129925459979994 23.827202042366999  7.3270035408209999 23.953395650830998  6.6425499413839999 24.083028698082  5.1222627042289997 24.373936553273001  4.2864560073559996 24.535859005856  3.4469338009450001 24.696128305786001  2.6006265844860001 24.851411038057002  1.7449875141660001 24.999026078522999  0.87833984772700002 25.137154875766001  0 25.264751901935998 
 0 8 0.45044489069600002 6 1 8
7 0 0  9 34 5  0.067717182373269999 3.007113252461  0.085827353256200001 3.0945099627319999  0.10388993026600001 3.1847374817470002  0.12191120921699999 3.2777980510010001  0.13989864634999999 3.3736834764360002  0.15786087776400001 3.4723735338030002  0.17580773884699999 3.5738343739960001  0.19375028370899999 3.6780169284049999  0.21170080461400001 3.7848553142619998  0.24764489819900001 4.0036751657160004  0.26563847175799998 4.115657069729  0.28366710478200002 4.2301219317929997  0.30174582133799999 4.3469810106339999  0.319889882716 4.4660783426449999  0.338119183657 4.5873097453860003  0.35644976877700002 4.7104617683540004  0.37490301272400001 4.8353435712620003  0.41209600478800001 5.0880805701570004  0.43083581553400002 5.2159365759360004  0.449739684167 5.3450362858289999  0.468829580079 5.4751075204689998  0.488128286927 5.6058416267349997  0.50765896259700005 5.7368906800000001  0.52744467106100001 5.8678699851860001  0.54750788615099999 5.9983658766900003  0.58823204830700004 6.2575317575350002  0.60889292134999995 6.3862012084320003  0.62987420517000003 6.5135305556910001  0.65119403034400003 6.6390549640660002  0.67287344287499995 6.7623486500199999  0.69491710285499997 6.8828620636129996  0.71734408719599996 7.0002206277730004  0.74015149854899998 7.1139767199539996  0.763337317515 7.2237904402220003 
 4.1109500656779998 10 9.3994005247429993 8 14.687850983808 8 19.976301442872 8 25.264751901937 10
1 0 0 0 1 
7 0 0  7 14 3  0.067717183698820002 3.0071132588579998  0.058626632074069998 3.2783941207340002  0.050250338355549998 3.556838051613  0.042608220399429998 3.8403979012699998  0.035705778008480002 4.1270093573919997  0.02953927869106 4.4146564913850002  0.024098928348670001 4.7014323180049997  0.01360063716933 5.3322798792150001  0.0088916053655980001 5.6749921877630003  0.0052156781094140001 6.0105531802660002  0.0025401611340689998 6.3358396892059998  0.00082172339684719996 6.6479440935260001  2.2059705704969999e-16 6.9444958856029997  -9.7976899154430007e-16 7.2237904402220003 
 0 8 0.45044487490099999 6 1 8
7 0 0  7 14 3  10.801379516013 23.402878602596999  10.095602622038999 23.492378865100999  9.3960620204640009 23.594335006079  8.7022068550159997 23.706718783568999  8.0129927047329996 23.827202009758  7.3270034901140004 23.953395661007001  6.6425498976890003 24.083028706442999  5.1222627042279996 24.373936553271999  4.2864560073550004 24.535859005854999  3.446933800944 24.696128305784999  2.6006265844860001 24.851411038056  1.744987514165 24.999026078522  0.87833984772700002 25.137154875766001  0 25.264751901935998 
 0 8 0.45044487490099999 6 1 8
7 0 0  10 38 5  0.067717182373269999 3.0071132524620001  0.084016336167899996 3.0857702917049998  0.10027741486400001 3.1666919779449998  0.11650482553200001 3.249879880225  0.13270367149699999 3.335329306262  0.14887976205699999 3.42302850512  0.165039622197 3.5129578698800001  0.18119050230600001 3.605089140319  0.19734038789 3.6993846055759998  0.213498009293 3.7957963068349998  0.24584769351899999 3.992734173144  0.26203975000200003 4.0932598183110001  0.278258546577 4.195786390946  0.294514266784 4.3002289838749999  0.31081793828900001 4.4065403372349996  0.32718153516100001 4.5145625085269998  0.34361839089399998 4.6242592700419998  0.36014041052200002 4.7354372583210003  0.37676266232799999 4.8479804212069997  0.41023635518500001 5.0754437202130003  0.42708785338499999 5.1903653747809999  0.444068523577 5.306306372861  0.46119362171400002 5.4230790266140003  0.47847893350300003 5.5404745736020002  0.49594055719500002 5.6582612480419998  0.51359467513599999 5.7761844715550001  0.53145731407899999 5.8939691634870002  0.54954409425799999 6.0113241707320002  0.58619584020000004 6.2445734634930004  0.604760746741 6.3604673182519997  0.62357982002400003 6.4753317515150002  0.64266610027500004 6.5888452007140001  0.66203373660999998 6.7007018070450002  0.68169090686699996 6.8105540154569999  0.70164519815799997 6.91806963286  0.72190556946700002 7.022971846211  0.74247008044600005 7.12495809198  0.763337317515 7.2237904402220003 
 4.1109500656779998 11 9.3994005247419992 9 14.687850983805999 9 19.97630144287 9 25.264751901934002 11
1 0 0 0 1 
1 0.763337317515 0 0 1 
7 0 0  1 2 2  0 0  0 150 
 0 2 150 2
7 0 0  1 2 2  0 0  0 150 
 0 2 150 2
1 0.763337317515 0 0 1 
7 0 0  7 14 3  0.067717183698820002 3.0071132588579998  0.058626632074069998 3.2783941207340002  0.050250338355549998 3.556838051613  0.042608220399429998 3.8403979012699998  0.035705778008470003 4.1270093573919997  0.02953927869106 4.4146564913850002  0.024098928348659999 4.7014323180059998  0.013600637169319999 5.3322798792150001  0.0088916053655800006 5.6749921877630003  0.0052156781094199996 6.0105531802660002  0.0025401611340090001 6.3358396892059998  0.00082172339682770005 6.6479440935270002  -4.1049403864789997e-14 6.9444958856029997  -2.3703655464960001e-15 7.2237904402220003 
 0 8 0.45044487490099999 6 1 8
7 0 0  7 14 3  10.801379516013 23.402878602596001  10.095602622038999 23.492378865100001  9.3960620204630008 23.594335006079  8.7022068550149996 23.706718783568  8.0129927047329996 23.827202009756999  7.3270034901130003 23.953395661007001  6.6425498976880002 24.083028706442001  5.1222627042279996 24.373936553271999  4.2864560073550004 24.535859005854999  3.4469338009429999 24.696128305784999  2.6006265844860001 24.851411038055002  1.744987514165 24.999026078522  0.87833984772600004 25.137154875764999  0 25.264751901935 
 0 8 0.45044487490099999 6 1 8
7 0 0  10 38 5  0.067717182373269999 3.007113252461  0.084016336167910002 3.0857702917049998  0.10027741486400001 3.1666919779440001  0.11650482553200001 3.2498798802260001  0.13270367149699999 3.3353293062609999  0.14887976205699999 3.4230285051210001  0.165039622197 3.5129578698790001  0.18119050230600001 3.605089140319  0.19734038789 3.6993846055759998  0.213498009293 3.7957963068349998  0.24584769351899999 3.992734173144  0.26203975000200003 4.0932598183110001  0.27825854657600002 4.1957863909449999  0.29451426678499998 4.3002289838749999  0.31081793828799997 4.4065403372340004  0.32718153516199999 4.514562508529  0.34361839089399998 4.6242592700399996  0.36014041052200002 4.7354372583220004  0.37676266232799999 4.8479804212069997  0.41023635518500001 5.0754437202130003  0.42708785338499999 5.1903653747809999  0.444068523577 5.306306372861  0.46119362171400002 5.4230790266140003  0.47847893350300003 5.5404745736020002  0.49594055719500002 5.6582612480419998  0.51359467513599999 5.7761844715550001  0.53145731407899999 5.8939691634870002  0.54954409425799999 6.0113241707320002  0.58619584020000004 6.2445734634930004  0.604760746741 6.3604673182529998  0.62357982002400003 6.475331751513  0.64266610027500004 6.5888452007170004  0.66203373660999998 6.7007018070419999  0.68169090686800005 6.8105540154590001  0.70164519815699999 6.9180696328589999  0.72190556946700002 7.0229718462120001  0.74247008044600005 7.1249580919789999  0.763337317515 7.2237904402220003 
 4.1109500656779998 11 9.3994005247429993 9 14.687850983806999 9 19.976301442872 9 25.264751901935998 11
1 0 0 0 1 
7 0 0  7 14 3  0.067717183698820002 3.0071132588579998  0.0586266218777 3.278394425014  0.05025032901906 3.556838395112  0.04260821564555 3.8403981230599999  0.035705777027279999 4.127009424443  0.029539279141749999 4.4146564695160002  0.0240989286504 4.7014322998739999  0.01360063716933 5.3322798792150001  0.0088916053656049997 5.6749921877630003  0.0052156781094119999 6.0105531802660002  0.0025401611340899999 6.3358396892049997  0.0008217233968554 6.6479440935260001  1.4521664612800001e-14 6.9444958856019996  1.718625223155e-15 7.2237904402220003 
 0 8 0.45044489069600002 6 1 8
7 0 0  7 14 3  10.801379516013 23.402878602596001  10.095601830407 23.492378965486999  9.3960611825919997 23.594335141325001  8.7022063301980008 23.706718881680999  8.0129925459969993 23.827202042366  7.3270035408199998 23.95339565083  6.6425499413829998 24.083028698081002  5.1222627042279996 24.373936553271001  4.2864560073559996 24.535859005854  3.4469338009429999 24.696128305784001  2.6006265844869998 24.851411038055002  1.744987514165 24.999026078520998  0.87833984772700002 25.137154875764999  0 25.264751901934002 
 0 8 0.45044489069600002 6 1 8
7 0 0  9 34 5  0.067717182373269999 3.007113252461  0.085827353256200001 3.0945099627319999  0.10388993026600001 3.1847374817479999  0.12191120921699999 3.2777980510010001  0.13989864634999999 3.3736834764360002  0.15786087776400001 3.4723735338039998  0.17580773884699999 3.5738343739960001  0.19375028370899999 3.6780169284049999  0.21170080461400001 3.7848553142619998  0.24764489819900001 4.0036751657160004  0.26563847175799998 4.1156570697279999  0.283667104783 4.2301219317980001  0.30174582133700001 4.3469810106239999  0.319889882716 4.4660783426570001  0.338119183657 4.5873097453799998  0.35644976877700002 4.7104617683549996  0.37490301272400001 4.8353435712620003  0.41209600478800001 5.0880805701570004  0.43083581553400002 5.2159365759370004  0.449739684167 5.3450362858289999  0.468829580079 5.4751075204699999  0.488128286927 5.6058416267349997  0.50765896259700005 5.7368906800000001  0.52744467106100001 5.8678699851860001  0.54750788615099999 5.9983658766900003  0.58823204830700004 6.2575317575350002  0.60889292134999995 6.3862012084320003  0.62987420517000003 6.5135305556910001  0.65119403034400003 6.6390549640650001  0.67287344287499995 6.7623486500230001  0.69491710285499997 6.8828620636100002  0.71734408719599996 7.0002206277759997  0.74015149854899998 7.1139767199530004  0.763337317515 7.2237904402220003 
 4.1109500656779998 10 9.3994005247419992 8 14.687850983806999 8 19.976301442871002 8 25.264751901935 10
1 0 0 0 1 
1 0.763337317515 0 0 1 
7 0 0  1 2 2  0 0  0 150 
 0 2 150 2
7 0 0  7 14 3  0.067717183698820002 3.0071132588579998  0.058626617823910002 3.2783945459880002  0.050250325259110003 3.556838533134  0.042608213637640002 3.8403982152260001  0.035705776449420003 4.1270094585569996  0.02953927910421 4.4146564711979996  0.024098928613550001 4.7014323020889996  0.01360063716933 5.3322798792150001  0.008891605365596 5.6749921877630003  0.0052156781094280001 6.0105531802650001  0.0025401611340620002 6.3358396892059998  0.00082172339686439996 6.6479440935260001  7.7714708646660001e-15 6.9444958856029997  -1.4642103978640001e-15 7.2237904402230004 
 0 8 0.45044488876700001 6 1 8
7 0 0  7 14 3  10.801379516013 23.402878602596999  10.095601515678 23.492379005398998  9.3960608457039996 23.594335195580999  8.7022061116170004 23.706718922212001  8.0129924649919992 23.827202058444001  7.3270035363580002 23.953395651368002  6.6425499360469997 24.083028699102002  5.1222627042289997 24.373936553271999  4.2864560073550004 24.535859005854999  3.4469338009460002 24.696128305784999  2.6006265844850001 24.851411038056  1.7449875141660001 24.999026078522  0.87833984772700002 25.137154875764999  0 25.264751901935 
 0 8 0.45044488876700001 6 1 8
7 0 0  9 34 5  0.067717182373269999 3.0071132524620001  0.085827353256200001 3.0945099627319999  0.10388993026600001 3.1847374817479999  0.12191120921699999 3.277798051  0.13989864634999999 3.3736834764369998  0.15786087776400001 3.4723735338030002  0.17580773884699999 3.5738343739970002  0.19375028370899999 3.6780169284049999  0.21170080461400001 3.7848553142619998  0.24764489819900001 4.0036751657170004  0.26563847175799998 4.1156570697300001  0.28366710478200002 4.2301219317929997  0.30174582133799999 4.346981010635  0.319889882716 4.4660783426439998  0.338119183657 4.5873097453870004  0.35644976877700002 4.7104617683540004  0.37490301272400001 4.8353435712620003  0.41209600478800001 5.0880805701570004  0.43083581553400002 5.2159365759370004  0.449739684167 5.3450362858289999  0.468829580079 5.4751075204699999  0.488128286927 5.6058416267349997  0.50765896259700005 5.7368906800010002  0.52744467106100001 5.8678699851860001  0.54750788615099999 5.9983658766900003  0.58823204830700004 6.2575317575350002  0.60889292134999995 6.3862012084320003  0.62987420517000003 6.5135305556900001  0.65119403034400003 6.6390549640670002  0.67287344287499995 6.7623486500189998  0.69491710285499997 6.8828620636139997  0.71734408719599996 7.0002206277730004  0.74015149854899998 7.1139767199539996  0.763337317515 7.2237904402220003 
 4.1109500656779998 10 9.3994005247429993 8 14.687850983806999 8 19.976301442871002 8 25.264751901935 10
1 0 0 0 1 
1 0 0 0 1 
1 3.1415926535900001 0 0 1 
7 0 0  10 20 3  6.9891057295270005e-17 2.958737553013  0.15427661658399999 2.958737553013  0.30849295222799999 2.9587181678849999  0.46507353203099999 2.9587282464500002  0.62320464745500004 2.958743317138  0.78225494758799996 2.9587424676729999  0.941279358816 2.9587361340729998  1.099842140224 2.958735863852  1.2577588820259999 2.9587342976139999  1.415177397708 2.9587348069099999  1.7293426089820001 2.958736115227  1.886089813378 2.9587370959779999  2.042676157591 2.958737772319  2.19934043176 2.9587375434259999  2.3562331454769998 2.958737479911  2.5132738473240002 2.9587376203670002  2.670354352315 2.9587375217949998  2.8274331427539998 2.9587375597199999  2.9845130209100001 2.958737553013  3.1415926535900001 2.958737553013 
 108.81544857693 11 163.22317286539999 9 217.63089715387 11
1 0 0 0 1 
1 3.1415926535900001 0 0 1 
1 0 0 0 1 
7 0 0  10 20 3  -9.9920072216260006e-16 2.958737553013  0.15707963268 2.958737553013  0.31415951083600002 2.9587375597199999  0.47123830127499999 2.9587375217959999  0.62831880626500003 2.9587376203660001  0.78535950811400002 2.9587374799120001  0.94225222182900004 2.9587375434249998  1.098916496 2.9587377723200001  1.2555028402120001 2.9587370959779999  1.4122500446070001 2.958736115227  1.7264152558820001 2.9587348069099999  1.883833771563 2.9587342976130002  2.041750513367 2.9587358638530001  2.2003132947730002 2.9587361340720002  2.359337706002 2.958742467674  2.5183880061339998 2.958743317138  2.6765191215590001 2.9587282464500002  2.8330997013619998 2.9587181678849999  2.9873160370059999 2.958737553013  3.1415926535900001 2.958737553013 
 -3.0825092728899998e-14 11 54.407724288468003 9 108.81544857693 11
1 0 0 0 1 
7 0 0  5 34 9  26.174596211333 20.335138571609001  25.757353182829 20.408936314950001  25.343424871701998 20.484147589089002  24.932906896055002 20.560675175924999  24.525883624256 20.638396382604999  23.705767281353001 20.798504475916999  23.292910695282998 20.880960861656  22.883926273335 20.964368269615999  22.478866367203 21.048533842923  21.661541167109998 21.221135232390001  21.249578646212999 21.309612558426  20.841896688432001 21.398428472399001  20.438489735369998 21.487311142149998  19.624253013280999 21.668162193011  19.213766659958999 21.760112643633999  18.807810264038999 21.851499398358001  18.406292610384 21.941979646318  17.612616760523 22.120278726304999  17.220442164156999 22.208102309495001  16.832428822469002 22.294344888714999  16.448405407808 22.378670902282  15.695149197951 22.541312101399999  15.325773742779001 22.619711034592001  14.959856118707 22.695673697985001  14.597178714546001 22.768931128807001  13.882471491046999 22.908673323708999  13.530364392101999 22.97523318292  13.180967762503 23.038714044292  12.834045446559999 23.098934569120999  12.14782527453 23.212067234004  11.808486381530001 23.265041115948002  11.471117032135 23.314550609594001  11.135487392405 23.36050992613  10.801379494951 23.402878486584001 
 0 6 0.116741129347 4 0.23729971268300001 4 0.36239813435099999 4 0.49247611713799999 4 0.62231039565400004 4 0.74968218843800005 4 0.87541485832400001 4 1 6
7 0 0  5 34 9  26.174596211354 5.7321746699220002  25.598673808608002 5.6944060944680004  25.020958567617001 5.6558594457950004  24.441389084773999 5.6165782047170003  23.859903671596001 5.576618704326  22.673909548434999 5.4941569238149999  22.069269388622999 5.4516142024340004  21.462464007961 5.4085001002739999  20.853435610937002 5.3649074304089996  19.607820808380001 5.2753239892700003  18.971059868683 5.2293047016749998  18.331803514168001 5.1830053267289999  17.690010747906999 5.1365621901849998  16.375660697219999 5.0418358180949996  15.702895257298 4.9935528887410001  15.027339290433 4.9454406392400001  14.348988024342001 4.8976785481279999  12.98801646603 4.8033085699539999  12.305406076299001 4.7566986459920004  11.620055483110001 4.710801123855  10.932011301486 4.6658003467790001  9.5637836902379991 4.5787755018520002  8.8836981464390004 4.5367111216599998  8.2011612080040006 4.495843490605  7.5162649765860001 4.4563288256  6.1508232107660001 4.3807686759719999  5.4703344738549999 4.3446850498950003  4.7877654702339996 4.3101850965389996  4.1032408996900003 4.2773820326200003  2.7368185361899999 4.2156290329889998  2.0549530740200002 4.1866466293329996  1.3714344222099999 4.1595027148190002  0.68640257572800001 4.1342587790680003  0 4.1109500656779998 
 0 6 0.116741129347 4 0.23729971268300001 4 0.36239813435099999 4 0.49247611713799999 4 0.62231039565400004 4 0.74968218843800005 4 0.87541485832400001 4 1 6
7 0 0  6 192 39  26.174596211350998 5.7321746510700002  26.173504551916999 5.7321030648960001  26.171302675717001 5.7319587101270004  26.167063574275002 5.7316806912580001  26.161055141199 5.7312865418159999  26.154740172183001 5.7308722243629999  26.120827119141001 5.728646945316  26.090521771401001 5.7266566487970003  26.060231873536999 5.7246656529799997  26.030092596155001 5.7226828320680001  26.000002728723 5.7207015224340001  25.9279682548 5.7159542457679997  25.886019866971999 5.7131864709400002  25.844109678304999 5.7104178905419998  25.802337167489998 5.7076551657000003  25.760570490245001 5.7048896596669998  25.681058476833002 5.6996187226919997  25.643329191229 5.697115046065  25.605606060406998 5.6946091422740004  25.568016549608998 5.6921095465380001  25.530466961738998 5.6896101031209998  25.450686838519001 5.6842941882969997  25.408448510424002 5.6814766072919998  25.366245771746001 5.6786581852109999  25.324174721445001 5.6758454255300004  25.282108059361001 5.6730298970749997  25.202031819424001 5.6676644082580001  25.164038156158 5.6651161778740002  25.126049356222001 5.6625657331479999  25.088188440583 5.6600213980260001  25.050365021108998 5.6574771694869996  24.970012021319999 5.6520669064320002  24.927474946716998 5.6491997971499996  24.884970779673001 5.6463318150889998  24.842592139652002 5.6434692915870004  24.800216404105999 5.6406040203880004  24.719558860176999 5.6351445627469996  24.681292718127999 5.6325520389710002  24.643030326257001 5.6299573988210003  24.604889918188999 5.6273686577179998  24.566784299736 5.6247799011359998  24.485841162231001 5.6192759748240002  24.442996347693001 5.6163597298500001  24.400181686399002 5.6134425849170002  24.357486216611999 5.6105306844970002  24.314792129434998 5.6076160669709996  24.233535853315001 5.6020634475979998  24.194989182036998 5.5994270791060003  24.156444897958998 5.5967886154029998  24.118016531944999 5.5941558285750004  24.079620398435999 5.5915229912099997  23.998069521087999 5.5859263191390003  23.954907798680001 5.5829614551380002  23.911773402666 5.5799956693029999  23.868751686595001 5.5770349043419998  23.825729793617999 5.5740714632869999  23.743857031213999 5.5684267315370004  23.705021522671 5.5657470406170004  23.666187004962001 5.5630652838110004  23.627462171706998 5.5603889705249996  23.588766946536001 5.5577125750149996  23.506590416982998 5.5520243260540001  23.463102459386999 5.5490114936030004  23.419638929001 5.5459977236010003  23.376281389536 5.5429887419839998  23.332922076679001 5.5399771366620003  23.250414779311001 5.534241603281  23.211281990178001 5.5315192369300004  23.172148762742999 5.5287948429530003  23.133118816958 5.5260756485779998  23.094115787646999 5.5233563443770004  23.011295415471999 5.5175779581739999  22.967471643620001 5.5145179198280001  22.923669549433999 5.5114569997410001  22.879966577824 5.5084006275190003  22.836259978127998 5.505341631856  22.753099839598001 5.4995168889229999  22.713661208537001 5.4967526282210004  22.674220678101001 5.4939863878960002  22.634876856498 5.4912250934570004  22.595557192973999 5.4884636664480002  22.512074550194001 5.4825968737909996  22.4679054884 5.4794906148890004  22.423755054329 5.4763834664040001  22.379696696888999 5.4732806184239999  22.335633051995998 5.4701752324650004  22.251801547818001 5.4642631737969998  22.212048415460998 5.4614579436030004  22.172291891785001 5.4586507923849998  22.132625333865999 5.4558483244450002  22.092980109567002 5.4530457068890001  22.008816574084001 5.4470925505209999  21.964292535792001 5.44394118631  21.919784004832 5.440788933856  21.875360326340999 5.4376407288420001  21.830929668416001 5.4344900857659999  21.746408106667001 5.4284929283199999  21.706331738521001 5.4256478072530001  21.666250457566001 5.4228008352390002  21.626252229424001 5.4199582760689999  21.586272445451002 5.4171155568350002  21.5014092529 5.4110784129849998  21.456520481645001 5.4078832356840003  21.411644028548 5.40468718185  21.366845026680998 5.4014949180579999  21.322037322606999 5.398300331642  21.236806897745002 5.392220637166  21.196398510226 5.3893368678069997  21.155983660463999 5.3864513299699999  21.115644781812001 5.3835699279479998  21.075321394336999 5.38068836297  20.989739696301001 5.3745699632850004  20.944476396492998 5.3713324535510001  20.899222159013 5.3680940906070003  20.854037796419 5.3648592575310001  20.808842980211001 5.361622233876  20.722884834898 5.3554629309889998  20.682135624708 5.3525419302339996  20.641378376797999 5.3496192568019998  20.600689851424001 5.3467004369610001  20.560013802566001 5.3437814598489997  20.473694732085999 5.3375849136099998  20.428047103606001 5.3343067521140002  20.382405217611002 5.3310277736630001  20.336825457934999 5.3277520638610003  20.291233467119 5.3244743132350001  20.204528761542999 5.3182387196749996  20.163429938566001 5.3152820891610002  20.122321478568999 5.3123238960589996  20.081274328424001 5.3093692707039999  20.040236580792001 5.3064145034059997  19.953161325562998 5.3001433198220003  19.907119602388001 5.2968263988609996  19.861080241035999 5.2935087114990003  19.815095089083002 5.2901940324309997  19.769095905253 5.286877481116  19.681625894317001 5.2805693259620003  19.640168718222 5.2775788624500004  19.598700284551999 5.2745869616930001  19.557285587633999 5.2715983409689997  19.515877162694 5.2686096043950004  19.428027046311001 5.262267714749  19.381581539346001 5.258914149742  19.335134956501001 5.2555598846010003  19.288734502741001 5.2522083703569997  19.242318196461 5.2488551723669996  19.154064315176999 5.2424786179630001  19.112240135865001 5.2394563235679996  19.070403060095 5.2364327334849996  19.028611992285999 5.2334121357830004  18.986824012722 5.2303914602469996  18.89818058426 5.223983239611  18.851321728521 5.2205953803460003  18.804458306567 5.2172069043810003  18.757632776102 5.213820927135  18.710789556312999 5.2104334756490003  18.621733513645999 5.2039931389480003  18.579533815664998 5.2009412310599998  18.537319567325 5.1978881862110002  18.495143448282999 5.1948378482509998  18.452967184447001 5.1917874835840001  18.363512316596001 5.1853177717980001  18.316230722850001 5.181898213258  18.268941024994 5.1784781400869999  18.221680831114 5.1750603211120003  18.174401099124999 5.1716412594519996  18.100891159056999 5.1663256862529998  18.074680635111001 5.164430445721  18.048470941156001 5.1625353401979996  18.022311577276 5.160643957494  17.996165167417001 5.1587536039520003  17.252369026960999 5.1049809043880003  16.529652547531001 5.052807602793  15.79901953243 5.0003117132490003  15.059870629148 4.9476428237189998  14.313848951012 4.8951513266740001  12.816818446464 4.7915415820609999  12.067035577066999 4.7405065966939999  11.315671746408 4.6904201068409996  10.562761329727 4.6414809916069997  9.8083506116959995 4.5938782171719996  8.3020141816030009 4.5020170023460002  7.5501087109030003 4.4577371710089997  6.7968370789100003 4.4151131639079999  6.0422657728100004 4.3742970271120001  5.2864692751530002 4.335419847881  3.7761684911139999 4.2619295407109998  3.0236624438640001 4.2273939382380004  2.2691240265110002 4.194920022592  1.5120039209939999 4.1645910514280002  0.75417734601800002 4.1365602603729998  0 4.1109500656779998 
 0 7 0.001206708839344 5 0.010324210814450001 5 0.02282674293031 5 0.03392325536548 5 0.046231353206589998 5 0.05716075799953 5 0.069287389683280007 5 0.080061115208610006 5 0.092018899168350002 5 0.10264807386700001 5 0.114449302618 5 0.12494477605900001 5 0.136601440006 5 0.14697380352600001 5 0.15849761344499999 5 0.16875721994500001 5 0.18015962825500001 5 0.190316610085 5 0.201608830795 5 0.211673117745 5 0.22286614598599999 5 0.23284748203299999 5 0.243952112335 5 0.25386007149599998 5 0.264886915073 5 0.27473091636199998 5 0.28569041738299999 5 0.29547973886700002 5 0.30638218971699999 5 0.31612598164400002 5 0.326981537155 5 0.33668883416200002 5 0.34750752478800001 5 0.35345455421400002 5 0.51596767864500004 5 0.67833511210300002 5 0.83954910332999999 5 1 7
7 0 0  6 192 39  26.174596211354999 20.335138566611999  26.173805413766999 20.335278489827999  26.172209956534999 20.335560564173001  26.169138980067 20.336103786851002  26.164786829979999 20.336873908463001  26.160213057095 20.337683433005999  26.135652792024 20.342031298489001  26.113717493376001 20.345919759716999  26.091805437249 20.349809306828  26.070014542256999 20.353682599201999  26.048271729873999 20.357552650319999  25.996248958424001 20.366824726158999  25.965977396098999 20.372230020926001  25.935757321113002 20.377636325611  25.905659978288998 20.383030641314999  25.875589939569 20.388429838760999  25.818390514489 20.398719395135998  25.791267603779001 20.403606450197  25.764168607137002 20.408497386503001  25.737184710710999 20.413375552253999  25.710248225017001 20.418252968893999  25.653058417734002 20.428625457498999  25.62280396249 20.434122586960999  25.592599437570001 20.439620764362001  25.562513146170001 20.445107311228  25.532453628582001 20.450598680500999  25.475280119189001 20.46106231708  25.448172328439998 20.466031337305999  25.421087912051998 20.471004185089999  25.394114207312001 20.475964637369  25.367186399464 20.480924405703  25.310022267836001 20.491470231817001  25.279785177158001 20.497058270966001  25.249596434394999 20.502647387433001  25.219521360278002 20.508225251189  25.189472520134 20.513807859916  25.132325308868001 20.524443703525002  25.105233054245002 20.529493825180001  25.078163237268001 20.534547567602001  25.051199679829999 20.539589311928001  25.024280869039 20.544630571441001  24.967142787827999 20.555347652216  24.936923313238001 20.561025440500998  24.906750578905001 20.566704325500002  24.876686883571999 20.572372353984999  24.846648872559001 20.578045030325001  24.789528331913999 20.588850748877  24.762451631582 20.593980744574001  24.735396818178 20.599114289538999  24.70844375139 20.604236255145  24.681533862470001 20.60935777808  24.624422194655001 20.620243556298998  24.594220580616 20.626009680446  24.564064074149002 20.631776909265  24.534011913985001 20.637533694906999  24.50398487839 20.643295009953  24.446891368277001 20.654267779316001  24.419830431691 20.659476262281999  24.392790821668999 20.664688206314999  24.365848385827 20.669889010142999  24.338947535951 20.675089405998001  24.281862632645002 20.686140815900998  24.251679115415001 20.691993592138999  24.221539048339999 20.697847468012998  24.191498573823001 20.703691329693001  24.161482653728999 20.70953957927  24.104416519912 20.720676048821002  24.077371548733002 20.725961381438001  24.050347333958001 20.731250068826999  24.023415663563 20.736528074317  23.996523964499001 20.741805697781  23.939466162224001 20.753019130327999  23.909301167592002 20.758956640809  23.879177544224 20.764895121632001  23.849148700259999 20.770824031280998  23.819144226548001 20.776757272167  23.762105799322999 20.788053529326  23.735076986355999 20.793413806501999  23.708068349685998 20.79877731262  23.68114757267 20.804130612773001  23.654265130081001 20.809483546683001  23.597234749927001 20.82085481356  23.567088287097999 20.826874716496  23.536981506042 20.83289556762  23.506964635719001 20.838907302308002  23.476971527618002 20.844923161202999  23.419961117966 20.856374695665  23.392948646057 20.861807727864999  23.365955760247001 20.867243842153002  23.339045997172999 20.872670242239  23.312172909901001 20.878096280192999  23.255170254543 20.889620577546001  23.225042527159001 20.895720266402002  23.194952770040999 20.901820862737001  23.164948001692 20.907912806912002  23.134966374843 20.914008639925001  23.077984274266999 20.925610306612999  23.050988315169 20.931113602654001  23.024011341737999 20.936619811377  22.997112704974999 20.942116811403  22.970249064295999 20.947613440137001  22.913274416328999 20.959285311605001  22.883165614808998 20.965461834088  22.853093050654 20.971639202694998  22.823100503216999 20.977808390324  22.793130463526001 20.98398120129  22.736176941295 20.995727183515001  22.709197654501001 21.001297933259  22.682236742577 21.006871402169001  22.655349335453 21.012436179253001  22.628495224321 21.018000560916999  22.571548844203001 21.029813860594  22.541459144402999 21.036063899384001  22.511403928375 21.042314700104001  22.481423710451001 21.048557795000999  22.451465353155001 21.054804215792998  22.394540654147001 21.066687988348001  22.367578185707998 21.072323045448002  22.34063347084 21.077960602512999  22.313757386784001 21.083589993305999  22.286912879054999 21.08921894781  22.229995003014999 21.101166803430999  22.199924564863 21.107486657062999  22.169886836981998 21.113807163324001  22.139919045884 21.120120439642001  22.109972454596999 21.126436710680998  22.053076797115001 21.138451003351999  22.026131278426998 21.144146868236  21.999202881395 21.149844986626999  21.972338203059 21.155535469989001  21.945503362711001 21.161225457608001  21.888614200625 21.17330023437  21.858563166739 21.179685798502  21.828543050587999 21.186071878516  21.798587771369998 21.192451201640999  21.768653017129001 21.198833152812  21.711786590692 21.210969914776001  21.684858137283999 21.216722718086  21.657946162885999 21.222477499631999  21.631092961267001 21.228225179780999  21.604267841613002 21.233972284242999  21.547407574868998 21.246165549733  21.517376069167 21.252612299048  21.487373670587001 21.259059397670999  21.457430975081 21.265500205772  21.427508115382999 21.271943238037998  21.370671078512999 21.284193603656998  21.343759788827001 21.289999090386999  21.316864324674999 21.295806249744999  21.290022658232999 21.301606840129001  21.263207301137999 21.307406752447001  21.206376080498 21.319709243243999  21.176364206807001 21.326212214278002  21.146379612598999 21.332715335814001  21.116449558444 21.339212622367999  21.086538636295 21.345711690369001  21.029731114322001 21.358065946957002  21.002837068496 21.363919461567001  20.975958183812999 21.369774311406999  20.949128097599001 21.375623119587999  20.922322532708002 21.381471122916999  20.865520476187001 21.393872713472  20.835528316862 21.400426488699999  20.805561593495 21.406980180999  20.775644223183001 21.413528478610001  20.745745266164 21.420078074608998  20.699306441857999 21.430258968857999  20.682757719687999 21.433888583607999  20.666218856448999 21.437517610074998  20.649721129770999 21.441139175817  20.63324099778 21.444758437023999  20.164690711995 21.547701939008999  19.716456112732001 21.647333806778999  19.270347268596002 21.747320923372001  18.826192162158002 21.847362488641  18.385069070069001 21.946784168891998  17.513618257486002 22.142476791637002  17.083992042811001 22.238590981022998  16.660059514311001 22.332643376756  16.241567227897001 22.424274411371002  15.828229006966 22.513150473100001  15.014145977749999 22.684191589097001  14.6133325381 22.766399880628999  14.21699419204 22.845310512101999  13.824807794598 22.920670520129999  13.436439786119999 22.992269521124999  12.668495801278 23.127300168491001  12.2898974275 23.190590932193999  11.913886285421 23.249961986199999  11.539887438333 23.305289856771999  11.168476904486999 23.356326492731998  10.801379495042999 23.402878486574 
 0 7 0.001206708839344 5 0.010324210814450001 5 0.02282674293031 5 0.03392325536548 5 0.046231353206589998 5 0.05716075799953 5 0.069287389683280007 5 0.080061115208610006 5 0.092018899168350002 5 0.10264807386700001 5 0.114449302618 5 0.12494477605900001 5 0.136601440006 5 0.14697380352600001 5 0.15849761344499999 5 0.16875721994500001 5 0.18015962825500001 5 0.190316610085 5 0.201608830795 5 0.211673117745 5 0.22286614598599999 5 0.23284748203299999 5 0.243952112335 5 0.25386007149599998 5 0.264886915073 5 0.27473091636199998 5 0.28569041738299999 5 0.29547973886700002 5 0.30638218971699999 5 0.31612598164400002 5 0.326981537155 5 0.33668883416200002 5 0.34750752478800001 5 0.35345455421400002 5 0.51596767864500004 5 0.67833511210300002 5 0.83954910332999999 5 1 7
7 0 0  5 34 9  26.174596189043001 20.335138570880002  25.751745356131 20.409928181034999  25.332298830098999 20.486169557471001  24.916356355369999 20.563761543447001  24.504005429366 20.642576045371001  23.673698858169999 20.804865874937999  23.255978163735001 20.888409812759999  22.842229495721 20.972919069850999  22.432506219193002 21.058192388529001  21.605653247204 21.233092306416999  21.188838771667001 21.322760775430002  20.776417140361001 21.412753618065  20.368380281823001 21.502786724176001  19.546455646159 21.685562008535001  19.132885433239 21.778285156991  18.723920157913 21.870394067159001  18.319462416095998 21.961535549895999  17.523293760975001 22.140284043274001  17.131495455774001 22.227917402448998  16.743844875362999 22.313920522476  16.360166879059001 22.397958209685999  15.614178741479 22.558508590310002  15.251598932041 22.635183924488999  14.892336241036 22.709471166895  14.536182426119 22.781117283353002  13.832835840511001 22.918077444895999  13.485590940231001 22.983442798194002  13.140968685201001 23.045793831240001  12.79874178663 23.104958274817999  12.1234388731 23.215868052131  11.790301574033 23.267706577163999  11.459055712353001 23.316201127705  11.129483837005001 23.361271243063001  10.801379495275 23.402878486542999 
 0 6 0.11831015937599999 4 0.240362359448 4 0.36707981305699999 4 0.49835742987100001 4 0.628319711113 4 0.75355086087500001 4 0.877653518593 4 1 6
7 0 0  5 34 9  26.174596211354 5.7321746633609996  25.590933235756999 5.6938984868900002  25.005428977998999 5.654823139336  24.418019381200001 5.6149939612489996  23.828640349478999 5.5744697068300004  22.627121074908001 5.4908764985999996  22.014850149309002 5.4477675712830003  21.400356896283 5.4040775100880003  20.783581602933999 5.3599032439979997  19.521707748346 5.2691077201740004  18.876427266993002 5.2224574408829998  18.228582380957 5.1755312482660001  17.578131404488001 5.1284718014150004  16.248472948596 5.0327029429029997  15.569072501956001 4.9839950612969997  14.886828479204 4.9354818659599999  14.201737956116 4.8873486074830002  12.832807958956 4.7926946185909998  12.149024237899001 4.7461625201280002  11.46250036949 4.7003693749590001  10.77328554679 4.6554997590629998  9.4148129489030001 4.5695503010929999  8.7457415332450008 4.528391919693  8.0743110252280008 4.4884094487060002  7.4006105811139999 4.4497501984810004  6.0549776401189996 4.375671533557  5.383083320381 4.3402260248019999  4.7091717476949997 4.3063324406300003  4.0333634766779998 4.2740985597209997  2.6878057983449999 4.2135494674159997  2.0181053238389999 4.1851852270630001  1.346815403988 4.1585961279049997  0.67406866759999995 4.1338399468259999  0 4.1109500656779998 
 0 6 0.11831015937599999 4 0.240362359448 4 0.36707981305699999 4 0.49835742987100001 4 0.628319711113 4 0.75355086087500001 4 0.877653518593 4 1 6
7 0 0  5 34 9  26.174596211284001 20.335138559280999  25.757909952572 20.408837865066999  25.344529568161999 20.483946842043999  24.934550299131999 20.560368838628001  24.528056187139999 20.637981551048998  23.710949729616999 20.797483221103999  23.300537731801001 20.87943109986  22.89395071245 20.962320248289998  22.491240276237001 21.045961523496  21.677378219030999 21.217749849392  21.266550632344 21.305941714566  20.859977071035999 21.394476332714  20.457652633573002 21.483084794650001  19.64685740473 21.663111972227  19.238699846012999 21.754514990038  18.835018964071001 21.845372924757001  18.435726329474001 21.935349562612  17.642983460183999 22.113473392182001  17.249590941889998 22.201604119479001  16.860387281853001 22.288161447315002  16.475200950192999 22.372806894086999  15.719296176239 22.536170256956002  15.348441878721999 22.614967302082  14.981077709486 22.691321426258  14.616984244152 22.764959990798001  13.899543060135001 22.905427957909001  13.546116939885 22.972333184836  13.195426481477 23.036143494408002  12.847233165800001 23.096674883525001  12.157313221555 23.210585154995002  11.815560866757 23.264002439462001  11.475808941691 23.313907960350001  11.137822671533 23.360213787020999  10.801379495041999 23.402878486572 
 0 6 0.11658535004999999 4 0.23641766636200001 4 0.36113100318300001 4 0.49040638468699999 4 0.62055854451100001 4 0.74837792649099999 4 0.874544058337 4 1 6
7 0 0  5 34 9  26.174596211352 5.732174666303  25.599442320207999 5.6944565005439998  25.022500369193999 5.6559623099019998  24.443709206350999 5.6167354546370003  23.863007385006998 5.576831984699  22.681442934532001 5.4946832906329997  22.080468880552001 5.4524037748909997  21.477356203732 5.4095589485189999  20.872048105280001 5.3662398232640003  19.632203151820999 5.2770837689269996  18.997479615254001 5.2312161286609999  18.360277092760001 5.1850670136570001  17.720554720203999 5.1387712373829997  16.41253255785 5.044485598234  15.744042974711 4.9964956799009999  15.072797669566 4.9486682856810003  14.398791377184001 4.9011793402450001  13.040709978504999 4.8069182740540004  12.356597111119999 4.7601531576860001  11.669728818633001 4.7140955669920004  10.980151265986001 4.6689313088790003  9.6081327553539992 4.5815329167960002  8.9257848749920008 4.5392607303550001  8.2409650684169993 4.4981876757529999  7.5537658747399998 4.4584719900829999  6.1837546453409997 4.382527300964  5.5010001833109996 4.3462598021929999  4.8161477140209996 4.3115836181529996  4.129322986929 4.2786135437019999  2.7558819118329998 4.216439872654  2.069285418482 4.1872160840100001  1.381010555037 4.1598556989939999  0.69120025204299995 4.134421697544  0 4.1109500656779998 
 0 6 0.11658535004999999 4 0.23641766636200001 4 0.36113100318300001 4 0.49040638468699999 4 0.62055854451100001 4 0.74837792649099999 4 0.874544058337 4 1 6
7 0 0  5 34 9  26.174596211354999 5.7321746721529996  25.601204055297998 5.6945720087170004  25.026035382918 5.6561982012799996  24.449028048102999 5.6170958947649998  23.870122808409999 5.5773208968799999  22.692314139874 5.4954449761999999  22.093300807239 5.4533101573770004  21.492163262803999 5.4106126480169996  20.888845197184001 5.3674424475820004  19.631586585629002 5.2770449040080001  18.977293234712999 5.2297591627570004  18.320364980127 5.1821757524420002  17.660757220211 5.1344427176709999  16.336035911589999 5.0389919903799996  15.670921078436001 4.9912742640039998  15.003079655256 4.943728647276  14.332507467192 4.8965285524500004  12.982005907946 4.8028991641559999  12.302044281674 4.7564759568369999  11.619364016875 4.7107602813840002  10.934011223043999 4.6659343028620004  9.5683101781920001 4.5790567978799999  8.8880379246069996 4.5369739409010004  8.2053125023309992 4.4960879192650003  7.5202260391089997 4.4565551250700004  6.1544070008349996 4.3809600199360004  5.4737312921700001 4.3448595390879996  4.7909737516320003 4.3103432808399997  4.1062591594719997 4.2775246040279997  2.7390859636029998 4.215725416892  2.0566577702650002 4.1867143304520003  1.372573403846 4.1595446884590004  0.68697320598900002 4.1342781564089996  0 4.1109500656779998 
 0 6 0.116228211277 4 0.23567592282700001 4 0.36423116171600001 4 0.49280602488199998 4 0.62213325847000001 4 0.74954245444500001 4 0.87531128635 4 1 6
7 0 0  5 34 9  26.174596211284001 20.335138579294  25.759186558781 20.408612077868  25.347061922169999 20.483486689698999  24.938318298938 20.55966656623  24.533037289759001 20.637030603909  23.718406472439 20.796006001152001  23.309254469521999 20.877675666371001  22.90390217397 20.960282672049999  22.502400906089999 21.043639945751998  21.676832857063001 21.217829256283  21.25337938306 21.308746671811001  20.834446905555001 21.400025342275001  20.420029359680999 21.491370047086001  19.600068471952 21.673578272669001  19.194526201997999 21.764441793654999  18.793407178734 21.854744332383  18.396622644301999 21.944154799443002  17.609171724643002 22.121049802531001  17.218554460135 22.208520086776002  16.832065324670001 22.294420458034001  16.449534971993 22.378419329937  15.697613262542999 22.540787580465999  15.328110905248 22.619222051441  14.962069221708999 22.695219893379001  14.59927045956 22.768511821566001  13.884329252586999 22.908320219876  13.532109427641 22.974911844606002  13.182602338655 23.038423286396  12.835571636489 23.098672963666001  12.148953699813999 23.211891063581  11.80932778627 23.264917631445002  11.471675074656 23.314474192013002  11.135765147976 23.360474703664998  10.801379495042999 23.402878486573002 
 0 6 0.116228211277 4 0.23567592282700001 4 0.36423116171600001 4 0.49280602488199998 4 0.62213325847000001 4 0.74954245444500001 4 0.87531128635 4 1 6
7 0 0  5 34 9  26.174596211335999 20.33513857022  25.753369128389 20.409640977515  25.335520362463999 20.485584028146  24.921148304609002 20.562867714789999  24.510339650248 20.641365526022  23.683244056873001 20.802972311034001  23.267187724625 20.886148750821999  22.855069416353 20.970285301231002  22.446942121797999 21.055183554087002  21.621642192818999 21.229665412717001  21.204815814876 21.319295466237001  20.792379583500001 21.409256008783  20.384326019416999 21.499263561496999  19.562484099702001 21.681975001108  19.149010538058999 21.774660546041002  18.740138448787 21.866740670138999  18.335771307767999 21.957862937698  17.543157300973999 22.135834904244  17.154750378096001 22.222732508261  16.770421095341 22.308040673674  16.390000004655001 22.39143299273  15.64395068758 22.552194932785  15.278178394509 22.629650544981001  14.915787334349 22.704690774064002  14.556564587046999 22.777055342082999  13.84853574165 22.915107672569  13.499654962869 22.980868704599001  13.153425896902 23.043593215207  12.809618273186 23.103105959975998  12.130846886898 23.214714747914002  11.795825933852001 23.266897512439002  11.462719951586999 23.315699929872999  11.131307773568 23.361039947820998  10.801379494934 23.402878486584999 
 0 6 0.11785583506 4 0.23939989031100001 4 0.36608007760599998 4 0.49728152838700002 4 0.62606051464000001 4 0.75231971932499997 4 0.87697339264800001 4 1 6
7 0 0  5 34 9  26.174596211352998 5.7321746695189999  25.593174600680001 5.6940454610910001  25.009925744659 5.655123246954  24.424786475329999 5.6154527699040004  23.837693313340999 5.5750921166860001  22.641048234052999 5.4918529715920004  22.031368062797 5.4489351903039998  21.419484965001001 5.4054397619800003  20.805339894119999 5.3614622214379999  19.546382027633999 5.2708897201209997  18.901369531724999 5.2242626553970002  18.253795186281 5.1773566927949997  17.603617093040999 5.1303141283129996  16.274711967285 5.0345861217300003  15.595793731899001 4.9859019303440002  14.914035455456 4.9374079801970003  14.229433823521999 4.8892890596059999  12.86728672546 4.7950546839600001  12.189843889295 4.7489185994380003  11.509709353990999 4.7035019600950001  10.826930332345 4.658984385069  9.4696411338789996 4.572937988044  8.7952300619640003 4.5313676891370003  8.1184170540749996 4.4909857075290001  7.4392928957200004 4.4519434457319997  6.0853082758769999 4.3772813559000001  5.4105027980360001 4.341624281573  4.7336591095209997 4.3075300814829998  4.0548991757890001 4.2751083241350001  2.702697006972 4.2141805052599999  2.029300327794 4.1856288254880001  1.3542949872079999 4.1588714254030004  0.67781582532499995 4.1339671920149996  0 4.1109500656779998 
 0 6 0.11785583506 4 0.23939989031100001 4 0.36608007760599998 4 0.49728152838700002 4 0.62606051464000001 4 0.75231971932499997 4 0.87697339264800001 4 1 6
7 0 0  5 34 9  26.174596211354 5.7321746695079998  25.598673808794999 5.694406095353  25.020958567526002 5.6558594449140003  24.441389084853 5.6165782050880004  23.859903671611999 5.5766187043270001  22.673909548436001 5.494156923816  22.069269388622999 5.4516142024340004  21.462464007962001 5.4085001002739999  20.853435610938 5.3649074304089996  19.607820808380001 5.2753239892700003  18.971059868687 5.2293047016749998  18.331803514166001 5.1830053267279999  17.690010747909 5.1365621901849998  16.375660697219999 5.0418358180949996  15.702895257299 4.9935528887410001  15.027339290433 4.9454406392400001  14.348988024342001 4.8976785481279999  12.988016466031 4.8033085699539999  12.305406076300001 4.7566986459920004  11.620055483111001 4.710801123855  10.932011301487 4.6658003467790001  9.5637836902389992 4.5787755018520002  8.8836981464400004 4.5367111216599998  8.2011612080050007 4.4958434906039999  7.5162649765860001 4.4563288256  6.1508232107660001 4.3807686759719999  5.4703344738549999 4.3446850498950003  4.7877654702339996 4.3101850965380004  4.1032408996900003 4.2773820326200003  2.7368185361899999 4.2156290329889998  2.0549530740200002 4.1866466293329996  1.3714344222099999 4.1595027148190002  0.68640257572800001 4.1342587790670002  0 4.1109500656779998 
 0 6 0.11674112934899999 4 0.237299712685 4 0.36239813435200002 4 0.49247611714 4 0.62231039565500001 4 0.74968218843900003 4 0.87541485832400001 4 1 6
7 0 0  5 34 9  26.174596211331998 20.335138570192001  25.757353182963001 20.408936317910999  25.343424871633999 20.484147586109  24.932906896111 20.560675177164999  24.525883624264999 20.638396382602998  23.705767281351999 20.798504475918001  23.292910695281002 20.880960861657002  22.883926273335 20.964368269615999  22.478866367201999 21.048533842924002  21.661541167109 21.221135232390001  21.249578646214001 21.309612558426  20.841896688428999 21.398428472399001  20.438489735369 21.487311142149998  19.624253013280001 21.668162193011  19.213766659958999 21.760112643633999  18.807810264038 21.851499398358001  18.406292610383002 21.941979646318  17.612616760523 22.120278726304001  17.220442164156001 22.208102309493999  16.832428822468 22.294344888714001  16.448405407807002 22.378670902282  15.69514919795 22.541312101399001  15.325773742778001 22.619711034590999  14.959856118706 22.695673697983999  14.597178714545 22.768931128807001  13.882471491046999 22.908673323708001  13.530364392101999 22.975233182918998  13.180967762502 23.038714044291002  12.834045446559999 23.098934569120001  12.147825274529 23.212067234003001  11.808486381529001 23.265041115947  11.471117032134 23.314550609592999  11.135487392404 23.360509926129001  10.801379494951 23.402878486582999 
 0 6 0.11674112934899999 4 0.237299712685 4 0.36239813435200002 4 0.49247611714 4 0.62231039565500001 4 0.74968218843900003 4 0.87541485832400001 4 1 6
7 0 0  5 34 9  26.174596203520998 20.335138572462998  25.751745340336999 20.409928175089  25.332298852794001 20.486169562175998  24.916356349177999 20.563761540861002  24.504005430273999 20.642576045195  23.673698858169001 20.804865874939999  23.255978163736 20.888409812761999  22.842229495720002 20.972919069852999  22.432506219193002 21.058192388531001  21.605653247204 21.233092306419  21.188838771667001 21.322760775431998  20.77641714036 21.412753618067001  20.368380281823001 21.502786724177  19.546455646159 21.685562008535999  19.132885433237998 21.778285156991998  18.723920157914002 21.870394067159999  18.319462416095998 21.961535549897  17.523293760975001 22.140284043274999  17.131495455774001 22.227917402448998  16.743844875362999 22.313920522477002  16.360166879059001 22.397958209685999  15.614178741479 22.558508590310002  15.251598932041 22.635183924488999  14.892336241036 22.709471166895  14.536182426119 22.781117283353002  13.832835840512001 22.918077444895999  13.485590940231999 22.983442798193  13.140968685201999 23.045793831238999  12.79874178663 23.104958274817999  12.123438873101 23.215868052131  11.790301574033 23.267706577163999  11.459055712353001 23.316201127704002  11.129483837005999 23.361271243063001  10.801379495275 23.402878486542001 
 0 6 0.118310159608 4 0.24036235964800001 4 0.36707981322299998 4 0.49835743000299998 4 0.62831971120999996 4 0.75355086094000001 4 0.87765351862499996 4 1 6
7 0 0  5 34 9  26.174596211352998 5.7321746679450003  25.590933256103 5.6938984785809996  25.005428967221999 5.6548231483139997  24.418019390384998 5.6149939578190002  23.828640350794 5.5744697069219997  22.627121074906999 5.4908764986009997  22.014850149310998 5.4477675712830003  21.400356896281998 5.4040775100880003  20.783581602935001 5.3599032439989998  19.521707748346 5.2691077201740004  18.876427266993002 5.2224574408839999  18.228582380957 5.1755312482660001  17.578131404488001 5.1284718014150004  16.248472948597001 5.0327029429029997  15.569072501954 4.9839950612969997  14.886828479206001 4.9354818659599999  14.201737956115 4.8873486074840002  12.832807958956 4.7926946185919999  12.149024237899001 4.7461625201280002  11.46250036949 4.7003693749590001  10.77328554679 4.6554997590629998  9.4148129489040002 4.5695503010929999  8.7457415332459991 4.528391919693  8.0743110252280008 4.4884094487070003  7.400610581115 4.4497501984810004  6.0549776401199997 4.375671533557  5.3830833203820001 4.3402260248019999  4.7091717476959998 4.3063324406300003  4.0333634766779998 4.2740985597209997  2.687805798346 4.2135494674159997  2.01810532384 4.1851852270630001  1.346815403988 4.1585961279049997  0.67406866759999995 4.1338399468259999  0 4.1109500656779998 
 0 6 0.118310159608 4 0.24036235964800001 4 0.36707981322299998 4 0.49835743000299998 4 0.62831971120999996 4 0.75355086094000001 4 0.87765351862499996 4 1 6
1 0 108.81544857693 1 0 
1 0 108.81544857693 1 0 
1 108.81544857693 0 0 1 
1 0 217.63089715387 1 0 
1 0 -3.0825092728899998e-14 1 0 
1 108.81544857693 0 0 1 
Curves 82
7 1 0  10 11 2  20 34.641016151377997 0  1.00731395893 9.1172038145939993 40.924201458557 15.000000000004  1.00731395893 -3.2925000503509998 44.563002433019001 29.999999999987999  1.00731395893 -17.262738698770001 45.195130123462 45.000000000017998  1.0073139589310001 -32.630189745700001 41.596035519224998 59.999999999983999  1.00731395893 -47.934457620769997 31.991744829653001 75.000000000010004  1.0073139589310001 -59.645757272799997 15.471390636755 89.999999999992994  1.00731395893 -63.667895843030003 -5.4980168723010001 105  1.0073139589310001 -58.692576588960002 -26.25815912541 119.99999999999  1.00731395893 -46.324194278100002 -42.536746266290002 135  1.00731395893 -30 -51.961524227060004 150  1.00731395893
 0 11 150 11
7 0 0  7 14 3  15.928547829177999 35.572921283181998 3.0071132588589999  15.97927721906 35.696255437146 3.2783945459880002  16.003875626378999 35.824871049766998 3.5568385331350001  16.003251424236002 35.956822083844003 3.8403982152260001  15.978803227918 36.090164976489 4.1270094585569996  15.932218051301 36.223073400868998 4.4146564711979996  15.865321199941 36.353911589535997 4.7014323020889996  15.675856736627001 36.636642358529002 5.3322798792150001  15.544303195762 36.786796451652002 5.6749921877630003  15.388732180611999 36.929160512983003 6.0105531802660002  15.212734195755999 37.061528838462003 6.3358396892059998  15.020052665905 37.182200764800001 6.6479440935270002  14.814442762713 37.290178833073 6.9444958856029997  14.599482279464 37.385119356502997 7.2237904402230004 
 0 8 0.45044488876700001 6 1 8
7 0 0  13 50 5  21.773255648105 36.321374567569002 2.2202673565439999  21.678908990212001 36.303807403797002 2.2316788604409998  21.586436006869999 36.286589114573999 2.2428637379269998  21.495836698080002 36.269719699900001 2.2538219890020001  21.407111063841999 36.253199159775001 2.2645536136670001  21.320259104154999 36.237027494198998 2.27505861192  21.235280819020002 36.221204703170997 2.285336983763  21.152176208437002 36.205730786693003 2.2953887291949999  21.070945272405002 36.190605744762998 2.3052138482169999  20.991588010925 36.175829577381997 2.3148123408269998  20.914104423996001 36.161402284548998 2.3241842070269998  20.838494511619999 36.147323866265999 2.3333294468160002  20.764758273795 36.133594322531003 2.3422480601950002  19.751496342850999 35.944926926337999 2.4648050508889998  18.803265174101 35.799313030939999 2.5860723034789999  17.848857989601999 35.682586839606998 2.7150118346449998  16.888904913148998 35.593879352751003 2.8518227910820002  15.923885466017 35.532255173075001 2.9966416532150002  14.954056772946 35.496742627162 3.14954390756  13.979424495362 35.486374148499998 3.3105399885260001  12.999746066338 35.500234525768001 3.4795663026839998  12.01455580997 35.537514634837997 3.6564721496930002  11.023201517964999 35.597568255363001 3.8410033526410001  10.024882066444 35.679969590829998 4.0327834120370003  9.0186756469509994 35.784569095279998 4.2312929964209998  6.9884207379139998 36.038521347550997 4.6404041704949996  5.9644144652479998 36.187868520728003 4.8509925445409996  4.9302455157420004 36.359858643667003 5.0670337740429998  3.8863633340030002 36.554583396166997 5.2871103471470002  2.8268970996020002 36.774400226868998 5.5119285100109998  1.7622577817989999 37.017414214242002 5.7361765682470001  0.67254135589300001 37.291235553851998 5.9649530806440003  -0.41768308129800003 37.591172986930999 6.1882549120570003  -1.5310772060869999 37.927269283977999 6.4112603000619997  -2.6507675614520001 38.298733653470997 6.6274386110199996  -3.7808865958169999 38.711736092750002 6.8363724230759999  -4.9153296590939997 39.169728916796998 7.0356520964079996  -6.1198114170139997 39.707822102093999 7.2355354053559999  -6.1915979516349999 39.739892197652999 7.247448354626  -6.2643967460000001 39.772414512654997 7.2595292880309996  -6.338207800108 39.8053890471 7.2717782055719997  -6.4130311139579996 39.838815800988002 7.2841951072480002  -6.488866687552 39.872694774319001 7.2967799930600004  -6.5657145208880001 39.907025967091997 7.309532863007  -6.6435746139680001 39.941809379307998 7.3224537170910002  -6.7224469667899998 39.977045010966997 7.3355425553089999  -6.8023315793550001 40.012732862069001 7.3487993776630001  -6.8832284516630002 40.048872932613001 7.3622241841529998  -6.9651375837140002 40.0854652226 7.375816974778  -7.0480589755079999 40.122509732029997 7.3895777495389998 
 -1.908874923305 14 -0.90984430941799999 12 12.177453796258 12 25.264751901935 12 26.081756329806002 14
7 1 0  10 11 2  3.5527136788010003e-15 40 0  1.00731395893 -12.56637061436 39.999999999998998 15.000000000004  1.00731395893 -25.132889902070001 36.946442150728998 29.999999999987999  1.00731395893 -37.547535313760001 30.508761464867 45.000000000020997  1.0073139589310001 -49.056591009690003 19.708128583526999 59.999999999975003  1.00731395893 -57.508330431040001 3.7384349234699998 75.000000000021004  1.0073139589310001 -59.390436344580003 -16.424261313079999 89.999999999986997  1.00731395893 -52.38900676942 -36.595370203370003 105  1.0073139589310001 -37.700182776890003 -52.086521153690001 119.99999999999  1.00731395893 -18.849555921539999 -59.999999999990003 135  1.00731395893 -3.9079850466809997e-14 -60 150  1.00731395893
 0 11 150 11
7 1 0  6 7 2  -30 -51.961524227060004 150  1.00731395893 -24.708096385129998 -51.324131849440001 150  1.002414195399 -19.34983251113 -51.500747951770002 150  0.99951263218899999 -14.06535460668 -52.49261801862 150  0.99855113858400002 -8.9929274622740003 -54.275872295699997 150  0.99951263218899999 -4.2642267760439996 -56.802050201370001 150  1.002414195399 -3.9079850466809997e-14 -60 150  1.00731395893
 0 7 0.763337317515 7
7 1 0  10 11 2  34.641016151377997 20 0  1.00731395893 28.357830844197 30.882796185406001 15.000000000002  1.00731395893 19.430112530944001 40.238942201076 29.999999999996  1.00731395893 7.6475948096959998 47.771500163653002 44.999999999998998  1.0073139589310001 -7.4605554904720002 52.338318329217003 60.000000000009003  1.00731395893 -25.516585601389998 51.672892544257003 74.999999999988006  1.0073139589310001 -43.919045707830001 43.221495959702999 90.000000000005002  1.00731395893 -57.887023641719999 27.072525639670999 105  1.0073139589310001 -63.958341902310003 6.606055435259 120  1.00731395893 -61.386302187829997 -13.675805721890001 134.99999999999  1.00731395893 -51.961524227060004 -30 150  1.00731395893
 0 11 150 11
7 0 0  7 14 3  31.580987707055002 22.842779603471001 3.0071132588589999  31.686587677302999 22.924225382696999 3.2783944250150001  31.772198343039001 23.023310547571 3.556838395112  31.837633309141999 23.137895607726001 3.8403981230599999  31.883132006768999 23.265598064208 4.127009424443  31.909242271244 23.403992741850999 4.4146564695160002  31.916726993196001 23.550750362310001 4.7014322998739999  31.894011339268999 23.890334623537999 5.3322798792150001  31.855159677483002 24.086148653096 5.6749921877630003  31.791613256935999 24.287225054371 6.0105531802660002  31.705378693776002 24.489858379318999 6.3358396892059998  31.598847557252999 24.690704097977999 6.6479440935260001  31.474773191956 24.887020799748999 6.9444958856029997  31.336082214367998 25.076721946511999 7.2237904402230004 
 0 8 0.45044489069600002 6 1 8
7 0 0  13 50 5  37.016879798136003 20.568605251832 2.2202673565429998  36.926389613753003 20.600564970680001 2.2316788604400002  36.837696516404002 20.631889986474 2.2428637379260001  36.750800506089 20.662580299215001 2.2538219890020001  36.665701582809 20.692635908901 2.2645536136660001  36.582399746564001 20.722056815534 2.27505861192  36.500894997353001 20.750843019112999 2.285336983763  36.421187335177002 20.778994519638001 2.2953887291949999  36.343276760035003 20.806511317108999 2.3052138482159998  36.267163271927998 20.833393411526 2.3148123408269998  36.192846870856002 20.859640802889999 2.3241842070269998  36.120327556817998 20.8852534912 2.3333294468160002  36.049605329815002 20.910231476456001 2.3422480601940001  35.077761058832998 21.253471683958999 2.4648050508889998  34.183761830336998 21.601481935772 2.5860723034780002  33.298857867340999 21.977597681052998 2.715011834647  32.423160373248002 22.380751282119999 2.8518227910770002  31.556616927093 22.809892900674999 2.9966416532240001  30.698964368536 23.264052480177 3.1495439075489999  29.849723817577999 23.742389253197 3.3105399885379998  29.008227599026998 24.244231906384002 3.4795663026739998  28.173667864074002 24.769112556193001 3.656472149701  27.345156673255001 25.316797663086 3.8410033526370002  26.521787334906001 25.887319038704 4.0327834120389996  25.702686766389 26.481008076513 4.2312929964209998  24.071410565147001 27.716064632855002 4.6404041704959997  23.259268705947999 28.357406215108998 4.850992544536  22.449647185420002 29.023438505639 5.0670337740580003  21.64298107354 29.714016178668 5.2871103471160001  20.835364815784001 30.434116255863 5.5119285100580004  20.034867113903999 31.176892200727998 5.7361765681929997  19.228055676507001 31.958886650513001 5.9649530806950004  18.433862334101999 32.763752305126999 6.1882549120160002  17.637682886503999 33.611517299318997 6.4112603000900004  16.853734778922 34.493060057313002 6.6274386110050001  16.081524205594 35.415790178864 6.8363724230820004  15.328064105643 36.379645130835002 7.0356520964070004  14.553998897544 37.447888377872999 7.235535405357  14.507864982691 37.511555162641002 7.247448354626  14.461080534908 37.576119710805997 7.2595292880319997  14.413645554194 37.641582022366997 7.2717782055719997  14.365560040548001 37.707942097325997 7.2841951072490003  14.316823993971999 37.775199935681002 7.2967799930609996  14.267437414464 37.843355537434 7.3095328630080001  14.217400302025 37.912408902583003 7.3224537170910002  14.166712656653999 37.982360031128998 7.33554255531  14.115374478353001 38.053208923073001 7.3487993776640002  14.06338576712 38.124955578413001 7.3622241841539999  14.010746522956 38.197599997151002 7.3758169747790001  13.957456745861 38.271142179285 7.3895777495399999 
 -1.9088749233040001 14 -0.90984430941799999 12 12.17745379626 12 25.264751901939 12 26.081756329808002 14
7 1 0  6 7 2  -51.961524227060004 -30 150  1.00731395893 -47.059905073400003 -32.093953816229998 150  1.002414195399 -42.507820489499998 -34.926039784570001 150  0.99951263218899999 -38.427263411939997 -38.427263411939997 150  0.99855113858400002 -34.926039784570001 -42.507820489499998 150  0.99951263218899999 -32.093953816229998 -47.059905073400003 150  1.002414195399 -30 -51.961524227060004 150  1.00731395893
 0 7 0.763337317515 7
7 0 0  5 34 9  13.959605170526 30.858436735803 7.827072325415e-15  14.014087478344001 30.986821658244001 2.1800294612049999e-09  14.069144683115001 31.116701299357 0.0040187205829099997  14.124676815416001 31.247847235748001 0.01222866491447  14.180570495706 31.379997207391 0.024779148735740001  14.294589826221999 31.649883774618999 0.059321781662050002  14.352730625454001 31.787665861467001 0.081597107625930004  14.410988523657 31.925890311755001 0.108735794178  14.469216251933 32.064209137092 0.14082332482099999  14.587758686546 32.346139426573998 0.21653346511800001  14.648057652587999 32.489727657231001 0.26058623159400002  14.707985082951 32.632609347085001 0.31009389712000002  14.767362049361999 32.774352719002998 0.36503775013500001  14.886756907331 33.059708928886998 0.48778635775599999  14.946722091751999 33.203208061261002 0.55598017522700005  15.005713175816 33.344550805959997 0.62982718206300004  15.063539167095 33.483266337663999 0.70916477596100003  15.175466003794 33.752061604538 0.87680467190800004  15.229615960515 33.882253609648998 0.96491447920899998  15.282307342728 34.009077483082002 1.057880753739  15.333387870440999 34.132149553994999 1.155429832379  15.431100312077 34.367796093015002 1.3570680932100001  15.477799751279999 34.480528938013002 1.4609920515879999  15.522701714608999 34.589021305109 1.568718682054  15.565702969124001 34.693006673665003 1.679910889296  15.647222650974999 34.890282509613002 1.907058735568  15.685791163928 34.983692245573003 2.0229359364250001  15.722352123447999 35.072303146429 2.141499440269  15.75685087365 35.155968301519003 2.2623874773049999  15.821236084591 35.312198217888003 2.5064842113619998  15.85117689939 35.384893684738003 2.6296421484120001  15.879046094347 35.452594747509004 2.7543628489360001  15.904833570306 35.515266453553998 2.8802980662170001  15.928547905577 35.572921171280001 3.0071132524620001 
 0 6 0.11785583508399999 4 0.23939989033199999 4 0.36608007762299999 4 0.49728152840099998 4 0.62606051465000001 4 0.75231971933200004 4 0.87697339265200003 4 1 6
7 0 0  6 187 38  27.518591078111999 19.744387542215001 6.7723604502129997e-15  27.518801944665999 19.744546494838001 1.075120310693e-07  27.519223624169001 19.744864310427001 -1.3049643568870001e-07  27.520035223385001 19.745476007785001 -2.1939057461759998e-08  27.521186110755998 19.746343438356 6.8491670309199998e-07  27.522395916394 19.747255286228 1.8014495846159999e-06  27.528893034266002 19.752152277505001 9.4857635647300004e-06  27.534702078967999 19.756530834149999 2.680102033573e-05  27.540510414732999 19.760909032316 5.4423361162199997e-05  27.546292117715002 19.765267333284001 9.2350507521389994e-05  27.552066591686 19.769620365369001 0.0001407989960457  27.565895766368001 19.780045780801 0.00028166456139749999  27.573953192801 19.786120381433001 0.00038362309672870001  27.582007496671999 19.792192977384001 0.00050600080491809999  27.590039399337002 19.798249026667001 0.00064810472510980004  27.598074097362002 19.804307521521999 0.00081002609952090002  27.613377466673001 19.815847560857001 0.00115735719693  27.620642205485002 19.821326065748 0.0013383394074830001  27.627908940653999 19.826806361357999 0.0015360504340469999  27.635153000519999 19.832269835942 0.0017495048941200001  27.642392314881 19.837730006152999 0.001978876431973  27.657779738456 19.849336396710999 0.002501598017869  27.665930037803001 19.855484334252001 0.0027988345852070001  27.674077156789998 19.861630230976999 0.0031168865080249998  27.682202394253999 19.867759972759998 0.0034546331085900002  27.690330191541001 19.873891992453999 0.003812744290351  27.705808451850999 19.885570253638999 0.0045345528927009998  27.713155111587 19.891113549842 0.0048936490918430001  27.720503573070001 19.896658497674 0.0052698987433820003  27.727829930794002 19.902187053454998 0.0056617712403769999  27.735151558797 19.907712321912001 0.0060698493853950002  27.750711206978998 19.919455031019002 0.0069730981024590001  27.758951266015 19.925674077423999 0.0074723033866479997  27.767188076138002 19.931891038496001 0.0079927332523150006  27.775403550197002 19.938092255924001 0.0085328645269480002  27.783621324841 19.944295565364001 0.0090939143639020004  27.799268415558998 19.956107702505001 0.01020296295484  27.806694117252 19.961713728399999 0.01074642414925  27.814121308103001 19.967321169533001 0.01130699870552  27.821526996292 19.972912670088 0.01188311344664  27.828928064383 19.978500978940001 0.012476205714289999  27.844653599455999 19.990375447933999 0.013772777996609999  27.85297999434 19.996663136632002 0.01448067216383  27.861303059741999 20.002948686082 0.01521021298878  27.869605358773001 20.009218921601001 0.015959502821390002  27.877909674108999 20.015491043897001 0.016730270947490002  27.893718934578999 20.027432249874 0.018239371387180001  27.901220406598998 20.033098635403999 0.01897299406703  27.908723152056002 20.038766280579999 0.019724172057810001  27.916205023764999 20.044418457845001 0.02049084818365  27.923682261574001 20.050067437576001 0.02127480936748  27.939566733155999 20.062068636241001 0.02297753634958  27.947975715441999 20.068422250672 0.023900852386269999  27.956381274319 20.074773661466001 0.02484624969397  27.964766658929999 20.081110205068999 0.025811487014409999  27.973153749154999 20.087448409764001 0.02679876684983  27.989117891982001 20.099513394338999 0.02872074761655  27.996691623232 20.105237587823002 0.02965057032105  28.004266391807001 20.110962869537001 0.03059839420069  28.011820941844999 20.116673176070002 0.031561717537639998  28.019370835869999 20.122380272661999 0.03254264624369  28.035406653513999 20.134502676741 0.034664359326620001  28.043894136191 20.14091923885 0.035809824607239998  28.052378086752 20.147333521316 0.036977817860490002  28.060842475444002 20.153733398751999 0.038165787981839998  28.069308231266 20.160134690010999 0.039376367902389998  28.085419315424001 20.172317657651998 0.041724037848390003  28.093061484865 20.178096867676999 0.042856085249530003  28.100704434011 20.183876977781001 0.044006582497919999  28.108327844152999 20.189642624004001 0.045172626540519997  28.115946566603998 20.195405040301999 0.046356608864049999  28.132125473296 20.207642609564001 0.048910101762210001  28.140687042762 20.214118891912999 0.050284662006840002  28.149244903286998 20.220592758477999 0.051681719791029999  28.157783832399002 20.227052695893001 0.05309893952789  28.166323812963 20.233513824551 0.05453982648149  28.182573217110001 20.245808452317998 0.057325934886839999  28.19027968144 20.251639637497 0.058666198686470002  28.197986645227001 20.257471516944001 0.06002536256122  28.205674771578 20.263289460656001 0.061400169112480002  28.213358167660999 20.269104145819 0.062793259147679997  28.229671213193001 20.281450301930999 0.065791246088829997  28.238302030143 20.287982739358 0.067401300930710006  28.246929011551 20.294512670694999 0.069034340885710005  28.255537706931001 20.301029160093002 0.070687778124609996  28.264147039312999 20.307546534250001 0.072365432309080005  28.280525436367 20.319945950514001 0.075602625174800001  28.288291717993001 20.325825809421001 0.077157043175569998  28.296058195074 20.331706138194999 0.078730811627850006  28.303806555724002 20.337573074253001 0.080320369566360003  28.311550131221001 20.343436713372999 0.081928568026719994  28.327987646827999 20.355884318628 0.085383638062559997  28.336682527204999 20.362469080833002 0.087235767149799998  28.345373424992001 20.369051230552 0.089111380676099999  28.354046694206001 20.375620434681998 0.091007679062960006  28.362720155022998 20.382190192770999 0.092928739784430003  28.379217486512001 20.394686955680999 0.09662951189176  28.387038761938999 20.400611917052998 0.098403945155479997  28.394859903958 20.406537104379002 0.10019817782400001  28.402663667064001 20.412449454665001 0.10200839990799999  28.410462576347001 20.418358458673001 0.103837630768  28.427014149950999 20.430899795079998 0.10776219787499999  28.435767517999 20.437532745771001 0.10986288172600001  28.444516734114 20.444162959999002 0.111987559906  28.453248987797 20.450780731536 0.114133264451  28.461980955571999 20.457398700927001 0.116304270189  28.478586407868001 20.469984778210002 0.120480913031  28.486457496677001 20.475950991558999 0.122481121047  28.494328097267999 20.481917166529001 0.12450157425  28.502182069726 20.48787107031 0.12653827188200001  28.51003110437 20.493821566299999 0.12859435695999999  28.526685557246999 20.506448315680998 0.133000605833  28.535491433632998 20.513125002393998 0.13535619703900001  28.544292964549001 20.519798809558001 0.1377363016  28.553078204155 20.526460680631001 0.14013782933999999  28.561862647131001 20.533122367207 0.142565188201  28.578564629037 20.545789116920002 0.14722973350599999  28.586479983614002 20.551792443678 0.149461347301  28.594394468168002 20.557795446421 0.15171364696799999  28.602293085054999 20.563786751276002 0.153982502843  28.610186663229999 20.569774573375 0.15627113425399999  28.626932028413002 20.582477798698999 0.16117096165100001  28.635784019290998 20.589193443307 0.16378765376099999  28.644631445043998 20.595906044614001 0.166429385697  28.653463251571999 20.602607217039001 0.169092993967  28.662293716509001 20.609307795479999 0.17178295174899999  28.679079838795001 20.622045948181999 0.17694711049699999  28.687033535015001 20.628081953546001 0.179415603639  28.694985951419 20.634117327112001 0.18190521612400001  28.702923266409002 20.640141580558002 0.18441175472099999  28.710855423260998 20.646162261531 0.18693846515400001  28.727678926092999 20.658932389838998 0.192343416687  28.736570213355002 20.665681879927 0.19522721072300001  28.745456687783001 20.672428140728002 0.19813657653  28.754328211706 20.679163477134001 0.20106832880600001  28.763197813912001 20.685897782116001 0.20402693461400001  28.780054871259001 20.698697424826999 0.20970203148399999  28.788040600340999 20.704761370471999 0.21241268894900001  28.796024610907001 20.710824353602 0.21514488969699999  28.803994287889001 20.716876795615999 0.21789444557400001  28.811958667132 20.722925559370001 0.22066457636  28.828846708474 20.735752366676 0.226585778682  28.837770041433998 20.742530247994001 0.229742447263  28.846688283868001 20.749304690243001 0.23292522278  28.855592236543 20.756068706301999 0.23613095205500001  28.864493651402 20.762831224820999 0.23936402146399999  28.881407607267001 20.775681787172001 0.245560924673  28.889418669041 20.781768625034001 0.248518809561  28.897427543869 20.787854146011 0.25149864963099999  28.905422850008001 20.793929702650001 0.25449633352099998  28.913412696986001 20.800001457842999 0.257515000484  28.930350839603001 20.812874056439998 0.26396308887300002  28.939298528395 20.819674526658002 0.26739813796900003  28.948240817100999 20.826471322690001 0.27085982980500001  28.957169463939 20.833258180689 0.27434509952800001  28.966094920233999 20.840043045744999 0.27785817529599999  28.984301118503002 20.853883731469999 0.28508337800900002  28.993495873250001 20.860874220264002 0.28876389646599998  29.002234404648 20.867518302737 0.29229194784700002  29.010947503152 20.874143433208001 0.29583602158200001  29.020912685047001 20.881720848282999 0.29990582450100001  29.045198115392001 20.900189547898002 0.309983145653  29.058984706103999 20.910674672763001 0.31574723239199998  29.071179304276001 20.919950492447001 0.32094552137400001  29.080254230076001 20.926853796951001 0.32484645802899997  29.087549260233999 20.932403123518998 0.32798143108400002  29.234076952096999 21.043876710336001 0.39164891052299999  29.370062090702 21.147430879661002 0.45776811008099999  29.505254467652001 21.250480384323001 0.53079694200000005  29.639240493365001 21.352708302292001 0.61089622199899996  29.771151862052001 21.453446982715001 0.697866308469  30.027031601824 21.649028352521 0.88287479709799999  30.150856484976 21.743759245227999 0.98060538571599998  30.270967604828002 21.835727920663 1.0838349878289999  30.387019477538001 21.924659816373001 1.192214260096  30.498713193284999 22.010315361433999 1.3053549916039999  30.712132185961 22.174092527858001 1.5394993595419999  30.813922637720999 22.252263349231001 1.660441522128  30.910933014729 22.326813064021 1.7852670165640001  31.002973399142999 22.397586014615001 1.913549014112  31.089904743195 22.464466152465999 2.0448508514419999  31.252984875229 22.589990181387002 2.311993520798  31.328967926924001 22.648506196983998 2.4474583062519999  31.399872576227001 22.703136331277999 2.5852069180089998  31.465639474947999 22.753828428165001 2.7249752186089999  31.526061816670001 22.800416917762 2.866011293753  31.580987717267 22.842779468361002 3.0071132524620001 
 0 7 0.0014025051676280001 5 0.012011670028670001 5 0.02655967064959 5 0.039471620669139999 5 0.053793376724359999 5 0.066510879566210004 5 0.080621480813169999 5 0.0931578345837 5 0.107071963886 5 0.119440117687 5 0.133172078671 5 0.145384657108 5 0.15894840185699999 5 0.17101772905599999 5 0.18442688428199999 5 0.196365006924 5 0.20963289870999999 5 0.22145160684099999 5 0.23459128385799999 5 0.24630213182399999 5 0.25932638805399999 5 0.27094071398899999 5 0.28386210999400002 5 0.29539105426500001 5 0.30822193730000003 5 0.31967645991499999 5 0.33242898285799999 5 0.343819879813 5 0.35650601893 5 0.36784393749700001 5 0.38047550899299998 5 0.39353518508099999 5 0.404240922921 5 0.55527024697100003 5 0.70445373203200001 5 0.85257743233000005 5 1 7
7 0 0  13 50 5  35.506809673501998 16.676618157749001 -1.233483496002e-13  35.424997792810998 16.700148396921001 -1.1338176509729999e-13  35.343185912119999 16.723678636092 -1.034151805943e-13  35.261374031429 16.747208875264 -9.3448596091420001e-14  35.179562150738001 16.770739114434999 -8.3482011588489994e-14  35.097750270047001 16.794269353607 -7.3515427085550004e-14  35.015938389356997 16.817799592778002 -6.3548842582619998e-14  34.934126508665997 16.841329831949999 -5.3582258079689998e-14  34.852314627974998 16.864860071121001 -4.3615673576759998e-14  34.770502747283999 16.888390310293001 -3.3649089073829997e-14  34.688690866592999 16.911920549464 -2.36825045709e-14  34.606878985903002 16.935450788636 -1.3715920067960001e-14  34.525067105212003 16.958981027806999 -3.7493355650310002e-15  33.371519827923997 17.290757330969001 1.367794766338e-13  32.305473462934003 17.635815953956001 -5.4312110364649996e-13  31.246114665954 18.017325103324001 1.3673506771289999e-12  30.194278234279999 18.434979869484 -2.3736568266440001e-12  29.150710709091001 18.888507702870999 3.1130653610600001e-12  28.116114119070001 19.377662187416 -3.0953017926399999e-12  27.091167230269001 19.902230134694001 2.3914203950550001e-12  26.076533536633001 20.46204676784 -1.3886669591949999e-12  25.072865242734999 21.057013786075998 6.1151084196530004e-13  24.080812468322002 21.687115074110999 -2.0072832285190001e-13  23.101046927973002 22.352424848354001 1.016964290557e-13  22.134309317539 23.053103007305001 -7.3718808835099994e-14  20.22866999387 24.525641936787 2.0516921495079999e-13  19.289804886342001 25.297413574090999 -1.2319034681229999e-12  18.365291641409001 26.10588452659 3.6570746431210002e-12  17.458484841012002 26.946554163775001 -7.4655837067630007e-12  16.562747725135001 27.835293103070001 1.1611156480810001e-11  15.69736199548 28.737501841939 -1.411804007024e-11  14.833244076150001 29.712127756594999 1.366640134403e-11  14.011392202972001 30.687622808067001 -1.053823694967e-11  13.197523386863001 31.728933170205 6.4934724264549998e-12  12.418165882695 32.797327730756997 -3.1055158444750001e-12  11.666616019435001 33.907819093683997 1.1084466677870001e-12  10.949586951822001 35.055141220613002 -2.287059430727e-13  10.228317835276 36.311607300669003 2.2770114872110001e-14  10.185936704652001 36.385436127997998 3.7546623966919999e-14  10.143555574029 36.459264955325999 5.2323133061730002e-14  10.101174443405 36.533093782655001 6.7099642156540006e-14  10.058793312782001 36.606922609983002 8.1876151251349997e-14  10.016412182158 36.680751437311997 9.6652660346160001e-14  9.9740310515350004 36.754580264639998 1.1142916944099999e-13  9.9316499209109992 36.828409091969 1.2620567853579999e-13  9.8892687902879999 36.902237919297001 1.409821876306e-13  9.8468876596640005 36.976066746626003 1.557586967254e-13  9.8045065290409994 37.049895573953997 1.7053520582020001e-13  9.762125398417 37.123724401282999 1.8531171491499999e-13  9.7197442677940007 37.197553228612001 2.000882240098e-13 
 -1.9088749233040001 14 -0.90984430941799999 12 12.17745379626 12 25.264751901939 12 26.081756329808002 14
7 1 0  6 7 2  -3.2418512319050002e-14 -60 150  1.00731395893 4.2642267760439996 -56.802050201370001 150  1.002414195399 8.9929274622740003 -54.275872295699997 150  0.99951263218899999 14.065354606686 -52.49261801862 150  0.99855113858400002 19.349832511131002 -51.500747951770002 150  0.99951263218899999 24.708096385133 -51.324131849440001 150  1.002414195399 30 -51.961524227060004 150  1.00731395893
 0 7 0.763337317515 7
7 1 0  6 7 2  30 -51.961524227060004 150  1.00731395893 32.093953816236997 -47.059905073400003 150  1.002414195399 34.926039784571998 -42.507820489499998 150  0.99951263218899999 38.427263411939997 -38.427263411939997 150  0.99855113858400002 42.507820489502002 -34.926039784570001 150  0.99951263218899999 47.059905073404003 -32.093953816229998 150  1.002414195399 51.961524227066 -30 150  1.00731395893
 0 7 0.763337317515 7
7 1 0  6 7 2  51.961524227066 -30 150  1.00731395893 51.324131849448001 -24.708096385129998 150  1.002414195399 51.500747951775999 -19.34983251113 150  0.99951263218899999 52.492618018625997 -14.06535460668 150  0.99855113858400002 54.275872295703003 -8.9929274622740003 150  0.99951263218899999 56.802050201370001 -4.2642267760439996 150  1.002414195399 60 -3.1086244689499997e-14 150  1.00731395893
 0 7 0.763337317515 7
7 1 0  6 7 2  60 -4.9737991503209998e-14 150  1.00731395893 56.802050201370001 4.2642267760439996 150  1.002414195399 54.275872295703003 8.9929274622740003 150  0.99951263218899999 52.492618018625997 14.065354606686 150  0.99855113858400002 51.500747951775999 19.349832511131002 150  0.99951263218899999 51.324131849448001 24.708096385133 150  1.002414195399 51.961524227066 30 150  1.00731395893
 0 7 0.763337317515 7
7 1 0  6 7 2  51.961524227066 30 150  1.00731395893 47.059905073404003 32.093953816236997 150  1.002414195399 42.507820489502002 34.926039784571998 150  0.99951263218899999 38.427263411939997 38.427263411939997 150  0.99855113858400002 34.926039784571003 42.507820489502002 150  0.99951263218899999 32.093953816236997 47.059905073404003 150  1.002414195399 30 51.961524227066 150  1.00731395893
 0 7 0.763337317515 7
7 1 0  6 7 2  30 51.961524227066 150  1.00731395893 24.708096385133999 51.324131849448001 150  1.002414195399 19.349832511131002 51.500747951775999 150  0.99951263218899999 14.065354606686 52.492618018625997 150  0.99855113858400002 8.9929274622740003 54.275872295703003 150  0.99951263218899999 4.2642267760439996 56.802050201370001 150  1.002414195399 3.1974423109200002e-14 60 150  1.00731395893
 0 7 0.763337317515 7
7 1 0  6 7 2  4.4853010194859997e-14 60 150  1.00731395893 -4.2642267760439996 56.802050201371003 150  1.002414195399 -8.9929274622740003 54.275872295703003 150  0.99951263218899999 -14.06535460668 52.492618018626999 150  0.99855113858400002 -19.34983251113 51.500747951775999 150  0.99951263218899999 -24.708096385129998 51.324131849448001 150  1.002414195399 -30 51.961524227066 150  1.00731395893
 0 7 0.763337317515 7
7 1 0  6 7 2  -30 51.961524227066 150  1.00731395893 -32.093953816229998 47.059905073404003 150  1.002414195399 -34.926039784570001 42.507820489502002 150  0.99951263218899999 -38.427263411939997 38.427263411939997 150  0.99855113858400002 -42.507820489499998 34.926039784571003 150  0.99951263218899999 -47.059905073400003 32.093953816236997 150  1.002414195399 -51.961524227060004 30 150  1.00731395893
 0 7 0.763337317515 7
7 1 0  6 7 2  -51.961524227060004 30 150  1.00731395893 -51.324131849440001 24.708096385133999 150  1.002414195399 -51.500747951770002 19.349832511131002 150  0.99951263218899999 -52.49261801862 14.065354606687 150  0.99855113858400002 -54.275872295699997 8.9929274622740003 150  0.99951263218899999 -56.802050201370001 4.2642267760439996 150  1.002414195399 -60 3.1974423109200002e-14 150  1.00731395893
 0 7 0.763337317515 7
7 1 0  6 7 2  -60 4.6185277824410002e-14 150  1.00731395893 -56.802050201370001 -4.2642267760439996 150  1.002414195399 -54.275872295699997 -8.9929274622740003 150  0.99951263218899999 -52.49261801862 -14.06535460668 150  0.99855113858400002 -51.500747951770002 -19.34983251113 150  0.99951263218899999 -51.324131849440001 -24.708096385129998 150  1.002414195399 -51.961524227060004 -30 150  1.00731395893
 0 7 0.763337317515 7
7 1 0  6 7 2  51.955549577344001 3.1813598743920002e-15 150  1.1325565747149999 51.955549577344001 -29.721078567540001 150  1.0363466313409999 32.458069747949999 -55.78798421938 150  0.99231630935399995 -3.5527136788010003e-15 -66.298505825540005 150  0.97646189969300001 -32.458069747949999 -55.78798421938 150  0.99231630935399995 -51.955549577340001 -29.721078567540001 150  1.0363466313409999 -51.955549577340001 -3.1813598743920002e-15 150  1.1325565747149999
 0 7 3.1415926535900001 7
7 1 0  6 7 2  -51.955549577340001 -3.1813598743920002e-15 150  1.1325565747149999 -51.955549577340001 29.721078567547998 150  1.0363466313409999 -32.458069747949999 55.78798421938 150  0.99231630935399995 3.5527136788010003e-15 66.298505825541994 150  0.97646189969300001 32.458069747949999 55.78798421938 150  0.99231630935399995 51.955549577344001 29.721078567547998 150  1.0363466313409999 51.955549577344001 3.1813598743920002e-15 150  1.1325565747149999
 0 7 3.1415926535900001 7
7 0 0  5 34 9  -3.3398456655330002 33.703992718188999 7.3829831145910002e-15  -3.3566941795240002 33.841109223019998 2.0647616806419999e-09  -3.3737874945550002 33.979777842007998 0.003943060680907  -3.3910987240370001 34.119757764341003 0.011996834962570001  -3.4085959229670002 34.260773467969997 0.024306657661079999  -3.444466433179 34.548904683198998 0.058207039692629997  -3.4628496911519999 34.696068954973001 0.080087915230839996  -3.4813523210490001 34.843680317755997 0.106749906674  -3.4999291138270001 34.991373540005 0.138277575382  -3.5378339179060001 35.291709420956998 0.212508545578  -3.5571638884380001 35.444329135726001 0.25558799002799998  -3.5764667010769999 35.596198540738001 0.30398631827200001  -3.5956838208850002 35.746871887828 0.35768823363500002  -3.634586443391 36.050874487477003 0.47789442204299998  -3.6542601579520002 36.204070852899001 0.54482324379000002  -3.6737096182300002 36.354999010451998 0.61732082841199998  -3.6928665551009998 36.503167330429001 0.69523317722300004  -3.7304295919960002 36.792796216779998 0.86129791657300003  -3.7488370483429998 36.934268951424002 0.94943092018800002  -3.7668231143500002 37.072079790632003 1.0425271917779999  -3.7843259891710002 37.205807035260001 1.1403097874649999  -3.8179337329140002 37.461911079981 1.3426662925549999  -3.8340588355529999 37.584455155693 1.4470763165289999  -3.849614123606 37.702371549291001 1.5553829756819999  -3.8645541677840001 37.815367266339003 1.6672416550369999  -3.8929463842869998 38.029670131723002 1.895850944777  -3.9064152427000001 38.131109080202002 2.0125201961929999  -3.9192133581899999 38.227308079837002 2.131942403834  -3.9313136279749998 38.318106444906 2.2537465640719998  -3.9539781400640002 38.487924824997997 2.5002449286149999  -3.9645554038749999 38.567044854290003 2.624902744746  -3.9744118427939998 38.640668034530002 2.751172226724  -3.9835382902130001 38.708757014196003 2.8786915378489999  -3.991933454013 38.771327373938 3.0071132524620001 
 0 6 0.116741129226 4 0.23729971257900001 4 0.36239813426400003 4 0.49247611706900002 4 0.62231039560199997 4 0.74968218840400003 4 0.87541485830700005 4 1 6
7 0 0  7 14 3  -3.9919335761279999 38.771327432649002 3.0071132588589999  -4.0096676849539996 38.903502430882 3.2783941207340002  -4.0526725628640001 39.027186032204 3.556838051613  -4.1191886491230001 39.141146974500998 3.8403979012709999  -4.2070329186180002 39.244401288629 4.1270093573919997  -4.3138311374490002 39.336210799965002 4.4146564913860002  -4.4371846041270002 39.416071567229999 4.7014323180059998  -4.7426310192600001 39.566191360165 5.3322798792160002  -4.9316367741690001 39.630451848859003 5.6749921877640004  -5.137547256046 39.675957234983002 6.0105531802660002  -5.3561501446859996 39.702592575076999 6.3358396892069999  -5.5833532075449996 39.710756763882998 6.6479440935270002  -5.8154056411159996 39.701463562462997 6.9444958856029997  -6.049037142135 39.676204225977003 7.2237904402230004 
 0 8 0.45044487490099999 6 1 8
7 0 0  13 50 5  22.411490105717 32.195779810574997 2.1655284534729998e-14  22.328873819121998 32.175251655109001 2.0604386168780001e-14  22.246257532525998 32.154723499642998 1.955348780282e-14  22.163641245931 32.134195344177002 1.850258943687e-14  22.081024959335 32.113667188710998 1.7451691070909999e-14  21.998408672739998 32.093139033245002 1.6400792704949999e-14  21.915792386145 32.072610877780001 1.5349894339000001e-14  21.833176099549 32.052082722313997 1.4298995973040001e-14  21.750559812953998 32.031554566848001 1.324809760708e-14  21.667943526359 32.011026411381998 1.2197199241129999e-14  21.585327239763 31.990498255917 1.1146300875170001e-14  21.502710953167998 31.969970100451 1.009540250921e-14  21.420094666573 31.949441944985001 9.0445041432580005e-15  20.255205268394999 31.659995013252001 -5.7731597280510002e-15  19.159452723204002 31.425801364062 7.3718808835099994e-14  18.051266518620999 31.226518580689 -1.345590305846e-13  16.931522065073001 31.062300002396 2.0694557178989999e-13  15.801002161015999 30.933282864753998 -2.2826185386329998e-13  14.660437989106001 30.839604779870999 3.3262281817690001e-13  13.510523972239 30.781420503654001 -4.813927034786e-13  12.351917101444 30.758919082771001 6.0706994986390004e-13  11.185231352832 30.772341487893001 -5.4312110364729998e-13  10.011037804281999 30.821998823167 4.010125564944e-13  8.8298810694629992 30.908291218831 -2.3403501359100001e-13  7.6423226605589996 31.031727499159 1.36335387424e-13  5.2557211310690004 31.354163958308 -2.3225865675160001e-13  4.0567542785780004 31.553105248407 1.448619002531e-12  2.8518668460529999 31.791005008902001 -4.2992276405530003e-12  1.6462143020719999 32.065642870975999 9.1282537084899994e-12  0.426113734789 32.387444811325999 -1.4899192990419999e-11  -0.774436660311 32.736087634505999 1.939870486475e-11  -2.0100976880129999 33.148079475437001 -2.0289547819539999e-11  -3.2095898137150001 33.581957035305997 1.710231956059e-11  -4.4350760651209997 34.076823853611998 -1.143574124282e-11  -5.6442167425259999 34.612401932532997 5.9197091673079998e-12  -6.8503236978209996 35.198340731734 -2.2035706592750002e-12  -8.0449501490799999 35.833436306221998 5.0404125317990003e-13  -9.2978205670040008 36.560933292260998 -2.3445112265660001e-14  -9.3714381164299994 36.603680366947003 -5.4439741098759998e-14  -9.4450556658549996 36.646427441633001 -8.543436993187e-14  -9.5186732152809999 36.689174516319 -1.16428998765e-13  -9.5922907647070002 36.731921591004003 -1.474236275981e-13  -9.6659083141320004 36.774668665690001 -1.784182564312e-13  -9.7395258635580007 36.817415740375999 -2.094128852643e-13  -9.8131434129839992 36.860162815061997 -2.4040751409739998e-13  -9.8867609624089994 36.902909889748003 -2.714021429305e-13  -9.9603785118349997 36.945656964434001 -3.0239677176360002e-13  -10.03399606126 36.988404039119999 -3.333914005967e-13  -10.10761361068 37.031151113805997 -3.6438602942980002e-13  -10.18123116011 37.073898188492002 -3.953806582629e-13 
 -1.908874923305 14 -0.90984430941799999 12 12.177453796258 12 25.264751901935 12 26.081756329806002 14
7 0 0  13 50 5  0.69550523056799995 42.341860899936997 2.2202673565439999  0.622582209956 42.279473960891998 2.2316788604409998  0.55110740182899998 42.218325993344997 2.2428637379269998  0.48108080618900001 42.158416997296001 2.2538219890020001  0.41250242303399998 42.099746972745002 2.2645536136670001  0.34537225236500002 42.042315919690999 2.2750586119210001  0.27969029418199998 41.986123838135001 2.2853369837640001  0.21545654848500001 41.931170728076999 2.295388729196  0.152671015273 41.877456589516001 2.3052138482169999  0.091333694547069993 41.824981422453 2.3148123408279999  0.031444586306900002 41.773745226888003 2.3241842070269998  -0.026996309447510001 41.723748002820997 2.3333294468160002  -0.083988992716160005 41.674989750251001 2.3422480601950002  -0.86716586750500002 41.004968026801997 2.4648050508889998  -1.615551200604 40.404747109909003 2.5860723034820001  -2.3837289722650001 39.826455670553003 2.7150118346380001  -3.1707189794950001 39.269656195475001 2.851822791095  -3.9756382460020001 38.733778366366998 2.9966416531950002  -4.7977782585900002 38.218109253529001 3.149543907585  -5.6366503309639997 37.721813748152996 3.3105399885020002  -6.4920069267020004 37.243977973047002 3.4795663027030002  -7.3638467707900004 36.783668365952998 3.656472149681  -8.2524115820940001 36.339999181156998 3.8410033526470002  -9.1581822559290007 35.912201105107997 4.0327834120350001  -10.08188232889 35.499683723474 4.2312929964219999  -11.967110782400001 34.704485370756998 4.6404041704939996  -12.928599814769999 34.321820680418 4.850992544546  -13.910211458259999 33.953684021211998 5.0670337740290003  -14.91160232258 33.600379513004 5.2871103471770002  -15.93903541115 33.261013354961001 5.5119285099609998  -16.982547100240001 32.939149983131003 5.7361765683119996  -18.06317987744 32.631428005821 5.9649530805789999  -19.157310652740001 32.346069224296997 6.1882549121050001  -20.289586397539999 32.080440092921997 6.4112603000349999  -21.444998874509999 31.842292496018999 6.6274386110319998  -22.630211887169999 31.634903582987999 6.8363724230720004  -23.84166481115 31.464315471753999 7.0356520964089997  -25.153823204550001 31.328076960859001 7.235535405357  -25.232027214959999 31.319957211003999 7.247448354626  -25.311333977739999 31.311722964803 7.2595292880309996  -25.391743492900002 31.303374222256 7.2717782055719997  -25.473255760440001 31.294910983364002 7.2841951072480002  -25.555870780349998 31.286333248125 7.2967799930600004  -25.639588552629998 31.277641016539999 7.309532863007  -25.724409077280001 31.268834288610002 7.3224537170900001  -25.810332354309999 31.259913064332999 7.3355425553089999  -25.89735838372 31.250877343711 7.3487993776630001  -25.985487165489999 31.241727126743001 7.3622241841529998  -26.074718699649999 31.232462413427999 7.375816974778  -26.16505298617 31.223083203767999 7.3895777495389998 
 -1.908874923305 14 -0.90984430941799999 12 12.177453796259 12 25.264751901935998 12 26.081756329809998 14
7 1 0  10 11 2  -20 34.641016151377997 2.84217094304e-14  1.00731395893 -30.8827961854 28.357830844197 15.000000000004  1.00731395893 -40.238942201070003 19.430112530946001 29.999999999985999  1.00731395893 -47.771500163639999 7.6475948096939996 45.000000000028002  1.0073139589310001 -52.338318329220002 -7.4605554904689999 59.999999999962  1.00731395893 -51.67289254424 -25.516585601389998 75.000000000032998  1.0073139589310001 -43.221495959709998 -43.919045707819997 89.999999999983004  1.00731395893 -27.07252563966 -57.887023641719999 105  1.0073139589310001 -6.6060554352610001 -63.958341902310003 120  1.00731395893 13.675805721890001 -61.386302187829997 134.99999999999  1.00731395893 30 -51.961524227060004 150  1.00731395893
 0 11 150 11
7 1 0  10 11 2  40 -1.0658141036399999e-14 0  1.00731395893 40 12.56637061436 15.000000000003  1.00731395893 36.946442150726 25.132889902075998 29.999999999993001  1.00731395893 30.508761464871998 37.547535313762999 45.000000000004  1.0073139589310001 19.708128583520001 49.056591009698998 60.000000000001997  1.00731395893 3.7384349234759999 57.508330431042999 74.999999999997002  1.0073139589310001 -16.424261313079999 59.390436344584998 89.999999999994998  1.00731395893 -36.595370203370003 52.38900676942 105  1.0073139589310001 -52.086521153690001 37.7001827769 119.99999999999  1.00731395893 -59.999999999990003 18.849555921539 135  1.00731395893 -60 3.1974423109200002e-14 150  1.00731395893
 0 11 150 11
7 0 0  7 14 3  38.771327432649002 3.9919335761279999 3.0071132588589999  38.903502430882 4.0096676849539996 3.2783941207340002  39.027186032204 4.0526725628640001 3.556838051613  39.141146974500998 4.119188649122 3.8403979012709999  39.244401288629 4.2070329186180002 4.1270093573919997  39.336210799965002 4.3138311374490002 4.4146564913860002  39.416071567229999 4.4371846041270002 4.7014323180059998  39.566191360165 4.7426310192600001 5.3322798792160002  39.630451848858002 4.9316367741680001 5.6749921877630003  39.675957234983002 5.1375472560470001 6.0105531802660002  39.702592575076999 5.3561501446850004 6.3358396892059998  39.710756763882998 5.5833532075459997 6.6479440935270002  39.701463562462997 5.8154056411159996 6.9444958856029997  39.676204225977003 6.049037142135 7.2237904402230004 
 0 8 0.45044487490099999 6 1 8
7 0 0  13 50 5  42.341860899937998 -0.69550523056699998 2.2202673565429998  42.279473960893 -0.62258220995500002 2.2316788604400002  42.218325993345999 -0.55110740182899998 2.2428637379260001  42.158416997297003 -0.48108080618799998 2.2538219890020001  42.099746972745997 -0.41250242303399998 2.2645536136660001  42.042315919692001 -0.34537225236500002 2.27505861192  41.986123838136002 -0.279690294181 2.285336983763  41.931170728078001 -0.215456548484 2.2953887291949999  41.877456589517003 -0.152671015272 2.3052138482169999  41.824981422454002 -0.091333694546579997 2.3148123408269998  41.773745226888998 -0.031444586306510001 2.3241842070269998  41.723748002820997 0.026996309447789999 2.3333294468160002  41.674989750251001 0.083988992716309996 2.3422480601940001  41.004968026797997 0.86716586750299995 2.4648050508880002  40.404747109923001 1.6155512006129999 2.5860723034830002  39.826455670519003 2.3837289722419999 2.7150118346349998  39.269656195533997 3.170718979538 2.8518227911  38.733778366293002 3.9756382459399999 2.996641653188  38.218109253597 4.7977782586610003 3.1495439075929998  37.721813748107003 5.6366503308990001 3.3105399884960001  37.243977973066997 6.4920069267500002 3.479566302706  36.783668365952998 7.3638467707639998 3.656472149681  36.339999181148997 8.2524115821030009 3.8410033526460001  35.912201105116999 9.1581822559290007 4.0327834120360002  35.499683723467001 10.081882328887 4.2312929964209998  34.704485370771003 11.967110782412 4.6404041704969998  34.321820680335001 12.928599814736 4.8509925445319997  33.953684021447998 13.910211458374 5.0670337740680003  33.600379512535 14.911602322372 5.2871103470990004  33.261013355670997 15.939035411480001 5.511928510083  32.939149982278003 16.982547099853999 5.7361765681629997  32.631428006649003 18.063179877827999 5.9649530807250004  32.346069223642999 19.157310652437001 6.1882549119909998  32.080440093339 20.289586397731998 6.411260300106  31.842292495812 21.444998874420001 6.6274386109970003  31.634903583063998 22.630211887203998 6.8363724230849998  31.464315471738001 23.841664811144 7.0356520964060003  31.328076960859999 25.153823204550999 7.235535405357  31.319957211005999 25.232027214963001 7.247448354626  31.311722964807 25.311333977749001 7.2595292880309996  31.303374222260999 25.391743492909001 7.2717782055719997  31.294910983369 25.473255760442001 7.2841951072490003  31.286333248131999 25.555870780349998 7.2967799930609996  31.277641016547999 25.639588552631999 7.3095328630080001  31.268834288619001 25.724409077288001 7.3224537170910002  31.259913064344001 25.810332354318 7.33554255531  31.250877343721999 25.897358383722 7.3487993776640002  31.241727126754999 25.985487165498999 7.3622241841539999  31.232462413442001 26.074718699651001 7.3758169747800002  31.223083203782998 26.165052986176999 7.389577749541 
 -1.9088749233060001 14 -0.90984430941799999 12 12.177453796259 12 25.264751901935998 12 26.081756329804001 14
7 0 0  5 34 9  33.70399271918 3.3398456604729998 5.7176485768200003e-15  33.841590670068001 3.3567533493530002 2.0963755085169998e-09  33.980751666461998 3.3739075251099999 0.0039707993279100001  34.121232328022998 3.3912810889720002 0.012081823762729999  34.262754113470002 3.4088416853219998 0.024479864216  34.551401820450998 3.4447781647059998 0.058563481922300001  34.698571140233 3.4631629108080002 0.080508584345289999  34.846183925033003 3.4816665824170001 0.10723565687  34.993874789816999 3.5002439420039999 0.138828957182  35.294221504680003 3.5381518596600001 0.213199948098  35.446854012943 3.5574843471389999 0.256355423172  35.598731640396998 3.5767891019059999 0.30483130580200002  35.749408397213998 3.5960075461600001 0.358611897327  36.052879274212003 3.6348439055389998 0.47877070035800001  36.205552200645997 3.6544510548239999 0.54553501711999997  36.355968540702001 3.6738349711130001 0.61783071743600004  36.503641583535 3.6929280627329999 0.69550510009400002  36.792796216779998 3.7304295919960002 0.86129791657300003  36.934268951423 3.7488370483429998 0.94943092018800002  37.072079790632998 3.7668231143500002 1.0425271917779999  37.205807035260001 3.7843259891710002 1.1403097874649999  37.461911079981 3.8179337329140002 1.3426662925549999  37.584455155693 3.8340588355529999 1.4470763165289999  37.702371549291001 3.849614123606 1.5553829756819999  37.815367266339003 3.8645541677840001 1.6672416550369999  38.029670131723002 3.8929463842869998 1.895850944777  38.131109080202002 3.9064152427000001 2.0125201961929999  38.227308079837002 3.9192133581899999 2.131942403834  38.318106444906 3.9313136279749998 2.2537465640719998  38.487924824997997 3.9539781400640002 2.5002449286149999  38.567044854290003 3.9645554038749999 2.624902744746  38.640668034530002 3.9744118427930002 2.751172226724  38.708757014196003 3.9835382902130001 2.8786915378489999  38.771327373938 3.991933454013 3.0071132524620001 
 0 6 0.117151037323 4 0.23770787399400001 4 0.36282372789 4 0.49247611709900002 4 0.62231039562500001 4 0.74968218841900003 4 0.87541485831400001 4 1 6
7 0 0  13 50 5  39.088108263466999 -3.3110298629270001 1.5294978138120001e-13  39.029022216043003 -3.249746137702 1.414576992502e-13  38.969936168620002 -3.188462412477 1.299656171193e-13  38.910850121197001 -3.127178687252 1.1847353498829999e-13  38.851764073772998 -3.065894962027 1.069814528574e-13  38.792678026349002 -3.0046112368019999 9.5489370726419995e-14  38.733591978926 -2.9433275115769999 8.3997288595470005e-14  38.674505931501997 -2.8820437863519999 7.2505206464510006e-14  38.615419884078001 -2.8207600611269998 6.1013124333560004e-14  38.556333836653998 -2.7594763359019998 4.9521042202610002e-14  38.497247789229 -2.6981926106769998 3.8028960071659999e-14  38.438161741804997 -2.6369088854520002 2.6536877940700001e-14  38.379075694379999 -2.5756251602270002 1.5044795809750002e-14  37.545962599352997 -1.7115248146719999 -1.4699352846029999e-13  36.795268677208 -0.87967209886800002 7.2297723363670004e-13  36.068591621818001 -0.019596085271269999 -2.0476953466129999e-12  35.366501934806998 0.868021768119 4.3200998334439999e-12  34.689509863509002 1.78257215567 -7.0747852020690001e-12  34.038100176972002 2.7234906607770002 9.2730267909569997e-12  33.412754106502 3.6902532734190001 -9.7379881935189999e-12  32.813963869616003 4.682385546101 8.2320816830350006e-12  32.242245138705002 5.6994762451880003 -5.5258020381470003e-12  31.698152878487999 6.7411863548279998 2.8843594179800002e-12  31.182305917787001 7.8072442908679998 -1.078692690725e-12  30.695425667868001 8.8974181816160005 2.4247270857810001e-13  29.781363067857001 11.125493964445999 -2.1449508835760001e-13  29.354167852650999 12.263300362021999 9.6322949616369994e-13  28.957751372699999 13.42571336762 -2.6059154834089998e-12  28.592768465723999 14.607158029709 5.2775561698210002e-12  28.261406838062001 15.824697086581001 -8.3431039855429999e-12  27.963065181365 17.038725638559001 1.063060750525e-11  27.702030068852999 18.314835399745999 -1.092370638403e-11  27.478032994141 19.570564831963001 9.0421004016639993e-12  27.293857105196999 20.879300466998998 -5.9121596507730002e-12  27.153110988186 22.19423604971 2.99094082833e-12  27.057495395877002 23.531724712348002 -1.081801315196e-12  27.010191071529 24.883849354389 2.460254222569e-13  27.013786733665 26.332615456986002 -7.8096981452120003e-15  27.013998011567999 26.417743662296001 -2.2724823648020001e-14  27.014209289471001 26.502871867606 -3.763994915084e-14  27.014420567375002 26.588000072916 -5.2555074653649997e-14  27.014631845278 26.673128278225999 -6.747020015646e-14  27.014843123180999 26.758256483536002 -8.2385325659269996e-14  27.015054401084001 26.843384688844999 -9.7300451162090002e-14  27.015265678988001 26.928512894154998 -1.122155766649e-13  27.015476956891 27.013641099465001 -1.2713070216770001e-13  27.015688234793998 27.098769304775001 -1.420458276705e-13  27.015899512697999 27.183897510085 -1.5696095317330001e-13  27.016110790601001 27.269025715394999 -1.718760786761e-13  27.016322068504 27.354153920704999 -1.86791204179e-13 
 -1.9088749233060001 14 -0.90984430941799999 12 12.177453796259 12 25.264751901935998 12 26.081756329804001 14
7 0 0  13 50 5  3.3110298629270001 39.088108263465998 2.142408850832e-13  3.249746137702 39.029022216043003 1.9837570975199999e-13  3.188462412477 38.969936168619 1.825105344208e-13  3.127178687252 38.910850121195999 1.666453590895e-13  3.065894962027 38.851764073772003 1.5078018375829999e-13  3.0046112368019999 38.792678026348 1.3491500842710001e-13  2.9433275115769999 38.733591978924999 1.190498330959e-13  2.8820437863519999 38.674505931501002 1.031846577646e-13  2.8207600611269998 38.615419884076999 8.7319482433420003e-14  2.7594763359019998 38.556333836653003 7.1454307102190003e-14  2.6981926106769998 38.497247789227998 5.5589131770969999e-14  2.6369088854520002 38.438161741804002 3.9723956439750001e-14  2.5756251602270002 38.379075694379999 2.3858781108520001e-14  1.7115248146719999 37.545962599356002 -1.9984014443250001e-13  0.87967209886800002 36.795268677194002 9.7699626167079994e-13  0.019596085271759999 36.068591621853997 -2.7040591987719999e-12  -0.86802176812099996 35.366501934744001 5.533351554751e-12  -1.7825721556659999 34.689509863592001 -8.7125862080029999e-12  -2.723490660785 34.038100176888001 1.092370638396e-11  -3.6902532734090001 33.412754106567 -1.091438051042e-11  -4.6823855461130002 32.813963869577996 8.6988194425819993e-12  -5.6994762451770002 32.242245138718999 -5.3974602565030004e-12  -6.7411863548359996 31.698152878487999 2.5162094630140002e-12  -7.8072442908620001 31.182305917781001 -7.6472161936139999e-13  -8.8974181816200009 30.695425667873 7.9936057773030002e-14  -11.125493964429999 29.781363067846002 8.0824236192690002e-14  -12.263300362060001 29.354167852718 -7.3363537467329996e-13  -13.4257133675 28.957751372508 2.3101520696309998e-12  -14.60715802993 28.592768466106001 -4.7282178173079996e-12  -15.82469708622 28.261406837484 7.3425709955819993e-12  -17.038725638980001 27.963065182057001 -8.9941387672080006e-12  -18.31483539932 27.702030068185 8.9097618171129997e-12  -19.570564832300001 27.478032994667 -7.1045391792489997e-12  -20.879300466779998 27.293857104863001 4.5479175980469996e-12  -22.194236049810002 27.153110988352001 -2.2533086507859999e-12  -23.531724712310002 27.057495395816002 8.3266726846800004e-13  -24.883849354390001 27.010191071543002 -1.771915947302e-13  -26.332615456980001 27.013786733663999 1.8138776731780001e-14  -26.41774366229 27.013998011565999 2.9616215315809998e-14  -26.5028718676 27.014209289469001 4.1093653899829997e-14  -26.588000072909999 27.014420567371001 5.257109248386e-14  -26.673128278219998 27.014631845274 6.4048531067889996e-14  -26.758256483530001 27.014843123176 7.5525969651919998e-14  -26.843384688840001 27.015054401078 8.7003408235940004e-14  -26.92851289415 27.015265678980999 9.8480846819969994e-14  -27.013641099459999 27.015476956882999 1.09958285404e-13  -27.098769304769998 27.015688234786001 1.21435723988e-13  -27.183897510080001 27.015899512688001 1.3291316257209999e-13  -27.269025715390001 27.016110790591 1.4439060115609999e-13  -27.3541539207 27.016322068493 1.5586803974009999e-13 
 -1.908874923305 14 -0.90984430941799999 12 12.177453796259 12 25.264751901935998 12 26.081756329809998 14
7 0 0  13 50 5  -16.676618157749999 35.506809673501998 3.6804155603759998e-13  -16.70014839692 35.424997792810998 3.4031139915519999e-13  -16.72367863609 35.343185912119999 3.1258124227290001e-13  -16.74720887526 35.261374031429 2.8485108539059999e-13  -16.77073911443 35.179562150738001 2.5712092850830002e-13  -16.794269353600001 35.097750270047001 2.2939077162599999e-13  -16.817799592770001 35.015938389356002 2.0166061474369999e-13  -16.841329831949999 34.934126508665003 1.7393045786139999e-13  -16.864860071119999 34.852314627974003 1.4620030097900001e-13  -16.888390310289999 34.770502747283999 1.1847014409670001e-13  -16.91192054946 34.688690866592999 9.0739987214410005e-14  -16.93545078863 34.606878985902 6.300983033209e-14  -16.9589810278 34.525067105212003 3.5279673449770002e-14  -17.290757330969999 33.371519827926001 -3.557154570899e-13  -17.635815953950001 32.305473462925001 1.6697754290349999e-12  -18.017325103329998 31.246114665977998 -4.6074255522010001e-12  -18.434979869469998 30.194278234239 9.3733909522770005e-12  -18.888507702879998 29.150710709150001 -1.4823697824869998e-11  -19.377662187399999 28.116114119008 1.8812063018339999e-11  -19.902230134690001 27.091167230322998 -1.9232615500310001e-11  -20.46204676784 26.076533536595999 1.578515096404e-11  -21.057013786070002 25.072865242755 -1.016431383508e-11  -21.68711507411 24.080812468312001 4.9515946898199999e-12  -22.352424848350001 23.101046927976 -1.6351364706690001e-12  -23.053103007299999 22.134309317538001 2.3891999489930001e-13  -24.525641936789999 20.22866999387 -3.0198066269810001e-14  -25.29741357408 19.289804886340001 -3.868017017791e-13  -26.105884526610001 18.365291641409001 1.4979129048280001e-12  -26.94655416374 17.458484841012002 -3.301359186009e-12  -27.835293103089999 16.562747725135001 5.2873261325160002e-12  -28.737501841930001 15.697361995475999 -6.4677152521930003e-12  -29.712127756579999 14.833244076153999 6.2310157034679997e-12  -30.68762280807 14.011392202972001 -4.7530868129880003e-12  -31.728933170209999 13.197523386852 2.9007907187549999e-12  -32.797327730749998 12.418165882704001 -1.3802292642109999e-12  -33.907819093679997 11.66661601943 4.9382720135369998e-13  -35.055141220609997 10.949586951822999 -1.0080825063589999e-13  -36.31160730066 10.228317835275 1.053949734713e-14  -36.385436127989998 10.185936704652001 1.7082191805620001e-14  -36.459264955320002 10.143555574027999 2.3624886264099999e-14  -36.533093782649999 10.101174443405 3.016758072259e-14  -36.606922609980003 10.058793312781001 3.6710275181069998e-14  -36.680751437310001 10.016412182158 4.3252969639550003e-14  -36.754580264639998 9.9740310515340003 4.9795664098039997e-14  -36.828409091959998 9.9316499209100009 5.6338358556520002e-14  -36.902237919290002 9.8892687902869998 6.2881053015010003e-14  -36.976066746619999 9.8468876596630004 6.9423747473490001e-14  -37.049895573950003 9.8045065290399993 7.5966441931969999e-14  -37.123724401280001 9.7621253984159999 8.2509136390460006e-14  -37.197553228609998 9.7197442677930006 8.9051830848940004e-14 
 -1.9088749233040001 14 -0.90984430941799999 12 12.177453796259 12 25.264751901935998 12 26.081756329804001 14
7 0 0  13 50 5  -32.195779810570002 22.411490105717 -1.938670197515e-13  -32.175251655099999 22.328873819121 -1.785442435769e-13  -32.154723499639999 22.246257532525998 -1.6322146740230001e-13  -32.134195344170003 22.163641245931 -1.4789869122769999e-13  -32.113667188709996 22.081024959335 -1.3257591505309999e-13  -32.09313903324 21.998408672739998 -1.172531388785e-13  -32.072610877780001 21.915792386145 -1.019303627039e-13  -32.052082722309997 21.833176099549 -8.6607586529339995e-14  -32.031554566840001 21.750559812953998 -7.1284810354749997e-14  -32.011026411380001 21.667943526357998 -5.5962034180159999e-14  -31.990498255910001 21.585327239763 -4.063925800557e-14  -31.969970100449999 21.502710953167998 -2.5316481830979999e-14  -31.949441944979998 21.420094666571998 -9.9937056563899994e-15  -31.659995013250001 20.255205268394 2.060573933704e-13  -31.42580136406 19.159452723204002 -8.5931262105979998e-13  -31.226518580680001 18.051266518622 2.2382096176450002e-12  -31.06230000239 16.931522065067 -4.1553427365620001e-12  -30.93328286477 15.801002161029 5.9188209888970004e-12  -30.839604779830001 14.660437989083 -6.4881433558850001e-12  -30.781420503690001 13.510523972267 5.4769522251040003e-12  -30.758919082719999 12.351917101419 -3.4900971001990001e-12  -30.772341487919999 11.185231352849 1.6799894808669999e-12  -30.82199882315 10.011037804274 -5.9463545198849996e-13  -30.908291218830001 8.8298810694659995 1.532107773983e-13  -31.031727499150001 7.6423226605589996 -1.5099033134899999e-14  -31.35416395831 5.2557211310699996 2.1316282072799998e-14  -31.553105248390001 4.0567542785760002 -6.6613381477500002e-14  -31.791005008940001 2.8518668460600001 2.4424906541760002e-13  -32.065642870890002 1.646214302055 -6.2128080457990004e-13  -32.387444811430001 0.42611373482300002 1.254552017827e-12  -32.736087634390003 -0.77443666036299996 -1.8736123763560001e-12  -33.148079475529997 -2.0100976879519998 2.1240786907140002e-12  -33.581957035229998 -3.2095898137669998 -1.818545314336e-12  -34.076823853660002 -4.4350760650909997 1.21547216736e-12  -34.612401932499999 -5.6442167425390002 -6.2572169667869996e-13  -35.198340731739997 -6.8503236978170001 2.4025226252889998e-13  -35.833436306209997 -8.044950149081 -5.0182080713059998e-14  -36.560933292260003 -9.2978205670049991 5.0199807870489998e-15  -36.603680366939997 -9.3714381164299994 8.2636047346979999e-15  -36.646427441630003 -9.4450556658559996 1.1507228682349999e-14  -36.689174516309997 -9.5186732152809999 1.475085262999e-14  -36.731921591000003 -9.5922907647070002 1.7994476577639999e-14  -36.774668665690001 -9.6659083141320004 2.1238100525290001e-14  -36.817415740370002 -9.7395258635580007 2.448172447294e-14  -36.860162815060001 -9.8131434129830009 2.7725348420589999e-14  -36.902909889740002 -9.8867609624089994 3.0968972368240001e-14  -36.94565696443 -9.9603785118339996 3.4212596315890003e-14  -36.988404039119999 -10.03399606126 3.7456220263539999e-14  -37.0311511138 -10.10761361068 4.0699844211179998e-14  -37.073898188489999 -10.18123116011 4.394346815883e-14 
 -1.908874923305 14 -0.90984430941799999 12 12.177453796259 12 25.264751901935998 12 26.081756329806002 14
7 0 0  13 50 5  -39.088108263460001 3.311029862926 3.6403797335919999e-13  -39.029022216039998 3.249746137701 3.362400165823e-13  -38.969936168620002 3.1884624124759999 3.0844205980529999e-13  -38.910850121190002 3.127178687252 2.8064410302840001e-13  -38.851764073769999 3.065894962027 2.5284614625150002e-13  -38.792678026339999 3.0046112368019999 2.2504818947449999e-13  -38.733591978920003 2.9433275115769999 1.972502326976e-13  -38.674505931500001 2.8820437863519999 1.6945227592070001e-13  -38.61541988407 2.8207600611269998 1.416543191438e-13  -38.556333836649998 2.7594763359019998 1.1385636236679999e-13  -38.497247789219998 2.6981926106769998 8.6058405589889995e-14  -38.438161741800002 2.6369088854520002 5.8260448812960004e-14  -38.379075694379999 2.5756251602270002 3.046249203603e-14  -37.545962599349998 1.711524814673 -3.6148861681789998e-13  -36.795268677179997 0.87967209886599995 1.679101302444e-12  -36.068591621869999 0.01959608527649 -4.6589399005320002e-12  -35.36650193469 -0.868021768129 9.5323748894510005e-12  -34.68950986366 -1.7825721556530001 -1.5202950009960001e-11  -34.038100176790003 -2.7234906607989999 1.9401369399990001e-11  -33.412754106649999 -3.6902532733959998 -1.9939605522209999e-11  -32.8139638695 -4.6823855461199999 1.649125280782e-11  -32.242245138759998 -5.6994762451750001 -1.078781508567e-11  -31.69815287846 -6.7411863548340003 5.3810289557559996e-12  -31.18230591779 -7.8072442908650004 -1.8496315590249999e-12  -30.69542566786 -8.8974181816170006 2.8643754035329998e-13  -29.781363067849998 -11.12549396444 -7.327471962527e-14  -29.354167852660002 -12.26330036203 -2.8954616482210002e-13  -28.957751372650002 -13.42571336758 1.3162804179980001e-12  -28.592768465820001 -14.607158029780001 -3.0846436516090001e-12  -28.26140683789 -15.82469708645 5.1731952055670001e-12  -27.963065181569998 -17.038725638710002 -6.7243988155140002e-12  -27.702030068629998 -18.314835399580002 6.9855232709760004e-12  -27.478032994319999 -19.57056483209 -5.8131277569160004e-12  -27.29385710507 -20.879300466909999 3.8404834867920002e-12  -27.153110988249999 -22.19423604975 -1.953992523338e-12  -27.057495395850001 -23.53172471233 7.1809225232779995e-13  -27.010191071529999 -24.883849354390001 -1.558753126574e-13  -27.013786733660002 -26.332615456980001 9.2590593514830005e-15  -27.013998011559998 -26.41774366229 1.8962207912820002e-14  -27.014209289469999 -26.5028718676 2.8665356474149999e-14  -27.014420567369999 -26.588000072909999 3.836850503548e-14  -27.014631845269999 -26.673128278219998 4.8071653596819997e-14  -27.014843123169999 -26.758256483530001 5.7774802158149998e-14  -27.01505440108 -26.843384688840001 6.7477950719480005e-14  -27.015265678980001 -26.92851289415 7.7181099280809999e-14  -27.015476956880001 -27.013641099459999 8.6884247842150003e-14  -27.015688234790002 -27.098769304769998 9.6587396403479997e-14  -27.015899512690002 -27.183897510080001 1.0629054496479999e-13  -27.016110790590002 -27.269025715390001 1.159936935261e-13  -27.016322068489998 -27.3541539207 1.2569684208750001e-13 
 -1.908874923305 14 -0.90984430941799999 12 12.177453796258 12 25.264751901934002 12 26.081756329804001 14
7 0 0  13 50 5  -35.506809673500001 -16.676618157739998 -1.409898817709e-14  -35.424997792809997 -16.70014839692 -1.298028991656e-14  -35.343185912110002 -16.72367863609 -1.186159165602e-14  -35.261374031419997 -16.74720887526 -1.074289339549e-14  -35.17956215073 -16.77073911443 -9.6241951349569997e-15  -35.097750270040002 -16.794269353600001 -8.5054968744230007e-15  -35.015938389349998 -16.817799592770001 -7.3867986138890001e-15  -34.93412650866 -16.841329831940001 -6.2681003533550004e-15  -34.852314627970003 -16.864860071119999 -5.1494020928209998e-15  -34.770502747279998 -16.888390310289999 -4.030703832287e-15  -34.688690866590001 -16.91192054946 -2.9120055717530002e-15  -34.606878985900003 -16.93545078863 -1.7933073112180001e-15  -34.525067105209999 -16.9589810278 -6.7460905068419997e-16  -33.371519827919997 -17.290757330969999 1.5099033134899999e-14  -32.305473462910001 -17.635815953950001 -7.1498362785809998e-14  -31.24611466599 -18.017325103329998 2.11386463889e-13  -30.19427823421 -18.434979869460001 -4.9160675530239999e-13  -29.150710709159998 -18.888507702879998 9.6500585300889994e-13  -28.116114118990001 -19.377662187399999 -1.5685230891810001e-12  -27.091167230330001 -19.902230134690001 2.0663470934449999e-12  -26.076533536589999 -20.46204676784 -2.1445067943549999e-12  -25.072865242759999 -21.057013786070002 1.7412737918280001e-12  -24.08081246831 -21.68711507411 -1.0786926907239999e-12  -23.10104692797 -22.352424848350001 4.8183679268759996e-13  -22.134309317530001 -23.053103007299999 -1.4477308241109999e-13  -20.22866999387 -24.525641936780001 1.953992523341e-13  -19.289804886340001 -25.29741357408 -1.0200729150249999e-12  -18.365291641390002 -26.105884526600001 2.8737012769450002e-12  -17.458484841059999 -26.94655416374 -5.7114313278630001e-12  -16.562747725009999 -27.835293103129999 8.7063689591489996e-12  -15.69736199568 -28.73750184184 -1.0566214569909999e-11  -14.8332440759 -29.712127756689998 1.0362377622679999e-11  -14.011392203170001 -30.687622808 -8.2263085232399998e-12  -13.19752338674 -31.72893317019 5.2295945352020001e-12  -12.41816588274 -32.797327730779998 -2.5952573423620001e-12  -11.666616019419999 -33.907819093660002 9.4768637382020003e-13  -10.949586951820001 -35.055141220609997 -2.1049828546889999e-13  -10.228317835269999 -36.31160730066 1.172539800585e-14  -10.18593670465 -36.385436127989998 2.478306364126e-14  -10.143555574020001 -36.459264955320002 3.7840729276660002e-14  -10.1011744434 -36.533093782649999 5.0898394912060003e-14  -10.058793312780001 -36.606922609980003 6.395606054747e-14  -10.016412182150001 -36.680751437310001 7.7013726182870002e-14  -9.9740310515330002 -36.75458026463 9.0071391818270003e-14  -9.9316499209090008 -36.828409091959998 1.0312905745370001e-13  -9.8892687902849996 -36.902237919290002 1.1618672308910001e-13  -9.8468876596610002 -36.976066746619999 1.2924438872450001e-13  -9.8045065290379991 -37.049895573950003 1.4230205435990001e-13  -9.7621253984139997 -37.123724401280001 1.5535971999530001e-13  -9.7197442677900003 -37.1975532286 1.6841738563070001e-13 
 -1.9088749233040001 14 -0.90984430941799999 12 12.177453796258 12 25.264751901935 12 26.081756329805 14
7 0 0  13 50 5  -22.411490105710001 -32.195779810570002 -2.8211535934570001e-14  -22.328873819119998 -32.175251655110003 -2.610973920265e-14  -22.246257532520001 -32.154723499639999 -2.4007942470739999e-14  -22.163641245929998 -32.134195344170003 -2.1906145738830001e-14  -22.081024959330001 -32.113667188709996 -1.9804349006919999e-14  -21.998408672730001 -32.09313903324 -1.7702552274999998e-14  -21.915792386140001 -32.072610877780001 -1.560075554309e-14  -21.833176099540001 -32.052082722309997 -1.3498958811179999e-14  -21.750559812950002 -32.031554566840001 -1.139716207926e-14  -21.667943526350001 -32.011026411380001 -9.2953653473519993e-15  -21.585327239760002 -31.990498255910001 -7.1935686154390004e-15  -21.502710953160001 -31.969970100449999 -5.0917718835259999e-15  -21.420094666570002 -31.949441944979998 -2.9899751516129999e-15  -20.25520526839 -31.659995013250001 2.6645352591009998e-14  -19.15945272319 -31.425801364049999 -1.0746958878369999e-13  -18.051266518639999 -31.226518580699999 2.7178259642860001e-13  -16.931522065029998 -31.062300002360001 -5.4578563890429999e-13  -15.80100216106 -30.933282864780001 8.1579187849760001e-13  -14.66043798904 -30.839604779839998 -9.0949470176900004e-13  -13.510523972290001 -30.781420503669999 7.3985262361320002e-13  -12.3519171014 -30.758919082759999 -4.2721381987440001e-13  -11.18523135285 -30.772341487889999 1.6031620475619999e-13  -10.011037804260001 -30.821998823169999 -2.3980817331879999e-14  -8.8298810694679997 -30.908291218820001 -1.7763568394009999e-14  -7.6423226605580004 -31.031727499159999 1.5099033134899999e-14  -5.2557211310699996 -31.354163958299999 -2.3536728122049999e-14  -4.0567542785719999 -31.553105248440001 1.376676550537e-13  -2.8518668460650001 -31.791005008789998 -3.7925218521030002e-13  -1.6462143020540001 -32.065642871180003 7.7715611724439999e-13  -0.42611373480199999 -32.387444811030001 -1.348698930297e-12  0.77443666031500003 -32.736087634839997 1.991740106208e-12  2.0100976880200001 -33.148079475129997 -2.419842104438e-12  3.2095898137150001 -33.581957035519999 2.3372415114659999e-12  4.435076065104 -34.076823853470003 -1.7301715615640001e-12  5.6442167425429997 -34.612401932600001 9.4679819540329992e-13  6.8503236978139999 -35.198340731709997 -3.6592950891599999e-13  8.0449501490830002 -35.833436306220001 8.4376949871529997e-14  9.2978205670049991 -36.560933292260003 -6.2110484876570004e-15  9.3714381164309994 -36.603680366939997 -1.1533918555610001e-14  9.4450556658559996 -36.646427441630003 -1.685678862357e-14  9.5186732152819999 -36.689174516309997 -2.2179658691529999e-14  9.5922907647080002 -36.731921591000003 -2.750252875948e-14  9.6659083141340005 -36.774668665690001 -3.2825398827440002e-14  9.7395258635590007 -36.817415740370002 -3.81482688954e-14  9.8131434129849993 -36.860162815060001 -4.3471138963350002e-14  9.8867609624109996 -36.902909889740002 -4.879400903131e-14  9.9603785118369998 -36.94565696443 -5.4116879099260002e-14  10.033996061262 -36.988404039110002 -5.9439749167219994e-14  10.107613610688 -37.0311511138 -6.4762619235180005e-14  10.181231160114001 -37.073898188489999 -7.0085489303129994e-14 
 -1.9088749233040001 14 -0.90984430941799999 12 12.177453796259 12 25.264751901935 12 26.081756329809 14
7 0 0  13 50 5  -3.3110298629270001 -39.088108263460001 3.2258172871640002e-13  -3.249746137702 -39.029022216039998 2.97665267459e-13  -3.188462412477 -38.969936168620002 2.7274880620159998e-13  -3.127178687252 -38.910850121190002 2.4783234494420001e-13  -3.065894962027 -38.851764073769999 2.2291588368679999e-13  -3.0046112368019999 -38.792678026339999 1.9799942242950001e-13  -2.9433275115769999 -38.733591978920003 1.7308296117210001e-13  -2.8820437863519999 -38.674505931500001 1.4816649991469999e-13  -2.8207600611269998 -38.61541988407 1.232500386573e-13  -2.7594763359019998 -38.556333836649998 9.8333577399949994e-14  -2.6981926106769998 -38.497247789219998 7.3417116142570004e-14  -2.6369088854510001 -38.438161741800002 4.8500654885199998e-14  -2.5756251602260001 -38.379075694379999 2.3584193627820002e-14  -1.7115248146719999 -37.545962599349998 -3.2773783686930002e-13  -0.87967209886800002 -36.795268677199999 1.482369782481e-12  -0.019596085272319999 -36.068591621819998 -3.9803715878760001e-12  0.86802176811999998 -35.366501934790001 7.7489126227119997e-12  1.7825721556680001 -34.689509863520001 -1.1706635660779999e-11  2.7234906607789999 -34.038100176939999 1.413003047912e-11  3.6902532734190001 -33.41275410654 -1.3791190411810001e-11  4.6823855460999999 -32.813963869570003 1.0916600956580001e-11  5.6994762451890004 -32.242245138729999 -6.9495520449269998e-12  6.7411863548269997 -31.698152878470001 3.4567904094759998e-12  7.8072442908669997 -31.18230591779 -1.2514433933570001e-12  8.8974181816170006 -30.69542566786 2.5801583092290001e-13  11.125493964445001 -29.781363067849998 -2.247091401841e-13  12.26330036203 -29.354167852660002 9.4191321409149995e-13  13.425713367592 -28.957751372650002 -2.5348612098290001e-12  14.607158029775 -28.59276846581 5.1016968427389999e-12  15.824697086460001 -28.26140683793 -8.113509864007e-12  17.038725638727001 -27.96306518151 1.037880892333e-11  18.314835399564 -27.702030068700001 -1.068256594302e-11  19.570564832106001 -27.47803299425 8.8258289565109999e-12  20.879300466924999 -27.293857105120001 -5.7940319209339998e-12  22.194236049735999 -27.15311098822 2.9478641749800002e-12  23.531724712338999 -27.057495395859998 -1.0853540288739999e-12  24.883849354390001 -27.010191071529999 2.4380497620769998e-13  26.332615456985 -27.013786733660002 -1.427645661756e-14  26.417743662294999 -27.013998011559998 -2.9441091654830002e-14  26.502871867604998 -27.014209289469999 -4.4605726692089998e-14  26.588000072915001 -27.014420567369999 -5.9770361729360004e-14  26.673128278225001 -27.014631845269999 -7.493499676662e-14  26.758256483535 -27.01484312318 -9.0099631803890005e-14  26.843384688844999 -27.01505440108 -1.052642668412e-13  26.928512894154 -27.015265678980001 -1.2042890187839999e-13  27.013641099463999 -27.015476956880001 -1.355935369157e-13  27.098769304773999 -27.015688234790002 -1.5075817195290001e-13  27.183897510084002 -27.015899512690002 -1.6592280699019999e-13  27.269025715394001 -27.016110790590002 -1.810874420275e-13  27.354153920704 -27.016322068499999 -1.9625207706469999e-13 
 -1.9088749233060001 14 -0.90984430941799999 12 12.177453796259 12 25.264751901935998 12 26.081756329805 14
7 0 0  13 50 5  16.676618157749999 -35.506809673500001 -8.9906050105279997e-14  16.700148396921001 -35.424997792809997 -8.3024360805629999e-14  16.723678636092998 -35.343185912119999 -7.6142671505980001e-14  16.747208875264 -35.261374031419997 -6.9260982206330003e-14  16.770739114436001 -35.17956215073 -6.2379292906680004e-14  16.794269353607 -35.097750270040002 -5.5497603607040002e-14  16.817799592779 -35.015938389349998 -4.8615914307389998e-14  16.841329831949999 -34.93412650866 -4.1734225007739999e-14  16.864860071121001 -34.852314627970003 -3.4852535708090001e-14  16.888390310293001 -34.770502747279998 -2.797084640844e-14  16.911920549464 -34.688690866590001 -2.1089157108790001e-14  16.935450788636 -34.606878985900003 -1.4207467809149999e-14  16.958981027806999 -34.525067105209999 -7.3257785094980004e-15  17.290757330967999 -33.371519827919997 8.9706020389709998e-14  17.635815953963 -32.30547346294 -3.5971225997859999e-13  18.017325103305001 -31.246114665930001 8.4510176634469996e-13  18.434979869525002 -30.194278234319999 -1.3566925360920001e-12  18.888507702799998 -29.15071070902 1.547206807118e-12  19.377662187510001 -28.116114119159999 -1.215916256568e-12  19.902230134593999 -27.091167230170001 5.710987238678e-13  20.462046767926001 -26.076533536709999 -1.8207657603839999e-14  21.057013786016 -25.072865242679999 -1.971756091735e-13  21.687115074145002 -24.08081246835 1.4122036873229999e-13  22.352424848338998 -23.101046927959999 -8.4376949871510004e-15  23.053103007311002 -22.134309317540001 -6.4392935428260001e-14  24.525641936778001 -20.228669993859999 1.856292897173e-13  25.297413574143 -19.28980488637 -1.209699007633e-12  26.105884526442001 -18.365291641310002 3.699263118038e-12  26.946554164072001 -17.458484841200001 -7.8679285309669998e-12  27.835293102619001 -16.56274772483 1.2860379427920001e-11  28.737501842482001 -15.69736199584 -1.6650236745089999e-11  29.712127756072 -14.8332440758 1.724753673198e-11  30.687622808476 -14.01139220324 -1.4288570327030001e-11  31.728933169950999 -13.197523386689999 9.4213525869270004e-12  32.797327730882003 -12.418165882769999 -4.8183679268829997e-12  33.907819093638999 -11.666616019399999 1.8047785488289999e-12  35.055141220621998 -10.949586951820001 -4.0145664570450002e-13  36.311607300668001 -10.228317835269999 2.9308158993009999e-14  36.385436127996002 -10.18593670465 5.4619515097370001e-14  36.459264955324002 -10.143555574020001 7.9930871201730004e-14  36.533093782652998 -10.1011744434 1.052422273061e-13  36.606922609980998 -10.05879331277 1.3055358341049999e-13  36.680751437308999 -10.016412182150001 1.558649395148e-13  36.754580264636999 -9.974031051531 1.8117629561920001e-13  36.828409091966002 -9.9316499209070006 2.0648765172349999e-13  36.902237919294002 -9.8892687902829994 2.3179900782789999e-13  36.976066746622003 -9.846887659659 2.5711036393229999e-13  37.049895573950003 -9.8045065290340006 2.8242172003659998e-13  37.123724401277997 -9.7621253984099994 3.0773307614099998e-13  37.197553228606999 -9.719744267786 3.3304443224530002e-13 
 -1.9088749233040001 14 -0.90984430941799999 12 12.177453796259 12 25.264751901937 12 26.081756329809 14
7 0 0  13 50 5  32.195779810575999 -22.411490105710001 -1.056322397378e-14  32.175251655110003 -22.328873819119998 -9.6140254496919993e-15  32.154723499645002 -22.246257532520001 -8.6648269256010006e-15  32.134195344178998 -22.163641245929998 -7.715628401509e-15  32.113667188713002 -22.081024959330001 -6.7664298774179997e-15  32.093139033248001 -21.998408672739998 -5.8172313533270002e-15  32.072610877781997 -21.915792386140001 -4.8680328292359999e-15  32.052082722316001 -21.833176099549998 -3.9188343051450004e-15  32.031554566849998 -21.750559812950002 -2.9696357810540001e-15  32.011026411384002 -21.667943526350001 -2.0204372569630001e-15  31.990498255917998 -21.585327239760002 -1.071238732872e-15  31.969970100451999 -21.502710953160001 -1.2204020878140001e-16  31.949441944985999 -21.420094666570002 8.2715831530940005e-16  31.659995013246 -20.25520526839 1.42108547152e-14  31.425801364095001 -19.159452723209998 -1.5099033134909999e-14  31.226518580600001 -18.05126651858 -8.9261931179670003e-14  31.062300002573998 -16.931522065140001 5.5289106626570004e-13  30.933282864483999 -15.80100216091 -1.5702994460200001e-12  30.839604780195 -14.660437989229999 2.9722890815490001e-12  30.781420503341 -13.51052397212 -4.0496495045949999e-12  30.758919083013001 -12.351917101530001 4.1384673466140003e-12  30.772341487744001 -11.18523135277 -3.1743496719979999e-12  30.821998823238001 -10.01103780431 1.791011783328e-12  30.908291218807999 -8.8298810694540002 -6.7323924213239998e-13  31.031727499163001 -7.6423226605609997 1.15463194561e-13  31.354163958308 -5.2557211310680003 -2.3536728122049999e-14  31.553105248402002 -4.0567542785819999 -1.505462421392e-13  31.791005008926 -2.851866846039 7.0521366524149998e-13  32.065642870912001 -1.6462143021110001 -1.69242397874e-12  32.387444811445 -0.42611373470800001 2.885691685603e-12  32.736087634336002 0.77443666018699997 -3.7174707756570003e-12  33.148079475624002 2.0100976881529999 3.7938541197480001e-12  33.581957035152001 3.2095898136060002 -3.08020275952e-12  34.076823853701001 4.4350760651680003 2.012612299041e-12  34.612401932493 5.6442167425119996 -1.0067502387300001e-12  35.198340731747997 6.8503236978239999 3.7259084706420001e-13  35.833436306218999 8.0449501490799999 -7.1942451995710005e-14  36.560933292260998 9.2978205670040008 9.6811090258100002e-15  36.603680366947998 9.3714381164299994 1.447723674327e-14  36.646427441634003 9.4450556658559996 1.9273364460729999e-14  36.689174516320001 9.5186732152809999 2.4069492178190001e-14  36.731921591006 9.5922907647070002 2.8865619895649998e-14  36.774668665691998 9.6659083141320004 3.3661747613109997e-14  36.817415740378003 9.7395258635580007 3.8457875330570003e-14  36.860162815064001 9.8131434129830009 4.3254003048030002e-14  36.902909889749999 9.8867609624089994 4.8050130765490001e-14  36.945656964435997 9.9603785118339996 5.2846258482950001e-14  36.988404039122003 10.03399606126 5.7642386200410006e-14  37.031151113808001 10.107613610685 6.2438513917869999e-14  37.073898188493999 10.181231160111 6.7234641635330005e-14 
 -1.9088749233060001 14 -0.90984430941799999 12 12.177453796257 12 25.264751901933 12 26.081756329802001 14
7 0 0  7 14 3  -22.842779603469999 31.580987707054 3.0071132588589999  -22.92422538269 31.686587677302001 3.2783944250150001  -23.023310547569999 31.772198343039001 3.556838395112  -23.137895607720001 31.837633309141999 3.8403981230599999  -23.265598064199999 31.883132006768999 4.127009424443  -23.403992741850001 31.909242271244 4.4146564695160002  -23.550750362310001 31.916726993196001 4.701432299875  -23.890334623529998 31.894011339268999 5.3322798792160002  -24.08614865309 31.855159677483002 5.6749921877640004  -24.287225054370001 31.791613256935999 6.0105531802660002  -24.489858379320001 31.705378693778002 6.3358396892059998  -24.690704097969999 31.598847557254999 6.6479440935270002  -24.887020799750001 31.474773191958 6.9444958856029997  -25.076721946509998 31.336082214367998 7.2237904402230004 
 0 8 0.45044489069600002 6 1 8
7 0 0  13 50 5  -20.56860525183 37.016879798136003 2.2202673565420001  -20.600564970680001 36.926389613752001 2.2316788604390001  -20.63188998647 36.837696516403 2.242863737925  -20.662580299209999 36.750800506089 2.2538219890010001  -20.692635908900002 36.665701582809 2.264553613665  -20.722056815529999 36.582399746562999 2.2750586119189999  -20.75084301911 36.500894997353001 2.2853369837619999  -20.77899451963 36.421187335176 2.2953887291939998  -20.8065113171 36.343276760035003 2.3052138482150002  -20.833393411519999 36.267163271927998 2.3148123408260002  -20.859640802889999 36.192846870855 2.3241842070260001  -20.8852534912 36.120327556817998 2.3333294468150001  -20.910231476450001 36.049605329815002 2.342248060193  -21.253471683960001 35.077761058834 2.4648050508889998  -21.601481935759999 34.183761830328997 2.5860723034770001  -21.977597681060001 33.298857867359999 2.7150118346490002  -22.3807512821 32.423160373214998 2.8518227910729999  -22.8098929007 31.556616927137 2.996641653228  -23.264052480149999 30.698964368492 3.1495439075439999  -23.74238925321 29.849723817613999 3.3105399885420002  -24.24423190637 29.008227599004002 3.479566302671  -24.769112556189999 28.173667864087001 3.6564721497020001  -25.316797663079999 27.345156673249001 3.8410033526360001  -25.887319038699999 26.521787334909 4.0327834120389996  -26.481008076510001 25.702686766387998 4.2312929964199997  -27.716064632849999 24.071410565147001 4.6404041704969998  -28.357406215099999 23.259268705943001 4.8509925445329998  -29.02343850566 22.449647185431001 5.067033774065  -29.714016178630001 21.642981073518001 5.2871103471070002  -30.434116255900001 20.835364815813001 5.5119285100680004  -31.176892200689998 20.034867113868 5.7361765681819996  -31.958886650539998 19.228055676539 5.9649530807059996  -32.763752305099999 18.433862334084001 6.1882549120050001  -33.611517299330004 17.637682886505999 6.4112603001000004  -34.493060057299999 16.853734778922 6.6274386109989996  -35.41579017886 16.081524205592 6.8363724230849998  -36.379645130829999 15.328064105642 7.0356520964060003  -37.447888377870001 14.553998897543 7.235535405357  -37.511555162640001 14.507864982691 7.247448354626  -37.5761197108 14.461080534908 7.2595292880319997  -37.641582022359998 14.413645554194 7.2717782055719997  -37.70794209732 14.365560040548001 7.2841951072490003  -37.77519993568 14.316823993970999 7.2967799930609996  -37.84335553743 14.267437414463 7.3095328630080001  -37.912408902579998 14.217400302024 7.3224537170910002  -37.98236003113 14.166712656653999 7.33554255531  -38.053208923070002 14.115374478352001 7.3487993776640002  -38.124955578410002 14.06338576712 7.3622241841539999  -38.19759999715 14.010746522956 7.3758169747800002  -38.271142179279998 13.957456745861 7.389577749541 
 -1.9088749233040001 14 -0.90984430941799999 12 12.177453796259 12 25.264751901935998 12 26.081756329804001 14
7 1 0  10 11 2  -34.641016151370003 20 0  1.00731395893 -40.924201458550002 9.1172038145939993 15  1.00731395893 -44.563002433009999 -3.2925000503519999 29.999999999998  1.00731395893 -45.195130123459997 -17.262738698770001 45.000000000005997  1.0073139589310001 -41.596035519220003 -32.630189745700001 59.999999999990003  1.00731395893 -31.991744829649999 -47.934457620780002 75.000000000005997  1.0073139589310001 -15.471390636760001 -59.64575727279 90.000000000005002  1.00731395893 5.4980168723089999 -63.66789584304 104.99999999998001  1.0073139589310001 26.258159125408 -58.692576588960002 120  1.00731395893 42.536746266295999 -46.324194278100002 134.99999999999  1.00731395893 51.961524227066 -30 150  1.00731395893
 0 11 150 11
7 1 0  10 11 2  34.641016151377997 -20 0  1.00731395893 40.924201458557 -9.1172038145939993 15.000000000003  1.00731395893 44.563002433020998 3.2925000503509998 29.999999999993999  1.00731395893 45.195130123456003 17.262738698777 45.000000000004  1.0073139589310001 41.596035519235002 32.630189745702999 60.000000000002998  1.00731395893 31.991744829640002 47.934457620772001 74.999999999992994  1.0073139589310001 15.471390636768 59.645757272799997 90.000000000000995  1.00731395893 -5.49801687231 63.667895843038004 105  1.0073139589310001 -26.258159125399999 58.692576588961998 119.99999999999  1.00731395893 -42.536746266290002 46.324194278107001 135  1.00731395893 -51.961524227060004 30 150  1.00731395893
 0 11 150 11
7 0 0  7 14 3  35.572921283181998 -15.92854782917 3.0071132588589999  35.696255437146 -15.97927721906 3.2783945459880002  35.824871049766998 -16.00387562637 3.5568385331350001  35.956822083844003 -16.003251424230001 3.8403982152260001  36.090164976489 -15.978803227909999 4.1270094585569996  36.22307340087 -15.9322180513 4.4146564711989997  36.353911589536999 -15.86532119994 4.7014323020889996  36.636642358529997 -15.67585673662 5.3322798792160002  36.786796451652002 -15.54430319576 5.6749921877630003  36.929160512983003 -15.388732180610001 6.0105531802660002  37.061528838462998 -15.21273419575 6.3358396892059998  37.182200764801003 -15.0200526659 6.6479440935270002  37.290178833073 -14.81444276271 6.9444958856029997  37.385119356502997 -14.59948227946 7.2237904402230004 
 0 8 0.45044488876700001 6 1 8
7 0 0  13 50 5  36.321374567569002 -21.773255648100001 2.2202673565439999  36.303807403797997 -21.678908990210001 2.2316788604409998  36.286589114576003 -21.586436006869999 2.2428637379269998  36.269719699901998 -21.495836698080002 2.2538219890020001  36.253199159776997 -21.407111063839999 2.2645536136670001  36.237027494201001 -21.320259104150001 2.27505861192  36.221204703173001 -21.235280819020002 2.285336983763  36.205730786695 -21.152176208429999 2.2953887291949999  36.190605744765001 -21.070945272399999 2.3052138482169999  36.175829577382999 -20.991588010920001 2.3148123408269998  36.161402284551002 -20.91410442399 2.3241842070269998  36.147323866267001 -20.838494511619999 2.3333294468160002  36.133594322531998 -20.764758273790001 2.3422480601940001  35.944926926329998 -19.751496342839999 2.4648050508889998  35.799313030975 -18.803265174109999 2.5860723034820001  35.682586839511004 -17.848857989550002 2.7150118346359999  35.593879352941997 -16.88890491323 2.8518227910989999  35.532255172786002 -15.92388546588 2.996641653188  35.496742627507999 -14.9540567731 3.1495439075920002  35.486374148168998 -13.979424495210001 3.310539988495  35.500234526021998 -12.999746066449999 3.4795663027080002  35.537514634682999 -12.014555809899999 3.6564721496789998  35.597568255436002 -11.02320151799 3.8410033526470002  35.679969590806003 -10.024882066429999 4.0327834120350001  35.784569095282997 -9.0186756469529996 4.2312929964209998  36.038521347550002 -6.9884207379129997 4.6404041704949996  36.187868520720997 -5.9644144652520001 4.8509925445380002  36.359858643693997 -4.9302455157300002 5.0670337740529998  36.554583396105002 -3.8863633340330002 5.2871103471219998  36.774400226974997 -2.8268970995439999 5.5119285100540001  37.017414214101002 -1.762257781882 5.7361765681900003  37.291235554002 -0.67254135580700003 5.9649530807020001  37.591172986804999 0.41768308123499998 6.1882549120119998  37.927269284060003 1.5310772061160001 6.411260300086  38.298733653428997 2.6507675614420001 6.6274386110099996  38.711736092766003 3.7808865958200002 6.8363724230800003  39.169728916794 4.9153296590939997 7.0356520964070004  39.707822102093999 6.1198114170129996 7.235535405357  39.739892197652999 6.1915979516349999 7.247448354626  39.772414512655999 6.2643967460000001 7.2595292880309996  39.805389047101002 6.338207800108 7.2717782055719997  39.838815800989003 6.4130311139579996 7.2841951072480002  39.872694774320003 6.488866687552 7.2967799930600004  39.907025967092999 6.5657145208880001 7.3095328630080001  39.941809379310001 6.643574613967 7.3224537170910002  39.977045010969 6.7224469667889997 7.33554255531  40.012732862070997 6.802331579354 7.3487993776640002  40.048872932614998 6.8832284516620001 7.3622241841539999  40.085465222602998 6.9651375837130001 7.3758169747790001  40.122509732033002 7.0480589755069998 7.3895777495399999 
 -1.9088749233060001 14 -0.90984430941799999 12 12.177453796257 12 25.264751901933 12 26.081756329802001 14
7 0 0  7 14 3  -35.572921283180001 15.928547829177999 3.0071132588589999  -35.696255437140003 15.97927721906 3.2783945459880002  -35.824871049759999 16.003875626378999 3.5568385331350001  -35.956822083840002 16.003251424236002 3.8403982152260001  -36.090164976479997 15.978803227918 4.1270094585569996  -36.223073400860002 15.932218051301 4.4146564711989997  -36.35391158953 15.86532119994 4.7014323020889996  -36.636642358529997 15.675856736627001 5.3322798792160002  -36.786796451649998 15.544303195761 5.6749921877640004  -36.929160512979998 15.388732180610999 6.0105531802660002  -37.061528838459999 15.212734195755999 6.3358396892059998  -37.182200764800001 15.020052665904 6.6479440935260001  -37.290178833070001 14.814442762712 6.9444958856029997  -37.385119356499999 14.599482279464 7.2237904402230004 
 0 8 0.45044488876700001 6 1 8
7 0 0  13 50 5  -36.321374567559999 21.773255648105 2.2202673565439999  -36.303807403790003 21.678908990212001 2.2316788604409998  -36.286589114569999 21.586436006869999 2.2428637379269998  -36.269719699900001 21.495836698080002 2.2538219890020001  -36.253199159769999 21.407111063841999 2.2645536136660001  -36.237027494190002 21.320259104154999 2.27505861192  -36.221204703170002 21.235280819020002 2.285336983763  -36.205730786689998 21.152176208437002 2.2953887291949999  -36.190605744759999 21.070945272405002 2.3052138482169999  -36.17582957738 20.991588010925 2.3148123408269998  -36.161402284540003 20.914104423996999 2.3241842070269998  -36.147323866260002 20.838494511619999 2.3333294468160002  -36.133594322530001 20.764758273795 2.3422480601940001  -35.944926926329998 19.751496342848998 2.4648050508889998  -35.799313030939999 18.803265174107 2.5860723034789999  -35.682586839599999 17.848857989586001 2.7150118346459999  -35.593879352739997 16.888904913175001 2.8518227910789999  -35.532255173099998 15.923885465983 2.9966416532209998  -35.496742627110002 14.954056772978999 3.1495439075520002  -35.486374148560003 13.979424495337 3.310539988535  -35.500234525700002 12.999746066351999 3.479566302676  -35.537514634879997 12.014555809962999 3.6564721496989998  -35.597568255330003 11.023201517966999 3.8410033526370002  -35.679969590840003 10.024882066444 4.0327834120380004  -35.784569095270001 9.0186756469509994 4.2312929964209998  -36.038521347550002 6.9884207379149998 4.6404041704959997  -36.1878685207 5.9644144652459996 4.8509925445370001  -36.359858643720003 4.930245515747 5.0670337740560001  -36.554583396060004 3.8863633339939998 5.2871103471209997  -36.774400227009998 2.8268970996139999 5.5119285100499997  -37.017414214070001 1.762257781785 5.7361765682010004  -37.291235553999996 0.67254135590999997 5.9649530806869997  -37.591172986819998 -0.41768308131300003 6.188254912024  -37.927269284040001 -1.531077206078 6.4112603000809996  -38.298733653429998 -2.6507675614570001 6.6274386110109997  -38.711736092759999 -3.7808865958150002 6.8363724230790002  -39.16972891679 -4.9153296590949997 7.0356520964070004  -39.707822102089999 -6.1198114170139997 7.235535405357  -39.739892197650001 -6.191597951636 7.247448354626  -39.772414512650002 -6.2643967460000001 7.2595292880309996  -39.8053890471 -6.338207800108 7.2717782055719997  -39.838815800980001 -6.4130311139579996 7.2841951072480002  -39.872694774320003 -6.488866687552 7.2967799930600004  -39.90702596709 -6.5657145208880001 7.3095328630080001  -39.941809379299997 -6.643574613967 7.3224537170910002  -39.977045010959998 -6.7224469667889997 7.3355425553089999  -40.012732862070003 -6.802331579354 7.3487993776640002  -40.048872932610003 -6.8832284516620001 7.3622241841539999  -40.0854652226 -6.9651375837130001 7.3758169747790001  -40.122509732029997 -7.0480589755069998 7.3895777495399999 
 -1.908874923305 14 -0.90984430941799999 12 12.177453796259 12 25.264751901935998 12 26.081756329806002 14
7 1 0  10 11 2  -40 -2.6645352590999998e-15 2.84217094304e-14  1.00731395893 -39.999999999990003 -12.566370614349999 15.000000000002  1.00731395893 -36.94644215073 -25.132889902070001 29.999999999991999  1.00731395893 -30.508761464860001 -37.547535313749997 45.000000000017998  1.0073139589310001 -19.708128583520001 -49.056591009709997 59.999999999974001  1.00731395893 -3.7384349234730001 -57.508330431019999 75.000000000021004  1.0073139589310001 16.42426131309 -59.390436344599998 89.999999999997996  1.00731395893 36.595370203370997 -52.389006769410003 104.99999999999  1.0073139589310001 52.086521153701 -37.7001827769 120  1.00731395893 59.999999999997002 -18.849555921530001 134.99999999999  1.00731395893 60 -3.1086244689499997e-14 150  1.00731395893
 0 11 150 11
7 1 0  10 11 2  20 -34.641016151370003 0  1.00731395893 30.882796185406001 -28.357830844190001 15.000000000001  1.00731395893 40.238942201078999 -19.430112530940001 29.999999999998  1.00731395893 47.771500163648 -7.6475948097000002 44.999999999997002  1.0073139589310001 52.338318329224997 7.4605554904759996 60.000000000009997  1.00731395893 51.672892544248 25.516585601388002 74.999999999986002  1.0073139589310001 43.221495959712001 43.919045707830001 90.000000000008995  1.00731395893 27.072525639662999 57.887023641721001 104.99999999999  1.0073139589310001 6.6060554352630003 63.958341902312 120  1.00731395893 -13.675805721890001 61.386302187833003 134.99999999999  1.00731395893 -30 51.961524227066 150  1.00731395893
 0 11 150 11
7 0 0  7 14 3  22.842779603471001 -31.580987707049999 3.0071132588589999  22.924225382698001 -31.6865876773 3.2783944250150001  23.023310547571 -31.772198343029999 3.556838395112  23.137895607726001 -31.837633309139999 3.8403981230599999  23.265598064208 -31.88313200676 4.127009424443  23.403992741850999 -31.90924227124 4.4146564695160002  23.550750362310001 -31.91672699319 4.7014322998739999  23.890334623537999 -31.89401133926 5.3322798792150001  24.086148653096998 -31.85515967748 5.6749921877630003  24.287225054371 -31.791613256929999 6.0105531802660002  24.489858379318999 -31.705378693770001 6.3358396892059998  24.690704097977999 -31.59884755725 6.6479440935260001  24.887020799748999 -31.47477319195 6.9444958856029997  25.076721946513 -31.336082214360001 7.2237904402230004 
 0 8 0.45044489069600002 6 1 8
7 0 0  13 50 5  20.568605251832999 -37.016879798129999 2.2202673565429998  20.600564970680999 -36.926389613749997 2.2316788604400002  20.631889986474999 -36.837696516400001 2.2428637379260001  20.662580299215001 -36.750800506090002 2.2538219890020001  20.692635908902002 -36.665701582810001 2.2645536136660001  20.722056815534 -36.58239974656 2.27505861192  20.750843019112999 -36.500894997350002 2.285336983763  20.778994519638001 -36.421187335170004 2.2953887291949999  20.806511317110001 -36.343276760030001 2.3052138482159998  20.833393411526998 -36.267163271919998 2.3148123408269998  20.859640802889999 -36.192846870849998 2.3241842070269998  20.8852534912 -36.120327556809997 2.3333294468160002  20.910231476456001 -36.049605329809999 2.3422480601940001  21.253471683956999 -35.077761058829999 2.4648050508889998  21.601481935780001 -34.183761830340003 2.5860723034789999  21.977597681030002 -33.298857867320002 2.7150118346440002  22.380751282169999 -32.423160373290003 2.8518227910829999  22.809892900590999 -31.556616927010001 2.996641653213  23.264052480288999 -30.698964368639999 3.1495439075639999  23.742389253079001 -29.849723817459999 3.3105399885229998  24.244231906484 -29.00822759911 3.4795663026870001  24.769112556123002 -28.17366786401 3.656472149691  25.316797663126 -27.345156673280002 3.8410033526420002  25.887319038686002 -26.52178733489 4.0327834120360002  26.481008076519 -25.702686766389998 4.2312929964219999  27.716064632845001 -24.071410565139999 4.6404041704939996  28.357406215166002 -23.259268705979999 4.850992544545  29.023438505476001 -22.449647185309999 5.0670337740319997  29.714016178992999 -21.642981073750001 5.2871103471680003  30.434116255372999 -20.835364815439998 5.5119285099789996  31.176892201312999 -20.034867114299999 5.736176568286  31.958886649951999 -19.22805567612 5.9649530806059996  32.763752305564999 -18.433862334400001 6.1882549120850001  33.611517299044998 -17.637682886309999 6.4112603000480002  34.493060057447998 -16.853734779010001 6.6274386110260002  35.415790178815001 -16.081524205560001 6.8363724230739997  36.379645130846001 -15.328064105639999 7.0356520964079996  37.447888377872999 -14.55399889754 7.2355354053559999  37.511555162640001 -14.50786498269 7.247448354626  37.576119710804001 -14.461080534900001 7.2595292880309996  37.641582022365 -14.413645554189999 7.2717782055719997  37.707942097322999 -14.36556004054 7.2841951072480002  37.775199935678003 -14.31682399396 7.2967799930600004  37.84335553743 -14.267437414450001 7.309532863007  37.912408902579003 -14.217400302010001 7.3224537170900001  37.982360031124998 -14.16671265664 7.3355425553089999  38.053208923067999 -14.11537447834 7.3487993776630001  38.124955578407999 -14.063385767110001 7.3622241841529998  38.197599997144998 -14.01074652294 7.375816974778  38.271142179279003 -13.957456745849999 7.3895777495389998 
 -1.9088749233040001 14 -0.90984430941799999 12 12.177453796259 12 25.264751901937 12 26.081756329809 14
7 0 0  7 14 3  -38.77132743264 -3.9919335761279999 3.0071132588589999  -38.903502430880003 -4.0096676849539996 3.2783941207340002  -39.027186032199999 -4.0526725628640001 3.556838051613  -39.141146974500003 -4.1191886491230001 3.8403979012709999  -39.244401288619997 -4.2070329186180002 4.1270093573919997  -39.33621079996 -4.3138311374500002 4.4146564913850002  -39.416071567229999 -4.4371846041270002 4.7014323180059998  -39.566191360159998 -4.7426310192610002 5.3322798792160002  -39.630451848850001 -4.9316367741690001 5.6749921877630003  -39.675957234979997 -5.1375472560470001 6.0105531802660002  -39.70259257507 -5.3561501446859996 6.3358396892059998  -39.710756763879999 -5.5833532075469998 6.6479440935270002  -39.701463562459999 -5.8154056411159996 6.9444958856029997  -39.676204225969997 -6.049037142135 7.2237904402230004 
 0 8 0.45044487490099999 6 1 8
7 0 0  13 50 5  -42.341860899929998 0.69550523056699998 2.2202673565429998  -42.279473960890002 0.62258220995500002 2.2316788604400002  -42.218325993340002 0.55110740182899998 2.2428637379260001  -42.158416997289997 0.48108080618900001 2.2538219890020001  -42.09974697274 0.41250242303399998 2.2645536136660001  -42.042315919689997 0.34537225236500002 2.27505861192  -41.986123838129998 0.27969029418199998 2.285336983763  -41.931170728070001 0.215456548484 2.2953887291949999  -41.877456589509997 0.152671015273 2.3052138482169999  -41.824981422450001 0.091333694546789995 2.3148123408269998  -41.773745226880003 0.03144458630666 2.3241842070269998  -41.723748002820003 -0.026996309447700002 2.3333294468160002  -41.674989750249999 -0.083988992716300004 2.3422480601940001  -41.0049680268 -0.86716586750400004 2.4648050508889998  -40.404747109890003 -1.6155512006070001 2.586072303481  -39.826455670580003 -2.3837289722569999 2.7150118346399998  -39.269656195400003 -3.170718979508 2.85182279109  -38.733778366469998 -3.9756382459849999 2.9966416532019999  -38.218109253400002 -4.7977782586069999 3.1495439075760001  -37.721813748279999 -5.6366503309510003 3.3105399885110001  -37.243977972940002 -6.4920069267090001 3.479566302696  -36.783668366020002 -7.3638467707890003 3.6564721496870001  -36.339999181110002 -8.2524115820909998 3.8410033526429999  -35.912201105119998 -9.1581822559319992 4.0327834120370003  -35.499683723460002 -10.081882328880001 4.2312929964209998  -34.704485370759997 -11.96711078241 4.6404041704959997  -34.321820680350001 -12.92859981474 4.8509925445339999  -33.953684021379999 -13.91021145835 5.0670337740629998  -33.600379512659998 -14.911602322409999 5.2871103471070002  -33.261013355460001 -15.939035411420001 5.5119285100709998  -32.939149982540002 -16.982547099920001 5.7361765681770001  -32.631428006370001 -18.063179877740001 5.9649530807079998  -32.346069223870003 -19.157310652500001 6.1882549120089996  -32.080440093180002 -20.289586397680001 6.4112603000909996  -31.84229249589 -21.44499887444 6.6274386110060002  -31.634903583029999 -22.630211887190001 6.8363724230810003  -31.464315471740001 -23.841664811139999 7.0356520964070004  -31.328076960859999 -25.153823204550001 7.235535405357  -31.319957210999998 -25.232027214959999 7.247448354626  -31.311722964800001 -25.311333977739999 7.2595292880309996  -31.30337422225 -25.391743492900002 7.2717782055719997  -31.294910983360001 -25.473255760440001 7.2841951072490003  -31.286333248119998 -25.555870780349998 7.2967799930600004  -31.277641016539999 -25.639588552629998 7.3095328630080001  -31.268834288610002 -25.724409077280001 7.3224537170910002  -31.25991306433 -25.810332354309999 7.33554255531  -31.250877343709998 -25.89735838372 7.3487993776640002  -31.24172712675 -25.985487165489999 7.3622241841539999  -31.23246241343 -26.074718699649999 7.3758169747790001  -31.223083203769999 -26.16505298617 7.3895777495399999 
 -1.908874923305 14 -0.90984430941799999 12 12.177453796258 12 25.264751901934002 12 26.081756329804001 14
7 1 0  10 11 2  -34.641016151370003 -20 0  1.00731395893 -28.357830844190001 -30.8827961854 15.000000000003  1.00731395893 -19.430112530940001 -40.238942201070003 29.999999999987999  1.00731395893 -7.6475948096900002 -47.771500163639999 45.000000000025999  1.0073139589310001 7.4605554904630003 -52.338318329220002 59.999999999964999  1.00731395893 25.516585601403001 -51.672892544249997 75.000000000029999  1.0073139589310001 43.919045707815997 -43.2214959597 89.999999999989996  1.00731395893 57.887023641730998 -27.072525639670001 104.99999999999  1.0073139589310001 63.958341902308 -6.6060554352600001 120  1.00731395893 61.386302187833998 13.675805721890001 134.99999999999  1.00731395893 51.961524227066 30 150  1.00731395893
 0 11 150 11
7 1 0  10 11 2  -1.7763568393999999e-14 -40 2.84217094304e-14  1.00731395893 12.56637061436 -39.999999999990003 15.000000000002  1.00731395893 25.132889902074002 -36.946442150720003 29.999999999995001  1.00731395893 37.547535313769004 -30.508761464860001 45.000000000005997  1.0073139589310001 49.056591009689001 -19.708128583530002 59.999999999997002  1.00731395893 57.508330431055001 -3.738434923462 74.999999999997996  1.0073139589310001 59.390436344573999 16.424261313073 90.000000000005997  1.00731395893 52.389006769425997 36.595370203386999 104.99999999999  1.0073139589310001 37.700182776897996 52.086521153692999 120  1.00731395893 18.849555921539 60 134.99999999999  1.00731395893 3.1974423109200002e-14 60 150  1.00731395893
 0 11 150 11
7 0 0  7 14 3  3.9919335761279999 -38.77132743264 3.0071132588589999  4.0096676849539996 -38.903502430880003 3.2783941207340002  4.0526725628640001 -39.027186032199999 3.556838051613  4.1191886491230001 -39.141146974500003 3.8403979012709999  4.2070329186180002 -39.244401288619997 4.1270093573919997  4.3138311374500002 -39.33621079996 4.4146564913860002  4.4371846041270002 -39.416071567229999 4.7014323180059998  4.7426310192610002 -39.566191360159998 5.3322798792160002  4.9316367741680001 -39.630451848850001 5.6749921877630003  5.1375472560480002 -39.675957234979997 6.0105531802660002  5.3561501446840003 -39.70259257507 6.3358396892059998  5.5833532075459997 -39.710756763879999 6.6479440935270002  5.8154056411159996 -39.701463562459999 6.9444958856029997  6.049037142135 -39.676204225969997 7.2237904402220003 
 0 8 0.45044487490099999 6 1 8
7 0 0  13 50 5  -0.69550523056699998 -42.341860899929998 2.2202673565429998  -0.62258220995500002 -42.279473960890002 2.2316788604400002  -0.55110740182899998 -42.218325993340002 2.2428637379260001  -0.48108080618900001 -42.158416997289997 2.2538219890020001  -0.41250242303399998 -42.09974697274 2.2645536136660001  -0.34537225236500002 -42.042315919689997 2.27505861192  -0.27969029418199998 -41.986123838129998 2.285336983763  -0.215456548484 -41.931170728070001 2.2953887291949999  -0.152671015273 -41.877456589509997 2.3052138482159998  -0.091333694546809993 -41.824981422450001 2.3148123408269998  -0.031444586306679997 -41.773745226880003 2.3241842070269998  0.026996309447670001 -41.723748002820003 2.3333294468160002  0.08398899271627 -41.674989750249999 2.3422480601940001  0.86716586750400004 -41.0049680268 2.4648050508880002  1.615551200609 -40.404747109920002 2.5860723034820001  2.383728972253 -39.826455670519998 2.7150118346349998  3.1707189795150001 -39.26965619552 2.8518227910989999  3.9756382459770001 -38.733778366309998 2.9966416531900002  4.7977782586129996 -38.218109253569999 3.1495439075889999  5.6366503309490001 -37.721813748140001 3.3105399885  6.4920069267080001 -37.243977973029999 3.4795663027020001  7.3638467707909996 -36.783668365970001 3.6564721496839998  8.2524115820899997 -36.339999181129997 3.841003352645  9.1581822559329993 -35.91220110511 4.0327834120360002  10.081882328887 -35.499683723460002 4.2312929964209998  11.967110782411 -34.704485370759997 4.6404041704959997  12.928599814742 -34.321820680350001 4.850992544535  13.910211458355001 -33.953684021390004 5.0670337740629998  14.911602322410999 -33.600379512639996 5.2871103471070002  15.939035411416 -33.261013355499998 5.5119285100709998  16.982547099937999 -32.939149982469999 5.736176568176  18.063179877740001 -32.631428006459998 5.9649530807120001  19.157310652507 -32.346069223790003 6.1882549120019998  20.289586397691998 -32.080440093230003 6.4112603001000004  21.444998874437999 -31.842292495860001 6.6274386110009997  22.630211887196999 -31.63490358304 6.8363724230829996  23.841664811146 -31.464315471740001 7.0356520964060003  25.153823204550999 -31.328076960859999 7.235535405357  25.232027214963001 -31.319957210999998 7.247448354626  25.311333977749001 -31.311722964800001 7.2595292880309996  25.391743492909001 -31.30337422226 7.2717782055719997  25.473255760442001 -31.294910983360001 7.2841951072480002  25.555870780349998 -31.286333248129999 7.2967799930600004  25.639588552631999 -31.277641016539999 7.3095328630080001  25.724409077288001 -31.268834288610002 7.3224537170910002  25.810332354318 -31.259913064340001 7.33554255531  25.897358383720999 -31.250877343709998 7.3487993776640002  25.985487165498999 -31.24172712675 7.3622241841539999  26.074718699651001 -31.23246241343 7.3758169747790001  26.165052986176001 -31.223083203769999 7.3895777495399999 
 -1.9088749233060001 14 -0.90984430941799999 12 12.177453796259 12 25.264751901935998 12 26.081756329805 14
7 0 0  7 14 3  -31.580987707049999 -22.842779603469999 3.0071132588589999  -31.6865876773 -22.92422538269 3.2783944250150001  -31.772198343029999 -23.023310547569999 3.556838395112  -31.837633309139999 -23.137895607720001 3.8403981230599999  -31.88313200676 -23.265598064199999 4.127009424443  -31.90924227124 -23.403992741850001 4.4146564695160002  -31.91672699319 -23.550750362310001 4.701432299875  -31.89401133926 -23.890334623529998 5.3322798792160002  -31.85515967748 -24.08614865309 5.6749921877630003  -31.791613256929999 -24.287225054370001 6.0105531802660002  -31.705378693770001 -24.489858379320001 6.3358396892059998  -31.59884755725 -24.690704097969999 6.6479440935270002  -31.47477319195 -24.887020799750001 6.9444958856029997  -31.336082214360001 -25.076721946509998 7.2237904402230004 
 0 8 0.45044489069600002 6 1 8
7 0 0  13 50 5  -37.016879798129999 -20.56860525183 2.2202673565429998  -36.926389613749997 -20.600564970680001 2.2316788604400002  -36.837696516400001 -20.63188998647 2.2428637379260001  -36.750800506079997 -20.662580299209999 2.2538219890020001  -36.665701582799997 -20.692635908900002 2.2645536136660001  -36.58239974656 -20.722056815529999 2.27505861192  -36.500894997350002 -20.75084301911 2.285336983763  -36.421187335170004 -20.77899451963 2.2953887291949999  -36.343276760030001 -20.8065113171 2.3052138482159998  -36.267163271919998 -20.833393411519999 2.3148123408269998  -36.192846870849998 -20.859640802889999 2.3241842070269998  -36.120327556809997 -20.885253491189999 2.3333294468160002  -36.049605329809999 -20.910231476450001 2.3422480601940001  -35.077761058829999 -21.253471683960001 2.4648050508889998  -34.183761830320002 -21.601481935759999 2.5860723034770001  -33.298857867370003 -21.977597681070002 2.7150118346490002  -32.423160373199998 -22.380751282089999 2.8518227910739999  -31.556616927130001 -22.8098929007 2.9966416532250002  -30.6989643685 -23.264052480149999 3.1495439075479998  -29.849723817600001 -23.74238925321 3.3105399885379998  -29.008227599009999 -24.24423190637 3.4795663026739998  -28.173667864079999 -24.769112556189999 3.656472149701  -27.345156673249999 -25.316797663079999 3.8410033526360001  -26.521787334900001 -25.887319038699999 4.0327834120389996  -25.702686766380001 -26.481008076510001 4.2312929964199997  -24.071410565139999 -27.716064632849999 4.6404041704959997  -23.259268705939999 -28.357406215099999 4.8509925445339999  -22.449647185410001 -29.023438505649999 5.0670337740639999  -21.642981073560001 -29.714016178649999 5.2871103471029999  -20.8353648157 -30.434116255869998 5.5119285100789996  -20.034867114040001 -31.176892200720001 5.7361765681629997  -19.228055676330001 -31.958886650490001 5.9649530807240003  -18.433862334240001 -32.763752305159997 6.1882549119980004  -17.637682886410001 -33.611517299260001 6.4112603000939998  -16.85373477896 -34.493060057340003 6.6274386110070003  -16.081524205579999 -35.415790178839998 6.8363724230810003  -15.328064105639999 -36.379645130829999 7.0356520964070004  -14.55399889754 -37.447888377870001 7.235535405357  -14.50786498269 -37.511555162640001 7.247448354626  -14.461080534900001 -37.5761197108 7.2595292880309996  -14.413645554189999 -37.641582022359998 7.2717782055719997  -14.36556004054 -37.70794209732 7.2841951072480002  -14.316823993970001 -37.77519993568 7.2967799930600004  -14.26743741446 -37.84335553743 7.3095328630080001  -14.21740030202 -37.912408902579998 7.3224537170910002  -14.166712656650001 -37.982360031120002 7.33554255531  -14.115374478350001 -38.053208923070002 7.3487993776640002  -14.063385767110001 -38.124955578410002 7.3622241841539999  -14.010746522950001 -38.197599997140003 7.3758169747790001  -13.957456745849999 -38.271142179279998 7.3895777495399999 
 -1.9088749233040001 14 -0.90984430941799999 12 12.177453796258 12 25.264751901935 12 26.081756329805 14
7 1 0  10 11 2  -20 -34.641016151370003 -1.42108547152e-14  1.00731395893 -9.1172038145929992 -40.924201458550002 15.000000000003  1.00731395893 3.292500050348 -44.563002433009999 29.999999999987999  1.00731395893 17.262738698785999 -45.195130123459997 45.000000000021998  1.0073139589310001 32.630189745689002 -41.596035519220003 59.999999999972999  1.00731395893 47.934457620789999 -31.991744829649999 75.000000000021004  1.0073139589310001 59.645757272784003 -15.47139063675 89.999999999994003  1.00731395893 63.667895843048001 5.4980168723030003 104.99999999999  1.0073139589310001 58.692576588957998 26.258159125412 120  1.00731395893 46.324194278108003 42.536746266294003 134.99999999999  1.00731395893 30 51.961524227066 150  1.00731395893
 0 11 150 11
7 0 0  7 14 3  -15.92854782917 -35.572921283180001 3.0071132588589999  -15.97927721906 -35.696255437140003 3.2783945459880002  -16.00387562637 -35.824871049759999 3.556838533134  -16.003251424230001 -35.956822083840002 3.8403982152260001  -15.978803227909999 -36.090164976479997 4.1270094585569996  -15.9322180513 -36.223073400860002 4.4146564711979996  -15.86532119994 -36.35391158953 4.7014323020889996  -15.67585673662 -36.636642358529997 5.3322798792150001  -15.54430319576 -36.786796451649998 5.6749921877640004  -15.388732180610001 -36.929160512979998 6.0105531802650001  -15.21273419575 -37.061528838459999 6.3358396892059998  -15.0200526659 -37.182200764800001 6.6479440935260001  -14.81444276271 -37.290178833070001 6.9444958856029997  -14.59948227946 -37.385119356499999 7.2237904402230004 
 0 8 0.45044488876700001 6 1 8
7 0 0  13 50 5  -21.773255648100001 -36.321374567559999 2.2202673565429998  -21.678908990210001 -36.303807403790003 2.2316788604400002  -21.586436006869999 -36.286589114569999 2.2428637379260001  -21.495836698070001 -36.269719699900001 2.2538219890010001  -21.407111063839999 -36.253199159769999 2.2645536136660001  -21.320259104150001 -36.237027494190002 2.27505861192  -21.235280819010001 -36.221204703170002 2.2853369837619999  -21.152176208429999 -36.205730786689998 2.2953887291949999  -21.070945272399999 -36.190605744759999 2.3052138482159998  -20.991588010920001 -36.17582957738 2.3148123408269998  -20.91410442399 -36.161402284540003 2.3241842070269998  -20.838494511610001 -36.147323866260002 2.3333294468160002  -20.764758273790001 -36.133594322530001 2.3422480601940001  -19.75149634285 -35.944926926340003 2.4648050508889998  -18.803265174090001 -35.799313030919997 2.5860723034780002  -17.84885798961 -35.682586839629998 2.715011834647  -16.888904913120001 -35.593879352690003 2.8518227910770002  -15.92388546604 -35.532255173140001 2.9966416532209998  -14.95405677291 -35.496742627090001 3.149543907555  -13.979424495390001 -35.486374148560003 3.31053998853  -12.999746066309999 -35.500234525720003 3.4795663026820001  -12.014555809979999 -35.537514634849998 3.6564721496939998  -11.02320151795 -35.597568255349998 3.8410033526410001  -10.02488206644 -35.679969590820001 4.0327834120360002  -9.0186756469499993 -35.784569095279998 4.2312929964219999  -6.9884207379139998 -36.038521347539998 4.6404041704939996  -5.9644144652469997 -36.187868520770003 4.8509925445470001  -4.9302455157390002 -36.359858643540001 5.0670337740270002  -3.8863633340130002 -36.554583396399998 5.2871103471760001  -2.8268970995779998 -36.774400226509997 5.5119285099709998  -1.7622577818330001 -37.017414214650003 5.7361765682919996  -0.67254135585800001 -37.291235553470003 5.9649530806030002  0.41768308127699999 -37.591172987199997 6.1882549120880004  1.531077206093 -37.927269283809999 6.4112603000400004  2.6507675614539998 -38.298733653539998 6.6274386110319998  3.7808865958159998 -38.711736092720002 6.8363724230720004  4.9153296590949997 -39.169728916799997 7.0356520964089997  6.1198114170139997 -39.707822102089999 7.2355354053559999  6.191597951636 -39.739892197650001 7.247448354626  6.2643967460010002 -39.772414512650002 7.2595292880309996  6.3382078001090001 -39.805389047090003 7.2717782055719997  6.4130311139589997 -39.838815800980001 7.2841951072480002  6.4888666875530001 -39.872694774309998 7.2967799930600004  6.5657145208900003 -39.90702596709 7.309532863007  6.6435746139690002 -39.941809379299997 7.3224537170900001  6.7224469667909998 -39.977045010959998 7.3355425553089999  6.8023315793570003 -40.012732862059998 7.3487993776630001  6.8832284516650004 -40.048872932610003 7.3622241841529998  6.9651375837160003 -40.085465222590003 7.375816974778  7.04805897551 -40.122509732019999 7.3895777495389998 
 -1.9088749233040001 14 -0.90984430941799999 12 12.177453796259 12 25.264751901935 12 26.081756329809 14
7 0 0  3 4 2  34.637033051563002 2.1209065829279998e-15 2  34.637033051563002 2.1209065829279998e-15 51.333333333333002  51.955549577344001 3.1813598743920002e-15 100.66666666666001  51.955549577344001 3.1813598743920002e-15 150 
 0 4 148 4
7 0 0  9 18 3  34.657520805973 2.1221610960710001e-15 4.958737553013  34.657520805973 -5.9392857967220003 4.958737553013  33.512661302181002 -11.878138911320001 4.9587133215919996  31.221568012643001 -17.6821798026 4.9587346428550001  27.735628021770001 -23.031958410160001 4.9587490999370001  23.203248121421002 -27.588237854599999 4.9587358354770004  17.886430277851002 -31.11033139793 4.9587365818990001  12.063593549958 -33.487545153489997 4.9587341884559999  5.9982515773699996 -34.66633739793 4.9587347342259998  -6.0997063420500002 -34.648629907969998 4.9587361879109997  -12.132495369320001 -33.452124597149997 4.9587373229959999  -17.890749863749999 -31.077550909479999 4.9587379648879999  -23.127072059780001 -27.598292316359998 4.9587372624450001  -27.602289596590001 -23.12975744349 4.9587376973890001  -31.09453280736 -17.879797692739999 4.9587375048249998  -33.470555872349998 -12.09665370151 4.9587375613970002  -34.657520805970002 -6.0471953040180004 4.958737553013  -34.657520805970002 -9.4106919463019995e-15 4.958737553013 
 108.81544857693 10 163.22317286539999 8 217.63089715387 10
7 0 0  3 4 2  -34.637033051560003 -2.1209065829279998e-15 2  -34.637033051560003 -2.1209065829279998e-15 51.333333333333002  -51.955549577340001 -3.1813598743920002e-15 100.66666666666001  -51.955549577340001 -3.1813598743920002e-15 150 
 0 4 148 4
7 0 0  9 18 3  -34.657520805970002 -2.1221610960710001e-15 4.958737553013  -34.657520805970002 6.0471953040180004 4.958737553013  -33.470555872349998 12.096653701513 4.9587375613970002  -31.09453280736 17.879797692747001 4.9587375048249998  -27.602289596590001 23.129757443490998 4.9587376973890001  -23.127072059780001 27.598292316365999 4.958737262444  -17.890749863749999 31.077550909484 4.9587379648879999  -12.132495369320001 33.452124597149997 4.9587373229959999  -6.0997063420500002 34.648629907969998 4.9587361879109997  5.9982515773699996 34.666337397932999 4.9587347342259998  12.063593549958 33.487545153492 4.9587341884559999  17.886430277853002 31.110331397938001 4.9587365819000002  23.203248121418 27.588237854603001 4.9587358354760003  27.735628021772001 23.031958410163998 4.9587490999380002  31.221568012641999 17.682179802602001 4.958734642854  33.512661302182003 11.878138911328 4.9587133215919996  34.657520805973 5.9392857967210002 4.958737553013  34.657520805973 9.4106919463019995e-15 4.958737553013 
 -3.0825092728899998e-14 10 54.407724288468003 8 108.81544857693 10
7 0 0  5 34 9  -19.744387551110002 27.518591068306002 6.4392935429849999e-15  -19.827537040189998 27.628913191494 2.0441230717639999e-09  -19.91167460106 27.740457076012 0.0039430606537309999  -19.996656522399999 27.853027633591001 0.01199683492916  -20.082317394410001 27.966402214948999 0.024306657641630001  -20.25744777521 28.197995911989 0.058207039692650002  -20.346950279510001 28.316252280886999 0.080087915230869999  -20.436779708429999 28.434836155997001 0.106749906674  -20.52671429402 28.553453842042 0.138277575382  -20.709708757750001 28.794599942575001 0.212508545578  -20.80275886067 28.917107507417001 0.25558799002799998  -20.895410289290002 29.038978863895 0.30398631827200001  -20.987389476770002 29.159857250245 0.35768823363500002  -21.17308143596 29.403679913105002 0.47789442204299998  -21.266717555269999 29.526515000046 0.54482324379000002  -21.359025360739999 29.647497888495 0.61732082841199998  -21.449699914709999 29.766236949195999 0.69523317722400002  -21.627044902080002 29.998281403997002 0.86129791657300003  -21.713722594219998 30.111596657968001 0.94943092018800002  -21.798204403900002 30.221951312637 1.0425271917779999  -21.880225960450002 30.329011066250999 1.1403097874649999  -22.037383142660001 30.533999803120999 1.3426662925549999  -22.112619929040001 30.632063534450001 1.4470763165289999  -22.185049400450001 30.726404482803002 1.5553829756819999  -22.254485716769999 30.816791622196 1.6672416550369999  -22.386225530219999 30.988187239470999 1.895850944777  -22.448609378010001 31.069301516580001 2.0125201961929999  -22.507792370960001 31.146213236337999 2.131942403834  -22.563670694519999 31.218796792216999 2.2537465640719998  -22.668207927800001 31.354531567361999 2.5002449286149999  -22.71692812161 31.417762890771002 2.624902744746  -22.76227563822 31.476594215708001 2.7511722267229999  -22.804223863370002 31.530997778105998 2.8786915378489999  -22.84277946836 31.580987717267 3.0071132524620001 
 0 6 0.116741129347 4 0.23729971268300001 4 0.36239813435099999 4 0.49247611713799999 4 0.62231039565400004 4 0.74968218843800005 4 0.87541485832400001 4 1 6
7 0 0  6 192 39  30.858436732727998 -13.95960517914 2.9420910152570001e-15  30.858677819162999 -13.95970747404 1.0747746962800001e-07  30.859163953980001 -13.95991377144 -1.3064941690339999e-07  30.860100025697001 -13.96031100699 -2.2449580430259998e-08  30.861426951441 -13.96087410194 6.8395895485380001e-07  30.862821676953999 -13.96146596314 1.8004090643400001e-06  30.870312168870999 -13.964644566980001 9.4857635610709993e-06  30.877008632509 -13.96748606894 2.6801020331990001e-05  30.883704431226001 -13.970327136190001 5.4423361158749998e-05  30.890369682073 -13.97315508736 9.2350507518690006e-05  30.897026755427 -13.97597941247 0.00014079899604360001  30.912970017376999 -13.98274312134 0.0002816645613942  30.922259489059002 -13.986683757010001 0.00038362309672459999  30.931545663354001 -13.99062269079 0.00050600080491480001  30.940806307212998 -13.994550497900001 0.00064810472510720002  30.950070466678 -13.99847950307 0.00081002609951700004  30.967716118559 -14.00596258999 0.0011573571969250001  30.976093012374999 -14.00951478591 0.001338339407482  30.984472455178 -14.01306781537 0.0015360504340430001  30.992825992894002 -14.01660961794 0.001749504894115  31.001174296186001 -14.02014896298 0.0019788764319700002  31.018919437042999 -14.02767166742 0.0025015980178660002  31.028318856807001 -14.031656064930001 0.0027988345852039999  31.037714918995 -14.03563872858 0.003116886508021  31.047086049829002 -14.03961051974 0.0034546331085849999  31.056460433304 -14.04358338882 0.0038127442903479998  31.074313234317 -14.05114882486 0.0045345528926970004  31.082787199517998 -14.05473957073 0.0048936490918379998  31.091263495943998 -14.058331051130001 0.005269898743377  31.099714544558999 -14.06191158515 0.0056617712403729996  31.108160381407 -14.06548966677 0.0060698493853909999  31.126109689894001 -14.073093362810001 0.0069730981024549998  31.135615571586001 -14.07711994007 0.0074723033866440003  31.145118022870001 -14.08114474634 0.0079927332523099994  31.154596171725998 -14.085158946869999 0.0085328645269419998  31.164077282611998 -14.08917409375 0.0090939143638969992  31.182130438807999 -14.09681880324 0.01020296295484  31.190698250493 -14.100446636599999 0.01074642414925  31.199268032389998 -14.10407505199 0.01130699870552  31.207813258009999 -14.10769281582 0.011883113446629999  31.216353409486 -14.11130817437 0.01247620571428  31.234499768827 -14.11898965274 0.0137727779966  31.244108264413001 -14.123056677879999 0.01448067216383  31.253713242615 -14.127121889230001 0.015210212988770001  31.263294575377 -14.13117677334 0.015959502821379999  31.272878550289001 -14.13523246023 0.016730270947490002  31.291124568251998 -14.142953078430001 0.018239371387170002  31.299782538079 -14.146616351 0.018972994067020001  31.308442235508998 -14.15028009657 0.019724172057810001  31.317078100461998 -14.15393349891 0.02049084818365  31.325708879318999 -14.157584486939999 0.021274809367470001  31.344044458030002 -14.165340243519999 0.02297753634958  31.353751340675998 -14.169445828580001 0.02390085238626  31.363454603211999 -14.17354955071 0.02484624969397  31.373134903250001 -14.177643235 0.025811487014420001  31.382817494643 -14.18173756585 0.026798766849820001  31.401248149194 -14.189530426799999 0.02872074761655  31.409992311793001 -14.193227373719999 0.02965057032105  31.418737935488998 -14.19692467488 0.030598394200680001  31.427460481029001 -14.200611953859999 0.031561717537629999  31.436177918671 -14.20429680558 0.032542646243680001  31.454694137379999 -14.212123029000001 0.034664359326620001  31.464494784511 -14.21626512355 0.035809824607239998  31.474291691354001 -14.22040529903 0.036977817860480003  31.48406634214 -14.224535735950001 0.038165787981829999  31.493842900899001 -14.228666649919999 0.03937636790238  31.512449202448 -14.236527774260001 0.041724037848379997  31.521275229863999 -14.24025648213 0.042856085249519997  31.530102426624001 -14.243985415199999 0.04400658249791  31.538907327793002 -14.247704658929999 0.045172626540509998  31.547707087919999 -14.25142145797 0.04635660886404  31.566394587127999 -14.259314017539999 0.048910101762200002  31.576283996897001 -14.26349041302 0.050284662006830003  31.586169460065001 -14.26766480435 0.05168171979102  31.59603339453 -14.27182976518 0.053098939527880001  31.605898886367001 -14.27599504096 0.054539826481480001  31.624671048416001 -14.283920123870001 0.05732593488683  31.633574235080999 -14.28767852516 0.058666198686460003  31.642478272727001 -14.291437011859999 0.060025362561210001  31.651360822954 -14.295186152739999 0.061400169112470003  31.660238186061999 -14.298932826350001 0.062793259147659999  31.679086793661 -14.30688726014 0.065791246088820005  31.689059458896001 -14.311095548160001 0.067401300930689995  31.699028036022 -14.31530176755 0.069034340885689993  31.708975829073999 -14.31949887174 0.070687778124600004  31.718924706852 -14.323696085210001 0.072365432309069999  31.737852114856 -14.331680485 0.075602625174780003  31.746827362853001 -14.33546635273 0.077157043175560006  31.755803115494 -14.33925215479 0.078730811627829994  31.764758211488001 -14.343028963929999 0.080320369566340005  31.773708059672 -14.346803277459999 0.081928568026710002  31.792706759843 -14.354814780930001 0.085383638062550005  31.802756771378998 -14.359052387109999 0.08723576714978  31.812802529140999 -14.363287850520001 0.089111380676080001  31.822828261407 -14.367514519929999 0.091007679062939995  31.832854569217002 -14.37174107829 0.092928739784410005  31.851925749107 -14.379779805 0.096629511891740003  31.860967553885001 -14.38359074752 0.098403945155459999  31.870009487640999 -14.387401461530001 0.10019817782400001  31.879031614738 -14.391203543490001 0.10200839990799999  31.888048416962 -14.39500309504 0.103837630768  31.907185319688999 -14.403066510049999 0.10776219787499999  31.917306307514 -14.40733067381 0.10986288172600001  31.927422849525001 -14.41159261011 0.111987559906  31.937520134633999 -14.415846077859999 0.114133264451  31.947617448136 -14.42009919909 0.116304270189  31.966820036944998 -14.428186903969999 0.120480913031  31.975922473674 -14.432020360159999 0.122481121047  31.985024633056 -14.435853412729999 0.12450157425  31.994107851212 -14.43967820051 0.12653827188200001  32.003185649225998 -14.44350041591 0.12859435695999999  32.022447961395997 -14.451610220499999 0.133000605833  32.032633079895 -14.4558979898 0.13535619703900001  32.042813531897998 -14.460183435579999 0.1377363016  32.052975501285999 -14.46446074072 0.14013782933999999  32.063136912582003 -14.46873744821 0.142565188201  32.082457630569003 -14.47686841398 0.14722973350599999  32.091614341338001 -14.480721648739999 0.149461347301  32.100770336487997 -14.48457429205 0.15171364696799999  32.109908267138003 -14.4884190425 0.153982502843  32.119040662278003 -14.492261170680001 0.15627113425399999  32.138414660709003 -14.500411469659999 0.16117096165100001  32.148656574980997 -14.50471969633 0.16378765376099999  32.158893571116003 -14.509025491139999 0.16642938569599999  32.169112859934998 -14.51332347374 0.169092993967  32.179330963552999 -14.51762059148 0.17178295174899999  32.198755588532997 -14.52578872346 0.17694711049699999  32.207959770625997 -14.52965882376 0.179415603639  32.217162765657001 -14.53352813161 0.18190521612400001  32.226348579674998 -14.537389921300001 0.18441175472099999  32.235528720772997 -14.541249030159999 0.18693846515400001  32.254999727711997 -14.54943354683 0.192343416687  32.265290601221999 -14.553758882429999 0.19522721072300001  32.275576271671 -14.55808166464 0.19813657653  32.285845006062999 -14.562396961519999 0.20106832880600001  32.296111886356002 -14.56671110986 0.20402693461400001  32.315625230777002 -14.5749099284 0.20970203148399999  32.324869626294003 -14.578793799830001 0.21241268894900001  32.334112328990997 -14.582676664239999 0.21514488969699999  32.343338736021003 -14.586552385959999 0.21789444557400001  32.352559308715001 -14.59042535883 0.22066457636  32.372111670361001 -14.598637428 0.226585778682  32.382443154246999 -14.602976320370001 0.229742447263  32.392769114548003 -14.60731252375 0.23292522278  32.403078900624003 -14.611641564939999 0.23613095205500001  32.413386120885001 -14.615969157069999 0.23936402146399999  32.432972012267001 -14.624191791359999 0.245560924673  32.44224889937 -14.628086155429999 0.248518809561  32.451523552546 -14.631979284 0.25149864963099999  32.460782792007002 -14.63586564391 0.25449633352099998  32.470036009738998 -14.63974917677 0.257515000484  32.489653078445002 -14.64798173927 0.26396308887300002  32.500016302806998 -14.652330429959999 0.26739813796900003  32.510373645187997 -14.65667628113 0.27085982980500001  32.520715560046 -14.661015287110001 0.27434509952800001  32.531054153692999 -14.66535252648 0.27785817529599999  32.550695419100002 -14.673591710009999 0.28458722187800001  32.559996605206003 -14.67749310226 0.28779714001200002  32.569294980027998 -14.681393016299999 0.29102941047000003  32.578578814114998 -14.685286531959999 0.294280073202  32.587856411148998 -14.68917713143 0.29755213032299999  32.607520531989003 -14.69742273053 0.30453717173700001  32.617906099532 -14.70177725316 0.308255800074  32.628285386626999 -14.70612876999 0.31200160470299998  32.638649971794997 -14.71047375008 0.31577166731299999  32.649010436022998 -14.71481662872 0.319569977698  32.665105502075001 -14.72156274772 0.325516881649  32.670841709862003 -14.72396691963 0.32764543329000001  32.676575118012003 -14.72636980493 0.32978200457000001  32.682294861976999 -14.7287668499 0.33192259430499998  32.688009080771003 -14.73116146526 0.334070284233  32.850486812127997 -14.79924658915 0.39539646740899997  33.006330738217997 -14.86446669805 0.461075096781  33.161344991047997 -14.929256182230001 0.53351052528700005  33.315065085581999 -14.99342231374 0.61285895565299997  33.466501488615997 -15.05655634024 0.69892132820200004  33.762124321445 -15.17965799115 0.88287479709799999  33.906076122628001 -15.239528039230001 0.980605385715  34.045778891833002 -15.297562982580001 1.0838349878289999  34.180822109079998 -15.353600904649999 1.192214260096  34.310848844951998 -15.407502727400001 1.3053549916039999  34.559393527971999 -15.51044041349 1.5394993595419999  34.677986670995999 -15.559508119889999 1.660441522128  34.791053806352998 -15.606246713419999 1.7852670165640001  34.898365171675003 -15.6505695492 1.9135490141110001  34.999750742088999 -15.69241423261 2.0448508514419999  35.189997805936997 -15.77088375534 2.311993520798  35.278665687820002 -15.80742900057 2.4474583062519999  35.361429096582 -15.841519160960001 2.5852069180089998  35.438213189617997 -15.873128917540001 2.7249752186089999  35.508771175992997 -15.90216195563 2.866011293753  35.572921171280001 -15.928547905569999 3.0071132524620001 
 0 7 0.001206708839344 5 0.010324210814450001 5 0.02282674293031 5 0.03392325536548 5 0.046231353206589998 5 0.05716075799953 5 0.069287389683280007 5 0.080061115208610006 5 0.092018899168350002 5 0.10264807386700001 5 0.114449302618 5 0.12494477605900001 5 0.136601440006 5 0.14697380352600001 5 0.15849761344499999 5 0.16875721994500001 5 0.18015962825500001 5 0.190316610085 5 0.201608830795 5 0.211673117745 5 0.22286614598599999 5 0.23284748203299999 5 0.243952112335 5 0.25386007149599998 5 0.264886915073 5 0.27473091636199998 5 0.28569041738299999 5 0.29547973886700002 5 0.30638218971699999 5 0.31612598164400002 5 0.326981537155 5 0.33668883416200002 5 0.34750752478800001 5 0.35345455421400002 5 0.51596767864500004 5 0.67833511210300002 5 0.83954910332999999 5 1 7
7 0 0  5 34 9  -30.85843673594 13.959605173444 4.5519144022709998e-15  -30.98731657898 14.014297500353999 2.305127005942e-09  -31.117702668949999 14.069569178127001 0.0040497639170769999  -31.24936396731 14.125319051647001 0.0123237981116  -31.382035007110002 14.18143239051 0.024973060178389999  -31.653029024289999 14.295917570624001 0.059794679510129997  -31.791398123410001 14.354304752594 0.082255586356550003  -31.930208135179999 14.412807820985 0.10962225080100001  -32.069106370859998 14.471277535523001 0.141980713383  -32.351638321300001 14.590068462910001 0.218180367569  -32.495250216190001 14.650375066642001 0.262413205308  -32.638145329570001 14.710305830216001 0.31210418660299999  -32.779891372850003 14.769681642645001 0.36723361406400001  -33.065272052829997 14.889082200502999 0.49038038777100001  -33.208791211140003 14.94905345676 0.55879017449900004  -33.350140384079999 15.008044963296999 0.632856493548  -33.488848223319998 15.065865548402 0.71241534547499996  -33.758745083299999 15.178246876896001 0.88121094934099997  -33.889995628610002 15.232834524076999 0.97034282205599998  -34.017801917070003 15.285931100168 1.064412321314  -34.141770634670003 15.337380545631 1.1631367095689999  -34.376991387540002 15.434909804064 1.3654897935550001  -34.488542159689999 15.481116945176 1.4688092117380001  -34.595908845659999 15.525550950943 1.575854880554  -34.698832869919997 15.568111702762 1.6862971490409999  -34.894503689499999 15.648965714275 1.9122545106469999  -34.987333920040001 15.687294007307001 2.027715034176  -35.075403680240001 15.723630969894 2.145829216324  -35.158568853349998 15.757923010807 2.2662399647389999  -35.313804826489999 15.821897789925 2.5092079058580001  -35.386016037029997 15.851638915499001 2.6317107355779998  -35.453287528129998 15.879331151981001 2.7557552876529998  -35.515585185150002 15.904964669863 2.8809991364590002  -35.572921171280001 15.928547905577 3.0071132524620001 
 0 6 0.11831015937599999 4 0.240362359448 4 0.36707981305699999 4 0.49835742987100001 4 0.628319711113 4 0.75355086087500001 4 0.877653518593 4 1 6
7 0 0  5 34 9  -33.703992719299997 -3.339845663797 3.9412917382250001e-15  -33.840926249669998 -3.3566717001919999 2.0228616806790001e-09  -33.979407770190001 -3.3737418728969999 0.0039325444902339997  -34.11919740167 -3.3910294263109999 0.011964615979109999  -34.260020794180001 -3.4085025319660001 0.024240998283849999  -34.547073099160002 -3.444238093874 0.05796816238086  -34.693343412159997 -3.4625089866919998 0.079664931851299997  -34.840058789799997 -3.4808982223679998 0.106084276904  -34.986860814529997 -3.4993614464010001 0.13730958437599999  -35.285855559310001 -3.537093231414 0.210913764492  -35.43802440116 -3.5563639759710002 0.25369515117699998  -35.589458085959997 -3.5756090969479999 0.30176250850500003  -35.739715142660003 -3.5947706494220002 0.35510168483499999  -36.042437005670003 -3.6335040888079999 0.47431820644299999  -36.1947816359 -3.6530653614499999 0.54058286334200001  -36.344903247559998 -3.6724075066120001 0.61235201441099996  -36.492318844940002 -3.6914635022560001 0.68947622875500003  -36.781814687599997 -3.7290017062869998 0.85457081049799999  -36.923852088159997 -3.7474791634379998 0.94261126145200003  -37.062229384479998 -3.765536030382 1.0356510522719999  -37.196520375559999 -3.7831098952070001 1.1334127984819999  -37.453862945300003 -3.8168752466679998 1.335902807631  -37.577072937780002 -3.8330858797960001 1.440474897534  -37.695634396300001 -3.848724487033 1.5489837189290001  -37.809249768500003 -3.8637449659179999 1.661081737902  -38.024718981760003 -3.8922892207570001 1.8902261156  -38.126706038960002 -3.9058298559720002 2.0071898383770002  -38.22342188511 -3.9186959331339999 2.126935737997  -38.314703077030003 -3.9308599131689999 2.2490891003820002  -38.485711145819998 -3.9536822056399998 2.496760170161  -38.565500252180001 -3.9643486189670001 2.622255207662  -38.639715935860004 -3.9742842267179999 2.7493896528119999  -38.708319672690003 -3.983479611415 2.8777939220180002  -38.771327373929999 -3.991933454013 3.0071132524620001 
 0 6 0.11658535004999999 4 0.23641766636200001 4 0.36113100318300001 4 0.49040638468699999 4 0.62055854451100001 4 0.74837792649099999 4 0.874544058337 4 1 6
7 0 0  5 34 9  19.744387552285001 -27.518591066030002 1.221245326927e-15  19.827171610766001 -27.6284283315 2.9752091217499998e-07  19.910935478228001 -27.739477225489999 0.0039078953893700004  19.995536307060998 -27.851543724070002 0.01189128819431  20.080812019892001 -27.96440979834 0.024090810708250001  20.254726392975002 -28.194398843990001 0.057604282867459999  20.343392952765999 -28.31155338872 0.079160945235640004  20.432384954297 -28.429035437900001 0.105408674735  20.521487023871 -28.546559726550001 0.13643043385299999  20.706242714504 -28.79003824578 0.21082709524500001  20.801877937735 -28.915952088449998 0.25496354810499999  20.897095620171001 -29.041198562600002 0.30471795849200001  20.991598665285 -29.165390225180001 0.36007367525299999  21.178597766986002 -29.41091657062 0.48182985444699999  21.271093594036 -29.53225091789 0.54823204444700002  21.362282473560001 -29.651763859660001 0.62007058867800002  21.451870186495999 -29.769077578329998 0.697195712616  21.627804967081001 -29.999274912930002 0.86208064058800005  21.714130077149001 -30.112128682470001 0.94990010199800001  21.798275473705001 -30.222043735930001 1.0426430368349999  21.879979930463001 -30.32868974913 1.1400357018239999  22.036879184547001 -30.533342860809999 1.3419756117699999  22.112152619324 -30.631454707220001 1.4463954211029999  22.184617847931001 -30.72584252891 1.5547154467819999  22.254088774633001 -30.81627497669 1.666590845198  22.38589426351 -30.98775646955 1.895238783053  22.448309248208002 -31.068911409559998 2.011929847472  22.507521885069998 -31.14586179854 2.1313765675699998  22.563428194717002 -31.21848182558 2.2532076357599999  22.668045902673999 -31.354321283539999 2.49983040577  22.716815017508999 -31.417616155819999 2.6245878304439998  22.762205889834998 -31.476503757490001 2.750960204738  22.804191810759001 -31.530956219730001 2.8785847764249999  22.842779468362 -31.580987717260001 3.0071132524620001 
 0 6 0.116228211277 4 0.23567592282700001 4 0.36423116171600001 4 0.49280602488199998 4 0.62213325847000001 4 0.74954245444500001 4 0.87531128635 4 1 6
7 0 0  5 34 9  -27.518591068709998 -19.744387550900001 8.3266726848740002e-16  -27.629966604250001 -19.82833099566 2.182637784485e-09  -27.742587346880001 -19.913281469529998 0.0040187205891299999  -27.856252563630001 -19.999091110449999 0.01222866491798  -27.970732893160001 -20.085589504449999 0.02477914873967  -28.204419813489999 -20.262308462530001 0.059321781662029997  -28.32366226605 -20.352560850309999 0.081597107625959994  -28.443227311009998 -20.443137786579999 0.108735794178  -28.562813415570002 -20.533811539009999 0.140823324822  -28.806439320110002 -20.718699114490001 0.21653346511800001  -28.930453871849998 -20.812900686900001 0.26058623159400002  -29.053793393860001 -20.906676144870001 0.31009389712000002  -29.17608704113 -20.999741022559999 0.36503775013500001  -29.422164126150001 -21.187169320470002 0.48778635775599999  -29.545845065390001 -21.28146062231 0.55598017522599996  -29.667604215139999 -21.37437148783 0.62982718206300004  -29.787040758429999 -21.465589666549999 0.70916477596100003  -30.018369875819999 -21.642409777729998 0.87680467190800004  -30.130361116509999 -21.728084383159999 0.96491447920899998  -30.23940512878 -21.811571388250002 1.057880753739  -30.345178198869998 -21.892614664300002 1.155429832379  -30.547622925110002 -22.04783433259 1.3570680932100001  -30.644432248299999 -22.122114120599999 1.4609920515879999  -30.737564672769999 -22.193620284960001 1.568718682054  -30.826797535850002 -22.26217362849 1.679910889296  -30.99603356922 -22.392259673049999 1.907058735568  -31.076139749199999 -22.453870620869999 2.0229359364250001  -31.152107919359999 -22.51232943231 2.141499440269  -31.223817290980001 -22.567536206930001 2.2623874773049999  -31.357691477469999 -22.670642677859998 2.5064842113619998  -31.41996871712 -22.718628391500001 2.6296421484120001  -31.47795467932 -22.76332463424 2.7543628489360001  -31.531623141619999 -22.80470618579 2.8802980662170001  -31.580987717260001 -22.84277946836 3.0071132524620001 
 0 6 0.11785583506 4 0.23939989031100001 4 0.36608007760599998 4 0.49728152838700002 4 0.62606051464000001 4 0.75231971932499997 4 0.87697339264800001 4 1 6
7 0 0  5 34 9  3.3398456668810002 -33.703992717319998 6.6613381482199999e-16  3.3566941763739999 -33.841109222299998 2.0438132670649999e-09  3.3737874975639999 -33.97977784151 0.003943060653033  3.391098722707 -34.119757763949998 0.01199683492872  3.4085959229460001 -34.2607734678 0.02430665764118  3.444466433179 -34.548904683190003 0.058207039692629997  3.4628496911519999 -34.696068954970002 0.080087915230869999  3.4813523210490001 -34.84368031775 0.106749906674  3.4999291138270001 -34.991373539999998 0.138277575382  3.5378339179060001 -35.291709420949999 0.212508545578  3.5571638884380001 -35.444329135719997 0.25558799002799998  3.5764667010769999 -35.596198540730001 0.30398631827299999  3.5956838208850002 -35.746871887819999 0.35768823363500002  3.634586443391 -36.050874487469997 0.47789442204299998  3.6542601579520002 -36.204070852889998 0.54482324379000002  3.6737096182300002 -36.354999010450001 0.61732082841199998  3.6928665551009998 -36.503167330419998 0.69523317722300004  3.7304295919960002 -36.792796216779998 0.86129791657300003  3.7488370483429998 -36.934268951420002 0.94943092018800002  3.7668231143500002 -37.072079790629999 1.0425271917779999  3.7843259891710002 -37.205807035260001 1.1403097874649999  3.8179337329140002 -37.461911079979998 1.3426662925549999  3.834058835554 -37.584455155690002 1.4470763165289999  3.849614123606 -37.70237154929 1.5553829756819999  3.8645541677840001 -37.81536726633 1.6672416550369999  3.8929463842869998 -38.029670131720003 1.895850944777  3.9064152427000001 -38.131109080199998 2.0125201961929999  3.919213358191 -38.227308079830003 2.131942403834  3.9313136279749998 -38.318106444900003 2.2537465640719998  3.9539781400640002 -38.487924824990003 2.5002449286149999  3.9645554038749999 -38.567044854290003 2.624902744746  3.9744118427939998 -38.640668034530002 2.751172226724  3.9835382902130001 -38.708757014189999 2.8786915378489999  3.991933454013 -38.771327373929999 3.0071132524620001 
 0 6 0.11674112934899999 4 0.237299712685 4 0.36239813435200002 4 0.49247611714 4 0.62231039565500001 4 0.74968218843900003 4 0.87541485832400001 4 1 6
7 0 0  5 34 9  -13.9596051682 -30.858436735689999 -8.8817841977659997e-16  -14.01429750946 -30.987316575000001 2.264237817205e-09  -14.069569168079999 -31.1177026708 0.0040497638641139996  -14.125319055389999 -31.249363965490002 0.01232379804514  -14.181432390379999 -31.38203500681 0.024973060140269999  -14.29591757062 -31.653029024289999 0.059794679510140003  -14.35430475259 -31.7913981234 0.082255586356469998  -14.412807820979999 -31.930208135179999 0.10962225080100001  -14.471277535520001 -32.069106370859998 0.141980713383  -14.590068462910001 -32.351638321300001 0.218180367569  -14.650375066640001 -32.495250216190001 0.262413205308  -14.71030583021 -32.638145329570001 0.31210418660299999  -14.76968164264 -32.779891372850003 0.36723361406400001  -14.889082200500001 -33.065272052829997 0.49038038777100001  -14.94905345676 -33.208791211140003 0.55879017449900004  -15.008044963290001 -33.350140384079999 0.63285649354700002  -15.0658655484 -33.488848223319998 0.71241534547499996  -15.17824687689 -33.758745083299999 0.88121094934099997  -15.23283452407 -33.889995628610002 0.97034282205599998  -15.285931100159999 -34.017801917070003 1.064412321314  -15.337380545629999 -34.141770634670003 1.1631367095680001  -15.43490980406 -34.376991387540002 1.365489793554  -15.481116945169999 -34.488542159689999 1.468809211737  -15.52555095094 -34.595908845659999 1.5758548805529999  -15.56811170276 -34.698832869919997 1.6862971490409999  -15.64896571427 -34.894503689499999 1.9122545106469999  -15.6872940073 -34.987333920040001 2.027715034176  -15.723630969889999 -35.075403680240001 2.145829216324  -15.757923010800001 -35.158568853349998 2.2662399647389999  -15.82189778992 -35.313804826489999 2.5092079058580001  -15.85163891549 -35.386016037029997 2.6317107355779998  -15.879331151980001 -35.453287528129998 2.7557552876520002  -15.90496466986 -35.515585185150002 2.8809991364590002  -15.928547905569999 -35.572921171280001 3.0071132524620001 
 0 6 0.118310159608 4 0.24036235964800001 4 0.36707981322299998 4 0.49835743000299998 4 0.62831971120999996 4 0.75355086094000001 4 0.87765351862499996 4 1 6
7 1 0  2 3 2  34.657520805973 9.4106919463019995e-15 4.958737553013  1 34.616822039021002 1.42108547152e-14 2  0.71195300020300001 31.657804584316999 1.5008079882020001e-14 2  1
 0 3 108.81544857693 3
7 0 0  9 18 3  31.657804584316999 1.5008079882020001e-14 2  31.657804584316999 -5.3568534629090001 2  30.640250188621 -10.76832368745 2  28.561801553837999 -16.106830893800002 2  25.360989981208 -21.033207350390001 2  21.191441372029999 -25.218786726939999 2  16.311695758391998 -28.436723531870001 2  10.98361794981 -30.602022096990002 2  5.4434067354140003 -31.671321852249999 2  -5.5969072135789997 -31.64443882318 2  -11.097234274150001 -30.548215554430001 2  -16.346246551410001 -28.380801723169998 2  -21.124654678380001 -25.20844077932 2  -25.213561453779999 -21.1278488616 2  -28.40308960734 -16.332217881359998 2  -30.573595820000001 -11.04965709266 2  -31.65780458431 -5.5237917417569999 2  -31.65780458431 -1.5008079882020001e-14 2 
 108.81544857693 10 163.22317286539999 8 217.63089715387 10
7 1 0  2 3 2  -34.657520805970002 -2.1221610960710001e-15 4.958737553013  1 -34.616822039020001 -3.9079850466809997e-14 2  0.71195300020300001 -31.65780458431 -1.5008079882020001e-14 2  1
 0 3 108.81544857693 3
7 0 0  9 18 3  -31.65780458431 -1.5008079882020001e-14 2  -31.65780458431 5.5237917417569999 2  -30.573595820000001 11.049657092668999 2  -28.40308960734 16.332217881361 2  -25.213561453779999 21.127848861608999 2  -21.124654678380001 25.208440779324 2  -16.346246551410001 28.380801723179001 2  -11.097234274150001 30.548215554433 2  -5.5969072135789997 31.644438823186 2  5.4434067354140003 31.671321852251999 2  10.98361794981 30.602022096990002 2  16.311695758393 28.436723531870999 2  21.191441372027999 25.218786726948 2  25.360989981208999 21.033207350390001 2  28.561801553837 16.106830893809001 2  30.640250188621 10.768323687454 2  31.657804584316999 5.3568534629090001 2  31.657804584316999 1.5008079882020001e-14 2 
 -3.0825092728899998e-14 10 54.407724288468003 8 108.81544857693 10
Polygon3D 0
PolygonOnTriangulations 164
17 1 2 3 4 5 6 7 8 9 10 11 12 13 14 15 16 17 
p 0.600000000800114 1 7.22379044022214 19.518056301967 31.8123221637119 42.7227054227418 53.080580402875 62.9823208092498 72.5074713105706 81.0801067617593 89.652742212948 98.2253776641367 106.798013115325 115.370648566514 123.943284017703 132.515919468892 141.08855492008 145.54427746004 150 
17 28 29 30 31 32 33 34 35 36 37 38 39 40 41 42 43 44 
p 0.600000000800114 1 7.22379044022214 19.518056301967 31.8123221637119 42.7227054227418 53.080580402875 62.9823208092498 72.5074713105706 81.0801067617593 89.652742212948 98.2253776641367 106.798013115325 115.370648566514 123.943284017703 132.515919468892 141.08855492008 145.54427746004 150 
8 18 19 20 21 22 23 24 1 
p 0.600000000800114 1 0 0.15 0.3 0.45 0.6 0.75 0.875 1 
8 1 2 3 4 5 6 7 8 
p 0.600000000800114 1 0 0.15 0.3 0.45 0.6 0.75 0.875 1 
5 18 25 26 27 28 
p 0.600000000800114 1 4.11095006567795 11.1622173444303 18.2134846231826 21.7391182625588 25.264751901935 
5 9 10 11 12 8 
p 0.600000000800114 1 4.11095006567795 11.1622173444303 18.2134846231826 21.7391182625588 25.264751901935 
17 28 29 30 31 32 33 34 35 36 37 38 39 40 41 42 43 44 
p 0.600000000800114 1 7.22379044022234 19.5180563019657 31.8123221637091 42.72270542274 53.0805804028744 62.98232080925 72.5074713105714 81.0801067617607 89.6527422129499 98.2253776641392 106.798013115328 115.370648566518 123.943284017707 132.515919468896 141.088554920085 145.544277460043 150 
17 1 2 3 4 5 6 7 8 9 10 11 12 13 14 15 16 17 
p 0.600000000800114 1 7.22379044022234 19.5180563019657 31.8123221637091 42.72270542274 53.0805804028744 62.98232080925 72.5074713105714 81.0801067617607 89.6527422129499 98.2253776641392 106.798013115328 115.370648566518 123.943284017707 132.515919468896 141.088554920085 145.544277460043 150 
6 17 45 46 47 48 44 
p 0.600000000800114 1 0 0.157415447248189 0.314830894496377 0.472246341744566 0.617791829629783 0.763337317515 
6 1 2 3 4 5 6 
p 0.600000000800114 1 0 0.157415447248189 0.314830894496377 0.472246341744566 0.617791829629783 0.763337317515 
17 1 2 3 4 5 6 7 8 9 10 11 12 13 14 15 16 17 
p 0.600000000800114 1 7.22379044022237 19.5180563019659 31.8123221637094 42.7227054227397 53.080580402873 62.9823208092476 72.5074713105684 81.080106761757 89.6527422129457 98.2253776641344 106.798013115323 115.370648566512 123.9432840177 132.515919468889 141.088554920078 145.544277460039 150 
17 28 29 30 31 32 33 34 35 36 37 38 39 40 41 42 43 44 
p 0.600000000800114 1 7.22379044022237 19.5180563019659 31.8123221637094 42.7227054227397 53.080580402873 62.9823208092476 72.5074713105684 81.080106761757 89.6527422129457 98.2253776641344 106.798013115323 115.370648566512 123.9432840177 132.515919468889 141.088554920078 145.544277460039 150 
8 18 19 20 21 22 23 24 1 
p 0.600000000800114 1 0 0.15 0.3 0.45 0.6 0.75 0.875 1 
8 1 2 3 4 5 6 7 8 
p 0.600000000800114 1 0 0.15 0.3 0.45 0.6 0.75 0.875 1 
5 18 25 26 27 28 
p 0.600000000800114 1 4.11095006567795 11.1622173444316 18.2134846231853 21.7391182625622 25.264751901939 
5 9 10 11 12 8 
p 0.600000000800114 1 4.11095006567795 11.1622173444316 18.2134846231853 21.7391182625622 25.264751901939 
6 17 45 46 47 48 44 
p 0.600000000800114 1 0 0.157415447247351 0.314830894494702 0.472246341742054 0.617791829628527 0.763337317515 
6 56 57 58 59 60 1 
p 0.600000000800114 1 0 0.157415447247351 0.314830894494702 0.472246341742054 0.617791829628527 0.763337317515 
9 23 24 25 26 27 28 29 30 1 
p 0.600000000800114 1 0 0.166666666666667 0.316666666666667 0.451666666666667 0.586666666666667 0.721666666666667 0.856666666666667 0.928333333333333 1 
9 13 14 15 16 17 18 19 20 9 
p 0.600000000800114 1 0 0.166666666666667 0.316666666666667 0.451666666666667 0.586666666666667 0.721666666666667 0.856666666666667 0.928333333333333 1 
9 13 14 15 16 17 18 19 20 9 
p 0.600000000800114 1 0 0.166666666666667 0.333333333333333 0.483333333333333 0.618333333333333 0.739833333333333 0.849183333333333 0.924591666666666 1 
9 23 24 25 26 27 28 29 30 1 
p 0.600000000800114 1 0 0.166666666666667 0.333333333333333 0.483333333333333 0.618333333333333 0.739833333333333 0.849183333333333 0.924591666666666 1 
4 13 21 22 23 
p 0.600000000800114 1 5.73217467041966 10.5998293047091 15.4674839389986 20.3351385732881 
4 34 35 36 1 
p 0.600000000800114 1 5.73217467041966 10.5998293047091 15.4674839389986 20.3351385732881 
6 17 45 46 47 48 44 
p 0.600000000800114 1 0 0.157415447248625 0.314830894497251 0.472246341745876 0.617791829630438 0.763337317515 
6 6 7 8 9 10 11 
p 0.600000000800114 1 0 0.157415447248625 0.314830894497251 0.472246341745876 0.617791829630438 0.763337317515 
6 17 45 46 47 48 44 
p 0.600000000800114 1 0 0.157415447248411 0.314830894496823 0.472246341745234 0.617791829630117 0.763337317515 
6 11 12 13 14 15 16 
p 0.600000000800114 1 0 0.157415447248411 0.314830894496823 0.472246341745234 0.617791829630117 0.763337317515 
6 17 45 46 47 48 44 
p 0.600000000800114 1 0 0.157415447248571 0.314830894497143 0.472246341745714 0.617791829630357 0.763337317515 
6 16 17 18 19 20 21 
p 0.600000000800114 1 0 0.157415447248571 0.314830894497143 0.472246341745714 0.617791829630357 0.763337317515 
6 17 45 46 47 48 44 
p 0.600000000800114 1 0 0.157415447248394 0.314830894496789 0.472246341745183 0.617791829630091 0.763337317515 
6 21 22 23 24 25 26 
p 0.600000000800114 1 0 0.157415447248394 0.314830894496789 0.472246341745183 0.617791829630091 0.763337317515 
6 17 45 46 47 48 44 
p 0.600000000800114 1 0 0.157415447248412 0.314830894496824 0.472246341745236 0.617791829630118 0.763337317515 
6 26 27 28 29 30 31 
p 0.600000000800114 1 0 0.157415447248412 0.314830894496824 0.472246341745236 0.617791829630118 0.763337317515 
6 17 45 46 47 48 44 
p 0.600000000800114 1 0 0.157415447248491 0.314830894496982 0.472246341745473 0.617791829630236 0.763337317515 
6 31 32 33 34 35 36 
p 0.600000000800114 1 0 0.157415447248491 0.314830894496982 0.472246341745473 0.617791829630236 0.763337317515 
6 17 45 46 47 48 44 
p 0.600000000800114 1 0 0.157415447248548 0.314830894497096 0.472246341745644 0.617791829630322 0.763337317515 
6 36 37 38 39 40 41 
p 0.600000000800114 1 0 0.157415447248548 0.314830894497096 0.472246341745644 0.617791829630322 0.763337317515 
6 17 45 46 47 48 44 
p 0.600000000800114 1 0 0.157415447247352 0.314830894494704 0.472246341742056 0.617791829628528 0.763337317515 
6 41 42 43 44 45 46 
p 0.600000000800114 1 0 0.157415447247352 0.314830894494704 0.472246341742056 0.617791829628528 0.763337317515 
6 17 45 46 47 48 44 
p 0.600000000800114 1 0 0.157415447248108 0.314830894496216 0.472246341744325 0.617791829629662 0.763337317515 
6 46 47 48 49 50 51 
p 0.600000000800114 1 0 0.157415447248108 0.314830894496216 0.472246341744325 0.617791829629662 0.763337317515 
6 17 45 46 47 48 44 
p 0.600000000800114 1 0 0.157415447248626 0.314830894497252 0.472246341745878 0.617791829630439 0.763337317515 
6 51 52 53 54 55 56 
p 0.600000000800114 1 0 0.157415447248626 0.314830894497252 0.472246341745878 0.617791829630439 0.763337317515 
20 6 36 37 38 39 40 41 42 43 44 45 46 47 48 49 50 51 52 53 35 
p 0.600000000800114 1 0 0.174138794482493 0.348277588964987 0.52241638344748 0.696555177929974 0.870693972412467 1.04483276689496 1.21897156137745 1.39311035585995 1.56724915034244 1.74138794482493 1.91552673930743 2.08966553378992 2.26380432827241 2.43794312275491 2.6120819172374 2.78622071171989 2.96035950620239 3.05097607989619 3.14159265359 
20 61 62 63 64 65 66 67 68 69 70 71 72 73 74 75 76 77 78 79 80 
p 0.600000000800114 1 0 0.174138794482493 0.348277588964987 0.52241638344748 0.696555177929974 0.870693972412467 1.04483276689496 1.21897156137745 1.39311035585995 1.56724915034244 1.74138794482493 1.91552673930743 2.08966553378992 2.26380432827241 2.43794312275491 2.6120819172374 2.78622071171989 2.96035950620239 3.05097607989619 3.14159265359 
20 6 36 37 38 39 40 41 42 43 44 45 46 47 48 49 50 51 52 53 35 
p 0.600000000800114 1 0 0.174138794482511 0.348277588965023 0.522416383447534 0.696555177930046 0.870693972412557 1.04483276689507 1.21897156137758 1.39311035586009 1.5672491503426 1.74138794482511 1.91552673930763 2.08966553379014 2.26380432827265 2.43794312275516 2.61208191723767 2.78622071172018 2.96035950620269 3.05097607989635 3.14159265359 
20 80 81 82 83 84 85 86 87 88 89 90 91 92 93 94 95 96 97 98 61 
p 0.600000000800114 1 0 0.174138794482511 0.348277588965023 0.522416383447534 0.696555177930046 0.870693972412557 1.04483276689507 1.21897156137758 1.39311035586009 1.5672491503426 1.74138794482511 1.91552673930763 2.08966553379014 2.26380432827265 2.43794312275516 2.61208191723767 2.78622071172018 2.96035950620269 3.05097607989635 3.14159265359 
9 23 24 25 26 27 28 29 30 1 
p 0.600000000800114 1 0 0.166666666666667 0.316666666666667 0.451666666666667 0.586666666666667 0.721666666666667 0.856666666666667 0.928333333333333 1 
9 13 14 15 16 17 18 19 20 9 
p 0.600000000800114 1 0 0.166666666666667 0.316666666666667 0.451666666666667 0.586666666666667 0.721666666666667 0.856666666666667 0.928333333333333 1 
8 1 2 3 4 5 6 7 8 
p 0.600000000800114 1 0 0.15 0.3 0.45 0.6 0.75 0.875 1 
8 18 19 20 21 22 23 24 1 
p 0.600000000800114 1 0 0.15 0.3 0.45 0.6 0.75 0.875 1 
4 13 21 22 23 
p 0.600000000800114 1 5.73217467041886 10.5998293047079 15.467483938997 20.3351385732861 
4 1 2 3 4 
p 0.600000000800114 1 5.73217467041886 10.5998293047079 15.467483938997 20.3351385732861 
5 18 25 26 27 28 
p 0.600000000800114 1 4.11095006567837 11.1622173444309 18.2134846231835 21.7391182625597 25.264751901936 
5 9 10 11 12 8 
p 0.600000000800114 1 4.11095006567837 11.1622173444309 18.2134846231835 21.7391182625597 25.264751901936 
17 28 29 30 31 32 33 34 35 36 37 38 39 40 41 42 43 44 
p 0.600000000800114 1 7.22379044022206 19.518056301969 31.812322163716 42.7227054227479 53.0805804028821 62.9823208092571 72.5074713105778 81.0801067617665 89.6527422129551 98.2253776641438 106.798013115332 115.370648566521 123.94328401771 132.515919468898 141.088554920087 145.544277460044 150 
17 1 2 3 4 5 6 7 8 9 10 11 12 13 14 15 16 17 
p 0.600000000800114 1 7.22379044022206 19.518056301969 31.812322163716 42.7227054227479 53.0805804028821 62.9823208092571 72.5074713105778 81.0801067617665 89.6527422129551 98.2253776641438 106.798013115332 115.370648566521 123.94328401771 132.515919468898 141.088554920087 145.544277460044 150 
17 1 2 3 4 5 6 7 8 9 10 11 12 13 14 15 16 17 
p 0.600000000800114 1 7.22379044022218 19.518056301964 31.8123221637058 42.7227054227367 53.0805804028708 62.982320809246 72.5074713105671 81.080106761756 89.652742212945 98.225377664134 106.798013115323 115.370648566512 123.943284017701 132.51591946889 141.088554920079 145.544277460039 150 
17 28 29 30 31 32 33 34 35 36 37 38 39 40 41 42 43 44 
p 0.600000000800114 1 7.22379044022218 19.518056301964 31.8123221637058 42.7227054227367 53.0805804028708 62.982320809246 72.5074713105671 81.080106761756 89.652742212945 98.225377664134 106.798013115323 115.370648566512 123.943284017701 132.51591946889 141.088554920079 145.544277460039 150 
8 18 19 20 21 22 23 24 1 
p 0.600000000800114 1 0 0.15 0.3 0.45 0.6 0.75 0.875 1 
8 1 2 3 4 5 6 7 8 
p 0.600000000800114 1 0 0.15 0.3 0.45 0.6 0.75 0.875 1 
5 18 25 26 27 28 
p 0.600000000800114 1 4.11095006567829 11.1622173444309 18.2134846231834 21.7391182625597 25.264751901936 
5 9 10 11 12 8 
p 0.600000000800114 1 4.11095006567829 11.1622173444309 18.2134846231834 21.7391182625597 25.264751901936 
9 13 14 15 16 17 18 19 20 9 
p 0.600000000800114 1 0 0.166666666666667 0.316666666666667 0.451666666666667 0.586666666666667 0.721666666666667 0.856666666666667 0.928333333333333 1 
9 22 23 24 25 26 27 28 29 1 
p 0.600000000800114 1 0 0.166666666666667 0.316666666666667 0.451666666666667 0.586666666666667 0.721666666666667 0.856666666666667 0.928333333333333 1 
4 13 21 22 23 
p 0.600000000800114 1 5.73217467042052 10.5998293047088 15.4674839389972 20.3351385732855 
4 31 32 33 34 
p 0.600000000800114 1 5.73217467042052 10.5998293047088 15.4674839389972 20.3351385732855 
4 13 21 22 23 
p 0.600000000800114 1 5.73217467042027 10.5998293047079 15.4674839389955 20.3351385732831 
4 4 5 6 7 
p 0.600000000800114 1 5.73217467042027 10.5998293047079 15.4674839389955 20.3351385732831 
4 13 21 22 23 
p 0.600000000800114 1 5.7321746704184 10.5998293047065 15.4674839389946 20.3351385732827 
4 7 8 9 10 
p 0.600000000800114 1 5.7321746704184 10.5998293047065 15.4674839389946 20.3351385732827 
4 13 21 22 23 
p 0.600000000800114 1 5.73217467042027 10.5998293047086 15.467483938997 20.3351385732853 
4 10 11 12 13 
p 0.600000000800114 1 5.73217467042027 10.5998293047086 15.467483938997 20.3351385732853 
4 13 21 22 23 
p 0.600000000800114 1 5.73217467042133 10.5998293047081 15.4674839389948 20.3351385732816 
4 13 14 15 16 
p 0.600000000800114 1 5.73217467042133 10.5998293047081 15.4674839389948 20.3351385732816 
4 13 21 22 23 
p 0.600000000800114 1 5.73217467041627 10.5998293047055 15.4674839389947 20.3351385732839 
4 16 17 18 19 
p 0.600000000800114 1 5.73217467041627 10.5998293047055 15.4674839389947 20.3351385732839 
4 13 21 22 23 
p 0.600000000800114 1 5.73217467041735 10.5998293047067 15.467483938996 20.3351385732853 
4 19 20 21 22 
p 0.600000000800114 1 5.73217467041735 10.5998293047067 15.467483938996 20.3351385732853 
4 13 21 22 23 
p 0.600000000800114 1 5.73217467042278 10.5998293047101 15.4674839389975 20.3351385732848 
4 22 23 24 25 
p 0.600000000800114 1 5.73217467042278 10.5998293047101 15.4674839389975 20.3351385732848 
4 13 21 22 23 
p 0.600000000800114 1 5.73217467041826 10.5998293047074 15.4674839389966 20.3351385732857 
4 25 26 27 28 
p 0.600000000800114 1 5.73217467041826 10.5998293047074 15.4674839389966 20.3351385732857 
4 13 20 21 22 
p 0.600000000800114 1 5.73217467041908 10.5998293047079 15.4674839389967 20.3351385732856 
4 28 29 30 31 
p 0.600000000800114 1 5.73217467041908 10.5998293047079 15.4674839389967 20.3351385732856 
8 18 19 20 21 22 23 24 1 
p 0.600000000800114 1 0 0.15 0.3 0.45 0.6 0.75 0.875 1 
8 1 2 3 4 5 6 7 8 
p 0.600000000800114 1 0 0.15 0.3 0.45 0.6 0.75 0.875 1 
5 18 25 26 27 28 
p 0.600000000800114 1 4.11095006567851 11.162217344431 18.2134846231835 21.7391182625597 25.264751901936 
5 9 10 11 12 8 
p 0.600000000800114 1 4.11095006567851 11.162217344431 18.2134846231835 21.7391182625597 25.264751901936 
17 28 29 30 31 32 33 34 35 36 37 38 39 40 41 42 43 44 
p 0.600000000800114 1 7.22379044022342 19.5180563019683 31.8123221637132 42.7227054227434 53.0805804028765 62.982320809251 72.5074713105712 81.0801067617594 89.6527422129476 98.2253776641358 106.798013115324 115.370648566512 123.943284017701 132.515919468889 141.088554920077 145.544277460038 150 
17 1 2 3 4 5 6 7 8 9 10 11 12 13 14 15 16 17 
p 0.600000000800114 1 7.22379044022342 19.5180563019683 31.8123221637132 42.7227054227434 53.0805804028765 62.982320809251 72.5074713105712 81.0801067617594 89.6527422129476 98.2253776641358 106.798013115324 115.370648566512 123.943284017701 132.515919468889 141.088554920077 145.544277460038 150 
17 1 2 3 4 5 6 7 8 9 10 11 12 13 14 15 16 17 
p 0.600000000800114 1 7.2237904402239 19.5180563019668 31.8123221637098 42.7227054227402 53.0805804028736 62.9823208092483 72.5074713105693 81.0801067617581 89.652742212947 98.2253776641358 106.798013115325 115.370648566513 123.943284017702 132.515919468891 141.08855492008 145.54427746004 150 
17 28 29 30 31 32 33 34 35 36 37 38 39 40 41 42 43 44 
p 0.600000000800114 1 7.2237904402239 19.5180563019668 31.8123221637098 42.7227054227402 53.0805804028736 62.9823208092483 72.5074713105693 81.0801067617581 89.652742212947 98.2253776641358 106.798013115325 115.370648566513 123.943284017702 132.515919468891 141.08855492008 145.54427746004 150 
8 18 19 20 21 22 23 24 1 
p 0.600000000800114 1 0 0.15 0.3 0.45 0.6 0.75 0.875 1 
8 1 2 3 4 5 6 7 8 
p 0.600000000800114 1 0 0.15 0.3 0.45 0.6 0.75 0.875 1 
5 18 25 26 27 28 
p 0.600000000800114 1 4.1109500656797 11.1622173444308 18.2134846231819 21.7391182625574 25.264751901933 
5 9 10 11 12 8 
p 0.600000000800114 1 4.1109500656797 11.1622173444308 18.2134846231819 21.7391182625574 25.264751901933 
8 18 19 20 21 22 23 24 1 
p 0.600000000800114 1 0 0.15 0.3 0.45 0.6 0.75 0.875 1 
8 1 2 3 4 5 6 7 8 
p 0.600000000800114 1 0 0.15 0.3 0.45 0.6 0.75 0.875 1 
5 18 25 26 27 28 
p 0.600000000800114 1 4.11095006567786 11.1622173444306 18.2134846231833 21.7391182625596 25.264751901936 
5 9 10 11 12 8 
p 0.600000000800114 1 4.11095006567786 11.1622173444306 18.2134846231833 21.7391182625596 25.264751901936 
17 28 29 30 31 32 33 34 35 36 37 38 39 40 41 42 43 44 
p 0.600000000800114 1 7.22379044022431 19.5180563019848 31.8123221637453 42.7227054227748 53.0805804029074 62.9823208092811 72.5074713106006 81.0801067617882 89.6527422129758 98.2253776641634 106.798013115351 115.370648566539 123.943284017726 132.515919468914 141.088554920101 145.544277460051 150 
17 1 2 3 4 5 6 7 8 9 10 11 12 13 14 15 16 17 
p 0.600000000800114 1 7.22379044022431 19.5180563019848 31.8123221637453 42.7227054227748 53.0805804029074 62.9823208092811 72.5074713106006 81.0801067617882 89.6527422129758 98.2253776641634 106.798013115351 115.370648566539 123.943284017726 132.515919468914 141.088554920101 145.544277460051 150 
17 1 2 3 4 5 6 7 8 9 10 11 12 13 14 15 16 17 
p 0.600000000800114 1 7.22379044022261 19.5180563019692 31.8123221637159 42.7227054227449 53.0805804028773 62.9823208092515 72.5074713105721 81.0801067617605 89.652742212949 98.2253776641375 106.798013115326 115.370648566515 123.943284017703 132.515919468891 141.08855492008 145.54427746004 150 
17 28 29 30 31 32 33 34 35 36 37 38 39 40 41 42 43 44 
p 0.600000000800114 1 7.22379044022261 19.5180563019692 31.8123221637159 42.7227054227449 53.0805804028773 62.9823208092515 72.5074713105721 81.0801067617605 89.652742212949 98.2253776641375 106.798013115326 115.370648566515 123.943284017703 132.515919468891 141.08855492008 145.54427746004 150 
8 18 19 20 21 22 23 24 1 
p 0.600000000800114 1 0 0.15 0.3 0.45 0.6 0.75 0.875 1 
8 1 2 3 4 5 6 7 8 
p 0.600000000800114 1 0 0.15 0.3 0.45 0.6 0.75 0.875 1 
5 18 25 26 27 28 
p 0.600000000800114 1 4.11095006568098 11.162217344433 18.213484623185 21.739118262561 25.264751901937 
5 9 10 11 12 8 
p 0.600000000800114 1 4.11095006568098 11.162217344433 18.213484623185 21.739118262561 25.264751901937 
8 18 19 20 21 22 23 24 1 
p 0.600000000800114 1 0 0.15 0.3 0.45 0.6 0.75 0.875 1 
8 1 2 3 4 5 6 7 8 
p 0.600000000800114 1 0 0.15 0.3 0.45 0.6 0.75 0.875 1 
5 18 25 26 27 28 
p 0.600000000800114 1 4.11095006568052 11.1622173444317 18.2134846231828 21.7391182625584 25.264751901934 
5 9 10 11 12 8 
p 0.600000000800114 1 4.11095006568052 11.1622173444317 18.2134846231828 21.7391182625584 25.264751901934 
17 28 29 30 31 32 33 34 35 36 37 38 39 40 41 42 43 44 
p 0.600000000800114 1 7.22379044022233 19.5180563019702 31.8123221637182 42.7227054227501 53.0805804028837 62.9823208092581 72.5074713105783 81.0801067617666 89.6527422129548 98.225377664143 106.798013115331 115.370648566519 123.943284017708 132.515919468896 141.088554920084 145.544277460042 150 
17 1 2 3 4 5 6 7 8 9 10 11 12 13 14 15 16 17 
p 0.600000000800114 1 7.22379044022233 19.5180563019702 31.8123221637182 42.7227054227501 53.0805804028837 62.9823208092581 72.5074713105783 81.0801067617666 89.6527422129548 98.225377664143 106.798013115331 115.370648566519 123.943284017708 132.515919468896 141.088554920084 145.544277460042 150 
17 1 2 3 4 5 6 7 8 9 10 11 12 13 14 15 16 17 
p 0.600000000800114 1 7.2237904402219 19.5180563019789 31.8123221637359 42.7227054227673 53.0805804028999 62.9823208092733 72.5074713105928 81.0801067617803 89.6527422129678 98.2253776641554 106.798013115343 115.37064856653 123.943284017718 132.515919468905 141.088554920093 145.544277460046 150 
17 28 29 30 31 32 33 34 35 36 37 38 39 40 41 42 43 44 
p 0.600000000800114 1 7.2237904402219 19.5180563019789 31.8123221637359 42.7227054227673 53.0805804028999 62.9823208092733 72.5074713105928 81.0801067617803 89.6527422129678 98.2253776641554 106.798013115343 115.37064856653 123.943284017718 132.515919468905 141.088554920093 145.544277460046 150 
8 18 19 20 21 22 23 24 1 
p 0.600000000800114 1 0 0.15 0.3 0.45 0.6 0.75 0.875 1 
8 1 2 3 4 5 6 7 8 
p 0.600000000800114 1 0 0.15 0.3 0.45 0.6 0.75 0.875 1 
5 18 25 26 27 28 
p 0.600000000800114 1 4.1109500656817 11.1622173444331 18.2134846231846 21.7391182625603 25.264751901936 
5 9 10 11 12 8 
p 0.600000000800114 1 4.1109500656817 11.1622173444331 18.2134846231846 21.7391182625603 25.264751901936 
8 18 19 20 21 22 23 24 1 
p 0.600000000800114 1 0 0.15 0.3 0.45 0.6 0.75 0.875 1 
8 1 2 3 4 5 6 7 8 
p 0.600000000800114 1 0 0.15 0.3 0.45 0.6 0.75 0.875 1 
5 18 25 26 27 28 
p 0.600000000800114 1 4.11095006568138 11.1622173444326 18.2134846231838 21.7391182625594 25.264751901935 
5 9 10 11 12 8 
p 0.600000000800114 1 4.11095006568138 11.1622173444326 18.2134846231838 21.7391182625594 25.264751901935 
17 28 29 30 31 32 33 34 35 36 37 38 39 40 41 42 43 44 
p 0.600000000800114 1 7.22379044022494 19.5180563019689 31.8123221637129 42.722705422743 53.0805804028756 62.9823208092496 72.5074713105701 81.0801067617585 89.6527422129468 98.2253776641352 106.798013115324 115.370648566512 123.9432840177 132.515919468889 141.088554920077 145.544277460039 150 
17 1 2 3 4 5 6 7 8 9 10 11 12 13 14 15 16 17 
p 0.600000000800114 1 7.22379044022494 19.5180563019689 31.8123221637129 42.722705422743 53.0805804028756 62.9823208092496 72.5074713105701 81.0801067617585 89.6527422129468 98.2253776641352 106.798013115324 115.370648566512 123.9432840177 132.515919468889 141.088554920077 145.544277460039 150 
8 18 19 20 21 22 23 24 1 
p 0.600000000800114 1 0 0.15 0.3 0.45 0.6 0.75 0.875 1 
8 1 2 3 4 5 6 7 8 
p 0.600000000800114 1 0 0.15 0.3 0.45 0.6 0.75 0.875 1 
5 18 25 26 27 28 
p 0.600000000800114 1 4.11095006568005 11.1622173444317 18.2134846231834 21.7391182625592 25.264751901935 
5 9 10 11 12 8 
p 0.600000000800114 1 4.11095006568005 11.1622173444317 18.2134846231834 21.7391182625592 25.264751901935 
6 1 2 3 4 5 6 
p 0.600000000800114 1 2.95873755301302 25.9158590839388 56.5253544585065 112.445907690584 130.222953845292 148 
6 30 31 32 33 34 35 
p 0.600000000800114 1 2.95873755301302 25.9158590839388 56.5253544585065 112.445907690584 130.222953845292 148 
25 1 7 8 9 10 11 12 13 14 15 16 17 18 19 20 21 22 23 24 25 26 27 28 29 30 
p 0.600000000800114 1 108.81544857693 113.457327854042 118.099207131154 122.741086408265 127.382965685377 132.024844962489 136.666724239601 141.308603516712 145.950482793824 150.592362070936 155.234241348047 159.876120625159 164.517999902271 169.159879179383 173.801758456494 178.443637733606 183.085517010718 187.72739628783 192.369275564941 197.011154842053 201.653034119165 206.294913396277 210.936792673388 214.283844913629 217.63089715387 
25 1 47 48 49 50 51 52 53 54 55 56 57 58 59 60 61 62 63 64 65 66 67 68 69 36 
p 0.600000000800114 1 108.81544857693 113.457327854042 118.099207131154 122.741086408265 127.382965685377 132.024844962489 136.666724239601 141.308603516712 145.950482793824 150.592362070936 155.234241348047 159.876120625159 164.517999902271 169.159879179383 173.801758456494 178.443637733606 183.085517010718 187.72739628783 192.369275564941 197.011154842053 201.653034119165 206.294913396277 210.936792673388 214.283844913629 217.63089715387 
6 30 31 32 33 34 35 
p 0.600000000800114 1 2.95873755301302 25.9158590839395 56.525354458508 112.44590769059 130.222953845295 148 
6 1 2 3 4 5 6 
p 0.600000000800114 1 2.95873755301302 25.9158590839395 56.525354458508 112.44590769059 130.222953845295 148 
25 1 7 8 9 10 11 12 13 14 15 16 17 18 19 20 21 22 23 24 25 26 27 28 29 30 
p 0.600000000800114 1 -3.08250927289e-14 4.55880476882954 9.1176095376591 13.6764143064887 18.2352190753182 22.7940238441478 27.3528286129774 31.9116333818069 36.4704381506365 41.0292429194661 45.5880476882956 50.1468524571252 54.7056572259548 59.2644619947843 63.8232667636139 68.3820715324435 72.9408763012731 77.4996810701026 82.0584858389322 86.6172906077618 91.1760953765913 95.7349001454209 100.29370491425 104.55457674559 108.81544857693 
25 1 47 48 49 50 51 52 53 54 55 56 57 58 59 60 61 62 63 64 65 66 67 68 69 36 
p 0.600000000800114 1 -3.08250927289e-14 4.55880476882954 9.1176095376591 13.6764143064887 18.2352190753182 22.7940238441478 27.3528286129774 31.9116333818069 36.4704381506365 41.0292429194661 45.5880476882956 50.1468524571252 54.7056572259548 59.2644619947843 63.8232667636139 68.3820715324435 72.9408763012731 77.4996810701026 82.0584858389322 86.6172906077618 91.1760953765913 95.7349001454209 100.29370491425 104.55457674559 108.81544857693 
9 23 24 25 26 27 28 29 30 1 
p 0.600000000800114 1 0 0.166666666666667 0.316666666666667 0.451666666666667 0.586666666666667 0.721666666666667 0.856666666666667 0.928333333333333 1 
9 13 14 15 16 17 18 19 20 9 
p 0.600000000800114 1 0 0.166666666666667 0.316666666666667 0.451666666666667 0.586666666666667 0.721666666666667 0.856666666666667 0.928333333333333 1 
8 13 14 15 16 17 18 19 9 
p 0.600000000800114 1 0 0.166666666666667 0.333333333333333 0.483333333333333 0.618333333333333 0.753333333333333 0.876666666666666 1 
8 23 24 25 26 27 28 29 1 
p 0.600000000800114 1 0 0.166666666666667 0.333333333333333 0.483333333333333 0.618333333333333 0.753333333333333 0.876666666666666 1 
9 23 24 25 26 27 28 29 30 1 
p 0.600000000800114 1 0 0.166666666666667 0.316666666666667 0.451666666666667 0.586666666666667 0.721666666666667 0.856666666666667 0.928333333333333 1 
9 13 14 15 16 17 18 19 20 9 
p 0.600000000800114 1 0 0.166666666666667 0.316666666666667 0.451666666666667 0.586666666666667 0.721666666666667 0.856666666666667 0.928333333333333 1 
9 23 24 25 26 27 28 29 30 1 
p 0.600000000800114 1 0 0.166666666666667 0.316666666666667 0.451666666666667 0.586666666666667 0.721666666666667 0.856666666666667 0.928333333333333 1 
9 13 14 15 16 17 18 19 20 9 
p 0.600000000800114 1 0 0.166666666666667 0.316666666666667 0.451666666666667 0.586666666666667 0.721666666666667 0.856666666666667 0.928333333333333 1 
9 13 14 15 16 17 18 19 20 9 
p 0.600000000800114 1 0 0.166666666666667 0.316666666666667 0.451666666666667 0.586666666666667 0.721666666666667 0.856666666666667 0.928333333333333 1 
9 23 24 25 26 27 28 29 30 1 
p 0.600000000800114 1 0 0.166666666666667 0.316666666666667 0.451666666666667 0.586666666666667 0.721666666666667 0.856666666666667 0.928333333333333 1 
9 23 24 25 26 27 28 29 30 1 
p 0.600000000800114 1 0 0.166666666666667 0.316666666666667 0.451666666666667 0.586666666666667 0.721666666666667 0.856666666666667 0.928333333333333 1 
9 13 14 15 16 17 18 19 20 9 
p 0.600000000800114 1 0 0.166666666666667 0.316666666666667 0.451666666666667 0.586666666666667 0.721666666666667 0.856666666666667 0.928333333333333 1 
9 13 14 15 16 17 18 19 20 9 
p 0.600000000800114 1 0 0.166666666666667 0.316666666666667 0.451666666666667 0.586666666666667 0.721666666666667 0.856666666666667 0.928333333333333 1 
9 23 24 25 26 27 28 29 30 1 
p 0.600000000800114 1 0 0.166666666666667 0.316666666666667 0.451666666666667 0.586666666666667 0.721666666666667 0.856666666666667 0.928333333333333 1 
9 23 24 25 26 27 28 29 30 1 
p 0.600000000800114 1 0 0.166666666666667 0.316666666666667 0.451666666666667 0.586666666666667 0.721666666666667 0.856666666666667 0.928333333333333 1 
9 13 14 15 16 17 18 19 20 9 
p 0.600000000800114 1 0 0.166666666666667 0.316666666666667 0.451666666666667 0.586666666666667 0.721666666666667 0.856666666666667 0.928333333333333 1 
12 1 2 3 4 5 6 7 8 9 10 11 12 
p 0.600000000800114 1 0 11.8989693018873 23.7979386037746 35.6969079056619 46.4059802773605 56.0441454118892 65.6823105464179 75.3204756809466 84.9586408154753 94.596805950004 101.706127263467 108.81544857693 
12 36 37 38 39 40 41 42 43 44 45 46 35 
p 0.600000000800114 1 0 11.8989693018873 23.7979386037746 35.6969079056619 46.4059802773605 56.0441454118892 65.6823105464179 75.3204756809466 84.9586408154753 94.596805950004 101.706127263467 108.81544857693 
24 12 13 14 15 16 17 18 19 20 21 22 23 24 25 26 27 28 29 30 31 32 33 34 35 
p 0.600000000800114 1 108.81544857693 113.739143331914 118.662838086899 123.586532841883 128.510227596867 133.433922351852 138.357617106836 143.28131186182 148.205006616805 153.128701371789 158.052396126773 162.976090881758 167.899785636742 172.823480391726 177.747175146711 182.670869901695 187.594564656679 192.518259411664 197.441954166648 202.365648921633 207.289343676617 212.213038431601 214.921967792736 217.63089715387 
24 24 25 26 27 28 29 30 31 32 33 34 35 36 37 38 39 40 41 42 43 44 45 46 1 
p 0.600000000800114 1 108.81544857693 113.739143331914 118.662838086899 123.586532841883 128.510227596867 133.433922351852 138.357617106836 143.28131186182 148.205006616805 153.128701371789 158.052396126773 162.976090881758 167.899785636742 172.823480391726 177.747175146711 182.670869901695 187.594564656679 192.518259411664 197.441954166648 202.365648921633 207.289343676617 212.213038431601 214.921967792736 217.63089715387 
12 36 37 38 39 40 41 42 43 44 45 46 35 
p 0.600000000800114 1 0 11.8989693018873 23.7979386037746 35.6969079056619 46.4059802773605 56.0441454118892 65.6823105464179 75.3204756809466 84.9586408154753 94.596805950004 101.706127263467 108.81544857693 
12 1 2 3 4 5 6 7 8 9 10 11 12 
p 0.600000000800114 1 0 11.8989693018873 23.7979386037746 35.6969079056619 46.4059802773605 56.0441454118892 65.6823105464179 75.3204756809466 84.9586408154753 94.596805950004 101.706127263467 108.81544857693 
24 12 13 14 15 16 17 18 19 20 21 22 23 24 25 26 27 28 29 30 31 32 33 34 35 
p 0.600000000800114 1 -3.08250927289e-14 4.76994620909013 9.53989241818029 14.3098386272704 19.0797848363606 23.8497310454508 28.6196772545409 33.3896234636311 38.1595696727212 42.9295158818114 47.6994620909015 52.4694082999917 57.2393545090819 62.009300718172 66.7792469272622 71.5491931363523 76.3191393454425 81.0890855545326 85.8590317636227 90.6289779727129 95.398924181803 100.168870390893 104.492159483912 108.81544857693 
24 1 2 3 4 5 6 7 8 9 10 11 12 13 14 15 16 17 18 19 20 21 22 23 24 
p 0.600000000800114 1 -3.08250927289e-14 4.76994620909013 9.53989241818029 14.3098386272704 19.0797848363606 23.8497310454508 28.6196772545409 33.3896234636311 38.1595696727212 42.9295158818114 47.6994620909015 52.4694082999917 57.2393545090819 62.009300718172 66.7792469272622 71.5491931363523 76.3191393454425 81.0890855545326 85.8590317636227 90.6289779727129 95.398924181803 100.168870390893 104.492159483912 108.81544857693 
Surfaces 31
9 1 1 0 0 6 10 7 11 2 2 20 34.641016151377997 0  1.00731395893 9.1172038145939993 40.924201458557 15.000000000004  1.00731395893 -3.2925000503509998 44.563002433019001 29.999999999987999  1.00731395893 -17.262738698770001 45.195130123462 45.000000000017998  1.0073139589310001 -32.630189745700001 41.596035519224998 59.999999999983999  1.00731395893 -47.934457620769997 31.991744829653001 75.000000000010004  1.0073139589310001 -59.645757272799997 15.471390636755 89.999999999992994  1.00731395893 -63.667895843030003 -5.4980168723010001 105  1.0073139589310001 -58.692576588960002 -26.25815912541 119.99999999999  1.00731395893 -46.324194278100002 -42.536746266290002 135  1.00731395893 -30 -51.961524227060004 150  1.00731395893 
16.472064256755999 34.216087899632001 0  1.002414195399 5.7227632187469997 39.390939505479999 15  1.002414195399 -6.2841250223929999 41.953832240822997 30.000000000002998  1.002414195399 -19.55468723668 41.559396959051 44.999999999986997  1.002414195399 -33.847276740870001 37.059959482006001 60.000000000025999  1.002414195399 -47.653258717790003 26.879888302683 74.999999999967997  1.002414195399 -57.566246952029999 10.40772787325 90.000000000024002  1.002414195399 -59.883703752179997 -9.7298829436280005 104.99999999998001  1.002414195399 -53.698132277020001 -29.029928824700001 120  1.002414195399 -40.832047942140001 -43.561854440669997 134.99999999999  1.002414195399 -24.708096385129998 -51.324131849440001 150  1.002414195399 
12.899888340754 34.333831967850003 0  0.99951263218899999 2.1135969127749998 38.386451412193999 15.000000000002  0.99951263218899999 -9.6575860107960008 39.818110250754998 29.999999999997002  0.99951263218899999 -22.389778798950001 38.296042567504998 45.000000000001002  0.99951263218899999 -35.751702362739998 32.737003039763998 60.000000000004  0.99951263218899999 -48.156399017219996 21.755145942727001 74.999999999992994  0.99951263218899999 -56.274309974259999 5.0555542308529997 90.000000000005997  0.99951263218899999 -56.769788619890001 -14.516173843880001 104.99999999999  0.99951263218899999 -49.15755118901 -32.550042920819998 120  0.99951263218899999 -35.529269653089997 -45.421818785249997 134.99999999999  0.99951263218899999 -19.34983251113 -51.500747951770002 150  0.99951263218899999 
9.3769030711239996 34.995078679084003 2.84217094304e-14  0.99855113858400002 -1.617125137877 37.940919659251001 15  0.99855113858400002 -13.32710631714 38.215308062147002 30.000000000002998  0.99855113858400002 -25.697531335859999 35.493402676537002 44.999999999989001  0.99855113858400002 -38.298451266779999 28.742160232383998 60.000000000024002  0.99855113858400002 -49.436340155549999 16.751921612949001 74.999999999967997  0.998551138585 -55.809542475279997 -0.44674879856400002 90.000000000029004  0.99855113858400002 -54.412716326590001 -19.73528052719 104.99999999998001  0.99855113858400002 -45.193278066589997 -36.731523655769998 120  0.99855113858400002 -30.556396920179999 -48.073856548370003 134.99999999999  0.99855113858400002 -14.06535460668 -52.49261801862 150  0.99855113858400002 
5.9952849748489996 36.183914863802002 2.84217094304e-14  0.99951263218899999 -5.3722271365749998 38.067389187118003 15.000000000001  0.99951263218899999 -17.197547474939999 37.188643862668997 29.999999999998  0.99951263218899999 -29.39270254817 33.225865043851996 44.999999999998998  0.99951263218899999 -41.4225916356 25.180637244722998 60.000000000005002  0.99951263218899999 -51.461588738750002 12.001251008914 74.999999999991999  0.99951263218899999 -56.186165487239997 -5.9557870596719997 90.000000000007006  0.99951263218899999 -52.875975846819998 -25.251918367910001 104.99999999999  0.99951263218899999 -41.910343540349999 -41.466772690630002 120  0.99951263218899999 -26.044195629400001 -51.450660810720002 134.99999999999  0.99951263218899999 -8.9929274622740003 -54.275872295699997 150  0.99951263218899999 
2.842817850696 37.868033467579998 0  1.002414195399 -9.0537757240690002 38.761131035104 15.000000000002  1.002414195399 -21.167527767069998 36.763433398121997 29.999999999995001  1.002414195399 -33.378011804789999 31.551190096147 45.000000000005997  1.002414195399 -45.041250260479998 22.144175635014999 59.999999999998003  1.0024141953979999 -54.177492297340002 7.6263221777989996 74.999999999997002  1.002414195399 -57.392255359890001 -11.327957112089999 90.000000000005997  1.0024141953979999 -52.197565833619997 -30.921557499879999 104.99999999999  1.002414195399 -39.392606881139997 -46.630984342129999 120  1.002414195399 -22.109117138190001 -55.462403850080001 134.99999999999  1.002414195399 -4.2642267760439996 -56.802050201370001 150  1.002414195399 
3.5527136788010003e-15 40 0  1.00731395893 -12.56637061436 39.999999999998998 15.000000000004  1.00731395893 -25.132889902070001 36.946442150728998 29.999999999987999  1.00731395893 -37.547535313760001 30.508761464867 45.000000000020997  1.0073139589310001 -49.056591009690003 19.708128583526999 59.999999999975003  1.00731395893 -57.508330431040001 3.7384349234699998 75.000000000021004  1.0073139589310001 -59.390436344580003 -16.424261313079999 89.999999999986997  1.00731395893 -52.38900676942 -36.595370203370003 105  1.0073139589310001 -37.700182776890003 -52.086521153690001 119.99999999999  1.00731395893 -18.849555921539999 -59.999999999990003 135  1.00731395893 -3.9079850466809997e-14 -60 150  1.00731395893 

0 7
0.763337317515 7

0 11
150 11

9 1 1 0 0 6 10 7 11 2 2 34.641016151377997 20 5.6843418860809996e-14  1.00731395893 28.357830844197 30.882796185406001 15.000000000004  1.00731395893 19.430112530946001 40.238942201077997 29.999999999987999  1.00731395893 7.6475948096920003 47.771500163649002 45.000000000016001  1.0073139589310001 -7.4605554904650004 52.338318329221998 59.999999999986002  1.00731395893 -25.516585601389998 51.672892544253003 75.000000000010999  1.0073139589310001 -43.919045707819997 43.221495959705003 89.999999999989001  1.00731395893 -57.887023641719999 27.072525639668999 105  1.0073139589310001 -63.958341902299999 6.6060554352600001 119.99999999999  1.00731395893 -61.386302187829997 -13.675805721890001 135  1.00731395893 -51.961524227060004 -30 150  1.00731395893 
31.373270048936 21.395969210825001 2.84217094304e-14  1.002414195399 24.651528080018998 31.252172681308 15.000000000003  1.002414195399 15.534704210457001 39.475147017859001 29.999999999993999  1.002414195399 3.8448425695080002 45.768837150842003 45.000000000004  1.002414195399 -10.782621765529999 49.018504745076001 60.000000000005002  1.002414195399 -27.828988471350002 47.105295479911 74.999999999989996  1.002414195399 -44.649968324390002 37.796480209925001 90.000000000005002  1.002414195399 -56.725750193890001 21.515526071065 105  1.002414195399 -61.018911100030003 1.7084103062589999 119.99999999999  1.002414195399 -57.142518026769999 -17.309648610509999 135  1.002414195399 -47.059905073400003 -32.093953816229998 150  1.002414195399 
28.338546993001 23.284026523047999 0  0.99951263218899999 21.023654325919999 32.186843627709997 15.000000000003  0.99951263218899999 11.545340300796999 39.312288013241002 29.999999999991001  0.99951263218899999 -0.24209594126100001 44.360235127347998 45.000000000010999  0.99951263218899999 -14.593380954780001 46.226927457575002 59.999999999993001  0.99951263218899999 -30.82709193234 42.918708558055002 75.000000000002998  0.99951263218899999 -46.207204902709996 32.515393381258001 89.999999999996007  0.99951263218899999 -56.422166034249997 15.813518995394 105  0.99951263218899999 -58.846709577920002 -3.6103884692029999 119.99999999999  0.99951263218899999 -53.480159490120002 -21.571814127570001 135  0.99951263218899999 -42.507820489499998 -34.926039784570001 150  0.99951263218899999 
25.618175607960001 25.618175607960001 0  0.99855113858400002 17.569988379125 33.666362836794001 15.000000000001  0.99855113858400002 7.5660414014940001 39.758980753837001 30  0.99855113858400002 -4.5080136131420003 43.586954052567002 44.999999999994003  0.99855113858400002 -18.796351606430001 44.040666554273002 60.000000000015  0.99855113858400002 -34.43716563836 39.225759756797999 74.999999999983004  0.99855113858400002 -48.55585595646 27.517875428975 90.000000000008001  0.99855113858400002 -56.990434891349999 10.115103875934 105  0.99855113858400002 -57.504288713839998 -9.2137935723099993 119.99999999999  0.99855113858400002 -50.499544255190003 -26.354982568680001 135  0.99855113858400002 -38.427263411939997 -38.427263411939997 150  0.99855113858400002 
23.284026523047999 28.338546993001 2.84217094304e-14  0.99951263218899999 14.381209418384 35.653439660080998 15.000000000004  0.99951263218899999 3.7008089352479998 40.805084054833998 29.999999999989999  0.99951263218899999 -8.8418945706790009 43.470794464782003 45.000000000012001  0.99951263218899999 -23.282698024649999 42.518367355207999 59.999999999991999  0.99951263218800002 -38.566417662399999 36.124182620298001 75.000000000002998  0.99951263218999997 -51.636540183020003 22.935219850407002 89.999999999996007  0.99951263218899999 -58.417897517199997 4.5691851225209996 105  0.99951263218899999 -57.028808532589998 -14.956106792870001 119.99999999999  0.99951263218899999 -48.280265441559997 -31.535481488879999 135  0.99951263218899999 -34.926039784570001 -42.507820489499998 150  0.99951263218899999 
21.395969210825001 31.373270048936 2.84217094304e-14  1.002414195399 11.539765740341 38.095012017852 15.000000000002  1.002414195399 0.050099917463479998 42.421831136648997 29.999999999996  1.002414195399 -13.1306111027 44.013138045292997 45  1.002414195399 -27.934779126270001 41.698043776032002 60.000000000009997  1.002414195399 -43.105923553940002 33.693334892081999 74.999999999983999  1.002414195399 -55.36712967818 18.885829047908 90.000000000011994  1.002414195399 -60.665196777570003 -0.68007140267800004 104.99999999999  1.002414195399 -57.430490451430003 -20.687313603180002 120  1.002414195399 -46.878259021959998 -36.977292120020003 134.99999999999  1.002414195399 -32.093953816229998 -47.059905073400003 150  1.002414195399 
20 34.641016151377997 0  1.00731395893 9.1172038145939993 40.924201458557 15.000000000005  1.00731395893 -3.2925000503509998 44.563002433020003 29.999999999985  1.00731395893 -17.262738698770001 45.195130123459002 45.000000000024002  1.0073139589310001 -32.630189745700001 41.59603551923 59.999999999972999  1.00731395893 -47.934457620769997 31.991744829647001 75.000000000024002  1.0073139589310001 -59.645757272799997 15.471390636762001 89.999999999981  1.00731395893 -63.667895843030003 -5.4980168723049996 105.00000000001  1.0073139589310001 -58.692576588960002 -26.25815912541 119.99999999999  1.00731395893 -46.324194278100002 -42.536746266290002 135  1.00731395893 -30 -51.961524227060004 150  1.00731395893 

0 7
0.763337317515 7

0 11
150 11

9 1 1 0 0 2 13 3 50 2 5 37.016879798136003 20.568605251832 2.2202673565429998  1 36.926389613753003 20.600564970680001 2.2316788604400002  1 36.837696516404002 20.631889986474 2.2428637379260001  1 36.750800506089 20.662580299215001 2.2538219890020001  1 36.665701582809 20.692635908901 2.2645536136660001  1 36.582399746564001 20.722056815534 2.27505861192  1 36.500894997353001 20.750843019112999 2.285336983763  1 36.421187335177002 20.778994519638001 2.2953887291949999  1 36.343276760035003 20.806511317108999 2.3052138482159998  1 36.267163271927998 20.833393411526 2.3148123408269998  1 36.192846870856002 20.859640802889999 2.3241842070269998  1 36.120327556817998 20.8852534912 2.3333294468160002  1 36.049605329815002 20.910231476456001 2.3422480601940001  1 35.077761058832998 21.253471683958999 2.4648050508889998  1 34.183761830336998 21.601481935772 2.5860723034780002  1 33.298857867340999 21.977597681052998 2.715011834647  1 32.423160373248002 22.380751282119999 2.8518227910770002  1 31.556616927093 22.809892900674999 2.9966416532240001  1 30.698964368536 23.264052480177 3.1495439075489999  1 29.849723817577999 23.742389253197 3.3105399885379998  1 29.008227599026998 24.244231906384002 3.4795663026739998  1 28.173667864074002 24.769112556193001 3.656472149701  1 27.345156673255001 25.316797663086 3.8410033526370002  1 26.521787334906001 25.887319038704 4.0327834120389996  1 25.702686766389 26.481008076513 4.2312929964209998  1 24.071410565147001 27.716064632855002 4.6404041704959997  1 23.259268705947999 28.357406215108998 4.850992544536  1 22.449647185420002 29.023438505639 5.0670337740580003  1 21.64298107354 29.714016178668 5.2871103471160001  1 20.835364815784001 30.434116255863 5.5119285100580004  1 20.034867113903999 31.176892200727998 5.7361765681929997  1 19.228055676507001 31.958886650513001 5.9649530806950004  1 18.433862334101999 32.763752305126999 6.1882549120160002  1 17.637682886503999 33.611517299318997 6.4112603000900004  1 16.853734778922 34.493060057313002 6.6274386110050001  1 16.081524205594 35.415790178864 6.8363724230820004  1 15.328064105643 36.379645130835002 7.0356520964070004  1 14.553998897544 37.447888377872999 7.235535405357  1 14.507864982691 37.511555162641002 7.247448354626  1 14.461080534908 37.576119710805997 7.2595292880319997  1 14.413645554194 37.641582022366997 7.2717782055719997  1 14.365560040548001 37.707942097325997 7.2841951072490003  1 14.316823993971999 37.775199935681002 7.2967799930609996  1 14.267437414464 37.843355537434 7.3095328630080001  1 14.217400302025 37.912408902583003 7.3224537170910002  1 14.166712656653999 37.982360031128998 7.33554255531  1 14.115374478353001 38.053208923073001 7.3487993776640002  1 14.06338576712 38.124955578413001 7.3622241841539999  1 14.010746522956 38.197599997151002 7.3758169747790001  1 13.957456745861 38.271142179285 7.3895777495399999  1 
36.484886572584003 19.178494246646 -2.4974817959210001e-13  0.87458904365599999 36.397108208439001 19.211295713407001 -2.2799919769030002e-13  0.87508596201099997 36.310759069463998 19.243563100018001 -2.0660433713309999e-13  0.87550006063999997 36.225812632562999 19.275306317763999 -1.855570262522e-13  0.87583133954199999 36.142243215398999 19.306534963752 -1.6485090169440001e-13  0.87607979871999997 36.060025950521997 19.337258330579001 -1.4447980201340001e-13  0.87624543817099998 35.979136760717999 19.367485415539001 -1.2443776156040001e-13  0.87632825789699997 35.899552335506002 19.397224929412001 -1.047190046608e-13  0.87632825789699997 35.821250108740998 19.426485304831001 -8.5317940066150002e-14  0.87624543817099998 35.744208237283999 19.455274704251 -6.6229155667810003e-14  0.87607979871999997 35.668405580688002 19.483601027542001 -4.7447413464250002e-14  0.87583133954199999 35.593821681862998 19.511471919213001 -2.8967644770670003e-14  0.87550006063999997 35.520436748689001 19.538894775286 -1.078494566225e-14  0.87508596201099997 34.494710324076998 19.922193456578 2.4336088699779998e-13  0.86807941467399996 33.554239510686998 20.314800909414998 -1.0591527654920001e-12  0.86109408458400005 32.628323291769 20.743019264575 2.9429791936759998e-12  0.85360514956800004 31.718516263499001 21.206037633565 -5.8619775700210002e-12  0.845586424404 30.826373076454001 21.702947876471001 9.0687457543479994e-12  0.83701298514400002 29.953429419820999 22.232762701184001 -1.111422065492e-11  0.82786090927 29.101206188380999 22.794421813911001 1.0997425192729999e-11  0.81810725691499997 28.271228593886999 23.386789477537 -8.754330593774e-12  0.80773033635400004 27.465051738789001 24.008646430262001 5.6288307348500001e-12  0.796710297525 26.684283619794002 24.658678704303 -2.7946533975860002e-12  0.78503009664000001 25.930595537294 25.335465478989999 1.0129674876680001e-12  0.77267687569700005 25.205708340702 26.037467716051001 -1.8918200339609999e-13  0.75964380002499998 23.790967790867001 27.515743251290001 1.4921397450960001e-13  0.73222099499399995 23.099769883433002 28.297656549067 -5.0093262871090001e-13  0.717832363837 22.440030768038 29.107500815801 1.3473666626849999e-12  0.70275925587099997 21.813383472715 29.944303515533001 -2.855493619336e-12  0.68705954084099996 21.224221523640999 30.805625517526 5.1514348342610002e-12  0.670608415352 20.671315595909999 31.690427216477001 -7.7462480874149993e-12  0.65378027435399999 20.162504748237001 32.597043912806001 9.5026209123720001e-12  0.63608665507600004 19.695671177241 33.518589614123002 -9.0976115529879999e-12  0.61828596269199998 19.274771657114002 34.459845004751003 6.6391336872579999e-12  0.59991528165700003 18.902293131520999 35.408890745309002 -3.5793590313919999e-12  0.58147275190799996 18.577050237405999 36.368091594432997 1.369571123178e-12  0.56300634407899997 18.299096237071002 37.333451864589001 -2.8643754035329998e-13  0.54475089227700002 18.051892707305001 38.366943372571001 2.5618793001e-14  0.52578294158700001 18.036015857839001 38.433320212386 4.5660866972830002e-14  0.524854158352 18.01929211265 38.503237695567996 6.6772016189599998e-14  0.52411113176400004 18.001735666727999 38.576636476677002 8.8934321664229999e-14  0.52355386182300001 17.983362559534001 38.653449499040001 1.121275360521e-13  0.52318234852900003 17.964190627855 38.733602191848 1.363291431604e-13  0.52299659188199998 17.944239448834999 38.817012708316 1.615144298621e-13  0.52299659188199998 17.923530273560999 38.903592203373002 1.8765656994009999e-13  0.52318234852900003 17.902085951656002 38.993245148878003 2.1472671926669999e-13  0.52355386182300001 17.87993084747 39.085869684041 2.426941216094e-13  0.52411113176400004 17.857090748482001 39.181357998335997 2.715262242509e-13  0.524854158352 17.833592766658999 39.279596743927002 3.0118880251649998e-13  0.52578294158700001 17.809465233526002 39.380467474310997 3.316460922218e-13  0.52689748146799997 
35.506809673501998 16.676618157749001 -1.233483496002e-13  1 35.424997792810998 16.700148396921001 -1.1338176509729999e-13  1 35.343185912119999 16.723678636092 -1.034151805943e-13  1 35.261374031429 16.747208875264 -9.3448596091420001e-14  1 35.179562150738001 16.770739114434999 -8.3482011588489994e-14  1 35.097750270047001 16.794269353607 -7.3515427085550004e-14  1 35.015938389356997 16.817799592778002 -6.3548842582619998e-14  1 34.934126508665997 16.841329831949999 -5.3582258079689998e-14  1 34.852314627974998 16.864860071121001 -4.3615673576759998e-14  1 34.770502747283999 16.888390310293001 -3.3649089073829997e-14  1 34.688690866592999 16.911920549464 -2.36825045709e-14  1 34.606878985903002 16.935450788636 -1.3715920067960001e-14  1 34.525067105212003 16.958981027806999 -3.7493355650310002e-15  1 33.371519827923997 17.290757330969001 1.367794766338e-13  1 32.305473462934003 17.635815953956001 -5.4312110364649996e-13  1 31.246114665954 18.017325103324001 1.3673506771289999e-12  1 30.194278234279999 18.434979869484 -2.3736568266440001e-12  1 29.150710709091001 18.888507702870999 3.1130653610600001e-12  1 28.116114119070001 19.377662187416 -3.0953017926399999e-12  1 27.091167230269001 19.902230134694001 2.3914203950550001e-12  1 26.076533536633001 20.46204676784 -1.3886669591949999e-12  1 25.072865242734999 21.057013786075998 6.1151084196530004e-13  1 24.080812468322002 21.687115074110999 -2.0072832285190001e-13  1 23.101046927973002 22.352424848354001 1.016964290557e-13  1 22.134309317539 23.053103007305001 -7.3718808835099994e-14  1 20.22866999387 24.525641936787 2.0516921495079999e-13  1 19.289804886342001 25.297413574090999 -1.2319034681229999e-12  1 18.365291641409001 26.10588452659 3.6570746431210002e-12  1 17.458484841012002 26.946554163775001 -7.4655837067630007e-12  1 16.562747725135001 27.835293103070001 1.1611156480810001e-11  1 15.69736199548 28.737501841939 -1.411804007024e-11  1 14.833244076150001 29.712127756594999 1.366640134403e-11  1 14.011392202972001 30.687622808067001 -1.053823694967e-11  1 13.197523386863001 31.728933170205 6.4934724264549998e-12  1 12.418165882695 32.797327730756997 -3.1055158444750001e-12  1 11.666616019435001 33.907819093683997 1.1084466677870001e-12  1 10.949586951822001 35.055141220613002 -2.287059430727e-13  1 10.228317835276 36.311607300669003 2.2770114872110001e-14  1 10.185936704652001 36.385436127997998 3.7546623966919999e-14  1 10.143555574029 36.459264955325999 5.2323133061730002e-14  1 10.101174443405 36.533093782655001 6.7099642156540006e-14  1 10.058793312782001 36.606922609983002 8.1876151251349997e-14  1 10.016412182158 36.680751437311997 9.6652660346160001e-14  1 9.9740310515350004 36.754580264639998 1.1142916944099999e-13  1 9.9316499209109992 36.828409091969 1.2620567853579999e-13  1 9.8892687902879999 36.902237919297001 1.409821876306e-13  1 9.8468876596640005 36.976066746626003 1.557586967254e-13  1 9.8045065290409994 37.049895573953997 1.7053520582020001e-13  1 9.762125398417 37.123724401282999 1.8531171491499999e-13  1 9.7197442677940007 37.197553228612001 2.000882240098e-13  1 

0 3
26.174596211356999 3

-1.9088749233040001 14
-0.90984430941799999 12
12.17745379626 12
25.264751901939 12
26.081756329808002 14

9 1 1 0 0 2 13 3 50 2 5 21.773255648105 36.321374567569002 2.2202673565439999  1 21.678908990212001 36.303807403797002 2.2316788604409998  1 21.586436006869999 36.286589114573999 2.2428637379269998  1 21.495836698080002 36.269719699900001 2.2538219890020001  1 21.407111063841999 36.253199159775001 2.2645536136670001  1 21.320259104154999 36.237027494198998 2.27505861192  1 21.235280819020002 36.221204703170997 2.285336983763  1 21.152176208437002 36.205730786693003 2.2953887291949999  1 21.070945272405002 36.190605744762998 2.3052138482169999  1 20.991588010925 36.175829577381997 2.3148123408269998  1 20.914104423996001 36.161402284548998 2.3241842070269998  1 20.838494511619999 36.147323866265999 2.3333294468160002  1 20.764758273795 36.133594322531003 2.3422480601950002  1 19.751496342850999 35.944926926337999 2.4648050508889998  1 18.803265174101 35.799313030939999 2.5860723034789999  1 17.848857989601999 35.682586839606998 2.7150118346449998  1 16.888904913148998 35.593879352751003 2.8518227910820002  1 15.923885466017 35.532255173075001 2.9966416532150002  1 14.954056772946 35.496742627162 3.14954390756  1 13.979424495362 35.486374148499998 3.3105399885260001  1 12.999746066338 35.500234525768001 3.4795663026839998  1 12.01455580997 35.537514634837997 3.6564721496930002  1 11.023201517964999 35.597568255363001 3.8410033526410001  1 10.024882066444 35.679969590829998 4.0327834120370003  1 9.0186756469509994 35.784569095279998 4.2312929964209998  1 6.9884207379139998 36.038521347550997 4.6404041704949996  1 5.9644144652479998 36.187868520728003 4.8509925445409996  1 4.9302455157420004 36.359858643667003 5.0670337740429998  1 3.8863633340030002 36.554583396166997 5.2871103471470002  1 2.8268970996020002 36.774400226868998 5.5119285100109998  1 1.7622577817989999 37.017414214242002 5.7361765682470001  1 0.67254135589300001 37.291235553851998 5.9649530806440003  1 -0.41768308129800003 37.591172986930999 6.1882549120570003  1 -1.5310772060869999 37.927269283977999 6.4112603000619997  1 -2.6507675614520001 38.298733653470997 6.6274386110199996  1 -3.7808865958169999 38.711736092750002 6.8363724230759999  1 -4.9153296590939997 39.169728916796998 7.0356520964079996  1 -6.1198114170139997 39.707822102093999 7.2355354053559999  1 -6.1915979516349999 39.739892197652999 7.247448354626  1 -6.2643967460000001 39.772414512654997 7.2595292880309996  1 -6.338207800108 39.8053890471 7.2717782055719997  1 -6.4130311139579996 39.838815800988002 7.2841951072480002  1 -6.488866687552 39.872694774319001 7.2967799930600004  1 -6.5657145208880001 39.907025967091997 7.309532863007  1 -6.6435746139680001 39.941809379307998 7.3224537170910002  1 -6.7224469667899998 39.977045010966997 7.3355425553089999  1 -6.8023315793550001 40.012732862069001 7.3487993776630001  1 -6.8832284516630002 40.048872932613001 7.3622241841529998  1 -6.9651375837140002 40.0854652226 7.375816974778  1 -7.0480589755079999 40.122509732029997 7.3895777495389998  1 
22.007591502728001 34.851506510221 -1.5720400676309999e-13  0.87458904365599999 21.915172476096 34.836024231644998 -1.431407553078e-13  0.87508596201099997 21.824258234843001 34.820794038675999 -1.293064845715e-13  0.87550006063999997 21.734820853653002 34.805811253191997 -1.1569694520490001e-13  0.87583133954199999 21.646833292415 34.791071345360997 -1.023080225585e-13  0.87607979871999997 21.560269368989001 34.776569929083998 -8.9135732539259999e-14  0.87624543817099998 21.475103733247 34.762302757640001 -7.6176217659810004e-14  0.87632825789699997 21.391311842331 34.748265719545003 -6.3425743273620006e-14  0.87632825789699997 21.30886993707 34.734454834598999 -5.088069398683e-14  0.87624543817099998 21.227755019522998 34.720866250127997 -3.8537570240530002e-14  0.87607979871999997 21.147944831591001 34.707496237396001 -2.6392985056259998e-14  0.87583133954199999 21.069417834660001 34.694341188197001 -1.4443660938599999e-14  0.87550006063999997 20.99215319024 34.681397611614003 -2.686426928625e-15  0.87508596201099997 19.912198708548001 34.500480794543002 1.616484723854e-13  0.86807941467399996 18.901423366212001 34.370253415718999 -7.1231909259950003e-13  0.86109408458400005 17.885447221286999 34.278143280199998 2.0836665726159998e-12  0.85360514956800004 16.866022037737 34.224225436019999 -4.3423042939140003e-12  0.845586424404 15.844948252543 34.208490736270001 7.0019545717060003e-12  0.83701298514300004 14.824049457398001 34.230852005434997 -8.7245766167140006e-12  0.82786090927099998 13.805172932991001 34.291151449628003 8.6295415258059999e-12  0.81810725691399999 12.790207419704 34.389168097438997 -6.7807981452010003e-12  0.807730336356 11.781109306935001 34.524623588486001 4.251266005895e-12  0.79671029752400002 10.779928144369 34.697183991578001 -2.0579093984449999e-12  0.78503009664099999 9.7888217310649992 34.906454490157003 7.407408020299e-13  0.77267687569700005 8.810049885403 35.151962662667998 -1.354472090043e-13  0.75964380002499998 6.8457108618640001 35.724816555060002 1.127986593019e-13  0.73222099499399995 5.8561592660899997 36.056374380775999 -3.7214675785439998e-13  0.717832363837 4.8798862989360003 36.427850531178997 1.1750600492629999e-12  0.70275925586900001 3.9187924720759999 36.839219279439 -2.9327651418500001e-12  0.68705954084499998 2.977902256283 37.290565039477997 5.8402171987379998e-12  0.670608415347 2.0566708274419998 37.780372824185001 -9.0292218146709997e-12  0.65378027436099995 1.1627193595080001 38.311120490916998 1.096811530488e-11  0.63608665506899997 0.29765677700900001 38.875785693445003 -1.0362377622640001e-11  0.61828596269799996 -0.537480595171 39.480487013167 7.6108008784099999e-12  0.59991528165399999 -1.3345793309759999 40.116145471014001 -4.2024161928110004e-12  0.58147275190900005 -2.0958483642450001 40.784216326646003 1.6853185513809999e-12  0.56300634407899997 -2.8192437246950002 41.481265844233 -3.987921104454e-13  0.54475089227700002 -3.5500740153689998 42.252693979859004 3.714113099813e-14  0.52578294158700001 -3.5970121902460002 42.302239584627998 6.5139301001269997e-14  0.524854158352 -3.6464541200179998 42.354428028637997 9.463093672534e-14  0.52411113176400004 -3.6983578387409999 42.409215014723998 1.2559100588839999e-13  0.52355386182300001 -3.7526759274989998 42.466550489836003 1.579912235636e-13  0.52318234852900003 -3.8093556537770001 42.526378792149004 1.9180013531179999e-13  0.52299659188199998 -3.868339139877 42.588638828843003 2.269832176435e-13  0.52299659188199998 -3.929563559285 42.653264283372003 2.6350299514640002e-13  0.52318234852900003 -3.9929613595740001 42.720183850752001 3.01319173448e-13  0.52355386182300001 -4.0584605102040001 42.789321499122998 3.4038878702370001e-13  0.52411113176400004 -4.1259847732989998 42.860596755574001 3.8066636071350001e-13  0.524854158352 -4.1954539952919996 42.933925013979 4.221040836845e-13  0.52578294158700001 -4.266784417107 43.009217862424002 4.6465199445440001e-13  0.52689748146799997 
22.411490105717 32.195779810574997 2.1655284534729998e-14  1 22.328873819121998 32.175251655109001 2.0604386168780001e-14  1 22.246257532525998 32.154723499642998 1.955348780282e-14  1 22.163641245931 32.134195344177002 1.850258943687e-14  1 22.081024959335 32.113667188710998 1.7451691070909999e-14  1 21.998408672739998 32.093139033245002 1.6400792704949999e-14  1 21.915792386145 32.072610877780001 1.5349894339000001e-14  1 21.833176099549 32.052082722313997 1.4298995973040001e-14  1 21.750559812953998 32.031554566848001 1.324809760708e-14  1 21.667943526359 32.011026411381998 1.2197199241129999e-14  1 21.585327239763 31.990498255917 1.1146300875170001e-14  1 21.502710953167998 31.969970100451 1.009540250921e-14  1 21.420094666573 31.949441944985001 9.0445041432580005e-15  1 20.255205268394999 31.659995013252001 -5.7731597280510002e-15  1 19.159452723204002 31.425801364062 7.3718808835099994e-14  1 18.051266518620999 31.226518580689 -1.345590305846e-13  1 16.931522065073001 31.062300002396 2.0694557178989999e-13  1 15.801002161015999 30.933282864753998 -2.2826185386329998e-13  1 14.660437989106001 30.839604779870999 3.3262281817690001e-13  1 13.510523972239 30.781420503654001 -4.813927034786e-13  1 12.351917101444 30.758919082771001 6.0706994986390004e-13  1 11.185231352832 30.772341487893001 -5.4312110364729998e-13  1 10.011037804281999 30.821998823167 4.010125564944e-13  1 8.8298810694629992 30.908291218831 -2.3403501359100001e-13  1 7.6423226605589996 31.031727499159 1.36335387424e-13  1 5.2557211310690004 31.354163958308 -2.3225865675160001e-13  1 4.0567542785780004 31.553105248407 1.448619002531e-12  1 2.8518668460529999 31.791005008902001 -4.2992276405530003e-12  1 1.6462143020719999 32.065642870975999 9.1282537084899994e-12  1 0.426113734789 32.387444811325999 -1.4899192990419999e-11  1 -0.774436660311 32.736087634505999 1.939870486475e-11  1 -2.0100976880129999 33.148079475437001 -2.0289547819539999e-11  1 -3.2095898137150001 33.581957035305997 1.710231956059e-11  1 -4.4350760651209997 34.076823853611998 -1.143574124282e-11  1 -5.6442167425259999 34.612401932532997 5.9197091673079998e-12  1 -6.8503236978209996 35.198340731734 -2.2035706592750002e-12  1 -8.0449501490799999 35.833436306221998 5.0404125317990003e-13  1 -9.2978205670040008 36.560933292260998 -2.3445112265660001e-14  1 -9.3714381164299994 36.603680366947003 -5.4439741098759998e-14  1 -9.4450556658549996 36.646427441633001 -8.543436993187e-14  1 -9.5186732152809999 36.689174516319 -1.16428998765e-13  1 -9.5922907647070002 36.731921591004003 -1.474236275981e-13  1 -9.6659083141320004 36.774668665690001 -1.784182564312e-13  1 -9.7395258635580007 36.817415740375999 -2.094128852643e-13  1 -9.8131434129839992 36.860162815061997 -2.4040751409739998e-13  1 -9.8867609624089994 36.902909889748003 -2.714021429305e-13  1 -9.9603785118349997 36.945656964434001 -3.0239677176360002e-13  1 -10.03399606126 36.988404039119999 -3.333914005967e-13  1 -10.10761361068 37.031151113805997 -3.6438602942980002e-13  1 -10.18123116011 37.073898188492002 -3.953806582629e-13  1 

0 3
26.174596211352998 3

-1.908874923305 14
-0.90984430941799999 12
12.177453796258 12
25.264751901935 12
26.081756329806002 14

9 1 1 0 0 6 10 7 11 2 2 9.7699626167010005e-15 40 0  1.00731395893 -12.56637061436 39.999999999998998 15.000000000004  1.00731395893 -25.132889902070001 36.946442150727997 29.999999999987999  1.00731395893 -37.547535313760001 30.508761464869 45.000000000020997  1.0073139589310001 -49.0565910097 19.708128583522999 59.999999999975998  1.00731395893 -57.508330431029997 3.738434923477 75.000000000019  1.0073139589310001 -59.39043634459 -16.42426131309 89.999999999991005  1.00731395893 -52.389006769410003 -36.595370203359998 105  1.0073139589310001 -37.7001827769 -52.086521153699998 120  1.00731395893 -18.849555921530001 -59.999999999990003 134.99999999999  1.00731395893 -3.2418512319050002e-14 -60 150  1.00731395893 
-2.842817850696 37.868033467579998 0  1.002414195399 -14.73941142546 36.974935900056003 14.999999999999  1.002414195399 -26.41912803036 33.191021995462002 30.000000000004  1.002414195399 -37.714554389539998 26.214149914166999 44.999999999989001  1.002414195399 -47.842581247529999 15.171228004185 60.000000000017998  1.002414195399 -54.708876774049997 -0.54796323786500001 74.999999999978996  1.002414195399 -55.057696197619997 -19.769766742120002 90.000000000019  1.002414195399 -46.995867250270003 -38.368177681109998 104.99999999998001  1.002414195399 -31.988982275320001 -51.989721970760002 120  1.002414195399 -13.5806635861 -58.141696552649996 134.99999999999  1.002414195399 4.2642267760439996 -56.802050201370001 150  1.002414195399 
-5.9952849748489996 36.183914863802002 0  0.99951263218899999 -17.36279708627 34.300440540484999 15.000000000003  0.99951263218899999 -28.272769949960001 29.654702002444999 29.999999999991999  0.99951263218899999 -38.538138508759999 21.970456328394 45.000000000013998  0.99951263218899999 -47.330383994560002 10.475225094827 59.999999999982997  0.99951263218899999 -52.582237875060002 -5.2376904591709996 75.000000000013998  0.99951263218899999 -51.26275913357 -23.758916592999999 89.999999999994003  0.99951263218899999 -41.905992190360003 -40.956269624500003 105  0.99951263218899999 -26.296666657100001 -52.767939658209997 120  0.99951263218899999 -8.0583407048619993 -57.101083780670002 134.99999999999  0.99951263218899999 8.9929274622740003 -54.275872295699997 150  0.99951263218899999 
-9.3769030711239996 34.995078679084003 0  0.99855113858400002 -20.370931280120001 32.049237698916997 15.000000000001  0.99855113858400002 -30.649266660649999 26.431874436697001 29.999999999998  0.99855113858400002 -40.001416289680002 17.889422716696998 45.000000000002998  0.99855113858400002 -47.538511838810003 5.7422152875009997 59.999999999998998  0.99855113858400002 -51.189087251319997 -10.21058039875 74.999999999997002  0.99855113858400002 -48.109107157890001 -28.291667046299999 90.000000000008001  0.99855113858400002 -37.255154364150002 -44.297612450659997 104.99999999999  0.99855113858400002 -20.77276505807 -54.4070716389 120  0.99855113858400002 -2.4256877068159999 -56.911379488869997 134.99999999999  0.99855113858400002 14.065354606686 -52.49261801862 150  0.99855113858400002 
-12.89988834075 34.333831967850003 0  0.99951263218899999 -23.68617976873 30.281212523505999 15.000000000003  0.99951263218899999 -33.487834927409999 23.607536579893001 29.999999999989999  0.99951263218899999 -42.067759614529997 14.078091916601 45.000000000020002  0.99951263218899999 -48.463335269369999 1.0957757196060001 59.999999999971998  0.99951263218899999 -50.567668671329997 -15.33740611845 75.000000000027001  0.99951263218899999 -45.680753123339997 -33.250945636829996 89.999999999983999  0.99951263218899999 -33.1659791493 -48.306790724309998 105  0.99951263218899999 -15.562035841949999 -56.866450333220001 119.99999999999  0.99951263218899999 3.1703953691620002 -57.57967711829 135  0.99951263218899999 19.349832511131002 -51.500747951770002 150  0.99951263218899999 
-16.472064256749999 34.216087899632001 0  1.002414195399 -27.221365294760002 29.041236293781999 15  1.002414195399 -36.71333348065 21.254303369576 30.000000000000998  1.002414195399 -44.681801198850003 10.635126240489001 44.999999999998003  1.002414195399 -50.078954761280002 -3.3432064844410001 60.000000000004  1.002414195399 -50.732245731740001 -20.48415740527 74.999999999992994  1.002414195399 -44.0391725661 -38.506426311970003 90.000000000010999  1.002414195399 -29.74363927768 -52.877637236299996 104.99999999998001  1.002414195399 -10.79950610929 -60.079920484330003 120  1.002414195399 8.5841448281219996 -59.086409258220002 134.99999999999  1.002414195399 24.708096385133 -51.324131849440001 150  1.002414195399 
-20 34.641016151377997 2.84217094304e-14  1.00731395893 -30.8827961854 28.357830844197 15.000000000004  1.00731395893 -40.238942201070003 19.430112530946001 29.999999999985999  1.00731395893 -47.771500163639999 7.6475948096939996 45.000000000028002  1.0073139589310001 -52.338318329220002 -7.4605554904689999 59.999999999962  1.00731395893 -51.67289254424 -25.516585601389998 75.000000000032998  1.0073139589310001 -43.221495959709998 -43.919045707819997 89.999999999983004  1.00731395893 -27.07252563966 -57.887023641719999 105  1.0073139589310001 -6.6060554352610001 -63.958341902310003 120  1.00731395893 13.675805721890001 -61.386302187829997 134.99999999999  1.00731395893 30 -51.961524227060004 150  1.00731395893 

0 7
0.763337317515 7

0 11
150 11

1 7.18647669037e-15 -7.8939536702509995e-15 150 -1.7851149061959999e-17 -2.8561327501290001e-17 1 0 1 2.8561327501290001e-17 -1 5.0985251463298536e-34 -1.7851149061959999e-17 
9 1 1 0 0 6 10 7 11 2 2 40 -2.3980817331899999e-14 -2.84217094304e-14  1.00731395893 39.999999999998998 12.56637061436 15.000000000002  1.00731395893 36.946442150728998 25.132889902075 29.999999999996  1.00731395893 30.508761464868002 37.547535313765003 44.999999999997002  1.0073139589310001 19.708128583524999 49.056591009698003 60.000000000013998  1.00731395893 3.7384349234749998 57.508330431042999 74.999999999983004  1.0073139589310001 -16.42426131309 59.390436344584003 90.000000000008001  1.00731395893 -36.595370203359998 52.389006769421997 105  1.0073139589310001 -52.086521153699998 37.700182776897996 120  1.00731395893 -59.999999999990003 18.849555921539 134.99999999999  1.00731395893 -60 4.6185277824410002e-14 150  1.00731395893 
37.868033467579998 2.842817850696 2.84217094304e-14  1.002414195399 36.974935900056003 14.739411425461 15.000000000001  1.002414195399 33.191021995463998 26.419128030364 30.000000000002998  1.002414195399 26.214149914162999 37.714554389546997 44.999999999982997  1.002414195399 15.171228004190001 47.842581247535001 60.000000000036998  1.0024141953979999 -0.54796323786800005 54.708876774049003 74.999999999954994  1.002414195399 -19.769766742120002 55.057696197628999 90.000000000032998  1.002414195399 -38.368177681109998 46.995867250274003 104.99999999998001  1.002414195399 -51.989721970760002 31.988982275325998 120  1.002414195399 -58.141696552649996 13.580663586103 134.99999999999  1.002414195399 -56.802050201370001 -4.2642267760439996 150  1.002414195399 
36.183914863802002 5.9952849748489996 0  0.99951263218899999 34.300440540484999 17.362797086274 15.000000000002  0.99951263218899999 29.654702002446001 28.272769949960001 29.999999999996  0.99951263218899999 21.970456328390998 38.538138508762003 44.999999999998003  0.99951263218899999 10.475225094833 47.330383994559 60.000000000015  0.99951263218899999 -5.2376904591780002 52.582237875063001 74.999999999978002  0.99951263218899999 -23.758916592990001 51.262759133575997 90.000000000015007  0.99951263218899999 -40.956269624500003 41.905992190364003 104.99999999999  0.99951263218899999 -52.767939658209997 26.296666657103 120  0.99951263218899999 -57.101083780670002 8.0583407048619993 134.99999999999  0.99951263218899999 -54.275872295699997 -8.9929274622740003 150  0.99951263218899999 
34.995078679084003 9.3769030711239996 2.84217094304e-14  0.99855113858400002 32.049237698916997 20.370931280126001 15  0.99855113858400002 26.431874436699001 30.649266660652 30.000000000004  0.99855113858400002 17.889422716692 40.001416289680002 44.999999999982002  0.99855113858400002 5.7422152875089996 47.538511838816 60.000000000036003  0.99855113858400002 -10.210580398759999 51.189087251318 74.999999999958007  0.998551138585 -28.291667046290002 48.109107157895998 90.000000000029004  0.99855113858400002 -44.297612450670002 37.255154364155999 104.99999999998001  0.99855113858400002 -54.4070716389 20.772765058076999 120  0.99855113858400002 -56.911379488869997 2.4256877068159999 134.99999999999  0.99855113858400002 -52.49261801862 -14.06535460668 150  0.99855113858400002 
34.333831967850998 12.899888340754 2.84217094304e-14  0.99951263218899999 30.281212523505999 23.686179768732998 15.000000000001  0.99951263218899999 23.607536579891999 33.487834927420003 30.000000000002  0.99951263218899999 14.078091916604 42.067759614534999 44.999999999986002  0.99951263218899999 1.0957757196010001 48.463335269372003 60.000000000032003  0.99951263218899999 -15.33740611845 50.567668671337003 74.999999999959996  0.99951263218899999 -33.250945636840001 45.680753123342001 90.000000000029004  0.99951263218899999 -48.306790724309998 33.1659791493 104.99999999998001  0.99951263218899999 -56.866450333220001 15.562035841954 120  0.99951263218899999 -57.57967711829 -3.1703953691620002 134.99999999999  0.99951263218899999 -51.500747951770002 -19.34983251113 150  0.99951263218899999 
34.216087899632001 16.472064256755999 -2.84217094304e-14  1.002414195399 29.041236293783001 27.221365294763 14.999999999999  1.002414195399 21.254303369573002 36.713333480659003 30.000000000006999  1.002414195399 10.635126240496 44.681801198850003 44.999999999975998  1.002414195399 -3.34320648445 50.078954761292003 60.000000000044999  1.002414195399 -20.48415740526 50.732245731738999 74.999999999948997  1.002414195399 -38.50642631198 44.039172566106998 90.000000000037005  1.002414195399 -52.877637236299996 29.743639277686 104.99999999998001  1.002414195399 -60.079920484330003 10.799506109297999 120  1.002414195399 -59.086409258220002 -8.5841448281229997 134.99999999999  1.002414195399 -51.324131849440001 -24.708096385129998 150  1.002414195399 
34.641016151377997 20 0  1.00731395893 28.357830844197 30.882796185406001 15.000000000002  1.00731395893 19.430112530944001 40.238942201076 29.999999999996  1.00731395893 7.6475948096959998 47.771500163653002 44.999999999998998  1.0073139589310001 -7.4605554904720002 52.338318329217003 60.000000000009003  1.00731395893 -25.516585601389998 51.672892544257003 74.999999999988006  1.0073139589310001 -43.919045707830001 43.221495959702999 90.000000000005002  1.00731395893 -57.887023641719999 27.072525639670999 105  1.0073139589310001 -63.958341902310003 6.606055435259 120  1.00731395893 -61.386302187829997 -13.675805721890001 134.99999999999  1.00731395893 -51.961524227060004 -30 150  1.00731395893 

0 7
0.763337317515 7

0 11
150 11

9 1 1 0 0 2 13 3 50 2 5 42.341860899937998 -0.69550523056699998 2.2202673565429998  1 42.279473960893 -0.62258220995500002 2.2316788604400002  1 42.218325993345999 -0.55110740182899998 2.2428637379260001  1 42.158416997297003 -0.48108080618799998 2.2538219890020001  1 42.099746972745997 -0.41250242303399998 2.2645536136660001  1 42.042315919692001 -0.34537225236500002 2.27505861192  1 41.986123838136002 -0.279690294181 2.285336983763  1 41.931170728078001 -0.215456548484 2.2953887291949999  1 41.877456589517003 -0.152671015272 2.3052138482169999  1 41.824981422454002 -0.091333694546579997 2.3148123408269998  1 41.773745226888998 -0.031444586306510001 2.3241842070269998  1 41.723748002820997 0.026996309447789999 2.3333294468160002  1 41.674989750251001 0.083988992716309996 2.3422480601940001  1 41.004968026797997 0.86716586750299995 2.4648050508880002  1 40.404747109923001 1.6155512006129999 2.5860723034830002  1 39.826455670519003 2.3837289722419999 2.7150118346349998  1 39.269656195533997 3.170718979538 2.8518227911  1 38.733778366293002 3.9756382459399999 2.996641653188  1 38.218109253597 4.7977782586610003 3.1495439075929998  1 37.721813748107003 5.6366503308990001 3.3105399884960001  1 37.243977973066997 6.4920069267500002 3.479566302706  1 36.783668365952998 7.3638467707639998 3.656472149681  1 36.339999181148997 8.2524115821030009 3.8410033526460001  1 35.912201105116999 9.1581822559290007 4.0327834120360002  1 35.499683723467001 10.081882328887 4.2312929964209998  1 34.704485370771003 11.967110782412 4.6404041704969998  1 34.321820680335001 12.928599814736 4.8509925445319997  1 33.953684021447998 13.910211458374 5.0670337740680003  1 33.600379512535 14.911602322372 5.2871103470990004  1 33.261013355670997 15.939035411480001 5.511928510083  1 32.939149982278003 16.982547099853999 5.7361765681629997  1 32.631428006649003 18.063179877827999 5.9649530807250004  1 32.346069223642999 19.157310652437001 6.1882549119909998  1 32.080440093339 20.289586397731998 6.411260300106  1 31.842292495812 21.444998874420001 6.6274386109970003  1 31.634903583063998 22.630211887203998 6.8363724230849998  1 31.464315471738001 23.841664811144 7.0356520964060003  1 31.328076960859999 25.153823204550999 7.235535405357  1 31.319957211005999 25.232027214963001 7.247448354626  1 31.311722964807 25.311333977749001 7.2595292880309996  1 31.303374222260999 25.391743492909001 7.2717782055719997  1 31.294910983369 25.473255760442001 7.2841951072490003  1 31.286333248131999 25.555870780349998 7.2967799930609996  1 31.277641016547999 25.639588552631999 7.3095328630080001  1 31.268834288619001 25.724409077288001 7.3224537170910002  1 31.259913064344001 25.810332354318 7.33554255531  1 31.250877343721999 25.897358383722 7.3487993776640002  1 31.241727126754999 25.985487165498999 7.3622241841539999  1 31.232462413442001 26.074718699651001 7.3758169747800002  1 31.223083203782998 26.165052986176999 7.389577749541  1 
41.186085749374001 -1.6333800623629999 3.0515254780399999e-13  0.87458904365599999 41.126468189503001 -1.5610839767939999 2.797651084036e-13  0.87508596201099997 41.067821334861002 -1.4899650307879999 2.5479103245240003e-13  0.87550006063999997 41.010127171416997 -1.4200013793720001 2.3022264888639999e-13  0.87583133954299996 40.953368256167003 -1.3511718700369999 2.0605252980679999e-13  0.87607979871999997 40.897527699567 -1.283456021438 1.8227348299859999e-13  0.87624543817099998 40.842589148785997 -1.216834003078 1.5887854480050001e-13  0.87632825789699997 40.788536771742997 -1.151286615961 1.358609733069e-13  0.87632825789699997 40.735355241900997 -1.0867952741410001 1.132142418909e-13  0.87624543817099998 40.683029723773998 -1.0233419871560001 9.0932033034849998e-14  0.87607979871999997 40.631545859132999 -0.96090934329199995 6.9008232455099994e-14  0.87583133954299996 40.580889753873997 -0.89948049366600002 4.7436923510110003e-14  0.87550006063999997 40.531047965526 -0.83903913707599997 2.6212381881630001e-14  0.87508596201099997 39.834392165125998 0.0057704704644479998 -2.704503287987e-13  0.86807941467399996 39.216224275625002 0.81601390503899995 1.2723155862200001e-12  0.86109408458500003 38.628466485864998 1.649819988413 -3.5127456499140001e-12  0.853605149565 38.072059671300003 2.50570917255 7.1649353117209999e-12  0.845586424409 37.547896129011001 3.3821176597779998 -1.1477041539370001e-11  0.83701298513599998 37.056812158589999 4.2774225856510002 1.492495016464e-11  0.82786090928 36.599594746888002 5.1899452612200001 -1.577671326913e-11  0.81810725690599995 36.176996897254 6.1179395035650002 1.344035993611e-11  0.807730336361 35.789755737185999 7.0595718496929996 -9.0309981715109994e-12  0.79671029752099998 35.438606848677999 8.0129003717839993 4.6043169277250001e-12  0.78503009664199996 35.124287210052998 8.9758589528649999 -1.6004975123000001e-12  0.77267687569599997 34.847517601454001 9.9462543219660002 2.5934809855240002e-13  0.75964380002499998 34.361454113153002 11.933848764195 -8.5709217501060002e-14  0.73222099499399995 34.153815815160002 12.956604497341001 -1.4122036873229999e-13  0.71783236383600002 33.987387114726999 13.987819763142999 1.022737450285e-12  0.70275925587300003 33.863095987625996 15.025835806729001 -2.8448354782999999e-12  0.68705954083800003 33.783527773789999 16.066343515814999 5.5870863491239997e-12  0.670608415357 33.747098043931999 17.109057228323 -8.4758866591979994e-12  0.65378027434800001 33.759763272313002 18.148615742615 1.025490803386e-11  0.63608665508100004 33.816246391123997 19.180114516271001 -9.7775121332689999e-12  0.61828596268799996 33.922364409590003 20.205715356003999 7.3607786532649995e-12  0.59991528165999997 34.074311414325997 21.213852339523001 -4.2450487569569998e-12  0.58147275190600001 34.272243230191002 22.207166089228998 1.7834622667580001e-12  0.56300634408000005 34.514208139894002 23.182169607165001 -4.276579090856e-13  0.54475089227700002 34.816869357202997 24.200801272553999 3.3807214177660002e-14  0.52578294158700001 34.836308022140003 24.266223726789001 6.3445190232970005e-14  0.524854158352 34.856783575550999 24.335135915988001 9.4664101802000006e-14  0.52411113176400004 34.878278637937001 24.407479347995999 1.2743745050389999e-13  0.52355386182300001 34.900773571541997 24.483187930301 1.617352948108e-13  0.52318234852900003 34.924246538071998 24.562188164294 1.9752433804980001e-13  0.52299659188199998 34.94867356844 24.644399380006998 2.347680347481e-13  0.52299659188199998 34.974028644089998 24.729734009811001 2.7342671462120002e-13  0.52318234852900003 35.000283789306003 24.818097899095001 3.1345772332239998e-13  0.52355386182300001 35.027409173838997 24.909390651652998 3.5481557890809999e-13  0.52411113176400004 35.055373225037997 25.003506007091001 3.9745214281440002e-13  0.524854158352 35.084142748636999 25.100332247320001 4.4131680400730001e-13  0.52578294158700001 35.113683057206003 25.199752628898 4.8635667484440004e-13  0.52689748146799997 
39.088108263466999 -3.3110298629270001 1.5294978138120001e-13  1 39.029022216043003 -3.249746137702 1.414576992502e-13  1 38.969936168620002 -3.188462412477 1.299656171193e-13  1 38.910850121197001 -3.127178687252 1.1847353498829999e-13  1 38.851764073772998 -3.065894962027 1.069814528574e-13  1 38.792678026349002 -3.0046112368019999 9.5489370726419995e-14  1 38.733591978926 -2.9433275115769999 8.3997288595470005e-14  1 38.674505931501997 -2.8820437863519999 7.2505206464510006e-14  1 38.615419884078001 -2.8207600611269998 6.1013124333560004e-14  1 38.556333836653998 -2.7594763359019998 4.9521042202610002e-14  1 38.497247789229 -2.6981926106769998 3.8028960071659999e-14  1 38.438161741804997 -2.6369088854520002 2.6536877940700001e-14  1 38.379075694379999 -2.5756251602270002 1.5044795809750002e-14  1 37.545962599352997 -1.7115248146719999 -1.4699352846029999e-13  1 36.795268677208 -0.87967209886800002 7.2297723363670004e-13  1 36.068591621818001 -0.019596085271269999 -2.0476953466129999e-12  1 35.366501934806998 0.868021768119 4.3200998334439999e-12  1 34.689509863509002 1.78257215567 -7.0747852020690001e-12  1 34.038100176972002 2.7234906607770002 9.2730267909569997e-12  1 33.412754106502 3.6902532734190001 -9.7379881935189999e-12  1 32.813963869616003 4.682385546101 8.2320816830350006e-12  1 32.242245138705002 5.6994762451880003 -5.5258020381470003e-12  1 31.698152878487999 6.7411863548279998 2.8843594179800002e-12  1 31.182305917787001 7.8072442908679998 -1.078692690725e-12  1 30.695425667868001 8.8974181816160005 2.4247270857810001e-13  1 29.781363067857001 11.125493964445999 -2.1449508835760001e-13  1 29.354167852650999 12.263300362021999 9.6322949616369994e-13  1 28.957751372699999 13.42571336762 -2.6059154834089998e-12  1 28.592768465723999 14.607158029709 5.2775561698210002e-12  1 28.261406838062001 15.824697086581001 -8.3431039855429999e-12  1 27.963065181365 17.038725638559001 1.063060750525e-11  1 27.702030068852999 18.314835399745999 -1.092370638403e-11  1 27.478032994141 19.570564831963001 9.0421004016639993e-12  1 27.293857105196999 20.879300466998998 -5.9121596507730002e-12  1 27.153110988186 22.19423604971 2.99094082833e-12  1 27.057495395877002 23.531724712348002 -1.081801315196e-12  1 27.010191071529 24.883849354389 2.460254222569e-13  1 27.013786733665 26.332615456986002 -7.8096981452120003e-15  1 27.013998011567999 26.417743662296001 -2.2724823648020001e-14  1 27.014209289471001 26.502871867606 -3.763994915084e-14  1 27.014420567375002 26.588000072916 -5.2555074653649997e-14  1 27.014631845278 26.673128278225999 -6.747020015646e-14  1 27.014843123180999 26.758256483536002 -8.2385325659269996e-14  1 27.015054401084001 26.843384688844999 -9.7300451162090002e-14  1 27.015265678988001 26.928512894154998 -1.122155766649e-13  1 27.015476956891 27.013641099465001 -1.2713070216770001e-13  1 27.015688234793998 27.098769304775001 -1.420458276705e-13  1 27.015899512697999 27.183897510085 -1.5696095317330001e-13  1 27.016110790601001 27.269025715394999 -1.718760786761e-13  1 27.016322068504 27.354153920704999 -1.86791204179e-13  1 

0 3
26.174596211354 3

-1.9088749233060001 14
-0.90984430941799999 12
12.177453796259 12
25.264751901935998 12
26.081756329804001 14

1 4.4682756624059998e-15 5.8646118069080002e-16 3.6930022871819998e-15 -1.850305570606e-17 -1.182225846456e-16 1 0 1 1.182225846456e-16 -1 2.1874790694119303e-33 -1.850305570606e-17 
9 1 1 0 0 6 10 7 11 2 2 -20 34.641016151377997 0  1.00731395893 -30.8827961854 28.357830844195998 15.000000000001  1.00731395893 -40.238942201070003 19.430112530948001 29.999999999998  1.00731395893 -47.771500163660001 7.6475948096859998 45.000000000002998  1.0073139589310001 -52.3383183292 -7.46055549045 59.999999999997002  1.00731395893 -51.672892544269999 -25.516585601420001 75  1.0073139589310001 -43.221495959679999 -43.919045707789998 90.000000000005997  1.00731395893 -27.072525639670001 -57.887023641749998 104.99999999999  1.0073139589310001 -6.6060554352579999 -63.958341902290002 120  1.00731395893 13.675805721890001 -61.386302187829997 134.99999999999  1.00731395893 30 -51.961524227060004 150  1.00731395893 
-21.395969210819999 31.373270048936 -1.42108547152e-14  1.002414195399 -31.252172681299999 24.651528080018998 15.000000000002  1.002414195399 -39.475147017860003 15.534704210456001 29.999999999993001  1.002414195399 -45.768837150830002 3.844842569511 45.000000000015  1.002414195399 -49.018504745080001 -10.78262176554 59.999999999979998  1.0024141953979999 -47.105295479900001 -27.828988471340001 75.000000000016001  1.002414195399 -37.796480209930003 -44.6499683244 89.999999999996007  1.0024141953979999 -21.515526071059998 -56.725750193880003 104.99999999999  1.002414195399 -1.7084103062589999 -61.01891110004 120  1.002414195399 17.309648610511999 -57.142518026769999 134.99999999999  1.002414195399 32.093953816236997 -47.059905073400003 150  1.002414195399 
-23.284026523040001 28.338546993001 1.42108547152e-14  0.99951263218899999 -32.186843627709997 21.023654325919999 15.000000000002  0.99951263218899999 -39.31228801324 11.545340300795999 29.999999999993999  0.99951263218899999 -44.360235127339998 -0.24209594125799999 45.000000000010999  0.99951263218899999 -46.22692745757 -14.59338095479 59.999999999986997  0.99951263218899999 -42.91870855805 -30.827091932329999 75.000000000007006  0.99951263218899999 -32.51539338125 -46.207204902720001 90.000000000005002  0.99951263218899999 -15.81351899539 -56.422166034249997 104.99999999999  0.99951263218899999 3.610388469204 -58.846709577920002 120  0.99951263218899999 21.571814127576999 -53.480159490120002 134.99999999999  0.99951263218899999 34.926039784571998 -42.507820489499998 150  0.99951263218899999 
-25.618175607960001 25.618175607960001 0  0.99855113858400002 -33.66636283679 17.569988379123998 15.000000000002  0.99855113858400002 -39.758980753830002 7.5660414014980004 29.999999999993001  0.99855113858400002 -43.586954052560003 -4.5080136131530004 45.000000000015  0.99855113858400002 -44.040666554269997 -18.796351606409999 59.999999999979003  0.99855113858400002 -39.225759756789998 -34.437165638380002 75.000000000019  0.99855113858400002 -27.517875428979998 -48.555855956439999 89.999999999992994  0.99855113858400002 -10.11510387593 -56.990434891360003 104.99999999999  0.99855113858400002 9.2137935723079991 -57.504288713839998 120  0.99855113858400002 26.354982568688001 -50.499544255190003 135  0.99855113858400002 38.427263411939997 -38.427263411939997 150  0.99855113858400002 
-28.338546993000001 23.284026523047999 1.42108547152e-14  0.99951263218899999 -35.653439660079997 14.381209418384 15.000000000002  0.99951263218899999 -40.805084054829997 3.70080893525 29.999999999991999  0.99951263218899999 -43.470794464779999 -8.8418945706829994 45.000000000017998  0.99951263218899999 -42.518367355199999 -23.282698024649999 59.999999999975003  0.99951263218899999 -36.12418262029 -38.566417662420001 75.000000000021004  0.99951263218899999 -22.935219850399999 -51.636540183009998 89.999999999994003  0.99951263218899999 -4.5691851225190003 -58.417897517210001 104.99999999999  0.99951263218899999 14.956106792875 -57.028808532589998 120  0.99951263218899999 31.535481488881 -48.280265441559997 134.99999999999  0.99951263218899999 42.507820489502002 -34.926039784570001 150  0.99951263218899999 
-31.373270048929999 21.395969210825001 0  1.002414195399 -38.095012017850003 11.539765740341 15.000000000001  1.002414195399 -42.421831136640002 0.050099917464370002 29.999999999995001  1.002414195399 -44.013138045289999 -13.1306111027 45.000000000010999  1.002414195399 -41.69804377602 -27.934779126270001 59.999999999985  1.002414195399 -33.69333489209 -43.105923553940002 75.000000000011994  1.002414195399 -18.8858290479 -55.36712967818 90  1.002414195399 0.68007140267199995 -60.665196777570003 104.99999999999  1.002414195399 20.687313603191001 -57.430490451430003 120  1.002414195399 36.977292120027997 -46.878259021959998 134.99999999999  1.002414195399 47.059905073404003 -32.093953816229998 150  1.002414195399 
-34.641016151370003 20 0  1.00731395893 -40.924201458550002 9.1172038145939993 15  1.00731395893 -44.563002433009999 -3.2925000503519999 29.999999999998  1.00731395893 -45.195130123459997 -17.262738698770001 45.000000000005997  1.0073139589310001 -41.596035519220003 -32.630189745700001 59.999999999990003  1.00731395893 -31.991744829649999 -47.934457620780002 75.000000000005997  1.0073139589310001 -15.471390636760001 -59.64575727279 90.000000000005002  1.00731395893 5.4980168723089999 -63.66789584304 104.99999999998001  1.0073139589310001 26.258159125408 -58.692576588960002 120  1.00731395893 42.536746266295999 -46.324194278100002 134.99999999999  1.00731395893 51.961524227066 -30 150  1.00731395893 

0 7
0.763337317515 7

0 11
150 11

9 1 1 0 0 6 10 7 11 2 2 -34.641016151370003 20 1.42108547152e-14  1.00731395893 -40.924201458550002 9.1172038145929992 15.000000000003  1.00731395893 -44.563002433020003 -3.2925000503509998 29.999999999989001  1.00731395893 -45.195130123449999 -17.262738698770001 45.000000000024002  1.0073139589310001 -41.59603551923 -32.630189745700001 59.999999999967002  1.00731395893 -31.991744829630001 -47.934457620769997 75.000000000027001  1.0073139589310001 -15.471390636760001 -59.645757272799997 89.999999999991999  1.00731395893 5.4980168723089999 -63.667895843030003 104.99999999999  1.0073139589310001 26.258159125409001 -58.692576588960002 120  1.00731395893 42.536746266294998 -46.324194278100002 134.99999999999  1.00731395893 51.961524227066 -30 150  1.00731395893 
-34.216087899629997 16.472064256755999 0  1.002414195399 -39.390939505479999 5.7227632187479998 15.000000000001  1.002414195399 -41.953832240810002 -6.2841250223970002 29.999999999995001  1.002414195399 -41.559396959049998 -19.554687236669999 45.000000000012001  1.002414195399 -37.059959481989999 -33.847276740890003 59.999999999982997  1.002414195399 -26.8798883027 -47.653258717770001 75.000000000013003  1.002414195399 -10.40772787323 -57.566246952050001 90.000000000000995  1.002414195399 9.7298829436149994 -59.88370375217 104.99999999999  1.002414195399 29.029928824713 -53.698132277020001 120  1.002414195399 43.561854440673002 -40.832047942140001 134.99999999999  1.002414195399 51.324131849448001 -24.708096385129998 150  1.002414195399 
-34.333831967850003 12.899888340754 0  0.99951263218899999 -38.386451412189999 2.1135969127749998 15.000000000002  0.99951263218899999 -39.818110250750003 -9.6575860107950007 29.999999999991001  0.99951263218899999 -38.296042567500002 -22.389778798950001 45.000000000020002  0.99951263218899999 -32.737003039759998 -35.751702362739998 59.999999999971998  0.99951263218800002 -21.755145942719999 -48.156399017219996 75.000000000021998  0.99951263218999997 -5.0555542308549999 -56.274309974259999 89.999999999996007  0.99951263218899999 14.516173843883999 -56.769788619899998 104.99999999999  0.99951263218899999 32.550042920825 -49.157551189000003 120  0.99951263218899999 45.421818785257003 -35.529269653089997 134.99999999999  0.99951263218899999 51.500747951775999 -19.34983251113 150  0.99951263218899999 
-34.995078679080002 9.3769030711239996 0  0.99855113858400002 -37.94091965925 -1.6171251378780001 15.000000000001  0.99855113858400002 -38.215308062139997 -13.327106317129999 29.999999999996  0.99855113858400002 -35.493402676530003 -25.69753133587 45.000000000010999  0.99855113858400002 -28.742160232380002 -38.298451266759997 59.999999999983999  0.99855113858400002 -16.751921612939999 -49.436340155560003 75.000000000013003  0.99855113858400002 0.446748798557 -55.80954247527 89.999999999999005  0.99855113858400002 19.735280527202999 -54.412716326599998 104.99999999999  0.99855113858400002 36.731523655769003 -45.193278066589997 120  0.99855113858400002 48.073856548374998 -30.556396920179999 134.99999999999  0.99855113858400002 52.492618018625997 -14.06535460668 150  0.99855113858400002 
-36.183914863799998 5.9952849748489996 1.42108547152e-14  0.99951263218899999 -38.067389187110003 -5.3722271365759999 15  0.99951263218899999 -37.188643862660001 -17.197547474930001 29.999999999999002  0.99951263218899999 -33.22586504385 -29.392702548180001 45.000000000005002  0.99951263218899999 -25.180637244709999 -41.422591635579998 59.999999999990997  0.99951263218899999 -12.00125100891 -51.461588738769997 75.000000000007006  0.99951263218899999 5.9557870596729998 -56.186165487220002 90.000000000002998  0.99951263218899999 25.251918367912999 -52.875975846839999 104.99999999999  0.99951263218899999 41.466772690637001 -41.910343540340001 120  0.99951263218899999 51.450660810728003 -26.044195629410002 134.99999999999  0.99951263218899999 54.275872295703003 -8.9929274622740003 150  0.99951263218899999 
-37.868033467579998 2.842817850696 1.42108547152e-14  1.002414195399 -38.7611310351 -9.0537757240690002 15.000000000001  1.002414195399 -36.76343339812 -21.167527767069998 29.999999999995001  1.002414195399 -31.551190096140001 -33.378011804789999 45.000000000013003  1.002414195399 -22.144175635010001 -45.041250260479998 59.999999999979998  1.002414195399 -7.6263221777909997 -54.177492297340002 75.000000000016001  1.002414195399 11.32795711208 -57.392255359890001 89.999999999999005  1.002414195399 30.921557499891001 -52.197565833619997 104.99999999999  1.002414195399 46.630984342133999 -39.392606881139997 120  1.002414195399 55.462403850083 -22.109117138190001 134.99999999999  1.002414195399 56.802050201370001 -4.2642267760439996 150  1.002414195399 
-40 -2.6645352590999998e-15 2.84217094304e-14  1.00731395893 -39.999999999990003 -12.566370614349999 15.000000000002  1.00731395893 -36.94644215073 -25.132889902070001 29.999999999991999  1.00731395893 -30.508761464860001 -37.547535313749997 45.000000000017998  1.0073139589310001 -19.708128583520001 -49.056591009709997 59.999999999974001  1.00731395893 -3.7384349234730001 -57.508330431019999 75.000000000021004  1.0073139589310001 16.42426131309 -59.390436344599998 89.999999999997996  1.00731395893 36.595370203370997 -52.389006769410003 104.99999999999  1.0073139589310001 52.086521153701 -37.7001827769 120  1.00731395893 59.999999999997002 -18.849555921530001 134.99999999999  1.00731395893 60 -3.1086244689499997e-14 150  1.00731395893 

0 7
0.763337317515 7

0 11
150 11

9 1 1 0 0 6 10 7 11 2 2 -40 6.2172489379009997e-15 0  1.00731395893 -39.999999999990003 -12.56637061436 15.000000000003  1.00731395893 -36.946442150720003 -25.132889902070001 29.999999999989001  1.00731395893 -30.508761464860001 -37.547535313760001 45.000000000024997  1.0073139589310001 -19.708128583520001 -49.056591009690003 59.999999999963997  1.00731395893 -3.7384349234709999 -57.508330431049998 75.000000000030994  1.0073139589310001 16.424261313085999 -59.390436344569999 89.999999999989001  1.00731395893 36.595370203374998 -52.38900676942 104.99999999999  1.0073139589310001 52.086521153699998 -37.700182776890003 120  1.00731395893 59.999999999998003 -18.849555921539999 134.99999999999  1.00731395893 60 -4.9737991503209998e-14 150  1.00731395893 
-37.868033467579998 -2.842817850696 1.42108547152e-14  1.002414195399 -36.974935900049999 -14.73941142546 15.000000000001  1.002414195399 -33.191021995459998 -26.41912803036 29.999999999997002  1.002414195399 -26.21414991416 -37.714554389550003 45.000000000009003  1.002414195399 -15.17122800418 -47.842581247520002 59.999999999986002  1.002414195399 0.54796323786800005 -54.708876774049997 75.000000000010999  1.002414195399 19.769766742125 -55.057696197619997 90.000000000002998  1.002414195399 38.368177681112002 -46.995867250270003 104.99999999999  1.002414195399 51.989721970765999 -31.988982275320001 120  1.002414195399 58.141696552654999 -13.5806635861 134.99999999999  1.002414195399 56.802050201370001 4.2642267760439996 150  1.002414195399 
-36.183914863799998 -5.9952849748489996 0  0.99951263218899999 -34.300440540479997 -17.36279708627 15.000000000002  0.99951263218899999 -29.654702002440001 -28.272769949960001 29.999999999991001  0.99951263218899999 -21.970456328379999 -38.538138508759999 45.000000000020002  0.99951263218899999 -10.47522509483 -47.330383994560002 59.999999999971998  0.99951263218800002 5.2376904591839999 -52.582237875049998 75.000000000024002  0.99951263218999997 23.758916592995998 -51.262759133579998 89.999999999994998  0.99951263218899999 40.956269624508003 -41.905992190360003 104.99999999999  0.99951263218899999 52.767939658210999 -26.296666657100001 120  0.99951263218899999 57.101083780675999 -8.0583407048619993 134.99999999999  0.99951263218899999 54.275872295703003 8.9929274622740003 150  0.99951263218899999 
-34.995078679080002 -9.3769030711239996 0  0.99855113858400002 -32.049237698909998 -20.370931280120001 15.000000000001  0.99855113858400002 -26.431874436689998 -30.649266660649999 29.999999999996  0.99855113858400002 -17.88942271669 -40.001416289680002 45.000000000010999  0.99855113858400002 -5.7422152875089996 -47.538511838810003 59.999999999983999  0.99855113858400002 10.210580398771 -51.189087251319997 75.000000000013003  0.99855113858400002 28.291667046295 -48.109107157890001 89.999999999999005  0.99855113858400002 44.297612450675999 -37.255154364150002 104.99999999999  0.99855113858400002 54.407071638898998 -20.77276505807 120  0.99855113858400002 56.911379488876001 -2.4256877068159999 134.99999999999  0.99855113858400002 52.492618018625997 14.065354606686 150  0.99855113858400002 
-34.333831967850003 -12.89988834075 0  0.99951263218899999 -30.281212523499999 -23.68617976873 15.000000000001  0.99951263218899999 -23.607536579889999 -33.487834927420003 29.999999999995001  0.99951263218899999 -14.078091916589999 -42.067759614529997 45.000000000013003  0.99951263218899999 -1.0957757196119999 -48.463335269369999 59.999999999981  0.99951263218899999 15.337406118465999 -50.567668671329997 75.000000000016001  0.99951263218899999 33.250945636826998 -45.680753123339997 89.999999999997996  0.99951263218899999 48.306790724319001 -33.165979149290003 104.99999999999  0.99951263218899999 56.866450333223 -15.562035841949999 120  0.99951263218899999 57.579677118291002 3.1703953691629998 134.99999999999  0.99951263218899999 51.500747951775999 19.349832511131002 150  0.99951263218899999 
-34.216087899629997 -16.472064256749999 -1.42108547152e-14  1.002414195399 -29.041236293779999 -27.221365294760002 15.000000000001  1.002414195399 -21.25430336957 -36.713333480659998 29.999999999997002  1.002414195399 -10.635126240490001 -44.681801198839999 45.000000000008001  1.002414195399 3.3432064844439999 -50.078954761289999 59.999999999987999  1.002414195399 20.48415740527 -50.732245731730004 75.000000000008995  1.002414195399 38.50642631198 -44.039172566109997 90.000000000002998  1.002414195399 52.877637236307002 -29.74363927768 104.99999999999  1.002414195399 60.079920484332 -10.79950610929 120  1.002414195399 59.086409258220002 8.5841448281229997 134.99999999999  1.002414195399 51.324131849448001 24.708096385133 150  1.002414195399 
-34.641016151370003 -20 0  1.00731395893 -28.357830844190001 -30.8827961854 15.000000000003  1.00731395893 -19.430112530940001 -40.238942201070003 29.999999999987999  1.00731395893 -7.6475948096900002 -47.771500163639999 45.000000000025999  1.0073139589310001 7.4605554904630003 -52.338318329220002 59.999999999964999  1.00731395893 25.516585601403001 -51.672892544249997 75.000000000029999  1.0073139589310001 43.919045707815997 -43.2214959597 89.999999999989996  1.00731395893 57.887023641730998 -27.072525639670001 104.99999999999  1.0073139589310001 63.958341902308 -6.6060554352600001 120  1.00731395893 61.386302187833998 13.675805721890001 134.99999999999  1.00731395893 51.961524227066 30 150  1.00731395893 

0 7
0.763337317515 7

0 11
150 11

9 1 1 0 0 6 10 7 11 2 2 -34.641016151370003 -20 -1.42108547152e-14  1.00731395893 -28.357830844190001 -30.8827961854 15.000000000003  1.00731395893 -19.430112530940001 -40.238942201070003 29.999999999987999  1.00731395893 -7.6475948096949997 -47.771500163650003 45.000000000027001  1.0073139589310001 7.4605554904679998 -52.338318329209997 59.999999999962  1.00731395893 25.516585601397999 -51.672892544249997 75.000000000035001  1.0073139589310001 43.919045707819002 -43.2214959597 89.999999999983999  1.00731395893 57.887023641730003 -27.072525639670001 105  1.0073139589310001 63.958341902308 -6.6060554352600001 120  1.00731395893 61.386302187833998 13.675805721890001 134.99999999999  1.00731395893 51.961524227066 30 150  1.00731395893 
-31.373270048929999 -21.395969210819999 1.42108547152e-14  1.002414195399 -24.651528080009999 -31.252172681299999 15.000000000001  1.002414195399 -15.53470421045 -39.475147017849999 29.999999999993999  1.002414195399 -3.8448425695080002 -45.76883715084 45.000000000015  1.002414195399 10.782621765537 -49.018504745069997 59.999999999977  1.002414195399 27.828988471353998 -47.105295479909998 75.000000000019  1.002414195399 44.649968324393001 -37.796480209919999 89.999999999994998  1.002414195399 56.725750193891997 -21.515526071059998 104.99999999999  1.002414195399 61.018911100037997 -1.7084103062589999 120  1.002414195399 57.142518026776997 17.309648610511999 134.99999999999  1.002414195399 47.059905073404003 32.093953816236997 150  1.002414195399 
-28.338546993000001 -23.284026523040001 -1.42108547152e-14  0.99951263218899999 -21.023654325919999 -32.186843627709997 15.000000000001  0.99951263218899999 -11.54534030079 -39.312288013230003 29.999999999995001  0.99951263218899999 0.242095941259 -44.360235127350002 45.000000000009997  0.99951263218899999 14.593380954791 -46.226927457560002 59.999999999986002  0.99951263218899999 30.827091932344999 -42.918708558059997 75.000000000010999  0.99951263218899999 46.207204902713997 -32.51539338125 90.000000000000995  0.99951263218899999 56.422166034253998 -15.81351899539 104.99999999999  0.99951263218899999 58.846709577924997 3.610388469204 120  0.99951263218899999 53.480159490120002 21.571814127576999 134.99999999999  0.99951263218899999 42.507820489502002 34.926039784571998 150  0.99951263218899999 
-25.618175607960001 -25.618175607960001 -1.42108547152e-14  0.99855113858400002 -17.569988379120002 -33.66636283679 15.000000000001  0.99855113858400002 -7.5660414014950002 -39.758980753830002 29.999999999997002  0.99855113858400002 4.5080136131449997 -43.586954052560003 45.000000000005997  0.99855113858400002 18.796351606426999 -44.040666554269997 59.999999999993001  0.99855113858400002 34.437165638376001 -39.225759756789998 75.000000000002998  0.99855113858400002 48.555855956452 -27.517875428970001 90.000000000005002  0.99855113858400002 56.990434891360003 -10.11510387593 104.99999999999  0.99855113858400002 57.504288713846002 9.2137935723089992 120  0.99855113858400002 50.499544255190997 26.354982568688001 134.99999999999  0.99855113858400002 38.427263411939997 38.427263411939997 150  0.99855113858400002 
-23.284026523040001 -28.338546993000001 -1.42108547152e-14  0.99951263218899999 -14.381209418379999 -35.653439660079997 15.000000000002  0.99951263218899999 -3.70080893525 -40.805084054829997 29.999999999993999  0.99951263218899999 8.8418945706859997 -43.470794464779999 45.000000000013003  0.99951263218899999 23.282698024645001 -42.518367355199999 59.999999999982997  0.99951263218899999 38.566417662427 -36.12418262029 75.000000000011994  0.99951263218899999 51.636540183012002 -22.935219850399999 89.999999999999005  0.99951263218899999 58.417897517211998 -4.5691851225190003 104.99999999999  0.99951263218899999 57.028808532592002 14.956106792875 120  0.99951263218899999 48.280265441565 31.535481488881 134.99999999999  0.99951263218899999 34.926039784571003 42.507820489502002 150  0.99951263218899999 
-21.395969210819999 -31.373270048929999 1.42108547152e-14  1.002414195399 -11.53976574034 -38.095012017850003 15.000000000001  1.002414195399 -0.05009991746537 -42.421831136640002 29.999999999998  1.002414195399 13.130611102706 -44.013138045289999 45.000000000002998  1.002414195399 27.934779126271 -41.698043776029998 59.999999999998003  1.002414195399 43.105923553949999 -33.693334892080003 74.999999999997002  1.002414195399 55.367129678184 -18.8858290479 90.000000000010999  1.002414195399 60.66519677758 0.68007140267599997 104.99999999998001  1.002414195399 57.430490451430003 20.687313603189999 120  1.002414195399 46.878259021961 36.977292120027997 134.99999999999  1.002414195399 32.093953816236997 47.059905073404003 150  1.002414195399 
-20 -34.641016151370003 -1.42108547152e-14  1.00731395893 -9.1172038145929992 -40.924201458550002 15.000000000003  1.00731395893 3.292500050348 -44.563002433009999 29.999999999987999  1.00731395893 17.262738698785999 -45.195130123459997 45.000000000021998  1.0073139589310001 32.630189745689002 -41.596035519220003 59.999999999972999  1.00731395893 47.934457620789999 -31.991744829649999 75.000000000021004  1.0073139589310001 59.645757272784003 -15.47139063675 89.999999999994003  1.00731395893 63.667895843048001 5.4980168723030003 104.99999999999  1.0073139589310001 58.692576588957998 26.258159125412 120  1.00731395893 46.324194278108003 42.536746266294003 134.99999999999  1.00731395893 30 51.961524227066 150  1.00731395893 

0 7
0.763337317515 7

0 11
150 11

9 1 1 0 0 6 10 7 11 2 2 -20 -34.641016151370003 0  1.00731395893 -9.1172038145939993 -40.924201458550002 15  1.00731395893 3.2925000503500002 -44.563002433009999 29.999999999999002  1.00731395893 17.262738698781 -45.195130123459997 45.000000000001002  1.0073139589310001 32.630189745694999 -41.596035519220003 60.000000000001002  1.00731395893 47.934457620785999 -31.991744829649999 74.999999999992994  1.0073139589310001 59.645757272786 -15.47139063675 90.000000000013003  1.00731395893 63.667895843046999 5.4980168723059997 104.99999999998001  1.0073139589310001 58.692576588957998 26.258159125409001 120  1.00731395893 46.324194278108003 42.536746266294998 134.99999999999  1.00731395893 30 51.961524227066 150  1.00731395893 
-16.472064256749999 -34.216087899629997 -2.84217094304e-14  1.002414195399 -5.7227632187479998 -39.390939505479999 14.999999999999  1.002414195399 6.2841250223970002 -41.953832240819999 30.000000000002998  1.002414195399 19.554687236675001 -41.559396959049998 44.999999999994003  1.002414195399 33.847276740890997 -37.059959481999996 60.000000000009997  1.002414195399 47.653258717775003 -26.879888302680001 74.999999999986002  1.002414195399 57.566246952054001 -10.407727873240001 90.000000000016001  1.002414195399 59.883703752175002 9.7298829436240002 104.99999999998001  1.002414195399 53.698132277025998 29.029928824708001 120  1.002414195399 40.832047942142999 43.561854440674999 134.99999999999  1.002414195399 24.708096385133999 51.324131849448001 150  1.002414195399 
-12.89988834075 -34.333831967850003 2.84217094304e-14  0.99951263218899999 -2.1135969127749998 -38.386451412189999 15.000000000001  0.99951263218899999 9.6575860107950007 -39.818110250750003 29.999999999996  0.99951263218899999 22.389778798958002 -38.296042567500002 45.000000000008001  0.99951263218899999 35.751702362741 -32.737003039759998 59.999999999990997  0.99951263218899999 48.156399017235003 -21.755145942719999 75.000000000005997  0.99951263218899999 56.274309974254002 -5.0555542308549999 90.000000000000995  0.99951263218899999 56.769788619903998 14.516173843887 104.99999999999  0.99951263218899999 49.157551189007002 32.550042920823003 120  0.99951263218899999 35.529269653099 45.421818785257997 134.99999999999  0.99951263218899999 19.349832511131002 51.500747951775999 150  0.99951263218899999 
-9.3769030711239996 -34.995078679080002 2.84217094304e-14  0.99855113858400002 1.617125137877 -37.94091965925 15.000000000001  0.99855113858400002 13.32710631714 -38.215308062139997 29.999999999998  0.99855113858400002 25.697531335870998 -35.493402676530003 45.000000000001997  0.99855113858400002 38.298451266771004 -28.742160232380002 60  0.99855113858400002 49.436340155562 -16.751921612949999 74.999999999994998  0.99855113858400002 55.809542475275002 0.44674879856499999 90.000000000010004  0.99855113858400002 54.412716326606997 19.735280527198999 104.99999999999  0.99855113858400002 45.193278066589997 36.731523655769998 120  0.99855113858400002 30.556396920188 48.073856548374998 134.99999999999  0.99855113858400002 14.065354606686 52.492618018625997 150  0.99855113858400002 
-5.9952849748489996 -36.183914863799998 0  0.99951263218899999 5.3722271365759999 -38.067389187110003 15.000000000003  0.99951263218899999 17.197547474937998 -37.188643862660001 29.999999999989999  0.99951263218899999 29.392702548186001 -33.22586504385 45.000000000017998  0.99951263218899999 41.422591635594003 -25.18063724472 59.999999999979998  0.99951263218899999 51.461588738762003 -12.00125100891 75.000000000016001  0.99951263218899999 56.186165487236998 5.9557870596770002 89.999999999991999  0.99951263218899999 52.875975846835999 25.251918367908001 105  0.99951263218899999 41.910343540348997 41.466772690639999 120  0.99951263218899999 26.044195629410002 51.450660810727001 135  0.99951263218899999 8.9929274622740003 54.275872295703003 150  0.99951263218899999 
-2.842817850696 -37.868033467579998 -5.6843418860809996e-14  1.002414195399 9.0537757240690002 -38.7611310351 15.000000000001  1.002414195399 21.167527767075999 -36.76343339812 29.999999999998  1.002414195399 33.378011804793999 -31.551190096149998 45  1.002414195399 45.041250260491999 -22.144175635010001 60.000000000005997  1.0024141953979999 54.177492297331 -7.6263221778009997 74.999999999988006  1.002414195399 57.392255359906002 11.327957112090999 90.000000000013998  1.002414195399 52.197565833616999 30.921557499883999 104.99999999998001  1.002414195399 39.392606881147998 46.630984342137999 120  1.002414195399 22.109117138190001 55.462403850081998 134.99999999999  1.002414195399 4.2642267760439996 56.802050201370001 150  1.002414195399 
-1.7763568393999999e-14 -40 2.84217094304e-14  1.00731395893 12.56637061436 -39.999999999990003 15.000000000002  1.00731395893 25.132889902074002 -36.946442150720003 29.999999999995001  1.00731395893 37.547535313769004 -30.508761464860001 45.000000000005997  1.0073139589310001 49.056591009689001 -19.708128583530002 59.999999999997002  1.00731395893 57.508330431055001 -3.738434923462 74.999999999997996  1.0073139589310001 59.390436344573999 16.424261313073 90.000000000005997  1.00731395893 52.389006769425997 36.595370203386999 104.99999999999  1.0073139589310001 37.700182776897996 52.086521153692999 120  1.00731395893 18.849555921539 60 134.99999999999  1.00731395893 3.1974423109200002e-14 60 150  1.00731395893 

0 7
0.763337317515 7

0 11
150 11

9 1 1 0 0 6 10 7 11 2 2 2.6645352590999998e-15 -40 0  1.00731395893 12.566370614361 -39.999999999990003 15.000000000002  1.00731395893 25.132889902073 -36.946442150720003 29.999999999993999  1.00731395893 37.547535313771 -30.508761464869998 45.000000000009003  1.0073139589310001 49.056591009687999 -19.708128583520001 59.999999999990003  1.00731395893 57.508330431053999 -3.738434923477 75.000000000007006  1.0073139589310001 59.390436344575001 16.42426131309 89.999999999997002  1.00731395893 52.389006769425997 36.595370203373001 105  1.0073139589310001 37.700182776897002 52.086521153699998 120  1.00731395893 18.849555921539999 59.999999999998003 134.99999999999  1.00731395893 4.4853010194859997e-14 60 150  1.00731395893 
2.842817850696 -37.868033467579998 2.84217094304e-14  1.002414195399 14.739411425461 -36.974935900049999 15  1.002414195399 26.419128030364 -33.191021995459998 30.000000000000998  1.002414195399 37.714554389546002 -26.21414991416 44.999999999993001  1.002414195399 47.842581247536003 -15.171228004190001 60.000000000013998  1.002414195399 54.708876774045997 0.54796323786800005 74.999999999981  1.002414195399 55.057696197633 19.769766742125999 90.000000000018005  1.002414195399 46.995867250271999 38.368177681111 104.99999999998001  1.002414195399 31.988982275327999 51.989721970767 120  1.002414195399 13.580663586103 58.141696552654999 134.99999999999  1.002414195399 -4.2642267760439996 56.802050201371003 150  1.002414195399 
5.9952849748489996 -36.183914863799998 2.84217094304e-14  0.99951263218899999 17.362797086274 -34.300440540479997 15.000000000001  0.99951263218899999 28.272769949960001 -29.654702002440001 29.999999999998  0.99951263218899999 38.538138508762003 -21.97045632839 44.999999999998003  0.99951263218899999 47.330383994557998 -10.47522509483 60.000000000009997  0.99951263218899999 52.582237875065999 5.2376904591829998 74.999999999983999  0.99951263218899999 51.262759133571997 23.758916592990001 90.000000000015007  0.99951263218899999 41.905992190367002 40.956269624515002 104.99999999999  0.99951263218899999 26.296666657103 52.767939658205997 120  0.99951263218899999 8.0583407048619993 57.101083780677001 134.99999999999  0.99951263218899999 -8.9929274622740003 54.275872295703003 150  0.99951263218899999 
9.3769030711239996 -34.995078679080002 0  0.99855113858400002 20.370931280126001 -32.049237698909998 15.000000000002  0.99855113858400002 30.649266660653002 -26.431874436699999 29.999999999997002  0.99855113858400002 40.001416289677998 -17.889422716679999 44.999999999998998  0.99855113858400002 47.538511838821002 -5.742215287514 60.000000000010999  0.99855113858400002 51.189087251312003 10.210580398776001 74.999999999981  0.998551138585 48.109107157901001 28.291667046292002 90.000000000021004  0.99855113858400002 37.255154364153 44.297612450678002 104.99999999998001  0.99855113858400002 20.772765058078001 54.407071638898003 120  0.99855113858400002 2.4256877068159999 56.911379488876001 134.99999999999  0.99855113858400002 -14.06535460668 52.492618018626999 150  0.99855113858400002 
12.899888340754 -34.333831967850003 0  0.99951263218899999 23.686179768734 -30.281212523499999 15.000000000003  0.99951263218899999 33.487834927420003 -23.607536579889999 29.999999999993001  0.99951263218899999 42.067759614537003 -14.078091916589999 45.000000000009997  0.99951263218899999 48.463335269368997 -1.0957757196169999 59.999999999990997  0.99951263218899999 50.567668671340002 15.337406118474 75.000000000007006  0.99951263218899999 45.680753123339997 33.250945636818997 89.999999999994003  0.99951263218899999 33.165979149301002 48.306790724324998 105  0.99951263218899999 15.562035841954 56.866450333220001 119.99999999999  0.99951263218899999 -3.1703953691620002 57.579677118291997 135  0.99951263218899999 -19.34983251113 51.500747951775999 150  0.99951263218899999 
16.472064256755999 -34.216087899629997 2.84217094304e-14  1.002414195399 27.221365294763 -29.041236293779999 15.000000000003  1.002414195399 36.713333480662001 -21.25430336957 29.999999999993999  1.002414195399 44.681801198842003 -10.635126240490001 45.000000000005997  1.002414195399 50.078954761307998 3.343206484455 59.999999999998998  1.0024141953979999 50.732245731719999 20.484157405251 74.999999999996007  1.002414195399 44.039172566121003 38.506426312001999 90.000000000003993  1.0024141953979999 29.74363927768 52.877637236289999 104.99999999999  1.002414195399 10.799506109298999 60.079920484338999 120  1.002414195399 -8.5841448281219996 59.086409258217998 134.99999999999  1.002414195399 -24.708096385129998 51.324131849448001 150  1.002414195399 
20 -34.641016151370003 0  1.00731395893 30.882796185406001 -28.357830844190001 15.000000000001  1.00731395893 40.238942201078999 -19.430112530940001 29.999999999998  1.00731395893 47.771500163648 -7.6475948097000002 44.999999999997002  1.0073139589310001 52.338318329224997 7.4605554904759996 60.000000000009997  1.00731395893 51.672892544248 25.516585601388002 74.999999999986002  1.0073139589310001 43.221495959712001 43.919045707830001 90.000000000008995  1.00731395893 27.072525639662999 57.887023641721001 104.99999999999  1.0073139589310001 6.6060554352630003 63.958341902312 120  1.00731395893 -13.675805721890001 61.386302187833003 134.99999999999  1.00731395893 -30 51.961524227066 150  1.00731395893 

0 7
0.763337317515 7

0 11
150 11

9 1 1 0 0 6 10 7 11 2 2 20 -34.641016151370003 0  1.00731395893 30.882796185404999 -28.357830844190001 15.000000000001  1.00731395893 40.238942201081002 -19.430112530940001 29.999999999999002  1.00731395893 47.771500163641001 -7.6475948096939996 44.999999999996  1.0073139589310001 52.338318329233999 7.4605554904669997 60.000000000012001  1.00731395893 51.672892544238003 25.516585601399001 74.999999999983004  1.0073139589310001 43.221495959719 43.919045707819997 90.000000000011994  1.00731395893 27.07252563966 57.887023641729002 104.99999999999  1.0073139589310001 6.6060554352640004 63.958341902309002 120  1.00731395893 -13.675805721890001 61.386302187833998 134.99999999999  1.00731395893 -30 51.961524227066 150  1.00731395893 
21.395969210825001 -31.373270048929999 -2.84217094304e-14  1.002414195399 31.252172681307002 -24.651528080009999 15.000000000003  1.002414195399 39.475147017862 -15.53470421045 29.999999999993001  1.002414195399 45.768837150837001 -3.844842569506 45.000000000005997  1.002414195399 49.018504745085004 10.782621765534 60.000000000001997  1.0024141953979999 47.105295479901002 27.828988471357999 74.999999999989001  1.002414195399 37.796480209932 44.649968324387999 90.000000000010999  1.002414195399 21.515526071061998 56.725750193895998 104.99999999999  1.002414195399 1.70841030626 61.018911100036 120  1.002414195399 -17.309648610509999 57.142518026777999 134.99999999999  1.002414195399 -32.093953816229998 47.059905073404003 150  1.002414195399 
23.284026523047999 -28.338546993000001 0  0.99951263218899999 32.186843627709003 -21.023654325919999 15.000000000005  0.99951263218899999 39.312288013244 -11.54534030079 29.999999999983999  0.99951263218899999 44.360235127342001 0.242095941255 45.000000000028002  0.99951263218899999 46.226927457584999 14.593380954800001 59.999999999966001  0.99951263218800002 42.918708558044003 30.827091932329999 75.000000000032003  0.99951263218999997 32.515393381265 46.207204902729998 89.999999999972999  0.99951263218899999 15.813518995392 56.422166034244 105.00000000001  0.99951263218899999 -3.6103884692019999 58.84670957793 119.99999999999  0.99951263218899999 -21.571814127570001 53.480159490119 135  0.99951263218899999 -34.926039784570001 42.507820489502002 150  0.99951263218899999 
25.618175607960001 -25.618175607960001 0  0.99855113858400002 33.666362836794001 -17.569988379120002 14.999999999999  0.99855113858400002 39.758980753838003 -7.5660414014960002 30.000000000006999  0.99855113858400002 43.586954052567002 4.508013613148 44.999999999978002  0.99855113858400002 44.040666554276001 18.796351606422999 60.000000000039002  0.99855113858400002 39.225759756795 34.437165638381998 74.999999999954994  0.99855113858400002 27.517875428978002 48.555855956446997 90.000000000032998  0.99855113858400002 10.115103875931 56.990434891363002 104.99999999998001  0.99855113858400002 -9.2137935723079991 57.504288713843998 120  0.99855113858400002 -26.354982568680001 50.499544255190997 134.99999999999  0.99855113858400002 -38.427263411939997 38.427263411939997 150  0.99855113858400002 
28.338546993001 -23.284026523040001 0  0.99951263218899999 35.653439660079997 -14.381209418379999 15.000000000005  0.99951263218899999 40.805084054835 -3.7008089352489999 29.999999999987001  0.99951263218899999 43.470794464778997 8.8418945706819994 45.000000000020002  0.99951263218899999 42.518367355210998 23.282698024651999 59.999999999979998  0.99951263218899999 36.124182620292999 38.566417662418999 75.000000000016996  0.99951263218899999 22.93521985041 51.636540183017999 89.999999999983004  0.99951263218899999 4.5691851225180002 58.417897517210001 105.00000000001  0.99951263218899999 -14.956106792870001 57.028808532592997 119.99999999999  0.99951263218899999 -31.535481488879999 48.280265441565 135  0.99951263218899999 -42.507820489499998 34.926039784571003 150  0.99951263218899999 
31.373270048936 -21.395969210819999 0  1.002414195399 38.095012017852 -11.53976574034 15.000000000001  1.002414195399 42.421831136648997 -0.050099917466010002 29.999999999999002  1.002414195399 44.013138045293999 13.130611102708 44.999999999993001  1.002414195399 41.698043776032002 27.934779126268001 60.000000000020002  1.002414195399 33.693334892083001 43.105923553955002 74.999999999972999  1.002414195399 18.885829047906 55.367129678181001 90.000000000019995  1.002414195399 -0.68007140267599997 60.665196777581997 104.99999999999  1.002414195399 -20.687313603189999 57.430490451430003 120  1.002414195399 -36.977292120020003 46.878259021961 134.99999999999  1.002414195399 -47.059905073400003 32.093953816236997 150  1.002414195399 
34.641016151377997 -20 0  1.00731395893 40.924201458557 -9.1172038145939993 15.000000000003  1.00731395893 44.563002433020998 3.2925000503509998 29.999999999993999  1.00731395893 45.195130123456003 17.262738698777 45.000000000004  1.0073139589310001 41.596035519235002 32.630189745702999 60.000000000002998  1.00731395893 31.991744829640002 47.934457620772001 74.999999999992994  1.0073139589310001 15.471390636768 59.645757272799997 90.000000000000995  1.00731395893 -5.49801687231 63.667895843038004 105  1.0073139589310001 -26.258159125399999 58.692576588961998 119.99999999999  1.00731395893 -42.536746266290002 46.324194278107001 135  1.00731395893 -51.961524227060004 30 150  1.00731395893 

0 7
0.763337317515 7

0 11
150 11

9 1 1 0 0 6 10 7 11 2 2 34.641016151377997 -20 0  1.00731395893 40.924201458557 -9.1172038145929992 15.000000000002  1.00731395893 44.563002433019001 3.2925000503500002 29.999999999998  1.00731395893 45.195130123462 17.262738698781 44.999999999997002  1.0073139589310001 41.596035519226 32.630189745696001 60.000000000013003  1.00731395893 31.991744829649999 47.934457620781998 74.999999999984993  1.0073139589310001 15.471390636761001 59.645757272791002 90.000000000007006  1.00731395893 -5.4980168723059997 63.667895843044001 105  1.0073139589310001 -26.25815912541 58.692576588960002 120  1.00731395893 -42.536746266290002 46.324194278107001 134.99999999999  1.00731395893 -51.961524227060004 30 150  1.00731395893 
34.216087899632001 -16.472064256749999 -2.84217094304e-14  1.002414195399 39.390939505479999 -5.7227632187479998 14.999999999999  1.002414195399 41.953832240819999 6.2841250223960001 30.000000000006999  1.002414195399 41.559396959056997 19.554687236677999 44.999999999975998  1.002414195399 37.059959481995001 33.847276740886002 60.000000000044999  1.002414195399 26.879888302697001 47.653258717781 74.999999999948997  1.002414195399 10.407727873238001 57.566246952047997 90.000000000037005  1.002414195399 -9.7298829436199998 59.883703752179002 104.99999999998001  1.002414195399 -29.029928824710002 53.698132277024001 120  1.002414195399 -43.561854440669997 40.832047942144001 134.99999999999  1.002414195399 -51.324131849440001 24.708096385133999 150  1.002414195399 
34.333831967850003 -12.89988834075 0  0.99951263218899999 38.386451412195001 -2.1135969127740002 15.000000000002  0.99951263218899999 39.818110250754003 9.6575860107940006 29.999999999996  0.99951263218899999 38.296042567508003 22.389778798959998 45  0.99951263218899999 32.737003039759003 35.751702362735998 60.000000000009003  0.99951263218899999 21.75514594273 48.156399017242002 74.999999999988006  0.99951263218899999 5.0555542308519996 56.274309974246997 90.000000000005002  0.99951263218899999 -14.516173843880001 56.769788619909001 105  0.99951263218899999 -32.550042920819998 49.157551189004998 120  0.99951263218899999 -45.421818785249997 35.529269653100002 135  0.99951263218899999 -51.500747951770002 19.349832511131002 150  0.99951263218899999 
34.995078679084003 -9.3769030711239996 0  0.99855113858400002 37.940919659251001 1.6171251378780001 15.000000000002  0.99855113858400002 38.215308062147997 13.327106317139 29.999999999999002  0.99855113858400002 35.493402676533996 25.697531335872 44.999999999991999  0.99855113858400002 28.742160232389999 38.298451266771004 60.000000000021998  0.99855113858400002 16.751921612941999 49.436340155556998 74.999999999972005  0.998551138585 -0.44674879855900002 55.809542475282001 90.000000000019  0.99855113858400002 -19.7352805272 54.412716326599998 104.99999999999  0.99855113858400002 -36.731523655769998 45.193278066593003 120  0.99855113858400002 -48.073856548370003 30.556396920187002 134.99999999999  0.99855113858400002 -52.49261801862 14.065354606687 150  0.99855113858400002 
36.183914863802002 -5.9952849748489996 0  0.99951263218899999 38.067389187118003 5.3722271365749998 15.000000000003  0.99951263218899999 37.188643862669998 17.197547474941 29.999999999995001  0.99951263218899999 33.225865043851996 29.392702548180001 45  0.99951263218899999 25.180637244722 41.422591635604 60.000000000013003  0.99951263218899999 12.001251008918 51.461588738751999 74.999999999978996  0.99951263218899999 -5.9557870596780003 56.186165487243997 90.000000000013998  0.99951263218899999 -25.2519183679 52.875975846831999 104.99999999999  0.99951263218899999 -41.466772690639999 41.910343540349999 120  0.99951263218899999 -51.450660810720002 26.044195629410002 134.99999999999  0.99951263218899999 -54.275872295699997 8.9929274622740003 150  0.99951263218899999 
37.868033467579998 -2.842817850696 -2.84217094304e-14  1.002414195399 38.761131035104 9.0537757240700003 15  1.002414195399 36.763433398121002 21.167527767071999 30.000000000002998  1.002414195399 31.551190096149998 33.378011804806 44.999999999986997  1.002414195399 22.144175635012001 45.041250260471003 60.000000000024997  1.002414195399 7.6263221777960002 54.177492297358 74.999999999973994  1.002414195399 -11.32795711208 57.392255359883002 90.000000000010999  1.002414195399 -30.92155749989 52.197565833630001 105  1.002414195399 -46.630984342129999 39.392606881143003 119.99999999999  1.002414195399 -55.462403850080001 22.109117138190999 135  1.002414195399 -56.802050201370001 4.2642267760439996 150  1.002414195399 
40 -1.0658141036399999e-14 0  1.00731395893 40 12.56637061436 15.000000000003  1.00731395893 36.946442150726 25.132889902075998 29.999999999993001  1.00731395893 30.508761464871998 37.547535313762999 45.000000000004  1.0073139589310001 19.708128583520001 49.056591009698998 60.000000000001997  1.00731395893 3.7384349234759999 57.508330431042999 74.999999999997002  1.0073139589310001 -16.424261313079999 59.390436344584998 89.999999999994998  1.00731395893 -36.595370203370003 52.38900676942 105  1.0073139589310001 -52.086521153690001 37.7001827769 119.99999999999  1.00731395893 -59.999999999990003 18.849555921539 135  1.00731395893 -60 3.1974423109200002e-14 150  1.00731395893 

0 7
0.763337317515 7

0 11
150 11

9 0 1 0 0 6 3 7 4 2 2 34.637033051563002 2.1209065829279998e-15 2  1.1325565747149999 34.637033051563002 2.1209065829279998e-15 51.333333333333002  1.1325565747149999 51.955549577344001 3.1813598743920002e-15 100.66666666666001  1.1325565747149999 51.955549577344001 3.1813598743920002e-15 150  1.1325565747149999 
34.637033051563002 -19.81405237836 2  1.0363466313409999 34.637033051563002 -19.81405237836 51.333333333333002  1.0363466313409999 51.955549577344001 -29.721078567540001 100.66666666666001  1.0363466313409999 51.955549577344001 -29.721078567540001 150  1.0363466313409999 
21.6387131653 -37.191989479580002 2  0.99231630935399995 21.6387131653 -37.191989479580002 51.333333333333002  0.99231630935399995 32.458069747949999 -55.78798421938 100.66666666666001  0.99231630935399995 32.458069747949999 -55.78798421938 150  0.99231630935399995 
-3.5527136788010003e-15 -44.199003883689997 2  0.97646189969300001 3.5527136788010003e-15 -44.199003883689997 51.333333333333002  0.97646189969300001 -1.42108547152e-14 -66.298505825540005 100.66666666666001  0.97646189969300001 -3.5527136788010003e-15 -66.298505825540005 150  0.97646189969300001 
-21.6387131653 -37.191989479580002 2  0.99231630935399995 -21.6387131653 -37.191989479580002 51.333333333333002  0.99231630935399995 -32.458069747949999 -55.78798421938 100.66666666666001  0.99231630935399995 -32.458069747949999 -55.78798421938 150  0.99231630935399995 
-34.637033051560003 -19.81405237836 2  1.0363466313409999 -34.637033051560003 -19.81405237836 51.333333333333002  1.0363466313409999 -51.955549577340001 -29.721078567540001 100.66666666666001  1.0363466313409999 -51.955549577340001 -29.721078567540001 150  1.0363466313409999 
-34.637033051560003 -2.1209065829279998e-15 2  1.1325565747149999 -34.637033051560003 -2.1209065829279998e-15 51.333333333333002  1.1325565747149999 -51.955549577340001 -3.1813598743920002e-15 100.66666666666001  1.1325565747149999 -51.955549577340001 -3.1813598743920002e-15 150  1.1325565747149999 

0 7
3.1415926535900001 7

0 4
148 4

9 0 1 0 0 6 3 7 4 2 2 -34.637033051560003 -2.1209065829279998e-15 2  1.1325565747149999 -34.637033051560003 -2.1209065829279998e-15 51.333333333333002  1.1325565747149999 -51.955549577340001 -3.1813598743920002e-15 100.66666666666001  1.1325565747149999 -51.955549577340001 -3.1813598743920002e-15 150  1.1325565747149999 
-34.637033051560003 19.814052378366 2  1.0363466313409999 -34.637033051560003 19.814052378366 51.333333333333002  1.0363466313409999 -51.955549577340001 29.721078567547998 100.66666666666001  1.0363466313409999 -51.955549577340001 29.721078567547998 150  1.0363466313409999 
-21.6387131653 37.191989479585999 2  0.99231630935399995 -21.6387131653 37.191989479585999 51.333333333333002  0.99231630935399995 -32.458069747949999 55.78798421938 100.66666666666001  0.99231630935399995 -32.458069747949999 55.78798421938 150  0.99231630935399995 
3.5527136788010003e-15 44.199003883693997 2  0.97646189969300001 -3.5527136788010003e-15 44.199003883693997 51.333333333333002  0.97646189969300001 1.42108547152e-14 66.298505825541994 100.66666666666001  0.97646189969300001 3.5527136788010003e-15 66.298505825541994 150  0.97646189969300001 
21.6387131653 37.191989479585999 2  0.99231630935399995 21.6387131653 37.191989479585999 51.333333333333002  0.99231630935399995 32.458069747949999 55.78798421938 100.66666666666001  0.99231630935399995 32.458069747949999 55.78798421938 150  0.99231630935399995 
34.637033051563002 19.814052378366 2  1.0363466313409999 34.637033051563002 19.814052378366 51.333333333333002  1.0363466313409999 51.955549577344001 29.721078567547998 100.66666666666001  1.0363466313409999 51.955549577344001 29.721078567547998 150  1.0363466313409999 
34.637033051563002 2.1209065829279998e-15 2  1.1325565747149999 34.637033051563002 2.1209065829279998e-15 51.333333333333002  1.1325565747149999 51.955549577344001 3.1813598743920002e-15 100.66666666666001  1.1325565747149999 51.955549577344001 3.1813598743920002e-15 150  1.1325565747149999 

0 7
3.1415926535900001 7

0 4
148 4

9 1 1 0 0 2 13 3 50 2 5 0.69550523056799995 42.341860899936997 2.2202673565439999  1 0.622582209956 42.279473960891998 2.2316788604409998  1 0.55110740182899998 42.218325993344997 2.2428637379269998  1 0.48108080618900001 42.158416997296001 2.2538219890020001  1 0.41250242303399998 42.099746972745002 2.2645536136670001  1 0.34537225236500002 42.042315919690999 2.2750586119210001  1 0.27969029418199998 41.986123838135001 2.2853369837640001  1 0.21545654848500001 41.931170728076999 2.295388729196  1 0.152671015273 41.877456589516001 2.3052138482169999  1 0.091333694547069993 41.824981422453 2.3148123408279999  1 0.031444586306900002 41.773745226888003 2.3241842070269998  1 -0.026996309447510001 41.723748002820997 2.3333294468160002  1 -0.083988992716160005 41.674989750251001 2.3422480601950002  1 -0.86716586750500002 41.004968026801997 2.4648050508889998  1 -1.615551200604 40.404747109909003 2.5860723034820001  1 -2.3837289722650001 39.826455670553003 2.7150118346380001  1 -3.1707189794950001 39.269656195475001 2.851822791095  1 -3.9756382460020001 38.733778366366998 2.9966416531950002  1 -4.7977782585900002 38.218109253529001 3.149543907585  1 -5.6366503309639997 37.721813748152996 3.3105399885020002  1 -6.4920069267020004 37.243977973047002 3.4795663027030002  1 -7.3638467707900004 36.783668365952998 3.656472149681  1 -8.2524115820940001 36.339999181156998 3.8410033526470002  1 -9.1581822559290007 35.912201105107997 4.0327834120350001  1 -10.08188232889 35.499683723474 4.2312929964219999  1 -11.967110782400001 34.704485370756998 4.6404041704939996  1 -12.928599814769999 34.321820680418 4.850992544546  1 -13.910211458259999 33.953684021211998 5.0670337740290003  1 -14.91160232258 33.600379513004 5.2871103471770002  1 -15.93903541115 33.261013354961001 5.5119285099609998  1 -16.982547100240001 32.939149983131003 5.7361765683119996  1 -18.06317987744 32.631428005821 5.9649530805789999  1 -19.157310652740001 32.346069224296997 6.1882549121050001  1 -20.289586397539999 32.080440092921997 6.4112603000349999  1 -21.444998874509999 31.842292496018999 6.6274386110319998  1 -22.630211887169999 31.634903582987999 6.8363724230720004  1 -23.84166481115 31.464315471753999 7.0356520964089997  1 -25.153823204550001 31.328076960859001 7.235535405357  1 -25.232027214959999 31.319957211003999 7.247448354626  1 -25.311333977739999 31.311722964803 7.2595292880309996  1 -25.391743492900002 31.303374222256 7.2717782055719997  1 -25.473255760440001 31.294910983364002 7.2841951072480002  1 -25.555870780349998 31.286333248125 7.2967799930600004  1 -25.639588552629998 31.277641016539999 7.309532863007  1 -25.724409077280001 31.268834288610002 7.3224537170900001  1 -25.810332354309999 31.259913064332999 7.3355425553089999  1 -25.89735838372 31.250877343711 7.3487993776630001  1 -25.985487165489999 31.241727126743001 7.3622241841529998  1 -26.074718699649999 31.232462413427999 7.375816974778  1 -26.16505298617 31.223083203767999 7.3895777495389998  1 
1.6333800623629999 41.186085749375003 2.8612946245140002e-13  0.87458904365599999 1.5610839767939999 41.126468189503001 2.625408110279e-13  0.87508596201099997 1.4899650307879999 41.067821334861002 2.3933623482189999e-13  0.87550006063999997 1.4200013793720001 41.010127171416997 2.1650860629129999e-13  0.87583133954199999 1.3511718700369999 40.953368256167003 1.940510238291e-13  0.87607979871999997 1.2834560214370001 40.897527699567 1.719568048142e-13  0.87624543817099998 1.216834003078 40.842589148785997 1.5021947898440001e-13  0.87632825789699997 1.151286615961 40.788536771742997 1.2883278212150001e-13  0.87632825789699997 1.0867952741410001 40.735355241900997 1.077906500329e-13  0.87624543817099998 1.0233419871560001 40.683029723773998 8.7087212818830004e-14  0.87607979871999997 0.96090934329199995 40.631545859132999 6.6716789413809997e-14  0.87583133954199999 0.89948049366600002 40.580889753873997 4.6673882390850002e-14  0.87550006063999997 0.83903913707599997 40.531047965526 2.6953173019460001e-14  0.87508596201099997 -0.0057704704642760002 39.834392165125998 -2.4868995751599998e-13  0.86807941467399996 -0.81601390504000004 39.216224275625002 1.2079226507920001e-12  0.86109408458500003 -1.64981998841 38.628466485865999 -3.3515412667380001e-12  0.853605149565 -2.5057091725579999 38.072059671296998 6.8771655037380002e-12  0.845586424409 -3.3821176597660001 37.547896129016003 -1.0944134487539999e-11  0.83701298513599998 -4.2774225856659998 37.056812158583 1.4032330852840001e-11  0.82786090928099998 -5.1899452612049997 36.599594746896003 -1.450040088002e-11  0.81810725690399999 -6.1179395035770003 36.176996897248998 1.206945654531e-11  0.80773033636299996 -7.0595718496859998 35.789755737188997 -7.9460882318470008e-12  0.79671029751900002 -8.0129003717889997 35.438606848676002 4.0247805088710004e-12  0.78503009664300005 -8.9758589528619996 35.124287210052998 -1.4117595981130001e-12  0.77267687569599997 -9.9462543219670003 34.847517601454001 2.5979218776230001e-13  0.75964380002499998 -11.93384876419 34.361454113153002 -1.532107773983e-13  0.73222099499299997 -12.956604497340001 34.153815815159 4.0589753780299999e-13  0.71783236383799998 -13.987819763119999 33.987387114729003 -5.4134474680719997e-13  0.70275925586800003 -15.02583580674 33.863095987622998 9.0594198809409997e-14  0.68705954084700005 -16.0663435158 33.783527773795001 1.3491430195240001e-12  0.67060841534299998 -17.10905722831 33.747098043926002 -3.116618074728e-12  0.65378027436399999 -18.148615742650001 33.759763272321003 4.1273651163459997e-12  0.63608665506600004 -19.180114516220002 33.816246391118 -3.7712055700469999e-12  0.618285962701 -20.205715356039999 33.922364409594003 2.6405544417680002e-12  0.59991528165200003 -21.21385233949 34.074311414324001 -1.4255263636190001e-12  0.58147275191000003 -22.207166089240001 34.272243230191997 5.9729998724829999e-13  0.56300634407799999 -23.182169607159999 34.514208139894002 -1.558753126574e-13  0.54475089227700002 -24.200801272549999 34.816869357202997 1.7646921192719999e-14  0.52578294158700001 -24.266223726789999 34.836308022140997 2.8791528992259999e-14  0.524854158352 -24.335135915990001 34.856783575552001 4.0530607420409999e-14  0.52411113176400004 -24.407479347990002 34.878278637937001 5.2854192434350001e-14  0.52355386182300001 -24.483187930300002 34.900773571542999 6.5751025283370003e-14  0.52318234852900003 -24.562188164289999 34.924246538073 7.9208585599640002e-14  0.52299659188199998 -24.64439938001 34.948673568441002 9.3213131386759997e-14  0.52299659188199998 -24.729734009809999 34.974028644089998 1.077497456422e-13  0.52318234852900003 -24.818097899089999 35.000283789306998 1.2280238928289999e-13  0.52355386182300001 -24.90939065165 35.027409173838997 1.3835395997940001e-13  0.52411113176400004 -25.003506007089999 35.055373225037997 1.5438635644820001e-13  0.524854158352 -25.100332247320001 35.084142748635998 1.7088054769579999e-13  0.52578294158700001 -25.19975262889 35.113683057205002 1.8781664666809999e-13  0.52689748146799997 
3.3110298629270001 39.088108263465998 2.142408850832e-13  1 3.249746137702 39.029022216043003 1.9837570975199999e-13  1 3.188462412477 38.969936168619 1.825105344208e-13  1 3.127178687252 38.910850121195999 1.666453590895e-13  1 3.065894962027 38.851764073772003 1.5078018375829999e-13  1 3.0046112368019999 38.792678026348 1.3491500842710001e-13  1 2.9433275115769999 38.733591978924999 1.190498330959e-13  1 2.8820437863519999 38.674505931501002 1.031846577646e-13  1 2.8207600611269998 38.615419884076999 8.7319482433420003e-14  1 2.7594763359019998 38.556333836653003 7.1454307102190003e-14  1 2.6981926106769998 38.497247789227998 5.5589131770969999e-14  1 2.6369088854520002 38.438161741804002 3.9723956439750001e-14  1 2.5756251602270002 38.379075694379999 2.3858781108520001e-14  1 1.7115248146719999 37.545962599356002 -1.9984014443250001e-13  1 0.87967209886800002 36.795268677194002 9.7699626167079994e-13  1 0.019596085271759999 36.068591621853997 -2.7040591987719999e-12  1 -0.86802176812099996 35.366501934744001 5.533351554751e-12  1 -1.7825721556659999 34.689509863592001 -8.7125862080029999e-12  1 -2.723490660785 34.038100176888001 1.092370638396e-11  1 -3.6902532734090001 33.412754106567 -1.091438051042e-11  1 -4.6823855461130002 32.813963869577996 8.6988194425819993e-12  1 -5.6994762451770002 32.242245138718999 -5.3974602565030004e-12  1 -6.7411863548359996 31.698152878487999 2.5162094630140002e-12  1 -7.8072442908620001 31.182305917781001 -7.6472161936139999e-13  1 -8.8974181816200009 30.695425667873 7.9936057773030002e-14  1 -11.125493964429999 29.781363067846002 8.0824236192690002e-14  1 -12.263300362060001 29.354167852718 -7.3363537467329996e-13  1 -13.4257133675 28.957751372508 2.3101520696309998e-12  1 -14.60715802993 28.592768466106001 -4.7282178173079996e-12  1 -15.82469708622 28.261406837484 7.3425709955819993e-12  1 -17.038725638980001 27.963065182057001 -8.9941387672080006e-12  1 -18.31483539932 27.702030068185 8.9097618171129997e-12  1 -19.570564832300001 27.478032994667 -7.1045391792489997e-12  1 -20.879300466779998 27.293857104863001 4.5479175980469996e-12  1 -22.194236049810002 27.153110988352001 -2.2533086507859999e-12  1 -23.531724712310002 27.057495395816002 8.3266726846800004e-13  1 -24.883849354390001 27.010191071543002 -1.771915947302e-13  1 -26.332615456980001 27.013786733663999 1.8138776731780001e-14  1 -26.41774366229 27.013998011565999 2.9616215315809998e-14  1 -26.5028718676 27.014209289469001 4.1093653899829997e-14  1 -26.588000072909999 27.014420567371001 5.257109248386e-14  1 -26.673128278219998 27.014631845274 6.4048531067889996e-14  1 -26.758256483530001 27.014843123176 7.5525969651919998e-14  1 -26.843384688840001 27.015054401078 8.7003408235940004e-14  1 -26.92851289415 27.015265678980999 9.8480846819969994e-14  1 -27.013641099459999 27.015476956882999 1.09958285404e-13  1 -27.098769304769998 27.015688234786001 1.21435723988e-13  1 -27.183897510080001 27.015899512688001 1.3291316257209999e-13  1 -27.269025715390001 27.016110790591 1.4439060115609999e-13  1 -27.3541539207 27.016322068493 1.5586803974009999e-13  1 

0 3
26.174596211354999 3

-1.908874923305 14
-0.90984430941799999 12
12.177453796259 12
25.264751901935998 12
26.081756329809998 14

9 1 1 0 0 2 13 3 50 2 5 36.321374567569002 -21.773255648100001 2.2202673565439999  1 36.303807403797997 -21.678908990210001 2.2316788604409998  1 36.286589114576003 -21.586436006869999 2.2428637379269998  1 36.269719699901998 -21.495836698080002 2.2538219890020001  1 36.253199159776997 -21.407111063839999 2.2645536136670001  1 36.237027494201001 -21.320259104150001 2.27505861192  1 36.221204703173001 -21.235280819020002 2.285336983763  1 36.205730786695 -21.152176208429999 2.2953887291949999  1 36.190605744765001 -21.070945272399999 2.3052138482169999  1 36.175829577382999 -20.991588010920001 2.3148123408269998  1 36.161402284551002 -20.91410442399 2.3241842070269998  1 36.147323866267001 -20.838494511619999 2.3333294468160002  1 36.133594322531998 -20.764758273790001 2.3422480601940001  1 35.944926926329998 -19.751496342839999 2.4648050508889998  1 35.799313030975 -18.803265174109999 2.5860723034820001  1 35.682586839511004 -17.848857989550002 2.7150118346359999  1 35.593879352941997 -16.88890491323 2.8518227910989999  1 35.532255172786002 -15.92388546588 2.996641653188  1 35.496742627507999 -14.9540567731 3.1495439075920002  1 35.486374148168998 -13.979424495210001 3.310539988495  1 35.500234526021998 -12.999746066449999 3.4795663027080002  1 35.537514634682999 -12.014555809899999 3.6564721496789998  1 35.597568255436002 -11.02320151799 3.8410033526470002  1 35.679969590806003 -10.024882066429999 4.0327834120350001  1 35.784569095282997 -9.0186756469529996 4.2312929964209998  1 36.038521347550002 -6.9884207379129997 4.6404041704949996  1 36.187868520720997 -5.9644144652520001 4.8509925445380002  1 36.359858643693997 -4.9302455157300002 5.0670337740529998  1 36.554583396105002 -3.8863633340330002 5.2871103471219998  1 36.774400226974997 -2.8268970995439999 5.5119285100540001  1 37.017414214101002 -1.762257781882 5.7361765681900003  1 37.291235554002 -0.67254135580700003 5.9649530807020001  1 37.591172986804999 0.41768308123499998 6.1882549120119998  1 37.927269284060003 1.5310772061160001 6.411260300086  1 38.298733653428997 2.6507675614420001 6.6274386110099996  1 38.711736092766003 3.7808865958200002 6.8363724230800003  1 39.169728916794 4.9153296590939997 7.0356520964070004  1 39.707822102093999 6.1198114170129996 7.235535405357  1 39.739892197652999 6.1915979516349999 7.247448354626  1 39.772414512655999 6.2643967460000001 7.2595292880309996  1 39.805389047101002 6.338207800108 7.2717782055719997  1 39.838815800989003 6.4130311139579996 7.2841951072480002  1 39.872694774320003 6.488866687552 7.2967799930600004  1 39.907025967092999 6.5657145208880001 7.3095328630080001  1 39.941809379310001 6.643574613967 7.3224537170910002  1 39.977045010969 6.7224469667889997 7.33554255531  1 40.012732862070997 6.802331579354 7.3487993776640002  1 40.048872932614998 6.8832284516620001 7.3622241841539999  1 40.085465222602998 6.9651375837130001 7.3758169747790001  1 40.122509732033002 7.0480589755069998 7.3895777495399999  1 
34.851506510221 -22.00759150272 -1.3491742365350001e-13  0.87458904365599999 34.836024231644998 -21.91517247609 -1.2281648635479999e-13  0.87508596201099997 34.820794038675999 -21.824258234839998 -1.10912578977e-13  0.87550006063999997 34.805811253191997 -21.73482085365 -9.9202045103460004e-14  0.87583133954199999 34.791071345360997 -21.646833292410001 -8.7681344221700001e-14  0.87607979871999997 34.776569929083998 -21.560269368979998 -7.6347048158589995e-14  0.87624543817099998 34.762302757640001 -21.475103733240001 -6.5195837680930005e-14  0.87632825789699997 34.748265719545003 -21.391311842330001 -5.4224499255609998e-14  0.87632825789699997 34.734454834598999 -21.30886993707 -4.3429921962320001e-14  0.87624543817099998 34.720866250127997 -21.22775501952 -3.2809094552700001e-14  0.87607979871999997 34.707496237396001 -21.147944831589999 -2.235910264996e-14  0.87583133954199999 34.694341188197001 -21.069417834660001 -1.2077126083589999e-14  0.87550006063999997 34.681397611614003 -20.99215319024 -1.9604363540650001e-15  0.87508596201099997 34.500480794543002 -19.91219870854 1.394440118929e-13  0.86807941467399996 34.370253415718999 -18.90142336621 -5.8975047068090002e-13  0.86109408458500003 34.278143280199998 -17.88544722128 1.6311396677790001e-12  0.85360514956599998 34.224225436018997 -16.866022037739999 -3.2551739082010002e-12  0.84558642440800003 34.208490736271003 -15.84494825252 5.0932591477699998e-12  0.83701298513800004 34.230852005433 -14.824049457419999 -6.385114659224e-12  0.82786090927800005 34.29115144963 -13.80517293296 6.4970251401060001e-12  0.81810725690800001 34.389168097437 -12.790207419730001 -5.3326232318800002e-12  0.80773033636000002 34.524623588487998 -11.78110930691 3.477218513126e-12  0.79671029752099998 34.697183991576999 -10.779928144379999 -1.7066348334540001e-12  0.78503009664199996 34.906454490157998 -9.7888217310610006 5.7953641885430001e-13  0.77267687569599997 35.151962662667003 -8.8100498854040001 -7.4606987254810002e-14  0.75964380002499998 35.724816555060002 -6.8457108618640001 -5.3290705182009999e-15  0.73222099499399995 36.056374380774997 -5.8561592660919999 3.3573144264659998e-13  0.717832363837 36.427850531178002 -4.879886298932 -1.1270984145990001e-12  0.70275925586999999 36.839219279439 -3.918792472082 2.258637721297e-12  0.68705954084400001 37.290565039476 -2.977902256278 -3.094413614235e-12  0.67060841534899995 37.780372824183999 -2.0566708274460002 3.1494806762569999e-12  0.65378027435899999 38.311120490920999 -1.162719359505 -2.4211743721029998e-12  0.63608665507100004 38.875785693441003 -0.29765677700999998 1.311395436687e-12  0.618285962696 39.480487013168002 0.53748059516699997 -2.75335310107e-13  0.59991528165499997 40.116145471015997 1.33457933098 -2.4558133304709997e-13  0.58147275190799996 40.784216326644 2.0958483642419998 2.464695114668e-13  0.56300634407899997 41.481265844233 2.8192437246959998 -6.6169292267659999e-14  0.54475089227700002 42.252693979859004 3.5500740153689998 7.1166648079750002e-15  0.52578294158700001 42.302239584627998 3.5970121902460002 1.182351551349e-14  0.524854158352 42.354428028637997 3.6464541200179998 1.678143692046e-14  0.52411113176400004 42.409215014723998 3.6983578387399998 2.198622078193e-14  0.52355386182300001 42.466550489836003 3.7526759274980002 2.7433112039680001e-14  0.52318234852900003 42.526378792149004 3.8093556537760001 3.3116822799960001e-14  0.52299659188199998 42.588638828843997 3.8683391398759999 3.9031549222329999e-14  0.52299659188199998 42.653264283372003 3.9295635592839999 4.517099121034e-14  0.52318234852900003 42.720183850752001 3.992961359573 5.1528374764320003e-14  0.52355386182300001 42.789321499122998 4.058460510203 5.8096476829639994e-14  0.52411113176400004 42.860596755574001 4.1259847732979997 6.4867652449969995e-14  0.524854158352 42.933925013979 4.1954539952910004 7.183386401234e-14  0.52578294158700001 43.009217862424002 4.2667844171059999 7.89867123522e-14  0.52689748146799997 
32.195779810575999 -22.411490105710001 -1.056322397378e-14  1 32.175251655110003 -22.328873819119998 -9.6140254496919993e-15  1 32.154723499645002 -22.246257532520001 -8.6648269256010006e-15  1 32.134195344178998 -22.163641245929998 -7.715628401509e-15  1 32.113667188713002 -22.081024959330001 -6.7664298774179997e-15  1 32.093139033248001 -21.998408672739998 -5.8172313533270002e-15  1 32.072610877781997 -21.915792386140001 -4.8680328292359999e-15  1 32.052082722316001 -21.833176099549998 -3.9188343051450004e-15  1 32.031554566849998 -21.750559812950002 -2.9696357810540001e-15  1 32.011026411384002 -21.667943526350001 -2.0204372569630001e-15  1 31.990498255917998 -21.585327239760002 -1.071238732872e-15  1 31.969970100451999 -21.502710953160001 -1.2204020878140001e-16  1 31.949441944985999 -21.420094666570002 8.2715831530940005e-16  1 31.659995013246 -20.25520526839 1.42108547152e-14  1 31.425801364095001 -19.159452723209998 -1.5099033134909999e-14  1 31.226518580600001 -18.05126651858 -8.9261931179670003e-14  1 31.062300002573998 -16.931522065140001 5.5289106626570004e-13  1 30.933282864483999 -15.80100216091 -1.5702994460200001e-12  1 30.839604780195 -14.660437989229999 2.9722890815490001e-12  1 30.781420503341 -13.51052397212 -4.0496495045949999e-12  1 30.758919083013001 -12.351917101530001 4.1384673466140003e-12  1 30.772341487744001 -11.18523135277 -3.1743496719979999e-12  1 30.821998823238001 -10.01103780431 1.791011783328e-12  1 30.908291218807999 -8.8298810694540002 -6.7323924213239998e-13  1 31.031727499163001 -7.6423226605609997 1.15463194561e-13  1 31.354163958308 -5.2557211310680003 -2.3536728122049999e-14  1 31.553105248402002 -4.0567542785819999 -1.505462421392e-13  1 31.791005008926 -2.851866846039 7.0521366524149998e-13  1 32.065642870912001 -1.6462143021110001 -1.69242397874e-12  1 32.387444811445 -0.42611373470800001 2.885691685603e-12  1 32.736087634336002 0.77443666018699997 -3.7174707756570003e-12  1 33.148079475624002 2.0100976881529999 3.7938541197480001e-12  1 33.581957035152001 3.2095898136060002 -3.08020275952e-12  1 34.076823853701001 4.4350760651680003 2.012612299041e-12  1 34.612401932493 5.6442167425119996 -1.0067502387300001e-12  1 35.198340731747997 6.8503236978239999 3.7259084706420001e-13  1 35.833436306218999 8.0449501490799999 -7.1942451995710005e-14  1 36.560933292260998 9.2978205670040008 9.6811090258100002e-15  1 36.603680366947998 9.3714381164299994 1.447723674327e-14  1 36.646427441634003 9.4450556658559996 1.9273364460729999e-14  1 36.689174516320001 9.5186732152809999 2.4069492178190001e-14  1 36.731921591006 9.5922907647070002 2.8865619895649998e-14  1 36.774668665691998 9.6659083141320004 3.3661747613109997e-14  1 36.817415740378003 9.7395258635580007 3.8457875330570003e-14  1 36.860162815064001 9.8131434129830009 4.3254003048030002e-14  1 36.902909889749999 9.8867609624089994 4.8050130765490001e-14  1 36.945656964435997 9.9603785118339996 5.2846258482950001e-14  1 36.988404039122003 10.03399606126 5.7642386200410006e-14  1 37.031151113808001 10.107613610685 6.2438513917869999e-14  1 37.073898188493999 10.181231160111 6.7234641635330005e-14  1 

0 3
26.174596211350998 3

-1.9088749233060001 14
-0.90984430941799999 12
12.177453796257 12
25.264751901933 12
26.081756329802001 14

9 1 1 0 0 2 13 3 50 2 5 -20.56860525183 37.016879798136003 2.2202673565420001  1 -20.600564970680001 36.926389613752001 2.2316788604390001  1 -20.63188998647 36.837696516403 2.242863737925  1 -20.662580299209999 36.750800506089 2.2538219890010001  1 -20.692635908900002 36.665701582809 2.264553613665  1 -20.722056815529999 36.582399746562999 2.2750586119189999  1 -20.75084301911 36.500894997353001 2.2853369837619999  1 -20.77899451963 36.421187335176 2.2953887291939998  1 -20.8065113171 36.343276760035003 2.3052138482150002  1 -20.833393411519999 36.267163271927998 2.3148123408260002  1 -20.859640802889999 36.192846870855 2.3241842070260001  1 -20.8852534912 36.120327556817998 2.3333294468150001  1 -20.910231476450001 36.049605329815002 2.342248060193  1 -21.253471683960001 35.077761058834 2.4648050508889998  1 -21.601481935759999 34.183761830328997 2.5860723034770001  1 -21.977597681060001 33.298857867359999 2.7150118346490002  1 -22.3807512821 32.423160373214998 2.8518227910729999  1 -22.8098929007 31.556616927137 2.996641653228  1 -23.264052480149999 30.698964368492 3.1495439075439999  1 -23.74238925321 29.849723817613999 3.3105399885420002  1 -24.24423190637 29.008227599004002 3.479566302671  1 -24.769112556189999 28.173667864087001 3.6564721497020001  1 -25.316797663079999 27.345156673249001 3.8410033526360001  1 -25.887319038699999 26.521787334909 4.0327834120389996  1 -26.481008076510001 25.702686766387998 4.2312929964199997  1 -27.716064632849999 24.071410565147001 4.6404041704969998  1 -28.357406215099999 23.259268705943001 4.8509925445329998  1 -29.02343850566 22.449647185431001 5.067033774065  1 -29.714016178630001 21.642981073518001 5.2871103471070002  1 -30.434116255900001 20.835364815813001 5.5119285100680004  1 -31.176892200689998 20.034867113868 5.7361765681819996  1 -31.958886650539998 19.228055676539 5.9649530807059996  1 -32.763752305099999 18.433862334084001 6.1882549120050001  1 -33.611517299330004 17.637682886505999 6.4112603001000004  1 -34.493060057299999 16.853734778922 6.6274386109989996  1 -35.41579017886 16.081524205592 6.8363724230849998  1 -36.379645130829999 15.328064105642 7.0356520964060003  1 -37.447888377870001 14.553998897543 7.235535405357  1 -37.511555162640001 14.507864982691 7.247448354626  1 -37.5761197108 14.461080534908 7.2595292880319997  1 -37.641582022359998 14.413645554194 7.2717782055719997  1 -37.70794209732 14.365560040548001 7.2841951072490003  1 -37.77519993568 14.316823993970999 7.2967799930609996  1 -37.84335553743 14.267437414463 7.3095328630080001  1 -37.912408902579998 14.217400302024 7.3224537170910002  1 -37.98236003113 14.166712656653999 7.33554255531  1 -38.053208923070002 14.115374478352001 7.3487993776640002  1 -38.124955578410002 14.06338576712 7.3622241841539999  1 -38.19759999715 14.010746522956 7.3758169747800002  1 -38.271142179279998 13.957456745861 7.389577749541  1 
-19.17849424664 36.484886572584003 -4.760669703068e-14  0.87458904365599999 -19.211295713399998 36.397108208439001 -4.2823556274089997e-14  0.87508596201099997 -19.24356310001 36.310759069463998 -3.8118295587630002e-14  0.87550006063999997 -19.275306317759998 36.225812632562999 -3.3489469698400003e-14  0.87583133954299996 -19.30653496375 36.142243215398999 -2.893567914717e-14  0.87607979871999997 -19.337258330569998 36.060025950521997 -2.445556887898e-14  0.87624543817099998 -19.367485415529998 35.979136760717999 -2.0047826899629999e-14  0.87632825789699997 -19.397224929410001 35.899552335506002 -1.5711182995030001e-14  0.87632825789699997 -19.426485304829999 35.821250108740003 -1.144440751086e-14  0.87624543817099998 -19.455274704250002 35.744208237283999 -7.2463101901729995e-15  0.87607979871999997 -19.483601027540001 35.668405580687001 -3.115739066456e-15  0.87583133954299996 -19.511471919209999 35.593821681862998 9.4842058984060003e-16  0.87550006063999997 -19.538894775279999 35.520436748689001 4.9472472734620003e-15  0.87508596201099997 -19.92219345657 34.494710324076998 6.0840221749460005e-14  0.86807941467399996 -20.31480090941 33.554239510683999 -2.051692149507e-13  0.86109408458400005 -20.743019264569998 32.628323291777001 5.2624571367229997e-13  0.85360514956800004 -21.206037633560001 31.718516263482002 -8.9306340100849995e-13  0.84558642440300003 -21.702947876460001 30.826373076484 1.285194173306e-12  0.837012985145 -22.232762701190001 29.953429419782001 -1.591615728103e-12  0.82786090926900002 -22.794421813900001 29.101206188422001 1.8323120798410001e-12  0.81810725691599995 -23.386789477539999 28.271228593854001 -1.841637953248e-12  0.80773033635400004 -24.008646430260001 27.465051738810001 1.555644502105e-12  0.796710297525 -24.658678704300002 26.684283619782999 -1.027178342383e-12  0.78503009664000001 -25.335465478989999 25.930595537298 5.4445337127619999e-13  0.77267687569700005 -26.037467716049999 25.205708340701001 -1.98507876803e-13  0.75964380002499998 -27.515743251290001 23.790967790867001 3.2551739082009999e-13  0.73222099499399995 -28.297656549060001 23.099769883432 -1.7990053891030001e-12  0.71783236383600002 -29.107500815800002 22.44003076804 5.3343995887189998e-12  0.70275925587300003 -29.94430351554 21.813383472706001 -1.123545700921e-11  0.68705954083700005 -30.805625517500001 21.224221523659999 1.8377299682019999e-11  0.67060841536000004 -31.69042721652 20.671315595873999 -2.4080293314909999e-11  0.65378027434399999 -32.597043912750003 20.162504748282998 2.5631941014130002e-11  0.63608665508499995 -33.518589614169997 19.695671177194999 -2.1977530906270001e-11  0.61828596268500002 -34.459845004709997 19.274771657146999 1.4968470907210001e-11  0.59991528166200003 -35.408890745329998 18.902293131501001 -7.8550499438279996e-12  0.58147275190600001 -36.368091594420001 18.577050237413001 3.010924842783e-12  0.56300634408000005 -37.333451864590003 18.299096237069001 -6.9544370262519998e-13  0.54475089227700002 -38.366943372569999 18.051892707305001 4.687212065691e-14  0.52578294158700001 -38.433320212380004 18.036015857839001 9.4547963286870006e-14  0.524854158352 -38.503237695560003 18.019292112649001 1.4476690915100001e-13  0.52411113176400004 -38.576636476669997 18.001735666727999 1.9748633278010001e-13  0.52355386182300001 -38.653449499040001 17.983362559534001 2.5265807003620002e-13  0.52318234852900003 -38.733602191839999 17.964190627855 3.1022855967280002e-13  0.52299659188199998 -38.817012708310003 17.944239448834999 3.701390144027e-13  0.52299659188199998 -38.903592203370003 17.923530273560999 4.3232562034620002e-13  0.52318234852900003 -38.993245148870002 17.902085951657 4.9671976344160002e-13  0.52355386182300001 -39.085869684039999 17.87993084747 5.6324828113590003e-13  0.52411113176400004 -39.18135799833 17.857090748482999 6.3183373741970005e-13  0.524854158352 -39.279596743920003 17.833592766658999 7.0239471905199998e-13  0.52578294158700001 -39.380467474310002 17.809465233526002 7.7484615062409997e-13  0.52689748146799997 
-16.676618157749999 35.506809673501998 3.6804155603759998e-13  1 -16.70014839692 35.424997792810998 3.4031139915519999e-13  1 -16.72367863609 35.343185912119999 3.1258124227290001e-13  1 -16.74720887526 35.261374031429 2.8485108539059999e-13  1 -16.77073911443 35.179562150738001 2.5712092850830002e-13  1 -16.794269353600001 35.097750270047001 2.2939077162599999e-13  1 -16.817799592770001 35.015938389356002 2.0166061474369999e-13  1 -16.841329831949999 34.934126508665003 1.7393045786139999e-13  1 -16.864860071119999 34.852314627974003 1.4620030097900001e-13  1 -16.888390310289999 34.770502747283999 1.1847014409670001e-13  1 -16.91192054946 34.688690866592999 9.0739987214410005e-14  1 -16.93545078863 34.606878985902 6.300983033209e-14  1 -16.9589810278 34.525067105212003 3.5279673449770002e-14  1 -17.290757330969999 33.371519827926001 -3.557154570899e-13  1 -17.635815953950001 32.305473462925001 1.6697754290349999e-12  1 -18.017325103329998 31.246114665977998 -4.6074255522010001e-12  1 -18.434979869469998 30.194278234239 9.3733909522770005e-12  1 -18.888507702879998 29.150710709150001 -1.4823697824869998e-11  1 -19.377662187399999 28.116114119008 1.8812063018339999e-11  1 -19.902230134690001 27.091167230322998 -1.9232615500310001e-11  1 -20.46204676784 26.076533536595999 1.578515096404e-11  1 -21.057013786070002 25.072865242755 -1.016431383508e-11  1 -21.68711507411 24.080812468312001 4.9515946898199999e-12  1 -22.352424848350001 23.101046927976 -1.6351364706690001e-12  1 -23.053103007299999 22.134309317538001 2.3891999489930001e-13  1 -24.525641936789999 20.22866999387 -3.0198066269810001e-14  1 -25.29741357408 19.289804886340001 -3.868017017791e-13  1 -26.105884526610001 18.365291641409001 1.4979129048280001e-12  1 -26.94655416374 17.458484841012002 -3.301359186009e-12  1 -27.835293103089999 16.562747725135001 5.2873261325160002e-12  1 -28.737501841930001 15.697361995475999 -6.4677152521930003e-12  1 -29.712127756579999 14.833244076153999 6.2310157034679997e-12  1 -30.68762280807 14.011392202972001 -4.7530868129880003e-12  1 -31.728933170209999 13.197523386852 2.9007907187549999e-12  1 -32.797327730749998 12.418165882704001 -1.3802292642109999e-12  1 -33.907819093679997 11.66661601943 4.9382720135369998e-13  1 -35.055141220609997 10.949586951822999 -1.0080825063589999e-13  1 -36.31160730066 10.228317835275 1.053949734713e-14  1 -36.385436127989998 10.185936704652001 1.7082191805620001e-14  1 -36.459264955320002 10.143555574027999 2.3624886264099999e-14  1 -36.533093782649999 10.101174443405 3.016758072259e-14  1 -36.606922609980003 10.058793312781001 3.6710275181069998e-14  1 -36.680751437310001 10.016412182158 4.3252969639550003e-14  1 -36.754580264639998 9.9740310515340003 4.9795664098039997e-14  1 -36.828409091959998 9.9316499209100009 5.6338358556520002e-14  1 -36.902237919290002 9.8892687902869998 6.2881053015010003e-14  1 -36.976066746619999 9.8468876596630004 6.9423747473490001e-14  1 -37.049895573950003 9.8045065290399993 7.5966441931969999e-14  1 -37.123724401280001 9.7621253984159999 8.2509136390460006e-14  1 -37.197553228609998 9.7197442677930006 8.9051830848940004e-14  1 

0 3
26.174596211354 3

-1.9088749233040001 14
-0.90984430941799999 12
12.177453796259 12
25.264751901935998 12
26.081756329804001 14

9 1 1 0 0 2 13 3 50 2 5 -36.321374567559999 21.773255648105 2.2202673565439999  1 -36.303807403790003 21.678908990212001 2.2316788604409998  1 -36.286589114569999 21.586436006869999 2.2428637379269998  1 -36.269719699900001 21.495836698080002 2.2538219890020001  1 -36.253199159769999 21.407111063841999 2.2645536136660001  1 -36.237027494190002 21.320259104154999 2.27505861192  1 -36.221204703170002 21.235280819020002 2.285336983763  1 -36.205730786689998 21.152176208437002 2.2953887291949999  1 -36.190605744759999 21.070945272405002 2.3052138482169999  1 -36.17582957738 20.991588010925 2.3148123408269998  1 -36.161402284540003 20.914104423996999 2.3241842070269998  1 -36.147323866260002 20.838494511619999 2.3333294468160002  1 -36.133594322530001 20.764758273795 2.3422480601940001  1 -35.944926926329998 19.751496342848998 2.4648050508889998  1 -35.799313030939999 18.803265174107 2.5860723034789999  1 -35.682586839599999 17.848857989586001 2.7150118346459999  1 -35.593879352739997 16.888904913175001 2.8518227910789999  1 -35.532255173099998 15.923885465983 2.9966416532209998  1 -35.496742627110002 14.954056772978999 3.1495439075520002  1 -35.486374148560003 13.979424495337 3.310539988535  1 -35.500234525700002 12.999746066351999 3.479566302676  1 -35.537514634879997 12.014555809962999 3.6564721496989998  1 -35.597568255330003 11.023201517966999 3.8410033526370002  1 -35.679969590840003 10.024882066444 4.0327834120380004  1 -35.784569095270001 9.0186756469509994 4.2312929964209998  1 -36.038521347550002 6.9884207379149998 4.6404041704959997  1 -36.1878685207 5.9644144652459996 4.8509925445370001  1 -36.359858643720003 4.930245515747 5.0670337740560001  1 -36.554583396060004 3.8863633339939998 5.2871103471209997  1 -36.774400227009998 2.8268970996139999 5.5119285100499997  1 -37.017414214070001 1.762257781785 5.7361765682010004  1 -37.291235553999996 0.67254135590999997 5.9649530806869997  1 -37.591172986819998 -0.41768308131300003 6.188254912024  1 -37.927269284040001 -1.531077206078 6.4112603000809996  1 -38.298733653429998 -2.6507675614570001 6.6274386110109997  1 -38.711736092759999 -3.7808865958150002 6.8363724230790002  1 -39.16972891679 -4.9153296590949997 7.0356520964070004  1 -39.707822102089999 -6.1198114170139997 7.235535405357  1 -39.739892197650001 -6.191597951636 7.247448354626  1 -39.772414512650002 -6.2643967460000001 7.2595292880309996  1 -39.8053890471 -6.338207800108 7.2717782055719997  1 -39.838815800980001 -6.4130311139579996 7.2841951072480002  1 -39.872694774320003 -6.488866687552 7.2967799930600004  1 -39.90702596709 -6.5657145208880001 7.3095328630080001  1 -39.941809379299997 -6.643574613967 7.3224537170910002  1 -39.977045010959998 -6.7224469667889997 7.3355425553089999  1 -40.012732862070003 -6.802331579354 7.3487993776640002  1 -40.048872932610003 -6.8832284516620001 7.3622241841539999  1 -40.0854652226 -6.9651375837130001 7.3758169747790001  1 -40.122509732029997 -7.0480589755069998 7.3895777495399999  1 
-34.851506510219998 22.007591502728001 1.9941769832600001e-13  0.87458904365599999 -34.836024231640003 21.915172476096 1.8298331726500001e-13  0.87508596201099997 -34.820794038670002 21.824258234843001 1.668165241371e-13  0.87550006063999997 -34.805811253190001 21.734820853653002 1.509123531331e-13  0.87583133954199999 -34.791071345360002 21.646833292415 1.352659958545e-13  0.87607979871999997 -34.776569929079997 21.560269368989001 1.1987279647160001e-13  0.87624543817099998 -34.762302757640001 21.475103733247 1.047282471066e-13  0.87632825789699997 -34.748265719540001 21.391311842331 8.9827983434420006e-14  0.87632825789699997 -34.734454834589997 21.30886993707 7.516778048882e-14  0.87624543817099998 -34.720866250119997 21.227755019522998 6.0743548669020003e-14  0.87607979871999997 -34.707496237389996 21.147944831591001 4.655132993625e-14  0.87583133954199999 -34.694341188190002 21.069417834660999 3.25872941941e-14  0.87550006063999997 -34.681397611610002 20.99215319024 1.884773584524e-14  0.87508596201099997 -34.500480794540003 19.912198708546999 -1.7319479184150001e-13  0.86807941467399996 -34.370253415710003 18.901423366216001 8.2112094901280001e-13  0.86109408458400005 -34.278143280199998 17.885447221275001 -2.182698466413e-12  0.85360514956699995 -34.224225436010002 16.866022037760001 4.3143266736929997e-12  0.84558642440499998 -34.208490736270001 15.844948252506001 -6.6480154714550003e-12  0.83701298514199995 -34.230852005430002 14.824049457443 8.3542062156989999e-12  0.82786090927199996 -34.29115144963 13.805172932946 -8.5220719370230005e-12  0.81810725691300001 -34.389168097430002 12.790207419739 7.0063954638040001e-12  0.807730336356 -34.524623588479997 11.781109306912001 -4.5070613907680003e-12  0.79671029752400002 -34.69718399157 10.779928144379999 2.1778134851049999e-12  0.78503009664000001 -34.906454490149997 9.7888217310610006 -6.8522965079859997e-13  0.77267687569700005 -35.151962662659997 8.8100498854040001 6.7945649107059997e-14  0.75964380002499998 -35.724816555060002 6.845710861863 7.682743330406e-14  0.73222099499399995 -36.056374380770002 5.8561592660919999 -7.7360340355879999e-13  0.717832363837 -36.427850531170002 4.8798862989309999 2.5872637365859999e-12  0.70275925587099997 -36.839219279440002 3.918792472082 -5.752287535188e-12  0.68705954084099996 -37.290565039459999 2.9779022562819999 9.6562757789800006e-12  0.670608415352 -37.780372824209998 2.0566708274329999 -1.266764471097e-11  0.65378027435399999 -38.31112049088 1.1627193595259999 1.326228016296e-11  0.63608665507499995 -38.87578569347 0.29765677698800003 -1.122435477896e-11  0.61828596269400005 -39.480487013149997 -0.53748059515299995 7.7418071953159994e-12  0.59991528165600005 -40.116145471019998 -1.3345793309859999 -4.261924146931e-12  0.58147275190799996 -40.784216326639999 -2.0958483642410002 1.7763568394e-12  0.56300634407899997 -41.481265844230002 -2.8192437246959998 -4.5075054799780002e-13  0.54475089227700002 -42.252693979850001 -3.5500740153689998 3.1991143448800003e-14  0.52578294158700001 -42.302239584619997 -3.5970121902460002 6.299562454772e-14  0.524854158352 -42.354428028629997 -3.6464541200179998 9.5653932654300004e-14  0.52411113176400004 -42.409215014719997 -3.6983578387409999 1.2993834763859999e-13  0.52355386182300001 -42.466550489829999 -3.7526759274989998 1.6581754747189999e-13  0.52318234852900003 -42.526378792140001 -3.8093556537760001 2.032567002864e-13  0.52299659188199998 -42.588638828839997 -3.868339139877 2.4221757562340001e-13  0.52299659188199998 -42.65326428337 -3.9295635592839999 2.8265867413809999e-13  0.52318234852900003 -42.720183850749997 -3.992961359573 3.245353748388e-13  0.52355386182300001 -42.78932149912 -4.058460510203 3.6780009876590001e-13  0.52411113176400004 -42.86059675557 -4.1259847732989998 4.12402487852e-13  0.524854158352 -42.933925013969997 -4.1954539952910004 4.5828959756289997e-13  0.52578294158700001 -43.009217862420002 -4.266784417107 5.0540610178869996e-13  0.52689748146799997 
-32.195779810570002 22.411490105717 -1.938670197515e-13  1 -32.175251655099999 22.328873819121 -1.785442435769e-13  1 -32.154723499639999 22.246257532525998 -1.6322146740230001e-13  1 -32.134195344170003 22.163641245931 -1.4789869122769999e-13  1 -32.113667188709996 22.081024959335 -1.3257591505309999e-13  1 -32.09313903324 21.998408672739998 -1.172531388785e-13  1 -32.072610877780001 21.915792386145 -1.019303627039e-13  1 -32.052082722309997 21.833176099549 -8.6607586529339995e-14  1 -32.031554566840001 21.750559812953998 -7.1284810354749997e-14  1 -32.011026411380001 21.667943526357998 -5.5962034180159999e-14  1 -31.990498255910001 21.585327239763 -4.063925800557e-14  1 -31.969970100449999 21.502710953167998 -2.5316481830979999e-14  1 -31.949441944979998 21.420094666571998 -9.9937056563899994e-15  1 -31.659995013250001 20.255205268394 2.060573933704e-13  1 -31.42580136406 19.159452723204002 -8.5931262105979998e-13  1 -31.226518580680001 18.051266518622 2.2382096176450002e-12  1 -31.06230000239 16.931522065067 -4.1553427365620001e-12  1 -30.93328286477 15.801002161029 5.9188209888970004e-12  1 -30.839604779830001 14.660437989083 -6.4881433558850001e-12  1 -30.781420503690001 13.510523972267 5.4769522251040003e-12  1 -30.758919082719999 12.351917101419 -3.4900971001990001e-12  1 -30.772341487919999 11.185231352849 1.6799894808669999e-12  1 -30.82199882315 10.011037804274 -5.9463545198849996e-13  1 -30.908291218830001 8.8298810694659995 1.532107773983e-13  1 -31.031727499150001 7.6423226605589996 -1.5099033134899999e-14  1 -31.35416395831 5.2557211310699996 2.1316282072799998e-14  1 -31.553105248390001 4.0567542785760002 -6.6613381477500002e-14  1 -31.791005008940001 2.8518668460600001 2.4424906541760002e-13  1 -32.065642870890002 1.646214302055 -6.2128080457990004e-13  1 -32.387444811430001 0.42611373482300002 1.254552017827e-12  1 -32.736087634390003 -0.77443666036299996 -1.8736123763560001e-12  1 -33.148079475529997 -2.0100976879519998 2.1240786907140002e-12  1 -33.581957035229998 -3.2095898137669998 -1.818545314336e-12  1 -34.076823853660002 -4.4350760650909997 1.21547216736e-12  1 -34.612401932499999 -5.6442167425390002 -6.2572169667869996e-13  1 -35.198340731739997 -6.8503236978170001 2.4025226252889998e-13  1 -35.833436306209997 -8.044950149081 -5.0182080713059998e-14  1 -36.560933292260003 -9.2978205670049991 5.0199807870489998e-15  1 -36.603680366939997 -9.3714381164299994 8.2636047346979999e-15  1 -36.646427441630003 -9.4450556658559996 1.1507228682349999e-14  1 -36.689174516309997 -9.5186732152809999 1.475085262999e-14  1 -36.731921591000003 -9.5922907647070002 1.7994476577639999e-14  1 -36.774668665690001 -9.6659083141320004 2.1238100525290001e-14  1 -36.817415740370002 -9.7395258635580007 2.448172447294e-14  1 -36.860162815060001 -9.8131434129830009 2.7725348420589999e-14  1 -36.902909889740002 -9.8867609624089994 3.0968972368240001e-14  1 -36.94565696443 -9.9603785118339996 3.4212596315890003e-14  1 -36.988404039119999 -10.03399606126 3.7456220263539999e-14  1 -37.0311511138 -10.10761361068 4.0699844211179998e-14  1 -37.073898188489999 -10.18123116011 4.394346815883e-14  1 

0 3
26.174596211354 3

-1.908874923305 14
-0.90984430941799999 12
12.177453796259 12
25.264751901935998 12
26.081756329806002 14

9 1 1 0 0 2 13 3 50 2 5 -42.341860899929998 0.69550523056699998 2.2202673565429998  1 -42.279473960890002 0.62258220995500002 2.2316788604400002  1 -42.218325993340002 0.55110740182899998 2.2428637379260001  1 -42.158416997289997 0.48108080618900001 2.2538219890020001  1 -42.09974697274 0.41250242303399998 2.2645536136660001  1 -42.042315919689997 0.34537225236500002 2.27505861192  1 -41.986123838129998 0.27969029418199998 2.285336983763  1 -41.931170728070001 0.215456548484 2.2953887291949999  1 -41.877456589509997 0.152671015273 2.3052138482169999  1 -41.824981422450001 0.091333694546789995 2.3148123408269998  1 -41.773745226880003 0.03144458630666 2.3241842070269998  1 -41.723748002820003 -0.026996309447700002 2.3333294468160002  1 -41.674989750249999 -0.083988992716300004 2.3422480601940001  1 -41.0049680268 -0.86716586750400004 2.4648050508889998  1 -40.404747109890003 -1.6155512006070001 2.586072303481  1 -39.826455670580003 -2.3837289722569999 2.7150118346399998  1 -39.269656195400003 -3.170718979508 2.85182279109  1 -38.733778366469998 -3.9756382459849999 2.9966416532019999  1 -38.218109253400002 -4.7977782586069999 3.1495439075760001  1 -37.721813748279999 -5.6366503309510003 3.3105399885110001  1 -37.243977972940002 -6.4920069267090001 3.479566302696  1 -36.783668366020002 -7.3638467707890003 3.6564721496870001  1 -36.339999181110002 -8.2524115820909998 3.8410033526429999  1 -35.912201105119998 -9.1581822559319992 4.0327834120370003  1 -35.499683723460002 -10.081882328880001 4.2312929964209998  1 -34.704485370759997 -11.96711078241 4.6404041704959997  1 -34.321820680350001 -12.92859981474 4.8509925445339999  1 -33.953684021379999 -13.91021145835 5.0670337740629998  1 -33.600379512659998 -14.911602322409999 5.2871103471070002  1 -33.261013355460001 -15.939035411420001 5.5119285100709998  1 -32.939149982540002 -16.982547099920001 5.7361765681770001  1 -32.631428006370001 -18.063179877740001 5.9649530807079998  1 -32.346069223870003 -19.157310652500001 6.1882549120089996  1 -32.080440093180002 -20.289586397680001 6.4112603000909996  1 -31.84229249589 -21.44499887444 6.6274386110060002  1 -31.634903583029999 -22.630211887190001 6.8363724230810003  1 -31.464315471740001 -23.841664811139999 7.0356520964070004  1 -31.328076960859999 -25.153823204550001 7.235535405357  1 -31.319957210999998 -25.232027214959999 7.247448354626  1 -31.311722964800001 -25.311333977739999 7.2595292880309996  1 -31.30337422225 -25.391743492900002 7.2717782055719997  1 -31.294910983360001 -25.473255760440001 7.2841951072490003  1 -31.286333248119998 -25.555870780349998 7.2967799930600004  1 -31.277641016539999 -25.639588552629998 7.3095328630080001  1 -31.268834288610002 -25.724409077280001 7.3224537170910002  1 -31.25991306433 -25.810332354309999 7.33554255531  1 -31.250877343709998 -25.89735838372 7.3487993776640002  1 -31.24172712675 -25.985487165489999 7.3622241841539999  1 -31.23246241343 -26.074718699649999 7.3758169747790001  1 -31.223083203769999 -26.16505298617 7.3895777495399999  1 
-41.186085749370001 1.6333800623629999 1.649289272728e-14  0.87458904365599999 -41.126468189500002 1.561083976795 1.5021157109869999e-14  0.87508596201099997 -41.06782133486 1.4899650307879999 1.357338459096e-14  0.87550006063999997 -41.010127171409998 1.4200013793720001 1.21491304712e-14  0.87583133954199999 -40.953368256159997 1.351171870038 1.0747964147740001e-14  0.87607979871999997 -40.897527699560001 1.283456021438 9.3694686806080002e-15  0.87624543817099998 -40.84258914878 1.216834003078 8.0132403792710002e-15  0.87632825789699997 -40.788536771739999 1.151286615961 6.6788884086239996e-15  0.87632825789699997 -40.735355241900002 1.0867952741419999 5.3660344134950003e-15  0.87624543817099998 -40.683029723769998 1.0233419871560001 4.0743121609740004e-15  0.87607979871999997 -40.63154585913 0.96090934329199995 2.8033671998289999e-15  0.87583133954199999 -40.580889753869997 0.89948049366600002 1.5528565363520001e-15  0.87550006063999997 -40.531047965520003 0.83903913707599997 3.2244832600580002e-16  0.87508596201099997 -39.834392165120001 -0.0057704704654679998 -1.68753899743e-14  0.86807941467399996 -39.21622427562 -0.81601390503500004 1.532107773983e-13  0.86109408458500003 -38.628466485860002 -1.6498199884210001 -6.4348526507270004e-13  0.85360514956599998 -38.072059671300003 -2.5057091725379999 1.8163248682870001e-12  0.84558642440599996 -37.547896129000002 -3.38211765979 -3.6508573941769996e-12  0.83701298514 -37.056812158589999 -4.2774225856430004 5.5306870194729997e-12  0.82786090927599998 -36.599594746880001 -5.1899452612200001 -6.3877791944830002e-12  0.81810725690899999 -36.17699689725 -6.1179395035689996 5.668798763736e-12  0.80773033635900005 -35.789755737180002 -7.059571849688 -3.7672087671580004e-12  0.79671029752199995 -35.438606848669998 -8.0129003717869995 1.7852386235970001e-12  0.78503009664099999 -35.124287210049999 -8.9758589528629997 -4.9071857688430001e-13  0.77267687569700005 -34.847517601450001 -9.9462543219660002 -2.84217094304e-14  0.75964380002499998 -34.361454113150003 -11.93384876419 2.5179858198499999e-13  0.73222099499399995 -34.153815815160002 -12.956604497340001 -1.8736123763570002e-12  0.71783236383600002 -33.987387114720001 -13.98781976313 5.9201532565109998e-12  0.70275925587200005 -33.86309598762 -15.02583580674 -1.2776002478179999e-11  0.687059540839 -33.783527773789999 -16.066343515789999 2.09507966531e-11  0.67060841535500004 -33.747098043919998 -17.109057228329998 -2.7120972134750001e-11  0.65378027435099995 -33.759763272320001 -18.148615742600001 2.8270275009849999e-11  0.636086655078 -33.816246391109999 -19.180114516269999 -2.380273755875e-11  0.618285962691 -33.922364409590003 -20.205715355999999 1.5999201963269999e-11  0.59991528165800001 -34.07431141432 -21.213852339510002 -8.2849282989629992e-12  0.58147275190699999 -34.27224323019 -22.20716608923 3.0846436516189998e-12  0.56300634407899997 -34.514208139890002 -23.182169607159999 -6.8345329395920002e-13  0.54475089227700002 -34.816869357199998 -24.200801272549999 4.4678150534140001e-14  0.52578294158700001 -34.836308022140003 -24.266223726780002 9.1442989801819995e-14  0.524854158352 -34.856783575549997 -24.33513591598 1.4070233797429999e-13  0.52411113176400004 -34.878278637930002 -24.407479347990002 1.9241438408180001e-13  0.52355386182300001 -34.90077357154 -24.483187930300002 2.4653188432029999e-13  0.52318234852900003 -34.924246538070001 -24.562188164289999 3.0300230090629999e-13  0.52299659188199998 -34.94867356844 -24.644399379999999 3.6176796987699998e-13  0.52299659188199998 -34.974028644089998 -24.729734009809999 4.2276629672579998e-13  0.52318234852900003 -35.000283789299999 -24.818097899089999 4.8592997848789997e-13  0.52355386182300001 -35.027409173830002 -24.90939065165 5.5118725062090005e-13  0.52411113176400004 -35.055373225030003 -25.003506007089999 6.1846215678439998e-13  0.524854158352 -35.084142748630001 -25.100332247320001 6.8767483940419996e-13  0.52578294158700001 -35.113683057199999 -25.19975262889 7.5874184871650005e-13  0.52689748146799997 
-39.088108263460001 3.311029862926 3.6403797335919999e-13  1 -39.029022216039998 3.249746137701 3.362400165823e-13  1 -38.969936168620002 3.1884624124759999 3.0844205980529999e-13  1 -38.910850121190002 3.127178687252 2.8064410302840001e-13  1 -38.851764073769999 3.065894962027 2.5284614625150002e-13  1 -38.792678026339999 3.0046112368019999 2.2504818947449999e-13  1 -38.733591978920003 2.9433275115769999 1.972502326976e-13  1 -38.674505931500001 2.8820437863519999 1.6945227592070001e-13  1 -38.61541988407 2.8207600611269998 1.416543191438e-13  1 -38.556333836649998 2.7594763359019998 1.1385636236679999e-13  1 -38.497247789219998 2.6981926106769998 8.6058405589889995e-14  1 -38.438161741800002 2.6369088854520002 5.8260448812960004e-14  1 -38.379075694379999 2.5756251602270002 3.046249203603e-14  1 -37.545962599349998 1.711524814673 -3.6148861681789998e-13  1 -36.795268677179997 0.87967209886599995 1.679101302444e-12  1 -36.068591621869999 0.01959608527649 -4.6589399005320002e-12  1 -35.36650193469 -0.868021768129 9.5323748894510005e-12  1 -34.68950986366 -1.7825721556530001 -1.5202950009960001e-11  1 -34.038100176790003 -2.7234906607989999 1.9401369399990001e-11  1 -33.412754106649999 -3.6902532733959998 -1.9939605522209999e-11  1 -32.8139638695 -4.6823855461199999 1.649125280782e-11  1 -32.242245138759998 -5.6994762451750001 -1.078781508567e-11  1 -31.69815287846 -6.7411863548340003 5.3810289557559996e-12  1 -31.18230591779 -7.8072442908650004 -1.8496315590249999e-12  1 -30.69542566786 -8.8974181816170006 2.8643754035329998e-13  1 -29.781363067849998 -11.12549396444 -7.327471962527e-14  1 -29.354167852660002 -12.26330036203 -2.8954616482210002e-13  1 -28.957751372650002 -13.42571336758 1.3162804179980001e-12  1 -28.592768465820001 -14.607158029780001 -3.0846436516090001e-12  1 -28.26140683789 -15.82469708645 5.1731952055670001e-12  1 -27.963065181569998 -17.038725638710002 -6.7243988155140002e-12  1 -27.702030068629998 -18.314835399580002 6.9855232709760004e-12  1 -27.478032994319999 -19.57056483209 -5.8131277569160004e-12  1 -27.29385710507 -20.879300466909999 3.8404834867920002e-12  1 -27.153110988249999 -22.19423604975 -1.953992523338e-12  1 -27.057495395850001 -23.53172471233 7.1809225232779995e-13  1 -27.010191071529999 -24.883849354390001 -1.558753126574e-13  1 -27.013786733660002 -26.332615456980001 9.2590593514830005e-15  1 -27.013998011559998 -26.41774366229 1.8962207912820002e-14  1 -27.014209289469999 -26.5028718676 2.8665356474149999e-14  1 -27.014420567369999 -26.588000072909999 3.836850503548e-14  1 -27.014631845269999 -26.673128278219998 4.8071653596819997e-14  1 -27.014843123169999 -26.758256483530001 5.7774802158149998e-14  1 -27.01505440108 -26.843384688840001 6.7477950719480005e-14  1 -27.015265678980001 -26.92851289415 7.7181099280809999e-14  1 -27.015476956880001 -27.013641099459999 8.6884247842150003e-14  1 -27.015688234790002 -27.098769304769998 9.6587396403479997e-14  1 -27.015899512690002 -27.183897510080001 1.0629054496479999e-13  1 -27.016110790590002 -27.269025715390001 1.159936935261e-13  1 -27.016322068489998 -27.3541539207 1.2569684208750001e-13  1 

0 3
26.174596211352 3

-1.908874923305 14
-0.90984430941799999 12
12.177453796258 12
25.264751901934002 12
26.081756329804001 14

9 1 1 0 0 2 13 3 50 2 5 -37.016879798129999 -20.56860525183 2.2202673565429998  1 -36.926389613749997 -20.600564970680001 2.2316788604400002  1 -36.837696516400001 -20.63188998647 2.2428637379260001  1 -36.750800506079997 -20.662580299209999 2.2538219890020001  1 -36.665701582799997 -20.692635908900002 2.2645536136660001  1 -36.58239974656 -20.722056815529999 2.27505861192  1 -36.500894997350002 -20.75084301911 2.285336983763  1 -36.421187335170004 -20.77899451963 2.2953887291949999  1 -36.343276760030001 -20.8065113171 2.3052138482159998  1 -36.267163271919998 -20.833393411519999 2.3148123408269998  1 -36.192846870849998 -20.859640802889999 2.3241842070269998  1 -36.120327556809997 -20.885253491189999 2.3333294468160002  1 -36.049605329809999 -20.910231476450001 2.3422480601940001  1 -35.077761058829999 -21.253471683960001 2.4648050508889998  1 -34.183761830320002 -21.601481935759999 2.5860723034770001  1 -33.298857867370003 -21.977597681070002 2.7150118346490002  1 -32.423160373199998 -22.380751282089999 2.8518227910739999  1 -31.556616927130001 -22.8098929007 2.9966416532250002  1 -30.6989643685 -23.264052480149999 3.1495439075479998  1 -29.849723817600001 -23.74238925321 3.3105399885379998  1 -29.008227599009999 -24.24423190637 3.4795663026739998  1 -28.173667864079999 -24.769112556189999 3.656472149701  1 -27.345156673249999 -25.316797663079999 3.8410033526360001  1 -26.521787334900001 -25.887319038699999 4.0327834120389996  1 -25.702686766380001 -26.481008076510001 4.2312929964199997  1 -24.071410565139999 -27.716064632849999 4.6404041704959997  1 -23.259268705939999 -28.357406215099999 4.8509925445339999  1 -22.449647185410001 -29.023438505649999 5.0670337740639999  1 -21.642981073560001 -29.714016178649999 5.2871103471029999  1 -20.8353648157 -30.434116255869998 5.5119285100789996  1 -20.034867114040001 -31.176892200720001 5.7361765681629997  1 -19.228055676330001 -31.958886650490001 5.9649530807240003  1 -18.433862334240001 -32.763752305159997 6.1882549119980004  1 -17.637682886410001 -33.611517299260001 6.4112603000939998  1 -16.85373477896 -34.493060057340003 6.6274386110070003  1 -16.081524205579999 -35.415790178839998 6.8363724230810003  1 -15.328064105639999 -36.379645130829999 7.0356520964070004  1 -14.55399889754 -37.447888377870001 7.235535405357  1 -14.50786498269 -37.511555162640001 7.247448354626  1 -14.461080534900001 -37.5761197108 7.2595292880309996  1 -14.413645554189999 -37.641582022359998 7.2717782055719997  1 -14.36556004054 -37.70794209732 7.2841951072480002  1 -14.316823993970001 -37.77519993568 7.2967799930600004  1 -14.26743741446 -37.84335553743 7.3095328630080001  1 -14.21740030202 -37.912408902579998 7.3224537170910002  1 -14.166712656650001 -37.982360031120002 7.33554255531  1 -14.115374478350001 -38.053208923070002 7.3487993776640002  1 -14.063385767110001 -38.124955578410002 7.3622241841539999  1 -14.010746522950001 -38.197599997140003 7.3758169747790001  1 -13.957456745849999 -38.271142179279998 7.3895777495399999  1 
-36.484886572580002 -19.17849424664 -6.1990612701629999e-15  0.87458904365599999 -36.397108208429998 -19.211295713399998 -5.7493642759540003e-15  0.87508596201099997 -36.310759069459998 -19.24356310001 -5.3069893396209997e-15  0.87550006063999997 -36.22581263256 -19.275306317759998 -4.8718005808050001e-15  0.87583133954199999 -36.142243215390003 -19.30653496375 -4.4436664264160003e-15  0.87607979871999997 -36.06002595052 -19.337258330569998 -4.0224594781250003e-15  0.87624543817099998 -35.979136760709999 -19.367485415529998 -3.6080563860500003e-15  0.87632825789699997 -35.899552335499997 -19.397224929410001 -3.2003377283529999e-15  0.87632825789699997 -35.821250108740003 -19.426485304829999 -2.7991878965079999e-15  0.87624543817099998 -35.744208237279999 -19.455274704250002 -2.404494986016e-15  0.87607979871999997 -35.668405580680002 -19.483601027540001 -2.0161506923329998e-15  0.87583133954199999 -35.59382168186 -19.511471919209999 -1.634050211827e-15  0.87550006063999997 -35.520436748679998 -19.538894775279999 -1.258092147554e-15  0.87508596201099997 -34.494710324069999 -19.92219345657 3.9968028886509998e-15  0.86807941467399996 -33.554239510679999 -20.31480090941 3.5083047578149999e-14  0.86109408458400005 -32.628323291770002 -20.743019264569998 -2.9354296771090002e-13  0.85360514956800004 -31.718516263489999 -21.206037633560001 1.089350831762e-12  0.84558642440300003 -30.826373076469999 -21.702947876460001 -2.5859314689569998e-12  0.837012985145 -29.953429419790002 -22.23276270118 4.3498538104809998e-12  0.82786090926900002 -29.101206188399999 -22.794421813900001 -5.4671822624639997e-12  0.81810725691499997 -28.271228593869999 -23.386789477539999 5.2482462820079996e-12  0.80773033635400004 -27.4650517388 -24.008646430260001 -3.8693492854240003e-12  0.796710297525 -26.68428361978 -24.658678704300002 2.1307400288609999e-12  0.78503009664000001 -25.930595537289999 -25.335465478989999 -7.8337336617549995e-13  0.77267687569700005 -25.205708340699999 -26.037467716049999 1.1945999744969999e-13  0.75964380002499998 -23.790967790860002 -27.51574325128 -1.3322676295499999e-14  0.73222099499399995 -23.09976988343 -28.297656549060001 -3.4949820815199999e-13  0.71783236383600002 -22.44003076804 -29.107500815790001 1.485478406948e-12  0.70275925587200005 -21.813383472689999 -29.94430351554 -3.8986591732740002e-12  0.68705954083999998 -21.22422152367 -30.805625517500001 7.4868999888620005e-12  0.67060841535399995 -20.671315595860001 -31.690427216500002 -1.1167067270889999e-11  0.65378027435300001 -20.16250474828 -32.597043912780002 1.319344633544e-11  0.63608665507600004 -19.695671177200001 -33.518589614139998 -1.232081103808e-11  0.61828596269199998 -19.274771657140001 -34.459845004729999 8.9936946778829996e-12  0.59991528165800001 -18.902293131499999 -35.408890745320001 -5.0404125317979999e-12  0.58147275190699999 -18.577050237409999 -36.368091594420001 2.0352608487430001e-12  0.56300634407899997 -18.299096237059999 -37.333451864590003 -4.929390229336e-13  0.54475089227700002 -18.051892707299999 -38.366943372569999 2.71548659903e-14  0.52578294158700001 -18.036015857830002 -38.433320212380004 6.055832261009e-14  0.524854158352 -18.019292112639999 -38.503237695560003 9.5743571304760001e-14  0.52411113176400004 -18.001735666719998 -38.576636476669997 1.3268074709590001e-13  0.52355386182300001 -17.983362559530001 -38.653449499040001 1.7133610440899999e-13  0.52318234852900003 -17.964190627850002 -38.733602191839999 2.1167211625629999e-13  0.52299659188199998 -17.94423944883 -38.817012708310003 2.5364759409249999e-13  0.52299659188199998 -17.923530273560001 -38.903592203370003 2.9721782755590002e-13  0.52318234852900003 -17.902085951650001 -38.993245148870002 3.4233474310029999e-13  0.52355386182300001 -17.87993084747 -39.085869684039999 3.8894708033819999e-13  0.52411113176400004 -17.857090748480001 -39.18135799833 4.370005847407e-13  0.524854158352 -17.83359276665 -39.279596743920003 4.8643821518340003e-13  0.52578294158700001 -17.809465233520001 -39.380467474310002 5.3720036469230002e-13  0.52689748146799997 
-35.506809673500001 -16.676618157739998 -1.409898817709e-14  1 -35.424997792809997 -16.70014839692 -1.298028991656e-14  1 -35.343185912110002 -16.72367863609 -1.186159165602e-14  1 -35.261374031419997 -16.74720887526 -1.074289339549e-14  1 -35.17956215073 -16.77073911443 -9.6241951349569997e-15  1 -35.097750270040002 -16.794269353600001 -8.5054968744230007e-15  1 -35.015938389349998 -16.817799592770001 -7.3867986138890001e-15  1 -34.93412650866 -16.841329831940001 -6.2681003533550004e-15  1 -34.852314627970003 -16.864860071119999 -5.1494020928209998e-15  1 -34.770502747279998 -16.888390310289999 -4.030703832287e-15  1 -34.688690866590001 -16.91192054946 -2.9120055717530002e-15  1 -34.606878985900003 -16.93545078863 -1.7933073112180001e-15  1 -34.525067105209999 -16.9589810278 -6.7460905068419997e-16  1 -33.371519827919997 -17.290757330969999 1.5099033134899999e-14  1 -32.305473462910001 -17.635815953950001 -7.1498362785809998e-14  1 -31.24611466599 -18.017325103329998 2.11386463889e-13  1 -30.19427823421 -18.434979869460001 -4.9160675530239999e-13  1 -29.150710709159998 -18.888507702879998 9.6500585300889994e-13  1 -28.116114118990001 -19.377662187399999 -1.5685230891810001e-12  1 -27.091167230330001 -19.902230134690001 2.0663470934449999e-12  1 -26.076533536589999 -20.46204676784 -2.1445067943549999e-12  1 -25.072865242759999 -21.057013786070002 1.7412737918280001e-12  1 -24.08081246831 -21.68711507411 -1.0786926907239999e-12  1 -23.10104692797 -22.352424848350001 4.8183679268759996e-13  1 -22.134309317530001 -23.053103007299999 -1.4477308241109999e-13  1 -20.22866999387 -24.525641936780001 1.953992523341e-13  1 -19.289804886340001 -25.29741357408 -1.0200729150249999e-12  1 -18.365291641390002 -26.105884526600001 2.8737012769450002e-12  1 -17.458484841059999 -26.94655416374 -5.7114313278630001e-12  1 -16.562747725009999 -27.835293103129999 8.7063689591489996e-12  1 -15.69736199568 -28.73750184184 -1.0566214569909999e-11  1 -14.8332440759 -29.712127756689998 1.0362377622679999e-11  1 -14.011392203170001 -30.687622808 -8.2263085232399998e-12  1 -13.19752338674 -31.72893317019 5.2295945352020001e-12  1 -12.41816588274 -32.797327730779998 -2.5952573423620001e-12  1 -11.666616019419999 -33.907819093660002 9.4768637382020003e-13  1 -10.949586951820001 -35.055141220609997 -2.1049828546889999e-13  1 -10.228317835269999 -36.31160730066 1.172539800585e-14  1 -10.18593670465 -36.385436127989998 2.478306364126e-14  1 -10.143555574020001 -36.459264955320002 3.7840729276660002e-14  1 -10.1011744434 -36.533093782649999 5.0898394912060003e-14  1 -10.058793312780001 -36.606922609980003 6.395606054747e-14  1 -10.016412182150001 -36.680751437310001 7.7013726182870002e-14  1 -9.9740310515330002 -36.75458026463 9.0071391818270003e-14  1 -9.9316499209090008 -36.828409091959998 1.0312905745370001e-13  1 -9.8892687902849996 -36.902237919290002 1.1618672308910001e-13  1 -9.8468876596610002 -36.976066746619999 1.2924438872450001e-13  1 -9.8045065290379991 -37.049895573950003 1.4230205435990001e-13  1 -9.7621253984139997 -37.123724401280001 1.5535971999530001e-13  1 -9.7197442677900003 -37.1975532286 1.6841738563070001e-13  1 

0 3
26.174596211352998 3

-1.9088749233040001 14
-0.90984430941799999 12
12.177453796258 12
25.264751901935 12
26.081756329805 14

9 1 1 0 0 2 13 3 50 2 5 -21.773255648100001 -36.321374567559999 2.2202673565429998  1 -21.678908990210001 -36.303807403790003 2.2316788604400002  1 -21.586436006869999 -36.286589114569999 2.2428637379260001  1 -21.495836698070001 -36.269719699900001 2.2538219890010001  1 -21.407111063839999 -36.253199159769999 2.2645536136660001  1 -21.320259104150001 -36.237027494190002 2.27505861192  1 -21.235280819010001 -36.221204703170002 2.2853369837619999  1 -21.152176208429999 -36.205730786689998 2.2953887291949999  1 -21.070945272399999 -36.190605744759999 2.3052138482159998  1 -20.991588010920001 -36.17582957738 2.3148123408269998  1 -20.91410442399 -36.161402284540003 2.3241842070269998  1 -20.838494511610001 -36.147323866260002 2.3333294468160002  1 -20.764758273790001 -36.133594322530001 2.3422480601940001  1 -19.75149634285 -35.944926926340003 2.4648050508889998  1 -18.803265174090001 -35.799313030919997 2.5860723034780002  1 -17.84885798961 -35.682586839629998 2.715011834647  1 -16.888904913120001 -35.593879352690003 2.8518227910770002  1 -15.92388546604 -35.532255173140001 2.9966416532209998  1 -14.95405677291 -35.496742627090001 3.149543907555  1 -13.979424495390001 -35.486374148560003 3.31053998853  1 -12.999746066309999 -35.500234525720003 3.4795663026820001  1 -12.014555809979999 -35.537514634849998 3.6564721496939998  1 -11.02320151795 -35.597568255349998 3.8410033526410001  1 -10.02488206644 -35.679969590820001 4.0327834120360002  1 -9.0186756469499993 -35.784569095279998 4.2312929964219999  1 -6.9884207379139998 -36.038521347539998 4.6404041704939996  1 -5.9644144652469997 -36.187868520770003 4.8509925445470001  1 -4.9302455157390002 -36.359858643540001 5.0670337740270002  1 -3.8863633340130002 -36.554583396399998 5.2871103471760001  1 -2.8268970995779998 -36.774400226509997 5.5119285099709998  1 -1.7622577818330001 -37.017414214650003 5.7361765682919996  1 -0.67254135585800001 -37.291235553470003 5.9649530806030002  1 0.41768308127699999 -37.591172987199997 6.1882549120880004  1 1.531077206093 -37.927269283809999 6.4112603000400004  1 2.6507675614539998 -38.298733653539998 6.6274386110319998  1 3.7808865958159998 -38.711736092720002 6.8363724230720004  1 4.9153296590949997 -39.169728916799997 7.0356520964089997  1 6.1198114170139997 -39.707822102089999 7.2355354053559999  1 6.191597951636 -39.739892197650001 7.247448354626  1 6.2643967460010002 -39.772414512650002 7.2595292880309996  1 6.3382078001090001 -39.805389047090003 7.2717782055719997  1 6.4130311139589997 -39.838815800980001 7.2841951072480002  1 6.4888666875530001 -39.872694774309998 7.2967799930600004  1 6.5657145208900003 -39.90702596709 7.309532863007  1 6.6435746139690002 -39.941809379299997 7.3224537170900001  1 6.7224469667909998 -39.977045010959998 7.3355425553089999  1 6.8023315793570003 -40.012732862059998 7.3487993776630001  1 6.8832284516650004 -40.048872932610003 7.3622241841529998  1 6.9651375837160003 -40.085465222590003 7.375816974778  1 7.04805897551 -40.122509732019999 7.3895777495389998  1 
-22.00759150272 -34.851506510219998 2.7411852313070001e-13  0.87458904365599999 -21.91517247609 -34.836024231640003 2.5102045024639999e-13  0.87508596201099997 -21.824258234839998 -34.820794038670002 2.282984648801e-13  0.87550006063999997 -21.73482085365 -34.805811253190001 2.0594558772279999e-13  0.87583133954199999 -21.646833292410001 -34.791071345360002 1.839550607019e-13  0.87607979871999997 -21.560269368979998 -34.776569929079997 1.6232034017599999e-13  0.87624543817099998 -21.475103733240001 -34.762302757640001 1.4103509044670001e-13  0.87632825789699997 -21.391311842330001 -34.748265719540001 1.2009317757400001e-13  0.87632825789699997 -21.30886993707 -34.734454834589997 9.9488663483810004e-14  0.87624543817099998 -21.22775501952 -34.720866250119997 7.9215800353980002e-14  0.87607979871999997 -21.147944831589999 -34.707496237389996 5.9269025269360003e-14  0.87583133954199999 -21.069417834660001 -34.694341188190002 3.964295513424e-14  0.87550006063999997 -20.99215319024 -34.681397611610002 2.033238183298e-14  0.87508596201099997 -19.91219870854 -34.500480794540003 -2.495781359357e-13  0.86807941467399996 -18.90142336621 -34.370253415710003 1.117772541193e-12  0.86109408458400005 -17.88544722128 -34.278143280190001 -2.9656277433790001e-12  0.85360514956800004 -16.866022037730001 -34.224225436019999 5.6372684298370002e-12  0.84558642440300003 -15.84494825254 -34.208490736260003 -8.2427398240269993e-12  0.83701298514400002 -14.82404945739 -34.230852005430002 9.5630170449109996e-12  0.82786090927 -13.805172932990001 -34.291151449620003 -8.8826723754209993e-12  0.81810725691399999 -12.790207419690001 -34.389168097439999 6.5538685589670003e-12  0.80773033635500002 -11.781109306939999 -34.524623588479997 -3.7152503296060003e-12  0.79671029752400002 -10.779928144359999 -34.697183991579998 1.4885870314169999e-12  0.78503009664000001 -9.7888217310669994 -34.906454490149997 -2.993161274389e-13  0.77267687569700005 -8.810049885402 -35.151962662659997 -8.3488771451810005e-14  0.75964380002499998 -6.8457108618650002 -35.724816555060002 2.9709568138970002e-13  0.73222099499299997 -5.8561592660850001 -36.056374380770002 -2.083222483407e-12  0.71783236383799998 -4.8798862989440002 -36.427850531170002 6.4188654391729997e-12  0.70275925586700005 -3.9187924720680001 -36.839219279440002 -1.369260260731e-11  0.68705954084999998 -2.977902256283 -37.290565039470003 2.224620487823e-11  0.67060841533799997 -2.0566708274569998 -37.780372824179999 -2.849098734714e-11  0.65378027437200004 -1.1627193594759999 -38.311120490919997 2.9126923095649998e-11  0.63608665505799999 -0.297656777047 -38.875785693419999 -2.39310793404e-11  0.618285962706 0.53748059520199998 -39.480487013180003 1.5861534308210001e-11  0.59991528164899999 1.3345793309589999 -40.116145471000003 -8.3559825725389995e-12  0.58147275191199999 2.0958483642529999 -40.784216326649997 3.2658320492369998e-12  0.56300634407799999 2.8192437246940001 -41.481265844230002 -7.6916251146029997e-13  0.54475089227700002 3.5500740153699999 -42.252693979850001 4.4548018392619998e-14  0.52578294158700001 3.5970121902469998 -42.302239584619997 9.6809244613340001e-14  0.524854158352 3.6464541200189999 -42.354428028629997 1.518581655257e-13  0.52411113176400004 3.698357838742 -42.409215014719997 2.096480560134e-13  0.52355386182300001 3.752675927501 -42.466550489829999 2.7012611959140001e-13  0.52318234852900003 3.8093556537779998 -42.526378792149998 3.3323364358119999e-13  0.52299659188199998 3.8683391398790001 -42.588638828839997 3.9890618663189998e-13  0.52299659188199998 3.9295635592860001 -42.65326428337 4.6707379735020003e-13  0.52318234852900003 3.9929613595750002 -42.720183850749997 5.3766126248790003e-13  0.52355386182300001 4.0584605102050002 -42.78932149912 6.105883828385e-13  0.52411113176400004 4.125984773301 -42.86059675557 6.8577027472570003e-13  0.524854158352 4.1954539952929997 -42.933925013969997 7.6311769471760004e-13  0.52578294158700001 4.266784417108 -43.009217862420002 8.4253738499369997e-13  0.52689748146799997 
-22.411490105710001 -32.195779810570002 -2.8211535934570001e-14  1 -22.328873819119998 -32.175251655110003 -2.610973920265e-14  1 -22.246257532520001 -32.154723499639999 -2.4007942470739999e-14  1 -22.163641245929998 -32.134195344170003 -2.1906145738830001e-14  1 -22.081024959330001 -32.113667188709996 -1.9804349006919999e-14  1 -21.998408672730001 -32.09313903324 -1.7702552274999998e-14  1 -21.915792386140001 -32.072610877780001 -1.560075554309e-14  1 -21.833176099540001 -32.052082722309997 -1.3498958811179999e-14  1 -21.750559812950002 -32.031554566840001 -1.139716207926e-14  1 -21.667943526350001 -32.011026411380001 -9.2953653473519993e-15  1 -21.585327239760002 -31.990498255910001 -7.1935686154390004e-15  1 -21.502710953160001 -31.969970100449999 -5.0917718835259999e-15  1 -21.420094666570002 -31.949441944979998 -2.9899751516129999e-15  1 -20.25520526839 -31.659995013250001 2.6645352591009998e-14  1 -19.15945272319 -31.425801364049999 -1.0746958878369999e-13  1 -18.051266518639999 -31.226518580699999 2.7178259642860001e-13  1 -16.931522065029998 -31.062300002360001 -5.4578563890429999e-13  1 -15.80100216106 -30.933282864780001 8.1579187849760001e-13  1 -14.66043798904 -30.839604779839998 -9.0949470176900004e-13  1 -13.510523972290001 -30.781420503669999 7.3985262361320002e-13  1 -12.3519171014 -30.758919082759999 -4.2721381987440001e-13  1 -11.18523135285 -30.772341487889999 1.6031620475619999e-13  1 -10.011037804260001 -30.821998823169999 -2.3980817331879999e-14  1 -8.8298810694679997 -30.908291218820001 -1.7763568394009999e-14  1 -7.6423226605580004 -31.031727499159999 1.5099033134899999e-14  1 -5.2557211310699996 -31.354163958299999 -2.3536728122049999e-14  1 -4.0567542785719999 -31.553105248440001 1.376676550537e-13  1 -2.8518668460650001 -31.791005008789998 -3.7925218521030002e-13  1 -1.6462143020540001 -32.065642871180003 7.7715611724439999e-13  1 -0.42611373480199999 -32.387444811030001 -1.348698930297e-12  1 0.77443666031500003 -32.736087634839997 1.991740106208e-12  1 2.0100976880200001 -33.148079475129997 -2.419842104438e-12  1 3.2095898137150001 -33.581957035519999 2.3372415114659999e-12  1 4.435076065104 -34.076823853470003 -1.7301715615640001e-12  1 5.6442167425429997 -34.612401932600001 9.4679819540329992e-13  1 6.8503236978139999 -35.198340731709997 -3.6592950891599999e-13  1 8.0449501490830002 -35.833436306220001 8.4376949871529997e-14  1 9.2978205670049991 -36.560933292260003 -6.2110484876570004e-15  1 9.3714381164309994 -36.603680366939997 -1.1533918555610001e-14  1 9.4450556658559996 -36.646427441630003 -1.685678862357e-14  1 9.5186732152819999 -36.689174516309997 -2.2179658691529999e-14  1 9.5922907647080002 -36.731921591000003 -2.750252875948e-14  1 9.6659083141340005 -36.774668665690001 -3.2825398827440002e-14  1 9.7395258635590007 -36.817415740370002 -3.81482688954e-14  1 9.8131434129849993 -36.860162815060001 -4.3471138963350002e-14  1 9.8867609624109996 -36.902909889740002 -4.879400903131e-14  1 9.9603785118369998 -36.94565696443 -5.4116879099260002e-14  1 10.033996061262 -36.988404039110002 -5.9439749167219994e-14  1 10.107613610688 -37.0311511138 -6.4762619235180005e-14  1 10.181231160114001 -37.073898188489999 -7.0085489303129994e-14  1 

0 3
26.174596211352998 3

-1.9088749233040001 14
-0.90984430941799999 12
12.177453796259 12
25.264751901935 12
26.081756329809 14

9 1 1 0 0 2 13 3 50 2 5 -0.69550523056699998 -42.341860899929998 2.2202673565429998  1 -0.62258220995500002 -42.279473960890002 2.2316788604400002  1 -0.55110740182899998 -42.218325993340002 2.2428637379260001  1 -0.48108080618900001 -42.158416997289997 2.2538219890020001  1 -0.41250242303399998 -42.09974697274 2.2645536136660001  1 -0.34537225236500002 -42.042315919689997 2.27505861192  1 -0.27969029418199998 -41.986123838129998 2.285336983763  1 -0.215456548484 -41.931170728070001 2.2953887291949999  1 -0.152671015273 -41.877456589509997 2.3052138482159998  1 -0.091333694546809993 -41.824981422450001 2.3148123408269998  1 -0.031444586306679997 -41.773745226880003 2.3241842070269998  1 0.026996309447670001 -41.723748002820003 2.3333294468160002  1 0.08398899271627 -41.674989750249999 2.3422480601940001  1 0.86716586750400004 -41.0049680268 2.4648050508880002  1 1.615551200609 -40.404747109920002 2.5860723034820001  1 2.383728972253 -39.826455670519998 2.7150118346349998  1 3.1707189795150001 -39.26965619552 2.8518227910989999  1 3.9756382459770001 -38.733778366309998 2.9966416531900002  1 4.7977782586129996 -38.218109253569999 3.1495439075889999  1 5.6366503309490001 -37.721813748140001 3.3105399885  1 6.4920069267080001 -37.243977973029999 3.4795663027020001  1 7.3638467707909996 -36.783668365970001 3.6564721496839998  1 8.2524115820899997 -36.339999181129997 3.841003352645  1 9.1581822559329993 -35.91220110511 4.0327834120360002  1 10.081882328887 -35.499683723460002 4.2312929964209998  1 11.967110782411 -34.704485370759997 4.6404041704959997  1 12.928599814742 -34.321820680350001 4.850992544535  1 13.910211458355001 -33.953684021390004 5.0670337740629998  1 14.911602322410999 -33.600379512639996 5.2871103471070002  1 15.939035411416 -33.261013355499998 5.5119285100709998  1 16.982547099937999 -32.939149982469999 5.736176568176  1 18.063179877740001 -32.631428006459998 5.9649530807120001  1 19.157310652507 -32.346069223790003 6.1882549120019998  1 20.289586397691998 -32.080440093230003 6.4112603001000004  1 21.444998874437999 -31.842292495860001 6.6274386110009997  1 22.630211887196999 -31.63490358304 6.8363724230829996  1 23.841664811146 -31.464315471740001 7.0356520964060003  1 25.153823204550999 -31.328076960859999 7.235535405357  1 25.232027214963001 -31.319957210999998 7.247448354626  1 25.311333977749001 -31.311722964800001 7.2595292880309996  1 25.391743492909001 -31.30337422226 7.2717782055719997  1 25.473255760442001 -31.294910983360001 7.2841951072480002  1 25.555870780349998 -31.286333248129999 7.2967799930600004  1 25.639588552631999 -31.277641016539999 7.3095328630080001  1 25.724409077288001 -31.268834288610002 7.3224537170910002  1 25.810332354318 -31.259913064340001 7.33554255531  1 25.897358383720999 -31.250877343709998 7.3487993776640002  1 25.985487165498999 -31.24172712675 7.3622241841539999  1 26.074718699651001 -31.23246241343 7.3758169747790001  1 26.165052986176001 -31.223083203769999 7.3895777495399999  1 
-1.6333800623629999 -41.186085749370001 -1.286385827528e-13  0.87458904365599999 -1.5610839767939999 -41.126468189500002 -1.180093810715e-13  0.87508596201099997 -1.4899650307879999 -41.06782133486 -1.075532462127e-13  0.87550006063999997 -1.4200013793720001 -41.010127171409998 -9.7266966458840001e-14  0.87583133954299996 -1.3511718700369999 -40.953368256159997 -8.7147431900529999e-14  0.87607979871999997 -1.283456021438 -40.897527699560001 -7.7191631304540005e-14  0.87624543817099998 -1.216834003078 -40.84258914878 -6.7396649128210003e-14  0.87632825789699997 -1.151286615961 -40.788536771739999 -5.7759662673530005e-14  0.87632825789699997 -1.0867952741410001 -40.735355241900002 -4.8277939375369998e-14  0.87624543817099998 -1.0233419871560001 -40.683029723769998 -3.8948834218270002e-14  0.87607979871999997 -0.96090934329199995 -40.63154585913 -2.976978727667e-14  0.87583133954299996 -0.89948049366600002 -40.580889753869997 -2.073832137378e-14  0.87550006063999997 -0.83903913707599997 -40.531047965520003 -1.1852039854610001e-14  0.87508596201099997 0.0057704704647360003 -39.834392165120001 1.123545700921e-13  0.86807941467399996 0.81601390503799998 -39.21622427562 -5.2624571367229997e-13  0.86109408458500003 1.6498199884139999 -38.628466485860002 1.459277143567e-12  0.85360514956599998 2.5057091725489999 -38.072059671300003 -2.9181101979250002e-12  0.84558642440800003 3.3821176597789999 -37.547896129000002 4.5812242888130004e-12  0.83701298513800004 4.2774225856520003 -37.056812158589999 -5.7904792072350004e-12  0.82786090927800005 5.1899452612159997 -36.599594746880001 5.9148241859930001e-12  0.81810725690700004 6.1179395035699997 -36.17699689725 -4.94759788694e-12  0.80773033636000002 7.0595718496890001 -35.789755737180002 3.4177105590059999e-12  0.79671029752099998 8.0129003717869995 -35.438606848669998 -1.8851586958140001e-12  0.78503009664199996 8.9758589528629997 -35.124287210049999 7.5850437042389998e-13  0.77267687569700005 9.9462543219660002 -34.847517601450001 -1.785238623597e-13  0.75964380002499998 11.933848764194 -34.361454113150003 1.7275070263170001e-13  0.73222099499399995 12.956604497341001 -34.153815815160002 -7.7093886829970002e-13  0.71783236383600002 13.987819763142999 -33.987387114720001 2.036149027163e-12  0.70275925587200005 15.025835806728001 -33.86309598762 -3.8111735989329999e-12  0.687059540839 16.066343515816001 -33.783527773789999 5.4103388436030002e-12  0.67060841535600002 17.109057228320001 -33.747098043930002 -6.1137761520060003e-12  0.65378027434899999 18.148615742615998 -33.759763272310003 5.8455462692560002e-12  0.63608665508100004 19.180114516269001 -33.816246391120004 -4.9902304510850001e-12  0.61828596268900005 20.205715356008 -33.922364409579998 3.7978509226379996e-12  0.59991528165899999 21.213852339517999 -34.07431141432 -2.3945290195120001e-12  0.58147275190699999 22.207166089230999 -34.27224323019 1.09601216991e-12  0.56300634407899997 23.182169607163999 -34.514208139890002 -2.8288482667449998e-13  0.54475089227700002 24.200801272553999 -34.816869357199998 1.6878378396140001e-14  0.52578294158700001 24.266223726789001 -34.836308022140003 3.6130916120610003e-14  0.524854158352 24.335135915988999 -34.856783575549997 5.6410414004599997e-14  0.52411113176400004 24.407479347995999 -34.878278637930002 7.7699658960529999e-14  0.52355386182300001 24.483187930301 -34.90077357154 9.9979201266469999e-14  0.52318234852900003 24.562188164294 -34.924246538070001 1.2322741173109999e-13  0.52299659188199998 24.644399380008 -34.94867356844 1.4742055077489999e-13  0.52299659188199998 24.729734009811001 -34.974028644080001 1.7253284897110001e-13  0.52318234852900003 24.818097899095001 -35.000283789299999 1.985365984758e-13  0.52355386182300001 24.909390651652998 -35.027409173830002 2.254022546656e-13  0.52411113176400004 25.003506007091001 -35.055373225030003 2.53098547203e-13  0.524854158352 25.100332247320999 -35.084142748630001 2.8159259965819998e-13  0.52578294158700001 25.199752628898 -35.113683057199999 3.1085005673879999e-13  0.52689748146799997 
-3.3110298629270001 -39.088108263460001 3.2258172871640002e-13  1 -3.249746137702 -39.029022216039998 2.97665267459e-13  1 -3.188462412477 -38.969936168620002 2.7274880620159998e-13  1 -3.127178687252 -38.910850121190002 2.4783234494420001e-13  1 -3.065894962027 -38.851764073769999 2.2291588368679999e-13  1 -3.0046112368019999 -38.792678026339999 1.9799942242950001e-13  1 -2.9433275115769999 -38.733591978920003 1.7308296117210001e-13  1 -2.8820437863519999 -38.674505931500001 1.4816649991469999e-13  1 -2.8207600611269998 -38.61541988407 1.232500386573e-13  1 -2.7594763359019998 -38.556333836649998 9.8333577399949994e-14  1 -2.6981926106769998 -38.497247789219998 7.3417116142570004e-14  1 -2.6369088854510001 -38.438161741800002 4.8500654885199998e-14  1 -2.5756251602260001 -38.379075694379999 2.3584193627820002e-14  1 -1.7115248146719999 -37.545962599349998 -3.2773783686930002e-13  1 -0.87967209886800002 -36.795268677199999 1.482369782481e-12  1 -0.019596085272319999 -36.068591621819998 -3.9803715878760001e-12  1 0.86802176811999998 -35.366501934790001 7.7489126227119997e-12  1 1.7825721556680001 -34.689509863520001 -1.1706635660779999e-11  1 2.7234906607789999 -34.038100176939999 1.413003047912e-11  1 3.6902532734190001 -33.41275410654 -1.3791190411810001e-11  1 4.6823855460999999 -32.813963869570003 1.0916600956580001e-11  1 5.6994762451890004 -32.242245138729999 -6.9495520449269998e-12  1 6.7411863548269997 -31.698152878470001 3.4567904094759998e-12  1 7.8072442908669997 -31.18230591779 -1.2514433933570001e-12  1 8.8974181816170006 -30.69542566786 2.5801583092290001e-13  1 11.125493964445001 -29.781363067849998 -2.247091401841e-13  1 12.26330036203 -29.354167852660002 9.4191321409149995e-13  1 13.425713367592 -28.957751372650002 -2.5348612098290001e-12  1 14.607158029775 -28.59276846581 5.1016968427389999e-12  1 15.824697086460001 -28.26140683793 -8.113509864007e-12  1 17.038725638727001 -27.96306518151 1.037880892333e-11  1 18.314835399564 -27.702030068700001 -1.068256594302e-11  1 19.570564832106001 -27.47803299425 8.8258289565109999e-12  1 20.879300466924999 -27.293857105120001 -5.7940319209339998e-12  1 22.194236049735999 -27.15311098822 2.9478641749800002e-12  1 23.531724712338999 -27.057495395859998 -1.0853540288739999e-12  1 24.883849354390001 -27.010191071529999 2.4380497620769998e-13  1 26.332615456985 -27.013786733660002 -1.427645661756e-14  1 26.417743662294999 -27.013998011559998 -2.9441091654830002e-14  1 26.502871867604998 -27.014209289469999 -4.4605726692089998e-14  1 26.588000072915001 -27.014420567369999 -5.9770361729360004e-14  1 26.673128278225001 -27.014631845269999 -7.493499676662e-14  1 26.758256483535 -27.01484312318 -9.0099631803890005e-14  1 26.843384688844999 -27.01505440108 -1.052642668412e-13  1 26.928512894154 -27.015265678980001 -1.2042890187839999e-13  1 27.013641099463999 -27.015476956880001 -1.355935369157e-13  1 27.098769304773999 -27.015688234790002 -1.5075817195290001e-13  1 27.183897510084002 -27.015899512690002 -1.6592280699019999e-13  1 27.269025715394001 -27.016110790590002 -1.810874420275e-13  1 27.354153920704 -27.016322068499999 -1.9625207706469999e-13  1 

0 3
26.174596211354 3

-1.9088749233060001 14
-0.90984430941799999 12
12.177453796259 12
25.264751901935998 12
26.081756329805 14

9 1 1 0 0 2 13 3 50 2 5 20.568605251832999 -37.016879798129999 2.2202673565429998  1 20.600564970680999 -36.926389613749997 2.2316788604400002  1 20.631889986474999 -36.837696516400001 2.2428637379260001  1 20.662580299215001 -36.750800506090002 2.2538219890020001  1 20.692635908902002 -36.665701582810001 2.2645536136660001  1 20.722056815534 -36.58239974656 2.27505861192  1 20.750843019112999 -36.500894997350002 2.285336983763  1 20.778994519638001 -36.421187335170004 2.2953887291949999  1 20.806511317110001 -36.343276760030001 2.3052138482159998  1 20.833393411526998 -36.267163271919998 2.3148123408269998  1 20.859640802889999 -36.192846870849998 2.3241842070269998  1 20.8852534912 -36.120327556809997 2.3333294468160002  1 20.910231476456001 -36.049605329809999 2.3422480601940001  1 21.253471683956999 -35.077761058829999 2.4648050508889998  1 21.601481935780001 -34.183761830340003 2.5860723034789999  1 21.977597681030002 -33.298857867320002 2.7150118346440002  1 22.380751282169999 -32.423160373290003 2.8518227910829999  1 22.809892900590999 -31.556616927010001 2.996641653213  1 23.264052480288999 -30.698964368639999 3.1495439075639999  1 23.742389253079001 -29.849723817459999 3.3105399885229998  1 24.244231906484 -29.00822759911 3.4795663026870001  1 24.769112556123002 -28.17366786401 3.656472149691  1 25.316797663126 -27.345156673280002 3.8410033526420002  1 25.887319038686002 -26.52178733489 4.0327834120360002  1 26.481008076519 -25.702686766389998 4.2312929964219999  1 27.716064632845001 -24.071410565139999 4.6404041704939996  1 28.357406215166002 -23.259268705979999 4.850992544545  1 29.023438505476001 -22.449647185309999 5.0670337740319997  1 29.714016178992999 -21.642981073750001 5.2871103471680003  1 30.434116255372999 -20.835364815439998 5.5119285099789996  1 31.176892201312999 -20.034867114299999 5.736176568286  1 31.958886649951999 -19.22805567612 5.9649530806059996  1 32.763752305564999 -18.433862334400001 6.1882549120850001  1 33.611517299044998 -17.637682886309999 6.4112603000480002  1 34.493060057447998 -16.853734779010001 6.6274386110260002  1 35.415790178815001 -16.081524205560001 6.8363724230739997  1 36.379645130846001 -15.328064105639999 7.0356520964079996  1 37.447888377872999 -14.55399889754 7.2355354053559999  1 37.511555162640001 -14.50786498269 7.247448354626  1 37.576119710804001 -14.461080534900001 7.2595292880309996  1 37.641582022365 -14.413645554189999 7.2717782055719997  1 37.707942097322999 -14.36556004054 7.2841951072480002  1 37.775199935678003 -14.31682399396 7.2967799930600004  1 37.84335553743 -14.267437414450001 7.309532863007  1 37.912408902579003 -14.217400302010001 7.3224537170900001  1 37.982360031124998 -14.16671265664 7.3355425553089999  1 38.053208923067999 -14.11537447834 7.3487993776630001  1 38.124955578407999 -14.063385767110001 7.3622241841529998  1 38.197599997144998 -14.01074652294 7.375816974778  1 38.271142179279003 -13.957456745849999 7.3895777495389998  1 
19.178494246646 -36.484886572580002 7.8870688649029994e-14  0.87458904365599999 19.211295713407001 -36.397108208440002 7.2493167640250006e-14  0.87508596201099997 19.243563100018001 -36.310759069459998 6.6219486724969999e-14  0.87550006063999997 19.275306317763999 -36.22581263256 6.0047718872670006e-14  0.87583133954199999 19.306534963752 -36.142243215390003 5.3975998137689999e-14  0.87607979871999997 19.337258330579001 -36.06002595052 4.800251778011e-14  0.87624543817099998 19.367485415539001 -35.979136760709999 4.2125528474320003e-14  0.87632825789699997 19.397224929412001 -35.899552335499997 3.6343336601509998e-14  0.87632825789699997 19.426485304831001 -35.821250108740003 3.0654302622620002e-14  0.87624543817099998 19.455274704251 -35.744208237279999 2.5056839528370001e-14  0.87607979871999997 19.483601027542001 -35.668405580680002 1.9549411363410001e-14  0.87583133954199999 19.511471919213001 -35.59382168186 1.413053182168e-14  0.87550006063999997 19.538894775286 -35.520436748679998 8.7987629101879994e-15  0.87508596201099997 19.922193456578 -34.494710324069999 -6.5725203057809999e-14  0.86807941467399996 20.314800909414998 -33.554239510679999 3.4638958368300002e-13  0.86109408458400005 20.743019264575 -32.628323291770002 -1.0418332863079999e-12  0.85360514956699995 21.206037633566002 -31.718516263480002 2.3283597272439999e-12  0.84558642440499998 21.702947876469999 -30.826373076469999 -4.0016878699589999e-12  0.83701298514199995 22.232762701184999 -29.953429419799999 5.4485305156499998e-12  0.82786090927300005 22.794421813909999 -29.101206188399999 -5.9330318435969997e-12  0.81810725691200004 23.386789477537 -28.271228593869999 5.1407766932240001e-12  0.807730336356 24.008646430260999 -27.465051738789999 -3.4416913763379998e-12  0.79671029752300004 24.658678704303998 -26.68428361978 1.683542194542e-12  0.78503009664099999 25.335465478989999 -25.930595537289999 -4.942712905631e-13  0.77267687569700005 26.037467716051001 -25.205708340699999 2.2204460492499999e-15  0.75964380002499998 27.515743251288999 -23.790967790860002 1.6964207816269999e-13  0.73222099499299997 28.297656549071 -23.099769883419999 -1.3402612353270001e-12  0.71783236383799998 29.107500815792001 -22.44003076804 4.41247038907e-12  0.70275925586800003 29.944303515544998 -21.813383472689999 -1.007371963624e-11  0.68705954084700005 30.805625517519001 -21.224221523650002 1.7667645124669999e-11  0.67060841534399995 31.690427216473999 -20.67131559589 -2.463274029196e-11  0.65378027436300001 32.597043912819998 -20.16250474824 2.762723383398e-11  0.63608665506700002 33.518589614109999 -19.69567117723 -2.4805046905389999e-11  0.61828596269900005 34.459845004761 -19.274771657119999 1.7639667504450001e-11  0.59991528165300001 35.408890745305001 -18.90229313151 -9.6664898308059995e-12  0.58147275191000003 36.368091594435001 -18.577050237400002 3.8520298062389997e-12  0.56300634407799999 37.333451864589001 -18.29909623707 -9.3480778673439998e-13  0.54475089227700002 38.366943372572003 -18.051892707299999 7.8429671414740001e-14  0.52578294158700001 38.433320212387002 -18.036015857830002 1.43505678266e-13  0.524854158352 38.50323769557 -18.019292112639999 2.1205294004120001e-13  0.52411113176400004 38.576636476677997 -18.001735666719998 2.8401327433240001e-13  0.52355386182300001 38.653449499041997 -17.983362559530001 3.5932093862520001e-13  0.52318234852900003 38.733602191849002 -17.964190627850002 4.3790282352380002e-13  0.52299659188199998 38.817012708318003 -17.94423944883 5.1967868625370005e-13  0.52299659188199998 38.903592203373996 -17.923530273560001 6.0456142290089996e-13  0.52318234852900003 38.99324514888 -17.902085951650001 6.9245737745670002e-13  0.52355386182300001 39.085869684042002 -17.879930847459999 7.8326668536620002e-13  0.52411113176400004 39.181357998336999 -17.857090748480001 8.7688364894260002e-13  0.524854158352 39.279596743928003 -17.83359276665 9.7319714170480008e-13  0.52578294158700001 39.380467474311999 -17.809465233520001 1.0720910384290001e-12  0.52689748146799997 
16.676618157749999 -35.506809673500001 -8.9906050105279997e-14  1 16.700148396921001 -35.424997792809997 -8.3024360805629999e-14  1 16.723678636092998 -35.343185912119999 -7.6142671505980001e-14  1 16.747208875264 -35.261374031419997 -6.9260982206330003e-14  1 16.770739114436001 -35.17956215073 -6.2379292906680004e-14  1 16.794269353607 -35.097750270040002 -5.5497603607040002e-14  1 16.817799592779 -35.015938389349998 -4.8615914307389998e-14  1 16.841329831949999 -34.93412650866 -4.1734225007739999e-14  1 16.864860071121001 -34.852314627970003 -3.4852535708090001e-14  1 16.888390310293001 -34.770502747279998 -2.797084640844e-14  1 16.911920549464 -34.688690866590001 -2.1089157108790001e-14  1 16.935450788636 -34.606878985900003 -1.4207467809149999e-14  1 16.958981027806999 -34.525067105209999 -7.3257785094980004e-15  1 17.290757330967999 -33.371519827919997 8.9706020389709998e-14  1 17.635815953963 -32.30547346294 -3.5971225997859999e-13  1 18.017325103305001 -31.246114665930001 8.4510176634469996e-13  1 18.434979869525002 -30.194278234319999 -1.3566925360920001e-12  1 18.888507702799998 -29.15071070902 1.547206807118e-12  1 19.377662187510001 -28.116114119159999 -1.215916256568e-12  1 19.902230134593999 -27.091167230170001 5.710987238678e-13  1 20.462046767926001 -26.076533536709999 -1.8207657603839999e-14  1 21.057013786016 -25.072865242679999 -1.971756091735e-13  1 21.687115074145002 -24.08081246835 1.4122036873229999e-13  1 22.352424848338998 -23.101046927959999 -8.4376949871510004e-15  1 23.053103007311002 -22.134309317540001 -6.4392935428260001e-14  1 24.525641936778001 -20.228669993859999 1.856292897173e-13  1 25.297413574143 -19.28980488637 -1.209699007633e-12  1 26.105884526442001 -18.365291641310002 3.699263118038e-12  1 26.946554164072001 -17.458484841200001 -7.8679285309669998e-12  1 27.835293102619001 -16.56274772483 1.2860379427920001e-11  1 28.737501842482001 -15.69736199584 -1.6650236745089999e-11  1 29.712127756072 -14.8332440758 1.724753673198e-11  1 30.687622808476 -14.01139220324 -1.4288570327030001e-11  1 31.728933169950999 -13.197523386689999 9.4213525869270004e-12  1 32.797327730882003 -12.418165882769999 -4.8183679268829997e-12  1 33.907819093638999 -11.666616019399999 1.8047785488289999e-12  1 35.055141220621998 -10.949586951820001 -4.0145664570450002e-13  1 36.311607300668001 -10.228317835269999 2.9308158993009999e-14  1 36.385436127996002 -10.18593670465 5.4619515097370001e-14  1 36.459264955324002 -10.143555574020001 7.9930871201730004e-14  1 36.533093782652998 -10.1011744434 1.052422273061e-13  1 36.606922609980998 -10.05879331277 1.3055358341049999e-13  1 36.680751437308999 -10.016412182150001 1.558649395148e-13  1 36.754580264636999 -9.974031051531 1.8117629561920001e-13  1 36.828409091966002 -9.9316499209070006 2.0648765172349999e-13  1 36.902237919294002 -9.8892687902829994 2.3179900782789999e-13  1 36.976066746622003 -9.846887659659 2.5711036393229999e-13  1 37.049895573950003 -9.8045065290340006 2.8242172003659998e-13  1 37.123724401277997 -9.7621253984099994 3.0773307614099998e-13  1 37.197553228606999 -9.719744267786 3.3304443224530002e-13  1 

0 3
26.174596211354999 3

-1.9088749233040001 14
-0.90984430941799999 12
12.177453796259 12
25.264751901937 12
26.081756329809 14

9 1 1 0 0 2 9 3 18 2 3 34.657520805973 2.1221610960710001e-15 4.958737553013  1 34.657520805973 -5.9392857967220003 4.958737553013  1 33.512661302181002 -11.878138911320001 4.9587133215919996  1 31.221568012643001 -17.6821798026 4.9587346428550001  1 27.735628021770001 -23.031958410160001 4.9587490999370001  1 23.203248121421002 -27.588237854599999 4.9587358354770004  1 17.886430277851002 -31.11033139793 4.9587365818990001  1 12.063593549958 -33.487545153489997 4.9587341884559999  1 5.9982515773699996 -34.66633739793 4.9587347342259998  1 -6.0997063420500002 -34.648629907969998 4.9587361879109997  1 -12.132495369320001 -33.452124597149997 4.9587373229959999  1 -17.890749863749999 -31.077550909479999 4.9587379648879999  1 -23.127072059780001 -27.598292316359998 4.9587372624450001  1 -27.602289596590001 -23.12975744349 4.9587376973890001  1 -31.09453280736 -17.879797692739999 4.9587375048249998  1 -33.470555872349998 -12.09665370151 4.9587375613970002  1 -34.657520805970002 -6.0471953040180004 4.958737553013  1 -34.657520805970002 -9.4106919463019995e-15 4.958737553013  1 
34.616822039021002 0 2  0.71195300020300001 34.616822039021002 -5.9313836232929997 2  0.71195300020300001 33.473672235428999 -11.86303266797 2  0.71195583646399996 31.185472654788999 -17.660880599150001 2  0.71195334082999995 27.703390242385002 -23.00482302336 2  0.71195164865600002 23.175985675616001 -27.5560815937 2  0.71195320123200001 17.865056741052001 -31.07405930957 2  0.71195311387399995 12.048941563892001 -33.448391785049999 2  0.71195339402000002 5.9907225937300002 -34.625699667169997 2  0.71195333013899997 -6.0928849699259997 -34.60786909582 2  0.71195315998700004 -12.1184511629 -33.412725162100003 2  0.71195302712599995 -17.869795091450001 -31.040962289420001 2  0.71195295199300002 -23.099902918190001 -27.565868644190001 2  0.71195303421300005 -27.569881466030001 -23.102595904729998 2  0.71195298330400003 -31.05801609601 -17.85880109528 2  0.71195300584300003 -33.4312513462 -12.08244847972 2  0.71195299922199995 -34.616822039020001 -6.0400940057519996 2  0.71195300020300001 -34.616822039020001 -3.5527136788010001e-14 2  0.71195300020300001 
31.657804584316999 1.5008079882020001e-14 2  1 31.657804584316999 -5.3568534629090001 2  1 30.640250188621 -10.76832368745 2  1 28.561801553837999 -16.106830893800002 2  1 25.360989981208 -21.033207350390001 2  1 21.191441372029999 -25.218786726939999 2  1 16.311695758391998 -28.436723531870001 2  1 10.98361794981 -30.602022096990002 2  1 5.4434067354140003 -31.671321852249999 2  1 -5.5969072135789997 -31.64443882318 2  1 -11.097234274150001 -30.548215554430001 2  1 -16.346246551410001 -28.380801723169998 2  1 -21.124654678380001 -25.20844077932 2  1 -25.213561453779999 -21.1278488616 2  1 -28.40308960734 -16.332217881359998 2  1 -30.573595820000001 -11.04965709266 2  1 -31.65780458431 -5.5237917417569999 2  1 -31.65780458431 -1.5008079882020001e-14 2  1 

0 3
108.81544857693 3

108.81544857693 10
163.22317286539999 8
217.63089715387 10

9 1 1 0 0 2 9 3 18 2 3 -34.657520805970002 -2.1221610960710001e-15 4.958737553013  1 -34.657520805970002 6.0471953040180004 4.958737553013  1 -33.470555872349998 12.096653701513 4.9587375613970002  1 -31.09453280736 17.879797692747001 4.9587375048249998  1 -27.602289596590001 23.129757443490998 4.9587376973890001  1 -23.127072059780001 27.598292316365999 4.958737262444  1 -17.890749863749999 31.077550909484 4.9587379648879999  1 -12.132495369320001 33.452124597149997 4.9587373229959999  1 -6.0997063420500002 34.648629907969998 4.9587361879109997  1 5.9982515773699996 34.666337397932999 4.9587347342259998  1 12.063593549958 33.487545153492 4.9587341884559999  1 17.886430277853002 31.110331397938001 4.9587365819000002  1 23.203248121418 27.588237854603001 4.9587358354760003  1 27.735628021772001 23.031958410163998 4.9587490999380002  1 31.221568012641999 17.682179802602001 4.958734642854  1 33.512661302182003 11.878138911328 4.9587133215919996  1 34.657520805973 5.9392857967210002 4.958737553013  1 34.657520805973 9.4106919463019995e-15 4.958737553013  1 
-34.616822039020001 -3.9079850466809997e-14 2  0.71195300020300001 -34.616822039020001 6.0400940057519996 2  0.71195300020300001 -33.4312513462 12.082448479722 2  0.71195299922199995 -31.05801609601 17.858801095284999 2  0.71195300584300003 -27.569881466030001 23.102595904735999 2  0.71195298330400003 -23.099902918190001 27.565868644198002 2  0.71195303421300005 -17.869795091450001 31.040962289427998 2  0.71195295199300002 -12.1184511629 33.412725162104003 2  0.71195302712599995 -6.0928849699259997 34.607869095824 2  0.71195315998700004 5.9907225937300002 34.625699667178999 2  0.71195333013899997 12.048941563892001 33.448391785052998 2  0.71195339402000002 17.865056741050999 31.074059309578001 2  0.71195311387399995 23.175985675617 27.556081593704 2  0.71195320123200001 27.703390242383001 23.004823023364999 2  0.71195164865600002 31.185472654790999 17.660880599152001 2  0.71195334082999995 33.473672235427003 11.863032667975 2  0.71195583646399996 34.616822039021002 5.9313836232929997 2  0.71195300020300001 34.616822039021002 1.42108547152e-14 2  0.71195300020300001 
-31.65780458431 -1.5008079882020001e-14 2  1 -31.65780458431 5.5237917417569999 2  1 -30.573595820000001 11.049657092668999 2  1 -28.40308960734 16.332217881361 2  1 -25.213561453779999 21.127848861608999 2  1 -21.124654678380001 25.208440779324 2  1 -16.346246551410001 28.380801723179001 2  1 -11.097234274150001 30.548215554433 2  1 -5.5969072135789997 31.644438823186 2  1 5.4434067354140003 31.671321852251999 2  1 10.98361794981 30.602022096990002 2  1 16.311695758393 28.436723531870999 2  1 21.191441372027999 25.218786726948 2  1 25.360989981208999 21.033207350390001 2  1 28.561801553837 16.106830893809001 2  1 30.640250188621 10.768323687454 2  1 31.657804584316999 5.3568534629090001 2  1 31.657804584316999 1.5008079882020001e-14 2  1 

0 3
108.81544857693 3

-3.0825092728899998e-14 10
54.407724288468003 8
108.81544857693 10

1 -2.6419952623020001e-16 7.0423025399350002e-16 2 -0 -0 -1 -1 0 0 0 1 -0 
Triangulations 31
104 158 1 0 0.564113182277835
14.599482279464 37.385119356503 7.223790440223 4.68873477265307 40.6582973552665 19.5180563019697 -6.01719165506856 41.8871852397337 31.8123221637161 -15.9389570488877 40.9505027692408 42.7227054227457 -25.3769248014367 38.0558007720765 53.0805804028775 -34.0087605948 33.3284676436163 62.9823208092507 -41.5198305398669 26.9540471111939 72.5074713105699 -47.2449299193914 19.7667584823317 81.0801067617572 -51.6560548757064 11.3731526095045 89.6527422129443 -54.4589484089137 2.02506593031448 98.2253776641312 -55.4121259178418 -7.94318086347549 106.798013115318 -54.3510572947029 -18.1274205619382 115.370648566506 -51.2089256704936 -28.0732185860257 123.943284017696 -46.0320465989704 -37.3014112471311 132.515919468887 -38.9883465947561 -45.338094113184 141.088554920079 -34.6814935022959 -48.8975306271595 145.54427746004 -30 -51.96152422706 150 15.928547905577 35.57292117128 3.007113252462 15.9873157544348 35.8702111830815 3.65351025635892 15.9338879303279 36.1772946358766 4.31745592029041 15.7805675571777 36.4803856618101 4.98362971630664 15.5414076895399 36.7673941473616 5.63761456168313 15.2313841803877 37.0282503306792 6.26596043422186 14.9300947651006 37.219993673352 6.76111170775267 9.02321578109452 35.7939820467728 4.23248654686465 1.74258462384164 37.0622002584112 5.73685364700318 -2.09967008552608 38.156393092237 6.51167878637992 -6.049037142135 39.676204225977 7.223790440223 -16.2685852529059 37.5554857706088 19.5180563019685 -26.154633452592 33.2667706830999 31.8123221637134 -34.2787930987828 27.4946971714636 42.7227054227438 -41.0049619340073 20.2688278292589 53.0805804028768 -46.1166844481261 11.8589193511786 62.9823208092508 -49.4342515639449 2.58297426316237 72.5074713105708 -50.7986887513726 -6.50394996352543 81.0801067617585 -50.4220320863953 -15.9785883569054 89.6527422129461 -48.1753657506606 -25.4757156644666 98.2253776641334 -44.0167182908125 -34.5850593735457 106.798013115321 -38.0056860587833 -42.8743353590752 115.37064856651 -30.3116212381388 -49.9165832967399 123.9432840177 -21.214216119326 -55.3199930365135 132.515919468891 -11.0958515460122 -58.7581145585687 141.088554920084 -5.5862891005887 -59.6872504565999 145.544277460042 -3.241851231905e-14 -60 150 -23.4493029323797 -51.6917350151418 150 -16.9373064517245 -52.4522090187982 150 -10.6250425037872 -54.2241408572348 150 -5.10198688324635 -56.724779770681 150 2.92545927382761 38.8035078280101 17.7064019272158 -4.06387614636879 37.1207375690818 17.7064019272151 -11.2517441006477 37.2514266359659 17.7064019272154 -22.8889136478812 33.3709642821186 32.4056906019689 -21.9419286908025 36.565462326281 47.1049792767239 -33.6426378680326 26.2040872210262 47.1049792767221 -33.930729597985 29.9076516046383 61.8042679514768 -43.9424955168853 19.3396543158646 76.5035566262292 -47.7361777893899 12.7331669128261 83.8532009636052 -47.959229618333 2.20849173068713 76.5035566262297 -47.2723092576602 3.61764761748594 83.8532009636056 -44.8552068966174 10.517175251439 76.5035566262295 -50.479000039925 5.40872357281061 91.2028453009812 -49.1178347652189 -5.32113874529487 83.8532009636064 -48.5718015824138 -3.77438616786357 91.2028453009817 -52.0132881580856 -2.45633629414169 98.5524896383572 -49.0374812603994 -13.1418859892221 91.2028453009831 -48.6361234672169 -11.4639010578122 98.552489638358 -52.214106666386 -10.6452867560585 105.902133975733 -47.6349792287684 -21.031511759279 98.5524896383594 -47.3855255492706 -19.2244728768996 105.902133975734 -50.9993857328669 -18.9087686358822 113.25177831311 -44.8718694267359 -28.7428321366797 105.902133975736 -44.7864355061193 -26.8064300565278 113.251778313111 -48.3385178812833 -26.9740663339439 120.601422650486 -40.7614369327415 -36.0136659565943 113.251778313112 -40.8579366337753 -33.9471169151848 120.601422650487 -44.2588211917642 -34.5565464888147 127.951066987864 -35.3733880912808 -42.5785859381308 120.601422650488 -35.6758535595446 -40.3828211821907 127.951066987864 -38.8493590801143 -41.372755191855 135.300711325242 -28.8357583372177 -48.1819177662724 127.951066987865 -29.3740525548236 -45.8618013092625 135.300711325242 -21.3337565662567 -52.591333923687 135.300711325242 -13.470711559273 35.9674362649611 25.0560462645917 -15.7244878856945 35.5064256755299 32.405690601969 -15.1529824923364 37.5085528178357 37.5641980123563 -9.32825050195515 39.3764824187169 32.4056906019702 -27.1296020786004 30.6364339473421 47.1049792767234 -25.5314917407549 33.8415485970846 50.0927798397998 -37.268755459913 22.247359218739 61.8042679514769 -30.3769858779252 28.3512751305589 44.9138423497307 -38.5523970325307 20.4901595920456 57.4424241771748 -42.4274717654076 15.6739170328083 61.8042679514757 -38.3157600772021 24.4021587808011 67.1558696310233 -46.3977387989812 6.12029876802238 74.5055139684001 -33.8569396358919 -44.5315613925642 138.194633122659 -20.12712008434 -52.1943613686285 138.194633122662 -20.4371761054886 -50.9573048244593 142.65035566262 -19.2586625416391 -51.4117299412151 145.100237108413 -10.3567431315472 -55.954082725849 145.544277460041 -7.7405802552368 -56.4127401769684 147.77213873002 -4.17113487954021 37.9059450975069 22.2870512832798 -11.0761513997869 36.8715300439724 28.7308684332807 -42.3497480580394 14.6600946472528 68.1548909599384 -26.8277703706566 -49.3424721930227 145.322257284226 3.078097571357e-16 7.223790440222 0 19.518056301967 0 31.8123221637119 0 42.7227054227418 0 53.080580402875 0 62.9823208092498 0 72.5074713105706 0 81.0801067617593 0 89.652742212948 0 98.2253776641367 0 106.798013115325 0 115.370648566514 0 123.943284017703 0 132.515919468892 0 141.08855492008 0 145.54427746004 0 150 0.0677171823732584 3.00711325246099 0.0482101129585664 3.65351025635842 0.0321094484739932 4.31745592028988 0.019402735469883 4.98362971630608 0.0100081988281297 5.63761456168266 0.0037957955277672 6.26596043422114 0.000922269958166633 6.76111170775172 0.283719277833112 4.23248654071352 0.507911271615338 5.73685365926313 0.630214574416723 6.51167877567818 0.763337317515 7.22379044022234 0.763337317515 19.5180563019657 0.763337317515 31.8123221637091 0.763337317515 42.72270542274 0.763337317515 53.0805804028744 0.763337317515 62.98232080925 0.763337317515 72.5074713105714 0.763337317515 81.0801067617607 0.763337317515 89.6527422129499 0.763337317515 98.2253776641392 0.763337317515 106.798013115328 0.763337317515 115.370648566518 0.763337317515 123.943284017707 0.763337317515 132.515919468896 0.763337317515 141.088554920085 0.763337317515 145.544277460043 0.763337317515 150 0.157415447248189 150 0.314830894496377 150 0.472246341744566 150 0.617791829629783 150 0.1272228862525 17.7064019272149 0.3816686587575 17.7064019272149 0.6361144312625 17.7064019272149 0.6361144312625 32.4056906019688 0.1272228862525 47.1049792767227 0.6361144312625 47.1049792767227 0.1272228862525 61.8042679514766 0.1272228862525 76.5035566262305 0.1272228862525 83.8532009636075 0.6361144312625 76.5035566262305 0.3816686587575 83.8532009636075 0.3816686587575 76.5035566262305 0.1272228862525 91.2028453009844 0.6361144312625 83.8532009636075 0.3816686587575 91.2028453009844 0.1272228862525 98.5524896383614 0.6361144312625 91.2028453009844 0.3816686587575 98.5524896383614 0.1272228862525 105.902133975738 0.6361144312625 98.5524896383614 0.3816686587575 105.902133975738 0.1272228862525 113.251778313115 0.6361144312625 105.902133975738 0.3816686587575 113.251778313115 0.1272228862525 120.601422650492 0.6361144312625 113.251778313115 0.3816686587575 120.601422650492 0.1272228862525 127.951066987869 0.6361144312625 120.601422650492 0.3816686587575 127.951066987869 0.1272228862525 135.300711325246 0.6361144312625 127.951066987869 0.3816686587575 135.300711325246 0.6361144312625 135.300711325246 0.50889154501 25.0560462645918 0.3816686587575 32.4056906019688 0.19083432937875 37.5641980123553 0.1272228862525 32.4056906019688 0.3816686587575 47.1049792767227 0.19083432937875 50.0927798397989 0.3816686587575 61.8042679514766 0.57250298813625 44.9138423497314 0.57250298813625 57.4424241771755 0.6361144312625 61.8042679514766 0.19083432937875 67.1558696310236 0.57250298813625 74.505513968401 0.19083432937875 138.194633122663 0.57250298813625 138.194633122666 0.426957500251033 142.650355662623 0.389581964999481 145.100237108415 0.617791829629783 145.544277460043 0.617791829629783 147.772138730021 0.254445772505 22.2870512832794 0.31805721563125 28.7308684332803 0.477085823446875 68.1548909599388 0.194790982499741 145.322257284228 25 19 18 25 20 19 25 21 20 25 22 21 25 23 22 25 24 23 25 1 24 45 17 16 49 2 1 49 1 25 50 25 26 50 26 27 50 49 25 51 50 27 51 27 28 51 28 29 52 30 31 53 5 4 54 31 32 55 6 5 56 8 7 57 8 56 57 9 8 58 34 35 59 56 60 59 57 56 61 10 9 61 9 57 62 35 36 62 60 58 62 59 60 62 58 35 63 61 57 63 57 59 64 61 63 64 10 61 65 62 36 65 36 37 65 59 62 65 63 59 66 64 63 67 11 10 67 10 64 68 65 37 68 63 65 68 66 63 69 64 66 69 67 64 70 12 11 70 11 67 71 37 38 71 66 68 71 68 37 71 69 66 72 67 69 72 70 67 72 69 71 73 12 70 73 13 12 74 38 39 74 71 38 74 72 71 75 73 70 75 70 72 76 14 13 76 13 73 77 39 40 77 74 39 77 72 74 77 75 72 78 73 75 78 76 73 78 75 77 79 15 14 79 14 76 80 40 41 80 77 40 80 78 77 81 76 78 81 79 76 82 78 80 82 41 42 82 80 41 82 81 78 83 52 84 83 50 51 83 29 30 83 30 52 83 51 29 85 4 3 85 86 84 85 53 4 85 87 53 85 3 86 88 5 53 88 53 87 88 55 5 88 89 55 90 87 85 90 52 31 90 84 52 90 31 54 90 54 87 90 85 84 91 88 87 91 89 88 91 32 33 91 54 32 91 87 54 91 33 92 91 92 89 93 56 7 93 7 6 93 55 89 93 6 55 93 60 56 94 58 60 94 34 58 95 79 81 95 15 79 96 82 42 96 81 82 97 95 81 97 81 96 98 47 46 99 96 42 99 97 96 99 98 97 99 42 43 100 98 99 100 47 98 100 99 43 100 43 44 100 48 47 100 44 48 101 3 2 101 49 50 101 2 49 101 50 83 102 3 101 102 84 86 102 83 84 102 101 83 102 86 3 103 93 89 103 60 93 103 34 94 103 94 60 103 33 34 103 92 33 103 89 92 104 45 16 104 16 15 104 15 95 104 95 97 104 97 98 104 98 46 104 46 45 
105 160 1 0 0.564113182278054
31.336082214368 25.076721946513 7.223790440223 24.3897121023581 32.8667509979555 19.5180563019685 15.7325517871378 39.283962338168 31.8123221637133 6.67170967045399 43.4336542203521 42.7227054227433 -2.94916116193402 45.6457526306974 53.0805804028754 -12.7882168045123 45.8676799459812 62.9823208092487 -22.4802044527531 44.1028048030322 72.5074713105682 -31.0319302690429 40.7409799558691 81.0801067617559 -39.048879476893 35.6774665188044 89.6527422129435 -46.150299820349 28.9832327444508 98.2253776641308 -51.9598991542921 20.8270665443 106.798013115318 -56.133106620727 11.4767219356316 115.370648566505 -58.3848398241714 1.2923423737575 123.943284017694 -58.5156273664649 -9.28794643753947 132.515919468883 -56.4339456592044 -19.769767963809 141.088554920074 -54.4838197277524 -25.0057569543024 145.544277460037 -51.96152422706 -30 150 31.580987717267 22.842779468361 3.007113252462 31.7805271503928 23.0708562071017 3.65351015826905 31.8877990435467 23.3635122137334 4.31745588686794 31.9065652218611 23.7026569398049 4.98362970778064 31.8429509443504 24.0707935142706 5.63761455566141 31.7048908013629 24.4517133516271 6.26596043064533 31.539838184813 24.7684126661676 6.76111170606806 25.7113251136432 26.4868898645617 4.23248654686495 20.0402226816971 31.2255146320091 5.7368536470032 17.2598289124866 34.0942407774255 6.51167878638002 14.599482279464 37.385119356503 7.223790440223 4.68873477265307 40.6582973552665 19.5180563019697 -6.01719165506856 41.8871852397337 31.8123221637161 -15.9389570488877 40.9505027692408 42.7227054227457 -25.3769248014367 38.0558007720765 53.0805804028775 -34.0087605948 33.3284676436163 62.9823208092507 -41.5198305398669 26.9540471111939 72.5074713105699 -47.2449299193914 19.7667584823317 81.0801067617572 -51.6560548757064 11.3731526095045 89.6527422129443 -54.4589484089137 2.02506593031448 98.2253776641312 -55.4121259178418 -7.94318086347549 106.798013115318 -54.3510572947029 -18.1274205619382 115.370648566506 -51.2089256704936 -28.0732185860257 123.943284017696 -46.0320465989704 -37.3014112471311 132.515919468887 -38.9883465947561 -45.338094113184 141.088554920079 -34.6814935022959 -48.8975306271595 145.54427746004 -30 -51.96152422706 150 -46.1535595480799 -33.0417042225994 150 -40.8942421683304 -36.9562922689835 150 -36.3136271532548 -41.646962228777 150 -32.7808401360321 -46.5741068638168 150 21.9352759628761 32.1420938980916 17.7064019272157 15.0409488039514 34.179439815225 17.7064019272148 8.88141708993931 37.8865538442835 17.7064019272156 -3.13689854303649 40.3445596410401 32.4056906019698 -0.719536491121813 42.6375836210849 47.1049792767238 -16.0333354335261 39.5147241504099 47.1049792767239 -14.4310479984766 42.8661508561455 61.8042679514768 -28.3854902653741 38.7198796963924 76.5035566262294 -34.974159188769 34.8953349118313 83.8532009636056 -40.4296653300645 25.8922247519912 76.5035566262301 -39.130196903946 26.7691293675138 83.8532009636065 -33.5871610387587 31.5357443921086 76.5035566262302 -41.0117346058054 29.9235920360654 91.2028453009818 -45.1978620582137 19.9506760521247 83.8532009636062 -43.9516071618806 21.017186486145 91.2028453009826 -46.2729970263334 23.8793944480792 98.5524896383579 -49.0386475037205 13.1375335098973 91.2028453009822 -47.8520689931141 14.3900321910724 98.5524896383588 -50.5413861870301 16.8879645718767 105.902133975734 -51.7688580004975 5.60366615086058 98.5524896383582 -50.6493053357966 7.04388088887611 105.902133975735 -53.6211479400057 9.12421887347715 113.251778313111 -53.2315949071923 -2.45608809370515 105.902133975734 -52.1894059215188 -0.821831660663246 113.251778313112 -55.349417633452 0.809032252079468 120.601422650488 -53.30727285681 -10.8080311354437 113.251778313111 -52.3575695286594 -8.97009731690176 120.601422650489 -55.607536738029 -7.7974365304898 127.951066987865 -51.9235456740422 -19.187443033997 120.601422650487 -51.0876060753576 -17.134622240488 127.951066987866 -54.3309094800513 -16.4051774806443 135.300711325244 -49.0634581405572 -27.3088856200334 127.951066987865 -48.3695763792113 -25.0304587197229 135.300711325244 -44.7712421063756 -34.8785529136925 135.300711325243 13.3862539024488 35.9989548160279 25.0560462645919 4.1354068672522 38.6117105754413 32.4056906019685 11.6097393017995 38.7651593372586 32.4056906019701 5.63140862745403 40.0598508456051 37.5641980123549 -8.17670762096023 40.0967311190638 47.1049792767229 -5.19014614546322 42.0733866588598 50.0927798397984 -21.1520093863453 37.9011559805036 61.8042679514771 -12.1316038954081 39.7414174317102 44.9138423497329 -23.1422754109349 37.0211972505754 57.4424241771768 -28.9063098507877 34.7877462099269 61.8042679514774 -20.9813422017649 40.2907694499583 67.1558696310222 -37.1214710940621 28.4992036113502 74.5055139684006 -51.5867505153638 -21.6369936181996 138.19463312266 -43.5277779823758 -35.1380828373628 138.194633122661 -43.1777661012314 -33.9117324335804 142.650355662622 -42.3843559746188 -34.894532910732 145.100237108415 -36.9462440153388 -43.2792855202159 145.544277460039 -34.9099092295765 -44.9845759626777 147.772138730019 10.7754171908748 36.1783881231035 21.3812240959031 8.5303417618678 37.3438089625235 20.7601681645913 8.44258704265276 37.188462780085 22.2870512832793 -29.3459103385072 33.8708884154259 68.1548909599392 -47.9047667644209 -29.3179492193378 145.322257284227 3.839380843439e-15 7.223790440222 0 19.5180563019659 0 31.8123221637094 0 42.7227054227397 0 53.080580402873 0 62.9823208092476 0 72.5074713105684 0 81.080106761757 0 89.6527422129457 0 98.2253776641344 0 106.798013115323 0 115.370648566512 0 123.9432840177 0 132.515919468889 0 141.088554920078 0 145.544277460039 0 150 0.0677171823732685 3.00711325246099 0.0482101156118823 3.65351015826822 0.0321094491947201 4.31745588686777 0.0194027356118872 4.98362970778064 0.0100081989009416 5.63761455566114 0.00379579555514006 6.2659604306447 0.000922269964758093 6.76111170606737 0.283719277833112 4.23248654071324 0.507911271615337 5.73685365926333 0.630214574416723 6.51167877567815 0.763337317515 7.22379044022213 0.763337317515 19.518056301967 0.763337317515 31.8123221637119 0.763337317515 42.7227054227418 0.763337317515 53.080580402875 0.763337317515 62.9823208092498 0.763337317515 72.5074713105706 0.763337317515 81.0801067617593 0.763337317515 89.652742212948 0.763337317515 98.2253776641367 0.763337317515 106.798013115325 0.763337317515 115.370648566514 0.763337317515 123.943284017703 0.763337317515 132.515919468892 0.763337317515 141.08855492008 0.763337317515 145.54427746004 0.763337317515 150 0.157415447247351 150 0.314830894494702 150 0.472246341742054 150 0.617791829628527 150 0.1272228862525 17.7064019272149 0.3816686587575 17.7064019272149 0.6361144312625 17.7064019272149 0.6361144312625 32.4056906019688 0.1272228862525 47.1049792767227 0.6361144312625 47.1049792767227 0.1272228862525 61.8042679514766 0.1272228862525 76.5035566262305 0.1272228862525 83.8532009636075 0.6361144312625 76.5035566262305 0.3816686587575 83.8532009636075 0.3816686587575 76.5035566262305 0.1272228862525 91.2028453009844 0.6361144312625 83.8532009636075 0.3816686587575 91.2028453009844 0.1272228862525 98.5524896383614 0.6361144312625 91.2028453009844 0.3816686587575 98.5524896383614 0.1272228862525 105.902133975738 0.6361144312625 98.5524896383614 0.3816686587575 105.902133975738 0.1272228862525 113.251778313115 0.6361144312625 105.902133975738 0.3816686587575 113.251778313115 0.1272228862525 120.601422650492 0.6361144312625 113.251778313115 0.3816686587575 120.601422650492 0.1272228862525 127.951066987869 0.6361144312625 120.601422650492 0.3816686587575 127.951066987869 0.1272228862525 135.300711325246 0.6361144312625 127.951066987869 0.3816686587575 135.300711325246 0.6361144312625 135.300711325246 0.254445772505 25.0560462645918 0.3816686587575 32.4056906019688 0.1272228862525 32.4056906019688 0.19083432937875 37.5641980123543 0.3816686587575 47.1049792767227 0.19083432937875 50.0927798397978 0.3816686587575 61.8042679514766 0.57250298813625 44.9138423497323 0.57250298813625 57.4424241771758 0.6361144312625 61.8042679514766 0.19083432937875 67.1558696310225 0.57250298813625 74.5055139684005 0.19083432937875 138.194633122662 0.57250298813625 138.194633122663 0.426957500249777 142.650355662623 0.389581964998085 145.100237108415 0.617791829628527 145.54427746004 0.617791829628527 147.77213873002 0.44528010188375 21.3812240959034 0.551299173760833 20.7601681645913 0.50889154501 22.2870512832794 0.477085823446875 68.1548909599386 0.194790982499043 145.322257284227 25 19 18 25 20 19 25 21 20 25 22 21 25 23 22 25 24 23 25 1 24 45 17 16 49 2 1 49 1 25 50 25 26 50 26 27 50 49 25 51 50 27 51 27 28 51 28 29 52 30 31 53 5 4 54 31 32 55 6 5 56 8 7 57 9 8 57 8 56 58 34 35 59 57 56 59 60 58 59 56 60 61 10 9 61 57 59 61 9 57 62 58 35 62 59 58 62 35 36 63 61 59 64 10 61 65 36 37 65 59 62 65 62 36 65 63 59 66 63 65 66 61 63 66 64 61 67 11 10 67 64 66 67 10 64 68 65 37 68 66 65 69 67 66 70 11 67 70 12 11 71 37 38 71 69 66 71 68 37 71 66 68 72 67 69 72 70 67 73 13 12 73 12 70 73 70 72 74 38 39 74 71 38 74 69 71 74 72 69 75 73 72 76 14 13 76 13 73 77 39 40 77 74 39 77 72 74 77 75 72 78 73 75 78 76 73 79 15 14 79 76 78 79 14 76 80 40 41 80 77 40 80 75 77 80 78 75 81 79 78 82 81 78 82 80 41 82 41 42 82 78 80 83 3 2 83 84 85 83 49 50 83 85 3 83 2 49 86 4 3 86 85 84 86 53 4 86 87 53 86 3 85 88 5 53 88 53 87 88 55 5 88 89 55 90 87 86 90 84 52 90 52 31 90 31 54 90 86 84 90 54 87 91 88 87 91 89 88 91 32 33 91 54 32 91 87 54 91 33 92 91 92 89 93 56 7 93 7 6 93 6 55 93 55 89 93 60 56 94 58 60 94 34 58 95 79 81 95 15 79 96 82 42 96 81 82 97 95 81 97 81 96 98 47 46 99 97 96 99 98 97 99 42 43 99 96 42 100 98 99 100 47 98 100 99 43 100 43 44 100 48 47 100 44 48 101 83 50 102 50 51 102 101 50 102 51 29 103 84 83 103 83 101 103 52 84 103 29 30 103 30 52 103 101 102 103 102 29 104 93 89 104 60 93 104 34 94 104 33 34 104 92 33 104 89 92 104 94 60 105 45 16 105 16 15 105 15 95 105 97 98 105 95 97 105 98 46 105 46 45 
49 66 1 0 0.301428691243248
15.928547905577 35.57292117128 3.007113252462 15.9873157544348 35.8702111830815 3.65351025635892 15.9338879303279 36.1772946358766 4.31745592029041 15.7805675571777 36.4803856618101 4.98362971630664 15.5414076895399 36.7673941473616 5.63761456168313 15.2313841803877 37.0282503306792 6.26596043422186 14.9300947651006 37.219993673352 6.76111170775267 14.599482279464 37.385119356503 7.223790440223 31.580987717267 22.842779468361 3.007113252462 25.7113251136432 26.4868898645617 4.23248654686495 20.0402226816971 31.2255146320091 5.7368536470032 17.2598289124866 34.0942407774255 6.51167878638002 27.518591067801 19.744387551377 6.328271240363e-15 28.1070834171328 20.1887016500784 0.0449938871999022 28.7758929692082 20.6955373055957 0.208302982264483 29.5233407120453 21.2643467265762 0.54697016192172 30.2128969796755 21.7913091341797 1.03917957828833 30.7542371734055 22.2064499298209 1.59358150433395 31.1603603091772 22.5186965928981 2.16035208891541 31.3912652072382 22.6965195638184 2.57707064142295 22.6900038064849 22.6758032395034 4.94758797538205e-15 18.1404633236219 26.372331555168 6.09262467868998e-15 13.959605165383 30.858436735558 6.994405055138e-15 14.3532563016199 31.7890110762609 0.0847155624656494 14.7106246533516 32.6390105453703 0.315923042635515 15.0202873868495 33.379589861011 0.653152294036923 15.3056708464037 34.0654192390918 1.10559809192414 15.5557733451295 34.6690247169582 1.65734559706903 15.7623065936894 35.1692191975041 2.28570937629634 15.8524353194093 35.3879716987091 2.64139952518328 27.9993968841506 24.2539751619857 2.35710008694327 23.6653333809777 26.0075117388799 1.27033801245285 23.1598953122172 24.3834057328021 0.294198509540677 22.1851773256368 28.8596125880539 3.21146569543377 21.0492338266623 26.1506768649423 0.333221864636533 19.7553389392467 31.3739051494684 3.75335457515904 18.4897535422838 32.8413848884957 4.06044950247891 18.3468820642956 28.79867308849 0.391172494019675 16.9300267503072 34.8680962200524 4.70463422589177 16.9703582966501 34.7912996264178 4.51110321292907 17.0452724325166 34.6127862715087 4.13319924332158 16.649384350656 31.4319814570325 0.676098651402242 16.4502898255398 30.9746829730847 0.437479023179054 18.6649563847025 31.0926950953262 1.77888491078923 28.4130587273651 22.6041138997638 0.984835675345597 21.8140694878817 27.6924822474022 1.43745327333151 20.560091936525 28.9581538382905 1.5644035058371 17.8963085006268 32.3029029089791 2.1069176663339 16.4407277553776 34.4387236751599 2.47134577988228 10.801379494935 23.402878486589 9.16980094795909 23.6377822247715 7.56032390456079 23.913743628168 5.96247882685436 24.2131607325111 4.363348344095 24.5192721786509 2.74984574529503 24.8172856629623 1.38615970835076 25.0506537772414 0 25.264751901939 0 4.110950065678 0 11.1622173444316 0 18.2134846231853 0 21.7391182625622 26.174596211357 5.73217467041966 23.1394918364179 5.52651841512972 19.7032198151293 5.28212657268407 15.7125816705658 4.99447399576542 11.6631098939407 4.71429219162455 7.97577086784224 4.48351259867217 4.63358554420712 4.30366744613438 2.31982010339159 4.19871091254998 26.174596211357 10.5998293047091 26.174596211357 15.4674839389986 26.174596211341 20.335138557898 23.2662628065731 20.8873794148126 20.7746078843127 21.4137589404427 18.6364457925883 21.8901146591099 16.5930010205942 22.3464621727808 14.6345372898723 22.7605215316105 12.7468491931384 23.1126431691425 11.7678008677886 23.2692375640442 5.83155494697034 7.93825476802809 13.0872981056785 12.17745379626 19.6309471585177 11.3886415504846 6.54364905283925 15.1954692097227 19.6309471585177 13.8224688676293 6.54364905283925 18.4672937361424 6.54364905283925 20.2301105558308 19.6309471585177 17.0942933940491 5.8839004338943 22.5041779133032 6.37342459656922 22.4258807158523 7.31726864493613 22.2498198970863 18.1767804561258 19.8042411319561 19.6309471585097 19.5281207034988 13.0872981056785 18.7211028490995 12.7673873810498 6.61019067035608 13.0872981056785 14.508969038676 13.0872981056785 16.1448813018859 12.3602147544825 20.0171758438934 11.9551348327652 22.2981410349336 21 14 13 7 8 12 6 7 12 5 6 12 31 10 9 31 19 18 31 20 19 31 9 20 31 32 10 33 32 31 34 11 10 34 10 32 35 21 22 35 33 21 35 32 33 36 11 34 37 12 11 37 11 36 38 22 23 38 35 22 39 2 3 39 3 4 39 4 5 39 5 12 40 39 12 40 2 39 41 1 2 41 40 12 41 12 37 41 2 40 42 24 25 42 25 26 43 23 24 43 44 38 43 38 23 43 24 42 43 42 44 45 15 14 45 16 15 45 17 16 45 18 17 45 31 18 45 21 33 45 14 21 45 33 31 46 34 32 46 32 35 47 34 46 47 46 35 47 38 44 47 36 34 47 44 36 47 35 38 48 26 27 48 36 44 48 42 26 48 37 36 48 44 42 49 27 28 49 28 29 49 29 30 49 30 1 49 48 27 49 41 37 49 37 48 49 1 41 
51 70 1 0 0.301428691243491
-3.991933454013 38.771327373938 3.007113252462 -4.08968393880027 39.0581718772961 3.65350994893542 -4.28949557555504 39.2974001481477 4.31745588309051 -4.57382046990603 39.4832245161685 4.983629777591 -4.92444322938317 39.6122012140662 5.63761460496861 -5.32335954786773 39.6830975360189 6.26596045992954 -5.68015549838219 39.6985074322722 6.76111171985993 -6.049037142135 39.676204225977 7.223790440223 15.928547905577 35.57292117128 3.007113252462 9.02321578109452 35.7939820467728 4.23248654686465 1.74258462384164 37.0622002584112 5.73685364700318 -2.09967008552608 38.156393092237 6.51167878637992 13.959605165383 30.858436735558 6.994405055138e-15 14.3532563016199 31.7890110762609 0.0847155624656494 14.7106246533516 32.6390105453703 0.315923042635515 15.0202873868495 33.379589861011 0.653152294036923 15.3056708464037 34.0654192390918 1.10559809192414 15.5557733451295 34.6690247169582 1.65734559706903 15.7623065936894 35.1692191975041 2.28570937629634 15.8524353194093 35.3879716987091 2.64139952518328 8.31221808862902 30.9828235598699 8.11268452065981e-15 2.52393629709108 31.9093407456129 7.99839222035614e-15 -3.339845667758 33.703992716759 7.105427357601e-15 -3.46422095408946 34.7067193055214 0.0847155627867577 -3.5797306173339 35.6215246135053 0.315923042170972 -3.68184448120127 36.4177164801508 0.653152292529264 -3.7776098445978 37.1543538749413 1.10559809094815 -3.86281746612757 37.8021428021652 1.65734559688541 -3.9340516663675 38.3385905530661 2.28570937614941 -3.96537415083486 38.5731001387824 2.64139952461994 12.1418706965609 35.0335544659921 2.40520926864373 11.9801737622984 34.8006602794373 2.0520245977816 7.49102402751449 34.3558325455801 1.27033801245268 4.78312085743658 36.0857463074503 3.21146569543383 5.15383279161649 33.1717674045291 0.333221864636558 7.86535482296684 32.6965964514983 0.294198509540648 1.42167280702492 37.0482683449866 3.75335457515868 -0.40809616691674 37.6863503800416 4.06044950247856 1.48952940367122 34.113823522064 0.391172494019647 -2.77221485733109 38.6616704832293 4.70463422564644 -2.69888841696117 38.6153284554609 4.51110321285257 -2.54475419486033 38.4981884231789 4.13319924329452 -1.29720092363649 35.5455866090729 0.676098651752705 -1.24097260556151 35.0500072457086 0.437479023834408 0.617978842017601 36.2595420170279 1.77888491078898 13.1156449369241 33.3956075900834 0.726162321729573 10.3011224487435 33.1138195418468 0.556585640258874 5.04529721272294 34.8894278640407 1.43745327333161 3.32648500202819 35.3585428389202 1.56440350583703 -0.652793659098665 36.9232887857321 2.10691766664017 -2.98127394471542 38.0451734541635 2.47134577967717 10.80137949495 23.402878486583 9.16980170511687 23.6377821043986 7.56032399372498 23.9137436119376 5.96247867917233 24.2131607607646 4.3633482361548 24.519272199123 2.74984567697374 24.8172856751403 1.38615967367477 25.0506537829008 0 25.264751901935 0 4.110950065678 0 11.1622173444303 0 18.2134846231826 0 21.7391182625588 26.174596211353 5.73217467041886 22.0251878378375 5.44825020850047 18.2200106824387 5.17493964985013 14.7335766452668 4.92500385079167 11.1874069642976 4.68294235181241 7.58371161575389 4.46082794340507 3.92819727014225 4.26988363092625 1.96943426881216 4.18431326088656 26.174596211353 10.5998293047079 26.174596211353 15.467483938997 26.174596204045 20.335138572494 23.2662628027822 20.8873794156878 20.7746078829932 21.4137589402267 18.6364457947475 21.8901146580861 16.5930010216434 22.3464621725464 14.6345372900922 22.7605215317745 12.7468491935247 23.1126431690831 11.7678008689503 23.2692375636852 5.59370348214879 7.92257984812135 7.36678832263338 8.04361059761098 13.0872981056765 12.177453796258 6.54364905283825 15.1954692097203 19.6309471585148 13.8224688676275 19.6309471585148 11.388641550483 6.54364905283825 18.4672937361396 6.54364905283825 20.2301105558277 19.6309471585148 17.0942933940467 5.88390043447513 22.504177913122 6.37342459676235 22.425880715821 7.3172686450461 22.2498198971666 18.1767804542293 19.8042411323921 19.6309471548607 19.5281207107952 13.0872981056765 18.7211028490965 14.6959880802355 6.74593040305573 16.7706922669932 9.32171995115946 13.0872981056765 14.5089690386739 13.0872981056765 16.1448813018835 12.3602147535338 20.0171758441099 11.9551348333448 22.2981410348565 7 8 12 6 7 12 5 6 12 31 10 9 31 18 17 31 19 18 31 20 19 31 9 20 32 33 10 32 31 17 32 10 31 34 11 10 34 10 33 35 21 22 35 36 21 35 33 36 37 11 34 38 12 11 38 11 37 39 22 23 39 35 22 40 2 3 40 3 4 40 4 5 40 5 12 41 40 12 41 2 40 42 1 2 42 41 12 42 2 41 42 12 38 43 24 25 43 25 26 44 23 24 44 24 43 44 45 39 44 39 23 44 43 45 46 14 13 46 15 14 46 16 15 46 17 16 46 32 17 47 32 46 47 13 21 47 21 36 47 36 33 47 33 32 47 46 13 48 33 35 48 34 33 49 48 35 49 34 48 49 37 34 49 45 37 49 35 39 49 39 45 50 26 27 50 37 45 50 43 26 50 38 37 50 45 43 51 38 50 51 27 28 51 28 29 51 29 30 51 30 1 51 50 27 51 1 42 51 42 38 
103 156 1 0 0.56411318227823
-6.049037142135 39.676204225977 7.223790440223 -16.2685852529059 37.5554857706088 19.5180563019685 -26.154633452592 33.2667706830999 31.8123221637134 -34.2787930987828 27.4946971714636 42.7227054227438 -41.0049619340073 20.2688278292589 53.0805804028768 -46.1166844481261 11.8589193511786 62.9823208092508 -49.4342515639449 2.58297426316237 72.5074713105708 -50.7986887513726 -6.50394996352543 81.0801067617585 -50.4220320863953 -15.9785883569054 89.6527422129461 -48.1753657506606 -25.4757156644666 98.2253776641334 -44.0167182908125 -34.5850593735457 106.798013115321 -38.0056860587833 -42.8743353590752 115.37064856651 -30.3116212381388 -49.9165832967399 123.9432840177 -21.214216119326 -55.3199930365135 132.515919468891 -11.0958515460122 -58.7581145585687 141.088554920084 -5.5862891005887 -59.6872504565999 145.544277460042 -3.241851231905e-14 -60 150 -3.991933454013 38.771327373938 3.007113252462 -4.08968393880027 39.0581718772961 3.65350994893542 -4.28949557555504 39.2974001481477 4.31745588309051 -4.57382046990603 39.4832245161685 4.983629777591 -4.92444322938317 39.6122012140662 5.63761460496861 -5.32335954786773 39.6830975360189 6.26596045992954 -5.68015549838219 39.6985074322722 6.76111171985993 -10.0826569331289 35.5101056456567 4.23248654686482 -17.02197757671 32.9680992558511 5.73685364700305 -20.8965641797493 31.9945706918988 6.51167878637996 -25.07672194651 31.336082214368 7.223790440223 -32.8667509979523 24.3897121023565 19.5180563019718 -39.2839623381647 15.7325517871332 31.8123221637202 -43.433654220348 6.67170967044753 42.7227054227517 -45.6457526306921 -2.9491611619416 53.0805804028845 -45.8676799459745 -12.7882168045201 62.9823208092581 -44.1028048030241 -22.4802044527603 72.5074713105776 -40.7409799558597 -31.0319302690494 81.0801067617651 -35.6774665187938 -39.0488794768986 89.6527422129523 -28.9832327444392 -46.1502998203536 98.2253776641392 -20.8270665442876 -51.9598991542957 106.798013115326 -11.4767219356189 -56.1331066207293 115.370648566514 -1.29234237374495 -58.3848398241721 123.943284017702 9.28794643755145 -58.5156273664637 132.515919468892 19.7697679638203 -56.4339456592009 141.088554920083 25.0057569543079 -54.48381972775 145.544277460041 30 -51.96152422706 150 5.53817546711064 -56.491007154993 150 11.5579668505583 -53.8935987207432 150 17.9105137041019 -52.2720047326336 150 23.9439396347015 -51.6760937471046 150 -16.868231865133 35.0675531719181 17.7064019272167 -22.079788765128 30.115563668855 17.706401927216 -28.3700095460228 26.6348097436335 17.7064019272167 -36.5078628251511 17.4556459931542 32.4056906019711 -37.2849988174019 20.6956549302792 47.1049792767245 -42.2374226545488 5.87208628237202 47.1049792767245 -44.3386996031146 8.93542125815722 61.8042679514775 -47.7251445812384 -5.22261582049548 76.5035566262303 -47.7073261015944 -12.8408428775607 83.8532009636066 -44.1043362901964 -13.3194625045102 76.5035566262304 -42.6381570607499 -22.0670048663443 76.50355662623 -42.74784452143 -20.503179890148 83.8532009636068 -46.420458178615 -20.5554080038613 91.2028453009826 -39.8767233129177 -29.1671587130966 83.8532009636061 -40.1772209940145 -27.5546150962707 91.2028453009831 -43.8166607321902 -28.1338937100077 98.5524896383586 -35.8967615144975 -35.8999477505048 91.2028453009819 -36.3881679352988 -34.2460912761469 98.5524896383593 -39.8960994309696 -35.3261420945102 105.902133975734 -30.7373462412175 -42.0313130779112 98.5524896383577 -31.4248324588937 -40.3416446603972 105.902133975735 -34.7123793041211 -41.8751668593906 113.25177831311 -24.4887627705113 -47.327957520445 105.902133975734 -25.3829758649874 -45.6082671667856 113.251778313112 -28.3753512995054 -47.5294856292049 120.601422650487 -17.2936069002137 -51.5694680681897 113.25177831311 -18.4104526134708 -49.8280339506806 120.601422650488 -21.0509902492112 -52.0562577222556 127.951066987864 -9.34495973590894 -54.5608311252826 120.601422650486 -10.7047848931632 -52.8104758000364 127.951066987865 -12.958154288193 -55.2545365607609 135.300711325241 -0.881540374282366 -56.1446439572556 127.951066987864 -2.50777506994521 -54.4045112745501 135.300711325242 7.82009181731289 -56.2123094799526 135.300711325242 -24.4828824291422 29.5923133490424 25.0560462645931 -31.371018808276 22.8872226897443 32.4056906019698 -27.7667431169159 29.4369088353011 32.4056906019711 -29.6496965498617 24.4133577348157 25.0560462645931 -31.8771441903807 24.9068683532673 37.5641980123556 -38.8131415683017 12.9671290404609 47.1049792767235 -39.0316947425482 16.5418949181026 50.0927798397994 -43.3993686050838 0.632400520588819 61.8042679514771 -40.4828790259643 9.36443155377737 44.9138423497363 -43.6324350029779 -1.53119978196222 57.4424241771798 -44.5802268835931 -7.63972555548455 61.8042679514774 -45.3835009825672 1.97500937275301 67.1558696310242 -43.2417698620823 -17.8985351876364 74.5055139684036 -7.05518912279238 -55.4939332540966 138.194633122662 8.66658338625695 -55.265202921708 138.194633122663 7.77953872328679 -54.3489085391132 142.650355662621 9.02737396666556 -54.1531954524138 145.100237108413 19.0078387105628 -53.6360286518137 145.544277460042 21.5028309474446 -52.7251562179606 147.772138730021 -44.0060049857585 -8.47885964261687 68.1548909599404 1.43770542864388 -56.145719590012 145.322257284227 9.396155387685e-16 7.223790440222 0 19.5180563019657 0 31.8123221637091 0 42.72270542274 0 53.0805804028744 0 62.98232080925 0 72.5074713105714 0 81.0801067617607 0 89.6527422129499 0 98.2253776641392 0 106.798013115328 0 115.370648566518 0 123.943284017707 0 132.515919468896 0 141.088554920085 0 145.544277460043 0 150 0.0677171823732714 3.00711325246205 0.0482101212726685 3.65350994893506 0.0321094492761001 4.31745588308982 0.0194027344491665 4.98362977759 0.0100081983047812 5.63761460496761 0.0037957953310856 6.26596045992854 0.000922269910881235 6.76111171985893 0.283719277652378 4.23248651834474 0.507911271615197 5.73685365926331 0.630214574416912 6.51167877567838 0.763337317515 7.22379044022206 0.763337317515 19.518056301969 0.763337317515 31.812322163716 0.763337317515 42.7227054227479 0.763337317515 53.0805804028821 0.763337317515 62.9823208092571 0.763337317515 72.5074713105778 0.763337317515 81.0801067617665 0.763337317515 89.6527422129551 0.763337317515 98.2253776641438 0.763337317515 106.798013115332 0.763337317515 115.370648566521 0.763337317515 123.94328401771 0.763337317515 132.515919468898 0.763337317515 141.088554920087 0.763337317515 145.544277460044 0.763337317515 150 0.157415447248625 150 0.314830894497251 150 0.472246341745876 150 0.617791829630438 150 0.1272228862525 17.7064019272158 0.3816686587575 17.7064019272158 0.6361144312625 17.7064019272158 0.6361144312625 32.4056906019696 0.1272228862525 47.1049792767234 0.6361144312625 47.1049792767234 0.1272228862525 61.8042679514772 0.1272228862525 76.503556626231 0.1272228862525 83.8532009636079 0.3816686587575 76.503556626231 0.6361144312625 76.503556626231 0.3816686587575 83.8532009636079 0.1272228862525 91.2028453009848 0.6361144312625 83.8532009636079 0.3816686587575 91.2028453009848 0.1272228862525 98.5524896383617 0.6361144312625 91.2028453009848 0.3816686587575 98.5524896383617 0.1272228862525 105.902133975739 0.6361144312625 98.5524896383617 0.3816686587575 105.902133975739 0.1272228862525 113.251778313115 0.6361144312625 105.902133975739 0.3816686587575 113.251778313115 0.1272228862525 120.601422650492 0.6361144312625 113.251778313115 0.3816686587575 120.601422650492 0.1272228862525 127.951066987869 0.6361144312625 120.601422650492 0.3816686587575 127.951066987869 0.1272228862525 135.300711325246 0.6361144312625 127.951066987869 0.3816686587575 135.300711325246 0.6361144312625 135.300711325246 0.254445772505 25.0560462645927 0.3816686587575 32.4056906019696 0.1272228862525 32.4056906019696 0.50889154501 25.0560462645927 0.19083432937875 37.5641980123548 0.3816686587575 47.1049792767234 0.19083432937875 50.0927798397989 0.3816686587575 61.8042679514772 0.57250298813625 44.9138423497357 0.57250298813625 57.4424241771797 0.6361144312625 61.8042679514772 0.19083432937875 67.1558696310243 0.57250298813625 74.5055139684044 0.19083432937875 138.194633122666 0.57250298813625 138.194633122667 0.426957500251688 142.650355662623 0.389581965000209 145.100237108415 0.617791829630438 145.544277460044 0.617791829630438 147.772138730022 0.477085823446875 68.1548909599408 0.194790982500104 145.322257284229 25 19 18 25 20 19 25 21 20 25 22 21 25 23 22 25 24 23 25 1 24 45 17 16 49 2 1 49 1 25 50 25 26 50 26 27 50 49 25 51 50 27 51 27 28 51 28 29 52 30 31 53 5 4 54 31 32 55 6 5 56 8 7 57 8 56 57 9 8 57 56 58 59 34 35 60 57 58 61 10 9 61 57 60 61 9 57 62 58 59 62 60 58 62 35 36 62 59 35 63 61 60 64 10 61 65 36 37 65 60 62 65 62 36 65 63 60 66 61 63 66 64 61 67 11 10 67 10 64 68 65 37 68 63 65 68 66 63 69 64 66 69 67 64 70 12 11 70 11 67 71 37 38 71 68 37 71 66 68 71 69 66 72 67 69 72 70 67 73 13 12 73 12 70 74 38 39 74 71 38 74 69 71 74 72 69 75 70 72 75 73 70 76 14 13 76 13 73 76 73 75 77 74 39 77 39 40 77 72 74 77 75 72 78 76 75 79 15 14 79 14 76 80 40 41 80 77 40 80 75 77 80 78 75 81 76 78 81 79 76 82 81 78 82 80 41 82 41 42 82 78 80 83 3 2 83 84 85 83 49 50 83 85 3 83 2 49 86 84 83 86 50 51 86 29 30 86 52 84 86 30 52 86 51 29 86 83 50 87 4 3 87 85 84 87 53 4 87 88 53 87 3 85 89 5 53 89 53 88 89 55 5 89 90 55 91 88 87 91 52 31 91 84 52 91 87 84 91 31 54 91 54 88 92 93 90 92 32 33 92 90 89 92 54 32 92 88 54 92 33 93 92 89 88 94 56 7 94 7 6 94 6 55 94 55 90 94 58 56 95 59 58 95 34 59 96 15 79 96 79 81 97 82 42 97 81 82 98 96 81 98 81 97 99 47 46 100 98 97 100 99 98 100 42 43 100 97 42 101 99 100 101 43 44 101 47 99 101 100 43 101 48 47 101 44 48 102 90 93 102 94 90 102 58 94 102 34 95 102 33 34 102 93 33 102 95 58 103 45 16 103 16 15 103 15 96 103 98 99 103 96 98 103 99 46 103 46 45 
98 98 1 0 4.02336001062982e-14
-30 -51.96152422706 150 -23.4493029323797 -51.6917350151418 150 -16.9373064517245 -52.4522090187982 150 -10.6250425037872 -54.2241408572348 150 -5.10198688324635 -56.724779770681 150 -3.241851231905e-14 -60 150 5.53817546711064 -56.491007154993 150 11.5579668505583 -53.8935987207432 150 17.9105137041019 -52.2720047326336 150 23.9439396347015 -51.6760937471046 150 30 -51.96152422706 150 33.0417042226262 -46.1535595480424 150 36.9562922690441 -40.8942421682639 150 41.6469622288812 -36.3136271531699 150 46.5741068638771 -32.7808401359975 150 51.961524227066 -30 150 51.6917350151491 -23.4493029323637 150 52.45220901881 -16.9373064516932 150 54.2241408572548 -10.6250425037423 150 56.7247797706937 -5.10198688322532 150 60 -4.973799150321e-14 150 56.4910071549989 5.53817546710212 150 53.8935987207534 11.55796685054 150 52.2720047326443 17.9105137040735 150 51.6760937471117 23.9439396346871 150 51.961524227066 30 150 46.153559548046 33.0417042226262 150 40.8942421682658 36.9562922690441 150 36.313627153172 41.6469622288812 150 32.7808401360005 46.5741068638771 150 30 51.961524227066 150 23.4493029323694 51.691735015149 150 16.9373064517025 52.4522090188087 150 10.6250425037535 54.2241408572513 150 5.10198688323019 56.7247797706912 150 4.485301019486e-14 60 150 -5.53817546710724 56.4910071549964 150 -11.5579668505502 53.8935987207497 150 -17.9105137040899 52.2720047326414 150 -23.9439396346948 51.6760937471115 150 -30 51.961524227066 150 -33.0417042225994 46.1535595480835 150 -36.9562922689836 40.8942421683324 150 -41.6469622287771 36.3136271532569 150 -46.5741068638168 32.7808401360351 150 -51.96152422706 30 150 -51.6917350151416 23.4493029323854 150 -52.4522090187969 16.9373064517341 150 -54.2241408572313 10.6250425037987 150 -56.7247797706786 5.1019868832513 150 -60 4.618527782441e-14 150 -56.491007154993 -5.53817546711012 150 -53.8935987207432 -11.5579668505563 150 -52.2720047326336 -17.9105137040995 150 -51.6760937471046 -23.9439396346997 150 -51.96152422706 -30 150 -46.1535595480799 -33.0417042225994 150 -40.8942421683304 -36.9562922689835 150 -36.3136271532548 -41.646962228777 150 -32.7808401360321 -46.5741068638168 150 51.955549577344 3.181359874392e-15 150 51.1700135870802 -9.00049117447509 150 48.8366920251385 -17.7301055813401 150 45.0259493969082 -25.9237924075686 150 39.8531478437257 -33.3332527490163 150 33.4748834156477 -39.7342586717366 150 26.0841450998439 -44.9332450007117 150 17.9044793983698 -48.7730330137161 150 9.18327107148058 -51.137526967105 150 0.184295115559373 -51.9552227133524 150 -8.82025531504093 -51.2013889270707 150 -17.5580180351379 -48.898825492658 150 -25.7647165757154 -45.1171642687866 150 -33.1921486121516 -39.970744331228 150 -39.6156596637202 -33.615154934817 150 -44.8408954064228 -26.2425843055449 150 -48.7096755234376 -18.0761346057384 150 -51.1048769233066 -9.3632626010952 150 -51.7424690288867 -4.70064151772015 150 -51.95554957734 -3.181359874392e-15 150 -51.1700135870762 9.0004911744779 150 -48.8366920251343 17.7301055813447 150 -45.0259493969038 25.9237924075743 150 -39.8531478437208 33.3332527490224 150 -33.4748834156422 39.7342586717426 150 -26.0841450998376 44.9332450007172 150 -17.9044793983625 48.7730330137208 150 -9.18327107147224 51.1375269671085 150 -0.184295115550072 51.9552227133546 150 8.8202553150511 51.2013889270713 150 17.5580180351488 48.898825492657 150 25.7647165757266 45.1171642687838 150 33.1921486121629 39.9707443312232 150 39.6156596637311 33.6151549348103 150 44.8408954064328 26.2425843055361 150 48.7096755234462 18.0761346057273 150 51.1048769233133 9.3632626010816 150 51.7424690288914 4.7006415177134 150 -51.96152422706 30 -51.6917350151418 23.4493029323797 -52.4522090187982 16.9373064517245 -54.2241408572347 10.6250425037872 -56.724779770681 5.10198688324636 -60 4.2632564145606e-14 -56.491007154993 -5.53817546711063 -53.8935987207432 -11.5579668505582 -52.2720047326336 -17.9105137041019 -51.6760937471046 -23.9439396347015 -51.96152422706 -30 -46.1535595480424 -33.0417042226262 -40.8942421682639 -36.9562922690441 -36.3136271531698 -41.6469622288811 -32.7808401359974 -46.5741068638771 -30 -51.961524227066 -23.4493029323637 -51.6917350151491 -16.9373064516932 -52.45220901881 -10.6250425037423 -54.2241408572548 -5.10198688322531 -56.7247797706936 -4.2632564145606e-14 -60 5.53817546710214 -56.4910071549989 11.55796685054 -53.8935987207533 17.9105137040735 -52.2720047326443 23.9439396346871 -51.6760937471117 30 -51.961524227066 33.0417042226263 -46.153559548046 36.9562922690441 -40.8942421682658 41.6469622288812 -36.313627153172 46.5741068638772 -32.7808401360005 51.961524227066 -30 51.691735015149 -23.4493029323694 52.4522090188087 -16.9373064517025 54.2241408572513 -10.6250425037535 56.7247797706913 -5.10198688323019 60 -3.5527136788005e-14 56.4910071549964 5.53817546710724 53.8935987207497 11.5579668505502 52.2720047326414 17.9105137040899 51.6760937471115 23.9439396346948 51.961524227066 30 46.1535595480835 33.0417042225994 40.8942421683324 36.9562922689836 36.3136271532569 41.6469622287771 32.7808401360351 46.5741068638168 30 51.96152422706 23.4493029323855 51.6917350151416 16.9373064517341 52.4522090187969 10.6250425037987 54.2241408572313 5.10198688325131 56.7247797706786 5.6843418860808e-14 60 -5.53817546711011 56.491007154993 -11.5579668505563 53.8935987207432 -17.9105137040995 52.2720047326336 -23.9439396346997 51.6760937471046 -30 51.96152422706 -33.0417042225994 46.1535595480799 -36.9562922689835 40.8942421683304 -41.646962228777 36.3136271532548 -46.5741068638168 32.7808401360321 1.4210854715202e-14 -51.955549577344 -9.00049117447509 -51.1700135870802 -17.7301055813401 -48.8366920251385 -25.9237924075686 -45.0259493969082 -33.3332527490163 -39.8531478437257 -39.7342586717366 -33.4748834156477 -44.9332450007117 -26.0841450998439 -48.7730330137161 -17.9044793983698 -51.137526967105 -9.18327107148057 -51.9552227133524 -0.184295115559365 -51.2013889270707 8.82025531504095 -48.898825492658 17.5580180351379 -45.1171642687866 25.7647165757154 -39.9707443312279 33.1921486121516 -33.615154934817 39.6156596637203 -26.2425843055448 44.8408954064228 -18.0761346057383 48.7096755234376 -9.36326260109519 51.1048769233066 -4.70064151772011 51.7424690288867 7.105427357601e-15 51.95554957734 9.0004911744779 51.1700135870762 17.7301055813447 48.8366920251343 25.9237924075743 45.0259493969038 33.3332527490224 39.8531478437208 39.7342586717426 33.4748834156422 44.9332450007172 26.0841450998376 48.7730330137208 17.9044793983625 51.1375269671086 9.18327107147223 51.9552227133546 0.184295115550064 51.2013889270714 -8.82025531505111 48.898825492657 -17.5580180351488 45.1171642687838 -25.7647165757266 39.9707443312233 -33.1921486121629 33.6151549348103 -39.6156596637312 26.2425843055361 -44.8408954064329 18.0761346057273 -48.7096755234462 9.36326260108162 -51.1048769233133 4.70064151771344 -51.7424690288914 66 12 13 65 13 14 65 14 15 65 66 13 67 10 11 67 11 12 67 12 66 64 15 16 64 16 17 64 65 15 68 9 10 68 10 67 63 17 18 63 64 17 8 9 68 69 7 8 69 8 68 62 63 18 62 18 19 62 19 20 70 6 7 70 7 69 61 20 21 61 62 20 5 6 70 22 61 21 98 61 22 71 4 5 71 5 70 97 22 23 97 98 22 3 4 71 72 3 71 96 23 24 96 97 23 2 3 72 25 96 24 73 1 2 73 2 72 95 25 26 95 96 25 60 1 73 27 95 26 74 60 73 94 95 27 59 60 74 28 94 27 58 59 74 75 58 74 93 28 29 93 94 28 57 58 75 30 93 29 76 57 75 92 93 30 56 57 76 31 92 30 55 56 76 32 92 31 77 55 76 91 92 32 54 55 77 33 91 32 53 54 77 53 77 78 90 91 33 34 90 33 52 53 78 52 78 79 35 90 34 80 52 79 89 90 35 36 89 35 51 52 80 50 51 80 50 80 81 37 89 36 37 88 89 49 50 81 38 88 37 87 88 38 48 49 81 48 81 82 39 87 38 47 48 82 47 82 83 40 87 39 40 86 87 43 84 85 44 84 43 42 85 86 42 43 85 45 83 84 45 84 44 46 47 83 46 83 45 41 86 40 41 42 86 
104 158 1 0 0.564113182277907
39.676204225977 6.049037142135 7.223790440223 37.5554857706092 16.2685852529066 19.5180563019665 33.2667706831013 26.154633452593 31.8123221637096 27.4946971714656 34.2787930987849 42.7227054227402 20.2688278292617 41.0049619340099 53.0805804028729 11.8589193511826 46.1166844481292 62.9823208092465 2.58297426316729 49.4342515639485 72.5074713105659 -6.50394996351977 50.7986887513768 81.0801067617533 -15.9785883568993 50.4220320864003 89.6527422129406 -25.4757156644604 48.1753657506665 98.2253776641279 -34.5850593735397 44.0167182908196 106.798013115316 -42.8743353590698 38.0056860587916 115.370648566504 -49.9165832967354 30.3116212381478 123.943284017694 -55.3199930365102 21.2142161193352 132.515919468885 -58.7581145585669 11.0958515460209 141.088554920077 -59.6872504565995 5.58628910059289 145.544277460039 -60 4.618527782441e-14 150 38.771327373938 3.991933454013 3.007113252462 39.0581718772961 4.08968393880002 3.65350994893542 39.2974001481477 4.28949557555491 4.31745588309051 39.4832245161685 4.57382046990603 4.983629777591 39.6122012140658 4.92444322938299 5.63761460496822 39.6830975360188 5.32335954786777 6.26596045992912 39.6985074322722 5.68015549838237 6.76111171985978 35.5101056456565 10.0826569331296 4.23248654686492 32.968099255851 17.0219775767145 5.73685364700322 31.9945706918992 20.8965641797512 6.51167878637995 31.336082214368 25.076721946513 7.223790440223 24.3897121023581 32.8667509979555 19.5180563019685 15.7325517871378 39.283962338168 31.8123221637133 6.67170967045399 43.4336542203521 42.7227054227433 -2.94916116193402 45.6457526306974 53.0805804028754 -12.7882168045123 45.8676799459812 62.9823208092487 -22.4802044527531 44.1028048030322 72.5074713105682 -31.0319302690429 40.7409799558691 81.0801067617559 -39.048879476893 35.6774665188044 89.6527422129435 -46.150299820349 28.9832327444508 98.2253776641308 -51.9598991542921 20.8270665443 106.798013115318 -56.133106620727 11.4767219356316 115.370648566505 -58.3848398241714 1.2923423737575 123.943284017694 -58.5156273664649 -9.28794643753947 132.515919468883 -56.4339456592044 -19.769767963809 141.088554920074 -54.4838197277524 -25.0057569543024 145.544277460037 -51.96152422706 -30 150 -56.491007154993 -5.53817546711012 150 -53.8935987207432 -11.5579668505563 150 -52.2720047326336 -17.9105137040995 150 -51.6760937471046 -23.9439396346997 150 35.0675531719187 16.8682318651339 17.7064019272155 30.1155636688555 22.0797887651306 17.7064019272151 26.634809743634 28.3700095460271 17.7064019272158 17.4556459931545 36.5078628251563 32.4056906019702 20.6956549302801 37.284998817404 47.1049792767229 5.87208628237204 42.2374226545541 47.104979276724 8.93542125815704 44.3386996031176 61.8042679514772 -5.22261582049654 47.7251445812422 76.5035566262309 -12.8408428775618 47.7073261015985 83.8532009636073 -22.0670048663454 42.6381570607549 76.5035566262296 -20.5031798901481 42.7478445214343 83.8532009636055 -13.3194625045107 44.1043362902005 76.5035566262295 -20.5554080038622 46.4204581786192 91.2028453009835 -29.1671587130979 39.8767233129225 83.8532009636059 -27.5546150962705 40.177220994019 91.2028453009815 -28.1338937100082 43.8166607321944 98.5524896383593 -35.8999477505063 35.8967615145022 91.2028453009821 -34.2460912761466 36.3881679353035 98.5524896383577 -35.3261420945104 39.8960994309738 105.902133975735 -42.0313130779126 30.7373462412219 98.5524896383582 -40.341644660397 31.4248324588982 105.902133975734 -41.8751668593906 34.7123793041253 113.251778313111 -47.3279575204463 24.4887627705154 105.902133975734 -45.6082671667857 25.3829758649916 113.25177831311 -47.5294856292048 28.3753512995093 120.601422650487 -51.5694680681908 17.2936069002173 113.25177831311 -49.8280339506808 18.4104526134744 120.601422650487 -52.0562577222555 21.0509902492146 127.951066987864 -54.5608311252833 9.34495973591195 120.601422650487 -52.8104758000366 10.7047848931662 127.951066987864 -55.2545365607609 12.9581542881958 135.300711325241 -56.1446439572559 0.881540374284678 127.951066987864 -54.4045112745502 2.50777506994753 135.300711325241 -56.2123094799527 -7.82009181731126 135.300711325241 24.4133577348161 29.6496965498657 25.0560462645922 22.8872226897445 31.3710188082791 32.405690601969 24.9068683532689 31.8771441903816 37.5641980123525 29.4369088353022 27.7667431169174 32.405690601969 12.9671290404604 38.813141568305 47.1049792767236 16.541894918104 39.0316947425497 50.0927798397969 0.632400520587909 43.3993686050875 61.8042679514772 9.36443155378039 40.4828790259679 44.9138423497323 -1.53119978195876 43.6324350029822 57.4424241771755 -7.63972555548511 44.5802268835983 61.804267951477 1.97500937275399 45.38350098257 67.1558696310223 -17.8985351876329 43.241769862088 74.5055139683986 -55.493933254096 7.05518912279833 138.194633122658 -55.2652029217087 -8.66658338624972 138.194633122658 -54.3489085391132 -7.77953872328483 142.65035566262 -54.1531954524138 -9.0273739666636 145.100237108413 -53.6360286518155 -19.0078387105561 145.544277460037 -52.7251562179617 -21.5028309474405 147.772138730018 30.7419439691294 22.5652813170463 22.2870512832779 26.3936059945871 28.0279935103656 28.7308684332802 -8.47885964261545 44.0060049857628 68.1548909599379 -56.145719590012 -1.43770542864059 145.322257284225 -7.739395079324e-15 7.223790440222 0 19.518056301964 0 31.8123221637058 0 42.7227054227367 0 53.0805804028707 0 62.982320809246 0 72.5074713105671 0 81.080106761756 0 89.652742212945 0 98.225377664134 0 106.798013115323 0 115.370648566512 0 123.943284017701 0 132.51591946889 0 141.088554920079 0 145.544277460039 0 150 0.0677171823732689 3.00711325246104 0.0482101212726685 3.65350994893485 0.0321094492761001 4.31745588308981 0.0194027344491665 4.98362977759 0.0100081983047835 5.63761460496781 0.00379579533109236 6.26596045992878 0.000922269910889006 6.76111171985897 0.28371927765192 4.23248651834488 0.507911271615196 5.73685365926351 0.630214574416969 6.51167877567828 0.763337317515 7.22379044022237 0.763337317515 19.5180563019659 0.763337317515 31.8123221637094 0.763337317515 42.7227054227397 0.763337317515 53.080580402873 0.763337317515 62.9823208092476 0.763337317515 72.5074713105684 0.763337317515 81.080106761757 0.763337317515 89.6527422129457 0.763337317515 98.2253776641344 0.763337317515 106.798013115323 0.763337317515 115.370648566512 0.763337317515 123.9432840177 0.763337317515 132.515919468889 0.763337317515 141.088554920078 0.763337317515 145.544277460039 0.763337317515 150 0.157415447248626 150 0.314830894497252 150 0.472246341745879 150 0.617791829630439 150 0.1272228862525 17.7064019272149 0.3816686587575 17.7064019272149 0.6361144312625 17.7064019272149 0.6361144312625 32.4056906019688 0.1272228862525 47.1049792767227 0.6361144312625 47.1049792767227 0.1272228862525 61.8042679514766 0.1272228862525 76.5035566262305 0.1272228862525 83.8532009636075 0.6361144312625 76.5035566262305 0.3816686587575 83.8532009636075 0.3816686587575 76.5035566262305 0.1272228862525 91.2028453009844 0.6361144312625 83.8532009636075 0.3816686587575 91.2028453009844 0.1272228862525 98.5524896383614 0.6361144312625 91.2028453009844 0.3816686587575 98.5524896383614 0.1272228862525 105.902133975738 0.6361144312625 98.5524896383614 0.3816686587575 105.902133975738 0.1272228862525 113.251778313115 0.6361144312625 105.902133975738 0.3816686587575 113.251778313115 0.1272228862525 120.601422650492 0.6361144312625 113.251778313115 0.3816686587575 120.601422650492 0.1272228862525 127.951066987869 0.6361144312625 120.601422650492 0.3816686587575 127.951066987869 0.1272228862525 135.300711325246 0.6361144312625 127.951066987869 0.3816686587575 135.300711325246 0.6361144312625 135.300711325246 0.50889154501 25.0560462645919 0.3816686587575 32.4056906019688 0.19083432937875 37.5641980123528 0.1272228862525 32.4056906019688 0.3816686587575 47.1049792767227 0.19083432937875 50.0927798397967 0.3816686587575 61.8042679514766 0.57250298813625 44.9138423497312 0.57250298813625 57.4424241771748 0.6361144312625 61.8042679514766 0.19083432937875 67.1558696310218 0.57250298813625 74.5055139683994 0.19083432937875 138.194633122662 0.57250298813625 138.194633122662 0.426957500251689 142.650355662623 0.38958196500021 145.100237108415 0.617791829630439 145.544277460039 0.617791829630439 147.772138730019 0.254445772505 22.2870512832779 0.31805721563125 28.7308684332803 0.477085823446875 68.154890959938 0.194790982500105 145.322257284227 25 19 18 25 20 19 25 21 20 25 22 21 25 23 22 25 24 23 25 1 24 45 17 16 49 2 1 49 1 25 50 25 26 50 26 27 50 49 25 51 50 27 51 27 28 51 28 29 52 30 31 53 5 4 54 31 32 55 6 5 56 8 7 57 8 56 57 9 8 58 34 35 59 56 60 59 57 56 61 10 9 61 57 59 61 9 57 62 35 36 62 59 60 62 60 58 62 58 35 63 61 59 64 10 61 65 36 37 65 59 62 65 63 59 65 62 36 66 61 63 66 64 61 67 11 10 67 10 64 68 65 37 68 63 65 68 66 63 69 64 66 69 67 64 70 11 67 70 12 11 71 37 38 71 68 37 71 69 66 71 66 68 72 70 67 72 67 69 72 69 71 73 13 12 73 12 70 74 38 39 74 71 38 74 72 71 75 73 70 75 70 72 76 14 13 76 13 73 77 39 40 77 74 39 77 72 74 77 75 72 78 73 75 78 76 73 79 15 14 79 14 76 80 40 41 80 77 40 80 75 77 80 78 75 81 76 78 81 78 80 81 79 76 82 81 80 82 41 42 82 80 41 83 52 84 83 50 51 83 29 30 83 30 52 83 51 29 85 4 3 85 86 84 85 53 4 85 87 53 85 3 86 88 5 53 88 53 87 88 55 5 88 89 55 90 87 85 90 52 31 90 84 52 90 85 84 90 31 54 90 54 87 91 88 87 91 89 88 91 32 33 91 54 32 91 87 54 91 33 92 91 92 89 93 56 7 93 7 6 93 6 55 93 55 89 93 60 56 94 58 60 94 34 58 95 79 81 95 15 79 96 81 82 96 82 42 97 81 96 97 95 81 98 47 46 99 96 42 99 97 96 99 98 97 99 42 43 100 98 99 100 47 98 100 99 43 100 43 44 100 48 47 100 44 48 101 3 2 101 49 50 101 2 49 101 50 83 102 3 101 102 84 86 102 83 84 102 101 83 102 86 3 103 93 89 103 60 93 103 34 94 103 94 60 103 33 34 103 92 33 103 89 92 104 16 15 104 45 16 104 15 95 104 97 98 104 98 46 104 95 97 104 46 45 
52 72 1 0 0.301428691243293
31.580987717267 22.842779468361 3.007113252462 31.7805271503928 23.0708562071017 3.65351015826905 31.8877990435467 23.3635122137334 4.31745588686794 31.9065652218611 23.7026569398049 4.98362970778064 31.8429509443504 24.0707935142706 5.63761455566141 31.7048908013629 24.4517133516271 6.26596043064533 31.539838184813 24.7684126661676 6.76111170606806 31.336082214368 25.076721946513 7.223790440223 38.771327373938 3.991933454013 3.007113252462 35.5101056456565 10.0826569331296 4.23248654686492 32.968099255851 17.0219775767145 5.73685364700322 31.9945706918992 20.8965641797512 6.51167878637995 33.703992716759 3.339845667758 5.218048215738e-15 34.7067193056749 3.46422095410719 0.0847155627890941 35.6215246139854 3.57973061739894 0.315923042398826 36.4177164801855 3.68184448120823 0.653152292601186 37.154353874813 3.77760984458099 1.10559809085494 37.8021428020914 3.8628174661178 1.65734559681165 38.3385905530372 3.93405166636363 2.28570937610927 38.5731001387703 3.96537415083298 2.64139952459961 30.988021328133 8.29281975338602 1.91972523803072e-15 28.8962678522602 13.7688774219913 6.01645877064953e-15 27.518591067801 19.744387551377 6.328271240363e-15 28.1070834171328 20.1887016500784 0.0449938871999022 28.7758929692082 20.6955373055957 0.208302982264483 29.5233407120453 21.2643467265762 0.54697016192172 30.2128969796755 21.7913091341797 1.03917957828833 30.7542371734055 22.2064499298209 1.59358150433395 31.1603603091772 22.5186965928981 2.16035208891541 31.3912652072382 22.6965195638184 2.57707064142295 36.4108835004039 7.0016087603527 2.40520926826127 36.1283427511422 7.02519531996452 2.05202459731819 33.4985357663956 10.690499164604 1.27033801245303 33.6427334454905 13.9005689818138 3.21146569543384 31.3045096565589 12.1225335778675 0.333221864636558 32.2487605557692 9.53670113928179 0.294198509540703 32.7955779564934 17.2929294057403 3.75335457515911 32.4332887215786 19.1965968377585 4.06044950247892 30.2882024921618 15.7669414577685 0.391172494019677 32.0956972546933 21.7170191868186 4.67047307802176 32.0896290154007 21.6108823818543 4.43987583656684 32.0638394535367 21.4301753541145 4.091388653862 30.031106878259 18.8150757850421 0.607984948740899 29.7337103742328 18.5997174213261 0.437479023263706 31.7106739373436 17.5945856323258 1.77888491078927 35.4792670167242 5.33932209272656 0.726162321981319 33.8279701636029 7.63587604287885 0.556585640115158 32.7377794601253 13.0753583761596 1.43745327333158 32.2846388403191 14.7984509023955 1.5644035058371 31.6150063422965 18.98765090244 2.04627421932018 31.6146964960498 20.4114424871648 2.44326173844833 31.4240895749329 21.5644086241718 2.40457157923633 10.801379495042 23.402878486572 9.16980118952204 23.6377821863427 7.56032398472141 23.9137436136041 5.96247884739902 24.2131607285771 4.36334835911049 24.5192721757995 2.74984575479913 24.8172856612648 1.38615971317471 25.0506537764513 0 25.264751901936 0 4.110950065678 0 11.1622173444309 0 18.2134846231834 0 21.7391182625597 26.174596211354 5.73217467042052 22.0251878314001 5.44825020801264 18.2200106790644 5.17493964981177 14.7335766501605 4.92500385139625 11.1874069680999 4.68294235210256 7.5837116169758 4.46082794339203 3.92819727116122 4.26988363097145 1.96943427143094 4.18431326109733 26.174596211354 10.5998293047088 26.174596211354 15.4674839389972 26.174596211354 20.335138566732 24.0278265229192 20.7356682865322 21.7258275924765 21.2079737293612 19.2233460074421 21.758218246029 16.8599877603827 22.287651734306 14.8424852493092 22.7184485349349 13.1044995383704 23.0506098751823 11.9415202237465 23.2429433066659 5.59370348404994 7.92257984826671 7.36678832508024 8.04361059791355 13.087298105677 12.177453796259 6.5436490528385 15.1954692097212 19.6309471585155 13.8224688676281 19.6309471585155 11.3886415504839 6.5436490528385 18.4672937361405 6.5436490528385 20.2301105558286 19.6309471585155 17.0942933940473 5.97076011187323 22.4910307846128 6.55224976918518 22.394864068871 7.42124262465458 22.2287833987473 18.5575623142981 19.7283855678148 19.6309471585155 19.5281207079147 13.087298105677 18.7211028490975 14.6959880782402 6.7459304029631 16.7706922682171 9.3217199513112 13.087298105677 14.5089690386747 13.087298105677 16.1448813018843 12.5506056835683 19.9792480618217 11.7018184066106 21.2588811450673 12.1406151925186 22.2582175665267 7 8 12 6 7 12 5 6 12 31 10 9 31 18 17 31 19 18 31 20 19 31 9 20 32 10 31 32 33 10 32 31 17 34 11 10 34 10 33 35 21 22 35 33 36 35 36 21 37 11 34 38 12 11 38 11 37 39 22 23 39 35 22 40 2 3 40 3 4 40 4 5 40 5 12 41 40 12 41 2 40 42 1 2 42 2 41 42 41 12 42 12 38 43 25 26 44 23 24 44 24 25 44 25 43 44 45 39 44 39 23 44 43 45 46 14 13 46 15 14 46 16 15 46 17 16 46 32 17 47 32 46 47 13 21 47 36 33 47 21 36 47 33 32 47 46 13 48 34 33 48 33 35 49 34 48 49 48 35 49 39 45 49 37 34 49 45 37 49 35 39 50 37 45 50 38 37 50 45 43 51 38 50 51 26 27 51 43 26 51 50 43 51 42 38 52 42 51 52 27 28 52 28 29 52 29 30 52 30 1 52 1 42 52 51 27 
36 34 1 0 1.45099657315996e-12
13.959605165383 30.858436735558 6.994405055138e-15 8.31221808862902 30.9828235598699 8.11268452065981e-15 2.52393629709108 31.9093407456129 7.99839222035614e-15 -3.339845667758 33.703992716759 7.105427357601e-15 -8.29281975338426 30.9880213281332 4.95522952555373e-15 -13.7688774219831 28.8962678522608 6.50136623907849e-15 -19.74438755137 27.518591067801 5.995204332976e-15 -22.6758032394988 22.6900038064863 1.24878392601671e-15 -26.3723315551634 18.1404633236236 4.28409748147138e-15 -30.85843673555 13.959605165382 5.107025913276e-15 -30.9828235598643 8.3122180886296 4.24596913579267e-15 -31.9093407456087 2.52393629709248 4.91268658161409e-15 -33.70399271675 -3.339845667758 3.552713678801e-15 -30.9880213281273 -8.29281975338557 -4.72567521486672e-15 -28.8962678522555 -13.7688774219852 8.16896219005111e-16 -27.5185910678 -19.74438755137 1.221245327088e-15 -22.6900038064812 -22.6758032394978 1.15360629806032e-15 -18.1404633236195 -26.3723315551624 -2.74570557207959e-16 -13.95960516538 -30.85843673555 -1.110223024625e-15 -8.31221808862993 -30.9828235598665 -4.45407873293838e-18 -2.52393629709258 -31.9093407456095 -5.58310810945393e-16 3.339845667758 -33.70399271675 1.110223024625e-16 8.29281975338735 -30.9880213281273 -4.22027124441151e-15 13.7688774219914 -28.8962678522556 3.26321957248065e-17 19.744387551377 -27.5185910678 4.440892098501e-16 22.6758032395031 -22.6900038064836 -1.60783266149018e-15 26.3723315551677 -18.1404633236181 1.96111441035999e-15 30.858436735558 -13.95960516538 1.998401444325e-15 30.9828235598704 -8.31221808862801 -1.76005398884006e-16 31.9093407456131 -2.52393629708988 3.41843206009417e-15 33.703992716759 3.339845667758 5.218048215738e-15 30.988021328133 8.29281975338602 1.91972523803072e-15 28.8962678522602 13.7688774219913 6.01645877064953e-15 27.518591067801 19.744387551377 6.328271240363e-15 22.6900038064849 22.6758032395034 4.94758797538205e-15 18.1404633236219 26.372331555168 6.09262467868998e-15 30.8584367355578 -13.9596051653827 30.9828235598699 -8.31221808862901 31.9093407456129 -2.52393629709108 33.7039927167592 3.33984566775813 30.9880213281332 8.29281975338427 28.8962678522608 13.7688774219831 27.518591067802 19.744387551372 22.6900038064863 22.6758032394988 18.1404633236236 26.3723315551634 13.9596051653819 30.8584367355523 8.31221808862961 30.9828235598643 2.52393629709248 31.9093407456087 -3.33984566775922 33.7039927167519 -8.29281975338557 30.9880213281273 -13.7688774219852 28.8962678522555 -19.7443875513703 27.5185910678002 -22.6758032394978 22.6900038064812 -26.3723315551624 18.1404633236195 -30.8584367355543 13.9596051653798 -30.9828235598665 8.31221808862994 -31.9093407456095 2.52393629709258 -33.7039927167536 -3.33984566776031 -30.9880213281273 -8.29281975338735 -28.8962678522556 -13.7688774219914 -27.5185910677996 -19.7443875513763 -22.6900038064836 -22.6758032395031 -18.1404633236181 -26.3723315551677 -13.95960516538 -30.8584367355579 -8.31221808862801 -30.9828235598704 -2.52393629708988 -31.9093407456131 3.33984566775809 -33.7039927167591 8.29281975338602 -30.988021328133 13.7688774219913 -28.8962678522602 19.7443875513768 -27.5185910678009 22.6758032395034 -22.6900038064849 26.372331555168 -18.1404633236219 24 25 26 24 26 27 29 27 28 30 27 29 21 22 23 21 23 24 32 30 31 33 27 30 33 30 32 18 19 20 18 20 21 18 21 24 35 33 34 36 33 35 15 16 17 15 17 18 15 24 27 15 18 24 2 36 1 3 36 2 12 13 14 12 14 15 5 3 4 6 15 27 6 27 33 6 33 36 6 36 3 6 3 5 9 11 12 9 15 6 9 12 15 10 11 9 8 9 6 7 8 6 
103 156 1 0 0.564113182277982
-25.07672194651 31.336082214368 7.223790440223 -32.8667509979523 24.3897121023565 19.5180563019718 -39.2839623381647 15.7325517871332 31.8123221637202 -43.433654220348 6.67170967044753 42.7227054227517 -45.6457526306921 -2.9491611619416 53.0805804028845 -45.8676799459745 -12.7882168045201 62.9823208092581 -44.1028048030241 -22.4802044527603 72.5074713105776 -40.7409799558597 -31.0319302690494 81.0801067617651 -35.6774665187938 -39.0488794768986 89.6527422129523 -28.9832327444392 -46.1502998203536 98.2253776641392 -20.8270665442876 -51.9598991542957 106.798013115326 -11.4767219356189 -56.1331066207293 115.370648566514 -1.29234237374495 -58.3848398241721 123.943284017702 9.28794643755145 -58.5156273664637 132.515919468892 19.7697679638203 -56.4339456592009 141.088554920083 25.0057569543079 -54.48381972775 145.544277460041 30 -51.96152422706 150 -22.84277946836 31.580987717267 3.007113252462 -23.0708562070973 31.7805271503926 3.65351015826906 -23.36351221373 31.8877990435467 4.3174558868682 -23.7026569398013 31.9065652218611 4.98362970778164 -24.0707935142658 31.8429509443506 5.63761455566214 -24.4517133516246 31.7048908013641 6.2659604306457 -24.7684126661653 31.5398381848145 6.76111170606837 -26.4868898645582 25.7113251136427 4.23248654686458 -31.2255146320065 20.0402226816965 5.73685364700318 -34.0942407774209 17.2598289124854 6.51167878638021 -37.3851193565 14.599482279464 7.223790440223 -40.6582973552595 4.68873477265169 19.518056301971 -41.8871852397275 -6.01719165507031 31.8123221637174 -40.9505027692354 -15.93895704889 42.722705422747 -38.0558007720719 -25.3769248014393 53.0805804028787 -33.3284676436124 -34.0087605948025 62.9823208092516 -26.9540471111909 -41.519830539869 72.5074713105703 -19.7667584823295 -47.2449299193931 81.0801067617568 -11.3731526095031 -51.6560548757079 89.6527422129429 -2.02506593031359 -54.4589484089152 98.2253776641288 7.94318086347605 -55.4121259178435 106.798013115315 18.1274205619386 -54.3510572947049 115.370648566502 28.0732185860263 -51.2089256704959 123.943284017691 37.3014112471324 -46.0320465989731 132.515919468881 45.3380941131864 -38.9883465947593 141.088554920073 48.897530627164 -34.6814935022975 145.544277460036 51.961524227066 -30 150 33.0417042226262 -46.1535595480424 150 36.9562922690441 -40.8942421682639 150 41.6469622288812 -36.3136271531699 150 46.5741068638771 -32.7808401359975 150 -32.1420938980878 21.9352759628756 17.7064019272164 -34.1794398152219 15.0409488039506 17.7064019272159 -37.8865538442787 8.88141708993849 17.7064019272166 -40.3445596410351 -3.13689854303767 32.4056906019711 -42.6375836210806 -0.719536491121497 47.1049792767227 -39.5147241504052 -16.0333354335274 47.1049792767245 -42.866150856141 -14.431047998477 61.8042679514763 -38.7198796963875 -28.3854902653757 76.5035566262305 -34.895334911826 -34.9741591887711 83.8532009636074 -25.8922247519877 -40.4296653300657 76.5035566262301 -26.769129367509 -39.1301969039473 83.853200963607 -31.5357443921039 -33.5871610387597 76.5035566262304 -29.9235920360598 -41.011734605808 91.202845300984 -19.9506760521212 -45.197862058215 83.8532009636061 -21.0171864861402 -43.951607161882 91.2028453009833 -23.8793944480735 -46.2729970263361 98.5524896383602 -13.1375335098938 -49.0386475037219 91.2028453009819 -14.3900321910676 -47.8520689931157 98.5524896383596 -16.8879645718712 -50.5413861870327 105.902133975736 -5.6036661508569 -51.7688580004988 98.5524896383576 -7.04388088887153 -50.6493053357981 105.902133975736 -9.12421887347219 -53.6211479400079 113.251778313112 2.456088093709 -53.2315949071936 105.902133975733 0.821831660667536 -52.1894059215202 113.251778313112 -0.809032252075318 -55.3494176334537 120.601422650488 10.8080311354477 -53.3072728568111 113.251778313109 8.97009731690576 -52.3575695286604 120.601422650489 7.79743653049316 -55.60753673803 127.951066987864 19.1874430340013 -51.923545674043 120.601422650486 17.1346222404918 -51.0876060753583 127.951066987866 16.4051774806472 -54.3309094800518 135.300711325242 27.308885620038 -49.0634581405577 127.951066987863 25.0304587197264 -48.3695763792116 135.300711325243 34.8785529136973 -44.7712421063759 135.300711325241 -35.9989548160241 13.3862539024482 25.0560462645926 -38.6117105754372 4.13540686725106 32.4056906019695 -38.7651593372545 11.6097393017996 32.4056906019698 -37.8840692940877 6.3177397150951 25.056046264593 -40.0598508456017 5.63140862745098 37.5641980123581 -40.0967311190591 -8.17670762096133 47.1049792767231 -42.0733866588554 -5.19014614546709 50.0927798398017 -37.9011559804988 -21.1520093863461 61.8042679514768 -39.7414174317055 -12.1316038954097 44.913842349734 -37.0211972505709 -23.1422754109363 57.4424241771771 -34.7877462099228 -28.9063098507888 61.8042679514774 -40.2907694499522 -20.9813422017699 67.1558696310267 -28.4992036113463 -37.1214710940631 74.5055139684005 21.636993618208 -51.5867505153622 138.194633122663 35.1380828373655 -43.5277779823771 138.194633122658 33.9117324336388 -43.1777661011949 142.650355662621 34.8945329107924 -42.3843559745728 145.100237108414 43.2792855202784 -36.9462440153112 145.544277460036 44.9845759627392 -34.9099092295454 147.772138730018 -33.8708884154215 -29.345910338508 68.1548909599388 29.3179492193671 -47.9047667643914 145.322257284227 -7.69356000124e-15 7.223790440223 0 19.518056301969 0 31.812322163716 0 42.7227054227479 0 53.0805804028821 0 62.9823208092571 0 72.5074713105778 0 81.0801067617665 0 89.6527422129551 0 98.2253776641438 0 106.798013115332 0 115.370648566521 0 123.94328401771 0 132.515919468898 0 141.088554920087 0 145.544277460044 0 150 0.0677171823732857 3.00711325246208 0.0482101156118812 3.65351015826879 0.0321094491947118 4.3174558868682 0.0194027356118772 4.98362970778164 0.0100081989009104 5.63761455566182 0.00379579555507011 6.26596043064558 0.000922269964677785 6.76111170606836 0.283719277833138 4.23248654071353 0.507911271615333 5.73685365926316 0.63021457441672 6.51167877567841 0.763337317515 7.22379044022342 0.763337317515 19.5180563019683 0.763337317515 31.8123221637132 0.763337317515 42.7227054227434 0.763337317515 53.0805804028765 0.763337317515 62.982320809251 0.763337317515 72.5074713105712 0.763337317515 81.0801067617594 0.763337317515 89.6527422129476 0.763337317515 98.2253776641358 0.763337317515 106.798013115324 0.763337317515 115.370648566512 0.763337317515 123.943284017701 0.763337317515 132.515919468889 0.763337317515 141.088554920077 0.763337317515 145.544277460038 0.763337317515 150 0.157415447248411 150 0.314830894496823 150 0.472246341745234 150 0.617791829630117 150 0.1272228862525 17.7064019272159 0.3816686587575 17.7064019272159 0.6361144312625 17.7064019272159 0.6361144312625 32.4056906019697 0.1272228862525 47.1049792767235 0.6361144312625 47.1049792767235 0.1272228862525 61.8042679514772 0.1272228862525 76.503556626231 0.1272228862525 83.8532009636079 0.6361144312625 76.503556626231 0.3816686587575 83.8532009636079 0.3816686587575 76.503556626231 0.1272228862525 91.2028453009848 0.6361144312625 83.8532009636079 0.3816686587575 91.2028453009848 0.1272228862525 98.5524896383617 0.6361144312625 91.2028453009848 0.3816686587575 98.5524896383617 0.1272228862525 105.902133975739 0.6361144312625 98.5524896383617 0.3816686587575 105.902133975739 0.1272228862525 113.251778313116 0.6361144312625 105.902133975739 0.3816686587575 113.251778313116 0.1272228862525 120.601422650492 0.6361144312625 113.251778313116 0.3816686587575 120.601422650492 0.1272228862525 127.951066987869 0.6361144312625 120.601422650492 0.3816686587575 127.951066987869 0.1272228862525 135.300711325246 0.6361144312625 127.951066987869 0.3816686587575 135.300711325246 0.6361144312625 135.300711325246 0.254445772505 25.0560462645928 0.3816686587575 32.4056906019697 0.1272228862525 32.4056906019697 0.50889154501 25.0560462645928 0.19083432937875 37.5641980123588 0.3816686587575 47.1049792767235 0.19083432937875 50.0927798398028 0.3816686587575 61.8042679514772 0.57250298813625 44.9138423497334 0.57250298813625 57.4424241771769 0.6361144312625 61.8042679514772 0.19083432937875 67.1558696310275 0.57250298813625 74.5055139684011 0.19083432937875 138.194633122667 0.57250298813625 138.194633122662 0.426957500251367 142.650355662623 0.389581964999852 145.100237108415 0.617791829630117 145.544277460038 0.617791829630117 147.772138730019 0.477085823446875 68.1548909599392 0.194790982499926 145.322257284229 25 19 18 25 20 19 25 21 20 25 22 21 25 23 22 25 24 23 25 1 24 45 17 16 49 2 1 49 1 25 50 25 26 50 26 27 50 49 25 51 50 27 51 27 28 51 28 29 52 30 31 53 5 4 54 31 32 55 6 5 56 8 7 57 9 8 57 8 56 58 34 35 59 57 56 59 56 60 59 60 58 61 10 9 61 9 57 62 58 35 62 35 36 62 59 58 63 57 59 63 59 62 63 61 57 64 10 61 65 36 37 65 62 36 65 63 62 66 61 63 66 64 61 67 11 10 67 10 64 68 65 37 68 63 65 68 66 63 69 64 66 69 67 64 70 12 11 70 11 67 71 68 37 71 37 38 71 66 68 71 69 66 72 67 69 72 70 67 72 69 71 73 13 12 73 12 70 74 38 39 74 71 38 74 72 71 75 70 72 75 73 70 76 14 13 76 13 73 77 39 40 77 74 39 77 72 74 77 75 72 78 73 75 78 76 73 79 15 14 79 14 76 80 78 75 80 40 41 80 77 40 80 75 77 81 76 78 81 79 76 82 80 41 82 81 78 82 78 80 82 41 42 83 3 2 83 84 85 83 49 50 83 85 3 83 2 49 86 50 51 86 29 30 86 52 84 86 30 52 86 84 83 86 51 29 86 83 50 87 4 3 87 85 84 87 53 4 87 88 53 87 3 85 89 5 53 89 53 88 89 55 5 89 90 55 91 87 84 91 88 87 91 52 31 91 84 52 91 31 54 91 54 88 92 93 90 92 89 88 92 90 89 92 32 33 92 54 32 92 88 54 92 33 93 94 56 7 94 7 6 94 6 55 94 55 90 94 60 56 95 34 58 95 58 60 96 79 81 96 15 79 97 81 82 97 82 42 98 81 97 98 96 81 99 47 46 100 99 98 100 98 97 100 42 43 100 97 42 101 43 44 101 99 100 101 47 99 101 100 43 101 48 47 101 44 48 102 34 95 102 90 93 102 94 90 102 95 60 102 33 34 102 60 94 102 93 33 103 45 16 103 16 15 103 15 96 103 96 98 103 98 99 103 99 46 103 46 45 
103 156 1 0 0.564113182279066
-37.3851193565 14.599482279464 7.223790440223 -40.6582973552595 4.68873477265169 19.518056301971 -41.8871852397275 -6.01719165507031 31.8123221637174 -40.9505027692354 -15.93895704889 42.722705422747 -38.0558007720719 -25.3769248014393 53.0805804028787 -33.3284676436124 -34.0087605948025 62.9823208092516 -26.9540471111909 -41.519830539869 72.5074713105703 -19.7667584823295 -47.2449299193931 81.0801067617568 -11.3731526095031 -51.6560548757079 89.6527422129429 -2.02506593031359 -54.4589484089152 98.2253776641288 7.94318086347605 -55.4121259178435 106.798013115315 18.1274205619386 -54.3510572947049 115.370648566502 28.0732185860263 -51.2089256704959 123.943284017691 37.3014112471324 -46.0320465989731 132.515919468881 45.3380941131864 -38.9883465947593 141.088554920073 48.897530627164 -34.6814935022975 145.544277460036 51.961524227066 -30 150 -35.57292117128 15.928547905577 3.007113252462 -35.8702111830754 15.9873157544348 3.65351025635896 -36.1772946358694 15.9338879303277 4.31745592029074 -36.4803856618072 15.7805675571771 4.98362971630708 -36.7673941473602 15.5414076895393 5.63761456168376 -37.0282503306774 15.231384180387 6.26596043422181 -37.2199936733501 14.9300947650999 6.76111170775238 -35.7939820467674 9.02321578109538 4.23248654686471 -37.062200258407 1.7425846238422 5.73685364700297 -38.1563930922326 -2.09967008552609 6.51167878637968 -39.67620422597 -6.049037142135 7.223790440223 -37.5554857705999 -16.2685852529174 19.5180563019876 -33.2667706830797 -26.1546334526172 31.8123221637497 -27.4946971714379 -34.2787930988057 42.7227054227787 -20.268827829229 -41.0049619340264 53.08058040291 -11.858919351146 -46.1166844481402 62.9823208092824 -2.5829742631282 -49.4342515639534 72.5074713106009 6.50394996355987 -50.7986887513757 81.0801067617873 15.9785883569391 -50.4220320863928 89.6527422129732 25.4757156644984 -48.1753657506528 98.2253776641586 34.5850593735746 -44.0167182908 106.798013115344 42.8743353591002 -38.0056860587667 115.37064856653 49.9165832967602 -30.311621238119 123.943284017718 55.3199930365281 -21.2142161193041 132.515919468907 58.7581145585766 -11.0958515459901 141.088554920097 59.6872504566029 -5.58628910057676 145.544277460048 60 -4.973799150321e-14 150 51.6917350151491 -23.4493029323637 150 52.45220901881 -16.9373064516932 150 54.2241408572548 -10.6250425037423 150 56.7247797706937 -5.10198688322532 150 -38.8035078280059 2.925459273827 17.7064019272164 -37.1207375690776 -4.06387614636852 17.7064019272157 -37.2514266359618 -11.2517441006468 17.7064019272166 -33.3709642821131 -22.8889136478812 32.4056906019711 -36.5654623262755 -21.9419286908031 47.1049792767246 -26.20408722102 -33.6426378680335 47.1049792767245 -29.9076516046328 -33.9307295979861 61.8042679514782 -19.3396543158596 -43.9424955168865 76.503556626231 -12.7331669128216 -47.7361777893909 83.8532009636069 -2.20849173068279 -47.9592296183339 76.5035566262307 -3.6176476174806 -47.2723092576609 83.8532009636073 -10.5171752514334 -44.8552068966178 76.5035566262312 -5.40872357280653 -50.4790000399258 91.2028453009825 5.32113874529844 -49.1178347652199 83.8532009636069 3.77438616786855 -48.5718015824146 91.2028453009832 2.45633629414545 -52.0132881580861 98.5524896383581 13.1418859892251 -49.0374812604007 91.2028453009828 11.4639010578169 -48.6361234672179 98.552489638359 10.6452867560622 -52.2141066663861 105.902133975734 21.0315117592818 -47.6349792287699 98.5524896383585 19.224472876904 -47.3855255492715 105.902133975735 18.908768635886 -50.9993857328667 113.25177831311 28.7428321366826 -44.8718694267374 105.902133975734 26.8064300565323 -44.7864355061201 113.251778313111 26.9740663339481 -48.3385178812828 120.601422650486 36.0136659565977 -40.7614369327429 113.25177831311 33.9471169151895 -40.857936633776 120.601422650488 34.5565464888195 -44.2588211917636 127.951066987863 42.5785859381347 -35.3733880912817 120.601422650486 40.3828211821956 -35.6758535595451 127.951066987864 41.3727551918603 -38.8493590801139 135.300711325241 48.1819177662766 -28.8357583372181 127.951066987863 45.8618013092676 -29.374052554824 135.300711325242 52.5913339236909 -21.3337565662566 135.300711325241 -37.8691363315879 -6.40664146698352 25.0560462645926 -35.5064256755246 -15.7244878856935 32.4056906019695 -39.3764824187118 -9.32825050195548 32.4056906019708 -35.967436264956 -13.4707115592725 25.056046264593 -37.5085528178305 -15.1529824923365 37.564198012357 -30.6364339473363 -27.1296020785994 47.1049792767236 -33.841548597079 -25.5314917407555 50.0927798398008 -22.2473592187331 -37.2687554599126 61.8042679514779 -28.3512751305435 -30.3769858779378 44.9138423497497 -20.4901595920274 -38.5523970325407 57.4424241771927 -15.6739170328025 -42.4274717654085 61.8042679514776 -24.4021587807957 -38.3157600772032 67.1558696310252 -6.12029876800358 -46.3977387989864 74.5055139684157 44.5315613925685 -33.8569396358931 138.194633122657 52.1943613686361 -20.1271200843319 138.194633122669 50.9573048244746 -20.4371761054677 142.65035566262 51.4117299412296 -19.2586625416148 145.100237108413 55.9540827258665 -10.356743131518 145.544277460048 56.4127401769833 -7.74058025521165 147.772138730024 -14.6600946472408 -42.3497480580429 68.1548909599468 49.3424721930306 -26.8277703706443 145.322257284225 7.443084018629e-16 7.223790440222 0 19.5180563019683 0 31.8123221637132 0 42.7227054227434 0 53.0805804028765 0 62.982320809251 0 72.5074713105712 0 81.0801067617594 0 89.6527422129476 0 98.2253776641358 0 106.798013115324 0 115.370648566512 0 123.943284017701 0 132.515919468889 0 141.088554920077 0 145.544277460038 0 150 0.0677171823732656 3.00711325246198 0.0482101129585669 3.65351025635856 0.0321094484739932 4.31745592029037 0.019402735469883 4.98362971630664 0.0100081988281305 5.63761456168311 0.00379579552776971 6.26596043422155 0.000922269958172121 6.76111170775187 0.283719277833111 4.23248654071354 0.507911271615348 5.73685365926344 0.63021457441674 6.51167877567836 0.763337317515 7.22379044022431 0.763337317515 19.5180563019848 0.763337317515 31.8123221637453 0.763337317515 42.7227054227748 0.763337317515 53.0805804029074 0.763337317515 62.9823208092811 0.763337317515 72.5074713106006 0.763337317515 81.0801067617882 0.763337317515 89.6527422129758 0.763337317515 98.2253776641634 0.763337317515 106.798013115351 0.763337317515 115.370648566539 0.763337317515 123.943284017726 0.763337317515 132.515919468914 0.763337317515 141.088554920101 0.763337317515 145.544277460051 0.763337317515 150 0.157415447248571 150 0.314830894497143 150 0.472246341745714 150 0.617791829630357 150 0.1272228862525 17.7064019272158 0.3816686587575 17.7064019272158 0.6361144312625 17.7064019272158 0.6361144312625 32.4056906019696 0.1272228862525 47.1049792767234 0.6361144312625 47.1049792767234 0.1272228862525 61.8042679514772 0.1272228862525 76.503556626231 0.1272228862525 83.8532009636079 0.6361144312625 76.503556626231 0.3816686587575 83.8532009636079 0.3816686587575 76.503556626231 0.1272228862525 91.2028453009848 0.6361144312625 83.8532009636079 0.3816686587575 91.2028453009848 0.1272228862525 98.5524896383617 0.6361144312625 91.2028453009848 0.3816686587575 98.5524896383617 0.1272228862525 105.902133975739 0.6361144312625 98.5524896383617 0.3816686587575 105.902133975739 0.1272228862525 113.251778313116 0.6361144312625 105.902133975739 0.3816686587575 113.251778313116 0.1272228862525 120.601422650492 0.6361144312625 113.251778313116 0.3816686587575 120.601422650492 0.1272228862525 127.951066987869 0.6361144312625 120.601422650492 0.3816686587575 127.951066987869 0.1272228862525 135.300711325246 0.6361144312625 127.951066987869 0.3816686587575 135.300711325246 0.6361144312625 135.300711325246 0.254445772505 25.0560462645927 0.3816686587575 32.4056906019696 0.1272228862525 32.4056906019696 0.50889154501 25.0560462645927 0.19083432937875 37.5641980123565 0.3816686587575 47.1049792767234 0.19083432937875 50.0927798398 0.3816686587575 61.8042679514772 0.57250298813625 44.9138423497491 0.57250298813625 57.4424241771923 0.6361144312625 61.8042679514772 0.19083432937875 67.1558696310242 0.57250298813625 74.5055139684158 0.19083432937875 138.194633122662 0.57250298813625 138.194633122674 0.426957500251607 142.650355662623 0.389581965000119 145.100237108415 0.617791829630357 145.544277460051 0.617791829630357 147.772138730025 0.477085823446875 68.1548909599465 0.19479098250006 145.322257284227 25 19 18 25 20 19 25 21 20 25 22 21 25 23 22 25 24 23 25 1 24 45 17 16 49 2 1 49 1 25 50 25 26 50 26 27 50 49 25 51 50 27 51 27 28 51 28 29 52 30 31 53 5 4 54 31 32 55 6 5 56 8 7 57 8 56 57 9 8 58 34 35 59 56 60 59 57 56 61 10 9 61 9 57 62 60 58 62 35 36 62 59 60 62 58 35 63 61 57 63 57 59 64 10 61 65 36 37 65 62 36 65 59 62 65 63 59 66 63 65 66 64 61 66 61 63 67 11 10 67 10 64 68 65 37 68 66 65 69 67 64 69 64 66 70 12 11 70 11 67 71 68 37 71 37 38 71 66 68 71 69 66 72 67 69 72 70 67 73 13 12 73 12 70 73 70 72 74 38 39 74 71 38 74 69 71 74 72 69 75 73 72 76 14 13 76 13 73 77 74 39 77 39 40 77 72 74 77 75 72 78 73 75 78 76 73 79 15 14 79 14 76 80 40 41 80 77 40 80 75 77 80 78 75 81 76 78 81 79 76 82 81 78 82 41 42 82 80 41 82 78 80 83 3 2 83 84 85 83 49 50 83 85 3 83 2 49 86 84 83 86 50 51 86 29 30 86 52 84 86 30 52 86 51 29 86 83 50 87 4 3 87 85 84 87 53 4 87 88 53 87 3 85 89 5 53 89 53 88 89 55 5 89 90 55 91 88 87 91 52 31 91 84 52 91 87 84 91 31 54 91 54 88 92 93 90 92 32 33 92 90 89 92 54 32 92 88 54 92 33 93 92 89 88 94 56 7 94 7 6 94 6 55 94 55 90 94 60 56 95 58 60 95 34 58 96 79 81 96 15 79 97 82 42 97 81 82 98 81 97 98 96 81 99 47 46 100 99 98 100 98 97 100 42 43 100 97 42 101 43 44 101 99 100 101 47 99 101 100 43 101 48 47 101 44 48 102 90 93 102 94 90 102 95 60 102 60 94 102 34 95 102 33 34 102 93 33 103 45 16 103 16 15 103 15 96 103 96 98 103 98 99 103 99 46 103 46 45 
101 152 1 0 0.564113182278332
-39.67620422597 -6.049037142135 7.223790440223 -37.5554857705999 -16.2685852529174 19.5180563019876 -33.2667706830797 -26.1546334526172 31.8123221637497 -27.4946971714379 -34.2787930988057 42.7227054227787 -20.268827829229 -41.0049619340264 53.08058040291 -11.858919351146 -46.1166844481402 62.9823208092824 -2.5829742631282 -49.4342515639534 72.5074713106009 6.50394996355987 -50.7986887513757 81.0801067617873 15.9785883569391 -50.4220320863928 89.6527422129732 25.4757156644984 -48.1753657506528 98.2253776641586 34.5850593735746 -44.0167182908 106.798013115344 42.8743353591002 -38.0056860587667 115.37064856653 49.9165832967602 -30.311621238119 123.943284017718 55.3199930365281 -21.2142161193041 132.515919468907 58.7581145585766 -11.0958515459901 141.088554920097 59.6872504566029 -5.58628910057676 145.544277460048 60 -4.973799150321e-14 150 -38.77132737393 -3.991933454013 3.007113252462 -39.0581718772924 -4.08968393880031 3.65350994893538 -39.2974001481434 -4.28949557555537 4.31745588309021 -39.4832245161662 -4.57382046990647 4.983629777591 -39.6122012140605 -4.92444322938373 5.63761460496822 -39.6830975360139 -5.32335954786843 6.26596045992912 -39.6985074322679 -5.68015549838283 6.76111171985978 -35.5101056456489 -10.082656933127 4.23248654686516 -32.9680992558468 -17.0219775767103 5.73685364700319 -31.9945706918955 -20.8965641797464 6.51167878637997 -31.33608221436 -25.07672194651 7.223790440223 -24.3897121023494 -32.8667509979531 19.518056301973 -15.7325517871266 -39.283962338166 31.8123221637226 -6.67170967044183 -43.4336542203493 42.7227054227541 2.94916116194631 -45.6457526306934 53.0805804028864 12.7882168045241 -45.8676799459758 62.9823208092593 22.480204452764 -44.1028048030255 72.5074713105782 31.0319302690528 -40.7409799558612 81.0801067617649 39.0488794769018 -35.6774665187956 89.6527422129512 46.1502998203566 -28.9832327444414 98.2253776641373 51.9598991542984 -20.8270665442903 106.798013115323 56.133106620732 -11.4767219356221 115.37064856651 58.3848398241751 -1.29234237374836 123.943284017699 58.5156273664676 9.28794643754794 132.515919468889 56.4339456592066 19.7697679638167 141.08855492008 54.4838197277561 25.0057569543062 145.54427746004 51.961524227066 30 150 56.4910071549989 5.53817546710212 150 53.8935987207534 11.55796685054 150 52.2720047326443 17.9105137040735 150 51.6760937471117 23.9439396346871 150 -35.0675531719134 -16.8682318651333 17.7064019272169 -30.1155636688503 -22.0797887651288 17.7064019272161 -26.6348097436289 -28.3700095460241 17.706401927217 -29.4369088352955 -27.7667431169161 32.4056906019712 -22.8872226897391 -31.3710188082768 32.4056906019698 -17.45564599315 -36.5078628251526 32.4056906019715 -20.6956549302733 -37.2849988174018 47.1049792767249 -5.87208628236837 -42.2374226545499 47.1049792767249 -8.93542125815136 -44.3386996031144 61.8042679514785 5.22261582050078 -47.7251445812381 76.5035566262313 12.8408428775656 -47.7073261015941 83.8532009636072 22.0670048663484 -42.6381570607506 76.5035566262307 20.5031798901533 -42.74784452143 83.8532009636076 13.3194625045159 -44.1043362901964 76.5035566262315 20.5554080038658 -46.4204581786147 91.2028453009828 29.1671587131009 -39.8767233129183 83.8532009636069 27.5546150962756 -40.1772209940145 91.2028453009834 28.133893710012 -43.81666073219 98.5524896383582 35.8999477505092 -35.896761514498 91.2028453009827 34.2460912761514 -36.3881679352988 98.5524896383591 35.3261420945145 -39.8960994309695 105.902133975734 42.0313130779156 -30.7373462412179 98.5524896383584 40.3416446604015 -31.4248324588936 105.902133975735 41.8751668593949 -34.7123793041212 113.25177831311 47.3279575204493 -24.4887627705116 105.902133975734 45.6082671667898 -25.3829758649872 113.251778313111 47.5294856292092 -28.3753512995056 120.601422650486 51.5694680681937 -17.2936069002138 113.25177831311 49.8280339506847 -18.4104526134706 120.601422650488 52.0562577222597 -21.0509902492116 127.951066987863 54.5608311252862 -9.34495973590887 120.601422650486 52.8104758000404 -10.7047848931629 127.951066987864 55.2545365607646 -12.9581542881937 135.300711325241 56.1446439572591 -0.881540374282153 127.951066987863 54.4045112745542 -2.50777506994494 135.300711325242 56.2123094799563 7.82009181731321 135.300711325241 -24.9068683532517 -31.8771441903918 37.5641980123729 -12.9671290404554 -38.8131415683022 47.104979276724 -16.5418949180843 -39.0316947425563 50.0927798398165 -0.632400520582973 -43.399368605084 61.8042679514782 -9.36443155377252 -40.4828790259659 44.9138423497376 1.53119978196693 -43.6324350029788 57.442424177181 7.63972555548821 -44.5802268835939 61.8042679514779 -1.9750093727332 -45.3835009825703 67.1558696310402 17.8985351876411 -43.2417698620826 74.5055139684046 55.4939332541018 -7.05518912278354 138.19463312267 55.2652029217123 8.66658338625555 138.194633122661 54.3489085391186 7.77953872327262 142.65035566262 54.1531954524208 9.02737396664984 145.100237108413 53.6360286518187 19.0078387105469 145.54427746004 52.7251562179666 21.5028309474295 147.77213873002 8.47885964262208 -44.0060049857588 68.1548909599414 56.1457195900176 1.43770542864074 145.322257284231 -9.797689915443e-16 7.223790440222 0 19.5180563019848 0 31.8123221637453 0 42.7227054227748 0 53.0805804029074 0 62.9823208092811 0 72.5074713106006 0 81.0801067617882 0 89.6527422129758 0 98.2253776641634 0 106.798013115351 0 115.370648566539 0 123.943284017726 0 132.515919468914 0 141.088554920101 0 145.544277460051 0 150 0.0677171823733477 3.00711325246237 0.0482101212726735 3.65350994893506 0.0321094492761056 4.31745588308982 0.0194027344491765 4.98362977759 0.0100081983047916 5.63761460496781 0.00379579533109868 6.26596045992886 0.000922269910896088 6.76111171985931 0.283719277652353 4.23248651834521 0.507911271615232 5.73685365926355 0.630214574416953 6.51167877567837 0.763337317515 7.22379044022233 0.763337317515 19.5180563019702 0.763337317515 31.8123221637182 0.763337317515 42.7227054227501 0.763337317515 53.0805804028837 0.763337317515 62.9823208092581 0.763337317515 72.5074713105783 0.763337317515 81.0801067617666 0.763337317515 89.6527422129548 0.763337317515 98.225377664143 0.763337317515 106.798013115331 0.763337317515 115.370648566519 0.763337317515 123.943284017708 0.763337317515 132.515919468896 0.763337317515 141.088554920084 0.763337317515 145.544277460042 0.763337317515 150 0.157415447248394 150 0.314830894496789 150 0.472246341745183 150 0.617791829630091 150 0.1272228862525 17.7064019272161 0.3816686587575 17.7064019272161 0.6361144312625 17.7064019272161 0.1272228862525 32.4056906019699 0.3816686587575 32.4056906019699 0.6361144312625 32.4056906019699 0.1272228862525 47.1049792767237 0.6361144312625 47.1049792767237 0.1272228862525 61.8042679514774 0.1272228862525 76.5035566262312 0.1272228862525 83.8532009636081 0.6361144312625 76.5035566262312 0.3816686587575 83.8532009636081 0.3816686587575 76.5035566262312 0.1272228862525 91.202845300985 0.6361144312625 83.8532009636081 0.3816686587575 91.202845300985 0.1272228862525 98.5524896383618 0.6361144312625 91.202845300985 0.3816686587575 98.5524896383618 0.1272228862525 105.902133975739 0.6361144312625 98.5524896383618 0.3816686587575 105.902133975739 0.1272228862525 113.251778313116 0.6361144312625 105.902133975739 0.3816686587575 113.251778313116 0.1272228862525 120.601422650492 0.6361144312625 113.251778313116 0.3816686587575 120.601422650492 0.1272228862525 127.951066987869 0.6361144312625 120.601422650492 0.3816686587575 127.951066987869 0.1272228862525 135.300711325246 0.6361144312625 127.951066987869 0.3816686587575 135.300711325246 0.6361144312625 135.300711325246 0.19083432937875 37.5641980123724 0.3816686587575 47.1049792767237 0.19083432937875 50.0927798398155 0.3816686587575 61.8042679514774 0.57250298813625 44.9138423497369 0.57250298813625 57.4424241771806 0.6361144312625 61.8042679514774 0.19083432937875 67.155869631039 0.57250298813625 74.5055139684048 0.19083432937875 138.194633122674 0.57250298813625 138.194633122665 0.426957500251341 142.650355662623 0.389581964999824 145.100237108415 0.617791829630091 145.544277460042 0.617791829630091 147.772138730021 0.477085823446875 68.1548909599411 0.194790982499912 145.322257284233 25 19 18 25 20 19 25 21 20 25 22 21 25 23 22 25 24 23 25 1 24 45 17 16 49 2 1 49 1 25 50 25 26 50 26 27 50 49 25 51 50 27 51 27 28 51 28 29 52 3 2 52 49 50 52 2 49 53 50 51 53 52 50 54 29 30 54 30 31 54 51 29 54 53 51 55 5 4 56 31 32 57 6 5 58 8 7 59 9 8 59 8 58 60 34 35 61 58 62 61 59 58 63 10 9 63 9 59 64 62 60 64 61 62 64 35 36 64 60 35 65 59 61 65 63 59 66 10 63 67 36 37 67 61 64 67 64 36 67 65 61 68 63 65 68 66 63 69 11 10 69 10 66 70 68 65 70 67 37 70 65 67 71 69 66 71 66 68 72 12 11 72 11 69 72 69 71 73 37 38 73 70 37 73 68 70 73 71 68 74 72 71 75 13 12 75 72 74 75 12 72 76 38 39 76 73 38 76 71 73 76 74 71 77 75 74 78 14 13 78 13 75 78 75 77 79 77 74 79 39 40 79 74 76 79 76 39 80 78 77 81 15 14 81 14 78 82 40 41 82 77 79 82 79 40 82 80 77 83 78 80 83 80 82 83 81 78 84 83 82 84 82 41 84 41 42 85 4 3 85 52 53 85 55 4 85 86 55 85 3 52 87 5 55 87 55 86 87 57 5 87 88 57 89 85 53 89 86 85 89 54 31 89 53 54 89 31 56 89 56 86 90 32 33 90 87 86 90 56 32 90 86 56 90 88 87 90 91 88 90 33 91 92 7 6 92 62 58 92 58 7 92 6 57 92 57 88 93 60 62 93 34 60 94 81 83 94 15 81 95 84 42 95 83 84 96 83 95 96 94 83 97 47 46 98 96 95 98 97 96 98 42 43 98 95 42 99 47 97 99 98 43 99 97 98 99 43 44 99 48 47 99 44 48 100 62 92 100 92 88 100 34 93 100 33 34 100 88 91 100 91 33 100 93 62 101 45 16 101 16 15 101 15 94 101 94 96 101 97 46 101 96 97 101 46 45 
104 158 1 0 0.564113182278132
-31.33608221436 -25.07672194651 7.223790440223 -24.3897121023494 -32.8667509979531 19.518056301973 -15.7325517871266 -39.283962338166 31.8123221637226 -6.67170967044183 -43.4336542203493 42.7227054227541 2.94916116194631 -45.6457526306934 53.0805804028864 12.7882168045241 -45.8676799459758 62.9823208092593 22.480204452764 -44.1028048030255 72.5074713105782 31.0319302690528 -40.7409799558612 81.0801067617649 39.0488794769018 -35.6774665187956 89.6527422129512 46.1502998203566 -28.9832327444414 98.2253776641373 51.9598991542984 -20.8270665442903 106.798013115323 56.133106620732 -11.4767219356221 115.37064856651 58.3848398241751 -1.29234237374836 123.943284017699 58.5156273664676 9.28794643754794 132.515919468889 56.4339456592066 19.7697679638167 141.08855492008 54.4838197277561 25.0057569543062 145.54427746004 51.961524227066 30 150 -31.58098771726 -22.84277946836 3.007113252462 -31.7805271503873 -23.0708562070973 3.65351015826906 -31.8877990435408 -23.36351221373 4.3174558868682 -31.9065652218537 -23.7026569398013 4.98362970778164 -31.8429509443444 -24.0707935142658 5.63761455566182 -31.7048908013578 -24.4517133516246 6.26596043064558 -31.5398381848076 -24.7684126661653 6.76111170606836 -25.7113251136333 -26.4868898645597 4.23248654686489 -20.0402226816902 -31.2255146320047 5.7368536470032 -17.2598289124821 -34.0942407774177 6.51167878638015 -14.59948227946 -37.3851193565 7.223790440223 -4.68873477265044 -40.6582973552596 19.5180563019714 6.01719165507174 -41.8871852397275 31.812322163717 15.9389570488917 -40.9505027692352 42.7227054227467 25.3769248014405 -38.0558007720716 53.080580402878 34.0087605948032 -33.3284676436121 62.9823208092506 41.5198305398698 -26.9540471111904 72.5074713105697 47.2449299193941 -19.7667584823287 81.0801067617566 51.6560548757093 -11.3731526095022 89.6527422129432 54.458948408917 -2.02506593031288 98.2253776641295 55.4121259178458 7.94318086347654 106.798013115316 54.3510572947076 18.1274205619389 115.370648566503 51.208925670499 28.0732185860264 123.943284017692 46.0320465989762 37.3014112471323 132.515919468882 38.9883465947618 45.3380941131863 141.088554920073 34.6814935022992 48.8975306271638 145.544277460036 30 51.961524227066 150 46.153559548046 33.0417042226262 150 40.8942421682658 36.9562922690441 150 36.313627153172 41.6469622288812 150 32.7808401360005 46.5741068638771 150 -21.9352759628705 -32.1420938980864 17.7064019272161 -15.040948803948 -34.1794398152212 17.7064019272154 -8.88141708993691 -37.8865538442787 17.7064019272162 3.13689854303927 -40.3445596410353 32.4056906019706 0.719536491126058 -42.6375836210798 47.1049792767241 16.0333354335295 -39.5147241504054 47.1049792767241 14.4310479984808 -42.8661508561407 61.8042679514773 28.3854902653785 -38.7198796963882 76.5035566262302 34.9741591887735 -34.8953349118273 83.8532009636065 33.5871610387629 -31.5357443921039 76.5035566262301 40.4296653300689 -25.8922247519869 76.5035566262297 39.1301969039504 -26.769129367509 83.8532009636066 41.0117346058101 -29.9235920360618 91.2028453009825 45.1978620582183 -19.9506760521202 83.8532009636058 43.9516071618852 -21.0171864861402 91.2028453009828 46.2729970263382 -23.879394448076 98.5524896383584 49.0386475037253 -13.1375335098927 91.2028453009816 47.8520689931188 -14.3900321910677 98.5524896383589 50.5413861870351 -16.8879645718739 105.902133975734 51.7688580005023 -5.60366615085588 98.5524896383573 50.6493053358012 -7.04388088887167 105.902133975735 53.6211479400108 -9.1242188734746 113.25177831311 53.231594907197 2.45608809370983 105.902133975733 52.1894059215232 0.821831660667396 113.251778313111 55.3494176334572 -0.809032252077138 120.601422650487 53.3072728568144 10.8080311354483 113.251778313109 52.3575695286633 8.97009731690563 120.601422650488 55.607536738034 7.79743653049209 127.951066987864 51.9235456740462 19.1874430340016 120.601422650486 51.0876060753611 17.1346222404917 127.951066987864 54.3309094800561 16.4051774806468 135.300711325241 49.0634581405608 27.308885620038 127.951066987863 48.3695763792141 25.0304587197264 135.300711325242 44.771242106379 34.8785529136972 135.300711325241 -6.31773971509321 -37.8840692940875 25.0560462645927 -4.13540686724876 -38.6117105754367 32.4056906019693 -5.63140862744564 -40.0598508456012 37.5641980123604 -11.6097393017947 -38.7651593372532 32.4056906019706 8.17670762096385 -40.096731119059 47.1049792767231 5.19014614547214 -42.0733866588551 50.0927798398038 21.152009386349 -37.9011559804989 61.8042679514768 12.1316038954117 -39.7414174317057 44.9138423497336 23.1422754109385 -37.0211972505711 57.4424241771764 28.9063098507914 -34.7877462099227 61.8042679514771 20.9813422017738 -40.2907694499524 67.1558696310275 37.121471094066 -28.499203611346 74.5055139683996 51.5867505153663 21.6369936182063 138.194633122661 43.5277779823799 35.1380828373655 138.194633122657 43.177766101197 33.9117324336388 142.65035566262 42.3843559745748 34.8945329107924 145.100237108413 36.9462440153142 43.2792855202784 145.544277460036 34.9099092295484 44.9845759627393 147.772138730018 -15.3406637804547 -34.9130788486655 22.2870512832815 -8.84353653360395 -37.4697573943708 28.7308684332809 29.3459103385108 -33.8708884154214 68.1548909599383 47.904766764395 29.3179492193663 145.322257284226 1.718625223155e-15 7.223790440222 0 19.5180563019702 0 31.8123221637182 0 42.7227054227501 0 53.0805804028837 0 62.9823208092581 0 72.5074713105783 0 81.0801067617666 0 89.6527422129548 0 98.225377664143 0 106.798013115331 0 115.370648566519 0 123.943284017708 0 132.515919468896 0 141.088554920084 0 145.544277460042 0 150 0.0677171823733742 3.0071132524615 0.0482101156118829 3.65351015826878 0.0321094491947201 4.31745588686794 0.0194027356118872 4.98362970778064 0.0100081989009322 5.63761455566133 0.00379579555511495 6.26596043064494 0.000922269964728831 6.76111170606742 0.283719277833241 4.23248654071381 0.507911271615364 5.73685365926355 0.630214574416744 6.51167877567824 0.763337317515 7.22379044022494 0.763337317515 19.5180563019689 0.763337317515 31.8123221637129 0.763337317515 42.722705422743 0.763337317515 53.0805804028756 0.763337317515 62.9823208092496 0.763337317515 72.5074713105701 0.763337317515 81.0801067617585 0.763337317515 89.6527422129468 0.763337317515 98.2253776641352 0.763337317515 106.798013115324 0.763337317515 115.370648566512 0.763337317515 123.9432840177 0.763337317515 132.515919468889 0.763337317515 141.088554920077 0.763337317515 145.544277460039 0.763337317515 150 0.157415447248412 150 0.314830894496824 150 0.472246341745236 150 0.617791829630118 150 0.1272228862525 17.7064019272153 0.3816686587575 17.7064019272153 0.6361144312625 17.7064019272153 0.6361144312625 32.4056906019692 0.1272228862525 47.104979276723 0.6361144312625 47.104979276723 0.1272228862525 61.8042679514769 0.1272228862525 76.5035566262307 0.1272228862525 83.8532009636077 0.3816686587575 76.5035566262307 0.6361144312625 76.5035566262307 0.3816686587575 83.8532009636077 0.1272228862525 91.2028453009846 0.6361144312625 83.8532009636077 0.3816686587575 91.2028453009846 0.1272228862525 98.5524896383615 0.6361144312625 91.2028453009846 0.3816686587575 98.5524896383615 0.1272228862525 105.902133975738 0.6361144312625 98.5524896383615 0.3816686587575 105.902133975738 0.1272228862525 113.251778313115 0.6361144312625 105.902133975738 0.3816686587575 113.251778313115 0.1272228862525 120.601422650492 0.6361144312625 113.251778313115 0.3816686587575 120.601422650492 0.1272228862525 127.951066987869 0.6361144312625 120.601422650492 0.3816686587575 127.951066987869 0.1272228862525 135.300711325246 0.6361144312625 127.951066987869 0.3816686587575 135.300711325246 0.6361144312625 135.300711325246 0.50889154501 25.0560462645923 0.3816686587575 32.4056906019692 0.19083432937875 37.5641980123596 0.1272228862525 32.4056906019692 0.3816686587575 47.104979276723 0.19083432937875 50.0927798398034 0.3816686587575 61.8042679514769 0.57250298813625 44.913842349733 0.57250298813625 57.4424241771762 0.6361144312625 61.8042679514769 0.19083432937875 67.1558696310276 0.57250298813625 74.5055139684004 0.19083432937875 138.194633122665 0.57250298813625 138.194633122662 0.426957500251368 142.650355662623 0.389581964999854 145.100237108415 0.617791829630118 145.544277460039 0.617791829630118 147.772138730019 0.254445772505 22.2870512832813 0.31805721563125 28.7308684332807 0.477085823446875 68.1548909599387 0.194790982499927 145.322257284229 25 19 18 25 20 19 25 21 20 25 22 21 25 23 22 25 24 23 25 1 24 45 17 16 49 2 1 49 1 25 50 25 26 50 26 27 50 49 25 51 50 27 51 27 28 51 28 29 52 30 31 53 5 4 54 31 32 55 6 5 56 8 7 57 9 8 57 8 56 57 56 58 59 34 35 60 57 58 61 10 9 61 9 57 62 35 36 62 60 58 62 59 35 62 58 59 63 57 60 63 61 57 64 61 63 64 10 61 65 36 37 65 60 62 65 62 36 65 63 60 66 64 63 67 11 10 67 10 64 68 65 37 68 63 65 68 66 63 69 67 64 69 64 66 70 12 11 70 11 67 71 37 38 71 68 37 71 66 68 71 69 66 72 67 69 72 70 67 73 13 12 73 12 70 73 70 72 74 38 39 74 71 38 74 69 71 74 72 69 75 73 72 75 72 74 76 14 13 76 13 73 76 73 75 77 74 39 77 39 40 77 75 74 78 76 75 79 15 14 79 14 76 79 76 78 80 40 41 80 77 40 80 75 77 80 78 75 81 79 78 82 81 78 82 80 41 82 41 42 82 78 80 83 52 84 83 50 51 83 29 30 83 30 52 83 51 29 85 4 3 85 86 84 85 53 4 85 87 53 85 3 86 88 89 55 88 5 53 88 53 87 88 55 5 90 85 84 90 87 85 90 52 31 90 84 52 90 31 54 90 54 87 91 33 92 91 88 87 91 32 33 91 54 32 91 87 54 91 89 88 91 92 89 93 56 7 93 7 6 93 55 89 93 6 55 93 58 56 94 59 58 94 34 59 95 15 79 95 79 81 96 82 42 96 81 82 97 81 96 97 95 81 98 47 46 99 97 96 99 98 97 99 42 43 99 96 42 100 98 99 100 47 98 100 99 43 100 43 44 100 48 47 100 44 48 101 3 2 101 49 50 101 2 49 101 50 83 102 3 101 102 84 86 102 83 84 102 101 83 102 86 3 103 92 33 103 94 58 103 58 93 103 34 94 103 33 34 103 93 89 103 89 92 104 45 16 104 16 15 104 15 95 104 95 97 104 98 46 104 97 98 104 46 45 
103 156 1 0 0.564113182278865
-14.59948227946 -37.3851193565 7.223790440223 -4.68873477265044 -40.6582973552596 19.5180563019714 6.01719165507174 -41.8871852397275 31.812322163717 15.9389570488917 -40.9505027692352 42.7227054227467 25.3769248014405 -38.0558007720716 53.080580402878 34.0087605948032 -33.3284676436121 62.9823208092506 41.5198305398698 -26.9540471111904 72.5074713105697 47.2449299193941 -19.7667584823287 81.0801067617566 51.6560548757093 -11.3731526095022 89.6527422129432 54.458948408917 -2.02506593031288 98.2253776641295 55.4121259178458 7.94318086347654 106.798013115316 54.3510572947076 18.1274205619389 115.370648566503 51.208925670499 28.0732185860264 123.943284017692 46.0320465989762 37.3014112471323 132.515919468882 38.9883465947618 45.3380941131863 141.088554920073 34.6814935022992 48.8975306271638 145.544277460036 30 51.961524227066 150 -15.92854790557 -35.57292117128 3.007113252462 -15.987315754429 -35.8702111830754 3.65351025635862 -15.933887930324 -36.1772946358694 4.31745592029037 -15.780567557174 -36.4803856618072 4.98362971630664 -15.541407689536 -36.7673941473602 5.63761456168323 -15.2313841803836 -37.0282503306774 6.26596043422153 -14.9300947650965 -37.2199936733501 6.76111170775234 -9.02321578109186 -35.7939820467683 4.23248654686495 -1.74258462384094 -37.0622002584065 5.73685364700319 2.09967008552658 -38.1563930922317 6.51167878637986 6.049037142135 -39.67620422597 7.223790440222 16.2685852529187 -37.5554857705991 19.5180563019817 26.1546334526165 -33.2667706830817 31.8123221637402 34.2787930988064 -27.4946971714414 42.7227054227712 41.0049619340271 -20.2688278292346 53.0805804029025 46.1166844481411 -11.8589193511536 62.9823208092744 49.434251563955 -2.58297426313705 72.5074713105925 50.7986887513782 6.50394996355049 81.0801067617787 50.4220320863966 15.9785883569297 89.6527422129647 48.1753657506584 25.4757156644895 98.2253776641503 44.0167182908076 34.5850593735665 106.798013115336 38.0056860587766 42.8743353590932 115.370648566522 30.3116212381309 49.9165832967544 123.94328401771 21.2142161193174 55.3199930365241 132.515919468899 11.0958515460035 58.7581145585747 141.088554920089 5.58628910058405 59.6872504566028 145.544277460044 4.485301019486e-14 60 150 23.4493029323694 51.691735015149 150 16.9373064517025 52.4522090188087 150 10.6250425037535 54.2241408572513 150 5.10198688323019 56.7247797706912 150 -2.9254592738252 -38.8035078280064 17.7064019272168 4.06387614637098 -37.1207375690779 17.7064019272161 11.2517441006502 -37.2514266359616 17.7064019272166 22.8889136478855 -33.3709642821139 32.4056906019701 21.9419286908065 -36.5654623262767 47.1049792767246 33.6426378680379 -26.2040872210218 47.1049792767236 33.9307295979894 -29.9076516046339 61.8042679514775 43.94249551689 -19.33965431586 76.50355662623 47.7361777893945 -12.7331669128215 83.853200963606 47.9592296183383 -2.2084917306825 76.5035566262315 47.2723092576651 -3.61764761748075 83.8532009636073 44.855206896622 -10.5171752514342 76.5035566262308 50.4790000399296 -5.40872357280605 91.2028453009818 49.1178347652241 5.32113874529924 83.8532009636077 48.5718015824189 3.77438616786898 91.2028453009837 52.0132881580901 2.4563362941462 98.5524896383575 49.0374812604046 13.1418859892261 91.2028453009836 48.6361234672221 11.4639010578177 98.5524896383598 52.2141066663904 10.645286756063 105.902133975733 47.6349792287736 21.0315117592828 98.5524896383592 47.3855255492757 19.2244728769049 105.902133975736 50.9993857328711 18.9087686358866 113.251778313109 44.871869426741 28.7428321366834 105.902133975735 44.7864355061243 26.8064300565329 113.251778313112 48.3385178812874 26.9740663339485 120.601422650486 40.7614369327464 36.0136659565982 113.251778313111 40.8579366337802 33.9471169151899 120.601422650489 44.2588211917682 34.5565464888197 127.951066987863 35.3733880912851 42.5785859381351 120.601422650487 35.6758535595493 40.3828211821958 127.951066987865 38.8493590801181 41.3727551918604 135.300711325241 28.8357583372212 48.1819177662769 127.951066987864 29.374052554828 45.8618013092676 135.300711325243 21.3337565662591 52.591333923691 135.300711325242 6.40664146698646 -37.8691363315887 25.0560462645932 15.7244878856975 -35.5064256755255 32.4056906019697 9.32825050195818 -39.3764824187128 32.4056906019713 13.470711559276 -35.9674362649566 25.0560462645927 15.1529824923397 -37.5085528178317 37.5641980123572 27.1296020786039 -30.6364339473379 47.1049792767235 25.5314917407586 -33.8415485970806 50.0927798398 37.268755459917 -22.2473592187348 61.8042679514773 30.3769858779394 -28.3512751305476 44.9138423497451 38.5523970325431 -20.4901595920321 57.4424241771887 42.4274717654131 -15.6739170328037 61.8042679514778 38.3157600772062 -24.4021587807972 67.1558696310234 46.3977387989897 -6.12029876800764 74.5055139684124 33.8569396358973 44.5315613925688 138.194633122657 20.1271200843388 52.1943613686342 138.194633122666 20.4371761054754 50.9573048244724 142.650355662621 19.2586625416232 51.4117299412276 145.100237108413 10.3567431315283 55.9540827258628 145.544277460045 7.74058025521928 56.4127401769804 147.772138730022 42.3497480580466 -14.6600946472438 68.1548909599448 26.8277703706505 49.3424721930303 145.322257284225 -1.464210397864e-15 7.223790440223 0 19.5180563019689 0 31.8123221637129 0 42.722705422743 0 53.0805804028756 0 62.9823208092496 0 72.5074713105701 0 81.0801067617585 0 89.6527422129468 0 98.2253776641352 0 106.798013115324 0 115.370648566512 0 123.9432840177 0 132.515919468889 0 141.088554920077 0 145.544277460039 0 150 0.0677171823733331 3.0071132524623 0.0482101129585747 3.65351025635856 0.0321094484739973 4.31745592029037 0.0194027354698885 4.98362971630664 0.010008198828126 5.63761456168291 0.00379579552775352 6.26596043422141 0.000922269958152103 6.76111170775233 0.283719277833125 4.23248654071389 0.50791127161535 5.73685365926373 0.630214574416736 6.51167877567804 0.763337317515 7.2237904402219 0.763337317515 19.5180563019789 0.763337317515 31.8123221637359 0.763337317515 42.7227054227673 0.763337317515 53.0805804028999 0.763337317515 62.9823208092733 0.763337317515 72.5074713105928 0.763337317515 81.0801067617803 0.763337317515 89.6527422129678 0.763337317515 98.2253776641554 0.763337317515 106.798013115343 0.763337317515 115.37064856653 0.763337317515 123.943284017718 0.763337317515 132.515919468905 0.763337317515 141.088554920093 0.763337317515 145.544277460046 0.763337317515 150 0.157415447248491 150 0.314830894496982 150 0.472246341745473 150 0.617791829630236 150 0.1272228862525 17.7064019272161 0.3816686587575 17.7064019272161 0.6361144312625 17.7064019272161 0.6361144312625 32.4056906019698 0.1272228862525 47.1049792767236 0.6361144312625 47.1049792767236 0.1272228862525 61.8042679514774 0.1272228862525 76.5035566262311 0.1272228862525 83.853200963608 0.6361144312625 76.5035566262311 0.3816686587575 83.853200963608 0.3816686587575 76.5035566262311 0.1272228862525 91.2028453009849 0.6361144312625 83.853200963608 0.3816686587575 91.2028453009849 0.1272228862525 98.5524896383618 0.6361144312625 91.2028453009849 0.3816686587575 98.5524896383618 0.1272228862525 105.902133975739 0.6361144312625 98.5524896383618 0.3816686587575 105.902133975739 0.1272228862525 113.251778313116 0.6361144312625 105.902133975739 0.3816686587575 113.251778313116 0.1272228862525 120.601422650492 0.6361144312625 113.251778313116 0.3816686587575 120.601422650492 0.1272228862525 127.951066987869 0.6361144312625 120.601422650492 0.3816686587575 127.951066987869 0.1272228862525 135.300711325246 0.6361144312625 127.951066987869 0.3816686587575 135.300711325246 0.6361144312625 135.300711325246 0.254445772505 25.056046264593 0.3816686587575 32.4056906019698 0.1272228862525 32.4056906019698 0.50889154501 25.056046264593 0.19083432937875 37.5641980123564 0.3816686587575 47.1049792767236 0.19083432937875 50.0927798397996 0.3816686587575 61.8042679514774 0.57250298813625 44.9138423497455 0.57250298813625 57.4424241771887 0.6361144312625 61.8042679514774 0.19083432937875 67.1558696310237 0.57250298813625 74.505513968412 0.19083432937875 138.194633122662 0.57250298813625 138.19463312267 0.426957500251486 142.650355662623 0.389581964999985 145.100237108415 0.617791829630236 145.544277460046 0.617791829630236 147.772138730023 0.477085823446875 68.1548909599447 0.194790982499992 145.322257284227 25 19 18 25 20 19 25 21 20 25 22 21 25 23 22 25 24 23 25 1 24 45 17 16 49 2 1 49 1 25 50 25 26 50 26 27 50 49 25 51 50 27 51 27 28 51 28 29 52 30 31 53 5 4 54 31 32 55 6 5 56 8 7 57 8 56 57 9 8 58 34 35 59 56 60 59 57 56 61 10 9 61 9 57 62 60 58 62 35 36 62 59 60 62 58 35 63 61 57 63 57 59 64 10 61 65 36 37 65 62 36 65 59 62 65 63 59 66 64 61 66 61 63 67 11 10 67 10 64 68 65 37 68 63 65 68 66 63 69 67 64 69 64 66 69 66 68 70 12 11 70 11 67 71 68 37 71 37 38 71 69 68 72 67 69 72 70 67 73 13 12 73 12 70 74 38 39 74 71 38 74 69 71 74 72 69 75 70 72 75 73 70 76 14 13 76 13 73 77 74 39 77 39 40 77 72 74 77 75 72 78 73 75 78 76 73 79 15 14 79 14 76 80 40 41 80 77 40 80 75 77 80 78 75 81 76 78 81 79 76 81 78 80 82 80 41 82 41 42 82 81 80 83 3 2 83 84 85 83 49 50 83 85 3 83 2 49 86 50 51 86 29 30 86 84 83 86 52 84 86 30 52 86 51 29 86 83 50 87 4 3 87 85 84 87 53 4 87 88 53 87 3 85 89 5 53 89 53 88 89 55 5 89 90 55 91 88 87 91 52 31 91 84 52 91 87 84 91 31 54 91 54 88 92 93 90 92 32 33 92 90 89 92 54 32 92 88 54 92 33 93 92 89 88 94 56 7 94 7 6 94 6 55 94 55 90 94 60 56 95 58 60 95 34 58 96 79 81 96 15 79 97 81 82 97 82 42 98 81 97 98 96 81 99 47 46 100 98 97 100 97 42 100 99 98 100 42 43 101 99 100 101 43 44 101 47 99 101 100 43 101 48 47 101 44 48 102 90 93 102 94 90 102 95 60 102 60 94 102 34 95 102 33 34 102 93 33 103 45 16 103 16 15 103 15 96 103 96 98 103 98 99 103 99 46 103 46 45 
103 156 1 0 0.564113182277955
6.049037142135 -39.67620422597 7.223790440222 16.2685852529187 -37.5554857705991 19.5180563019817 26.1546334526165 -33.2667706830817 31.8123221637402 34.2787930988064 -27.4946971714414 42.7227054227712 41.0049619340271 -20.2688278292346 53.0805804029025 46.1166844481411 -11.8589193511536 62.9823208092744 49.434251563955 -2.58297426313705 72.5074713105925 50.7986887513782 6.50394996355049 81.0801067617787 50.4220320863966 15.9785883569297 89.6527422129647 48.1753657506584 25.4757156644895 98.2253776641503 44.0167182908076 34.5850593735665 106.798013115336 38.0056860587766 42.8743353590932 115.370648566522 30.3116212381309 49.9165832967544 123.94328401771 21.2142161193174 55.3199930365241 132.515919468899 11.0958515460035 58.7581145585747 141.088554920089 5.58628910058405 59.6872504566028 145.544277460044 4.485301019486e-14 60 150 3.991933454013 -38.77132737393 3.007113252462 4.08968393880031 -39.0581718772924 3.65350994893542 4.28949557555537 -39.2974001481434 4.31745588309051 4.57382046990647 -39.4832245161662 4.983629777591 4.92444322938345 -39.6122012140605 5.63761460496822 5.32335954786776 -39.6830975360139 6.26596045992911 5.68015549838227 -39.6985074322679 6.76111171985961 10.0826569331317 -35.5101056456474 4.23248654686516 17.0219775767157 -32.9680992558467 5.73685364700339 20.896564179752 -31.9945706918942 6.51167878638029 25.076721946513 -31.33608221436 7.223790440223 32.8667509979579 -24.3897121023507 19.5180563019718 39.2839623381714 -15.7325517871296 31.8123221637198 43.433654220354 -6.67170967044765 42.7227054227484 45.6457526306982 2.94916116193915 53.0805804028795 45.8676799459811 12.7882168045168 62.9823208092521 44.1028048030312 22.4802044527572 72.5074713105712 40.7409799558674 31.0319302690467 81.0801067617583 35.6774665188021 39.0488794768965 89.6527422129453 28.983232744448 46.1502998203522 98.2253776641321 20.8270665442969 51.9598991542951 106.798013115319 11.4767219356285 56.1331066207299 115.370648566506 1.29234237375459 58.3848398241743 123.943284017695 -9.28794643754202 58.5156273664681 132.515919468885 -19.7697679638114 56.4339456592081 141.088554920076 -25.0057569543036 54.4838197277571 145.544277460038 -30 51.961524227066 150 -5.53817546710724 56.4910071549964 150 -11.5579668505502 53.8935987207497 150 -17.9105137040899 52.2720047326414 150 -23.9439396346948 51.6760937471115 150 16.8682318651346 -35.0675531719141 17.7064019272161 22.0797887651311 -30.1155636688513 17.7064019272155 28.3700095460276 -26.6348097436298 17.706401927216 36.5078628251562 -17.4556459931518 32.4056906019693 37.284998817405 -20.6956549302762 47.1049792767242 42.2374226545538 -5.87208628237048 47.1049792767224 44.338699603118 -8.93542125815473 61.8042679514773 47.7251445812422 5.22261582049807 76.5035566262299 47.7073261015985 12.8408428775635 83.8532009636061 42.6381570607542 22.0670048663479 76.5035566262297 42.7478445214343 20.5031798901515 83.8532009636059 44.1043362902005 13.3194625045138 76.5035566262298 46.4204581786193 20.5554080038644 91.2028453009822 39.8767233129214 29.167158713101 83.8532009636064 40.1772209940189 27.5546150962741 91.202845300982 43.8166607321946 28.1338937100112 98.5524896383581 35.8967615145006 35.8999477505098 91.2028453009831 36.3881679353033 34.2460912761503 98.5524896383582 39.8960994309741 35.3261420945141 105.902133975734 30.7373462412201 42.0313130779164 98.5524896383594 31.4248324588979 40.3416446604009 105.902133975735 34.7123793041256 41.8751668593948 113.25177831311 24.4887627705134 47.3279575204501 105.902133975736 25.3829758649914 45.6082671667895 113.251778313111 28.3753512995095 47.5294856292092 120.601422650487 17.2936069002156 51.5694680681944 113.251778313112 18.4104526134743 49.8280339506846 120.601422650488 21.0509902492148 52.0562577222597 127.951066987864 9.34495973591075 54.5608311252866 120.601422650488 10.7047848931661 52.8104758000404 127.951066987865 12.958154288196 55.2545365607648 135.300711325241 0.881540374284141 56.1446439572593 127.951066987864 2.50777506994755 54.4045112745543 135.300711325242 -7.82009181731127 56.2123094799564 135.300711325242 24.4828824291447 -29.5923133490385 25.0560462645926 31.3710188082795 -22.8872226897404 32.4056906019695 27.7667431169186 -29.4369088352974 32.4056906019706 29.649696549866 -24.4133577348123 25.0560462645923 31.8771441903923 -24.9068683532556 37.5641980123691 38.8131415683053 -12.9671290404569 47.1049792767238 39.0316947425578 -16.5418949180896 50.0927798398123 43.3993686050875 -0.632400520584882 61.8042679514773 40.4828790259685 -9.36443155377632 44.9138423497334 43.6324350029821 1.53119978196241 57.4424241771764 44.580226883598 7.63972555548666 61.8042679514759 45.3835009825731 -1.97500937273982 67.1558696310348 43.2417698620871 17.8985351876371 74.5055139684004 7.0551891227903 55.4939332541012 138.194633122665 -8.66658338625095 55.2652029217127 138.19463312266 -7.77953872327998 54.3489085391182 142.650355662621 -9.02737396665825 54.1531954524195 145.100237108413 -19.0078387105524 53.6360286518201 145.544277460038 -21.5028309474362 52.7251562179674 147.772138730019 44.0060049857626 8.47885964261895 68.1548909599388 -1.43770542864217 56.1457195900162 145.322257284229 -2.370365546496e-15 7.223790440222 0 19.5180563019789 0 31.8123221637359 0 42.7227054227673 0 53.0805804028999 0 62.9823208092733 0 72.5074713105928 0 81.0801067617803 0 89.6527422129678 0 98.2253776641553 0 106.798013115343 0 115.37064856653 0 123.943284017718 0 132.515919468905 0 141.088554920093 0 145.544277460046 0 150 0.0677171823733841 3.00711325246155 0.0482101212726721 3.65350994893506 0.0321094492761004 4.31745588309005 0.0194027344491665 4.98362977759055 0.0100081983047783 5.63761460496788 0.00379579533107256 6.26596045992907 0.000922269910867361 6.76111171985961 0.283719277652254 4.23248651834498 0.507911271615234 5.73685365926356 0.630214574416989 6.51167877567839 0.763337317515 7.22379044022261 0.763337317515 19.5180563019692 0.763337317515 31.8123221637159 0.763337317515 42.7227054227449 0.763337317515 53.0805804028773 0.763337317515 62.9823208092515 0.763337317515 72.5074713105721 0.763337317515 81.0801067617605 0.763337317515 89.652742212949 0.763337317515 98.2253776641375 0.763337317515 106.798013115326 0.763337317515 115.370648566515 0.763337317515 123.943284017703 0.763337317515 132.515919468891 0.763337317515 141.08855492008 0.763337317515 145.54427746004 0.763337317515 150 0.157415447248548 150 0.314830894497096 150 0.472246341745644 150 0.617791829630322 150 0.1272228862525 17.7064019272154 0.3816686587575 17.7064019272154 0.6361144312625 17.7064019272154 0.6361144312625 32.4056906019692 0.1272228862525 47.1049792767231 0.6361144312625 47.1049792767231 0.1272228862525 61.8042679514769 0.1272228862525 76.5035566262308 0.1272228862525 83.8532009636077 0.6361144312625 76.5035566262308 0.3816686587575 83.8532009636077 0.3816686587575 76.5035566262308 0.1272228862525 91.2028453009846 0.6361144312625 83.8532009636077 0.3816686587575 91.2028453009846 0.1272228862525 98.5524896383615 0.6361144312625 91.2028453009846 0.3816686587575 98.5524896383615 0.1272228862525 105.902133975738 0.6361144312625 98.5524896383615 0.3816686587575 105.902133975738 0.1272228862525 113.251778313115 0.6361144312625 105.902133975738 0.3816686587575 113.251778313115 0.1272228862525 120.601422650492 0.6361144312625 113.251778313115 0.3816686587575 120.601422650492 0.1272228862525 127.951066987869 0.6361144312625 120.601422650492 0.3816686587575 127.951066987869 0.1272228862525 135.300711325246 0.6361144312625 127.951066987869 0.3816686587575 135.300711325246 0.6361144312625 135.300711325246 0.254445772505 25.0560462645923 0.3816686587575 32.4056906019692 0.1272228862525 32.4056906019692 0.50889154501 25.0560462645923 0.19083432937875 37.5641980123683 0.3816686587575 47.1049792767231 0.19083432937875 50.0927798398115 0.3816686587575 61.8042679514769 0.57250298813625 44.913842349734 0.57250298813625 57.4424241771771 0.6361144312625 61.8042679514769 0.19083432937875 67.1558696310349 0.57250298813625 74.5055139684014 0.19083432937875 138.19463312267 0.57250298813625 138.194633122663 0.426957500251572 142.650355662623 0.38958196500008 145.100237108415 0.617791829630322 145.54427746004 0.617791829630322 147.77213873002 0.477085823446875 68.1548909599392 0.19479098250004 145.322257284231 25 19 18 25 20 19 25 21 20 25 22 21 25 23 22 25 24 23 25 1 24 45 17 16 49 2 1 49 1 25 50 25 26 50 26 27 50 49 25 51 50 27 51 27 28 51 28 29 52 30 31 53 5 4 54 31 32 55 6 5 56 8 7 57 9 8 57 8 56 58 34 35 59 57 56 59 56 60 61 10 9 61 57 59 61 9 57 62 58 35 62 59 60 62 35 36 62 60 58 63 61 59 64 61 63 64 10 61 65 36 37 65 59 62 65 62 36 65 63 59 66 64 63 67 11 10 67 10 64 68 65 37 68 63 65 68 66 63 69 64 66 69 67 64 70 12 11 70 11 67 71 37 38 71 68 37 71 66 68 71 69 66 72 70 67 72 67 69 73 13 12 73 12 70 74 71 38 74 38 39 74 69 71 74 72 69 75 70 72 75 73 70 76 14 13 76 13 73 77 39 40 77 74 39 77 72 74 77 75 72 78 73 75 78 76 73 79 15 14 79 14 76 80 78 75 80 40 41 80 77 40 80 75 77 81 76 78 81 79 76 82 80 41 82 81 78 82 78 80 82 41 42 83 3 2 83 84 85 83 49 50 83 85 3 83 2 49 86 50 51 86 29 30 86 52 84 86 30 52 86 84 83 86 51 29 86 83 50 87 4 3 87 85 84 87 53 4 87 88 53 87 3 85 89 5 53 89 53 88 89 55 5 89 90 55 91 87 84 91 88 87 91 52 31 91 84 52 91 31 54 91 54 88 92 93 90 92 89 88 92 90 89 92 32 33 92 54 32 92 88 54 92 33 93 94 56 7 94 7 6 94 6 55 94 55 90 94 60 56 95 34 58 95 58 60 96 79 81 96 15 79 97 81 82 97 82 42 98 81 97 98 96 81 99 47 46 100 99 98 100 98 97 100 42 43 100 97 42 101 99 100 101 43 44 101 47 99 101 100 43 101 48 47 101 44 48 102 90 93 102 94 90 102 95 60 102 33 34 102 60 94 102 93 33 102 34 95 103 45 16 103 16 15 103 15 96 103 96 98 103 98 99 103 99 46 103 46 45 
104 158 1 0 0.564113182277996
25.076721946513 -31.33608221436 7.223790440223 32.8667509979579 -24.3897121023507 19.5180563019718 39.2839623381714 -15.7325517871296 31.8123221637198 43.433654220354 -6.67170967044765 42.7227054227484 45.6457526306982 2.94916116193915 53.0805804028795 45.8676799459811 12.7882168045168 62.9823208092521 44.1028048030312 22.4802044527572 72.5074713105712 40.7409799558674 31.0319302690467 81.0801067617583 35.6774665188021 39.0488794768965 89.6527422129453 28.983232744448 46.1502998203522 98.2253776641321 20.8270665442969 51.9598991542951 106.798013115319 11.4767219356285 56.1331066207299 115.370648566506 1.29234237375459 58.3848398241743 123.943284017695 -9.28794643754202 58.5156273664681 132.515919468885 -19.7697679638114 56.4339456592081 141.088554920076 -25.0057569543036 54.4838197277571 145.544277460038 -30 51.961524227066 150 22.842779468362 -31.58098771726 3.007113252462 23.0708562071019 -31.7805271503873 3.65351015826905 23.3635122137334 -31.8877990435408 4.31745588686794 23.7026569398049 -31.9065652218537 4.98362970778064 24.0707935142709 -31.8429509443444 5.63761455566141 24.4517133516273 -31.7048908013578 6.26596043064533 24.7684126661678 -31.5398381848076 6.76111170606806 26.4868898645629 -25.7113251136384 4.23248654686522 31.2255146320104 -20.0402226816911 5.73685364700338 34.0942407774262 -17.2598289124821 6.51167878638021 37.385119356503 -14.59948227946 7.223790440223 40.6582973552665 -4.68873477265244 19.5180563019697 41.8871852397337 6.01719165506857 31.812322163714 40.950502769241 15.9389570488888 42.722705422744 38.0558007720771 25.3769248014384 53.080580402876 33.3284676436172 34.0087605948018 62.9823208092491 26.9540471111951 41.519830539869 72.5074713105685 19.7667584823332 47.2449299193938 81.080106761756 11.3731526095064 51.6560548757092 89.6527422129434 2.02506593031671 54.4589484089171 98.2253776641307 -7.94318086347299 55.4121259178457 106.798013115318 -18.1274205619355 54.3510572947072 115.370648566506 -28.0732185860231 51.208925670498 123.943284017695 -37.301411247129 46.0320465989745 132.515919468887 -45.3380941131829 38.9883465947591 141.088554920078 -48.8975306271591 34.6814935022977 145.54427746004 -51.96152422706 30 150 -33.0417042225994 46.1535595480835 150 -36.9562922689836 40.8942421683324 150 -41.6469622287771 36.3136271532569 150 -46.5741068638168 32.7808401360351 150 32.1420938980916 -21.9352759628708 17.7064019272157 34.1794398152252 -15.0409488039483 17.7064019272152 37.8865538442837 -8.88141708993704 17.7064019272161 40.3445596410402 3.13689854303914 32.4056906019704 42.6375836210843 0.71953649112537 47.104979276723 39.5147241504101 16.0333354335294 47.1049792767241 42.8661508561447 14.4310479984819 61.8042679514777 38.7198796963915 28.3854902653807 76.5035566262314 34.8953349118304 34.9741591887755 83.8532009636076 25.892224751991 40.429665330069 76.5035566262298 26.7691293675134 39.1301969039514 83.8532009636069 31.5357443921083 33.5871610387641 76.5035566262306 29.9235920360647 41.0117346058117 91.2028453009834 19.9506760521242 45.1978620582185 83.8532009636061 21.0171864861446 43.9516071618858 91.202845300983 23.8793944480788 46.2729970263392 98.552489638359 13.1375335098966 49.0386475037255 91.2028453009824 14.390032191072 47.8520689931191 98.5524896383591 16.8879645718766 50.5413861870356 105.902133975735 5.60366615085966 51.7688580005025 98.5524896383587 7.04388088887577 50.6493053358013 105.902133975735 9.12421887347724 53.6211479400111 113.251778313111 -2.45608809370611 53.2315949071972 105.902133975735 -0.821831660663552 52.1894059215232 113.251778313112 0.809032252079634 55.3494176334574 120.601422650487 -10.8080311354445 53.3072728568146 113.251778313111 -8.97009731690203 52.3575695286634 120.601422650489 -7.79743653048963 55.6075367380342 127.951066987864 -19.1874430339977 51.9235456740463 120.601422650488 -17.1346222404882 51.0876060753611 127.951066987866 -16.4051774806442 54.3309094800562 135.300711325242 -27.3088856200339 49.0634581405609 127.951066987865 -25.030458719723 48.3695763792141 135.300711325243 -34.8785529136928 44.771242106379 135.300711325243 37.8840692940917 -6.31773971509336 25.0560462645923 38.6117105754413 -4.13540686724915 32.4056906019686 40.0598508456053 -5.63140862744886 37.5641980123562 38.7651593372582 -11.6097393017959 32.405690601969 40.0967311190638 8.17670762096409 47.1049792767229 42.0733866588593 5.19014614546922 50.0927798398001 37.9011559805035 21.1520093863502 61.8042679514773 39.7414174317105 12.1316038954105 44.9138423497322 37.0211972505759 23.1422754109379 57.4424241771755 34.787746209927 28.9063098507915 61.804267951477 40.2907694499569 20.9813422017729 67.1558696310256 28.4992036113506 37.121471094066 74.5055139683993 -21.6369936182007 51.5867505153673 138.19463312266 -35.138082837363 43.527777982379 138.19463312266 -33.9117324335806 43.1777661012336 142.650355662621 -34.8945329107321 42.3843559746208 145.100237108414 -43.279285520216 36.946244015342 145.544277460039 -44.9845759626777 34.9099092295797 147.772138730019 34.9130788486701 -15.3406637804556 22.2870512832802 37.4697573943755 -8.84353653360457 28.7308684332799 33.8708884154262 29.3459103385114 68.1548909599383 -29.3179492193383 47.9047667644239 145.322257284226 -1.261181456514e-15 7.223790440222 0 19.5180563019693 0 31.8123221637159 0 42.7227054227449 0 53.0805804028773 0 62.9823208092515 0 72.5074713105721 0 81.0801067617605 0 89.652742212949 0 98.2253776641375 0 106.798013115326 0 115.370648566515 0 123.943284017703 0 132.515919468891 0 141.08855492008 0 145.54427746004 0 150 0.0677171823733618 3.00711325246144 0.0482101156118816 3.65351015826878 0.0321094491947175 4.31745588686794 0.0194027356118872 4.98362970778064 0.010008198900933 5.63761455566133 0.00379579555511875 6.26596043064494 0.000922269964734101 6.76111170606742 0.283719277833154 4.23248654071357 0.507911271615371 5.73685365926349 0.630214574416753 6.51167877567828 0.763337317515 7.2237904402239 0.763337317515 19.5180563019668 0.763337317515 31.8123221637098 0.763337317515 42.7227054227402 0.763337317515 53.0805804028736 0.763337317515 62.9823208092483 0.763337317515 72.5074713105693 0.763337317515 81.0801067617581 0.763337317515 89.652742212947 0.763337317515 98.2253776641358 0.763337317515 106.798013115325 0.763337317515 115.370648566513 0.763337317515 123.943284017702 0.763337317515 132.515919468891 0.763337317515 141.08855492008 0.763337317515 145.54427746004 0.763337317515 150 0.157415447247352 150 0.314830894494704 150 0.472246341742056 150 0.617791829628528 150 0.1272228862525 17.7064019272153 0.3816686587575 17.7064019272153 0.6361144312625 17.7064019272153 0.6361144312625 32.4056906019691 0.1272228862525 47.104979276723 0.6361144312625 47.104979276723 0.1272228862525 61.8042679514769 0.1272228862525 76.5035566262307 0.1272228862525 83.8532009636076 0.6361144312625 76.5035566262307 0.3816686587575 83.8532009636076 0.3816686587575 76.5035566262307 0.1272228862525 91.2028453009846 0.6361144312625 83.8532009636076 0.3816686587575 91.2028453009846 0.1272228862525 98.5524896383615 0.6361144312625 91.2028453009846 0.3816686587575 98.5524896383615 0.1272228862525 105.902133975738 0.6361144312625 98.5524896383615 0.3816686587575 105.902133975738 0.1272228862525 113.251778313115 0.6361144312625 105.902133975738 0.3816686587575 113.251778313115 0.1272228862525 120.601422650492 0.6361144312625 113.251778313115 0.3816686587575 120.601422650492 0.1272228862525 127.951066987869 0.6361144312625 120.601422650492 0.3816686587575 127.951066987869 0.1272228862525 135.300711325246 0.6361144312625 127.951066987869 0.3816686587575 135.300711325246 0.6361144312625 135.300711325246 0.50889154501 25.0560462645922 0.3816686587575 32.4056906019691 0.19083432937875 37.564198012357 0.1272228862525 32.4056906019691 0.3816686587575 47.104979276723 0.19083432937875 50.0927798398002 0.3816686587575 61.8042679514769 0.57250298813625 44.9138423497316 0.57250298813625 57.4424241771752 0.6361144312625 61.8042679514769 0.19083432937875 67.1558696310245 0.57250298813625 74.5055139684 0.19083432937875 138.194633122663 0.57250298813625 138.194633122663 0.426957500249778 142.650355662623 0.389581964998087 145.100237108415 0.617791829628528 145.54427746004 0.617791829628528 147.77213873002 0.254445772505 22.2870512832807 0.31805721563125 28.7308684332807 0.477085823446875 68.1548909599384 0.194790982499043 145.322257284228 25 19 18 25 20 19 25 21 20 25 22 21 25 23 22 25 24 23 25 1 24 45 17 16 49 2 1 49 1 25 50 25 26 50 26 27 50 49 25 51 50 27 51 27 28 51 28 29 52 30 31 53 5 4 54 31 32 55 6 5 56 8 7 57 9 8 57 8 56 58 34 35 59 57 56 59 56 60 61 10 9 61 9 57 62 35 36 62 59 60 62 58 35 62 60 58 63 57 59 63 61 57 64 10 61 65 62 36 65 36 37 65 59 62 65 63 59 66 61 63 66 64 61 67 11 10 67 10 64 68 65 37 68 66 63 68 63 65 69 64 66 69 67 64 70 12 11 70 11 67 71 68 37 71 37 38 71 69 66 71 66 68 72 70 67 72 67 69 73 13 12 73 12 70 74 38 39 74 69 71 74 71 38 74 72 69 75 70 72 75 73 70 75 72 74 76 14 13 76 13 73 76 73 75 77 39 40 77 74 39 77 75 74 78 76 75 78 75 77 79 15 14 79 14 76 80 78 77 80 77 40 80 40 41 81 76 78 81 79 76 82 80 41 82 81 78 82 78 80 82 41 42 83 52 84 83 50 51 83 29 30 83 30 52 83 51 29 85 4 3 85 86 84 85 53 4 85 87 53 85 3 86 88 89 55 88 5 53 88 53 87 88 55 5 90 85 84 90 87 85 90 52 31 90 84 52 90 31 54 90 54 87 91 33 92 91 88 87 91 32 33 91 54 32 91 87 54 91 89 88 91 92 89 93 56 7 93 7 6 93 55 89 93 6 55 93 60 56 94 58 60 94 34 58 95 79 81 95 15 79 96 81 82 96 82 42 97 95 81 97 81 96 98 47 46 99 97 96 99 98 97 99 42 43 99 96 42 100 98 99 100 47 98 100 99 43 100 43 44 100 48 47 100 44 48 101 3 2 101 49 50 101 2 49 101 50 83 102 3 101 102 84 86 102 83 84 102 101 83 102 86 3 103 92 33 103 60 93 103 34 94 103 33 34 103 93 89 103 89 92 103 94 60 104 45 16 104 16 15 104 15 95 104 95 97 104 98 46 104 97 98 104 46 45 
105 160 1 0 0.564113182277715
37.385119356503 -14.59948227946 7.223790440223 40.6582973552665 -4.68873477265244 19.5180563019697 41.8871852397337 6.01719165506857 31.812322163714 40.950502769241 15.9389570488888 42.722705422744 38.0558007720771 25.3769248014384 53.080580402876 33.3284676436172 34.0087605948018 62.9823208092491 26.9540471111951 41.519830539869 72.5074713105685 19.7667584823332 47.2449299193938 81.080106761756 11.3731526095064 51.6560548757092 89.6527422129434 2.02506593031671 54.4589484089171 98.2253776641307 -7.94318086347299 55.4121259178457 106.798013115318 -18.1274205619355 54.3510572947072 115.370648566506 -28.0732185860231 51.208925670498 123.943284017695 -37.301411247129 46.0320465989745 132.515919468887 -45.3380941131829 38.9883465947591 141.088554920078 -48.8975306271591 34.6814935022977 145.54427746004 -51.96152422706 30 150 35.57292117128 -15.92854790557 3.007113252462 35.8702111830815 -15.987315754429 3.65351025635896 36.1772946358772 -15.933887930324 4.31745592029074 36.4803856618111 -15.780567557174 4.98362971630708 36.767394147362 -15.541407689536 5.63761456168346 37.0282503306797 -15.2313841803836 6.2659604342219 37.2199936733525 -14.9300947650965 6.76111170775267 35.7939820467726 -9.02321578109212 4.23248654686476 37.0622002584115 -1.74258462384101 5.73685364700317 38.156393092237 2.09967008552614 6.5116787863799 39.676204225977 6.049037142135 7.223790440223 37.5554857706092 16.2685852529066 19.5180563019665 33.2667706831013 26.154633452593 31.8123221637096 27.4946971714656 34.2787930987849 42.7227054227402 20.2688278292617 41.0049619340099 53.0805804028729 11.8589193511826 46.1166844481292 62.9823208092465 2.58297426316729 49.4342515639485 72.5074713105659 -6.50394996351977 50.7986887513768 81.0801067617533 -15.9785883568993 50.4220320864003 89.6527422129406 -25.4757156644604 48.1753657506665 98.2253776641279 -34.5850593735397 44.0167182908196 106.798013115316 -42.8743353590698 38.0056860587916 115.370648566504 -49.9165832967354 30.3116212381478 123.943284017694 -55.3199930365102 21.2142161193352 132.515919468885 -58.7581145585669 11.0958515460209 141.088554920077 -59.6872504565995 5.58628910059289 145.544277460039 -60 4.618527782441e-14 150 -51.6917350151416 23.4493029323854 150 -52.4522090187969 16.9373064517341 150 -54.2241408572313 10.6250425037987 150 -56.7247797706786 5.1019868832513 150 38.8035078280102 -2.92545927382506 17.7064019272169 37.1207375690818 4.0638761463712 17.7064019272163 37.2514266359657 11.2517441006506 17.7064019272169 33.3709642821176 22.8889136478866 32.4056906019711 36.5654623262807 21.9419286908066 47.104979276725 26.2040872210247 33.6426378680391 47.1049792767248 29.9076516046378 33.9307295979895 61.804267951478 19.3396543158639 43.94249551689 76.5035566262306 12.7331669128253 47.7361777893945 83.8532009636069 10.5171752514379 44.8552068966222 76.5035566262303 2.20849173068704 47.9592296183382 76.5035566262298 3.61764761748485 47.2723092576651 83.8532009636064 5.40872357280965 50.4790000399296 91.2028453009832 -5.32113874529432 49.1178347652239 83.853200963606 -3.77438616786468 48.5718015824187 91.2028453009826 -2.45633629414284 52.0132881580901 98.5524896383594 -13.1418859892211 49.0374812604044 91.2028453009821 -11.4639010578134 48.636123467222 98.5524896383591 -10.6452867560598 52.2141066663904 105.902133975736 -21.0315117592778 47.6349792287735 98.5524896383583 -19.2244728769008 47.3855255492757 105.902133975736 -18.9087686358836 50.9993857328712 113.251778313112 -28.7428321366786 44.871869426741 105.902133975735 -26.806430056529 44.7864355061243 113.251778313112 -26.9740663339453 48.3385178812874 120.601422650488 -36.0136659565936 40.7614369327464 113.251778313111 -33.947116915186 40.8579366337803 120.601422650489 -34.556546488816 44.2588211917682 127.951066987865 -42.5785859381306 35.3733880912851 120.601422650488 -40.3828211821917 35.6758535595494 127.951066987866 -41.3727551918558 38.8493590801182 135.300711325242 -48.1819177662727 28.8357583372212 127.951066987865 -45.8618013092632 29.3740525548281 135.300711325243 -52.5913339236873 21.3337565662591 135.300711325243 37.8691363315925 6.40664146698669 25.0560462645933 35.5064256755296 15.7244878856982 32.4056906019703 39.3764824187168 9.32825050195833 32.4056906019713 37.5085528178357 15.1529824923388 37.564198012356 30.6364339473414 27.129602078605 47.1049792767247 33.8415485970846 25.5314917407582 50.0927798397997 22.247359218738 37.2687554599178 61.8042679514781 28.3512751305587 30.3769858779299 44.9138423497311 20.4901595920457 38.5523970325355 57.4424241771746 15.6739170328071 42.4274717654136 61.8042679514775 24.4021587808011 38.3157600772061 67.1558696310235 6.12029876802407 46.3977387989857 74.5055139683981 -44.5315613925646 33.8569396358962 138.19463312266 -52.1943613686273 20.1271200843464 138.19463312266 -50.9573048244573 20.4371761054969 142.650355662621 -51.4117299412131 19.2586625416482 145.100237108414 -55.9540827258454 10.3567431315565 145.544277460039 -56.4127401769655 7.74058025524397 147.772138730019 36.7191117780179 8.75740903788041 21.3812240959047 36.605858116552 11.2844118125215 20.7601681645914 36.4274470165719 11.2827365374441 22.2870512832788 14.6600946472527 42.349748058044 68.1548909599381 -49.3424721930223 26.827770370663 145.322257284226 -4.878023178798e-16 7.223790440222 0 19.5180563019668 0 31.8123221637098 0 42.7227054227402 0 53.0805804028736 0 62.9823208092483 0 72.5074713105693 0 81.0801067617581 0 89.652742212947 0 98.2253776641358 0 106.798013115325 0 115.370648566513 0 123.943284017702 0 132.515919468891 0 141.08855492008 0 145.54427746004 0 150 0.0677171823733225 3.00711325246226 0.0482101129585666 3.65351025635856 0.0321094484739898 4.3174559202904 0.0194027354698785 4.98362971630708 0.0100081988281122 5.63761456168338 0.00379579552772781 6.26596043422151 0.000922269958120815 6.76111170775202 0.283719277832933 4.23248654071348 0.507911271615368 5.73685365926354 0.630214574416746 6.51167877567825 0.763337317515 7.22379044022218 0.763337317515 19.518056301964 0.763337317515 31.8123221637058 0.763337317515 42.7227054227367 0.763337317515 53.0805804028708 0.763337317515 62.982320809246 0.763337317515 72.5074713105671 0.763337317515 81.080106761756 0.763337317515 89.652742212945 0.763337317515 98.225377664134 0.763337317515 106.798013115323 0.763337317515 115.370648566512 0.763337317515 123.943284017701 0.763337317515 132.51591946889 0.763337317515 141.088554920079 0.763337317515 145.544277460039 0.763337317515 150 0.157415447248108 150 0.314830894496216 150 0.472246341744325 150 0.617791829629662 150 0.1272228862525 17.706401927216 0.3816686587575 17.706401927216 0.6361144312625 17.706401927216 0.6361144312625 32.4056906019698 0.1272228862525 47.1049792767236 0.6361144312625 47.1049792767236 0.1272228862525 61.8042679514773 0.1272228862525 76.5035566262311 0.1272228862525 83.853200963608 0.3816686587575 76.5035566262311 0.6361144312625 76.5035566262311 0.3816686587575 83.853200963608 0.1272228862525 91.2028453009849 0.6361144312625 83.853200963608 0.3816686587575 91.2028453009849 0.1272228862525 98.5524896383618 0.6361144312625 91.2028453009849 0.3816686587575 98.5524896383618 0.1272228862525 105.902133975739 0.6361144312625 98.5524896383618 0.3816686587575 105.902133975739 0.1272228862525 113.251778313116 0.6361144312625 105.902133975739 0.3816686587575 113.251778313116 0.1272228862525 120.601422650492 0.6361144312625 113.251778313116 0.3816686587575 120.601422650492 0.1272228862525 127.951066987869 0.6361144312625 120.601422650492 0.3816686587575 127.951066987869 0.1272228862525 135.300711325246 0.6361144312625 127.951066987869 0.3816686587575 135.300711325246 0.6361144312625 135.300711325246 0.254445772505 25.0560462645929 0.3816686587575 32.4056906019698 0.1272228862525 32.4056906019698 0.19083432937875 37.564198012355 0.3816686587575 47.1049792767236 0.19083432937875 50.0927798397986 0.3816686587575 61.8042679514773 0.57250298813625 44.9138423497301 0.57250298813625 57.442424177174 0.6361144312625 61.8042679514773 0.19083432937875 67.1558696310233 0.57250298813625 74.5055139683991 0.19083432937875 138.194633122663 0.57250298813625 138.194633122663 0.426957500250912 142.650355662623 0.389581964999347 145.100237108415 0.617791829629662 145.544277460039 0.617791829629662 147.77213873002 0.44528010188375 21.3812240959045 0.551299173760833 20.760168164591 0.50889154501 22.2870512832784 0.477085823446875 68.1548909599382 0.194790982499674 145.322257284228 25 19 18 25 20 19 25 21 20 25 22 21 25 23 22 25 24 23 25 1 24 45 17 16 49 2 1 49 1 25 50 25 26 50 26 27 50 49 25 51 50 27 51 27 28 51 28 29 52 30 31 53 5 4 54 31 32 55 6 5 56 8 7 57 9 8 57 8 56 57 56 58 59 34 35 60 57 58 61 10 9 61 9 57 62 59 35 62 60 58 62 35 36 62 58 59 63 61 57 63 60 62 63 57 60 64 10 61 64 61 63 65 36 37 65 62 36 65 63 62 66 64 63 67 11 10 67 10 64 68 65 37 68 63 65 68 66 63 69 67 64 69 64 66 70 12 11 70 11 67 71 37 38 71 66 68 71 68 37 71 69 66 72 67 69 72 70 67 72 69 71 73 13 12 73 12 70 74 38 39 74 71 38 74 72 71 75 73 70 75 70 72 76 14 13 76 13 73 77 39 40 77 74 39 77 72 74 77 75 72 78 73 75 78 76 73 79 15 14 79 14 76 80 40 41 80 77 40 80 75 77 80 78 75 81 76 78 81 79 76 82 81 78 82 41 42 82 80 41 82 78 80 83 3 2 83 84 85 83 49 50 83 85 3 83 2 49 86 4 3 86 85 84 86 53 4 86 87 53 86 3 85 88 89 55 88 5 53 88 53 87 88 55 5 90 87 86 90 86 84 90 84 52 90 52 31 90 31 54 90 54 87 91 88 87 91 32 33 91 89 88 91 54 32 91 87 54 91 33 92 91 92 89 93 7 6 93 55 89 93 58 56 93 56 7 93 6 55 94 34 59 94 59 58 95 79 81 95 15 79 96 82 42 96 81 82 97 81 96 97 95 81 98 47 46 99 96 42 99 97 96 99 98 97 99 42 43 100 98 99 100 47 98 100 43 44 100 99 43 100 48 47 100 44 48 101 83 50 102 50 51 102 101 50 102 51 29 103 84 83 103 83 101 103 52 84 103 29 30 103 30 52 103 101 102 103 102 29 104 93 89 104 34 94 104 94 58 104 33 34 104 92 33 104 89 92 104 58 93 105 45 16 105 16 15 105 15 95 105 95 97 105 97 98 105 98 46 105 46 45 
272 489 1 0 0.588789905126247
34.657520805973 9.410691946302e-15 4.958737553013 36.0441468676639 2.20706745447421e-15 27.9158590839382 40.2860592140241 2.46680967333591e-15 58.5253544585045 49.4373648560742 3.02716553146375e-15 114.445907690581 51.2659780972351 3.13913579909706e-15 132.22295384529 51.955549577344 3.181359874392e-15 150 34.3572626299309 -4.55220809946345 4.95873411146085 33.4557201189762 -9.04755713233798 4.95873076998624 31.9568837162969 -13.4127279784189 4.95873097941607 29.8768916767668 -17.5646041484667 4.9587334817725 27.2471440005784 -21.4181435315739 4.95873608692227 24.1143214344433 -24.8926305680624 4.95873743691577 20.5384209787808 -27.9162506820284 4.95873736502742 16.5897259914146 -30.4290140551805 4.95873648117699 12.345446966588 -32.3841566382095 4.95873554798174 7.88659839258443 -33.748262677572 4.95873505216015 3.29551775189191 -34.5004849842742 4.95873512438135 -1.34571965996961 -34.6313851744097 4.95873562405716 -5.95610427101539 -34.1418896826556 4.95873625737854 -10.4561504106833 -33.0425869583738 4.9587368153612 -14.7682527679321 -31.3535085642486 4.95873719978172 -18.8173047702279 -29.1041729566434 4.95873741355544 -22.5317529931175 -26.333700597308 4.95873750898507 -25.8449984359966 -23.0906847227455 4.95873754241956 -28.6969623241233 -19.4326577223531 4.95873755138953 -31.0356099045994 -15.4251330778336 4.95873755297661 -32.8182463811949 -11.1403023489368 4.95873755284723 -34.0124646795168 -6.6555257543391 4.95873755303565 -34.4959009116657 -3.34316105063547 4.95873755326771 -34.65752080597 -2.122161096071e-15 4.958737553013 -36.0441468676609 -2.20706745447421e-15 27.9158590839388 -40.286059214021 -2.46680967333592e-15 58.5253544585061 -49.4373648560711 -3.02716553146379e-15 114.445907690587 -51.2659780972313 -3.13913579909707e-15 132.222953845293 -51.95554957734 -3.181359874392e-15 150 51.1700135870802 -9.00049117447509 150 48.8366920251385 -17.7301055813401 150 45.0259493969082 -25.9237924075686 150 39.8531478437257 -33.3332527490163 150 33.4748834156477 -39.7342586717366 150 26.0841450998439 -44.9332450007117 150 17.9044793983698 -48.7730330137161 150 9.18327107148058 -51.137526967105 150 0.184295115559373 -51.9552227133524 150 -8.82025531504093 -51.2013889270707 150 -17.5580180351379 -48.898825492658 150 -25.7647165757154 -45.1171642687866 150 -33.1921486121516 -39.970744331228 150 -39.6156596637202 -33.615154934817 150 -44.8408954064228 -26.2425843055449 150 -48.7096755234376 -18.0761346057384 150 -51.1048769233066 -9.3632626010952 150 -51.7424690288867 -4.70064151772015 150 33.2323857544125 -10.630812862402 12.6111078483752 33.8674470083176 -9.21714053438502 16.4372962828551 29.7532178505544 -19.2286075669029 21.0744300273389 36.2786477139769 -9.71975926766101 40.6108397986303 31.2526364866657 -18.2078294318356 29.1322769975473 34.1544397795695 -19.7183064808516 53.3058205133224 37.8214680808319 -6.66793207701201 46.5823446852551 29.9562629217385 -20.2700434546916 29.1322783001224 28.5198413605293 -22.2456962982595 29.1322789751193 21.2263211130249 -28.3625919685353 21.0744317717555 18.5874963888534 -30.157889637406 21.0744314531759 38.499700672699 -10.3148227951031 55.9155874859135 15.8008258137594 -31.7068956160661 21.074430847494 21.7902188723781 -28.8693386920786 29.1322789751193 19.7900566985269 -30.2755018227583 29.1322789391752 19.7189126289326 -34.1540898262777 53.3058205133224 17.70058073588 -31.5426979347498 29.13227849725 15.5338204688597 -32.6642429804125 29.1322780306523 3.82796779677898 -35.2184608565269 21.0744302299549 27.8868652054628 -27.8865579830378 53.3058205133224 0.665886082390384 -35.4196261886801 21.0744304205872 -2.49607226897764 -35.3378401852438 21.0744307982529 4.14262211422201 -35.9317551474422 29.1322777827415 1.72160853718554 -36.128775377478 29.1322778188521 3.72901979071975e-13 -39.4377657471724 53.3058205133224 -0.702352146116553 -36.1629513396544 29.13227806869 45.2857000541686 -7.98387760559135 91.5413908019146 42.513905644649 -11.3903068177167 80.0891323575816 -3.11962159139296 -36.0349873271215 29.1322783853506 -14.5559573075357 -32.297328628901 21.0744315094884 10.2072460150554 -38.0939561599607 53.3058205133224 -17.373870188878 -30.8729973516614 21.0744317088865 -20.054536372818 -29.2028920188161 21.0744318119543 -14.5845094215347 -33.0990096165123 29.1322786643418 -16.7633540935439 -32.0506211118735 29.1322788565521 -19.7189126289314 -34.1540898262777 53.3058205133224 46.9154084050677 -12.5695554927091 108.04940897362 -18.8676239617218 -30.8587932520742 29.132278963439 -20.8883822700701 -29.5284242965563 29.1322790111538 48.8927896143118 -8.61980818690389 116.107257264177 48.0540966955062 -12.8746323564122 116.937932050974 7.31834037796774 -41.5043697593751 69.4215170944344 -28.9145136775927 -20.4681271859073 21.0744318690438 -10.2072460150546 -38.0939561599607 53.3058205133224 -32.7501727287563 -12.034610207676 12.6111113961015 -29.3031608916374 -21.2032336492335 29.132279027871 -33.556442013084 -10.2919801176888 16.4372983176641 -30.6563598574807 -19.194789807339 29.132279032356 -34.154439779567 -19.7183064808516 53.3058205133224 -34.1701008210034 -8.02270934325124 16.4372983184577 -7.3183403779669 -41.5043697593751 69.4215170944344 -33.644200237465 -13.1626969417937 28.726805716217 50.9928374720698 -8.96932698381554 141.111476922645 51.0901738738508 -8.98644785918319 144.07431794843 50.019724260518 -13.3695731007845 141.111476922645 -27.886865205461 -27.8865579830378 53.3058205133224 49.7053789242168 -14.8437669607849 144.07431794843 42.9572406550125 -28.1960078901784 133.884303418886 43.940565851882 -25.3334827884533 125.826455128329 41.5709976674539 -29.0587479170899 125.826455128329 47.8542044331446 -17.3947651936162 127.958621367316 39.401915499635 -32.9822443232005 133.884303418886 38.8864632386162 -32.5638089659086 125.826455128329 -36.278647713974 -9.71975926766103 40.6108397986307 29.1330234657569 -41.5189790495879 125.826455128329 34.2325521106346 -36.2363275666587 117.768606837772 -37.8214680808289 -6.667932077012 46.5823446852558 -32.2849001435326 -27.0897773658779 69.4215170944344 28.2981711769612 -42.8900092524483 133.884303418886 25.4121561959545 -43.8951135668752 125.826455128329 -38.4997006726961 -10.3148227951032 55.9155874859143 -12.3246177158676 -45.9960939771717 101.652910256659 -15.3775888978388 -42.2495620382108 85.5372136755466 -23.809366362458 -41.238949264225 101.652910256659 23.1396155374362 -45.8791627911337 133.884303418886 21.4987739371632 -45.938669950002 125.826455128329 17.6695683846999 -48.2506553192193 133.884303418886 17.4225214669554 -47.634172852165 125.826455128329 4.50022594522201 -50.5203587083305 125.826455128329 11.5469826124347 -48.4933629693138 117.768606837772 3.10228764870344 -51.2904981159316 133.884303418886 0.0899570518904607 -50.7203172831682 125.826455128329 -33.6716634873231 -33.6712925352663 101.652910256659 -28.9005170399527 -34.4420650884197 85.5372136755466 -2.85967192599949 -51.3045968906425 133.884303418886 -4.32099338102164 -50.5360039355863 125.826455128329 -8.78313379523612 -50.6280154299045 133.884303418886 -8.69920688486008 -49.9688150464951 125.826455128329 -21.3356858019209 -46.0146410280262 125.826455128329 -14.2278756558349 -47.7755859602744 117.768606837772 -45.2857000541655 -7.98387760559139 91.541390801917 -42.5139056446459 -11.3903068177167 80.0891323575823 -22.9223677885405 -45.9880902039052 133.884303418886 -25.2562917130394 -43.9849793279734 125.826455128329 -28.0950018807233 -43.0233687076891 133.884303418886 -28.9855633584493 -41.6220589876292 125.826455128329 -32.8894414482058 -39.4794126965005 133.884303418886 -32.4952495082891 -38.9437727624118 125.826455128329 -46.9154084050646 -12.5695554927092 108.049408973623 -41.4676548525249 -29.2060315450093 125.826455128329 -36.1962052222527 -34.2749731879384 117.768606837772 -48.8927896143084 -8.61980818690392 116.107257264179 -48.0540966955028 -12.8746323564122 116.937932050976 -42.8233989759715 -28.3988712060917 133.884303418886 -43.850422440449 -25.4891963264898 125.826455128329 -47.8129342152292 -17.5078856461906 127.958621367317 -49.6346172020437 -15.078689823466 144.074317948431 -50.9607025297051 -9.1501419483002 141.111476922646 -51.0471027067962 -9.22796926888769 144.074317948431 -49.9719850878091 -13.5469187042255 141.111476922646 34.4745357215718 -9.33367402301486 24.4951441214469 34.8578547307202 -9.41285284635773 28.5240680407428 35.2889963238945 -9.50437949405823 32.5529919600386 40.7247972366233 -7.17978956405227 64.8433581006665 39.8886285213602 -14.5171197855171 71.1613617428285 34.5194932231861 -22.7031434056968 64.6295664501951 31.2247642941122 -26.2002332133246 61.3636688038784 27.0901595530898 -32.2845794520999 69.4215170944344 34.6473859087559 -24.2597203814823 70.2914394186314 39.7059043174474 -18.5141268337998 78.9292359253189 36.2674535022224 -23.1041725452011 74.3203635639095 37.8530511618015 -21.8536175343815 78.3492877091875 33.5067589428113 -26.4931790048159 72.6874147407511 30.7988582208882 -30.7985189177856 77.4793653849905 41.8145673368209 -16.6106863536044 85.7225789450142 39.462440425957 -20.541882288638 82.8131730165641 35.7625720688225 -25.0405615245275 78.0593136011218 34.4424072107406 -28.9001093122704 85.5372136755466 41.2158414801831 -19.2181825308685 88.5393022387306 18.4981424000358 -36.832784167828 64.0496182340637 43.9951759036998 -16.0116620263568 96.5971505292868 41.2977239182757 -20.7394624180902 92.9105049113734 41.2393718111598 -23.8086344761743 101.652910256659 13.9409997044885 -38.3025671841303 61.3636688038784 17.8111091007308 -38.1960103625056 69.4215170944344 24.9827150478416 -35.6788786830234 77.4793653849904 19.7854678140446 -38.0074765838378 73.4504412397124 27.5977376578888 -34.9028348978173 82.8512642453612 21.7779944018093 -37.7205168982916 77.4793653849905 15.7332407866403 -39.6029175273157 72.1074665246198 11.2731036825837 -42.0717906512335 77.4793653849905 23.7816539058216 -37.3296145646294 81.5082895302685 18.4075428954455 -39.4750655451243 77.4793653849904 15.3775888978399 -42.2495620382109 85.5372136755466 25.7886629877166 -36.8298872390021 85.5372136755466 29.7781993644396 -35.4880391692671 93.5950619661028 23.8093663624595 -41.238949264225 101.652910256659 33.6716634873252 -33.6712925352663 101.652910256659 25.2103243737877 -38.330316767258 90.9091125359173 3.9044088104217e-13 -42.1446415930983 69.4215170944344 50.3253337816844 -8.86214123533979 130.090787606303 38.2929131138293 -30.257067776283 109.710758547216 2.50514226626367 -43.0116316133559 74.7934159548051 -1.86904520127859 -42.8081730856047 73.4504412397124 -3.71402716114287 -42.4515246436687 72.1074665246197 -11.2731036825828 -42.0717906512335 77.4793653849905 -13.9409997044875 -38.3025671841303 61.3636688038784 3.99587422357194e-13 -43.5559230787211 77.4793653849905 8.04450776175275 -45.6226695441947 93.5950619661028 4.26046638201559e-13 -47.6186608694437 101.652910256659 12.3246177158686 -45.9960939771717 101.652910256659 -35.4601150889132 -6.68917284159432 28.3213324000779 47.0992978082513 -21.0903465483467 137.497890170765 23.7790295360628 -43.0373721676918 112.396707977401 -26.2006028506941 -31.2244541331878 61.3636688038784 18.0426037525918 -45.3464639744801 109.710758547215 23.6959209870701 -43.8570677097778 117.768606837772 24.2755262838906 -43.8950957003526 120.454556267958 -8.04450776175185 -45.6226695441947 93.5950619661028 -18.8045946432506 -40.3265449554125 82.8512642453612 -20.4376400292359 -39.2602859907487 81.5082895302685 -21.7779944018079 -37.7205168982916 77.4793653849905 -24.1930854900022 -36.7836849958729 80.1653148151758 -30.7988582208863 -30.7985189177856 77.4793653849905 -22.4805573413898 -38.9373891568508 85.5372136755466 -0.912561170410716 -49.1612131755063 112.396707977401 -34.9905771678707 -24.5000191447275 72.6874147407513 -36.6300106935617 -21.147522310837 70.2914394186317 -39.8886285213572 -14.5171197855171 71.161361742829 -36.26745350222 -23.1041725452012 74.3203635639097 -1.38765832146699 -49.829845112225 117.768606837772 -35.4370830124158 -26.3813229904898 81.0352371393731 -0.901301305098601 -50.1524501780359 120.454556267958 -38.7295286947877 -19.4497306056251 76.2432864951339 -37.9190903155617 -21.8917437716156 78.7842488712864 -40.7247972366202 -7.17978956405228 64.8433581006675 -37.521820100537 -23.903266485466 82.8131730165644 -35.4883916815281 -29.7777792544381 93.5950619661028 -41.239371811157 -23.8086344761743 101.652910256659 -38.7861621838229 -23.9228398644472 89.0930854299293 -25.3598832076926 -42.1252177735555 112.396707977401 -26.099980136906 -42.4703437280479 117.768606837772 -25.837051685055 -42.9945038711543 120.454556267958 -43.9951759036968 -16.0116620263569 96.597150529288 -42.7720109426276 -24.1781324474787 112.119816381802 -43.4630877967079 -24.3089689879085 117.353269444374 -43.6152865347922 -24.7115610200736 120.177664672359 -47.0116105923182 -21.2850896421799 137.497890170766 -50.3148206024741 -8.92163635515024 130.090787606305 35.6800187461655 -28.7781731694408 90.6809268510076 36.2949769716576 -28.6977717996242 93.2527834387381 38.046587187958 -27.4730485944983 97.2817075840162 35.5045133544205 -30.3828043177487 96.0528257113784 42.7744450189061 -22.524190828518 106.471025925832 45.2349804248628 -18.9873204081844 111.566033190603 43.513018852509 -21.8430222344338 108.880083760418 44.0531081451288 -22.1141406890568 113.324345299095 44.082798561204 -23.2020488744413 117.491715242173 7.80740402739783 -44.2779874778037 85.5372136755466 3.98725469407834e-13 -44.9610468375855 85.5372136755466 19.1460619456547 -42.6682578306115 96.2810113962882 -20.3804019820738 -35.2998206894091 61.3636688038784 -21.0723525942009 -36.4983118946124 69.4215170944344 -14.4143212458226 -39.6030069317085 69.4215170944344 -7.80740402739696 -44.2779874778037 85.5372136755466 4.17597698388589e-13 -46.3264727932926 93.5950619661028 -27.0901595530881 -32.2845794520999 69.4215170944344 -42.7853680496019 -16.2799036534337 90.3172381159231 39.6962876070092 -30.1245855353987 117.630161039972 6.989105729527e-17 2.958737553013 0 25.9158590839388 0 56.5253544585065 0 112.445907690584 0 130.222953845292 0 148 0.131751988465073 2.95873411146142 0.264143745331335 2.95873076998616 0.397407674998926 2.95873097941534 0.531490876922187 2.95873348177184 0.666198585685421 2.95873608692197 0.801283474366987 2.9587374369158 0.936502218141791 2.95873736502761 1.0716508758875 2.95873648117713 1.20658494774512 2.95873554798172 1.34122711347309 2.95873505216018 1.47556435735999 2.95873512438147 1.60963518418288 2.95873562405718 1.7435097433948 2.95873625737837 1.8772708088012 2.95873681536088 2.01099516310389 2.9587371997814 2.14474111527277 2.95873741355512 2.27854302671557 2.95873750898471 2.41241215403637 2.9587375424192 2.54634208161 2.95873755138923 2.68031647615401 2.95873755297637 2.8143168680783 2.95873755284702 2.94832853304636 2.95873755303552 3.04496046044408 2.95873755326767 3.14159265359 2.95873755301302 3.14159265359 25.9158590839395 3.14159265359 56.525354458508 3.14159265359 112.44590769059 3.14159265359 130.222953845295 3.14159265359 148 0.174138794482493 148 0.348277588964987 148 0.52241638344748 148 0.696555177929974 148 0.870693972412467 148 1.04483276689496 148 1.21897156137745 148 1.39311035585995 148 1.56724915034244 148 1.74138794482493 148 1.91552673930743 148 2.08966553378992 148 2.26380432827241 148 2.43794312275491 148 2.6120819172374 148 2.78622071171989 148 2.96035950620239 148 3.05097607989619 148 0.309632850640371 10.6111078483753 0.265745438461093 14.4372962828553 0.573762746068647 19.0744300273393 0.261799387799167 38.6108397986314 0.52754482626026 27.132276997548 0.523598775598333 51.3058205133241 0.174532925199444 44.5823446852565 0.594898680641877 27.132278300123 0.66244112498266 27.13227897512 0.928327747901815 19.0744317717558 1.01845021507532 19.0744314531763 0.261799387799167 53.9155874859153 1.10847779160976 19.0744308474943 0.924240512781827 27.13227897512 0.991849884669229 27.1322789391759 1.04719755119667 51.3058205133241 1.05942421354209 27.1322784972506 1.12689124947089 27.1322780306529 1.46252926587603 19.0744302299553 0.7853981633975 51.3058205133241 1.55199862277929 19.0744304205876 1.64131375145756 19.0744307982532 1.45601172013404 27.1322777827421 1.5231803420775 27.1322778188528 1.570796326795 51.3058205133241 1.59021575548894 27.1322780686906 0.174532925199444 89.5413908019175 0.261799387799167 78.0891323575843 1.6571530350949 27.1322783853512 1.99422035809947 19.0744315094888 1.30899693899583 51.3058205133241 2.08337712692333 19.0744317088869 2.17255974812723 19.0744318119546 1.98583295559727 27.1322786643425 2.05269513274861 27.1322788565528 2.09439510239333 51.3058205133241 0.261799387799167 106.049408973623 2.11956810883305 27.1322789634396 2.18646906455445 27.1322790111544 0.174532925199444 114.107257264179 0.261799387799167 114.937932050977 1.39626340159556 67.4215170944368 2.52558270454601 19.0744318690442 1.83259571459417 51.3058205133241 2.78941707045134 10.6111113961017 2.51520301601402 27.1322790278717 2.8439673676 14.4372983176643 2.58216797980084 27.1322790323567 2.61799387799167 51.3058205133241 2.91095456487201 14.4372983184579 1.74532925199444 67.4215170944368 2.76864287106389 26.7268057162176 0.174138794482493 139.111476922646 0.174138794482493 142.074317948431 0.26120819172374 139.111476922646 2.3561944901925 51.3058205133241 0.290231324137489 142.074317948431 0.580856778991929 131.884303418887 0.523007579522907 123.826455128331 0.610076976764154 123.826455128331 0.348671719681938 125.958621367318 0.696949308646925 131.884303418887 0.6971463740054 123.826455128331 2.87979326579083 38.6108397986318 0.958945761804567 123.826455128331 0.813830099735822 115.768606837775 2.96705972839056 44.5823446852572 2.44346095279222 67.4215170944368 0.987574763501365 131.884303418887 1.04601515904581 123.826455128331 2.87979326579083 53.9155874859161 1.83259571459417 99.6529102566621 1.91986217719389 83.5372136755494 2.09439510239333 99.6529102566621 1.10366729315636 131.884303418887 1.13308455628706 123.826455128331 1.21975982281136 131.884303418887 1.22015395352831 123.826455128331 1.48195334132747 123.826455128331 1.33703474461721 115.768606837775 1.5103852776658 131.884303418887 1.56902273856872 123.826455128331 2.3561944901925 99.6529102566621 2.26892802759278 83.5372136755494 1.62647780732079 131.884303418887 1.65609213580997 123.826455128331 1.74257033697579 131.884303418887 1.74316153305121 123.826455128331 2.00496092085038 123.826455128331 1.86023938949859 115.768606837775 2.96705972839056 89.5413908019199 2.87979326579083 78.089132357585 2.03319579183023 131.884303418887 2.09203031809163 123.826455128331 2.14928832148522 131.884303418887 2.17909971533287 123.826455128331 2.26538085114022 131.884303418887 2.26616911257412 123.826455128331 2.87979326579083 106.049408973626 2.52796850037329 123.826455128331 2.38344403437997 115.768606837775 2.96705972839056 114.107257264182 2.87979326579083 114.937932050978 2.55600630599466 131.884303418887 2.61503789761453 123.826455128331 2.79055614960636 125.958621367319 2.8466317608491 142.074317948432 2.96390668265495 139.111476922647 2.96272429050409 142.074317948432 2.8768372854137 139.111476922647 0.264430088240451 22.4951441214474 0.26377241313013 26.5240680407434 0.263114738019809 30.5529919600394 0.174532925199444 62.8433581006687 0.349065850398889 69.1613617428309 0.581776417331482 62.6295664501973 0.698131700797778 59.3636688038804 0.872664625997222 67.4215170944368 0.610865238198056 68.2914394186338 0.436332312998611 76.9292359253215 0.567232006898194 72.320363563912 0.523598775598333 76.3492877091902 0.669042879931204 70.6874147407536 0.7853981633975 75.4793653849931 0.378154671265463 83.7225789450171 0.479965544298472 80.8131730165669 0.610865238198056 76.0593136011245 0.698131700797778 83.5372136755494 0.436332312998611 86.5393022387335 1.10537519292981 62.0496182340659 0.349065850398889 94.5971505292898 0.465421133865185 90.9105049113763 0.523598775598333 99.6529102566621 1.22173047639611 59.3636688038804 1.13446401379639 67.4215170944368 0.959931088596945 75.4793653849931 1.09083078249653 71.4504412397149 0.901753446863796 80.851264245364 1.04719755119667 75.4793653849931 1.19264165552954 70.1074665246222 1.30899693899583 75.4793653849931 1.00356431989681 79.5082895302712 1.13446401379639 75.4793653849931 1.22173047639611 83.5372136755494 0.959931088596945 83.5372136755494 0.872664625997222 91.5950619661057 1.04719755119667 99.6529102566621 0.7853981633975 99.6529102566621 0.989019909463518 88.9091125359203 1.570796326795 67.4215170944368 0.174335859840969 128.090787606305 0.668714437667078 107.710758547218 1.51261868506185 72.7934159548076 1.61442955809486 71.4504412397149 1.65806278939472 70.1074665246222 1.83259571459417 75.4793653849931 1.91986217719389 59.3636688038804 1.570796326795 75.4793653849931 1.39626340159556 91.5950619661057 1.570796326795 99.6529102566621 1.30899693899583 99.6529102566621 2.95511776232695 26.3213324000785 0.421032485357835 135.497890170767 1.06602079851656 110.396707977404 2.26892802759278 59.3636688038804 1.19211614790694 107.710758547218 1.07543242217651 115.768606837775 1.06562666779961 118.45455626796 1.74532925199444 91.5950619661057 2.00712863979361 80.851264245364 2.05076187109347 79.5082895302712 2.09439510239333 75.4793653849931 2.15257274412648 78.1653148151785 2.3561944901925 75.4793653849931 2.09439510239333 83.5372136755494 1.5893568203036 110.396707977404 2.53072741539194 70.6874147407538 2.61799387799167 68.2914394186341 2.79252680319111 69.1613617428314 2.57436064669181 72.3203635639123 1.5986370670579 115.768606837775 2.50163859452537 79.0352371393758 1.58876562422817 118.45455626796 2.67617151972481 74.2432864951365 2.61799387799167 76.7842488712891 2.96705972839056 62.8433581006697 2.57436064669181 80.8131730165672 2.44346095279222 91.5950619661057 2.61799387799167 99.6529102566621 2.58890505712509 87.0930854299322 2.11269284209063 110.396707977404 2.12184171193928 115.768606837775 2.11190458065673 118.45455626796 2.79252680319111 94.597150529291 2.62707705938749 110.119816381805 2.6316186500854 115.353269444377 2.62609173259511 118.177664672361 2.71642179570418 135.497890170767 2.96607440159818 128.090787606307 0.678739153553395 88.6809268510105 0.669042879931204 91.252783438741 0.625409648631343 95.2817075840192 0.707827974419969 94.0528257113814 0.484704200354859 104.471025925835 0.397437737755137 109.566033190606 0.465256912733122 106.880083760421 0.465256912733122 111.324345299098 0.484507134996384 115.491715242175 1.39626340159556 83.5372136755494 1.570796326795 83.5372136755494 1.14900842422968 94.2810113962912 2.09439510239333 59.3636688038804 2.09439510239333 67.4215170944368 1.91986217719389 67.4215170944368 1.74532925199444 83.5372136755494 1.570796326795 91.5950619661057 2.26892802759278 67.4215170944368 2.77798239275782 88.317238115926 0.649168617366103 115.630161039975 54 7 8 54 8 9 54 9 10 55 2 1 55 1 7 55 7 54 56 54 10 56 10 11 56 11 12 56 55 54 57 58 59 60 3 2 60 57 59 60 2 57 61 59 58 61 58 56 62 61 56 62 59 61 63 12 13 63 56 12 63 62 56 64 13 14 64 63 13 65 60 59 65 3 60 66 14 15 66 15 16 66 64 14 67 62 63 68 63 64 68 69 67 68 67 63 70 64 66 70 69 68 70 68 64 71 69 70 71 70 66 72 16 17 72 71 66 72 66 16 73 59 62 73 62 67 73 67 69 74 17 18 74 72 17 75 18 19 75 19 20 75 74 18 76 71 72 77 78 76 77 72 74 77 76 72 79 77 74 79 74 75 79 78 77 80 4 3 80 3 81 82 78 79 82 79 75 83 20 21 83 82 75 83 75 20 84 71 76 84 69 71 84 76 78 85 83 21 85 21 22 86 85 22 86 22 23 86 23 24 87 82 83 88 83 85 88 87 83 88 89 87 90 4 80 91 85 86 91 88 85 91 89 88 92 91 86 92 89 91 93 4 90 94 93 90 95 84 78 96 24 25 96 92 86 96 86 24 97 78 82 97 82 87 97 87 89 98 25 26 98 26 27 98 27 28 98 96 25 99 92 96 100 96 98 101 102 99 101 99 96 103 28 29 103 29 30 103 30 31 103 98 28 103 100 98 104 78 97 105 96 100 105 101 96 106 6 5 107 6 106 107 36 6 108 107 106 109 89 92 109 99 102 109 92 99 110 107 108 110 36 107 110 37 36 110 38 37 111 112 113 111 39 38 111 114 112 115 113 116 115 39 111 115 40 39 115 111 113 117 102 101 117 101 105 118 116 119 118 115 116 120 31 32 120 102 117 120 117 31 121 109 102 122 115 118 122 40 115 122 41 40 122 118 123 124 120 32 124 102 120 125 126 127 128 41 122 128 42 41 128 123 129 128 122 123 130 43 42 130 42 128 130 129 131 130 128 129 132 131 133 132 130 131 134 44 43 134 132 135 134 43 130 134 130 132 136 127 137 138 45 44 138 44 134 138 135 139 138 134 135 140 138 139 140 139 141 140 46 45 140 45 138 142 141 143 142 140 141 144 32 33 144 145 32 146 142 147 146 47 46 146 140 142 146 46 140 148 146 147 148 48 47 148 47 146 148 147 149 150 149 151 150 148 149 150 48 148 150 49 48 152 144 33 153 151 154 153 150 151 155 152 33 155 156 152 157 49 150 157 150 153 157 50 49 157 153 158 159 157 158 160 51 50 160 52 51 161 34 35 162 53 52 162 35 53 162 161 35 162 52 160 162 160 163 162 163 161 164 56 58 164 2 55 164 55 56 165 164 58 165 2 164 166 58 57 166 57 2 166 165 58 166 2 165 167 81 3 167 3 65 167 65 168 167 168 81 169 65 59 169 168 65 170 59 73 170 169 59 170 73 171 172 168 169 172 169 170 173 81 168 174 168 172 174 173 168 175 173 174 176 171 177 176 170 171 176 172 170 176 174 172 178 80 81 178 81 173 179 178 173 179 173 175 180 175 174 180 174 176 180 181 179 180 179 175 180 177 181 180 176 177 182 179 181 182 178 179 182 80 178 183 73 69 183 171 73 184 80 182 184 90 80 185 184 182 185 186 184 187 69 84 187 183 69 187 84 95 188 171 183 188 183 187 189 177 171 190 171 188 190 189 171 191 181 177 191 177 189 192 189 190 193 187 95 193 190 188 193 188 187 193 95 194 195 189 192 195 191 189 196 197 195 196 190 193 196 195 192 196 192 190 196 193 194 196 194 197 198 195 197 198 191 195 199 181 191 199 191 198 199 200 201 202 198 197 202 199 198 202 200 199 203 95 78 203 78 104 204 5 4 204 94 114 204 4 93 204 93 94 204 106 5 204 108 106 205 201 119 205 186 201 206 95 203 206 194 95 207 206 203 208 203 104 208 207 203 208 209 207 208 104 209 210 97 89 210 104 97 211 206 207 211 207 209 212 213 214 215 117 105 215 100 103 215 31 117 215 103 31 215 105 100 216 110 108 216 114 111 216 38 110 216 111 38 216 108 204 216 204 114 217 119 201 217 201 200 218 89 109 218 109 121 219 217 200 219 200 214 219 214 133 220 219 133 220 217 219 220 119 217 220 133 131 221 119 220 221 220 131 221 123 118 221 129 123 221 131 129 221 118 119 222 125 213 222 126 125 223 126 209 224 209 225 224 223 209 226 224 225 226 227 137 228 224 226 228 126 223 228 223 224 228 226 137 228 127 126 228 137 127 229 214 213 229 133 214 229 213 125 229 125 143 230 227 121 231 121 102 231 230 121 231 102 124 231 124 232 233 230 231 234 143 141 234 229 143 234 133 229 235 230 233 235 227 230 235 137 227 236 141 139 236 132 133 236 234 141 236 133 234 236 135 132 236 139 135 237 231 232 237 233 231 237 232 145 238 235 233 238 233 237 238 237 145 239 145 232 239 124 32 239 32 145 239 232 124 240 235 238 241 136 137 241 137 235 241 242 136 243 235 240 243 241 235 243 242 241 244 125 127 244 127 136 244 136 154 244 143 125 245 154 151 245 244 154 245 143 244 246 147 142 246 245 151 246 151 149 246 142 143 246 143 245 246 149 147 247 152 242 247 242 243 247 144 152 248 152 156 248 242 152 248 154 136 248 136 242 249 154 248 249 248 156 250 159 158 250 153 154 250 156 159 250 158 153 250 154 249 250 249 156 251 157 159 251 50 157 251 160 50 251 163 160 252 33 34 252 155 33 252 156 155 252 251 159 252 159 156 252 34 161 252 161 163 252 163 251 253 182 181 253 181 199 253 185 182 254 185 253 255 185 254 255 186 185 255 201 186 256 253 199 256 255 254 256 201 255 256 199 201 256 254 253 257 90 184 257 184 186 257 186 205 258 94 90 259 258 90 259 90 257 259 257 205 260 259 205 260 258 259 261 114 94 261 94 258 261 258 260 261 112 114 262 211 263 262 194 206 262 206 211 262 197 194 262 212 197 264 214 200 264 202 197 264 200 202 264 212 214 264 197 212 265 218 266 265 210 89 265 89 218 267 265 266 267 225 209 267 210 265 267 266 225 267 104 210 267 209 104 268 126 222 268 263 211 268 211 209 268 209 126 269 222 213 269 212 262 269 263 268 269 213 212 269 262 263 269 268 222 270 266 218 270 218 121 270 226 225 270 227 226 270 225 266 270 121 227 271 145 144 271 238 145 271 243 240 271 240 238 271 247 243 271 144 247 272 113 112 272 260 205 272 116 113 272 261 260 272 205 119 272 119 116 272 112 261 
285 515 1 0 0.588789905065763
-34.65752080597 -2.122161096071e-15 4.958737553013 -36.0441468676609 -2.20706745447421e-15 27.9158590839388 -40.286059214021 -2.46680967333592e-15 58.5253544585061 -49.4373648560711 -3.02716553146379e-15 114.445907690587 -51.2659780972313 -3.13913579909707e-15 132.222953845293 -51.95554957734 -3.181359874392e-15 150 -34.3578762810914 4.54755205125731 4.95873755323424 -33.4639595003403 9.01704292525165 4.95873755284758 -31.9912086810904 13.3306518429917 4.95873755295871 -29.965359372094 17.4132449698348 4.95873755262445 -27.4220287886718 21.193774813308 4.95873754875768 -24.4060222004992 24.6067006483458 4.95873753209317 -20.9703063682098 27.5932963900018 4.95873747831694 -17.17471053677 30.1027104349835 4.95873734275346 -13.0844928666527 32.0926744927947 4.95873706951217 -8.76894941825851 33.5298253248312 4.95873662171846 -4.30024390080015 34.3897046054792 4.95873602839324 0.247400826350601 34.656637802713 4.95873542547977 4.79814785696027 34.3237767220584 4.95873504170957 9.27485682402712 33.3934220760251 4.95873514424717 13.5995913812975 31.8778113252108 4.95873578728306 17.694523453321 29.8001301513738 4.95873675527686 21.4836411135686 27.1955304610943 4.95873749154879 24.8952113760657 24.1116570265184 4.95873725780711 27.8647350116894 20.6082592037315 4.95873559861367 30.3379997422923 16.7555881828312 4.9587329089465 32.2736977721767 12.6313910054319 4.95873070545777 33.644923587143 8.31641013513984 4.9587310827477 34.4045530865437 4.17981479490578 4.95873449395098 34.657520805973 9.410691946302e-15 4.958737553013 36.0441468676639 2.20706745447421e-15 27.9158590839382 40.2860592140241 2.46680967333591e-15 58.5253544585045 49.4373648560742 3.02716553146375e-15 114.445907690581 51.2659780972351 3.13913579909706e-15 132.22295384529 51.955549577344 3.181359874392e-15 150 -51.1700135870762 9.0004911744779 150 -48.8366920251343 17.7301055813447 150 -45.0259493969038 25.9237924075743 150 -39.8531478437208 33.3332527490224 150 -33.4748834156422 39.7342586717426 150 -26.0841450998376 44.9332450007172 150 -17.9044793983625 48.7730330137208 150 -9.18327107147224 51.1375269671085 150 -0.184295115550072 51.9552227133546 150 8.8202553150511 51.2013889270713 150 17.5580180351488 48.898825492657 150 25.7647165757266 45.1171642687838 150 33.1921486121629 39.9707443312232 150 39.6156596637311 33.6151549348103 150 44.8408954064328 26.2425843055361 150 48.7096755234462 18.0761346057273 150 51.1048769233133 9.3632626010816 150 51.7424690288914 4.7006415177134 150 -33.2592997216308 10.5463092426776 12.6111113965074 -33.8906505070732 9.13145462292377 16.4372983182817 -29.8379609221406 19.0968431855412 21.0744318572286 -36.2786477111612 9.71975926690974 40.610839777121 -31.2985894497653 18.1287245485056 29.132279011464 -34.1544397736427 19.718306477435 53.3058204703032 -37.8214680787419 6.66793207664576 46.5823446709161 -30.0392012381527 20.1469289039207 29.1322790095306 -28.6504398342119 22.0772428651935 29.1322790011984 -21.4839720078478 28.1679299601709 21.0744318269046 -18.9369480199938 29.9396949017632 21.0744317637914 -38.4997006693179 10.3148227942004 55.9155874644046 -16.2457935275982 31.48122492884 21.0744316275231 -21.9599626750029 28.7404313561067 29.1322790011984 -20.0250046687226 30.1206165779486 29.1322789743103 -19.718912625511 34.1540898203578 53.3058204703032 -18.0045720558793 31.3701727694859 29.1322789065285 -15.9071800673114 32.4840572553675 29.1322787699078 -13.7412388891267 33.4578945176364 29.1322785460109 -4.47759071983614 35.1417772519646 21.0744310401384 -1.38433072675491 35.3988270044793 21.0744306413922 -27.8868652006238 27.8865579782049 53.3058204703032 1.72372426370636 35.3839242832101 21.0744303124977 -4.61346967737088 35.8743397053842 29.132278546011 -2.2482879697488 36.0998275717565 29.1322782493484 3.71566659398471e-13 39.4377657403359 53.3058204703032 0.129098949627097 36.1695407860586 29.1322779478917 -45.2857000529808 7.98387760538434 91.5413907947471 -42.513905642828 11.3903068172321 80.0891323468275 2.50980461754084 36.0825889666444 29.1322777560066 4.88452273466761 35.8384400302024 29.1322778072752 13.7710619372076 32.6397177837569 21.0744304672778 16.5958824160423 31.2980832274722 21.0744310042878 -10.207246013284 38.0939561533573 53.3058204703032 19.2957712991664 29.7097044755393 21.0744315723765 13.9937651743832 33.3530640629634 29.1322778072752 16.1682221277869 32.3549214465949 29.1322781287932 19.7189126255122 34.1540898203578 53.3058204703032 -46.9154084035832 12.5695554923147 108.049408962868 18.2761015267955 31.2127612564384 29.1322786127902 20.3063221757665 29.9316827920264 29.1322789809263 -48.8927896134331 8.61980818675147 116.10725725701 22.2474252847908 28.5184926385927 29.1322788640554 -48.0540966942375 12.8746323560756 116.937932040221 28.3457299683106 21.2488333804183 21.0744311089081 10.2072460132849 38.0939561533573 53.3058204703032 30.1085527457414 18.6673075435645 21.0744296592878 28.8706691023282 21.7884561124386 29.1322788640554 30.2508724851348 19.8276842258379 29.1322780344585 34.1544397736451 19.718306477435 53.3058204703032 33.9882105283839 8.7613463764076 16.4372959964422 31.4944249462267 17.7863300023257 29.1322766896248 -50.9928374720658 8.96932698381835 141.111476922646 -51.0901738738469 8.98644785918601 144.074317948431 14.4143212436885 39.6030069258462 69.421517058585 -50.0197242605141 13.3695731007883 141.111476922646 27.8868652006256 27.8865579782049 53.3058204703032 -49.7053789242128 14.843766960789 144.074317948431 -42.9572406546001 28.1960078899155 133.884303411716 -47.8542044325413 17.394765193402 127.958621360147 -43.9405658509844 25.3334827879424 125.826455117574 -41.5709976666044 29.0587479165035 125.826455117574 -39.4019154992562 32.9822443228923 133.884303411716 -38.8864632378212 32.5638089652512 125.826455117574 36.2786477111641 9.71975926690975 40.6108397771207 27.090159549077 32.2845794473217 69.421517058585 -29.1330234651606 41.5189790487476 125.826455117574 -34.2325521094536 36.2363275654163 117.768606823432 37.8214680787449 6.66793207664575 46.5823446709153 -28.2981711766877 42.8900092520454 133.884303411716 -25.4121561954337 43.8951135659864 125.826455117574 38.4997006693208 10.3148227942004 55.9155874644039 -23.1396155372112 45.879162790702 133.884303411716 -21.4987739367216 45.9386699490714 125.826455117574 -17.6695683845265 48.2506553187648 133.884303411716 -17.4225214665963 47.6341728511998 125.826455117574 -4.50022594512591 50.5203587073054 125.826455117574 -11.5469826120341 48.4933629676486 117.768606823432 -3.10228764866781 51.2904981154466 133.884303411716 -0.0899570518836367 50.7203172821387 125.826455117574 2.85967192597906 51.3045968901567 133.884303411716 4.32099338093919 50.5360039345602 125.826455117574 8.78313379515997 50.6280154294245 133.884303411716 8.69920688468899 49.96881504548 125.826455117574 21.3356858014927 46.0146410270907 125.826455117574 14.2278756553496 47.7755859586324 117.768606823432 45.2857000529839 7.98387760538428 91.5413907947447 42.5139056428311 11.3903068172321 80.0891323468267 22.9223677883303 45.9880902034676 133.884303411716 25.2562917125318 43.9849793270787 125.826455117574 28.0950018804643 43.0233687072788 133.884303411716 28.9855633578662 41.622058986782 125.826455117574 32.8894414479014 39.479412696123 133.884303411716 32.4952495076349 38.9437727616185 125.826455117574 46.9154084035863 12.5695554923147 108.049408962865 41.4676548516876 29.2060315444133 125.826455117574 36.1962052210125 34.2749731867595 117.768606823432 48.8927896134365 8.61980818675142 116.107257257007 48.0540966942409 12.8746323560756 116.93793204022 42.8233989755721 28.3988712058177 133.884303411716 43.8504224395633 25.4891963259686 125.826455117574 47.8129342146349 17.5078856459698 127.958621360146 49.63461720205 15.0786898234595 144.07431794843 50.9607025297102 9.15014194829483 141.111476922645 51.0471027068019 9.22796926887956 144.07431794843 49.9719850878145 13.5469187042213 141.111476922645 -34.4902244569619 9.2755328482702 24.4951454712282 -34.8697303043981 9.36876465407494 28.5240690477014 -35.2969965819296 9.47462553315384 32.5529926241746 -40.7247972348034 7.17978956373371 64.8433580899127 -39.8886285178246 14.5171197842343 71.1613617213194 -34.5194932183927 22.7031434025495 64.6295664167358 -31.2247642890152 26.2002332090535 61.3636687644441 -27.0901595490753 32.2845794473217 69.421517058585 -34.6473859046544 24.2597203786159 70.2914393899522 -39.7059043142179 18.5141268322985 78.9292359050047 -36.2674534982417 23.1041725426704 74.3203635370227 -37.8530511579881 21.8536175321849 78.3492876840932 -33.506758938704 26.493179001574 72.6874147108768 -30.7988582168833 30.7985189137866 77.479365352726 -41.8145673343277 16.6106863526182 85.7225789294806 -39.4624404229104 20.541882287057 82.8131729968473 -35.7625720648714 25.0405615217663 78.0593135736375 -34.4424072069461 28.9001093090921 85.5372136468671 -41.2158414774108 19.2181825295803 88.5393022208071 -18.4981423971008 36.8327841619905 64.0496181958244 -43.9951759015148 16.0116620255657 96.5971505149483 -41.2977239154305 20.7394624166661 92.9105048922545 -41.2393718082802 23.8086344745169 101.652910235149 -13.9409997022127 38.3025671778846 61.3636687644441 -7.31834037688285 41.5043697532311 69.421517058585 -17.8111090980913 38.1960103568517 69.421517058585 -24.982715044593 35.6788786783901 77.479365352726 -19.7854678112864 38.0074765785456 73.4504412056555 -27.5977376546627 34.902834893743 82.8512642154867 -21.7779943989775 37.7205168933929 77.479365352726 -15.7332407843996 39.6029175216823 72.1074664899653 -11.2731036811176 42.0717906457691 77.479365352726 -23.7816539029623 37.3296145601472 81.5082894997965 -18.4075428930518 39.4750655399975 77.479365352726 -15.3775888961457 42.2495620335625 85.5372136468671 -25.7886629848756 36.8298872349506 85.5372136468671 -29.7781993617666 35.4880391660872 93.5950619410082 -23.8093663607971 41.2389492613516 101.652910235149 -33.6716634849742 33.671292532921 101.652910235149 -25.2103243713534 38.3303167635627 90.9091125096278 2.39655130329725 41.1471967832302 64.0496181958244 7.07802880829419 40.1414951552932 61.3636687644441 -50.3253337813921 8.86214123529131 130.09078760272 -38.2929131118701 30.2570677747412 109.710758529291 3.67314754566694 41.98426850134 69.421517058585 -3.79614883200078 43.3901796353962 77.479365352726 1.86904520101894 42.8081730796434 73.4504412056555 -6.44880501012929 44.0256280047981 82.8512642154867 3.99679439927273e-13 43.5559230730638 77.479365352726 6.17608031459747 42.1637518937383 72.1074664899653 11.2731036811186 42.0717906457691 77.479365352726 -1.93065301141879 44.2192239248831 81.5082894997965 34.5567445686966 9.0245491587726 24.4951439233351 3.79614883200158 43.3901796353962 77.479365352726 7.80740402653822 44.277987472932 85.5372136468671 -3.91861343709658 44.7899564748317 85.5372136468671 34.9202941735297 9.17850144746578 28.5240678867815 -8.04450776103022 45.6226695401054 93.5950619410082 4.27322167712856e-13 47.6186608661249 101.652910235149 -12.3246177150079 45.9960939739661 101.652910235149 -47.0992978080697 21.0903465482719 137.497890167181 -2.66755753295298 45.8001940488502 90.9091125096278 35.3312030823021 9.34626015842138 32.5529918502279 -23.7790295349837 43.037372165747 112.396707960671 21.0723525910809 36.49831188921 69.421517058585 -18.0426037516677 45.3464639721668 109.710758529291 19.3363181068864 38.5017271480251 74.7934159213457 -23.6959209862517 43.8570677082728 117.768606823432 23.022773039338 36.1384135506711 73.4504412056555 24.4422667097079 34.9070414085842 72.1074664899653 30.7988582168853 30.7985189137866 77.479365352726 -24.2755262831736 43.8950956990662 120.454556254813 31.2247642890172 26.2002332090535 61.3636687644441 21.7779943989788 37.7205168933929 77.479365352726 34.5194932183951 22.7031434025495 64.6295664167357 39.8886285178275 14.5171197842343 71.1613617213188 15.8445922358458 43.5326426714798 93.5950619410082 23.8093663607986 41.2389492613516 101.652910235149 12.3246177150089 45.9960939739661 101.652910235149 33.5067589387062 26.4931790015739 72.6874147108766 34.6473859046568 24.2597203786159 70.2914393899519 0.912561170372142 49.1612131732832 112.396707960671 36.2674534982442 23.1041725426704 74.3203635370224 1.38765832142294 49.829845110513 117.768606823432 35.7625720648737 25.0405615217663 78.0593135736373 34.4424072069483 28.9001093090921 85.5372136468671 0.901301305076234 50.152450176564 120.454556254813 37.8530511579907 21.8536175321849 78.3492876840929 29.7781993617684 35.4880391660872 93.5950619410082 33.6716634849763 33.671292532921 101.652910235149 40.7247972348065 7.17978956373369 64.8433580899117 39.7059043142207 18.5141268322985 78.9292359050042 39.4624404229132 20.5418822870569 82.8131729968469 25.359883206548 42.1252177716502 112.396707960671 41.8145673343306 16.6106863526181 85.7225789294795 41.2158414774135 19.2181825295803 88.5393022208059 26.0999801360127 42.4703437265878 117.768606823432 25.8370516843006 42.9945038698911 120.454556254813 43.9951759015178 16.0116620255656 96.597150514947 41.2977239154333 20.739462416666 92.9105048922537 41.239371808283 23.8086344745169 101.652910235149 42.7720109408229 24.1781324464587 112.119816366267 43.4630877953899 24.3089689871706 117.353269431826 43.6152865336224 24.7115610194083 120.177664660409 47.0116105921474 21.2850896420955 137.49789016718 50.3148206021896 8.92163635509869 130.090787602718 -35.6800187429742 28.7781731668723 90.6809268267099 -36.294976968777 28.697771797352 93.2527834166314 -38.0465871853037 27.4730485925871 97.2817075637019 -35.5045133517111 30.3828043154357 96.0528256894707 -42.7744450167454 22.5241908273854 106.471025909103 -45.2349804232236 18.9873204075011 111.56603317746 -43.5130188507007 21.8430222335311 108.880083746079 -44.0531081434485 22.1141406882185 113.324345284756 -44.0827985598008 23.2020488737084 117.491715229029 -19.1460619440651 42.668257827075 96.2810113723886 15.3775888961467 42.2495620335625 85.5372136468671 22.480557338916 38.9373891525673 85.5372136468671 4.75316730660747 46.5248247123956 96.2810113723886 28.9005170367724 34.4420650846312 85.5372136468671 23.163271347365 40.1198821230985 93.5950619410082 35.6800187429765 28.7781731668723 90.6809268267097 36.2949769687793 28.6977717973519 93.252783416631 35.5045133517133 30.3828043154357 96.0528256894705 38.0465871853062 27.4730485925871 97.2817075637016 -39.6962876056927 30.1245855344063 117.63016102623 -9.992007221626e-16 2.958737553013 0 25.9158590839395 0 56.525354458508 0 112.44590769059 0 130.222953845295 0 148 0.131616469593983 2.9587375532342 0.263231770285573 2.95873755284752 0.39484083412514 2.95873755295867 0.526432576159988 2.95873755262441 0.657990745252532 2.95873754875763 0.7894979397263 2.95873753209313 0.920942007587576 2.95873747831695 1.05232340555626 2.95873734275348 1.18366163008388 2.95873706951211 1.31499865509873 2.95873662171832 1.4463975135573 2.95873602839319 1.57793484161148 2.95873542547976 1.70968706307442 2.95873504170954 1.8417127412075 2.95873514424688 1.97403488028383 2.95873578728282 2.10662385909751 2.95873675527688 2.23938844931437 2.95873749154896 2.37217579138013 2.9587372578072 2.50478122195863 2.9587355986135 2.63696968253151 2.95873290894601 2.76851178513638 2.95873070545728 2.89924054734582 2.95873108274787 3.02067299546707 2.95873449395157 3.14159265359 2.95873755301302 3.14159265359 25.9158590839388 3.14159265359 56.5253544585065 3.14159265359 112.445907690584 3.14159265359 130.222953845292 3.14159265359 148 0.174138794482511 148 0.348277588965023 148 0.522416383447534 148 0.696555177930046 148 0.870693972412557 148 1.04483276689507 148 1.21897156137758 148 1.39311035586009 148 1.5672491503426 148 1.74138794482511 148 1.91552673930763 148 2.08966553379014 148 2.26380432827265 148 2.43794312275516 148 2.61208191723767 148 2.78622071172018 148 2.96035950620269 148 3.05097607989635 148 0.307091136761709 10.6111113965075 0.263216288079994 14.4372983182819 0.569340699003618 19.074431857229 0.261799387799167 38.6108397771222 0.52501567587916 27.1322790114646 0.523598775598333 51.3058204703049 0.174532925199444 44.5823446709175 0.590794760425432 27.1322790095312 0.656548357662317 27.132279001199 0.919212499503514 19.074431826905 1.0068209881135 19.0744317637918 0.261799387799167 53.9155874644064 1.09439419561227 19.0744316275235 0.918347745461483 27.132279001199 0.984069779392121 27.1322789743109 1.04719755119667 51.3058204703049 1.04976047837646 27.1322789065292 1.11542959064028 27.1322787699085 1.1810981031477 27.1322785460116 1.44406416515034 19.0744310401388 1.53170956065459 19.0744306413926 0.7853981633975 51.3058204703049 1.61947274382697 19.0744303124981 1.44289749094687 27.1322785460116 1.50859692017615 27.132278249349 1.570796326795 51.3058204703049 1.57436558420324 27.1322779478923 0.174532925199444 89.5413907947501 0.261799387799167 78.0891323468302 1.64024169493471 27.1322777560072 1.70625453400125 27.1322778072759 1.97004757462822 19.0744304672782 2.05835128059156 19.0744310042882 1.30899693899583 51.3058204703049 2.1468024702684 19.0744315723769 1.96805392180042 27.1322778072759 2.03421499133858 27.1322781287938 2.09439510239333 51.3058204703049 0.261799387799167 106.049408962871 2.10050948074542 27.1322786127909 2.16689177585385 27.1322789809269 0.174532925199444 114.107257257012 2.23328544688673 27.132278864056 0.261799387799167 114.937932040224 2.49831696377681 19.0744311089085 1.83259571459417 51.3058204703049 2.5865815941606 19.0744296592881 2.4950848346859 27.132278864056 2.56138754997515 27.1322780344592 2.61799387799167 51.3058204703049 2.88928116806075 14.4372959964424 2.62748178026159 27.1322766896254 0.174138794482511 139.111476922647 0.174138794482511 142.074317948432 1.91986217719389 67.4215170585874 0.261208191723767 139.111476922647 2.3561944901925 51.3058204703049 0.290231324137519 142.074317948432 0.580856778991971 131.884303411717 0.348671719681956 125.958621360149 0.523007579522934 123.826455117576 0.610076976764189 123.826455117576 0.696949308646979 131.884303411717 0.697146374005445 123.826455117576 2.87979326579083 38.6108397771218 2.26892802759278 67.4215170585874 0.958945761804612 123.826455117576 0.813830099735852 115.768606823435 2.96705972839056 44.5823446709167 0.987574763501431 131.884303411717 1.04601515904587 123.826455117576 2.87979326579083 53.9155874644057 1.10366729315644 131.884303411717 1.13308455628712 123.826455117576 1.21975982281145 131.884303411717 1.22015395352838 123.826455117576 1.48195334132755 123.826455117576 1.33703474461725 115.768606823435 1.5103852776659 131.884303411717 1.5690227385688 123.826455117576 1.62647780732091 131.884303411717 1.65609213581006 123.826455117576 1.74257033697591 131.884303411717 1.74316153305131 123.826455117576 2.00496092085048 123.826455117576 1.86023938949865 115.768606823435 2.96705972839056 89.5413907947477 2.87979326579083 78.0891323468294 2.03319579183037 131.884303411717 2.09203031809174 123.826455117576 2.14928832148537 131.884303411717 2.17909971533299 123.826455117576 2.26538085114038 131.884303411717 2.26616911257425 123.826455117576 2.87979326579083 106.049408962868 2.52796850037341 123.826455117576 2.38344403438005 115.768606823435 2.96705972839056 114.10725725701 2.87979326579083 114.937932040222 2.55600630599483 131.884303411717 2.61503789761467 123.826455117576 2.79055614960645 125.958621360148 2.84663176084928 142.074317948431 2.96390668265509 139.111476922646 2.96272429050429 142.074317948431 2.87683728541383 139.111476922646 0.262743987986385 22.4951454712287 0.26250783793958 26.524069047702 0.262271687892776 30.5529926241754 0.174532925199444 62.8433580899149 0.349065850398889 69.1613617213218 0.581776417331481 62.629566416738 0.698131700797778 59.3636687644461 0.872664625997222 67.4215170585874 0.610865238198055 68.2914393899546 0.436332312998611 76.9292359050073 0.567232006898194 72.3203635370252 0.523598775598333 76.3492876840959 0.669042879931204 70.6874147108793 0.7853981633975 75.4793653527286 0.378154671265463 83.7225789294834 0.479965544298472 80.8131729968501 0.610865238198056 76.0593135736401 0.698131700797778 83.5372136468699 0.436332312998611 86.53930222081 1.10537519292981 62.0496181958265 0.349065850398889 94.5971505149512 0.465421133865185 90.9105048922575 0.523598775598333 99.6529102351524 1.22173047639611 59.3636687644461 1.39626340159556 67.4215170585874 1.13446401379639 67.4215170585874 0.959931088596944 75.4793653527286 1.09083078249653 71.450441205658 0.901753446863796 80.8512642154895 1.04719755119667 75.4793653527286 1.19264165552954 70.1074664899678 1.30899693899583 75.4793653527286 1.00356431989681 79.5082894997993 1.13446401379639 75.4793653527286 1.22173047639611 83.5372136468699 0.959931088596945 83.5372136468699 0.872664625997222 91.5950619410112 1.04719755119667 99.6529102351524 0.7853981633975 99.6529102351524 0.989019909463518 88.9091125096308 1.62897396852815 62.0496181958265 1.74532925199444 59.3636687644461 0.174335859840978 128.090787602722 0.668714437667093 107.710758529294 1.65806278939472 67.4215170585874 1.48352986419528 75.4793653527286 1.61442955809486 71.450441205658 1.42535222246213 80.8512642154895 1.570796326795 75.4793653527286 1.71624043112787 70.1074664899678 1.83259571459417 75.4793653527286 1.52716309549514 79.5082894997993 2.88611853397078 22.4951439233355 1.65806278939472 75.4793653527286 1.74532925199444 83.5372136468699 1.48352986419528 83.5372136468699 2.88453721692579 26.5240678867821 1.39626340159556 91.5950619410112 1.570796326795 99.6529102351524 1.30899693899583 99.6529102351524 0.421032485357869 135.497890167182 1.51261868506185 88.9091125096308 2.88295589988081 30.5529918502287 1.06602079851659 110.396707960674 2.09439510239333 67.4215170585874 1.19211614790696 107.710758529294 2.03621746066018 72.7934159213482 1.07543242217655 115.768606823435 2.13802833369319 71.450441205658 2.18166156499306 70.1074664899678 2.3561944901925 75.4793653527286 1.06562666779966 118.454556254815 2.44346095279222 59.3636687644461 2.09439510239333 75.4793653527286 2.55981623625852 62.6295664167378 2.79252680319111 69.1613617213213 1.91986217719389 91.5950619410112 2.09439510239333 99.6529102351524 1.83259571459417 99.6529102351524 2.4725497736588 70.6874147108791 2.53072741539194 68.2914393899543 1.58935682030364 110.396707960674 2.57436064669181 72.3203635370249 1.59863706705795 115.768606823435 2.53072741539194 76.0593135736399 2.44346095279222 83.5372136468699 1.58876562422824 118.454556254815 2.61799387799167 76.3492876840956 2.26892802759278 91.5950619410112 2.3561944901925 99.6529102351524 2.96705972839056 62.8433580899139 2.70526034059139 76.9292359050069 2.66162710929153 80.8131729968497 2.11269284209068 110.396707960674 2.76343798232454 83.7225789294823 2.70526034059139 86.5393022208088 2.12184171193935 115.768606823435 2.11190458065681 118.454556254815 2.79252680319111 94.59715051495 2.67617151972481 90.9105048922567 2.61799387799167 99.6529102351524 2.62707705938752 110.11981636627 2.63161865008544 115.353269431829 2.62609173259519 118.177664660411 2.71642179570433 135.497890167182 2.96607440159822 128.09078760272 0.678739153553395 88.6809268267128 0.669042879931204 91.2527834166343 0.625409648631343 95.2817075637049 0.707827974419969 94.0528256894737 0.484704200354864 104.471025909106 0.397437737755142 109.566033177463 0.46525691273313 106.880083746082 0.46525691273313 111.324345284759 0.484507134996398 115.491715229031 1.14900842422968 94.2810113723916 1.91986217719389 83.5372136468699 2.09439510239333 83.5372136468699 1.67260719982801 94.2810113723916 2.26892802759278 83.5372136468699 2.09439510239333 91.5950619410112 2.4628535000366 88.6809268267126 2.4725497736588 91.2527834166339 2.43376467917003 94.0528256894734 2.51618300495866 95.2817075637045 0.649168617366125 115.630161026233 54 7 8 54 8 9 54 9 10 55 2 1 55 1 7 55 7 54 56 55 54 56 10 11 56 11 12 56 54 10 57 58 59 60 3 2 60 57 59 60 2 57 61 58 56 61 59 58 62 59 61 62 61 56 63 62 56 63 56 12 63 12 13 64 13 14 64 63 13 65 60 59 65 3 60 66 14 15 66 15 16 66 64 14 67 62 63 68 63 64 68 67 63 68 69 67 70 64 66 70 69 68 70 68 64 71 69 70 71 70 66 72 69 71 72 71 66 73 16 17 73 66 16 73 72 66 74 17 18 74 73 17 75 59 62 75 62 67 75 67 69 76 18 19 76 19 20 76 74 18 77 72 73 78 79 77 78 73 74 78 77 73 80 79 78 80 78 74 80 74 76 81 3 82 81 4 3 83 79 80 83 80 76 84 79 83 84 83 76 85 84 76 85 20 21 85 76 20 86 21 22 86 85 21 87 77 79 87 69 72 87 72 77 88 22 23 88 23 24 88 86 22 89 84 85 90 85 86 90 89 85 90 91 89 92 4 81 93 86 88 93 91 90 93 90 86 94 91 93 94 93 88 95 4 92 96 94 88 96 91 94 97 95 92 98 24 25 98 96 88 98 88 24 99 79 84 99 84 89 99 89 91 100 98 25 100 25 26 101 96 98 102 98 100 102 103 101 102 101 98 104 26 27 104 27 28 104 28 29 104 29 30 104 30 31 104 100 26 105 102 100 105 103 102 106 6 5 107 36 6 107 6 106 108 99 91 109 107 106 110 91 96 110 101 103 110 96 101 111 107 109 111 36 107 111 37 36 111 38 37 112 39 38 112 113 114 112 114 115 116 115 117 116 39 112 116 40 39 116 112 115 118 103 105 119 91 110 120 117 121 120 116 117 122 31 32 122 103 118 122 118 31 123 116 120 123 41 40 123 40 116 123 120 124 125 122 32 125 103 122 126 42 41 126 124 127 126 41 123 126 123 124 128 43 42 128 42 126 128 127 129 128 126 127 130 129 131 130 128 129 132 128 130 132 44 43 132 130 133 132 43 128 134 132 133 134 44 132 134 45 44 134 133 135 136 45 134 136 134 135 136 46 45 136 135 137 138 136 137 138 137 139 140 32 33 140 141 32 142 46 136 142 138 143 142 47 46 142 136 138 144 47 142 144 48 47 144 143 145 144 142 143 146 48 144 146 144 145 146 49 48 146 145 147 148 140 33 149 147 150 149 146 147 151 152 148 151 148 33 153 146 149 153 49 146 153 50 49 153 149 154 155 153 154 156 51 50 156 52 51 157 34 35 158 53 52 158 35 53 158 159 157 158 157 35 158 52 156 158 156 159 160 56 58 160 55 56 160 2 55 161 160 58 161 2 160 162 58 57 162 57 2 162 161 58 162 2 161 163 82 3 163 164 82 163 65 164 163 3 65 165 164 65 165 65 59 166 75 167 166 59 75 166 165 59 168 164 165 168 165 166 169 82 164 170 164 168 170 169 164 171 169 170 172 170 168 172 167 173 172 166 167 172 168 166 174 81 82 174 82 169 175 169 171 175 174 169 176 171 170 176 172 173 176 175 171 176 177 175 176 173 177 176 170 172 178 81 174 178 174 175 178 175 177 179 167 75 179 75 69 180 81 178 180 92 81 181 180 178 181 182 180 183 179 69 183 69 87 183 87 184 185 179 183 185 167 179 186 173 167 187 167 185 187 186 167 188 173 186 188 177 173 189 186 187 190 185 183 190 183 184 190 187 185 190 184 191 192 186 189 192 188 186 193 189 187 193 187 190 193 190 191 193 192 189 193 194 192 193 191 194 195 188 192 195 192 194 196 177 188 196 188 195 196 197 198 199 195 194 199 196 195 199 197 196 200 87 79 200 184 87 201 99 108 201 200 79 201 79 99 202 109 106 202 5 4 202 4 95 202 97 113 202 95 97 202 106 5 203 198 121 203 182 198 204 184 200 204 200 201 205 191 184 206 184 204 206 205 184 207 191 205 207 194 191 208 205 206 209 108 210 209 206 204 209 201 108 209 204 201 211 207 205 211 205 208 212 104 31 212 100 104 212 105 100 213 211 208 213 209 210 213 206 209 213 210 214 213 208 206 213 214 211 215 211 214 215 207 211 216 212 31 216 105 212 217 207 215 217 218 219 217 194 207 220 111 109 220 109 202 220 113 112 220 38 111 220 112 38 220 202 113 221 217 215 221 218 217 221 215 214 222 216 31 222 105 216 222 118 105 222 31 118 223 121 198 223 198 197 224 108 91 224 91 119 225 219 131 225 223 197 225 197 219 226 210 108 226 108 224 227 121 223 227 225 131 227 223 225 227 131 129 228 226 224 229 224 119 229 228 224 229 230 228 229 119 230 231 120 121 231 227 129 231 124 120 231 127 124 231 129 127 231 121 227 232 110 103 232 119 110 233 228 230 233 226 228 234 232 103 234 103 125 234 125 235 236 237 238 239 230 119 239 119 232 240 234 235 240 239 232 240 232 234 241 131 219 241 219 218 241 238 139 241 218 238 242 240 235 242 239 240 243 131 241 243 241 139 243 139 137 244 245 230 244 239 242 244 230 239 246 243 137 246 133 130 246 131 243 246 135 133 246 130 131 246 137 135 247 244 242 248 249 237 250 141 235 250 125 32 250 32 141 250 235 125 251 235 141 251 242 235 251 247 242 252 245 244 252 244 247 252 247 251 253 237 249 253 249 150 253 238 237 253 139 238 254 251 141 254 141 140 254 252 251 255 252 254 255 254 140 255 245 252 256 139 253 256 150 147 256 253 150 257 139 256 257 256 147 257 143 138 257 138 139 257 147 145 257 145 143 258 255 140 258 259 255 258 260 259 258 140 148 258 148 260 261 150 249 261 260 148 261 148 152 261 249 260 262 261 152 262 150 261 263 262 152 263 150 262 263 149 150 263 154 149 263 155 154 263 152 155 264 153 155 264 156 50 264 50 153 264 159 156 265 33 34 265 151 33 265 159 264 265 152 151 265 155 152 265 157 159 265 34 157 265 264 155 266 178 177 266 181 178 266 177 196 267 181 266 268 182 181 268 181 267 268 198 182 269 266 196 269 267 266 269 268 267 269 198 268 269 196 198 270 180 182 270 92 180 270 182 203 271 97 92 272 270 203 272 92 270 272 271 92 273 272 203 273 271 272 274 114 113 274 97 271 274 113 97 274 271 273 275 217 219 275 194 217 275 219 197 275 199 194 275 197 199 276 226 233 276 233 277 276 210 226 276 214 210 276 236 214 278 218 221 278 221 214 278 236 238 278 214 236 278 238 218 279 277 233 279 233 230 279 230 245 280 276 277 280 277 279 280 248 237 280 237 236 280 236 276 280 279 248 281 255 259 281 245 255 281 279 245 281 248 279 282 281 259 283 249 248 283 248 281 283 281 282 284 259 260 284 282 259 284 249 283 284 283 282 284 260 249 285 121 117 285 117 115 285 203 121 285 114 274 285 274 273 285 273 203 285 115 114 
51 70 1 0 0.301428691244028
-22.84277946836 31.580987717267 3.007113252462 -23.0708562070973 31.7805271503926 3.65351015826906 -23.36351221373 31.8877990435467 4.3174558868682 -23.7026569398013 31.9065652218611 4.98362970778164 -24.0707935142658 31.8429509443506 5.63761455566214 -24.4517133516246 31.7048908013641 6.2659604306457 -24.7684126661653 31.5398381848145 6.76111170606837 -25.07672194651 31.336082214368 7.223790440223 -3.991933454013 38.771327373938 3.007113252462 -10.0826569331289 35.5101056456567 4.23248654686482 -17.02197757671 32.9680992558511 5.73685364700305 -20.8965641797493 31.9945706918988 6.51167878637996 -3.339845667758 33.703992716759 7.105427357601e-15 -3.46422095408946 34.7067193055214 0.0847155627867577 -3.5797306173339 35.6215246135053 0.315923042170972 -3.68184448120127 36.4177164801508 0.653152292529264 -3.7776098445978 37.1543538749413 1.10559809094815 -3.86281746612757 37.8021428021652 1.65734559688541 -3.9340516663675 38.3385905530661 2.28570937614941 -3.96537415083486 38.5731001387824 2.64139952461994 -8.29281975338426 30.9880213281332 4.95522952555373e-15 -13.7688774219831 28.8962678522608 6.50136623907849e-15 -19.74438755137 27.518591067801 5.995204332976e-15 -20.3534630028987 28.3247901229937 0.0847155626683647 -20.910899959721 29.0592799277101 0.31592304198009 -21.3974290933134 29.6977453786876 0.653152292310233 -21.8486830282952 30.2878093943632 1.10559809073611 -22.2463694568256 30.8062072509644 1.65734559671822 -22.5762839593625 31.2351675310064 2.28570937605423 -22.7206648195031 31.4225975474656 2.64139952457038 -7.00160876034823 36.4108835004528 2.40520926832814 -7.02519531997253 36.1283427511205 2.05202459729785 -10.6904991645998 33.4985357663935 1.27033801245311 -13.9005689818081 33.6427334454906 3.21146569543398 -12.1225335778611 31.3045096565591 0.33322186463657 -9.53670113927962 32.2487605557691 0.294198509540708 -17.2929294057362 32.7955779564935 3.75335457515889 -19.1965968377555 32.4332887215787 4.06044950247859 -15.7669414577616 30.288202492162 0.391172494019662 -21.7316437327993 32.0958813625535 4.70463422562074 -21.6449701587714 32.0924112094264 4.51110321279964 -21.4529159906646 32.0680320767118 4.13319924318624 -18.8962022580051 30.1347805337963 0.676098651574196 -18.5997174242107 29.7337103737727 0.437479023312561 -17.5945856323217 31.7106739373439 1.77888491078912 -5.33932209271418 35.4792670166233 0.726162321924599 -7.63587604288179 33.8279701635874 0.556585640108797 -13.0753583761534 32.7377794601253 1.43745327333167 -14.7984509023891 32.2846388403192 1.56440350583714 -19.0269802849701 31.6501092500755 2.10691766648473 -21.6044456987235 31.4574497302346 2.47134577947687 10.801379494951 23.402878486584 9.16980118952261 23.6377821863431 7.56032398472143 23.913743613605 5.96247884739857 24.2131607285781 4.36334835910994 24.5192721758 2.74984575479865 24.8172856612647 1.38615971317437 25.050653776451 0 25.264751901936 0 4.110950065678 0 11.1622173444309 0 18.2134846231835 0 21.7391182625597 26.174596211355 5.73217467042027 22.0251878321959 5.44825020805109 18.2200106809942 5.17493964998117 14.7335766503778 4.92500385142606 11.1874069674406 4.68294235205939 7.58371161652506 4.46082794336619 3.92819727093683 4.26988363096095 1.96943427132075 4.18431326109311 26.174596211355 10.5998293047079 26.174596211355 15.4674839389955 26.174596211333 20.335138571609 23.266262804722 20.8873794152951 20.7746078845044 21.4137589398961 18.6364457959035 21.8901146578262 16.5930010224828 22.3464621723628 14.6345372906334 22.7605215316663 12.7468491937936 23.1126431690384 11.7678008690839 23.2692375636664 5.59370348372031 7.92257984824515 7.36678832518888 8.04361059792848 13.0872981056775 12.177453796259 6.54364905283875 15.1954692097212 19.6309471585162 13.8224688676273 19.6309471585162 11.3886415504834 6.54364905283875 18.4672937361405 6.54364905283875 20.2301105558286 19.6309471585162 17.0942933940465 5.88390043454194 22.5041779131131 6.37342459689682 22.4258807157991 7.31726864531668 22.249819897113 18.1767804551997 19.8042411321963 19.6309471585053 19.5281207103532 13.0872981056775 18.7211028490975 14.6959880786924 6.74593040298979 16.7706922682719 9.32171995131819 13.0872981056775 14.5089690386742 13.0872981056775 16.1448813018839 12.3602147540192 20.0171758440125 11.9551348338997 22.2981410347379 7 8 12 6 7 12 5 6 12 31 10 9 31 18 17 31 19 18 31 20 19 31 9 20 32 33 10 32 31 17 32 10 31 34 11 10 34 10 33 35 21 22 35 36 21 35 33 36 37 11 34 38 12 11 38 11 37 39 22 23 39 35 22 40 2 3 40 3 4 40 4 5 40 5 12 41 40 12 41 2 40 42 1 2 42 41 12 42 2 41 42 12 38 43 24 25 43 25 26 44 23 24 44 39 23 44 45 39 44 24 43 44 43 45 46 14 13 46 15 14 46 16 15 46 17 16 46 32 17 47 32 46 47 13 21 47 21 36 47 36 33 47 33 32 47 46 13 48 33 35 48 34 33 49 48 35 49 34 48 49 37 34 49 45 37 49 35 39 49 39 45 50 26 27 50 38 37 50 43 26 50 37 45 50 45 43 51 27 28 51 28 29 51 29 30 51 30 1 51 50 27 51 1 42 51 38 50 51 42 38 
50 69 1 0 0.301428691243669
38.771327373938 3.991933454013 3.007113252462 39.0581718772961 4.08968393880002 3.65350994893542 39.2974001481477 4.28949557555491 4.31745588309051 39.4832245161685 4.57382046990603 4.983629777591 39.6122012140658 4.92444322938299 5.63761460496822 39.6830975360188 5.32335954786777 6.26596045992912 39.6985074322722 5.68015549838237 6.76111171985978 39.676204225977 6.049037142135 7.223790440223 35.57292117128 -15.92854790557 3.007113252462 35.7939820467726 -9.02321578109212 4.23248654686476 37.0622002584115 -1.74258462384101 5.73685364700317 38.156393092237 2.09967008552614 6.5116787863799 30.858436735558 -13.95960516538 1.998401444325e-15 31.6582737644959 -14.2981036352271 0.0624926098758451 32.5778889605888 -14.6849970231557 0.294053701545471 33.4342533118902 -15.0430820415173 0.683782200393047 34.1484725835044 -15.3401420390191 1.17165707599778 34.7636637799942 -15.5948993319098 1.76154798365193 35.2218812551723 -15.7840146126984 2.36547327160778 30.9828235598704 -8.31221808862801 -1.76005398884006e-16 31.9093407456131 -2.52393629708988 3.41843206009417e-15 33.703992716759 3.339845667758 5.218048215738e-15 34.7067193056749 3.46422095410719 0.0847155627890941 35.6215246139854 3.57973061739894 0.315923042398826 36.4177164801855 3.68184448120823 0.653152292601186 37.154353874813 3.77760984458099 1.10559809085494 37.8021428020914 3.8628174661178 1.65734559681165 38.3385905530372 3.93405166636363 2.28570937610927 38.5731001387703 3.96537415083298 2.64139952459961 35.0614299506927 -12.1616106791785 2.45212444157967 34.8194712057564 -11.9929921137497 2.07830167964241 34.3558325455807 -7.49102402751499 1.2703380124527 36.0857463074502 -4.78312085743629 3.21146569543345 33.1717674045294 -5.15383279161606 0.333221864636527 32.6965964514986 -7.86535482296653 0.294198509540662 37.0482683449866 -1.42167280702486 3.75335457515858 37.6863503800414 0.408096166916409 4.06044950247867 34.1138235220641 -1.48952940367089 0.391172494019616 38.6616704832269 2.77221485732723 4.70463422563617 38.6153284554548 2.69888841695238 4.51110321283052 38.4981884231618 2.54475419484016 4.13319924324702 35.5455866091582 1.29720092362891 0.6760986518028 35.050007244139 1.24097260459267 0.437479023291891 36.2595420170276 -0.617978842018025 1.77888491078892 33.3494535634492 -13.0933963724188 0.69857148814182 33.1287404172703 -10.3095762304332 0.56461500350842 34.8894278640407 -5.04529721272261 1.43745327333143 35.3585428389202 -3.32648500202795 1.56440350583681 36.9232887857637 0.652793659100646 2.10691766668343 38.0451734540994 2.98127394469144 2.47134577958923 10.801379494949 23.402878486581 9.1698017051163 23.6377821043963 7.5603239937252 23.9137436119355 5.96247867917333 24.2131607607622 4.36334823615558 24.5192721991206 2.74984567697419 24.817285675138 1.38615967367493 25.0506537828987 0 25.264751901933 0 4.110950065678 0 11.1622173444308 0 18.2134846231819 0 21.7391182625574 26.174596211351 5.73217467041908 22.6042584060656 5.48907403026835 18.4982591441994 5.19506317316668 14.4649529437618 4.90609498287214 10.7254098841791 4.65289877115694 6.95321040256714 4.42519179576241 3.48393835508444 4.24940089178057 26.174596211351 10.5998293047079 26.174596211351 15.4674839389967 26.174596211351 20.335138569638 23.2662628022302 20.8873794157592 20.7746078818205 21.4137589405452 18.6364457946598 21.8901146581322 16.5930010220108 22.3464621724637 14.6345372903296 22.7605215317246 12.7468491936369 23.1126431690618 11.767800869004 23.2692375636751 5.36270494208955 7.90755805779387 7.23247647188092 8.03415616365147 13.0872981056755 12.177453796257 6.54364905283775 15.1954692097195 19.6309471585132 13.8224688676269 19.6309471585132 11.3886415504825 6.54364905283775 18.4672937361385 6.54364905283775 20.2301105558262 19.6309471585132 17.0942933940459 5.88390043450199 22.5041779131163 6.37342459681844 22.4258807158096 7.31726864516479 22.249819897141 18.1767804539528 19.8042411324271 19.6309471585132 19.5281207093665 13.0872981056755 18.721102849095 14.9183674389732 6.76161509695991 16.703536341616 9.31699273417969 13.0872981056755 14.5089690386732 13.0872981056755 16.1448813018827 12.3602147533953 20.0171758441267 11.9551348335878 22.2981410348024 7 8 12 6 7 12 5 6 12 30 10 9 30 18 17 30 19 18 30 9 19 31 32 10 31 30 17 31 10 30 33 11 10 33 10 32 34 20 21 34 32 35 34 35 20 36 11 33 37 12 11 37 11 36 38 21 22 38 34 21 39 2 3 39 3 4 39 4 5 39 5 12 40 2 39 40 39 12 41 1 2 41 2 40 41 12 37 41 40 12 42 23 24 42 24 25 43 22 23 43 38 22 43 23 42 43 44 38 43 42 44 45 14 13 45 15 14 45 16 15 45 17 16 45 31 17 46 31 45 46 13 20 46 35 32 46 45 13 46 20 35 46 32 31 47 33 32 47 32 34 48 47 34 48 33 47 48 44 36 48 36 33 48 38 44 48 34 38 49 25 26 49 36 44 49 37 36 49 42 25 49 44 42 50 37 49 50 26 27 50 27 28 50 28 29 50 29 1 50 49 26 50 1 41 50 41 37 
51 70 1 0 0.301428691243232
-35.57292117128 15.928547905577 3.007113252462 -35.8702111830754 15.9873157544348 3.65351025635896 -36.1772946358694 15.9338879303277 4.31745592029074 -36.4803856618072 15.7805675571771 4.98362971630708 -36.7673941473602 15.5414076895393 5.63761456168376 -37.0282503306774 15.231384180387 6.26596043422181 -37.2199936733501 14.9300947650999 6.76111170775238 -37.3851193565 14.599482279464 7.223790440223 -22.84277946836 31.580987717267 3.007113252462 -26.4868898645582 25.7113251136427 4.23248654686458 -31.2255146320065 20.0402226816965 5.73685364700318 -34.0942407774209 17.2598289124854 6.51167878638021 -19.74438755137 27.518591067801 5.995204332976e-15 -20.3534630028987 28.3247901229937 0.0847155626683647 -20.910899959721 29.0592799277101 0.31592304198009 -21.3974290933134 29.6977453786876 0.653152292310233 -21.8486830282952 30.2878093943632 1.10559809073611 -22.2463694568256 30.8062072509644 1.65734559671822 -22.5762839593625 31.2351675310064 2.28570937605423 -22.7206648195031 31.4225975474656 2.64139952457038 -22.6758032394988 22.6900038064863 1.24878392601671e-15 -26.3723315551634 18.1404633236236 4.28409748147138e-15 -30.85843673555 13.959605165382 5.107025913276e-15 -31.7890110795398 14.3532563030067 0.0847155630331839 -32.639010549258 14.7106246549724 0.315923044199789 -33.3795898647021 15.0202873883798 0.653152296347811 -34.065419243419 15.3056708481959 1.10559809569852 -34.6690247195518 15.5557733462081 1.65734560017218 -35.1692191985079 15.7623065941059 2.28570937783002 -35.3879716992783 15.8524353196426 2.64139952615894 -24.2690128039969 28.031945705352 2.40520926817607 -24.1481689891284 27.7754649589664 2.05202459710783 -26.0075117388783 23.6653333809772 1.2703380124529 -28.8596125880518 22.185177325636 3.21146569543387 -26.1506768649398 21.0492338266626 0.333221864636537 -24.3834057327992 23.1598953122177 0.294198509540645 -31.3739051494658 19.7553389392461 3.75335457515896 -32.8413848884925 18.489753542283 4.06044950247877 -28.7986730884859 18.3468820642962 0.391172494019635 -34.8680962202625 16.9300267501783 4.7046342263864 -34.7912996267678 16.97035829648 4.51110321378935 -34.6127862724515 17.0452724322002 4.13319924527796 -31.4319814586193 16.6493843513091 0.676098652323861 -30.9746829806945 16.4502898237557 0.437479024875628 -31.0926950953235 18.6649563847019 1.77888491078918 -22.3636220793385 28.0562854973255 0.726162321684525 -23.5268477150122 25.4779434985813 0.556585640050807 -27.6924822473997 21.8140694878815 1.43745327333157 -28.9581538382877 20.5600919365248 1.56440350583699 -32.302902909647 17.8963085007669 2.10691766713576 -34.4387236777 16.4407277558374 2.47134578327676 10.801379495275 23.402878486543 9.16980094795754 23.6377822247685 7.56032390455944 23.913743628165 5.96247882685336 24.2131607325081 4.36334834409377 24.519272178648 2.74984574529416 24.8172856629595 1.38615970835054 25.0506537772386 0 25.264751901936 0 4.110950065678 0 11.162217344431 0 18.2134846231835 0 21.7391182625597 26.174596211354 5.7321746704184 22.0251878350589 5.44825020825348 18.2200106833793 5.17493965015411 14.7335766523216 4.92500385156321 11.1874069689395 4.6829423521576 7.58371161754535 4.460827943425 3.92819727146797 4.26988363098599 1.96943427158788 4.18431326110406 26.174596211354 10.5998293047065 26.174596211354 15.4674839389946 26.174596189043 20.33513857088 23.2662627965544 20.8873794167816 20.774607873352 21.4137589429798 18.6364457818419 21.8901146616533 16.5930010067027 22.3464621758158 14.6345372800726 22.7605215334223 12.7468491887964 23.1126431698515 11.7678008653022 23.2692375644882 5.59370348446974 7.92257984829431 7.3667883261608 8.04361059799711 13.087298105677 12.177453796259 6.5436490528385 15.1954692097213 19.6309471585155 13.8224688676268 19.6309471585155 11.3886415504827 6.5436490528385 18.4672937361405 6.5436490528385 20.2301105558286 19.6309471585155 17.094293394046 5.88390043265109 22.504177913524 6.37342459439818 22.4258807162056 7.31726864003628 22.249819897991 18.1767804511157 19.8042411329395 19.63094714736 19.5281207099887 13.087298105677 18.7211028490975 14.6959880806099 6.74593040312529 16.7706922687574 9.3217199513518 13.087298105677 14.508969038674 13.087298105677 16.1448813018836 12.3602147519771 20.0171758443841 11.9551348233695 22.2981410369034 7 8 12 6 7 12 5 6 12 31 10 9 31 18 17 31 19 18 31 20 19 31 9 20 32 33 10 32 31 17 32 10 31 34 11 10 34 10 33 35 21 22 35 36 21 35 33 36 37 11 34 38 12 11 38 11 37 39 22 23 39 35 22 40 2 3 40 3 4 40 4 5 40 5 12 41 2 40 41 40 12 42 1 2 42 2 41 42 41 12 42 12 38 43 24 25 43 25 26 44 23 24 44 39 23 44 45 39 44 24 43 44 43 45 46 14 13 46 15 14 46 16 15 46 17 16 46 32 17 47 32 46 47 13 21 47 21 36 47 46 13 47 36 33 47 33 32 48 33 35 48 34 33 49 48 35 49 34 48 49 37 34 49 45 37 49 35 39 49 39 45 50 26 27 50 38 37 50 43 26 50 37 45 50 45 43 51 27 28 51 28 29 51 29 30 51 30 1 51 50 27 51 1 42 51 38 50 51 42 38 
51 70 1 0 0.301428691242576
-38.77132737393 -3.991933454013 3.007113252462 -39.0581718772924 -4.08968393880031 3.65350994893538 -39.2974001481434 -4.28949557555537 4.31745588309021 -39.4832245161662 -4.57382046990647 4.983629777591 -39.6122012140605 -4.92444322938373 5.63761460496822 -39.6830975360139 -5.32335954786843 6.26596045992912 -39.6985074322679 -5.68015549838283 6.76111171985978 -39.67620422597 -6.049037142135 7.223790440223 -35.57292117128 15.928547905577 3.007113252462 -35.7939820467674 9.02321578109538 4.23248654686471 -37.062200258407 1.7425846238422 5.73685364700297 -38.1563930922326 -2.09967008552609 6.51167878637968 -30.85843673555 13.959605165382 5.107025913276e-15 -31.7890110795398 14.3532563030067 0.0847155630331839 -32.639010549258 14.7106246549724 0.315923044199789 -33.3795898647021 15.0202873883798 0.653152296347811 -34.065419243419 15.3056708481959 1.10559809569852 -34.6690247195518 15.5557733462081 1.65734560017218 -35.1692191985079 15.7623065941059 2.28570937783002 -35.3879716992783 15.8524353196426 2.64139952615894 -30.9828235598643 8.3122180886296 4.24596913579267e-15 -31.9093407456087 2.52393629709248 4.91268658161409e-15 -33.70399271675 -3.339845667758 3.552713678801e-15 -34.7067193047991 -3.46422095399987 0.0847155626693612 -35.6215246121844 -3.57973061715538 0.315923041546182 -36.4177164781094 -3.68184448092288 0.653152291107005 -37.154353873186 -3.77760984436222 1.10559808925865 -37.8021428009858 -3.86281746597418 1.65734559553826 -38.3385905522965 -3.93405166626447 2.2857093751077 -38.5731001382359 -3.96537415075833 2.64139952378433 -35.03355446753 12.1418706976576 2.40520927120928 -34.8006602807278 11.9801737632151 2.05202459957956 -34.3558325455758 7.49102402751474 1.27033801245288 -36.0857463074455 4.78312085743693 3.21146569543383 -33.1717674045261 5.15383279161724 0.333221864636543 -32.6965964514926 7.86535482296721 0.294198509540671 -37.0482683449827 1.42167280702513 3.75335457515888 -37.6863503800381 -0.408096166916735 4.06044950247859 -34.1138235220594 1.48952940367179 0.391172494019666 -38.6616704831155 -2.77221485712901 4.70463422523652 -38.6153284552979 -2.69888841672038 4.51110321227523 -38.4981884228924 -2.54475419454332 4.13319924245667 -35.545586608724 -1.29720092358835 0.676098651566219 -35.0500072419305 -1.24097259878016 0.437479023196271 -36.2595420170242 0.61797884201745 1.77888491078913 -33.39560759256 13.1156449381285 0.726162323230884 -33.1138195428645 10.3011224493432 0.556585640807887 -34.8894278640365 5.04529721272347 1.43745327333155 -35.3585428389155 3.32648500202879 1.56440350583711 -36.9232887855966 -0.652793659054605 2.10691766647791 -38.0451734531673 -2.98127394435572 2.4713457782953 10.801379495042 23.402878486572 9.16980170511748 23.6377821043993 7.56032399372572 23.9137436119385 5.96247867917333 24.2131607607651 4.36334823615559 24.5192721991232 2.74984567697428 24.8172856751406 1.38615967367527 25.0506537829015 0 25.264751901936 0 4.110950065678 0 11.1622173444306 0 18.2134846231833 0 21.7391182625596 26.174596211354 5.73217467042027 22.0251878230662 5.44825020748005 18.2200106649397 5.17493964851866 14.7335766268214 4.92500384942451 11.1874069389779 4.68294235014409 7.58371159699594 4.46082794239099 3.92819726153754 4.26988363053562 1.96943426374122 4.1843132606378 26.174596211354 10.5998293047086 26.174596211354 15.467483938997 26.174596211284 20.335138559281 23.2662628048092 20.8873794152861 20.7746078861982 21.413758939349 18.6364458002228 21.8901146566631 16.593001027191 22.3464621713193 14.634537294291 22.7605215310035 12.7468491964159 23.1126431685619 11.767800870989 23.2692375632755 5.59370346948894 7.92257984728733 7.36678831341071 8.04361059692754 13.087298105677 12.177453796259 6.5436490528385 15.1954692097211 19.6309471585155 13.822468867628 19.6309471585155 11.3886415504838 6.5436490528385 18.4672937361404 6.5436490528385 20.2301105558286 19.6309471585155 17.0942933940472 5.88390043549448 22.5041779129176 6.37342459820796 22.4258807155608 7.3172686471455 22.2498198967816 18.1767804552431 19.8042411321918 19.6309471584805 19.5281207041892 13.087298105677 18.7211028490975 14.6959880682384 6.74593040220379 16.7706922623824 9.32171995081808 13.087298105677 14.5089690386746 13.087298105677 16.1448813018842 12.3602147540408 20.0171758440102 11.9551348371683 22.2981410340504 7 8 12 6 7 12 5 6 12 31 10 9 31 18 17 31 19 18 31 20 19 31 9 20 32 33 10 32 31 17 32 10 31 34 11 10 34 10 33 35 21 22 35 36 21 35 33 36 37 11 34 38 12 11 38 11 37 39 22 23 39 35 22 40 2 3 40 3 4 40 4 5 40 5 12 41 40 12 41 2 40 42 1 2 42 41 12 42 2 41 42 12 38 43 24 25 43 25 26 44 23 24 44 39 23 44 45 39 44 24 43 44 43 45 46 14 13 46 15 14 46 16 15 46 17 16 46 32 17 47 32 46 47 13 21 47 21 36 47 46 13 47 36 33 47 33 32 48 33 35 48 34 33 49 48 35 49 34 48 49 37 34 49 45 37 49 35 39 49 39 45 50 26 27 50 38 37 50 43 26 50 37 45 50 45 43 51 27 28 51 28 29 51 29 30 51 30 1 51 50 27 51 1 42 51 38 50 51 42 38 
51 70 1 0 0.301428691243546
-31.58098771726 -22.84277946836 3.007113252462 -31.7805271503873 -23.0708562070973 3.65351015826906 -31.8877990435408 -23.36351221373 4.3174558868682 -31.9065652218537 -23.7026569398013 4.98362970778164 -31.8429509443444 -24.0707935142658 5.63761455566182 -31.7048908013578 -24.4517133516246 6.26596043064558 -31.5398381848076 -24.7684126661653 6.76111170606836 -31.33608221436 -25.07672194651 7.223790440223 -38.77132737393 -3.991933454013 3.007113252462 -35.5101056456489 -10.082656933127 4.23248654686516 -32.9680992558468 -17.0219775767103 5.73685364700319 -31.9945706918955 -20.8965641797464 6.51167878637997 -33.70399271675 -3.339845667758 3.552713678801e-15 -34.7067193047991 -3.46422095399987 0.0847155626693612 -35.6215246121844 -3.57973061715538 0.315923041546182 -36.4177164781094 -3.68184448092288 0.653152291107005 -37.154353873186 -3.77760984436222 1.10559808925865 -37.8021428009858 -3.86281746597418 1.65734559553826 -38.3385905522965 -3.93405166626447 2.2857093751077 -38.5731001382359 -3.96537415075833 2.64139952378433 -30.9880213281273 -8.29281975338557 -4.72567521486672e-15 -28.8962678522555 -13.7688774219852 8.16896219005111e-16 -27.5185910678 -19.74438755137 1.221245327088e-15 -28.3247901224717 -20.3534630024969 0.0847155624894237 -29.0592799281129 -20.9108999600665 0.31592304267355 -29.697745379725 -21.3974290941663 0.65315229408092 -30.2878093945347 -21.8486830284466 1.10559809196621 -30.8062072508962 -22.2463694567689 1.65734559710305 -31.2351675311354 -22.5762839594642 2.28570937631801 -31.422597547816 -22.7206648197829 2.641399525195 -36.4108834996684 -7.00160876042923 2.40520926727309 -36.1283427502687 -7.02519532007797 2.05202459635373 -33.4985357663894 -10.6904991646009 1.27033801245292 -33.6427334454854 -13.9005689818108 3.21146569543399 -31.3045096565544 -12.1225335778631 0.333221864636537 -32.2487605557635 -9.53670113928049 0.294198509540681 -32.7955779564892 -17.2929294057352 3.75335457515898 -32.4332887215747 -19.1965968377529 4.06044950247883 -30.2882024921568 -15.7669414577625 0.391172494019653 -32.0958813625386 -21.7316437330108 4.70463422589815 -32.0924112094285 -21.6449701588308 4.5111032129415 -32.0680320767387 -21.4529159906376 4.13319924334389 -30.1347805336032 -18.8962022577811 0.676098651437863 -29.733710373899 -18.5997174233877 0.437479023298682 -31.7106739373393 -17.5945856323201 1.77888491078915 -35.4792670157071 -5.33932209266882 0.726162321434155 -33.8279701629498 -7.63587604290156 0.5565856398199 -32.7377794601205 -13.0753583761556 1.43745327333164 -32.2846388403143 -14.7984509023909 1.56440350583713 -31.650109250009 -19.0269802848605 2.10691766636489 -31.4574497304566 -21.6044456989327 2.47134577992246 10.801379494934 23.402878486585 9.16980118952144 23.6377821863411 7.56032398472076 23.913743613603 5.96247884739802 24.2131607285761 4.36334835911008 24.5192721757979 2.74984575479881 24.8172856612629 1.38615971317448 25.0506537764491 0 25.264751901934 0 4.110950065678 0 11.1622173444317 0 18.2134846231828 0 21.7391182625584 26.174596211352 5.73217467042133 22.0251878351847 5.44825020825875 18.2200106862759 5.17493965044611 14.7335766600994 4.92500385220876 11.1874069778643 4.68294235276239 7.58371162459702 4.46082794380172 3.92819727667716 4.26988363124612 1.96943427553851 4.18431326132526 26.174596211352 10.5998293047081 26.174596211352 15.4674839389948 26.174596211336 20.33513857022 23.2662628061816 20.8873794148875 20.7746078840084 21.4137589405049 18.6364457923526 21.8901146591589 16.5930010204249 22.3464621728135 14.6345372897595 22.7605215316286 12.7468491930747 23.1126431691489 11.7678008677551 23.2692375640449 5.59370348893217 7.92257984859704 7.36678833004968 8.04361059832022 13.087298105676 12.177453796258 6.543649052838 15.1954692097204 19.630947158514 13.8224688676264 19.630947158514 11.388641550483 6.543649052838 18.4672937361394 6.543649052838 20.2301105558272 19.630947158514 17.0942933940454 5.88390043387753 22.5041779133017 6.37342459653733 22.4258807158537 7.31726864487977 22.2498198970935 18.1767804559288 19.8042411319917 19.630947158506 19.528120709658 13.087298105676 18.721102849096 14.6959880826172 6.74593040328948 16.7706922707008 9.32171995151415 13.087298105676 14.5089690386734 13.087298105676 16.1448813018829 12.3602147543834 20.0171758439095 11.9551348326523 22.2981410349535 7 8 12 6 7 12 5 6 12 31 10 9 31 18 17 31 19 18 31 20 19 31 9 20 32 33 10 32 31 17 32 10 31 34 11 10 34 10 33 35 21 22 35 36 21 35 33 36 37 11 34 38 12 11 38 11 37 39 22 23 39 35 22 40 2 3 40 3 4 40 4 5 40 5 12 41 40 12 41 2 40 42 1 2 42 41 12 42 2 41 42 12 38 43 24 25 43 25 26 44 23 24 44 39 23 44 45 39 44 24 43 44 43 45 46 14 13 46 15 14 46 16 15 46 17 16 46 32 17 47 32 46 47 13 21 47 21 36 47 36 33 47 33 32 47 46 13 48 33 35 48 34 33 49 48 35 49 34 48 49 37 34 49 45 37 49 35 39 49 39 45 50 26 27 50 38 37 50 43 26 50 37 45 50 45 43 51 27 28 51 28 29 51 29 30 51 30 1 51 50 27 51 1 42 51 38 50 51 42 38 
51 70 1 0 0.301428691243749
-15.92854790557 -35.57292117128 3.007113252462 -15.987315754429 -35.8702111830754 3.65351025635862 -15.933887930324 -36.1772946358694 4.31745592029037 -15.780567557174 -36.4803856618072 4.98362971630664 -15.541407689536 -36.7673941473602 5.63761456168323 -15.2313841803836 -37.0282503306774 6.26596043422153 -14.9300947650965 -37.2199936733501 6.76111170775234 -14.59948227946 -37.3851193565 7.223790440223 -31.58098771726 -22.84277946836 3.007113252462 -25.7113251136333 -26.4868898645597 4.23248654686489 -20.0402226816902 -31.2255146320047 5.7368536470032 -17.2598289124821 -34.0942407774177 6.51167878638015 -27.5185910678 -19.74438755137 1.221245327088e-15 -28.3247901224717 -20.3534630024969 0.0847155624894237 -29.0592799281129 -20.9108999600665 0.31592304267355 -29.697745379725 -21.3974290941663 0.65315229408092 -30.2878093945347 -21.8486830284466 1.10559809196621 -30.8062072508962 -22.2463694567689 1.65734559710305 -31.2351675311354 -22.5762839594642 2.28570937631801 -31.422597547816 -22.7206648197829 2.641399525195 -22.6900038064812 -22.6758032394978 1.15360629806032e-15 -18.1404633236195 -26.3723315551624 -2.74570557207959e-16 -13.95960516538 -30.85843673555 -1.110223024625e-15 -14.3532563024778 -31.7890110782918 0.0847155628052653 -14.7106246545457 -32.6390105482501 0.315923043832125 -15.0202873880566 -33.3795898639357 0.653152295923992 -15.3056708479753 -34.0654192428988 1.1055980952928 -15.5557733460808 -34.6690247192514 1.65734559984995 -15.7623065940488 -35.1692191983844 2.28570937764675 -15.8524353196155 -35.3879716992255 2.64139952606416 -28.0319457056996 -24.2690128041404 2.40520926867435 -27.7754649596464 -24.1481689893271 2.05202459782029 -23.6653333809723 -26.0075117388747 1.27033801245273 -22.1851773256303 -28.8596125880501 3.21146569543376 -21.049233826659 -26.1506768649351 0.333221864636522 -23.1598953122126 -24.3834057327971 0.294198509540615 -19.755338939241 -31.3739051494638 3.7533545751588 -18.4897535422789 -32.8413848884897 4.06044950247875 -18.346882064292 -28.7986730884851 0.391172494019606 -16.9300267501854 -34.8680962202419 4.70463422633699 -16.9703582964978 -34.791299626722 4.51110321368701 -17.0452724322357 -34.6127862723412 4.1331992450694 -16.6493843510683 -31.4319814580157 0.67609865198009 -16.4502898211181 -30.9746829804097 0.437479023871024 -18.6649563846978 -31.0926950953213 1.77888491078903 -28.056285497504 -22.3636220794125 0.726162321777854 -25.4779434990474 -23.5268477152106 0.55658564027057 -21.8140694878767 -27.6924822473966 1.43745327333154 -20.56009193652 -28.958153838286 1.56440350583691 -17.8963085007137 -32.3029029093904 2.10691766683643 -16.4407277557847 -34.4387236774056 2.47134578289302 10.801379495275 23.402878486542 9.16980094795835 23.6377822247676 7.56032390455994 23.913743628164 5.9624788268538 24.2131607325075 4.3633483440945 24.5192721786474 2.74984574529461 24.8172856629585 1.38615970835069 25.0506537772376 0 25.264751901935 0 4.110950065678 0 11.1622173444326 0 18.2134846231838 0 21.7391182625594 26.174596211353 5.73217467041627 22.0251878372643 5.44825020846024 18.2200106819628 5.17493964981597 14.7335766448752 4.92500385076443 11.1874069639999 4.68294235179292 7.58371161554598 4.46082794339327 3.92819727002107 4.26988363092078 1.96943426874849 4.18431326088485 26.174596211353 10.5998293047055 26.174596211353 15.4674839389947 26.174596203521 20.335138572463 23.2662628002863 20.8873794160285 20.7746078762607 21.4137589423445 18.6364457840722 21.8901146611525 16.5930010083054 22.3464621754643 14.6345372811128 22.7605215332132 12.7468491893142 23.1126431697634 11.7678008655569 23.2692375644499 5.59370348199996 7.92257984811275 7.3667883224376 8.04361059759851 13.0872981056765 12.177453796258 6.54364905283825 15.1954692097209 19.6309471585148 13.8224688676263 19.6309471585148 11.3886415504817 6.54364905283825 18.4672937361401 6.54364905283825 20.2301105558279 19.6309471585148 17.0942933940456 5.88390043277845 22.5041779135047 6.3734245946571 22.4258807161614 7.31726864055641 22.2498198978863 18.1767804529814 19.8042411325625 19.6309471545988 19.5281207107797 13.0872981056765 18.7211028490965 14.695988079851 6.74593040302937 16.7706922668953 9.32171995115199 13.0872981056765 14.5089690386736 13.0872981056765 16.1448813018832 12.3602147529098 20.0171758441952 11.9551348244309 22.2981410366753 7 8 12 6 7 12 5 6 12 31 10 9 31 18 17 31 19 18 31 20 19 31 9 20 32 33 10 32 31 17 32 10 31 34 11 10 34 10 33 35 21 22 35 36 21 35 33 36 37 11 34 38 12 11 38 11 37 39 22 23 39 35 22 40 2 3 40 3 4 40 4 5 40 5 12 41 2 40 41 40 12 42 1 2 42 2 41 42 41 12 42 12 38 43 24 25 43 25 26 44 23 24 44 24 43 44 39 23 44 45 39 44 43 45 46 14 13 46 15 14 46 16 15 46 17 16 46 32 17 47 32 46 47 13 21 47 21 36 47 46 13 47 36 33 47 33 32 48 33 35 48 34 33 49 48 35 49 34 48 49 37 34 49 45 37 49 35 39 49 39 45 50 26 27 50 38 37 50 43 26 50 37 45 50 45 43 51 27 28 51 28 29 51 29 30 51 30 1 51 50 27 51 1 42 51 38 50 51 42 38 
51 70 1 0 0.301428691243741
3.991933454013 -38.77132737393 3.007113252462 4.08968393880031 -39.0581718772924 3.65350994893542 4.28949557555537 -39.2974001481434 4.31745588309051 4.57382046990647 -39.4832245161662 4.983629777591 4.92444322938345 -39.6122012140605 5.63761460496822 5.32335954786776 -39.6830975360139 6.26596045992911 5.68015549838227 -39.6985074322679 6.76111171985961 6.049037142135 -39.67620422597 7.223790440222 -15.92854790557 -35.57292117128 3.007113252462 -9.02321578109186 -35.7939820467683 4.23248654686495 -1.74258462384094 -37.0622002584065 5.73685364700319 2.09967008552658 -38.1563930922317 6.51167878637986 -13.95960516538 -30.85843673555 -1.110223024625e-15 -14.3532563024778 -31.7890110782918 0.0847155628052653 -14.7106246545457 -32.6390105482501 0.315923043832125 -15.0202873880566 -33.3795898639357 0.653152295923992 -15.3056708479753 -34.0654192428988 1.1055980952928 -15.5557733460808 -34.6690247192514 1.65734559984995 -15.7623065940488 -35.1692191983844 2.28570937764675 -15.8524353196155 -35.3879716992255 2.64139952606416 -8.31221808862993 -30.9828235598665 -4.45407873293838e-18 -2.52393629709258 -31.9093407456095 -5.58310810945393e-16 3.339845667758 -33.70399271675 1.110223024625e-16 3.46422095400075 -34.7067193048073 0.084715562666277 3.57973061726117 -35.6215246129266 0.315923041977588 3.68184448114491 -36.4177164797086 0.653152292304948 3.77760984455869 -37.1543538746413 1.10559809073126 3.86281746610493 -37.8021428019877 1.65734559671395 3.93405166635837 -38.3385905529902 2.28570937605329 3.96537415083091 -38.5731001387499 2.6413995245706 -12.141870697529 -35.0335544673552 2.405209270919 -11.9801737630302 -34.800660280464 2.05202459921332 -7.49102402751444 -34.3558325455754 1.27033801245311 -4.78312085743601 -36.0857463074462 3.21146569543393 -5.15383279161686 -33.1717674045255 0.333221864636575 -7.86535482296762 -32.6965964514941 0.294198509540677 -1.42167280702436 -37.0482683449818 3.75335457515886 0.408096166917201 -37.6863503800363 4.06044950247851 -1.48952940367158 -34.1138235220603 0.391172494019644 2.77221485732197 -38.6616704832194 4.70463422562029 2.69888841694045 -38.6153284554422 4.51110321279854 2.5447541948139 -38.498188423135 4.133199243183 1.29720092358575 -35.5455866087302 0.676098651571003 1.24097260490131 -35.0500072442557 0.437479023298733 -0.617978842017089 -36.2595420170232 1.77888491078908 -13.1156449377535 -33.3956075917964 0.726162322768562 -10.3011224492219 -33.1138195426575 0.556585640696108 -5.04529721272278 -34.8894278640367 1.43745327333169 -3.3264850020282 -35.3585428389161 1.56440350583706 0.65279365905419 -36.9232887855976 2.10691766648195 2.98127394465991 -38.0451734540113 2.47134577947176 10.801379494951 23.402878486583 9.16980170511687 23.6377821043986 7.56032399372501 23.9137436119379 5.96247867917278 24.2131607607646 4.36334823615532 24.5192721991231 2.74984567697395 24.8172856751402 1.38615967367489 25.0506537829009 0 25.264751901935 0 4.110950065678 0 11.1622173444317 0 18.2134846231834 0 21.7391182625592 26.174596211353 5.73217467041735 22.0251878285794 5.44825020787053 18.2200106695368 5.17493964885134 14.7335766305742 4.9250038496896 11.1874069418449 4.68294235033182 7.58371159896317 4.46082794250405 3.92819726256259 4.26988363058357 1.96943426425572 4.18431326065862 26.174596211353 10.5998293047067 26.174596211353 15.467483938996 26.174596211332 20.335138570192 23.266262804755 20.8873794152889 20.7746078845256 21.4137589398912 18.6364457959284 21.8901146578204 16.5930010225009 22.3464621723581 14.6345372906463 22.7605215316631 12.7468491937959 23.112643169037 11.767800869083 23.2692375636654 5.59370347092243 7.92257984738176 7.36678831528712 8.04361059706065 13.0872981056765 12.177453796259 6.54364905283825 15.1954692097212 19.6309471585148 13.8224688676275 19.6309471585148 11.3886415504828 6.54364905283825 18.4672937361402 6.54364905283825 20.2301105558281 19.6309471585148 17.0942933940465 5.88390043454151 22.5041779131123 6.37342459689797 22.4258807157981 7.31726864532316 22.2498198971111 18.1767804552157 19.804241132193 19.6309471585042 19.5281207096445 13.0872981056765 18.721102849097 14.6959880719332 6.74593040246559 16.7706922633201 9.32171995088366 13.0872981056765 14.5089690386743 13.0872981056765 16.1448813018838 12.360214754027 20.0171758440105 11.955134833912 22.2981410347346 7 8 12 6 7 12 5 6 12 31 10 9 31 18 17 31 19 18 31 20 19 31 9 20 32 33 10 32 31 17 32 10 31 34 11 10 34 10 33 35 21 22 35 36 21 35 33 36 37 11 34 38 12 11 38 11 37 39 22 23 39 35 22 40 2 3 40 3 4 40 4 5 40 5 12 41 40 12 41 2 40 42 1 2 42 41 12 42 2 41 42 12 38 43 24 25 43 25 26 44 23 24 44 24 43 44 39 23 44 45 39 44 43 45 46 14 13 46 15 14 46 16 15 46 17 16 46 32 17 47 32 46 47 13 21 47 21 36 47 46 13 47 36 33 47 33 32 48 33 35 48 34 33 49 48 35 49 34 48 49 37 34 49 45 37 49 35 39 49 39 45 50 26 27 50 43 26 50 38 37 50 37 45 50 45 43 51 38 50 51 27 28 51 28 29 51 29 30 51 30 1 51 50 27 51 1 42 51 42 38 
51 70 1 0 0.301428691243785
22.842779468362 -31.58098771726 3.007113252462 23.0708562071019 -31.7805271503873 3.65351015826905 23.3635122137334 -31.8877990435408 4.31745588686794 23.7026569398049 -31.9065652218537 4.98362970778064 24.0707935142709 -31.8429509443444 5.63761455566141 24.4517133516273 -31.7048908013578 6.26596043064533 24.7684126661678 -31.5398381848076 6.76111170606806 25.076721946513 -31.33608221436 7.223790440223 3.991933454013 -38.77132737393 3.007113252462 10.0826569331317 -35.5101056456474 4.23248654686516 17.0219775767157 -32.9680992558467 5.73685364700339 20.896564179752 -31.9945706918942 6.51167878638029 3.339845667758 -33.70399271675 1.110223024625e-16 3.46422095400075 -34.7067193048073 0.084715562666277 3.57973061726117 -35.6215246129266 0.315923041977588 3.68184448114491 -36.4177164797086 0.653152292304948 3.77760984455869 -37.1543538746413 1.10559809073126 3.86281746610493 -37.8021428019877 1.65734559671395 3.93405166635837 -38.3385905529902 2.28570937605329 3.96537415083091 -38.5731001387499 2.6413995245706 8.29281975338735 -30.9880213281273 -4.22027124441151e-15 13.7688774219914 -28.8962678522556 3.26321957248065e-17 19.744387551377 -27.5185910678 4.440892098501e-16 20.3534630001502 -28.3247901193581 0.0847155619193163 20.91089995978 -29.0592799277529 0.315923042277958 21.3974290940858 -29.6977453796703 0.653152293208833 21.8486830283101 -30.2878093943713 1.10559809079596 22.2463694567646 -30.8062072508777 1.65734559659508 22.5762839593092 -31.2351675309303 2.28570937593011 22.7206648194638 -31.4225975474065 2.64139952446573 7.00160876035977 -36.410883500333 2.40520926817279 7.02519531998607 -36.1283427509459 2.05202459710386 10.6904991646036 -33.4985357663894 1.27033801245285 13.9005689818142 -33.642733445486 3.21146569543408 12.1225335778674 -31.3045096565541 0.333221864636569 9.53670113928242 -32.2487605557634 0.294198509540667 17.2929294057408 -32.7955779564895 3.75335457515887 19.1965968377588 -32.4332887215741 4.06044950247881 15.7669414577684 -30.2882024921577 0.391172494019654 21.7316437327736 -32.09588136255 4.7046342255697 21.6449701587393 -32.0924112094202 4.51110321273103 21.4529159906303 -32.0680320766995 4.13319924311015 18.8962022566559 -30.1347805320679 0.676098650404399 18.5997174287666 -29.7337103730441 0.437479023390544 17.5945856323256 -31.7106739373397 1.77888491078905 5.33932209268173 -35.4792670161706 0.726162321680066 7.63587604288259 -33.827970163455 0.55658564004958 13.0753583761597 -32.7377794601208 1.43745327333173 14.7984509023957 -32.2846388403149 1.56440350583713 19.026980284316 -31.650109249492 2.10691766546651 21.6044456987223 -31.4574497302225 2.47134577946214 10.801379495043 23.402878486573 9.16980118952238 23.6377821863429 7.56032398472176 23.9137436136042 5.96247884739902 24.2131607285776 4.36334835911081 24.5192721757998 2.74984575479926 24.8172856612648 1.38615971317472 25.0506537764508 0 25.264751901936 0 4.110950065678 0 11.1622173444331 0 18.2134846231846 0 21.7391182625603 26.174596211354 5.73217467042278 22.02518783511 5.44825020825732 18.2200106834156 5.17493965015633 14.733576652365 4.92500385156626 11.1874069689748 4.68294235215985 7.58371161757177 4.46082794342627 3.92819727147324 4.2698836309861 1.96943427158805 4.18431326110398 26.174596211354 10.5998293047101 26.174596211354 15.4674839389975 26.174596211284 20.335138579294 23.266262817428 20.887379412758 20.7746078847999 21.4137589400957 18.6364457925794 21.8901146587089 16.5930010223749 22.3464621723875 14.634537291015 22.7605215315976 12.7468491941364 23.1126431689755 11.7678008693377 23.2692375636161 5.59370348448738 7.92257984829649 7.36678832618248 8.0436105979997 13.087298105677 12.177453796259 6.5436490528385 15.1954692097218 19.6309471585155 13.8224688676282 19.6309471585155 11.3886415504846 6.5436490528385 18.467293736141 6.5436490528385 20.2301105558289 19.6309471585155 17.0942933940475 5.88390043466885 22.5041779130882 6.37342459706819 22.4258807157679 7.3172686455075 22.249819897079 18.1767804615525 19.8042411309277 19.6309471584805 19.5281207141958 13.087298105677 18.7211028490975 14.6959880806462 6.74593040312851 16.7706922687682 9.32171995135491 13.087298105677 14.508969038675 13.087298105677 16.1448813018846 12.3602147571955 20.0171758433783 11.9551348339412 22.2981410347332 7 8 12 6 7 12 5 6 12 31 10 9 31 18 17 31 19 18 31 20 19 31 9 20 32 33 10 32 31 17 32 10 31 34 11 10 34 10 33 35 21 22 35 36 21 35 33 36 37 11 34 38 12 11 38 11 37 39 22 23 39 35 22 40 2 3 40 3 4 40 4 5 40 5 12 41 40 12 41 2 40 42 1 2 42 41 12 42 2 41 42 12 38 43 24 25 43 25 26 44 23 24 44 24 43 44 45 39 44 39 23 44 43 45 46 14 13 46 15 14 46 16 15 46 17 16 46 32 17 47 32 46 47 13 21 47 21 36 47 46 13 47 36 33 47 33 32 48 33 35 48 34 33 49 48 35 49 34 48 49 37 34 49 45 37 49 35 39 49 39 45 50 26 27 50 38 37 50 43 26 50 37 45 50 45 43 51 27 28 51 28 29 51 29 30 51 30 1 51 50 27 51 1 42 51 38 50 51 42 38 
49 67 1 0 0.301428691244166
35.57292117128 -15.92854790557 3.007113252462 35.8702111830815 -15.987315754429 3.65351025635896 36.1772946358772 -15.933887930324 4.31745592029074 36.4803856618111 -15.780567557174 4.98362971630708 36.767394147362 -15.541407689536 5.63761456168346 37.0282503306797 -15.2313841803836 6.2659604342219 37.2199936733525 -14.9300947650965 6.76111170775267 37.385119356503 -14.59948227946 7.223790440223 22.842779468362 -31.58098771726 3.007113252462 26.4868898645629 -25.7113251136384 4.23248654686522 31.2255146320104 -20.0402226816911 5.73685364700338 34.0942407774262 -17.2598289124821 6.51167878638021 19.744387551377 -27.5185910678 4.440892098501e-16 20.3534630001502 -28.3247901193581 0.0847155619193163 20.91089995978 -29.0592799277529 0.315923042277958 21.3974290940858 -29.6977453796703 0.653152293208833 21.8486830283101 -30.2878093943713 1.10559809079596 22.2463694567646 -30.8062072508777 1.65734559659508 22.5762839593092 -31.2351675309303 2.28570937593011 22.7206648194638 -31.4225975474065 2.64139952446573 22.6758032395031 -22.6900038064836 -1.60783266149018e-15 26.3723315551677 -18.1404633236181 1.96111441035999e-15 30.858436735558 -13.95960516538 1.998401444325e-15 31.6582737644959 -14.2981036352271 0.0624926098758451 32.5778889605888 -14.6849970231557 0.294053701545471 33.4342533118902 -15.0430820415173 0.683782200393047 34.1484725835044 -15.3401420390191 1.17165707599778 34.7636637799942 -15.5948993319098 1.76154798365193 35.2218812551723 -15.7840146126984 2.36547327160778 24.2690128040084 -28.0319457053637 2.40520926820146 24.1481689893333 -27.7754649594448 2.05202459768529 26.0075117388783 -23.6653333809737 1.27033801245312 28.8596125880545 -22.1851773256305 3.21146569543389 26.150676864942 -21.0492338266571 0.333221864636558 24.3834057328016 -23.1598953122145 0.294198509540684 31.3739051494693 -19.7553389392411 3.75335457515913 32.8413848884965 -18.4897535422794 4.06044950247903 28.79867308849 -18.3468820642908 0.391172494019651 34.8098860705935 -16.9611537462812 4.55554523877138 34.6467760330658 -17.0326445117401 4.19992469456504 31.3686379005626 -16.6241842803287 0.640357763224919 30.9746829771408 -16.4502898222339 0.437479023262534 31.0926950953267 -18.6649563846976 1.77888491078923 22.3636220783096 -28.0562854958432 0.726162320696196 23.5268477151975 -25.4779434989196 0.556585640227523 27.6924822474024 -21.8140694878756 1.43745327333164 28.9581538382909 -20.5600919365186 1.56440350583707 32.276122864523 -17.8909427056054 2.07543717065892 34.49595180533 -16.4504105910356 2.54830406022194 10.801379495043 23.402878486574 9.16980094795811 23.6377822247695 7.56032390455948 23.913743628166 5.96247882685336 24.2131607325095 4.36334834409363 24.5192721786491 2.74984574529384 24.8172856629601 1.38615970835007 25.0506537772393 0 25.264751901937 0 4.110950065678 0 11.162217344433 0 18.213484623185 0 21.739118262561 26.174596211355 5.73217467041826 22.0251878538163 5.44825020956529 18.2200106835079 5.17493965003856 14.733576646374 4.92500385107514 11.1874069686912 4.68294235213881 7.58371161828254 4.46082794346432 3.92819727214953 4.26988363102041 1.96943427212066 4.18431326113282 26.174596211355 10.5998293047074 26.174596211355 15.4674839389966 26.174596211355 20.335138566612 23.6602227594341 20.8083001276952 20.9511259734341 21.3751905240979 18.477195361259 21.9259453155759 16.3357009406003 22.4027382039822 14.302516271099 22.8265141280597 12.5230424685724 23.1501960712155 5.59370348434561 7.9225798482859 7.36678832318698 8.04361059775406 13.0872981056775 12.177453796259 6.54364905283875 15.195469209722 19.6309471585162 13.8224688676278 19.6309471585162 11.3886415504832 6.54364905283875 18.4672937361415 6.54364905283875 20.2301105558295 19.6309471585162 17.0942933940473 6.26152123428619 22.4446571668882 7.15125813554951 22.2828161953103 18.3737604325558 19.7647014883966 19.6309471585162 19.528120707855 13.0872981056775 18.721102849098 14.6959880885017 6.74593040365968 16.770692267271 9.32171995123074 13.0872981056775 14.5089690386749 13.0872981056775 16.1448813018846 12.4587047426973 19.9974060221131 11.7434795380749 22.3427771996462 7 8 12 6 7 12 5 6 12 30 10 9 30 18 17 30 19 18 30 20 19 30 9 20 31 32 10 31 30 17 31 10 30 33 11 10 33 10 32 34 21 22 34 35 21 34 32 35 36 11 33 37 12 11 37 11 36 38 22 23 38 34 22 39 2 3 39 3 4 39 4 5 39 5 12 40 1 2 40 2 39 40 39 12 40 12 37 41 24 25 41 25 26 42 23 24 42 38 23 42 24 41 42 43 38 42 41 43 44 14 13 44 15 14 44 16 15 44 17 16 44 31 17 45 13 21 45 21 35 45 35 32 45 32 31 45 44 13 45 31 44 46 33 32 46 32 34 47 46 34 47 33 46 47 43 36 47 36 33 47 38 43 47 34 38 48 26 27 48 36 43 48 41 26 48 37 36 48 43 41 49 37 48 49 27 28 49 28 29 49 29 1 49 48 27 49 1 40 49 40 37 
253 435 1 0 0.171163652629391
34.657520805973 9.410691946302e-15 4.958737553013 34.6135402858596 1.01868465784615e-14 4.48655432358944 34.4873965873319 1.10030567086851e-14 4.00330089973294 34.273110164919 1.18265064265075e-14 3.53024603417037 34.0059721562874 1.25416687081303e-14 3.13288750902707 33.7111512601505 1.31391854027528e-14 2.81281746787239 33.3737646910353 1.367296086897e-14 2.5392113231421 33.0051230244689 1.41278147846487e-14 2.31956477026074 32.6178866888206 1.44940277416159e-14 2.15777510520149 32.2247324231912 1.47678403423746e-14 2.05405485022045 31.9377471105688 1.49114690676557e-14 2.01308986040828 31.657804584317 1.500807988202e-14 2 31.3551164141457 -4.36951193931386 2 30.438539697968 -8.70327869789616 2 28.9056401008112 -12.9117150326397 2 26.7732261518954 -16.8946276885089 2 24.0794143818078 -20.5524406957698 2 20.881734127079 -23.794318713546 2 17.2529927408386 -26.5434290372268 2 13.276271231459 -28.7396109683721 2 9.04009947770931 -30.3398250815263 2 4.6345691389417 -31.3169345127749 2 0.148881192218521 -31.6576257399528 2 -4.32956802192345 -31.3604696548909 2 -8.71533728479382 -30.4345802535109 2 -12.9248458666173 -28.8992560900617 2 -16.8766826762694 -26.7842316304369 2 -20.4927102221446 -24.1301799010773 2 -23.6998550868527 -20.9888881305538 2 -26.4322443965464 -17.4227770220034 2 -28.6333051891032 -13.5037203745511 2 -30.2574911951058 -9.31132013362971 2 -31.2714391801299 -4.93090261074997 2 -31.56107743209 -2.47288067727296 2 -31.65780458431 -1.500807988202e-14 2 -34.65752080597 -2.122161096071e-15 4.958737553013 -34.6135402858569 -7.71527152674016e-15 4.48655432358944 -34.4873965873293 -1.27794968958123e-14 4.00330089973294 -34.2731101649163 -1.69981445691441e-14 3.53024603417037 -34.0059721562844 -1.98328456335047e-14 3.13288750902707 -33.7111512601471 -2.14682831630004e-14 2.81281746787239 -33.3737646910314 -2.21718651383451e-14 2.5392113231421 -33.0051230244644 -2.19411359570118e-14 2.31956477026074 -32.6178866888154 -2.08299715371789e-14 2.15777510520149 -32.2247324231853 -1.89388194481614e-14 2.05405485022045 -31.9377471105623 -1.71204571542609e-14 2.01308986040828 34.3572626299309 -4.55220809946345 4.95873411146085 33.4557201189762 -9.04755713233798 4.95873076998624 31.9568837162969 -13.4127279784189 4.95873097941607 29.8768916767668 -17.5646041484667 4.9587334817725 27.2471440005784 -21.4181435315739 4.95873608692227 24.1143214344433 -24.8926305680624 4.95873743691577 20.5384209787808 -27.9162506820284 4.95873736502742 16.5897259914146 -30.4290140551805 4.95873648117699 12.345446966588 -32.3841566382095 4.95873554798174 7.88659839258443 -33.748262677572 4.95873505216015 3.29551775189191 -34.5004849842742 4.95873512438135 -1.34571965996961 -34.6313851744097 4.95873562405716 -5.95610427101539 -34.1418896826556 4.95873625737854 -10.4561504106833 -33.0425869583738 4.9587368153612 -14.7682527679321 -31.3535085642486 4.95873719978172 -18.8173047702279 -29.1041729566434 4.95873741355544 -22.5317529931175 -26.333700597308 4.95873750898507 -25.8449984359966 -23.0906847227455 4.95873754241956 -28.6969623241233 -19.4326577223531 4.95873755138953 -31.0356099045994 -15.4251330778336 4.95873755297661 -32.8182463811949 -11.1403023489368 4.95873755284723 -34.0124646795168 -6.6555257543391 4.95873755303565 -34.4959009116657 -3.34316105063547 4.95873755326771 34.3471250852726 -2.26195185893993 3.83299086524374 32.6420100223594 -2.26699439320404 2.19455186424433 33.4556035990829 -4.55728115370352 2.8641397417444 33.1391829622884 -6.46863021823865 2.86413910715766 33.9823689944921 -5.56598468009783 3.86582945434405 33.5400039666552 -7.80064085139325 3.86582819568206 32.3059017356175 -5.39873440302838 2.20731437359853 31.8487507398133 -7.64722224449775 2.20731423175325 32.6229283573316 -11.0239103357036 3.86582755546921 31.8151885175789 -13.1748188515274 3.86582789760207 31.2601535202391 -12.7613962521366 2.86413865074642 30.9547180018059 -10.706568042968 2.20731417411425 30.862533043939 -15.2737014260302 3.86582867611063 30.1189171027683 -12.8714507815406 2.20731422367812 28.9802745911178 -16.0212446551502 2.37701363342161 28.8301070413716 -17.5747332492108 2.86413969243446 28.1618354826597 -18.6267586351938 2.86413996333591 29.2122565266647 -18.2325343608269 3.86583015776523 27.9186660406559 -20.1575969411459 3.86583112927342 27.5101690323099 -17.7764891777221 2.20731448946111 26.1669289562027 -19.7002590618291 2.20731459898716 25.7919536466678 -22.8156742874174 3.86583218583827 24.1921557236095 -24.505493750005 3.86583257337455 24.0879471525221 -22.194024656685 2.20731470370038 22.8896070609919 -24.8214879682508 2.86414098727262 23.9480593252048 -23.8019131531104 2.86414092501942 22.2808294299912 -26.0259001342954 3.50805730543032 22.432002230632 -23.8664576716653 2.20731473841723 19.9555807403291 -25.9726331209654 2.20731473493098 17.8417332367051 -29.4525508983576 3.86583215935519 19.7903983777982 -28.180136472729 3.86583247393075 18.7893700617844 -28.0535355207892 2.86414084979757 18.0394883269866 -27.3382711746776 2.20731470566212 16.4079852661928 -29.5096630796563 2.86414064554193 14.8448628646189 -31.0710544199999 3.86583162676932 16.0320557863113 -28.5618464313894 2.20731466491888 15.1752115347975 -30.1621545300353 2.8641405362761 12.904524341038 -31.2012255508056 2.8641403548438 12.7167406754259 -32.0010140731379 3.86583130014883 13.1298809285325 -30.006903740452 2.20731460672009 9.94926122631604 -32.7840895261402 3.50805590687716 10.950577092378 -30.8689832324646 2.20731457251921 10.8491622034582 -31.9740414609857 2.86414022857575 7.25547867035292 -33.6621249774353 3.86583086656759 8.67331669057879 -32.6315430173048 2.86414014320672 6.53799352382257 -33.1255030016023 2.86414010912526 7.85631096479511 -31.7976225476961 2.20731454438699 4.97919020342246 -34.0732805963457 3.86583086952224 5.57091639167834 -32.2765502705968 2.20731453958392 4.08583464518462 -33.5164190664428 2.86414012683451 1.61097332414342 -34.3974626217019 3.86583104118656 2.70729871415532 -33.6558283083752 2.86414016032051 -0.0584745609235977 -33.7644816742734 2.86414026481185 2.37551438141619 -32.6675263837268 2.20731455315827 -0.696145291768202 -34.4281263802402 3.86583123551364 0.0495168785409612 -32.7537309767502 2.20731457412927 -3.96854598312386 -34.0299098497587 3.50805636602749 -2.27431605380815 -32.6746985194474 2.20731459958859 -6.34166190798742 -33.8461751286714 3.86583179472535 -5.20485969595331 -33.3609368964019 2.86414051451173 -6.63600640518889 -33.10597694817 2.86414058454487 -5.45988419068155 -32.29545713577 2.20731463710228 -8.58940031729799 -33.3466973442388 3.86583200533473 -7.73373609760903 -31.8275831059245 2.20731466255851 -11.8096410459529 -32.3467505231602 3.865832261519 -10.8073066817942 -30.9193566525661 2.2073146921139 -13.9442045403956 -31.4855376040601 3.86583239516629 -12.9522851928196 -31.1813964961013 2.86414083570036 -14.0840471360393 -30.6868166624729 2.86414086747175 -12.9693938103448 -30.076548186743 2.20731470858359 -16.9567877398561 -29.9707741270492 3.8658325333342 -15.1230298708307 -29.4587691745779 2.3770142834677 -18.9217122171827 -28.7706223074824 3.86583259433878 -20.8024714445069 -27.4415193236896 3.86583263461569 -18.7737299645171 -28.0639954689152 2.86414095604892 -20.8906008658947 -26.5259002550024 2.86414097686402 -19.7392962532106 -26.1373867050222 2.20731473707778 -17.8376338075987 -27.470382292269 2.20731473220179 -23.3885559459274 -25.2736053016722 3.8658326674727 -25.02662260046 -23.6526494846471 3.86583267856831 -23.880541554073 -23.869649355535 2.86414099237741 -22.201923396824 -24.0806380915753 2.2073147407831 -25.2277426989376 -22.4410659444639 2.86414099576569 -23.8538099142681 -22.4454501190771 2.20731474209145 -27.2228988262945 -21.0877583111327 3.86583268603664 -28.5731490822203 -19.2186109268051 3.86583268804705 -25.9371080016477 -20.0017246950526 2.20731474290317 -29.7954826809117 -17.262939862054 3.86583268888673 -28.075581988061 -18.7563936372208 2.86414099888026 -27.2912670343883 -18.1104773181077 2.20731474312918 -28.5080444356777 -16.1274320024706 2.20731474321703 -31.3438448004719 -14.2598447867269 3.86583268914481 -30.3888999385429 -14.7158188120244 2.86414099938349 -31.1947456224849 -12.9200740877801 2.86414099937113 -32.2282543647901 -12.1292744621631 3.86583268907444 -29.9512787290646 -13.2560718681875 2.20731474323771 -30.8169869697396 -11.095753511103 2.20731474322853 -33.261925678566 -8.91201249754478 3.86583268903988 -33.7839951105618 -6.66494299575539 3.86583268917031 -31.7561476538608 -8.02181669939626 2.20731474322866 -34.0664553276834 -5.02558571072876 3.86583268929052 -33.1158902744322 -6.58622382680291 2.86414099939544 -32.2456324328978 -5.74645985679563 2.20731474324651 -33.494683368672 -4.25991211106072 2.86414099947263 -32.9122212185367 -3.64830748118399 2.37701432615915 -33.6356029929235 -2.9473511317038 2.86414099947833 -34.381364755105 -1.66207505529408 3.83299170566125 -32.6955645943964 -1.2788853000719 2.19455196219055 33.6609522754 -2.27894114025218 2.83831333887786 33.6097987390821 -3.03885072117159 2.84688567276055 34.2187853870602 -3.81392645312212 3.85487456943165 34.128098607541 -4.58849178576872 3.86583015220939 32.5288088204601 -3.73720798032397 2.20301327851699 32.4471217386051 -4.47202194553093 2.20731445016167 32.8585640373928 -7.76946270074617 2.86413878796006 32.526057868419 -9.06124057202021 2.86413858631569 33.205658791936 -9.11954940660156 3.86582775544064 31.5219970408675 -8.89877859061314 2.20731418848537 31.9477690076354 -10.9266156809582 2.86413850636139 30.1550745073964 -16.6268800282006 3.86582932489258 30.0091718129778 -15.4757270904772 2.86413916513888 29.5193881403465 -14.1924969416027 2.20731428152092 29.543341386824 -17.6910252562434 3.8658298742573 27.1751524204438 -20.0388278275318 2.86414030594969 26.1163581909294 -21.400420802616 2.86414059081368 26.8540743303621 -21.5554837922523 3.86583174222694 25.1249691754349 -21.0128927828741 2.20731466098351 25.0613334470949 -22.6267714147083 2.86414079216771 21.9065040202621 -24.349691580819 2.20731474232519 20.9975923928679 -27.2925064643042 3.86583261570956 21.1583990438444 -26.3127851563695 2.8641409855523 21.06892899809 -25.0779320326829 2.20731474288837 19.9926835487736 -27.2090692101305 2.86414093254127 16.6101394033985 -30.1642764099084 3.86583193801192 15.9838171569277 -30.5007856759771 3.86583182528469 14.2312464792616 -29.5004900900623 2.20731462765288 11.6696842978885 -32.3975133560069 3.86583116858687 8.34413807826164 -33.4089195230376 3.86583090234183 9.94133438640547 -31.2086459800479 2.20731456058149 8.88498356555623 -31.5256590182479 2.20731455094033 3.72351993307411 -34.2332616800054 3.86583091263335 3.02029477792321 -34.3024576871845 3.86583094828355 4.38049611100829 -32.4595447447497 2.20731454209761 -2.17812814034043 -34.3662083725191 3.86583137690885 -2.96291968781544 -33.6342727121122 2.86414040209816 -1.51246300210952 -33.7306371462167 2.86414033117876 -3.6776907519485 -32.5466187701962 2.20731461608264 -4.76362270606646 -32.405480280005 2.20731462894158 -8.1960420989871 -32.754645313561 2.86414065680419 -9.73741163515922 -32.3299302621104 2.86414072234236 -10.1587830395405 -32.90256907732 3.86583213789278 -9.23107468839629 -31.4259815775848 2.20731467778785 -11.3594005860625 -31.7963103644343 2.86414078372743 -14.5179047604348 -31.2251560746024 3.8658324259519 -15.6157747200051 -30.6908378662977 3.86583247890404 -16.2226308468398 -29.6119438740595 2.86414091605038 -16.6067232097231 -28.2315430113847 2.20731472786758 -22.3623735657028 -26.1859497126345 3.86583265705913 -21.903008672056 -25.6962783425935 2.86414098364647 -20.7371714822048 -25.3529562550082 2.20731473888463 -21.2245961155442 -24.9463251360621 2.20731473960763 -22.9098987663826 -24.8027617522584 2.86414098874824 -25.7039144032938 -22.9148089861223 3.86583268160237 -26.2241683010709 -22.317542592728 3.86583268344898 -26.2330601606299 -21.2571645933472 2.86414099735198 -24.4963470771394 -21.7423887561488 2.20731474242153 -24.9898563130352 -21.1733225815223 2.20731474262224 -26.7150929551118 -20.6481072030756 2.86414099789671 -29.3018849902986 -16.7761784599212 2.8641409992765 -29.6799748029738 -16.0978169555687 2.86414099933448 -30.5578494277989 -15.8744351001214 3.86583268909852 -30.9149001474201 -15.1673587860667 3.86583268913749 -29.5521925038842 -14.1234027537906 2.20731474323829 -32.6862852130831 -10.8345006177852 3.86583268903266 -32.1251047833125 -10.3931721327469 2.86414099932835 -31.6851197522747 -11.6659161174645 2.86414099934638 -31.234924921529 -9.85808677204139 2.20731474322503 -32.6759880991273 -8.5041295979224 2.86414099933797 -34.2211027628976 -3.83354288346846 3.8658326893396 -34.2895037105592 -3.163835825688 3.86583268934006 -32.6414607149764 -2.70882650010439 2.20731474325916 -33.7057678304144 -1.47387536426341 2.83831376194375 30.3448948560662 -14.8066359694122 2.86413901383723 -16.8730062454342 -29.2462405894073 2.8641409279953 0 108.81544857693 11.8989693018873 108.81544857693 23.7979386037746 108.81544857693 35.6969079056619 108.81544857693 46.4059802773605 108.81544857693 56.0441454118892 108.81544857693 65.6823105464179 108.81544857693 75.3204756809466 108.81544857693 84.9586408154753 108.81544857693 94.5968059500041 108.81544857693 101.706127263467 108.81544857693 108.81544857693 108.81544857693 108.81544857693 113.739143331914 108.81544857693 118.662838086899 108.81544857693 123.586532841883 108.81544857693 128.510227596867 108.81544857693 133.433922351852 108.81544857693 138.357617106836 108.81544857693 143.28131186182 108.81544857693 148.205006616805 108.81544857693 153.128701371789 108.81544857693 158.052396126773 108.81544857693 162.976090881758 108.81544857693 167.899785636742 108.81544857693 172.823480391726 108.81544857693 177.747175146711 108.81544857693 182.670869901695 108.81544857693 187.594564656679 108.81544857693 192.518259411664 108.81544857693 197.441954166648 108.81544857693 202.365648921633 108.81544857693 207.289343676617 108.81544857693 212.213038431601 108.81544857693 214.921967792736 108.81544857693 217.63089715387 0 217.63089715387 11.8989693018873 217.63089715387 23.7979386037746 217.63089715387 35.6969079056619 217.63089715387 46.4059802773605 217.63089715387 56.0441454118892 217.63089715387 65.6823105464179 217.63089715387 75.3204756809466 217.63089715387 84.9586408154753 217.63089715387 94.5968059500041 217.63089715387 101.706127263467 217.63089715387 0 113.457327854042 0 118.099207131154 0 122.741086408265 0 127.382965685377 0 132.024844962489 0 136.666724239601 0 141.308603516712 0 145.950482793824 0 150.592362070936 0 155.234241348047 0 159.876120625159 0 164.517999902271 0 169.159879179383 0 173.801758456494 0 178.443637733606 0 183.085517010718 0 187.72739628783 0 192.369275564941 0 197.011154842053 0 201.653034119165 0 206.294913396277 0 210.936792673388 0 214.283844913629 28.0220727059446 111.136388215486 82.4297969944096 111.277295954422 54.407724288465 113.598235592978 54.407724288465 115.616414112989 27.2038621442325 114.536870983515 27.2038621442325 116.857810622071 81.6115864326975 114.677778722452 81.6115864326975 117.139626099944 27.2038621442325 120.258293390101 27.2038621442325 122.579233028656 54.407724288465 122.417379649047 81.6115864326975 120.540108867973 27.2038621442325 124.900172667212 81.6115864326975 123.001956245465 72.54363238462 126.493242041376 54.407724288465 127.946596641122 54.407724288465 129.218345185106 27.2038621442325 128.300655435242 27.2038621442325 130.621595073797 81.6115864326975 128.864286390987 81.6115864326975 131.326133768479 27.2038621442325 134.022077841827 27.2038621442325 136.343017480383 81.6115864326975 134.726616536508 54.407724288465 137.512170673218 54.407724288465 136.019310721165 36.27181619231 138.777648287716 81.6115864326975 137.188463914 81.6115864326975 140.58894668203 27.2038621442325 144.385379525524 27.2038621442325 142.064439886968 54.407724288465 142.820276257224 81.6115864326975 143.050794059522 54.407724288465 145.658588555951 27.2038621442325 147.785862293553 81.6115864326975 145.512641437014 54.407724288465 147.077744705314 54.407724288465 149.621241793282 27.2038621442325 150.106801932109 81.6115864326975 148.913124205044 36.27181619231 152.985101596924 81.6115864326975 151.374971582536 54.407724288465 151.860531721362 27.2038621442325 155.828224338694 54.407724288465 154.181471359918 54.407724288465 156.422207329341 81.6115864326975 154.775454350565 27.2038621442325 158.14916397725 81.6115864326975 157.237301728057 54.407724288465 158.964258375966 27.2038621442325 161.54964674528 54.407724288465 160.383896539111 54.407724288465 163.2231728654 81.6115864326975 160.637784496087 27.2038621442325 163.870586383835 81.6115864326975 163.099631873579 36.27181619231 167.192554906132 81.6115864326975 165.561479251071 27.2038621442325 169.592008790421 54.407724288465 168.529832408062 54.407724288465 170.024138401459 81.6115864326975 168.9619620191 27.2038621442325 171.912948428977 81.6115864326975 171.423809396593 27.2038621442325 175.313431197006 81.6115864326975 174.824292164622 27.2038621442325 177.634370835562 54.407724288465 176.825103937517 54.407724288465 178.095406440158 81.6115864326975 177.286139542114 27.2038621442325 181.034853603591 72.54363238462 179.620560927337 27.2038621442325 183.355793242147 27.2038621442325 185.676732880703 54.407724288465 183.626069473576 54.407724288465 186.316010139362 81.6115864326975 185.610317065128 81.6115864326975 183.148469687636 27.2038621442325 189.077215648732 27.2038621442325 191.398155287288 54.407724288465 190.427035009635 81.6115864326975 189.010799833157 54.407724288465 192.443767488303 81.6115864326975 191.472647210649 27.2038621442325 194.798638055318 27.2038621442325 197.119577693873 81.6115864326975 194.873129978679 27.2038621442325 199.440517332429 54.407724288465 197.228000545694 81.6115864326975 197.334977356171 81.6115864326975 199.796824733663 27.2038621442325 202.841000100459 54.407724288465 202.009341520399 54.407724288465 204.028966081753 27.2038621442325 205.161939739015 81.6115864326975 203.197307501693 81.6115864326975 205.659154879185 27.2038621442325 208.562422507044 27.2038621442325 210.8833621456 81.6115864326975 209.059637647214 27.2038621442325 212.55688826572 54.407724288465 210.829931617811 81.6115864326975 211.521485024706 54.407724288465 213.248441672615 72.54363238462 213.806283712655 54.407724288465 214.602906353182 28.0220727059446 215.95737103375 82.4297969944096 216.276432473303 55.2259348501771 111.206842084954 54.9531979962731 112.003973254295 27.4765989981365 112.730650554169 27.2038621442325 113.52778172351 81.8843232866015 112.871558293105 81.6115864326975 113.668689462446 54.407724288465 116.998718361007 54.407724288465 118.381022609026 27.2038621442325 118.24011487009 81.6115864326975 118.521930347962 54.407724288465 120.399201129037 27.2038621442325 126.433857474503 54.407724288465 125.48474926363 81.6115864326975 124.535641052756 27.2038621442325 127.66478116325 54.407724288465 130.973864421138 54.407724288465 132.72938365717 27.2038621442325 132.377114309829 81.6115864326975 133.081653004511 54.407724288465 134.374347189168 81.6115864326975 137.934893890027 27.2038621442325 140.570856914243 54.407724288465 139.833110311774 81.6115864326975 139.095363709305 54.407724288465 141.326693284499 27.2038621442325 145.804535674887 27.2038621442325 146.514113749569 81.6115864326975 147.641375661059 27.2038621442325 151.226446896149 27.2038621442325 154.707856353983 81.6115864326975 152.494616546576 81.6115864326975 153.655086365854 27.2038621442325 159.420189500563 27.2038621442325 160.130008582135 81.6115864326975 158.50832725137 27.2038621442325 165.363446335889 54.407724288465 166.208892769507 54.407724288465 164.716032817453 81.6115864326975 167.054339203124 81.6115864326975 168.214809022402 54.407724288465 171.668378912785 54.407724288465 173.31261942411 27.2038621442325 173.557188940302 81.6115864326975 173.068049907918 54.407724288465 175.068861680814 27.2038621442325 178.269522086882 27.2038621442325 179.500445775628 54.407724288465 180.557253817651 81.6115864326975 181.614061859673 27.2038621442325 187.694188380042 54.407724288465 187.660980472255 81.6115864326975 186.955287398021 81.6115864326975 187.627772564467 54.407724288465 189.044007740945 27.2038621442325 192.406521526622 27.2038621442325 193.203893702854 54.407724288465 194.038511840766 81.6115864326975 192.481013449983 81.6115864326975 193.278385626215 54.407724288465 194.835884016998 54.407724288465 199.618671033046 54.407724288465 200.415561195497 27.2038621442325 201.034297657331 27.2038621442325 201.831187819782 81.6115864326975 202.187495221016 27.2038621442325 206.543520966362 54.407724288465 206.792128536447 54.407724288465 205.4105473091 81.6115864326975 207.040736106532 54.407724288465 208.811030077129 27.2038621442325 213.766143293122 27.2038621442325 214.443375633406 81.6115864326975 214.762437072959 55.2259348501771 216.116901753526 54.407724288465 124.717906859984 54.407724288465 181.324457731632 70 1 2 70 2 3 70 3 4 70 4 5 70 47 1 71 7 8 71 8 9 71 9 10 71 10 11 71 11 12 71 12 13 72 73 74 75 48 47 75 74 73 75 47 74 76 73 72 77 73 76 77 13 14 77 76 13 78 49 48 79 49 78 79 78 80 81 14 15 82 49 79 82 50 49 83 81 15 83 80 81 84 15 16 85 86 87 88 87 86 88 50 87 88 51 50 89 84 16 89 85 84 89 86 85 90 16 17 90 86 89 90 89 16 91 52 51 92 52 91 93 17 18 94 92 95 96 92 94 96 52 92 96 53 52 97 95 93 97 94 95 97 93 18 98 18 19 99 54 53 99 53 100 99 100 101 102 98 19 103 101 102 103 99 101 104 55 54 105 19 20 105 102 19 105 103 102 106 107 104 106 103 105 108 104 107 108 55 104 109 107 106 110 56 55 111 20 21 111 112 107 111 107 109 111 109 20 113 114 115 116 115 114 116 21 22 117 113 115 117 56 113 117 57 56 118 116 22 118 115 116 119 117 115 119 115 118 120 58 57 121 122 120 123 22 23 123 121 119 123 122 121 124 58 120 124 120 122 125 122 123 125 123 23 126 59 58 127 23 24 127 125 23 128 59 126 129 128 126 129 130 128 131 130 129 132 128 130 132 60 59 132 59 128 133 24 25 133 130 131 133 131 24 134 61 60 135 25 26 136 134 137 136 61 134 138 136 137 139 135 26 139 137 135 139 138 137 140 62 61 141 139 26 141 138 139 142 62 140 143 63 62 143 142 144 143 62 142 145 143 144 146 27 28 146 144 147 146 147 27 146 145 144 148 64 63 149 148 150 149 64 148 151 28 29 152 149 150 153 150 151 153 151 29 153 152 150 154 65 64 155 65 154 156 29 30 157 155 158 157 65 155 157 66 65 159 158 156 159 156 30 160 30 31 160 159 30 161 67 66 162 163 161 164 161 163 164 67 161 165 163 162 166 31 32 166 163 165 166 165 31 167 68 67 168 68 167 169 32 33 170 168 171 170 68 168 170 69 68 172 171 169 172 169 33 173 170 171 173 171 172 174 33 34 174 172 33 174 173 172 174 175 173 176 37 36 176 38 37 176 39 38 176 36 69 177 34 35 177 43 42 177 44 43 177 45 44 177 46 45 177 35 46 178 5 6 178 6 7 178 7 71 178 179 70 178 70 5 178 71 179 180 70 179 180 47 70 180 179 72 181 72 74 181 180 72 181 74 47 181 47 180 182 71 13 182 72 179 182 179 71 183 72 182 183 76 72 183 182 13 183 13 76 184 75 73 184 77 185 184 73 77 186 75 184 186 48 75 186 184 185 186 185 78 186 78 48 187 77 14 187 14 81 187 185 77 188 80 78 188 187 81 188 185 187 188 81 80 188 78 185 189 50 82 189 82 190 189 84 85 189 190 84 191 15 84 191 83 15 191 84 190 192 189 85 192 50 189 192 85 87 192 87 50 193 86 90 193 88 86 193 90 194 195 88 193 195 193 194 195 91 51 195 194 91 195 51 88 196 90 17 196 194 90 196 17 93 197 194 196 197 196 93 197 91 194 197 92 91 197 95 92 197 93 95 198 94 97 198 97 18 199 53 96 199 96 200 199 100 53 201 198 18 201 94 198 201 18 98 201 98 200 201 96 94 201 200 96 202 100 199 202 200 98 202 199 200 202 101 100 202 98 102 202 102 101 203 54 99 203 99 103 204 203 103 204 104 54 204 54 203 204 103 106 204 106 104 205 106 105 205 105 20 205 20 109 205 109 106 206 110 55 206 108 107 206 107 112 206 55 108 206 112 110 207 110 114 207 113 56 207 114 113 207 56 110 208 112 111 208 111 21 208 110 112 209 114 110 209 116 114 209 21 116 209 110 208 209 208 21 210 57 117 210 117 119 210 119 121 211 57 210 211 120 57 211 121 120 211 210 121 212 118 22 212 119 118 212 123 119 212 22 123 213 58 124 213 126 58 213 214 126 215 122 125 215 127 214 215 213 124 215 125 127 215 124 122 215 214 213 216 127 24 216 214 127 216 126 214 216 129 126 217 216 24 217 131 129 217 24 131 217 129 216 218 132 130 218 130 133 218 219 132 220 60 132 220 132 219 220 134 60 221 135 219 221 133 25 221 25 135 221 218 133 221 219 218 222 219 135 222 220 219 222 137 134 222 135 137 222 134 220 223 61 136 223 136 138 224 61 223 224 225 140 224 140 61 224 138 141 224 223 138 224 141 225 226 26 27 226 141 26 226 225 141 226 27 147 227 148 63 227 143 145 227 63 143 227 145 228 229 145 146 229 146 28 229 228 145 230 28 151 230 151 228 230 228 229 230 229 28 231 151 150 231 148 227 231 150 148 231 228 151 231 227 228 232 64 149 232 149 152 233 154 64 233 234 154 233 232 152 233 152 234 233 64 232 235 153 29 235 152 153 236 29 156 236 235 29 236 156 234 236 152 235 236 234 152 237 154 234 237 234 156 237 158 155 237 156 158 237 155 154 238 239 157 238 158 159 238 157 158 238 160 239 238 159 160 240 157 239 240 66 157 240 239 162 241 161 66 241 66 240 241 240 162 241 162 161 242 160 31 242 239 160 242 165 162 242 31 165 242 162 239 243 67 164 243 244 167 243 167 67 245 164 163 245 243 164 245 244 243 245 163 166 245 166 244 246 166 32 246 32 169 246 244 166 247 167 244 247 246 169 247 171 168 247 244 246 247 168 167 247 169 171 248 69 170 248 173 175 248 170 173 249 248 175 249 69 248 249 176 69 249 175 176 250 174 34 250 175 174 250 34 177 251 177 42 251 40 39 251 41 40 251 42 41 251 175 250 251 250 177 251 176 175 251 39 176 252 79 80 252 82 79 252 80 83 252 190 82 252 83 191 252 191 190 253 225 226 253 226 147 253 142 140 253 140 225 253 144 142 253 147 144 
258 445 1 0 0.170396742616397
-34.65752080597 -2.122161096071e-15 4.958737553013 -34.6135402858569 -7.71527152674016e-15 4.48655432358944 -34.4873965873293 -1.27794968958123e-14 4.00330089973294 -34.2731101649163 -1.69981445691441e-14 3.53024603417037 -34.0059721562844 -1.98328456335047e-14 3.13288750902707 -33.7111512601471 -2.14682831630004e-14 2.81281746787239 -33.3737646910314 -2.21718651383451e-14 2.5392113231421 -33.0051230244644 -2.19411359570118e-14 2.31956477026074 -32.6178866888154 -2.08299715371789e-14 2.15777510520149 -32.2247324231853 -1.89388194481614e-14 2.05405485022045 -31.9377471105623 -1.71204571542609e-14 2.01308986040828 -31.65780458431 -1.500807988202e-14 2 -31.3581934398765 4.34516356677789 2 -30.464869803277 8.60861058525741 2 -28.9947910052748 12.7089998358617 2 -26.9762485298797 16.5680033335847 2 -24.4484071825256 20.1119857348924 2 -21.4604259641403 23.2737353089832 2 -18.0700907043092 25.9940190570896 2 -14.3420808709008 28.2227370486448 2 -10.3461176727667 29.9195194466532 2 -6.15529760643867 31.0537440164872 2 -1.84490496713564 31.6041521525922 2 2.50810221276731 31.5584917890423 2 6.82508453223088 30.9135504906365 2 11.0257022452048 29.6759297997278 2 15.0282703441537 27.8634795750973 2 18.7511272188102 25.507113506378 2 22.1153175726382 22.6523676065588 2 25.0483121532748 19.3599257901914 2 27.4882827165261 15.70455931681 2 29.388238739356 11.7721014783967 2 30.7190980621359 7.65419656994698 2 31.4246773595763 3.83700664847311 2 31.657804584317 1.500807988202e-14 2 34.657520805973 9.410691946302e-15 4.958737553013 34.6135402858596 1.01868465784615e-14 4.48655432358944 34.4873965873319 1.10030567086851e-14 4.00330089973294 34.273110164919 1.18265064265075e-14 3.53024603417037 34.0059721562874 1.25416687081303e-14 3.13288750902707 33.7111512601505 1.31391854027528e-14 2.81281746787239 33.3737646910353 1.367296086897e-14 2.5392113231421 33.0051230244689 1.41278147846487e-14 2.31956477026074 32.6178866888206 1.44940277416159e-14 2.15777510520149 32.2247324231912 1.47678403423746e-14 2.05405485022045 31.9377471105688 1.49114690676557e-14 2.01308986040828 -34.3578762810914 4.54755205125731 4.95873755323424 -33.4639595003403 9.01704292525165 4.95873755284758 -31.9912086810904 13.3306518429917 4.95873755295871 -29.965359372094 17.4132449698348 4.95873755262445 -27.4220287886718 21.193774813308 4.95873754875768 -24.4060222004992 24.6067006483458 4.95873753209317 -20.9703063682098 27.5932963900018 4.95873747831694 -17.17471053677 30.1027104349835 4.95873734275346 -13.0844928666527 32.0926744927947 4.95873706951217 -8.76894941825851 33.5298253248312 4.95873662171846 -4.30024390080015 34.3897046054792 4.95873602839324 0.247400826350601 34.656637802713 4.95873542547977 4.79814785696027 34.3237767220584 4.95873504170957 9.27485682402712 33.3934220760251 4.95873514424717 13.5995913812975 31.8778113252108 4.95873578728306 17.694523453321 29.8001301513738 4.95873675527686 21.4836411135686 27.1955304610943 4.95873749154879 24.8952113760657 24.1116570265184 4.95873725780711 27.8647350116894 20.6082592037315 4.95873559861367 30.3379997422923 16.7555881828312 4.9587329089465 32.2736977721767 12.6313910054319 4.95873070545777 33.644923587143 8.31641013513984 4.9587310827477 34.4045530865437 4.17981479490578 4.95873449395098 -34.3470409416497 2.26308447611092 3.83299170570319 -32.6430655288602 2.2507405028341 2.1945519621983 -33.4589050191235 4.53236483579195 2.86414099946666 -33.1158902744322 6.58622382680431 2.86414099939544 -33.9733463148838 5.62064038984517 3.86583268925023 -33.5302100900723 7.8424949941905 3.86583268908863 -32.2979646399095 5.44464077587423 2.20731474324918 -31.8468483000892 7.65380498009707 2.20731474323079 -32.6000719799065 11.0912107322379 3.86583268903878 -31.8001738294106 13.2109299858239 3.86583268911753 -30.9433189277494 10.7384093397282 2.20731474322716 -30.8626745388915 15.2733476539196 3.86583268913378 -31.1947456224849 12.9200740877834 2.86414099937111 -30.1312297878991 12.8417875175103 2.20731474323639 -29.1764420643459 14.8841476724481 2.20731474323499 -28.9843758975341 17.3189660295816 2.86414099920709 -28.075581988061 18.7563936372254 2.86414099888022 -29.2174033487659 18.2242481149797 3.86583268857956 -27.9562470143329 20.1054239504346 3.86583268730175 -27.5775938195703 17.6714169072573 2.20731474315769 -26.2971675266582 19.525920368382 2.2073147429804 -25.8523869251001 22.7471708775727 3.86583268216892 -24.3020515786577 24.3965151047886 3.86583267438964 -24.2585611253618 22.0073781999877 2.20731474230907 -22.6471459501645 25.9400555336775 3.86583266025982 -22.6889795636275 23.6222926767651 2.20731474124829 -23.880541554073 23.8696493555403 2.86414099237734 -19.9997098768862 28.0319719666753 3.86583261937384 -20.7395319005544 26.6441816998056 2.86414097569196 -18.7737299645171 28.0639954689204 2.86414095604885 -20.2685924625739 25.7291058766231 2.20731473809361 -21.6831512149247 25.8820686711092 2.86414098232432 -18.1165493559282 29.2843058616897 3.86583257187877 -18.4542985791567 27.0599677059653 2.20731473400944 -16.5535563391565 28.262750353721 2.20731472765729 -15.1652775986122 30.9159230491428 3.86583245811212 -13.1040964989077 31.8443489038452 3.86583234616328 -13.7116979951338 29.7454721248429 2.20731471336204 -10.9864879422071 32.6355171919266 3.86583220201566 -11.6389154433948 30.6160072092147 2.20731469889611 -12.9522851928196 31.1813964961058 2.86414083570032 -7.74174459257103 33.5536210994785 3.86583192840546 -8.74933158378746 32.6112092408524 2.86414068107267 -6.63600640518879 33.1059769481738 2.86414058454486 -8.5911635188721 31.6069175392945 2.207314671458 -9.79279287684481 32.3131981381657 2.86414072457223 -5.52247260345922 33.989448812295 3.86583171361329 -6.40222928081512 32.1219216474874 2.20731464792362 -4.26712869342711 33.4937983104669 2.86414046754711 -2.16837473802563 34.3668251526628 3.8658313759486 -4.18220391842038 32.4856387149093 2.20731462206519 -3.0733408607742 33.6243624297517 2.8641404076078 0.0954386633469663 34.4350317921226 3.86583116496743 2.36071407164372 34.3541521470827 3.86583098847576 1.27092484361493 32.7291101269279 2.20731456229917 -0.0584745609232781 33.7644816742777 2.86414026481185 -0.982857998133411 32.7390123873698 2.20731458501219 4.47572158673354 32.446551668912 2.20731454177827 7.94948108571261 33.5050193848787 3.86583088648782 5.72219190857161 33.956402416811 3.86583085744614 6.53799352382269 33.1255030016066 2.86414010912528 6.7030391447169 32.0605667719778 2.20731454031989 8.16799552159265 32.7616841565842 2.86414013074845 11.2095911044642 32.559568147641 3.86583111773133 9.19735412507824 31.8109885945406 2.37701397009062 10.4128026230994 32.1187993132056 2.864140207344 12.904524341038 31.2012255508097 2.86414035484385 13.3388445301857 31.746741867994 3.86583138809181 15.4118480512281 30.7937542452268 3.86583172417355 15.4205727759681 30.037451093887 2.86414055769063 14.0505464243165 29.5869830654779 2.20731462408681 11.9656779552731 30.4898555557103 2.20731458710172 16.9082333169387 28.0520372962034 2.20731468326719 20.2707848423844 27.8365798032705 3.8658325370526 18.3792024724533 29.1201829914835 3.86583225270241 18.7893700617843 28.0535355207936 2.86414084979761 18.8175331796176 26.8086562954694 2.20731471930561 20.4697050815342 26.8520365296635 2.86414095815155 22.9250873258149 25.6947462324436 3.86583268465968 21.382030180586 24.8115130548497 2.20731474342425 24.5796397204969 24.116819166586 3.86583250731316 23.9480593252047 23.8019131531147 2.86414092501942 23.0567411847065 23.2634809994104 2.20731472962315 26.1249177859224 22.4336493784577 3.86583206405435 24.6190217661361 21.6034377961374 2.20731468406818 28.211693361568 19.7454075832751 3.86583093025841 26.9289690847821 20.3684512083004 2.8641403798715 28.1618354826596 18.6267586351977 2.86413996333588 26.636041535066 19.061246772238 2.2073145644795 29.4548981465171 17.8378902745192 3.86582995113462 27.8931454448426 17.1693598993005 2.2073144525747 31.0644664977375 14.8586969573828 3.86582849584644 29.4475910318276 14.3408626931738 2.20731428899383 31.9731153119527 12.7867891783351 3.86582779670098 31.2601535202389 12.7613962521397 2.86413865074638 30.3644972448728 12.2809380747326 2.20731420388792 32.7415047142077 10.6665790377571 3.86582755455626 31.1346400224094 10.1714986981304 2.20731417261381 32.7674686587537 8.14512346916007 2.86413871699571 33.1391829622883 6.46863021824013 2.86413910715764 33.6228669051363 7.43536502966604 3.86582836023372 34.0120440102908 5.38167401628642 3.86582958113804 31.974983806072 7.10086776705208 2.20731425911538 32.3507159946759 5.12327626747375 2.20731439557564 34.3588395175572 2.07641219975047 3.83299097958374 32.6600225493373 1.99050724788646 2.19455188362808 -33.6615626546275 2.26943717672831 2.83831376197132 -33.6110006480962 3.02498461061109 2.84688635586992 -34.2199995103031 3.80285517907874 3.85487651761403 -34.1305063006176 4.57038825534164 3.86583268931537 -32.5311408105484 3.71557264527028 2.20301350251958 -32.4504946913989 4.44613135172913 2.2073147432567 -33.2217892799291 9.06048446130057 3.86583268903559 -32.1506984282013 10.3137274745517 2.86414099932776 -32.5475264030464 8.98325809177406 2.86414099933065 -32.853578426189 7.78991906392054 2.8641409993548 -31.5464327519563 8.81050540112564 2.20731474322564 -31.3586221145817 9.45723166043953 2.20731474322482 -31.9318548770843 10.9725583489651 2.86414099933477 -30.1697747452046 15.1599892679937 2.86414099937561 -29.7921671362198 15.8892223397088 2.86414099934704 -30.0834963670495 16.7559876116931 3.86583268898973 -29.6671233752561 17.4826105764496 3.86583268883063 -28.0138599304566 16.9713381102515 2.20731474319128 -27.0850000094849 21.2645840893737 3.86583268574416 -26.3981537738231 21.0517927854633 2.86414099755236 -27.2609808090132 19.9218343592259 2.86414099837819 -25.4519707420498 20.6155212724966 2.20731474277472 -25.1786561131067 22.4961267119049 2.86414099567 -22.8039473799251 24.9002096512094 2.86414098828004 -20.9936413864864 27.2955456253404 3.86583263785183 -21.6247768102793 24.6002359176495 2.20731474013079 -17.4147295667103 28.926943900302 2.86414093699973 -16.0163800892749 29.7240063487309 2.86414091199579 -16.6999949269997 30.1146164387089 3.86583252375398 -15.1884013925323 29.0192344979404 2.20731472155884 -14.5025784116533 30.4912494728551 2.8641408781414 -11.3866351100331 31.7865674786189 2.8641407846866 -9.35041238610077 33.1413601836727 3.86583207132235 -8.81645302597941 33.28738739707 3.86583202534283 -10.1036739646871 31.1563877983402 2.20731468595017 -4.31028046024082 34.1643370504876 3.86583159134459 -3.70191549451649 34.2355999567404 3.86583152964191 -1.56786396845319 33.7281072918049 2.86414033381998 -2.44444675874435 32.6624102806322 2.2073146015636 1.81458479194763 33.7157434240681 2.86414018956901 3.68362269356594 33.5630047680395 2.86414013500476 4.26500896643337 34.1700234768998 3.86583089067741 3.08520713451588 32.6081594580409 2.20731454834542 5.11494359434757 33.3748671165842 2.86414011244585 8.77601400778629 33.2980794072432 3.86583092349861 9.92191627927367 32.9747786688789 3.8658309990974 10.7569818104214 30.9369794633169 2.20731457002669 17.2789998166874 29.786178291797 3.86583205890071 16.6418330134584 29.3784190284439 2.86414066650376 15.2547547791078 28.9844608556486 2.20731464856581 15.84764249553 28.6645820406155 2.20731466102676 17.7277519942685 28.7361881078553 2.86414076245841 21.1123269006711 27.2038496084822 3.8658326259617 21.7280129989939 26.7146618697516 3.86583266919195 21.6752721737464 25.8886653562189 2.86414099724991 19.6297496404361 26.2197633262832 2.2073147311065 22.2612598885473 25.3865450592407 2.86414099962441 25.4971486166685 22.1345200791232 2.86414071849813 25.9878030746732 21.5563477752746 2.86414061961764 27.574037736513 20.6265100958368 3.86583134664246 25.5654920795902 20.4746762443629 2.20731463720595 26.0191613414536 19.8950042973546 2.20731460900236 28.8164571101393 17.5971047357218 2.86413969823803 29.4326895503449 16.5458223791348 2.86413942755798 30.0788586034857 16.7643637664626 3.86582939461848 30.4208487800122 16.135480105756 3.86582908045024 30.095263755436 15.3076378340601 2.86413912600937 28.4953392518431 16.1503133760496 2.20731439069518 30.4066824921005 14.6793350266012 2.86413898651612 32.0984793120215 10.4756141272982 2.86413850338153 32.3403855080024 9.70310272030298 2.86413853097347 33.2148847517448 9.08588939114476 3.86582776360009 33.4226576209687 8.28902039582889 3.86582800408039 31.5860158530824 8.66879093738716 2.20731419437015 31.7841047080087 7.91163990858168 2.20731422033002 33.3488823193433 5.28197608280903 2.86413948360587 33.515812578918 4.09094619589459 2.86413991415725 34.1823093466946 4.16545068757436 3.8658304678173 34.2553945810257 3.46974440927516 3.85487482552534 33.636502414791 2.72734133057898 2.84688578098777 32.5123158633062 3.97017651827909 2.20731449389784 32.575003363888 3.31025343563265 2.20301331522247 33.6759566459312 2.04520630072703 2.83831341005294 0 -3.08250927289e-14 11.8989693018873 -3.08250927289e-14 23.7979386037746 -3.08250927289e-14 35.6969079056619 -3.08250927289e-14 46.4059802773605 -3.08250927289e-14 56.0441454118892 -3.08250927289e-14 65.6823105464179 -3.08250927289e-14 75.3204756809466 -3.08250927289e-14 84.9586408154753 -3.08250927289e-14 94.596805950004 -3.08250927289e-14 101.706127263467 -3.08250927289e-14 108.81544857693 -3.08250927289e-14 108.81544857693 4.76994620909013 108.81544857693 9.53989241818029 108.81544857693 14.3098386272704 108.81544857693 19.0797848363606 108.81544857693 23.8497310454508 108.81544857693 28.6196772545409 108.81544857693 33.3896234636311 108.81544857693 38.1595696727212 108.81544857693 42.9295158818114 108.81544857693 47.6994620909015 108.81544857693 52.4694082999917 108.81544857693 57.2393545090819 108.81544857693 62.009300718172 108.81544857693 66.7792469272622 108.81544857693 71.5491931363523 108.81544857693 76.3191393454425 108.81544857693 81.0890855545326 108.81544857693 85.8590317636227 108.81544857693 90.6289779727129 108.81544857693 95.398924181803 108.81544857693 100.168870390893 108.81544857693 104.492159483912 108.81544857693 108.81544857693 0 108.81544857693 11.8989693018873 108.81544857693 23.7979386037746 108.81544857693 35.6969079056619 108.81544857693 46.4059802773605 108.81544857693 56.0441454118892 108.81544857693 65.6823105464179 108.81544857693 75.3204756809466 108.81544857693 84.9586408154753 108.81544857693 94.596805950004 108.81544857693 101.706127263467 108.81544857693 0 4.55880476882954 0 9.1176095376591 0 13.6764143064887 0 18.2352190753182 0 22.7940238441478 0 27.3528286129774 0 31.9116333818069 0 36.4704381506365 0 41.0292429194661 0 45.5880476882956 0 50.1468524571252 0 54.7056572259548 0 59.2644619947843 0 63.8232667636139 0 68.3820715324435 0 72.9408763012731 0 77.4996810701026 0 82.0584858389322 0 86.6172906077618 0 91.1760953765913 0 95.7349001454209 0 100.29370491425 0 104.55457674559 28.0220727059446 2.27940238441475 82.4297969944096 2.38497310454505 54.407724288465 4.66437548895983 54.407724288465 6.80096553605847 27.2038621442325 5.679885152444 27.2038621442325 7.95928753685879 81.6115864326975 5.7854558725743 81.6115864326975 8.17042897711938 27.2038621442325 11.359770304888 27.2038621442325 13.6391726893028 81.6115864326975 11.5709117451486 27.2038621442325 15.9185750737176 54.407724288465 13.601931072117 81.6115864326975 13.9558848496937 81.6115864326975 16.3408579542388 54.407724288465 18.6575019558394 54.407724288465 20.4028966081755 27.2038621442325 19.3190578417469 27.2038621442325 21.5984602261616 81.6115864326975 19.741340722268 81.6115864326975 22.1263138268131 27.2038621442325 24.9989429941909 27.2038621442325 27.2783453786057 81.6115864326975 25.5267965948424 27.2038621442325 29.5577477630205 81.6115864326975 27.9117696993875 54.407724288465 27.203862144234 27.2038621442325 32.9582305310497 54.407724288465 31.5120461055468 54.407724288465 34.0048276802925 81.6115864326975 31.3122524674167 54.407724288465 30.2656553181739 27.2038621442325 35.2376329154645 81.6115864326975 33.6972255719618 81.6115864326975 36.0821986765069 27.2038621442325 38.6381156834938 27.2038621442325 40.9175180679085 81.6115864326975 39.4826814445361 27.2038621442325 43.1969204523233 81.6115864326975 41.8676545490812 54.407724288465 40.805793216351 27.2038621442325 46.5974032203526 54.407724288465 45.3747741075055 54.407724288465 47.6067587524095 81.6115864326975 45.2681373171104 54.407724288465 44.2587817850535 27.2038621442325 48.8768056047674 81.6115864326975 47.6531104216555 54.407724288465 50.0743398365088 27.2038621442325 52.2772883727966 81.6115864326975 50.0380835262006 54.407724288465 51.3081303785585 27.2038621442325 54.5566907572114 27.2038621442325 56.8360931416262 81.6115864326975 55.8235393987749 54.407724288465 54.407724288468 81.6115864326975 53.4385662942299 81.6115864326975 59.2240221668038 27.2038621442325 62.5159782940698 27.2038621442325 60.236575909655 54.407724288465 61.2086898245258 81.6115864326975 61.6089952713489 54.407724288465 62.916283740893 27.2038621442325 65.9164610620987 72.54363238462 64.2039381363494 54.407724288465 65.301256845438 54.407724288465 68.0096553605835 27.2038621442325 68.1958634465135 27.2038621442325 70.4752658309283 54.407724288465 70.833241599403 81.6115864326975 69.7794242484679 81.6115864326975 67.3944511439229 81.6115864326975 73.1799070164968 27.2038621442325 76.1551509833719 27.2038621442325 73.8757485989572 54.407724288465 74.8106208966413 81.6115864326975 75.5648801210419 54.407724288465 76.9094102077725 27.2038621442325 79.5556337514008 81.6115864326975 78.9653628890707 27.2038621442325 81.8350361358156 54.407724288465 81.611586432699 81.6115864326975 81.3503359936158 27.2038621442325 84.1144385202304 81.6115864326975 83.7353090981609 27.2038621442325 87.5149212882593 54.407724288465 86.2381611856923 54.407724288465 88.4125519687567 81.6115864326975 87.1357918661897 27.2038621442325 89.794323672674 81.6115864326975 89.5207649707348 27.2038621442325 93.1948064407029 81.6115864326975 92.9212477387637 27.2038621442325 95.4742088251177 54.407724288465 95.2135175048145 81.6115864326975 95.3062208433088 27.2038621442325 97.7536112095325 81.6115864326975 97.6911939478538 54.407724288465 100.231287652572 54.407724288465 102.014483040872 27.2038621442325 101.154093977561 27.2038621442325 103.284529893231 81.6115864326975 101.091676715883 81.6115864326975 103.253321262392 28.0220727059446 106.68501266126 82.4297969944096 106.653804030421 55.2259348501771 2.3321877444799 54.953197996273 3.10958365930654 27.4765989981365 3.83419421406804 27.2038621442325 4.61159012889468 81.8843232866015 3.93976493419834 81.6115864326975 4.71716084902498 27.2038621442325 9.2231802577894 54.407724288465 10.7531443426521 54.407724288465 9.32875097791969 54.407724288465 8.06485825698908 81.6115864326975 9.43432169804999 81.6115864326975 10.1465183804162 54.407724288465 11.4653410250183 54.407724288465 16.1297165139782 54.407724288465 16.9723116612653 27.2038621442325 17.6037653682918 27.2038621442325 18.4463605155788 81.6115864326975 18.8686433961 27.2038621442325 23.0579506444735 54.407724288465 23.3218774447993 54.407724288465 21.8623870264874 81.6115864326975 23.585804245125 54.407724288465 25.2628697945166 54.407724288465 28.734758731204 27.2038621442325 31.7118397436769 81.6115864326975 29.4426662863574 54.407724288465 35.6599157959857 54.407724288465 37.3150039116789 27.2038621442325 36.8927210311577 81.6115864326975 37.7372867922001 54.407724288465 39.0603985640149 54.407724288465 42.5322875007023 27.2038621442325 44.9234147366746 27.2038621442325 45.4814108979006 81.6115864326975 43.5941488334325 27.2038621442325 50.110596146817 27.2038621442325 50.7274914178418 54.407724288465 52.8579273335132 81.6115864326975 51.8887693392751 54.407724288465 56.3298162702006 54.407724288465 58.2519082519331 27.2038621442325 58.7581851233587 81.6115864326975 57.7456313805075 54.407724288465 59.7302990382294 27.2038621442325 63.3697752522534 27.2038621442325 64.562261804526 81.6115864326975 66.0402518863501 27.2038621442325 72.5929555100429 54.407724288465 72.2450347188127 81.6115864326975 71.1912173678776 81.6115864326975 71.8971139275825 54.407724288465 73.527827807727 27.2038621442325 77.2045456389376 27.2038621442325 77.9882416764253 54.407724288465 78.476802282748 81.6115864326975 76.6142747766075 54.407724288465 79.2604983202358 54.407724288465 83.9248738091956 54.407724288465 84.6959696013612 27.2038621442325 86.427725896727 81.6115864326975 85.277500682492 81.6115864326975 86.0485964746575 54.407724288465 89.6575443217044 54.407724288465 90.9025366746521 27.2038621442325 91.0393160256217 27.2038621442325 91.7578128306488 54.407724288465 92.3395302847062 81.6115864326975 90.7657573236825 54.407724288465 93.0580270897333 54.407724288465 97.7224025786932 54.407724288465 98.5586976033194 27.2038621442325 99.4262012587849 27.2038621442325 100.262496283411 81.6115864326975 99.3637839971063 81.6115864326975 100.200079021732 54.407724288465 103.268925577812 54.407724288465 104.523368114751 27.2038621442325 104.538972430171 27.4765989981365 105.254319173867 54.953197996273 105.954061602144 81.6115864326975 104.507763799331 81.8843232866015 105.223110543028 55.2259348501771 106.66940834584 70 1 2 70 2 3 70 3 4 70 4 5 70 47 1 71 7 8 71 8 9 71 9 10 71 10 11 71 11 12 71 12 13 72 73 74 75 48 47 75 74 73 75 47 74 76 73 72 77 13 14 77 73 76 77 76 13 78 49 48 79 49 78 80 14 15 81 49 79 81 79 82 81 50 49 83 80 15 83 82 80 84 15 16 84 83 15 85 86 87 88 87 86 88 51 50 88 50 87 89 86 85 90 16 17 90 86 89 90 89 16 91 52 51 92 52 91 93 17 18 94 53 52 94 52 92 95 96 93 95 93 18 97 98 99 100 18 19 100 98 101 102 97 99 102 54 53 102 53 97 103 99 98 103 100 19 103 98 100 104 19 20 104 103 19 105 55 54 106 55 105 107 20 21 108 56 55 108 55 106 109 107 21 109 110 107 111 112 113 114 112 115 114 21 22 116 111 113 116 56 111 116 57 56 117 113 112 117 112 114 117 114 22 118 116 113 118 113 117 119 58 57 120 118 117 120 117 22 120 22 23 121 118 120 122 58 119 123 59 58 123 58 122 124 23 24 124 125 126 124 126 23 127 24 25 128 59 129 128 60 59 128 129 130 131 127 25 132 128 130 132 130 131 133 61 60 134 131 25 134 25 26 134 132 131 135 136 133 137 61 133 137 133 136 138 137 136 138 62 61 138 61 137 139 138 136 140 26 27 140 141 26 140 139 136 140 136 141 142 27 28 143 63 62 143 144 145 143 62 144 146 142 28 146 145 142 147 143 145 147 145 146 148 64 63 149 28 29 150 148 151 150 64 148 152 149 29 153 64 150 153 65 64 154 152 29 154 151 152 154 29 30 155 156 157 158 157 156 158 30 31 159 155 157 159 65 155 159 66 65 160 158 31 160 157 158 161 67 66 162 31 32 163 161 164 163 67 161 165 162 32 166 67 163 166 68 67 167 32 33 167 165 32 168 169 170 171 69 68 171 170 169 171 68 170 172 169 168 173 33 34 173 169 172 173 172 33 174 37 36 174 38 37 174 39 38 174 40 39 174 36 69 175 34 35 175 43 42 175 44 43 175 45 44 175 46 45 175 35 46 176 71 177 176 5 6 176 6 7 176 177 70 176 70 5 176 7 71 178 47 70 178 70 177 178 177 72 179 72 74 179 178 72 179 74 47 179 47 178 180 177 71 180 72 177 180 71 13 181 72 180 181 180 13 181 76 72 181 13 76 182 183 78 182 184 183 182 78 48 182 48 75 185 77 184 185 184 182 185 182 75 185 75 73 185 73 77 186 184 77 186 77 14 187 80 183 187 183 184 187 14 80 187 186 14 187 184 186 188 183 80 188 78 183 188 79 78 188 80 82 188 82 79 189 81 82 189 82 83 189 190 81 189 83 84 189 84 190 191 50 81 191 81 190 191 190 85 192 191 85 192 50 191 192 85 87 192 87 50 193 84 16 193 85 190 193 190 84 193 89 85 193 16 89 194 91 51 194 195 91 194 51 88 196 195 194 196 88 86 196 90 195 196 194 88 196 86 90 197 195 90 197 17 93 197 90 17 198 197 93 198 91 195 198 92 91 198 96 92 198 93 96 198 195 197 199 92 96 199 94 92 199 96 95 199 101 94 200 53 94 200 94 101 200 101 98 200 97 53 200 98 97 201 199 95 201 101 199 201 100 101 201 18 100 201 95 18 202 102 99 202 103 104 202 104 203 202 99 103 204 202 203 204 54 102 204 102 202 204 105 54 204 203 105 205 104 20 205 20 107 205 203 104 206 106 105 206 205 107 206 203 205 206 105 203 206 110 106 206 107 110 207 110 109 207 115 108 207 106 110 207 108 106 208 108 115 208 115 112 208 56 108 209 112 111 209 111 56 209 208 112 209 56 208 210 114 115 210 21 114 210 115 207 210 109 21 210 207 109 211 57 116 211 116 118 212 118 121 212 119 57 212 57 211 212 211 118 212 121 119 213 125 122 213 126 125 213 122 119 213 119 121 214 121 120 214 120 23 214 23 126 214 126 213 214 213 121 215 122 125 215 125 124 215 216 123 215 123 122 217 59 123 217 123 216 217 129 59 218 124 24 218 127 216 218 24 127 218 215 124 218 216 215 219 216 127 219 131 130 219 127 131 219 130 129 219 217 216 219 129 217 220 60 128 220 128 132 221 60 220 221 135 133 221 133 60 221 132 134 221 220 132 221 134 135 222 26 141 222 136 135 222 134 26 222 135 134 222 141 136 223 62 138 223 138 139 223 139 224 223 144 62 225 140 27 225 139 140 225 224 139 226 225 27 226 142 224 226 224 225 226 27 142 227 224 142 227 223 224 227 144 223 227 145 144 227 142 145 228 63 143 228 143 147 229 148 63 229 230 148 229 147 230 229 63 228 229 228 147 231 147 146 231 149 230 231 230 147 231 28 149 231 146 28 232 148 230 232 230 149 232 151 148 232 149 152 232 152 151 233 153 150 233 234 153 233 151 154 233 154 234 233 150 151 235 65 153 235 153 234 235 234 156 235 156 155 235 155 65 236 234 154 236 154 30 236 156 234 237 158 156 237 30 158 237 236 30 237 156 236 238 157 160 238 239 159 238 159 157 240 66 159 240 159 239 241 239 242 241 66 240 241 242 161 241 240 239 241 161 66 243 160 31 243 242 239 243 31 162 243 162 242 243 238 160 243 239 238 244 164 161 244 242 162 244 161 242 244 162 165 244 165 164 245 163 164 245 164 165 245 165 167 245 167 246 245 166 163 245 246 166 247 68 166 247 246 168 247 166 246 248 68 247 248 247 168 248 168 170 248 170 68 249 167 33 249 246 167 249 168 246 250 249 33 250 168 249 250 172 168 250 33 172 251 171 169 251 169 173 251 252 171 253 69 171 253 171 252 254 253 252 254 174 69 254 252 255 254 69 253 254 255 174 256 173 34 256 251 173 256 252 251 257 256 34 257 34 175 257 252 256 257 255 252 257 175 255 258 40 174 258 41 40 258 42 41 258 175 42 258 174 255 258 255 175 
46 44 1 0 7.58859974442808e-15
-31.65780458431 -1.500807988202e-14 2 -31.3581934398765 4.34516356677789 2 -30.464869803277 8.60861058525741 2 -28.9947910052748 12.7089998358617 2 -26.9762485298797 16.5680033335847 2 -24.4484071825256 20.1119857348924 2 -21.4604259641403 23.2737353089832 2 -18.0700907043092 25.9940190570896 2 -14.3420808709008 28.2227370486448 2 -10.3461176727667 29.9195194466532 2 -6.15529760643867 31.0537440164872 2 -1.84490496713564 31.6041521525922 2 2.50810221276731 31.5584917890423 2 6.82508453223088 30.9135504906365 2 11.0257022452048 29.6759297997278 2 15.0282703441537 27.8634795750973 2 18.7511272188102 25.507113506378 2 22.1153175726382 22.6523676065588 2 25.0483121532748 19.3599257901914 2 27.4882827165261 15.70455931681 2 29.388238739356 11.7721014783967 2 30.7190980621359 7.65419656994698 2 31.4246773595763 3.83700664847311 2 31.657804584317 1.500807988202e-14 2 31.3551164141457 -4.36951193931386 2 30.438539697968 -8.70327869789616 2 28.9056401008112 -12.9117150326397 2 26.7732261518954 -16.8946276885089 2 24.0794143818078 -20.5524406957698 2 20.881734127079 -23.794318713546 2 17.2529927408386 -26.5434290372268 2 13.276271231459 -28.7396109683721 2 9.04009947770931 -30.3398250815263 2 4.6345691389417 -31.3169345127749 2 0.148881192218521 -31.6576257399528 2 -4.32956802192345 -31.3604696548909 2 -8.71533728479382 -30.4345802535109 2 -12.9248458666173 -28.8992560900617 2 -16.8766826762694 -26.7842316304369 2 -20.4927102221446 -24.1301799010773 2 -23.6998550868527 -20.9888881305538 2 -26.4322443965464 -17.4227770220034 2 -28.6333051891032 -13.5037203745511 2 -30.2574911951058 -9.31132013362971 2 -31.2714391801299 -4.93090261074997 2 -31.56107743209 -2.47288067727296 2 31.65780458431 -1.4210854715202e-14 31.3581934398765 4.34516356677789 30.464869803277 8.60861058525741 28.9947910052748 12.7089998358617 26.9762485298797 16.5680033335847 24.4484071825256 20.1119857348924 21.4604259641403 23.2737353089832 18.0700907043092 25.9940190570896 14.3420808709008 28.2227370486447 10.3461176727667 29.9195194466532 6.15529760643867 31.0537440164872 1.84490496713564 31.6041521525922 -2.50810221276732 31.5584917890423 -6.82508453223088 30.9135504906365 -11.0257022452048 29.6759297997278 -15.0282703441537 27.8634795750973 -18.7511272188102 25.507113506378 -22.1153175726382 22.6523676065588 -25.0483121532748 19.3599257901914 -27.4882827165261 15.70455931681 -29.388238739356 11.7721014783967 -30.7190980621359 7.65419656994698 -31.4246773595763 3.83700664847311 -31.657804584317 1.4210854715202e-14 -31.3551164141457 -4.36951193931386 -30.438539697968 -8.70327869789616 -28.9056401008112 -12.9117150326397 -26.7732261518954 -16.8946276885089 -24.0794143818078 -20.5524406957698 -20.881734127079 -23.794318713546 -17.2529927408386 -26.5434290372268 -13.276271231459 -28.7396109683721 -9.04009947770931 -30.3398250815263 -4.6345691389417 -31.316934512775 -0.148881192218521 -31.6576257399528 4.32956802192344 -31.3604696548909 8.71533728479382 -30.4345802535109 12.9248458666173 -28.8992560900617 16.8766826762694 -26.7842316304369 20.4927102221446 -24.1301799010773 23.6998550868527 -20.9888881305538 26.4322443965464 -17.4227770220034 28.6333051891032 -13.5037203745511 30.2574911951058 -9.31132013362971 31.2714391801299 -4.93090261074997 31.56107743209 -2.47288067727296 25 26 27 25 27 28 35 31 32 35 32 33 35 33 34 24 28 29 24 29 30 24 25 28 36 31 35 37 30 31 37 31 36 21 22 23 38 30 37 20 23 24 20 21 23 39 30 38 19 20 24 40 30 39 18 19 24 41 30 40 43 41 42 44 41 43 44 30 41 13 14 15 1 44 45 1 45 46 12 13 15 12 15 16 11 12 16 11 16 17 3 1 2 3 30 44 3 44 1 3 24 30 10 11 17 9 10 17 8 17 18 8 9 17 6 3 4 6 4 5 6 24 3 7 24 6 7 8 18 7 18 24 

TShapes 201
Ve
8.37972256876885e-07
14.599482279464 37.385119356503 7.223790440223
0 0

0101101
*
Ve
1e-07
-30 -51.96152422706 150
0 0

0101101
*
Ed
 1e-07 1 1 0
1  1 0 7.22379044022214 150
2  1 1 0 7.22379044022214 150
2  2 2 0 7.22379044022214 150
4 C0 1 0 2 0
6  1 1 0
6  2 2 0
0

0101000
+201 0 -200 0 *
Ve
8.37971954769366e-07
15.928547905577 35.57292117128 3.007113252462
0 0

0101101
*
Ed
 1e-07 1 1 0
1  2 0 0 1
2  3 1 0 0 1
2  4 3 0 0 1
4 C0 1 0 3 0
6  3 1 0
6  4 3 0
0

0101000
+198 0 -201 0 *
Ve
8.37971954769366e-07
-6.049037142135 39.676204225977 7.223790440223
0 0

0101101
*
Ed
 8.37971954769366e-07 1 1 0
1  3 0 4.11095006567795 25.264751901935
2  5 1 0 4.11095006567795 25.264751901935
2  6 4 0 4.11095006567795 25.264751901935
4 C0 1 0 4 0
6  5 1 0
6  6 4 0
0

0101000
+198 0 -196 0 *
Ve
1e-07
-3.241851231905e-14 -60 150
0 0

0101101
*
Ed
 1e-07 1 1 0
1  4 0 7.22379044022234 150
2  7 1 0 7.22379044022234 150
2  8 5 0 7.22379044022234 150
4 C0 1 0 5 0
6  7 1 0
6  8 5 0
0

0101000
+196 0 -194 0 *
Ed
 1e-07 1 1 0
1  5 0 0 0.763337317515
2  9 1 0 0 0.763337317515
4 C0 1 0 6 0
6  9 1 0
6  10 6 0
0

0101000
+200 0 -194 0 *
Wi

0101100
-199 0 -197 0 +195 0 +193 0 -192 0 *
Fa
0  1e-07 1 0
2  1
0101000
+191 0 *
Ve
8.37685251651974e-07
31.336082214368 25.076721946513 7.223790440223
0 0

0101101
*
Ve
1e-07
-51.96152422706 -30 150
0 0

0101101
*
Ed
 1e-07 1 1 0
1  6 0 7.22379044022237 150
2  10 2 0 7.22379044022237 150
2  11 7 0 7.22379044022237 150
4 C0 2 0 7 0
6  11 2 0
6  12 7 0
0

0101000
+189 0 -188 0 *
Ve
8.37972256876885e-07
31.580987717267 22.842779468361 3.007113252462
0 0

0101101
*
Ed
 1e-07 1 1 0
1  7 0 0 1
2  12 2 0 0 1
2  13 8 0 0 1
4 C0 2 0 8 0
6  13 2 0
6  14 8 0
0

0101000
+186 0 -189 0 *
Ed
 8.37972256876885e-07 1 1 0
1  8 0 4.11095006567795 25.264751901939
2  14 2 0 4.11095006567795 25.264751901939
2  15 3 0 4.11095006567795 25.264751901939
4 C0 2 0 3 0
6  15 2 0
6  16 3 0
0

0101000
+186 0 -201 0 *
Ed
 1e-07 1 1 0
1  9 0 0 0.763337317515
2  16 2 0 0 0.763337317515
4 C0 2 0 6 0
6  17 2 0
6  18 6 0
0

0101000
+188 0 -200 0 *
Wi

0101100
-187 0 -185 0 +184 0 +199 0 -183 0 *
Fa
0  1e-07 2 0
2  2
0101000
+182 0 *
Ve
1e-07
13.959605165383 30.858436735558 6.994405055138e-15
0 0

0101101
*
Ed
 1e-07 1 1 0
1  10 0 0 1
2  17 3 0 0 1
2  18 4 0 0 1
4 C0 3 0 4 0
6  19 3 0
6  20 4 0
0

0101000
+180 0 -198 0 *
Ve
1e-07
27.518591067801 19.744387551377 6.328271240363e-15
0 0

0101101
*
Ed
 1e-07 1 1 0
1  11 0 0 1
2  19 3 0 0 1
2  20 8 0 0 1
4 C0 3 0 8 0
6  21 3 0
6  22 8 0
0

0101000
+178 0 -186 0 *
Ed
 1e-07 1 1 0
1  12 0 5.73217467041966 20.3351385732881
2  21 3 0 5.73217467041966 20.3351385732881
4 C0 3 0 9 0
6  23 3 0
6  24 9 0
0

0101000
+178 0 -180 0 *
Wi

0101100
+179 0 +197 0 -184 0 -177 0 +176 0 *
Fa
0  1e-07 3 0
2  3
0101000
+175 0 *
Ve
1e-07
30 -51.96152422706 150
0 0

0101101
*
Ed
 1e-07 1 1 0
1  13 0 0 0.763337317515
2  22 5 0 0 0.763337317515
4 C0 6 0 5 0
6  25 5 0
6  26 6 0
0

0101000
+194 0 -173 0 *
Ve
1e-07
51.961524227066 -30 150
0 0

0101101
*
Ed
 1e-07 1 1 0
1  14 0 0 0.763337317515
2  23 10 0 0 0.763337317515
4 C0 6 0 10 0
6  27 10 0
6  28 6 0
0

0101000
+173 0 -171 0 *
Ve
1e-07
60 -4.973799150321e-14 150
0 0

0101101
*
Ed
 1e-07 1 1 0
1  15 0 0 0.763337317515
2  24 11 0 0 0.763337317515
4 C0 6 0 11 0
6  29 11 0
6  30 6 0
0

0101000
+171 0 -169 0 *
Ve
1e-07
51.961524227066 30 150
0 0

0101101
*
Ed
 1e-07 1 1 0
1  16 0 0 0.763337317515
2  25 12 0 0 0.763337317515
4 C0 6 0 12 0
6  31 12 0
6  32 6 0
0

0101000
+169 0 -167 0 *
Ve
1e-07
30 51.961524227066 150
0 0

0101101
*
Ed
 1e-07 1 1 0
1  17 0 0 0.763337317515
2  26 13 0 0 0.763337317515
4 C0 6 0 13 0
6  33 13 0
6  34 6 0
0

0101000
+167 0 -165 0 *
Ve
1e-07
4.485301019486e-14 60 150
0 0

0101101
*
Ed
 1e-07 1 1 0
1  18 0 0 0.763337317515
2  27 14 0 0 0.763337317515
4 C0 6 0 14 0
6  35 14 0
6  36 6 0
0

0101000
+165 0 -163 0 *
Ve
1e-07
-30 51.961524227066 150
0 0

0101101
*
Ed
 1e-07 1 1 0
1  19 0 0 0.763337317515
2  28 15 0 0 0.763337317515
4 C0 6 0 15 0
6  37 15 0
6  38 6 0
0

0101000
+163 0 -161 0 *
Ve
1e-07
-51.96152422706 30 150
0 0

0101101
*
Ed
 1e-07 1 1 0
1  20 0 0 0.763337317515
2  29 16 0 0 0.763337317515
4 C0 6 0 16 0
6  39 16 0
6  40 6 0
0

0101000
+161 0 -159 0 *
Ve
1e-07
-60 4.618527782441e-14 150
0 0

0101101
*
Ed
 1e-07 1 1 0
1  21 0 0 0.763337317515
2  30 17 0 0 0.763337317515
4 C0 6 0 17 0
6  41 17 0
6  42 6 0
0

0101000
+159 0 -157 0 *
Ed
 1e-07 1 1 0
1  22 0 0 0.763337317515
2  31 7 0 0 0.763337317515
4 C0 6 0 7 0
6  43 7 0
6  44 6 0
0

0101000
+157 0 -188 0 *
Wi

0101100
+192 0 +172 0 +170 0 +168 0 +166 0 +164 0 +162 0 +160 0 +158 0 +156 0 
+155 0 +183 0 *
Ve
1e-07
51.955549577344 3.181359874392e-15 150
0 0

0101101
*
Ve
1e-07
-51.95554957734 -3.181359874392e-15 150
0 0

0101101
*
Ed
 1e-07 1 1 0
1  23 0 0 3.14159265359
2  32 18 0 0 3.14159265359
4 C0 6 0 18 0
6  45 18 0
6  46 6 0
0

0101000
+153 0 -152 0 *
Ed
 1e-07 1 1 0
1  24 0 0 3.14159265359
2  33 19 0 0 3.14159265359
4 C0 6 0 19 0
6  47 19 0
6  48 6 0
0

0101000
+152 0 -153 0 *
Wi

0101100
+151 0 +150 0 *
Fa
0  1e-07 6 0
2  6
0101000
+154 0 +149 0 *
Ve
1e-07
-3.339845667758 33.703992716759 7.105427357601e-15
0 0

0101101
*
Ve
8.3768417994192e-07
-3.991933454013 38.771327373938 3.007113252462
0 0

0101101
*
Ed
 1e-07 1 1 0
1  25 0 0 1
2  34 4 0 0 1
2  35 20 0 0 1
4 C0 4 0 20 0
6  49 4 0
6  50 20 0
0

0101000
+147 0 -146 0 *
Ed
 1e-07 1 1 0
1  26 0 0 1
2  36 4 0 0 1
2  37 5 0 0 1
4 C0 4 0 5 0
6  51 4 0
6  52 5 0
0

0101000
+146 0 -196 0 *
Ed
 1e-07 1 1 0
1  27 0 5.73217467041886 20.3351385732861
2  38 4 0 5.73217467041886 20.3351385732861
4 C0 4 0 9 0
6  53 4 0
6  54 9 0
0

0101000
+180 0 -147 0 *
Wi

0101100
+145 0 +144 0 -195 0 -179 0 +143 0 *
Fa
0  1e-07 4 0
2  4
0101000
+142 0 *
Ve
8.3768417994192e-07
-25.07672194651 31.336082214368 7.223790440223
0 0

0101101
*
Ed
 8.3768417994192e-07 1 1 0
1  28 0 4.11095006567837 25.264751901936
2  39 5 0 4.11095006567837 25.264751901936
2  40 20 0 4.11095006567837 25.264751901936
4 C0 5 0 20 0
6  55 5 0
6  56 20 0
0

0101000
+146 0 -140 0 *
Ed
 1e-07 1 1 0
1  29 0 7.22379044022206 150
2  41 5 0 7.22379044022206 150
2  42 10 0 7.22379044022206 150
4 C0 5 0 10 0
6  57 5 0
6  58 10 0
0

0101000
+140 0 -173 0 *
Wi

0101100
-193 0 -144 0 +139 0 +138 0 -172 0 *
Fa
0  1e-07 5 0
2  5
0101000
+137 0 *
Ve
8.37972453409474e-07
39.676204225977 6.049037142135 7.223790440223
0 0

0101101
*
Ed
 1e-07 1 1 0
1  30 0 7.22379044022218 150
2  43 7 0 7.22379044022218 150
2  44 17 0 7.22379044022218 150
4 C0 7 0 17 0
6  59 7 0
6  60 17 0
0

0101000
+135 0 -157 0 *
Ve
8.37685251651974e-07
38.771327373938 3.991933454013 3.007113252462
0 0

0101101
*
Ed
 1e-07 1 1 0
1  31 0 0 1
2  45 7 0 0 1
2  46 21 0 0 1
4 C0 7 0 21 0
6  61 7 0
6  62 21 0
0

0101000
+133 0 -135 0 *
Ed
 8.37685251651974e-07 1 1 0
1  32 0 4.11095006567829 25.264751901936
2  47 7 0 4.11095006567829 25.264751901936
2  48 8 0 4.11095006567829 25.264751901936
4 C0 7 0 8 0
6  63 7 0
6  64 8 0
0

0101000
+133 0 -189 0 *
Wi

0101100
-134 0 -132 0 +131 0 +187 0 -155 0 *
Fa
0  1e-07 7 0
2  7
0101000
+130 0 *
Ve
1e-07
33.703992716759 3.339845667758 5.218048215738e-15
0 0

0101101
*
Ed
 1e-07 1 1 0
1  33 0 0 1
2  49 8 0 0 1
2  50 21 0 0 1
4 C0 8 0 21 0
6  65 8 0
6  66 21 0
0

0101000
+128 0 -133 0 *
Ed
 1e-07 1 1 0
1  34 0 5.73217467042052 20.3351385732855
2  51 8 0 5.73217467042052 20.3351385732855
4 C0 8 0 9 0
6  67 8 0
6  68 9 0
0

0101000
+128 0 -178 0 *
Wi

0101100
+177 0 +185 0 -131 0 -127 0 +126 0 *
Fa
0  1e-07 8 0
2  8
0101000
+125 0 *
Ve
1e-07
-19.74438755137 27.518591067801 5.995204332976e-15
0 0

0101101
*
Ed
 1e-07 1 1 0
1  35 0 5.73217467042027 20.3351385732831
2  52 20 0 5.73217467042027 20.3351385732831
4 C0 9 0 20 0
6  69 20 0
6  70 9 0
0

0101000
+147 0 -123 0 *
Ve
1e-07
-30.85843673555 13.959605165382 5.107025913276e-15
0 0

0101101
*
Ed
 1e-07 1 1 0
1  36 0 5.7321746704184 20.3351385732827
2  53 22 0 5.7321746704184 20.3351385732827
4 C0 9 0 22 0
6  71 22 0
6  72 9 0
0

0101000
+123 0 -121 0 *
Ve
1e-07
-33.70399271675 -3.339845667758 3.552713678801e-15
0 0

0101101
*
Ed
 1e-07 1 1 0
1  37 0 5.73217467042027 20.3351385732853
2  54 23 0 5.73217467042027 20.3351385732853
4 C0 9 0 23 0
6  73 23 0
6  74 9 0
0

0101000
+121 0 -119 0 *
Ve
1e-07
-27.5185910678 -19.74438755137 1.221245327088e-15
0 0

0101101
*
Ed
 1e-07 1 1 0
1  38 0 5.73217467042133 20.3351385732816
2  55 24 0 5.73217467042133 20.3351385732816
4 C0 9 0 24 0
6  75 24 0
6  76 9 0
0

0101000
+119 0 -117 0 *
Ve
1e-07
-13.95960516538 -30.85843673555 -1.110223024625e-15
0 0

0101101
*
Ed
 1e-07 1 1 0
1  39 0 5.73217467041627 20.3351385732839
2  56 25 0 5.73217467041627 20.3351385732839
4 C0 9 0 25 0
6  77 25 0
6  78 9 0
0

0101000
+117 0 -115 0 *
Ve
1e-07
3.339845667758 -33.70399271675 1.110223024625e-16
0 0

0101101
*
Ed
 1e-07 1 1 0
1  40 0 5.73217467041735 20.3351385732853
2  57 26 0 5.73217467041735 20.3351385732853
4 C0 9 0 26 0
6  79 26 0
6  80 9 0
0

0101000
+115 0 -113 0 *
Ve
1e-07
19.744387551377 -27.5185910678 4.440892098501e-16
0 0

0101101
*
Ed
 1e-07 1 1 0
1  41 0 5.73217467042278 20.3351385732848
2  58 27 0 5.73217467042278 20.3351385732848
4 C0 9 0 27 0
6  81 27 0
6  82 9 0
0

0101000
+113 0 -111 0 *
Ve
1e-07
30.858436735558 -13.95960516538 1.998401444325e-15
0 0

0101101
*
Ed
 1e-07 1 1 0
1  42 0 5.73217467041826 20.3351385732857
2  59 28 0 5.73217467041826 20.3351385732857
4 C0 9 0 28 0
6  83 28 0
6  84 9 0
0

0101000
+111 0 -109 0 *
Ed
 1e-07 1 1 0
1  43 0 5.73217467041908 20.3351385732856
2  60 21 0 5.73217467041908 20.3351385732856
4 C0 9 0 21 0
6  85 21 0
6  86 9 0
0

0101000
+109 0 -128 0 *
Wi

0101100
+143 0 +122 0 +120 0 +118 0 +116 0 +114 0 +112 0 +110 0 +108 0 +107 0 
+126 0 +176 0 *
Fa
0  1e-07 9 0
2  9
0101000
+106 0 *
Ve
8.37972201663715e-07
-22.84277946836 31.580987717267 3.007113252462
0 0

0101101
*
Ed
 1e-07 1 1 0
1  44 0 0 1
2  61 10 0 0 1
2  62 20 0 0 1
4 C0 10 0 20 0
6  87 10 0
6  88 20 0
0

0101000
+104 0 -140 0 *
Ve
8.37972201663715e-07
-37.3851193565 14.599482279464 7.223790440223
0 0

0101101
*
Ed
 8.37972201663715e-07 1 1 0
1  45 0 4.11095006567851 25.264751901936
2  63 10 0 4.11095006567851 25.264751901936
2  64 22 0 4.11095006567851 25.264751901936
4 C0 10 0 22 0
6  89 10 0
6  90 22 0
0

0101000
+104 0 -102 0 *
Ed
 1e-07 1 1 0
1  46 0 7.22379044022342 150
2  65 10 0 7.22379044022342 150
2  66 11 0 7.22379044022342 150
4 C0 10 0 11 0
6  91 10 0
6  92 11 0
0

0101000
+102 0 -171 0 *
Wi

0101100
-138 0 -103 0 +101 0 +100 0 -170 0 *
Fa
0  1e-07 10 0
2  10
0101000
+99 0 *
Ve
8.37972238092584e-07
37.385119356503 -14.59948227946 7.223790440223
0 0

0101101
*
Ed
 1e-07 1 1 0
1  47 0 7.2237904402239 150
2  67 17 0 7.2237904402239 150
2  68 16 0 7.2237904402239 150
4 C0 17 0 16 0
6  93 17 0
6  94 16 0
0

0101000
+97 0 -159 0 *
Ve
8.37972453409474e-07
35.57292117128 -15.92854790557 3.007113252462
0 0

0101101
*
Ed
 1e-07 1 1 0
1  48 0 0 1
2  69 17 0 0 1
2  70 28 0 0 1
4 C0 17 0 28 0
6  95 17 0
6  96 28 0
0

0101000
+95 0 -97 0 *
Ed
 8.37972453409474e-07 1 1 0
1  49 0 4.1109500656797 25.264751901933
2  71 17 0 4.1109500656797 25.264751901933
2  72 21 0 4.1109500656797 25.264751901933
4 C0 17 0 21 0
6  97 17 0
6  98 21 0
0

0101000
+95 0 -135 0 *
Wi

0101100
-96 0 -94 0 +93 0 +134 0 -156 0 *
Fa
0  1e-07 17 0
2  17
0101000
+92 0 *
Ve
8.37974429480846e-07
-35.57292117128 15.928547905577 3.007113252462
0 0

0101101
*
Ed
 1e-07 1 1 0
1  50 0 0 1
2  73 11 0 0 1
2  74 22 0 0 1
4 C0 11 0 22 0
6  99 11 0
6  100 22 0
0

0101000
+90 0 -102 0 *
Ve
8.37974429480846e-07
-39.67620422597 -6.049037142135 7.223790440223
0 0

0101101
*
Ed
 8.37974429480846e-07 1 1 0
1  51 0 4.11095006567786 25.264751901936
2  75 11 0 4.11095006567786 25.264751901936
2  76 23 0 4.11095006567786 25.264751901936
4 C0 11 0 23 0
6  101 11 0
6  102 23 0
0

0101000
+90 0 -88 0 *
Ed
 1e-07 1 1 0
1  52 0 7.22379044022431 150
2  77 11 0 7.22379044022431 150
2  78 12 0 7.22379044022431 150
4 C0 11 0 12 0
6  103 11 0
6  104 12 0
0

0101000
+88 0 -169 0 *
Wi

0101100
-100 0 -89 0 +87 0 +86 0 -168 0 *
Fa
0  1e-07 11 0
2  11
0101000
+85 0 *
Ve
8.37689940086365e-07
25.076721946513 -31.33608221436 7.223790440223
0 0

0101101
*
Ed
 1e-07 1 1 0
1  53 0 7.22379044022261 150
2  79 16 0 7.22379044022261 150
2  80 15 0 7.22379044022261 150
4 C0 16 0 15 0
6  105 16 0
6  106 15 0
0

0101000
+83 0 -161 0 *
Ve
8.37972238092584e-07
22.842779468362 -31.58098771726 3.007113252462
0 0

0101101
*
Ed
 1e-07 1 1 0
1  54 0 0 1
2  81 16 0 0 1
2  82 27 0 0 1
4 C0 16 0 27 0
6  107 16 0
6  108 27 0
0

0101000
+81 0 -83 0 *
Ed
 8.37972238092584e-07 1 1 0
1  55 0 4.11095006568098 25.264751901937
2  83 16 0 4.11095006568098 25.264751901937
2  84 28 0 4.11095006568098 25.264751901937
4 C0 16 0 28 0
6  109 16 0
6  110 28 0
0

0101000
+81 0 -97 0 *
Wi

0101100
-82 0 -80 0 +79 0 +96 0 -158 0 *
Fa
0  1e-07 16 0
2  16
0101000
+78 0 *
Ve
8.37689376475619e-07
-38.77132737393 -3.991933454013 3.007113252462
0 0

0101101
*
Ed
 1e-07 1 1 0
1  56 0 0 1
2  85 12 0 0 1
2  86 23 0 0 1
4 C0 12 0 23 0
6  111 12 0
6  112 23 0
0

0101000
+76 0 -88 0 *
Ve
8.37689376475619e-07
-31.33608221436 -25.07672194651 7.223790440223
0 0

0101101
*
Ed
 8.37689376475619e-07 1 1 0
1  57 0 4.11095006568052 25.264751901934
2  87 12 0 4.11095006568052 25.264751901934
2  88 24 0 4.11095006568052 25.264751901934
4 C0 12 0 24 0
6  113 12 0
6  114 24 0
0

0101000
+76 0 -74 0 *
Ed
 1e-07 1 1 0
1  58 0 7.22379044022233 150
2  89 12 0 7.22379044022233 150
2  90 13 0 7.22379044022233 150
4 C0 12 0 13 0
6  115 12 0
6  116 13 0
0

0101000
+74 0 -167 0 *
Wi

0101100
-86 0 -75 0 +73 0 +72 0 -166 0 *
Fa
0  1e-07 12 0
2  12
0101000
+71 0 *
Ve
8.37974658130113e-07
6.049037142135 -39.67620422597 7.223790440222
0 0

0101101
*
Ed
 1e-07 1 1 0
1  59 0 7.2237904402219 150
2  91 15 0 7.2237904402219 150
2  92 14 0 7.2237904402219 150
4 C0 15 0 14 0
6  117 15 0
6  118 14 0
0

0101000
+69 0 -163 0 *
Ve
8.37689940086365e-07
3.991933454013 -38.77132737393 3.007113252462
0 0

0101101
*
Ed
 1e-07 1 1 0
1  60 0 0 1
2  93 15 0 0 1
2  94 26 0 0 1
4 C0 15 0 26 0
6  119 15 0
6  120 26 0
0

0101000
+67 0 -69 0 *
Ed
 8.37689940086365e-07 1 1 0
1  61 0 4.1109500656817 25.264751901936
2  95 15 0 4.1109500656817 25.264751901936
2  96 27 0 4.1109500656817 25.264751901936
4 C0 15 0 27 0
6  121 15 0
6  122 27 0
0

0101000
+67 0 -83 0 *
Wi

0101100
-68 0 -66 0 +65 0 +82 0 -160 0 *
Fa
0  1e-07 15 0
2  15
0101000
+64 0 *
Ve
8.37974223452674e-07
-31.58098771726 -22.84277946836 3.007113252462
0 0

0101101
*
Ed
 1e-07 1 1 0
1  62 0 0 1
2  97 13 0 0 1
2  98 24 0 0 1
4 C0 13 0 24 0
6  123 13 0
6  124 24 0
0

0101000
+62 0 -74 0 *
Ve
8.37974223452674e-07
-14.59948227946 -37.3851193565 7.223790440223
0 0

0101101
*
Ed
 8.37974223452674e-07 1 1 0
1  63 0 4.11095006568138 25.264751901935
2  99 13 0 4.11095006568138 25.264751901935
2  100 25 0 4.11095006568138 25.264751901935
4 C0 13 0 25 0
6  125 13 0
6  126 25 0
0

0101000
+62 0 -60 0 *
Ed
 1e-07 1 1 0
1  64 0 7.22379044022494 150
2  101 13 0 7.22379044022494 150
2  102 14 0 7.22379044022494 150
4 C0 13 0 14 0
6  127 13 0
6  128 14 0
0

0101000
+60 0 -165 0 *
Wi

0101100
-72 0 -61 0 +59 0 +58 0 -164 0 *
Fa
0  1e-07 13 0
2  13
0101000
+57 0 *
Ve
8.37974658130113e-07
-15.92854790557 -35.57292117128 3.007113252462
0 0

0101101
*
Ed
 1e-07 1 1 0
1  65 0 0 1
2  103 14 0 0 1
2  104 25 0 0 1
4 C0 14 0 25 0
6  129 14 0
6  130 25 0
0

0101000
+55 0 -60 0 *
Ed
 8.37974658130113e-07 1 1 0
1  66 0 4.11095006568005 25.264751901935
2  105 14 0 4.11095006568005 25.264751901935
2  106 26 0 4.11095006568005 25.264751901935
4 C0 14 0 26 0
6  131 14 0
6  132 26 0
0

0101000
+55 0 -69 0 *
Wi

0101100
-58 0 -54 0 +53 0 +68 0 -162 0 *
Fa
0  1e-07 14 0
2  14
0101000
+52 0 *
Ve
4.57920578633726e-06
34.657520805973 9.410691946302e-15 4.958737553013
0 0

0101101
*
Ed
 1e-07 1 1 0
1  67 0 2.95873755301302 148
2  107 18 0 2.95873755301302 148
2  108 19 0 2.95873755301302 148
4 G2 18 0 19 0
6  133 18 0
6  134 19 0
0

0101000
+50 0 -153 0 *
Ve
4.57920578633726e-06
-34.65752080597 -2.122161096071e-15 4.958737553013
0 0

0101101
*
Ed
 4.57920572538529e-06 1 1 0
1  68 0 108.81544857693 217.63089715387
2  109 18 0 108.81544857693 217.63089715387
2  110 29 0 108.81544857693 217.63089715387
4 G1 18 0 29 0
6  135 18 0
6  136 29 0
0

0101000
+50 0 -48 0 *
Ed
 1e-07 1 1 0
1  69 0 2.95873755301302 148
2  111 18 0 2.95873755301302 148
2  112 19 0 2.95873755301302 148
4 G2 18 0 19 0
6  137 18 0
6  138 19 0
0

0101000
+48 0 -152 0 *
Wi

0101100
-49 0 +47 0 +46 0 -151 0 *
Fa
0  1e-07 18 0
2  18
0101000
+45 0 *
Ed
 4.57920578633726e-06 1 1 0
1  70 0 -3.08250927289e-14 108.81544857693
2  113 19 0 -3.08250927289e-14 108.81544857693
2  114 30 0 -3.08250927289e-14 108.81544857693
4 G1 19 0 30 0
6  139 19 0
6  140 30 0
0

0101000
+48 0 -50 0 *
Wi

0101100
-46 0 +43 0 +49 0 -150 0 *
Fa
0  1e-07 19 0
2  19
0101000
+42 0 *
Ed
 1e-07 1 1 0
1  71 0 0 1
2  115 20 0 0 1
2  116 22 0 0 1
4 C0 20 0 22 0
6  141 20 0
6  142 22 0
0

0101000
+123 0 -104 0 *
Wi

0101100
+40 0 +103 0 -139 0 -145 0 +122 0 *
Fa
0  1e-07 20 0
2  20
0101000
+39 0 *
Ed
 1e-07 1 1 0
1  72 0 0 1
2  117 21 0 0 1
2  118 28 0 0 1
4 C0 21 0 28 0
6  143 21 0
6  144 28 0
0

0101000
+109 0 -95 0 *
Wi

0101100
+127 0 +132 0 -93 0 -37 0 +107 0 *
Fa
0  1e-07 21 0
2  21
0101000
+36 0 *
Ed
 1e-07 1 1 0
1  73 0 0 1
2  119 22 0 0 1
2  120 23 0 0 1
4 C0 22 0 23 0
6  145 22 0
6  146 23 0
0

0101000
+121 0 -90 0 *
Wi

0101100
+34 0 +89 0 -101 0 -40 0 +120 0 *
Fa
0  1e-07 22 0
2  22
0101000
+33 0 *
Ed
 1e-07 1 1 0
1  74 0 0 1
2  121 23 0 0 1
2  122 24 0 0 1
4 C0 23 0 24 0
6  147 23 0
6  148 24 0
0

0101000
+119 0 -76 0 *
Wi

0101100
+31 0 +75 0 -87 0 -34 0 +118 0 *
Fa
0  1e-07 23 0
2  23
0101000
+30 0 *
Ed
 1e-07 1 1 0
1  75 0 0 1
2  123 28 0 0 1
2  124 27 0 0 1
4 C0 28 0 27 0
6  149 28 0
6  150 27 0
0

0101000
+111 0 -81 0 *
Wi

0101100
+37 0 +94 0 -79 0 -28 0 +108 0 *
Fa
0  1e-07 28 0
2  28
0101000
+27 0 *
Ed
 1e-07 1 1 0
1  76 0 0 1
2  125 24 0 0 1
2  126 25 0 0 1
4 C0 24 0 25 0
6  151 24 0
6  152 25 0
0

0101000
+117 0 -62 0 *
Wi

0101100
+25 0 +61 0 -73 0 -31 0 +116 0 *
Fa
0  1e-07 24 0
2  24
0101000
+24 0 *
Ed
 1e-07 1 1 0
1  77 0 0 1
2  127 27 0 0 1
2  128 26 0 0 1
4 C0 27 0 26 0
6  153 27 0
6  154 26 0
0

0101000
+113 0 -67 0 *
Wi

0101100
+28 0 +80 0 -65 0 -22 0 +110 0 *
Fa
0  1e-07 27 0
2  27
0101000
+21 0 *
Ed
 1e-07 1 1 0
1  78 0 0 1
2  129 25 0 0 1
2  130 26 0 0 1
4 C0 25 0 26 0
6  155 25 0
6  156 26 0
0

0101000
+115 0 -55 0 *
Wi

0101100
+19 0 +54 0 -59 0 -25 0 +114 0 *
Fa
0  1e-07 25 0
2  25
0101000
+18 0 *
Wi

0101100
+22 0 +66 0 -53 0 -19 0 +112 0 *
Fa
0  1e-07 26 0
2  26
0101000
+16 0 *
Ve
1e-07
31.657804584317 1.500807988202e-14 2
0 0

0101101
*
Ed
 1e-07 1 1 0
1  79 0 0 108.81544857693
2  131 29 0 0 108.81544857693
2  132 30 0 0 108.81544857693
4 G2 29 0 30 0
6  157 29 0
6  158 30 0
0

0101000
+50 0 -14 0 *
Ve
1e-07
-31.65780458431 -1.500807988202e-14 2
0 0

0101101
*
Ed
 1e-07 1 1 0
1  80 0 108.81544857693 217.63089715387
2  133 29 0 108.81544857693 217.63089715387
4 C0 29 0 31 0
6  159 29 0
6  160 31 0
0

0101000
+14 0 -12 0 *
Ed
 1e-07 1 1 0
1  81 0 0 108.81544857693
2  134 29 0 0 108.81544857693
2  135 30 0 0 108.81544857693
4 G2 29 0 30 0
6  161 29 0
6  162 30 0
0

0101000
+48 0 -12 0 *
Wi

0101100
+13 0 +11 0 -10 0 -47 0 *
Fa
0  1e-07 29 0
2  29
0101000
+9 0 *
Ed
 1e-07 1 1 0
1  82 0 -3.08250927289e-14 108.81544857693
2  136 30 0 -3.08250927289e-14 108.81544857693
4 C0 30 0 31 0
6  163 30 0
6  164 31 0
0

0101000
+12 0 -14 0 *
Wi

0101100
+10 0 +7 0 -13 0 -43 0 *
Fa
0  1e-07 30 0
2  30
0101000
+6 0 *
Wi

0101100
+7 0 +11 0 *
Fa
0  1e-07 31 0
2  31
0101000
+4 0 *
Sh

0101100
+190 0 +181 0 +174 0 +148 0 +141 0 +136 0 +129 0 +124 0 -105 0 +98 0 
+91 0 +84 0 +77 0 +70 0 +63 0 +56 0 +51 0 +44 0 +41 0 +38 0 
+35 0 +32 0 +29 0 +26 0 +23 0 +20 0 +17 0 +15 0 +8 0 +5 0 
-3 0 *
So

0100000
+2 0 *

+1 0 