DBRep_DrawableShape

CASCADE Topology V3, (c) Open Cascade
Locations 0
Curve2ds 212
1 0 0 0 1 
1 0 2.5 1 0 
1 0 0 1 0 
1 1.0189365320949999 0 0 1 
1 6.2521315129242359 0 -0 -1 
1 0 67.5 1 0 
1 6.2831853071795862 0 -1 0 
1 0 -6.1290619179129999 0 1 
1 1.0189365320949999 0 0 1 
1 6.2831853071795862 6.1290619179129999 -0 -1 
1 6.2831853071800001 6.1290619179129999 -1 -0 
1 0 -6.2831853071795862 0 1 
1 0 -1.5707963267948966 1 0 
7 0 0  3 25 23  1.0189365320948858 -1.5707963267948966  1.0189365320948833 -1.5469963824495188  1.0189365320948844 -1.4993964937587645  1.0189365320948944 -1.4279966607226333  1.0189365320948907 -1.3565968276865017  1.018936532094892 -1.2851969946503701  1.01893653209489 -1.2137971616142378  1.0189365320948935 -1.1423973285781066  1.0189365320948913 -1.070997495541975  1.01893653209489 -0.99959766250584337  1.0189365320948907 -0.92819782946971119  1.0189365320948913 -0.85679799643358023  1.0189365320948909 -0.78539816339744828  1.0189365320948904 -0.71399833036131666  1.0189365320948929 -0.64259849732518526  1.0189365320948884 -0.57119866428905253  1.0189365320948931 -0.49979883125292168  1.0189365320948895 -0.42839899821678989  1.0189365320948909 -0.35699916518065811  1.0189365320948913 -0.28559933214452632  1.0189365320948902 -0.21419949910839439  1.0189365320948902 -0.14279966607226324  1.018936532094892 -0.071399833036131774  1.018936532094892 -0.023799944345377359  1.0189365320948918 0 
 4.7123889803846897 4 4.7837888134208217 1 4.8551886464569529 1 4.926588479493085 1 4.9979883125292162 1 5.0693881455653482 1 5.1407879786014794 1 5.2121878116376115 1 5.2835876446737426 1 5.3549874777098747 1 5.4263873107460068 1 5.497787143782138 1 5.5691869768182691 1 5.6405868098544012 1 5.7119866428905333 1 5.7833864759266644 1 5.8547863089627965 1 5.9261861419989277 1 5.9975859750350597 1 6.0689858080711918 1 6.140385641107323 1 6.2117854741434542 1 6.2831853071795862 4
1 6.2521315129242359 6.2831853071800001 -0 -1 
1 0.031053794255350001 6.2831853071800001 -0 -1 
7 0 0  3 25 23  5.2642487750847007 -1.5707963267948966  5.2642487750847033 -1.5469963824495192  5.2642487750847016 -1.4993964937587649  5.2642487750846918 -1.4279966607226331  5.2642487750846954 -1.3565968276865015  5.2642487750846936 -1.2851969946503699  5.2642487750846962 -1.2137971616142398  5.2642487750846927 -1.1423973285781046  5.2642487750846945 -1.0709974955419754  5.2642487750846962 -0.99959766250584681  5.2642487750846945 -0.92819782946970741  5.2642487750846954 -0.85679799643358134  5.2642487750846945 -0.78539816339744328  5.2642487750846971 -0.71399833036132099  5.2642487750846927 -0.64259849732517915  5.2642487750846971 -0.57119866428905863  5.2642487750846918 -0.49979883125292229  5.2642487750846971 -0.42839899821678562  5.2642487750846936 -0.35699916518066194  5.2642487750846954 -0.2855993321445256  5.2642487750846954 -0.2141994991083897  5.2642487750846954 -0.14279966607226341  5.2642487750846954 -0.071399833036135785  5.2642487750846945 -0.023799944345380034  5.2642487750846945 0 
 4.7123889803846897 4 4.7837888134208217 1 4.8551886464569529 1 4.926588479493085 1 4.9979883125292162 1 5.0693881455653482 1 5.1407879786014794 1 5.2121878116376115 1 5.2835876446737426 1 5.3549874777098747 1 5.4263873107460068 1 5.497787143782138 1 5.5691869768182691 1 5.6405868098544012 1 5.7119866428905333 1 5.7833864759266644 1 5.8547863089627965 1 5.9261861419989277 1 5.9975859750350597 1 6.0689858080711918 1 6.140385641107323 1 6.2117854741434542 1 6.2831853071795862 4
1 5.2642487750847007 -1.5707963267948966 1 0 
1 6.2831853071795862 -6.2831853071795862 0 1 
1 -4.1389114358025836e-13 6.1290619179129999 1 -0 
1 6.2831853071795862 -2.5 -1 0 
1 6.2831853071795862 0 -1 0 
1 0 0 0 1 
1 5.1484119235235859 0 -0 -1 
1 0 0 1 0 
1 6.2831853071795862 -67.5 -1 0 
1 6.2831853071800001 -6.1290619179129999 -1 -0 
7 0 0  3 25 23  1.0189365320949149 -1.5707963267948966  1.0189365320949257 -1.5469963824495188  1.0189365320949206 -1.4993964937587647  1.0189365320948784 -1.4279966607226342  1.0189365320948864 -1.3565968276865044  1.0189365320948907 -1.2851969946503701  1.0189365320948902 -1.2137971616142387  1.018936532094886 -1.1423973285781073  1.0189365320948882 -1.0709974955419725  1.0189365320948895 -0.9995976625058457  1.018936532094886 -0.92819782946970963  1.0189365320948907 -0.85679799643358312  1.0189365320948884 -0.78539816339744639  1.0189365320948875 -0.7139983303613171  1.0189365320948891 -0.64259849732518481  1.0189365320948882 -0.57119866428905441  1.0189365320948895 -0.4997988312529214  1.0189365320948878 -0.42839899821678973  1.0189365320948902 -0.35699916518065772  1.0189365320948864 -0.28559933214452593  1.0189365320948893 -0.21419949910839434  1.0189365320948889 -0.14279966607226313  1.0189365320948884 -0.071399833036131635  1.0189365320948884 -0.023799944345377244  1.0189365320948889 0 
 4.7123889803846897 4 4.7837888134208217 1 4.8551886464569529 1 4.926588479493085 1 4.9979883125292162 1 5.0693881455653482 1 5.1407879786014794 1 5.2121878116376115 1 5.2835876446737426 1 5.3549874777098747 1 5.4263873107460068 1 5.497787143782138 1 5.5691869768182691 1 5.6405868098544012 1 5.7119866428905333 1 5.7833864759266644 1 5.8547863089627965 1 5.9261861419989277 1 5.9975859750350597 1 6.0689858080711918 1 6.140385641107323 1 6.2117854741434542 1 6.2831853071795862 4
1 1.570796326795 -6.1290619179129999 0 1 
1 0 0 0 1 
1 0.031053794255586631 0 -0 -1 
1 1.4210854715200001e-15 2.5 1 0 
1 0 0 1 0 
1 1.4210854715200001e-15 67.5 1 0 
1 6.2831853071795862 0 -1 0 
1 4.7123889803845866 6.1290619179129999 -0 -1 
1 -4.1389114358025836e-13 -6.1290619179129999 1 -0 
7 0 0  3 25 23  5.2642487750846714 -1.5707963267948966  5.2642487750846607 -1.5469963824495188  5.264248775084666 -1.4993964937587645  5.2642487750847069 -1.4279966607226346  5.2642487750847007 -1.3565968276865035  5.2642487750846954 -1.2851969946503705  5.2642487750846962 -1.2137971616142407  5.2642487750846989 -1.1423973285781051  5.2642487750846971 -1.0709974955419739  5.2642487750846962 -0.99959766250584869  5.2642487750847007 -0.92819782946970586  5.2642487750846962 -0.8567979964335839  5.2642487750846971 -0.78539816339744173  5.264248775084698 -0.7139983303613211  5.2642487750846971 -0.64259849732517893  5.264248775084698 -0.57119866428906052  5.2642487750846954 -0.49979883125292185  5.2642487750846989 -0.42839899821678556  5.2642487750846954 -0.3569991651806616  5.2642487750846989 -0.28559933214452504  5.264248775084698 -0.2141994991083897  5.2642487750846954 -0.14279966607226333  5.2642487750846998 -0.071399833036135632  5.264248775084698 -0.023799944345379933  5.2642487750846971 0 
 4.7123889803846897 4 4.7837888134208217 1 4.8551886464569529 1 4.926588479493085 1 4.9979883125292162 1 5.0693881455653482 1 5.1407879786014794 1 5.2121878116376115 1 5.2835876446737426 1 5.3549874777098747 1 5.4263873107460068 1 5.497787143782138 1 5.5691869768182691 1 5.6405868098544012 1 5.7119866428905333 1 5.7833864759266644 1 5.8547863089627965 1 5.9261861419989277 1 5.9975859750350597 1 6.0689858080711918 1 6.140385641107323 1 6.2117854741434542 1 6.2831853071795862 4
1 6.2831853071795862 1.570796326795 -1 0 
1 5.1484119235235859 6.2831853071800001 -0 -1 
1 0 -6.2831853071795862 0 1 
1 1.1347733836559999 6.2831853071800001 -0 -1 
7 0 0  3 25 23  6.2831853071795729 -1.5707963267948966  6.2831853071795685 -1.5469963824495201  6.2831853071795702 -1.4993964937587658  6.2831853071795889 -1.4279966607226324  6.2831853071795853 -1.3565968276865019  6.283185307179588 -1.2851969946503705  6.2831853071795907 -1.2137971616142402  6.2831853071795853 -1.1423973285781048  6.2831853071795836 -1.0709974955419774  6.2831853071795836 -0.99959766250584681  6.2831853071795827 -0.92819782946970619  6.2831853071795916 -0.85679799643358223  6.2831853071795862 -0.78539816339744284  6.2831853071795845 -0.7139983303613201  6.2831853071795889 -0.64259849732518071  6.2831853071795827 -0.5711986642890573  6.283185307179588 -0.49979883125292257  6.2831853071795853 -0.4283989982167859  6.2831853071795836 -0.3569991651806616  6.2831853071795889 -0.28559933214452543  6.2831853071795853 -0.21419949910839006  6.2831853071795836 -0.14279966607226324  6.2831853071795898 -0.071399833036135923  6.2831853071795871 -0.023799944345380145  6.2831853071795853 0 
 4.7123889803846897 4 4.7837888134208217 1 4.8551886464569529 1 4.926588479493085 1 4.9979883125292162 1 5.0693881455653482 1 5.1407879786014794 1 5.2121878116376115 1 5.2835876446737426 1 5.3549874777098747 1 5.4263873107460068 1 5.497787143782138 1 5.5691869768182691 1 5.6405868098544012 1 5.7119866428905333 1 5.7833864759266644 1 5.8547863089627965 1 5.9261861419989277 1 5.9975859750350597 1 6.0689858080711918 1 6.140385641107323 1 6.2117854741434542 1 6.2831853071795862 4
1 0 1.570796326795 1 0 
1 0 2.5 1 0 
1 0 0 1 0 
1 1.0189365320949999 0 0 1 
1 0 67.5 1 0 
1 6.2831853071795862 0 -1 0 
1 0 -6.2831853071795862 0 1 
1 5.1484119235235859 6.2831853071800001 -0 -1 
1 0 -1.5707963267948966 1 0 
1 1.570796326795 6.1290619179129999 -0 -1 
1 6.2831853071795862 1.570796326795 -1 0 
1 1.1658271779115861 -2.5 -1 0 
1 6.2831853071795862 0 -1 0 
1 0 0 1 0 
1 1.1658271779115861 -67.5 -1 0 
1 1.0189365320949999 0 0 1 
1 1.1347733836565865 0 -0 -1 
1 5.2642487750846714 -1.5707963267948966 1 0 
1 1.1347733836559999 6.2831853071800001 -0 -1 
7 0 0  3 25 23  6.2831853071795729 -1.5707963267948966  6.2831853071795685 -1.5469963824495201  6.2831853071795702 -1.4993964937587658  6.2831853071795889 -1.4279966607226324  6.2831853071795853 -1.3565968276865019  6.283185307179588 -1.2851969946503705  6.2831853071795907 -1.2137971616142402  6.2831853071795853 -1.1423973285781048  6.2831853071795836 -1.0709974955419774  6.2831853071795836 -0.99959766250584681  6.2831853071795827 -0.92819782946970619  6.2831853071795916 -0.85679799643358223  6.2831853071795862 -0.78539816339744284  6.2831853071795845 -0.7139983303613201  6.2831853071795889 -0.64259849732518071  6.2831853071795827 -0.5711986642890573  6.283185307179588 -0.49979883125292257  6.2831853071795853 -0.4283989982167859  6.2831853071795836 -0.3569991651806616  6.2831853071795889 -0.28559933214452543  6.2831853071795853 -0.21419949910839006  6.2831853071795836 -0.14279966607226324  6.2831853071795898 -0.071399833036135923  6.2831853071795871 -0.023799944345380145  6.2831853071795853 0 
 4.7123889803846897 4 4.7837888134208217 1 4.8551886464569529 1 4.926588479493085 1 4.9979883125292162 1 5.0693881455653482 1 5.1407879786014794 1 5.2121878116376115 1 5.2835876446737426 1 5.3549874777098747 1 5.4263873107460068 1 5.497787143782138 1 5.5691869768182691 1 5.6405868098544012 1 5.7119866428905333 1 5.7833864759266644 1 5.8547863089627965 1 5.9261861419989277 1 5.9975859750350597 1 6.0689858080711918 1 6.140385641107323 1 6.2117854741434542 1 6.2831853071795862 4
1 0 1.570796326795 1 0 
1 4.7123889803845866 -6.1290619179129999 -0 1 
1 6.2831853071795862 1.5707963267948966 -1 0 
1 0 -1.5707963267948966 1 0 
1 6.2831853071800001 -6.1290619179129999 -1 -0 
7 0 0  3 25 23  1.0189365320949149 -1.5707963267948966  1.0189365320949226 -1.5469963824495194  1.0189365320949189 -1.4993964937587649  1.0189365320948884 -1.4279966607226322  1.0189365320948898 -1.356596827686503  1.0189365320948947 -1.285196994650369  1.0189365320948911 -1.2137971616142371  1.0189365320948935 -1.1423973285781071  1.0189365320948947 -1.070997495541973  1.0189365320948882 -0.99959766250584303  1.0189365320948971 -0.92819782946971119  1.0189365320948884 -0.85679799643358046  1.0189365320948962 -0.78539816339744739  1.0189365320948933 -0.71399833036131721  1.0189365320948918 -0.64259849732518437  1.0189365320948913 -0.57119866428905419  1.0189365320948915 -0.49979883125292091  1.0189365320948931 -0.42839899821679017  1.0189365320948944 -0.35699916518065766  1.0189365320948911 -0.28559933214452604  1.0189365320948933 -0.21419949910839439  1.0189365320948931 -0.14279966607226324  1.0189365320948927 -0.071399833036131635  1.0189365320948927 -0.023799944345377258  1.0189365320948931 0 
 4.7123889803846897 4 4.7837888134208217 1 4.8551886464569529 1 4.926588479493085 1 4.9979883125292162 1 5.0693881455653482 1 5.1407879786014794 1 5.2121878116376115 1 5.2835876446737426 1 5.3549874777098747 1 5.4263873107460068 1 5.497787143782138 1 5.5691869768182691 1 5.6405868098544012 1 5.7119866428905333 1 5.7833864759266644 1 5.8547863089627965 1 5.9261861419989277 1 5.9975859750350597 1 6.0689858080711918 1 6.140385641107323 1 6.2117854741434542 1 6.2831853071795862 4
7 0 0  3 25 23  5.2642487750846714 -1.5707963267948966  5.2642487750846634 -1.5469963824495194  5.2642487750846669 -1.4993964937587649  5.2642487750846989 -1.4279966607226318  5.2642487750846945 -1.356596827686503  5.2642487750846909 -1.2851969946503683  5.2642487750846954 -1.2137971616142389  5.2642487750846927 -1.1423973285781051  5.2642487750846909 -1.0709974955419734  5.2642487750846971 -0.99959766250584658  5.2642487750846882 -0.92819782946970764  5.2642487750846989 -0.85679799643358157  5.2642487750846891 -0.78539816339744251  5.2642487750846936 -0.71399833036132132  5.2642487750846954 -0.64259849732517849  5.2642487750846945 -0.57119866428906008  5.2642487750846936 -0.4997988312529214  5.2642487750846954 -0.4283989982167859  5.2642487750846909 -0.35699916518066166  5.2642487750846945 -0.28559933214452521  5.2642487750846945 -0.21419949910838978  5.2642487750846927 -0.14279966607226335  5.2642487750846954 -0.07139983303613566  5.2642487750846945 -0.023799944345379933  5.2642487750846936 0 
 4.7123889803846897 4 4.7837888134208217 1 4.8551886464569529 1 4.926588479493085 1 4.9979883125292162 1 5.0693881455653482 1 5.1407879786014794 1 5.2121878116376115 1 5.2835876446737426 1 5.3549874777098747 1 5.4263873107460068 1 5.497787143782138 1 5.5691869768182691 1 5.6405868098544012 1 5.7119866428905333 1 5.7833864759266644 1 5.8547863089627965 1 5.9261861419989277 1 5.9975859750350597 1 6.0689858080711918 1 6.140385641107323 1 6.2117854741434542 1 6.2831853071795862 4
1 -4.1389114358025836e-13 -6.1290619179129999 1 -0 
1 5.2642487750846714 -1.5707963267948966 1 0 
1 0 6.1290619179129999 -0 -1 
1 6.2831853071795862 -6.1290619179129999 -0 1 
1 0 0 0 1 
1 6.2521315129242359 6.2831853071800001 -0 -1 
7 0 0  3 25 23  6.2831853071795729 -1.5707963267948966  6.2831853071795685 -1.5469963824495201  6.2831853071795702 -1.4993964937587658  6.2831853071795889 -1.4279966607226324  6.2831853071795853 -1.3565968276865019  6.283185307179588 -1.2851969946503703  6.2831853071795907 -1.2137971616142382  6.2831853071795853 -1.1423973285781068  6.2831853071795836 -1.0709974955419763  6.2831853071795836 -0.99959766250584359  6.2831853071795827 -0.92819782946971019  6.2831853071795916 -0.85679799643358134  6.2831853071795862 -0.78539816339744761  6.2831853071795845 -0.71399833036131577  6.2831853071795889 -0.6425984973251867  6.2831853071795827 -0.57119866428905153  6.283185307179588 -0.49979883125292179  6.2831853071795853 -0.42839899821679034  6.2831853071795836 -0.35699916518065761  6.2831853071795889 -0.28559933214452621  6.2831853071795853 -0.2141994991083947  6.2831853071795836 -0.14279966607226305  6.2831853071795898 -0.071399833036131927  6.2831853071795871 -0.023799944345377477  6.2831853071795853 0 
 4.7123889803846897 4 4.7837888134208217 1 4.8551886464569529 1 4.926588479493085 1 4.9979883125292162 1 5.0693881455653482 1 5.1407879786014794 1 5.2121878116376115 1 5.2835876446737426 1 5.3549874777098747 1 5.4263873107460068 1 5.497787143782138 1 5.5691869768182691 1 5.6405868098544012 1 5.7119866428905333 1 5.7833864759266644 1 5.8547863089627965 1 5.9261861419989277 1 5.9975859750350597 1 6.0689858080711918 1 6.140385641107323 1 6.2117854741434542 1 6.2831853071795862 4
1 6.2831853071800001 6.1290619179129999 -1 -0 
7 0 0  3 25 23  5.2642487750846714 -1.5707963267948966  5.2642487750846634 -1.5469963824495194  5.2642487750846669 -1.4993964937587649  5.2642487750846998 -1.4279966607226318  5.2642487750846838 -1.3565968276865048  5.2642487750846954 -1.2851969946503681  5.2642487750846882 -1.2137971616142382  5.2642487750846891 -1.1423973285781082  5.2642487750846927 -1.0709974955419719  5.2642487750846927 -0.99959766250584503  5.2642487750846927 -0.92819782946970997  5.2642487750846891 -0.85679799643358312  5.2642487750846918 -0.78539816339744639  5.2642487750846918 -0.71399833036131832  5.2642487750846909 -0.64259849732518481  5.2642487750846936 -0.57119866428905475  5.2642487750846909 -0.49979883125292163  5.2642487750846891 -0.42839899821678984  5.2642487750846909 -0.35699916518065711  5.2642487750846936 -0.28559933214452587  5.2642487750846874 -0.2141994991083947  5.2642487750846918 -0.14279966607226297  5.2642487750846882 -0.071399833036131732  5.2642487750846891 -0.023799944345377352  5.2642487750846918 0 
 4.7123889803846897 4 4.7837888134208217 1 4.8551886464569529 1 4.926588479493085 1 4.9979883125292162 1 5.0693881455653482 1 5.1407879786014794 1 5.2121878116376115 1 5.2835876446737426 1 5.3549874777098747 1 5.4263873107460068 1 5.497787143782138 1 5.5691869768182691 1 5.6405868098544012 1 5.7119866428905333 1 5.7833864759266644 1 5.8547863089627965 1 5.9261861419989277 1 5.9975859750350597 1 6.0689858080711918 1 6.140385641107323 1 6.2117854741434542 1 6.2831853071795862 4
1 1.0189365320949999 2.5 -1 -0 
1 6.2831853071795862 0 -1 0 
1 1.0189365320949999 67.5 -1 -0 
1 0 0 1 0 
1 0.031053794255350001 6.2831853071800001 -0 -1 
1 0 -6.2831853071795862 0 1 
1 -4.1389114358025836e-13 6.1290619179129999 1 -0 
7 0 0  3 25 23  1.0189365320949149 -1.5707963267948966  1.0189365320949235 -1.5469963824495194  1.0189365320949197 -1.4993964937587649  1.0189365320948849 -1.4279966607226313  1.0189365320949029 -1.3565968276865044  1.0189365320948893 -1.2851969946503676  1.0189365320948984 -1.2137971616142402  1.018936532094898 -1.1423973285781062  1.0189365320948922 -1.0709974955419725  1.018936532094894 -0.99959766250584836  1.0189365320948933 -0.92819782946970653  1.0189365320948975 -0.85679799643358423  1.0189365320948931 -0.78539816339744173  1.0189365320948967 -0.71399833036132243  1.0189365320948935 -0.64259849732517893  1.0189365320948935 -0.57119866428906063  1.0189365320948931 -0.49979883125292213  1.0189365320948967 -0.42839899821678556  1.0189365320948942 -0.35699916518066099  1.0189365320948938 -0.28559933214452504  1.0189365320948987 -0.21419949910839001  1.018936532094894 -0.14279966607226313  1.018936532094898 -0.071399833036135729  1.0189365320948964 -0.023799944345380016  1.018936532094894 0 
 4.7123889803846897 4 4.7837888134208217 1 4.8551886464569529 1 4.926588479493085 1 4.9979883125292162 1 5.0693881455653482 1 5.1407879786014794 1 5.2121878116376115 1 5.2835876446737426 1 5.3549874777098747 1 5.4263873107460068 1 5.497787143782138 1 5.5691869768182691 1 5.6405868098544012 1 5.7119866428905333 1 5.7833864759266644 1 5.8547863089627965 1 5.9261861419989277 1 5.9975859750350597 1 6.0689858080711918 1 6.140385641107323 1 6.2117854741434542 1 6.2831853071795862 4
1 6.2831853071791723 0 -0 1 
1 -0 0 -0 1 
1 0 0 1 0 
1 6.2831853071795862 3.1415926535897931 -1 0 
1 5.2642487750846714 -1.5707963267948966 1 0 
1 0 -1.5707963267948966 1 0 
1 0 7 1 0 
1 6.2831853071800001 -0 0 1 
1 0 -0 0 1 
1 0 7 1 0 
7 0 0  8 121 18  3.1415926535900001 0.166666666667  3.137773858359 0.166666666667  3.1337649059860002 0.16666724157099999  3.1295828856679999 0.16666827845500001  3.1252712707089998 0.16666962529000001  3.1208852512809999 0.16667115224199999  3.1164833774699998 0.166672779839  3.1121255126160001 0.16667447401499999  3.1031647058430001 0.166678131374  3.0984523164379998 0.166680147552  3.0937399283040001 0.16668229119899999  3.0890275409279999 0.166684599947  3.0843151537010001 0.16668711440600001  3.0796027659159999 0.16668987816200001  3.0748903767739999 0.16669293777899999  3.0634575687929999 0.16670119874600001  3.0572467661179998 0.166706372549  3.0514182244999999 0.166711875408  3.0459055804389998 0.16671766610300001  3.0406608982079999 0.16672369910099999  3.0356454523159999 0.16672993484000001  3.0308318749519998 0.16673633599500001  3.0192787414270001 0.16675262721199999  3.0127593999719999 0.16676268061899999  3.0065625135589999 0.16677292929000001  3.0006388735959999 0.16678329628399999  2.9949535934279998 0.16679372759700001  2.9894788433500001 0.16680418734899999  2.9841909416019998 0.166814652758  2.967037472755 0.16684968964800001  2.9559365606810002 0.16687421529900001  2.9455290674189998 0.166898495757  2.9356910004349999 0.166922589644  2.9263336615240001 0.166946587713  2.9173862608809999 0.166970562445  2.9088000276339998 0.16699458236  2.8911634934529999 0.16704600540600001  2.8822043944279998 0.16707343161300001  2.8735950329220001 0.167101032028  2.8652919837869999 0.167128834064  2.8572619528700001 0.167156836532  2.849477735552 0.16718501794900001  2.8419162360889998 0.167213345353  2.8198959224769999 0.167298456205  2.8060422223499999 0.16735557044400001  2.7928477949969999 0.16741282793600001  2.780212793314 0.16746989899100001  2.7680655984250002 0.16752654565700001  2.7563491933369999 0.16758267204800001  2.7450154873170001 0.16763830196099999  2.7218243675 0.16775476900799999  2.7100469614430001 0.16781549858399999  2.698644279751 0.167875774374  2.687575413832 0.167935748695  2.676807614791 0.16799558614599999  2.6663142686520001 0.168055425466  2.6560728715769999 0.168115341384  2.6385928749929999 0.168220057019  2.6312516482219999 0.16826484464499999  2.6240313935009998 0.16830965743199999  2.6169248543800001 0.168354473285  2.6099254492280002 0.168399259927  2.603027271232 0.16844397490599999  2.5962250884000002 0.16848856559  2.5725788460599999 0.16864502777400001  2.5562234588349999 0.16875595313200001  2.5403737068410002 0.16886489096999999  2.5249709436669998 0.168971166043  2.5099676580739998 0.16907495862899999  2.495324359754 0.16917732200300001  2.481008044318 0.16927954087800001  2.4583918786760002 0.169444597813  2.4499041003789999 0.16950738249299999  2.441522524971 0.169570326425  2.4332412755649999 0.16963335786700001  2.4250549629779998 0.16969625271700001  2.416958672686 0.169758695471  2.408947951764 0.16982034018  2.396699108825 0.16991384792700001  2.3923794147140001 0.16994668455299999  2.3880597223179998 0.16997933997199999  2.3837400332700001 0.17001177841699999  2.3794203452799998 0.170043991822  2.3751006553840002 0.170076021977  2.3707809631979999 0.17010798269300001  2.3621415863749999 0.17017218119700001  2.3578218833890001 0.17020467952500001  2.3535022240800001 0.17023598966299999  2.3491825242950002 0.17027100466  2.3448628160620002 0.17030702709500001  2.3405431466979998 0.17034057604700001  2.3362234547240002 0.17037496990600001  2.316635089869 0.17052739457999999  2.3016151167199999 0.170637666632  2.2868251882689998 0.17073923916600001  2.2722443811640001 0.17084598697299999  2.2578533082360002 0.17095705238200001  2.2436348823980001 0.171065485612  2.2295748400290001 0.17117260008400001  2.2018872025389999 0.17137911237199999  2.1882509371530001 0.171478857263  2.1747477085720002 0.17157467373999999  2.1613664994769999 0.17166721979399999  2.1480955320109998 0.171757525538  2.134924029 0.17184627875299999  2.1218438021949999 0.171933592691  2.0964535652339999 0.17210099001500001  2.084131182848 0.17218125997200001  2.0718796835809998 0.17225992763699999  2.059692815989 0.17233663421000001  2.0475633666899999 0.17241110703400001  2.0354845349950001 0.17248329224600001  2.0234512294689999 0.17255331351200001  1.9924507303400001 0.172728983882  1.9735234133049999 0.172831666271  1.9546919262389999 0.17292933463099999  1.935932274374 0.173023233054  1.917219867786 0.17311131569999999  1.8985310575650001 0.17319274509999999  1.879845231002 0.173267610599  1.8611790092710001 0.17333733985200001 
 0 9 0.0039713562881209998 7 0.0083764299426949997 7 0.014658575781430001 7 0.024031210987669999 7 0.046064866244940002 7 0.071031147003239994 7 0.12078471152 7 0.176041318374 7 0.217278036324 7 0.32134462653599999 7 0.38520181513099999 7 0.41999026813700002 7 0.45477871123000002 7 0.57774415264300005 7 0.69953927575899999 7 0.81574730716400001 7 1 9
7 0 0  8 121 18  4.7123889803850005 5.25  4.7119108902600004 5.2521402598379998  4.7113234080459989 5.2543669476319996  4.7106130344159993 5.2566667358780004  4.7097710536950004 5.2590118217099997  4.7087964084309988 5.2613692693390002  4.7076975243170001 5.2637063932270003  4.7064930854779998 5.2659921819960003  4.7037904994230004 5.2706378910930001  4.7022341198989999 5.2730484794750003  4.7005417715799993 5.2754261865760004  4.6987126148329992 5.2777706713240002  4.6967458203580001 5.2800815932110003  4.6946405691889996 5.2823586122949999  4.6923960526909987 5.2846013891989996  4.6866107847940004 5.2899587285380001  4.6831832067879997 5.2927987598949997  4.6797369752459996 5.2954068946430004  4.6762768853969998 5.2978235346730003  4.6728062598539992 5.3000778461470004  4.6693273354720013 5.30219329023  4.6658411421299988 5.3041863278859998  4.657136282263 5.3088841285299999  4.6519110697830008 5.3114555569729998  4.6466755726509987 5.313831124719  4.6414320263400004 5.3160405649740001  4.6361819951690002 5.3181049754199998  4.6309265915450002 5.3200411632559996  4.6256665583590006 5.3218633845590002  4.6080265341990003 5.3276238078800002  4.5956290971530009 5.3310952664690001  4.5832167947569999 5.3341413140110001  4.5707936185700007 5.3368369293919997  4.5583623036189991 5.3392357951039999  4.5459246634459998 5.3413806934589996  4.5334814971990003 5.3433010711350004  4.506927529695 5.346973535759  4.4928161864770004 5.3486689448089999  4.4787001038819998 5.3501450518190001  4.4645801573170001 5.3514282001279998  4.4504570006610003 5.3525386313799999  4.4363311245409989 5.3534929040370001  4.4222028853320001 5.3543050799960001  4.3799130524710002 5.3563449911639998  4.3517453957860006 5.3571851009050002  4.323571799610999 5.3575983241899996  4.2953936967850002 5.3576458884639999  4.2672120058369991 5.3573718922289997  4.2390273602090005 5.3568115067909998  4.2108402490659991 5.3559944204820003  4.1513439982040001 5.353776394963  4.120034214263999 5.3523212610090001  4.0887225109430005 5.3506098754430003  4.0574092951570009 5.348667676242  4.0260947450959996 5.3465150623169997  3.9947789676390002 5.3441686683969998  3.9634621557719996 5.341642639921  3.9087732929389993 5.3369403847879999  3.8854013810999994 5.3348380104439999  3.862029072024999 5.3326477902139997  3.8386564212050001 5.3303743130500001  3.815283478076001 5.3280217515380004  3.7919102860230005 5.3255938618979997  3.7685368823789993 5.3230939839789997  3.6861768100659997 5.3140419572160003  3.6271842178679989 5.3071189609299996  3.5681930332690008 5.2998057309269999  3.5092040623190002 5.2921402344299997  3.4502147518380006 5.2841523002519999  3.3912225234769995 5.275866445059  3.3322280956900006 5.2673039530169996  3.2370418644910011 5.2530722502930001  3.2008445467869997 5.2475630969719997  3.1646474747580005 5.2419610507090004  3.1284507130039998 5.2362699695029997  3.0922540405669992 5.2304933484990004  3.0560572350320001 5.2246344010119996  3.0198603566360003 5.218696139545  2.9639448096259997 5.2094047464970004  2.9441152080829998 5.2060869845719999  2.9241761551409997 5.2027283256560004  2.9041285613689993 5.1993289239409997  2.8839733349380001 5.1958889299280004  2.8637113960439997 5.1924084871760003  2.8433436913379992 5.1888877290490001  2.8023987312040006 5.1817658228939996  2.7818214224529996 5.1781645959910003  2.7611403204560006 5.1745236956909997  2.7403564298780001 5.1708420379679998  2.7194707150730011 5.1671204678020004  2.6984841285760002 5.1633600447820003  2.6773976446229995 5.1595601134709996  2.5813290878099995 5.1421522574210003  2.5064304606109999 5.128317388947  2.4315408781959995 5.1142366791829996  2.3566597027319993 5.0999199322960003  2.2817793334710004 5.0853775257280001  2.2068921829920001 5.0706198626659997  2.1319976821260003 5.0556555645710004  1.9829560242399999 5.0254856391690002  1.9087771722299998 5.0102772558139996  1.8346060296009998 4.9948858782779997  1.7604442658410004 4.9793188912349997  1.6862833682060003 4.9635806333610004  1.612114846451 4.9476747007080002  1.5379404415349995 4.9316064291390003  1.3930260800109995 4.8999087805480004  1.3222585666690003 4.8842873676969996  1.2514973037089998 4.8685291813899996  1.1807436209710005 4.8526384255700004  1.109990767437 4.8366171027640004  1.0392320055550002 4.8204667301540001  0.96846870517599992 4.8041903129839998  0.78554092875899961 4.7617984476449999  0.67324404398600013 4.7354670885930004  0.56102006123500026 4.7088541683520004  0.44884159055400019 4.6819638788460001  0.33666523181700025 4.6547937843379996  0.22444759615599974 4.6273409312869997  0.11216159605400033 4.599602660006  0 4.571632751149 
 0 9 0.0039713562881209998 7 0.0083764299426949997 7 0.014658575781430001 7 0.024031210987669999 7 0.046064866244940002 7 0.071031147003239994 7 0.12078471152 7 0.176041318374 7 0.217278036324 7 0.32134462653599999 7 0.38520181513099999 7 0.41999026813700002 7 0.45477871123000002 7 0.57774415264300005 7 0.69953927575899999 7 0.81574730716400001 7 1 9
7 0 0  8 65 10  4.8917549071710003 0.166667646039  4.8369273849259997 0.16666714843700001  4.7820969001889999 0.166666599533  4.7272676961420004 0.16666605011499999  4.6724401134300004 0.166665557007  4.617612538425 0.16666516562600001  4.5627833502839996 0.16666490090200001  4.5079528667749997 0.16666476657199999  4.3632591099039999 0.166664730299  4.2733592544399999 0.166665030543  4.1834772351779996 0.16666560985500001  4.0936102498259999 0.16666630039300001  4.0037432346620001 0.16666689744499999  3.9138609327870002 0.16666727510900001  3.8239604609229998 0.166667442725  3.675497038389 0.16666746201900001  3.6168951358560002 0.16666740373  3.5582950053019999 0.16666729472899999  3.4996971049869998 0.16666716268599999  3.441099181862 0.166667037627  3.3824989780379999 0.16666694416200001  3.3238969590190002 0.16666689607499999  3.2077037860159998 0.16666689052  3.1501047520430001 0.166666931533  3.0925073520259998 0.16666701735799999  3.0349120153090001 0.166667136238  2.9773166776340001 0.16666726590200001  2.919719265655 0.16666737825299999  2.8621201986320002 0.166667446439  2.711672641856 0.16666746704300001  2.6187802397229998 0.166667322674  2.5259092616590002 0.16666695084499999  2.4330554616660001 0.16666634124499999  2.340201614103 0.166665610352  2.247330558826 0.16666500752300001  2.1544378789669998 0.166664707563  1.977091473949 0.16666479962299999  1.8925725238810001 0.16666512941  1.8080645491589999 0.166665789589  1.72357030235 0.166666712115  1.639076071658 0.166667709892  1.554568133376 0.16666852710400001  1.470049209495 0.16666894642999999  1.307019844247 0.166668959364  1.2284675603799999 0.16666860930899999  1.1499229122979999 0.16666786308000001  1.0713878120260001 0.16666682535300001  0.99285268976300001 0.16666574054  0.91430797023599997 0.16666491927999999  0.83575558585099996 0.16666459621999999  0.70024571969299998 0.16666480823800001  0.64326738592400001 0.166665134056  0.58629063597099995 0.166665689506  0.52931586996500002 0.16666640256199999  0.47234112397299999 0.16666713363399999  0.41536442218899999 0.16666771063999999  0.358386134844 0.16666800169900001  0.26373522530100002 0.16666804119199999  0.226058601749 0.166667945629  0.18838212110700001 0.16666772258199999  0.15070584098699999 0.16666741106800001  0.113029527644 0.166667081631  0.075352956907970003 0.16666681265300001  0.037676215106840001 0.166666666667  0 0.166666666667 
 0 9 0.089672217992680006 7 0.23665116368899999 7 0.332490345912 7 0.42668970716499999 7 0.578553234523 7 0.71674709867300002 7 0.84519445824399997 7 0.93837912742399998 7 1 9
7 0 0  8 65 10  0 3.9375000022059998  0.052817161826330228 3.9522106989179999  0.10563717467200018 3.9669221905029999  0.1584559504090004 3.9816333384510001  0.21127316153000031 3.9963440513789998  0.2640903639090002 4.0110547622480004  0.31690912073300037 4.0257659059410003  0.36972912759199961 4.0404773971810002  0.50911738807200013 4.0792999790920002  0.59572088812600033 4.1034208850520004  0.68230722017000023 4.1275370054060003  0.76887908593699983 4.1516490920329998  0.85545099022700022 4.1757611866569997  0.94203761907299999 4.1998773828390004  1.0286417406090003 4.2239984541849998  1.1716614795320002 4.2638324698790004  1.2281146293430005 4.2795558653489998  1.2845660644099999 4.2952787853809999  1.3410153429719998 4.3110011070210001  1.3974646363229999 4.326723434781  1.4539161214840002 4.3424463744719999  1.510369352613 4.3581698011960004  1.6223020154230001 4.389345430843  1.6777890381690002 4.4047997480349999  1.7332744891480001 4.4202536268230004  1.7887579572539991 4.4357069520100003  1.8442414329750001 4.4511602774529999  1.8997269145919997 4.4666141594499997  1.9552139981029999 4.4820684855100001  2.100145115206999 4.5224348615209999  2.1896314614900003 4.5473586935429999  2.279097182017999 4.5722767772999999  2.3685463572809997 4.5971902520360004  2.4579955676510004 4.6221037395320002  2.5474613371359993 4.647021844008  2.6369479230259998 4.6719457505450004  2.8077915533569993 4.7195293193490002  2.8892114328809999 4.7422064820200003  2.9706207356530001 4.7648806999110001  3.0520168187069991 4.787551234485  3.1334128969189994 4.8102217647350001  3.2148221901880003 4.8328959728490002  3.2962420698169996 4.8555731284929999  3.4532936508520002 4.8993153121450002  3.5289656609239994 4.9203915668549998  3.6046303070479997 4.9414657728179998  3.680285739407001 4.9625374170210002  3.7559411770180002 4.9836090671250002  3.8316058555700003 5.0046832922569999  3.9072779317280002 5.0257595739359999  4.037819054122 5.0621180388239999  4.0927081756329997 5.0774058168030001  4.1475957884010004 5.0926931698300004  4.2024815108329996 5.1079799905470002  4.2573672312940012 5.1232668058939996  4.3122548399589995 5.1385541459970003  4.3671439610129994 5.1538419115199998  4.4583243487379995 5.1792375662339998  4.4946194869080003 5.1893465290230001  4.530914471098999 5.1994554534680004  4.567209241914 5.2095643241109997  4.6035040244239998 5.219673203668  4.6397990434299992 5.229782152286  4.6760942387300002 5.2398911468009999  4.7123889803850005 5.25 
 0 9 0.089672217992680006 7 0.23665116368899999 7 0.332490345912 7 0.42668970716499999 7 0.578553234523 7 0.71674709867300002 7 0.84519445824399997 7 0.93837912742399998 7 1 9
1 6.2831853071800001 -0 0 1 
1 0 0 0 1 
7 0 0  6 92 19  1.861179010401 0.17333734866100001  1.8480256986320001 0.173386478905  1.8348704183640001 0.17343292937900001  1.821710194472 0.17347711674300001  1.8085369817629999 0.17351980464799999  1.795342804433 0.173560776192  1.76963232872 0.17363555188499999  1.7571159505780001 0.17366962878100001  1.7445733180680001 0.173700853628  1.731997969179 0.17372802343400001  1.7193833156580001 0.17375096060199999  1.694794748968 0.17378941472699999  1.682823513065 0.17380529533799999  1.670810647076 0.173819118233  1.65875069805 0.173832896593  1.6466380581890001 0.173847415803  1.6271933456909999 0.17386812398900001  1.6198963792600001 0.17387529528199999  1.612578413521 0.17388158018700001  1.6052383694000001 0.17388600081700001  1.5978751458330001 0.173887915867  1.587201603374 0.17388807647400001  1.583910741525 0.173887783361  1.5806148663620001 0.17388719968899999  1.5773138316340001 0.17388649280900001  1.5740077387810001 0.173885945412  1.567531652522 0.173885965216  1.564370631486 0.173886336329  1.561213769851 0.17388679916700001  1.55806098465 0.17388715884100001  1.5549122139160001 0.17388729527499999  1.5391832448130001 0.173886634751  1.5266610288160001 0.17388167513800001  1.5141981604079999 0.173868673069  1.501788383346 0.17385532612099999  1.489425819891 0.17384146393  1.4681550844139999 0.173816471626  1.4592251457929999 0.173805601703  1.4503166980540001 0.17379422067799999  1.44142771694 0.173781729302  1.4325561956249999 0.173767695651  1.4079008690870001 0.17372382389499999  1.3921480581850001 0.17369024461300001  1.3764400355869999 0.173649925028  1.3607624469370001 0.17360502400300001  1.3451010479259999 0.17355738644900001  1.316367050645 0.173464936445  1.3032864974309999 0.17342093788599999  1.2902084134489999 0.173375175666  1.277124853815 0.173327013838  1.264027647022 0.17327579907499999  1.239445537473 0.17317380343800001  1.2279628156739999 0.173123766003  1.2164621572959999 0.173071145146  1.204938002584 0.17301605659700001  1.1933845282990001 0.17295877935100001  1.171922171331 0.17284890876100001  1.1620213792059999 0.172796868322  1.1520933224629999 0.172743443883  1.1421342293979999 0.17268867354699999  1.1321401113259999 0.17263247407599999  1.1132899939659999 0.17252406801299999  1.1044421967339999 0.172472198503  1.095562348336 0.17241912542900001  1.086647516025 0.17236479619  1.077694580063 0.17230922629199999  1.0538472962080001 0.172158758242  1.038879706261 0.17206182155300001  1.0237889746660001 0.17196187650299999  1.008557237073 0.171859777578  0.993164137951 0.171755147468  0.96534121656500005 0.17156188960900001  0.95297632971799995 0.171474582441  0.94049170732800003 0.17138470858800001  0.92787563269200002 0.17129147937700001  0.91511476464899999 0.17119536939900001  0.88953657923999996 0.171002039716  0.87672407178599998 0.17090494782000001  0.86374693102400002 0.17080706662199999  0.85058912453500002 0.17071173649599999  0.83723215110899996 0.17061574059500001  0.81737345859300004 0.17046727400700001  0.81109027008300005 0.17041946879  0.804807093887 0.17037064120600001  0.79852391353800001 0.17032035737000001  0.79224071668700002 0.170269422231  0.77963566141899998 0.17017300403499999  0.77326114974000004 0.17012557383900001  0.76683163836199997 0.17007795470199999  0.76034452968300004 0.17002950892800001  0.75379698803899997 0.16998007693200001  0.747185939701 0.169929977239 
 0 7 0.075302307900330004 5 0.146473552728 5 0.21357066000899999 5 0.25369685492499999 5 0.27154700403999998 5 0.28861259761899999 5 0.356902012534 5 0.406535322368 5 0.49509178494299999 5 0.56914889536299995 5 0.63390676876499996 5 0.68910530612800003 5 0.73762284937099998 5 0.81775186969000002 5 0.88081491805800005 5 0.94261641911100003 5 0.97122014796099998 5 1 7
7 0 0  6 92 19  6.2831853071800001 4.571632751149  6.2041496849439994 4.5519235188379996  6.1251056906479988 4.5320752574969996  6.0460739398239998 4.5120950113099996  5.9670434321899997 4.4919817746030004  5.888003154902 4.4717342050450002  5.7342794530649996 4.4321021226579997  5.6595793334450004 4.41272718988  5.584888686987 4.393239805736  5.5101991763220006 4.3736393465930004  5.4355024757230002 4.3539243559249998  5.2904011840949998 4.3154090207619999  5.2199839731480004 4.2966178136549997  5.149574057005001 4.2777289686159996  5.0791652251570003 4.258740620787  5.008751269954999 4.2396510366299998  4.896237845588999 4.2089901960290002  4.8541319215360001 4.197480653325  4.8120268721390005 4.1859361728350004  4.769922226384999 4.1743569945200001  4.7278175142939993 4.1627432238699997  4.6669836899250008 4.1459130686190004  4.6482540986350003 4.1407244830590004  4.6295245181139997 4.1355289845399996  4.6107948343210001 4.1303264822310002  4.5920651466120006 4.1251169039560001  4.5554295885970006 4.1149127748599996  4.537523584405001 4.1099188430759996  4.5196175772410001 4.1049184526589997  4.5017115181139999 4.0999116620890002  4.4838054869680004 4.0948985365109998  4.3942481436329999 4.0697936393500003  4.3225908464730001 4.0496052210959999  4.2509410710470004 4.0293187098220002  4.1792923240929998 4.008929135102  4.1076377545130001 3.9884340936070002  3.9839154263720005 3.95286622813  3.9318403668039998 3.9378405257110001  3.8797671904819993 3.9227601053329999  3.8276945107140001 3.907624542697  3.775620943781 3.8924332740760001  3.6306417481820006 3.8499837931909999  3.5377150977880003 3.822597759852  3.4448146623140001 3.795040379135  3.3519159939950001 3.767301779316  3.2589946929060005 3.7393706872869998  3.0884082840920009 3.687747729452  3.0107128978829998 3.6641034622070001  2.9330290635530005 3.6403286045279999  2.8553466934480003 3.6164182908860001  2.777655719977 3.592366936571  2.6320485589419995 3.5470258298470001  2.5641188480160011 3.5257650781860002  2.496195607212 3.5043965636290002  2.4282736668679998 3.4829166050499998  2.3603478680070005 3.4613210476059999  2.2345341220629997 3.4211045720129998  2.1766393012870004 3.4025134451299999  2.1187478976850009 3.38383676139  2.0608575866570007 3.3650720469220001  2.0029660484700003 3.346216619077  1.8941959190829998 3.3106163066850001  1.8433139735580006 3.2938913364940001  1.7924342077209996 3.277094273181  1.7415554097319994 3.2602231989439998  1.6906763714119997 3.2432759978969998  1.5557737683969997 3.1981349924570002  1.4717381111760002 3.1698025524809998  1.3877204029700003 3.1412551284869998  1.3037059019059996 3.1124784261529999  1.2196799060729999 3.0834562109379999  1.0695532237850003 3.0311493013800002  1.0034344637099997 3.007954982407  0.93732267849200035 2.9845995485230001  0.87121344821899971 2.961074700008  0.80510237904699977 2.9373704724560001  0.67421626573799998 2.8900678689010002  0.60943365439899999 2.8664742035569999  0.54465817753099977 2.8426929658189999  0.47988593447700012 2.8187118069460002  0.415113036258 2.7945184886150001  0.32037180462700032 2.7588031256060002  0.29062106107399988 2.7475396271460002  0.2610989445399996 2.736314218245  0.23180897124700017 2.725128304789  0.20275465976499962 2.7139829915579998  0.14494745925500041 2.691706264804  0.11595605474999982 2.680482698379  0.086965543539870183 2.6692068450550002  0.057975962931710256 2.6578771607160001  0.028987401682890379 2.6464918271309998  0 2.635048751961 
 0 7 0.075302307900330004 5 0.146473552728 5 0.21357066000899999 5 0.25369685492499999 5 0.27154700403999998 5 0.28861259761899999 5 0.356902012534 5 0.406535322368 5 0.49509178494299999 5 0.56914889536299995 5 0.63390676876499996 5 0.68910530612800003 5 0.73762284937099998 5 0.81775186969000002 5 0.88081491805800005 5 0.94261641911100003 5 0.97122014796099998 5 1 7
1 6.2831853071795862 0 0 1 
1 4.1389114358025836e-13 0 0 1 
1 0 0 0 1 
1 13.04467977443 0 0 1 
7 0 0  8 72 11  0.747185939701 0.169929977239  0.72995437041099998 0.16979939335899999  0.71230760077099997 0.16966347628199999  0.69420485401800003 0.169524199052  0.67559018360599998 0.16938536173099999  0.65639421845799995 0.16924796488400001  0.63653091698700004 0.16910923431  0.61588932988300005 0.168965296988  0.57831052203300004 0.16870781008999999  0.56178599056199996 0.168595807678  0.54468295001699996 0.16848155071599999  0.52692441449000005 0.168365527027  0.50840638160899998 0.16824895160200001  0.48899730666000002 0.168132576319  0.46851755801799999 0.168015732522  0.43658343113699999 0.16784268496499999  0.42620873205499998 0.16778771489399999  0.41551205506799999 0.16773230491499999  0.404456492655 0.16767632228500001  0.392998314387 0.167619645101  0.38108325294200002 0.167562201488  0.36863834244400001 0.16750400786200001  0.34788241110200002 0.167410691976  0.33998692802899999 0.16737596766499999  0.331851914335 0.167341061584  0.323451469075 0.16730601179599999  0.31475500789700001 0.16727087069300001  0.30572486070600002 0.16723569868099999  0.29631119499399999 0.16720054704000001  0.27872511686099999 0.167137956995  0.270728906725 0.16711050598800001  0.26242111314599997 0.167083083031  0.25376155487899998 0.16705567714700001  0.24469528442499999 0.16702825752799999  0.23515315280400001 0.167000751098  0.225039900441 0.166973022405  0.20740627126399999 0.166927290847  0.200338460542 0.16690954565499999  0.19293888717400001 0.166891593098  0.185161341147 0.16687337400300001  0.17692756457299999 0.16685483387200001  0.16814319331800001 0.16683591664399999  0.158676316318 0.16681659033099999  0.14350178850699999 0.166788114135  0.13878939870699999 0.16677958616800001  0.134077010853 0.166771393446  0.12936462412800001 0.16676355458600001  0.124652237587 0.16675608678600001  0.119939850162 0.16674900582499999  0.11522746065599999 0.166742326059  0.105802675138 0.16672979479799999  0.10109028595 0.16672393988100001  0.096377898585480001 0.16671850759000001  0.091665511758450002 0.16671350066099999  0.086953124493209993 0.16670891265000001  0.082240736123879998 0.16670472793300001  0.077528346294529996 0.16670092170699999  0.068103562608619994 0.16669399827299999  0.063391175106779996 0.16669088808599999  0.058678788720529999 0.16668808003400001  0.053966401144810001 0.16668552679099999  0.049254011502760001 0.16668318310499999  0.044541620345659998 0.16668100579  0.039829229652919997 0.16667895373399999  0.030093973704309999 0.16667489253199999  0.02589895690631 0.16667327035999999  0.021542438005890001 0.16667149307099999  0.016604410078099999 0.166669973493  0.01110535139825 0.166667670416  0.0057813107091350003 0.166666709621  0.001413473517178 0.166666666667  0 0.166666666667 
 0 9 0.36748073849099999 7 0.64024826442600002 7 0.76609738397899996 7 0.83996605825399995 7 0.89775538264200005 7 0.93386672572399998 7 0.95013212602800001 7 0.96639752528599998 7 0.98266292804699995 7 1 9
7 0 0  8 72 11  6.2831853071800001 2.635048751961  6.207630206818 2.605222598433  6.1320646061469999 2.5750159004920001  6.0565140169709997 2.5444071241790001  5.9809814285689997 2.5133593693990002  5.9054585915139999 2.4818248201439999  5.8299374225399996 2.4497456091180001  5.7544215304510002 2.4170510967799999  5.6229090946450002 2.3588603124629999  5.5668848128570003 2.333674827292  5.5108722106899997 2.3080557266459998  5.4548729070280002 2.281953703208  5.3988869628799998 2.2553020511500002  5.3429149655129997 2.228016985015  5.286960600894 2.1999857811860002  5.205233778797 2.1576598570579999  5.1794369981959996 2.1440980616359999  5.1536464969509996 2.130319172508  5.1278631120169997 2.1163003697330001  5.1020878505500002 2.1020146611569999  5.0763220334329997 2.087428649214  5.0505675451589997 2.0724976299310001  5.0097185750040003 2.0481542555979999  4.9946149070140002 2.039009672463  4.9795166700560003 2.0297114786270001  4.9644245570830003 2.0202439174909999  4.9493394651680003 2.0105884307320001  4.9342625604309998 2.0007222212259999  4.9191954127780004 1.9906152201  4.8923621286929997 1.972097285322  4.8805918314090002 1.9637964033890001  4.868829970797 1.9553019270050001  4.8570777395210003 1.94658968306  4.845337156886 1.937626810005  4.8336110486379997 1.928372081517  4.8219034117320003 1.9187688267130001  4.8029206859900002 1.9024363421370001  4.7956320745000003 1.8959821397150001  4.7883552702759999 1.88932735778  4.7810915901589999 1.8824443893380001  4.7738449370250002 1.8752871127049999  4.7666210553959996 1.867800235719  4.759428375772 1.859906648375  4.7490664243280003 1.8476020346440001  4.7459964169789997 1.843824977415  4.7430735402330004 1.8400919434880001  4.7402970541030003 1.836402856766  4.7376662056400001 1.83275763596  4.73518022893 1.8291561945870001  4.7328383450990001 1.825598440969  4.7284411796620001 1.8185701157230001  4.726385902184 1.815099549348  4.7244731373270001 1.811672482086  4.7227020818060002 1.808288812427  4.7210719216000001 1.8049484343710001  4.7195818319500003 1.801651237432  4.7182309773639997 1.7983971066319999  4.7158060455969997 1.7919747376899999  4.7147319703659996 1.7888065037280001  4.713795439029 1.7856810986430001  4.712995595502 1.7825983965079999  4.7123315745080001 1.7795582674520001  4.7118025015759999 1.776560577653  4.7114074930419996 1.773605189348  4.7108665675549997 1.7675867900919999  4.7107845724109998 1.765041242333  4.7107582402180004 1.762416425853  4.7108552273619999 1.7594816954370001  4.7111212750479998 1.756263616976  4.7116761850069997 1.7532436969  4.7122120220279999 1.750792187174  4.7123889803849996 1.75 
 0 9 0.36748073849099999 7 0.64024826442600002 7 0.76609738397899996 7 0.83996605825399995 7 0.89775538264200005 7 0.93386672572399998 7 0.95013212602800001 7 0.96639752528599998 7 0.98266292804699995 7 1 9
1 3.1415926535900001 0 0 1 
1 -0 0 0 1 
1 0 1 1 0 
7 0 0  3 69 67  -1.5707963267948966 1.75  -1.5718883730641018 1.7548491498755587  -1.5702321909696848 1.76570979302097  -1.5556671515641249 1.785601813265586  -1.5284431212348675 1.8092157175445815  -1.4880458633522153 1.8366485232908916  -1.4340164568489961 1.8679783223800837  -1.3659671426073539 1.9032597798591326  -1.2835889584190643 1.9425223668669718  -1.1866608417200584 1.9857681776694032  -1.0750578652593219 2.032970272999743  -0.94875835816159948 2.0840713914626718  -0.80784912005245757 2.1389831570224556  -0.65252892328673306 2.1975858205870211  -0.48311043864974967 2.2597285800244009  -0.30001999336768181 2.3252304995737929  -0.10379416275713103 2.3938820311438826  0.10492341040815278 2.4654471183316637  0.3253893019365891 2.5396658428059937  0.55677039345702706 2.6162575526107443  0.798152680837658 2.6949243937158442  1.0485542393530118 2.7753551519482058  1.3069364212361798 2.8572293016651873  1.5722213495119308 2.940221152654408  1.8433037017545912 3.0240039833192509  2.1190640171920365 3.108254062860802  2.3983846601177312 3.1926544343505823  2.6801639208496622 3.2768984900790308  2.9633255467702342 3.3606928363999486  3.2468332465541869 3.4437610121819571  3.5296886270316272 3.5258419920541884  3.810989383943109 3.6067059757597382  4.089746714390583 3.686103421520547  4.365593903672222 3.7639609828483707  4.6361708322175721 3.8396538330535419  4.9068877670578743 3.9147229352438386  5.1831693054439425 3.9906446113511711  5.4626690831660243 4.0667337314266172  5.7450325103129325 4.1428620933025657  6.0292816370860489 4.2187318199791246  6.3145234301073163 4.2940723710280881  6.5997666549771701 4.3685906069818738  6.883979986779531 4.4419875404853961  7.1660899318582407 4.513957699623087  7.4449950391610793 4.5841935740731863  7.719575196450319 4.6523890458618871  7.9887057789138325 4.7182433427041808  8.2512735969413775 4.7814649896126262  8.5061900291120107 4.8417757746028673  8.7524031735559173 4.8989145919287864  8.9889153275919984 4.9526410649865191  9.2147938416162152 5.0027388446462053  9.4291854847860623 5.0490184902775379  9.6313242575874352 5.0913198536381881  9.8205426071017978 5.1295139026798786  9.9962785469698243 5.1635039423218823  10.158079451226108 5.1932262111361132  10.305605807214254 5.2186498544218987  10.43863165860086 5.2397762957514482  10.55704300439233 5.2566380486346347  10.660834746747474 5.2692970257316762  10.750105825652787 5.2778424188664985  10.825052248989508 5.2823882216847853  10.885958983338659 5.2830705111355698  10.933191133804241 5.2800444584501598  10.967186768409455 5.2734815849344105  10.988440808782055 5.2635657300913623  10.994489657904355 5.2548511188864699  10.995574287564274 5.25 
 0 4 0.047599888690757576 1 0.095199777381515152 1 0.14279966607227274 1 0.1903995547630303 1 0.23799944345378787 1 0.28559933214454547 1 0.33319922083530301 1 0.38079910952606061 1 0.42839899821681821 1 0.47599888690757575 1 0.52359877559833334 1 0.57119866428909094 1 0.61879855297984854 1 0.66639844167060602 1 0.71399833036136362 1 0.76159821905212122 1 0.80919810774287881 1 0.85679799643363641 1 0.9043978851243939 1 0.95199777381515149 1 0.99959766250590909 1 1.0471975511966667 1 1.0947974398874243 1 1.1423973285781819 1 1.1899972172689395 1 1.2375971059596971 1 1.2851969946504544 1 1.332796883341212 1 1.3803967720319696 1 1.4279966607227272 1 1.4755965494134848 1 1.5231964381042424 1 1.570796326795 1 1.6183962154857576 1 1.6659961041765152 1 1.7135959928672728 1 1.7611958815580304 1 1.8087957702487878 1 1.8563956589395454 1 1.903995547630303 1 1.9515954363210606 1 1.9991953250118182 1 2.0467952137025756 1 2.0943951023933334 1 2.1419949910840907 1 2.1895948797748486 1 2.2371947684656059 1 2.2847946571563638 1 2.3323945458471211 1 2.379994434537879 1 2.4275943232286363 1 2.4751942119193941 1 2.5227941006101515 1 2.5703939893009089 1 2.6179938779916667 1 2.6655937666824241 1 2.7131936553731819 1 2.7607935440639393 1 2.8083934327546971 1 2.8559933214454545 1 2.9035932101362123 1 2.9511930988269697 1 2.9987929875177275 1 3.0463928762084849 1 3.0939927648992422 1 3.1415926535900001 4
7 0 0  7 80 14  0 2.1875000022059998  0.061204055445839997 2.2045466261829998  0.122412139076 2.2215943731980001  0.18361727898499999 2.238641301625  0.24482054202100001 2.2556877082020002  0.30602567599000002 2.2727346359629998  0.36723375448399997 2.289782383036  0.52804764002000004 2.3345724549029998  0.62770272345599998 2.362328502025  0.72732036157500002 2.3900741140570001  0.82692678633299999 2.4178165966549998  0.92654440472699995 2.4455621962679999  1.026199602455 2.4733182666640001  1.188469812955 2.5185139458379999  1.251134756885 2.5359674579279998  1.3137963952430001 2.5534200521430002  1.3764559254419999 2.5708720619730001  1.439117558527 2.5883246596679998  1.5017825015190001 2.605778180353  1.6281644742579999 2.6409782504380002  1.691890699864 2.6587273610789999  1.7556133556319999 2.6764754764359999  1.8193338124489999 2.6942229771820001  1.883056695756 2.7119711509069999  1.946783276044 2.729720351414  2.1096983717160001 2.775095645165  2.2089364136020002 2.8027355291039999  2.3081378136259998 2.8303652032439999  2.4073281678880001 2.8579918012999999  2.5065295628520001 2.885621480468  2.6057678133910001 2.9132614304489999  2.7477443385370002 2.9528048982650001  2.7905279410660002 2.9647210379439999  2.8333111014850001 2.976637054982  2.8760939681840001 2.9885529904529999  2.9188771411109999 3.000469011177  2.9616607885050001 3.0123851637680001  3.0582989288590001 3.0393009331190002  3.112156224399 3.0543013302049999  3.1660119569890002 3.069301291006  3.2198666951180002 3.0843009737829998  3.2737224278369998 3.099300932852  3.3275797235889999 3.1143013271700002  3.4637657522710001 3.1522320137030002  3.546113989408 3.175167739031  3.6284494833140002 3.1980999181819998  3.7107768615180001 3.2210298431540001  3.7931123490680001 3.2439620310619999  3.8754605948909999 3.266897769891  4.0247962794249998 3.3084909219099998  4.0918074133899998 3.3271549372360001  4.1588139572529998 3.3458176670249999  4.2258175652230001 3.364479568848  4.2928241067239998 3.3831422816360002  4.3598352706260002 3.4018062868330001  4.4747340982430002 3.4338080270270002  4.5226293120580001 3.447147860296  4.570523674355 3.4604874555279999  4.6184174783519998 3.4738269248720002  4.6663118231330003 3.4871665473209998  4.7142070185979996 3.500506356107  4.8624709046539998 3.5418010316099999  4.9628878447620002 3.569769344539  5.0632658238820003 3.5977266741920002  5.1636322955329996 3.6256808118769999  5.2640102920610001 3.6536381771189999  5.3644272665269996 3.6816064205110002  5.5465926113339998 3.7323433280690002  5.6284048680280003 3.755129782384  5.7102047976070001 3.7779128060059999  5.791996865612 3.8006936359060002  5.8737967911820004 3.8234766481950002  5.9556090916160001 3.846263103998  6.0725159384719998 3.878824131145  6.1076276297960002 3.8886034788599999  6.1427391684449999 3.8983827839809999  6.1778506063399998 3.908162061139  6.2129621598189999 3.917941370731  6.2480738773400004 3.92772072635  6.2831853071800001 3.9375000022059998 
 0 8 0.068191308153049995 6 0.179172876073 6 0.24898681166600001 6 0.319982989193 6 0.43050131968599997 6 0.47816857714400002 6 0.53817207199700001 6 0.62990216852600001 6 0.70455651114499995 6 0.75791820566799994 6 0.86974669706399999 6 0.96088017220699995 6 1 8
7 0 0  7 80 14  11.414094794397 0.166667646221  11.350561151252 0.16666706959899999  11.287023322506 0.16666642199500001  11.223488544639 0.166665790083  11.159955711746001 0.166665269532  11.096420936395999 0.166664920474  11.032883107405 0.16666475431800001  10.865948208955 0.16666474809099999  10.762499995668 0.16666517699799999  10.659090674494999 0.16666595993700001  10.555693016884 0.16666676565999999  10.452283741997 0.1666672622  10.348835441966999 0.166667460203  10.180388824248 0.166667451444  10.115338688203 0.16666736806599999  10.050291973127001 0.166667228833  9.985247436082 0.166667078755  9.9202007080350008 0.166666960319  9.8551505399580002 0.166666898393  9.7239580707299993 0.166666888377  9.657806223703 0.16666694222799999  9.5916580861530001 0.16666705717700001  9.5255122392859999 0.166667209314  9.4593638841949996 0.16666735463400001  9.3932117022319996 0.16666744503  9.2240956517619992 0.16666746872900001  9.1210803846239994 0.16666728534299999  9.0181031699280005 0.166666806773  8.9151374199580005 0.16666601576500001  8.8121601865240002 0.166665229635  8.7091446732419993 0.16666477929599999  8.5617641375780007 0.166664741491  8.5173520729330008 0.166664808847  8.4729404653750002 0.16666496344000001  8.4285291618230005 0.16666520423299999  8.3841175405309993 0.166665521175  8.3397054277600002 0.16666589570900001  8.2393889728849992 0.166666811794  8.1834817224609999 0.16666737178300001  8.1275760980970002 0.16666793106  8.0716715099399998 0.16666842237099999  8.0157658920330004 0.16666878038300001  7.9598586519249999 0.166668959867  7.8184890349409999 0.16666894262599999  7.7330064085719998 0.16666849923400001  7.6475369989850002 0.16666757755200001  7.5620759908390003 0.16666635998000001  7.4766065486139999 0.166665261471  7.391123871924 0.166664709637  7.2361040579509996 0.16666469237699999  7.16654231417 0.16666504555100001  7.096985361652 0.166665777918  7.0274314950049996 0.166666748103  6.9578746058509999 0.16666761424900001  6.888312899822 0.166668022763  6.7690407703759998 0.16666802943299999  6.7193225265930003 0.16666782492900001  6.6696051699870003 0.16666742321  6.6198882825709999 0.16666691696700001  6.5701708245279997 0.16666655510600001  6.520452671997 0.16666657253799999  6.3665452953330002 0.16666720293500001  6.2623059564780004 0.16666853662600001  6.1581075528560003 0.16666930846399999  6.0539210458649997 0.16666703967999999  5.9497225096040003 0.16666555522099999  5.8454834299160003 0.16666470363499999  5.6563843693900004 0.16666469710000001  5.5714580837529999 0.16666522986499999  5.4865445844830001 0.16666630747799999  5.4016392613299997 0.16666751658000001  5.3167258042969996 0.16666844827899999  5.2317995131129997 0.166668914158  5.1104428924669998 0.16666896727899999  5.0739947612140002 0.16666890357  5.0375467887329997 0.16666876237200001  5.0010989204790004 0.16666855183000001  4.9646509313190004 0.16666828467399999  4.9282027705929998 0.16666797683099999  4.8917549071710003 0.166667646039 
 0 8 0.068191308153049995 6 0.179172876073 6 0.24898681166600001 6 0.319982989193 6 0.43050131968599997 6 0.47816857714400002 6 0.53817207199700001 6 0.62990216852600001 6 0.70455651114499995 6 0.75791820566799994 6 0.86974669706399999 6 0.96088017220699995 6 1 8
1 6.2831853071800001 -0 0 1 
1 0 -0 0 1 
1 0 0 1 0 
7 0 0  6 22 5  4.7123889803849996 1.75  4.7634310211389996 1.7642162879100001  4.8144741222030003 1.7784329021550001  4.8655160484669997 1.7926491818020001  4.9165579834750002 1.8068654485969999  4.9676011026540001 1.8210820356149999  5.095573193791 1.8567249484070001  5.1725113955559996 1.8781538363179999  5.2494401195610001 1.899580083981  5.3263688418430002 1.9210063474029999  5.4033070406080004 1.9424352602299999  5.5740966505819998 1.9900037871230001  5.6679779531510004 2.016151729582  5.7618339226320003 2.0422926169909998  5.8556898780250002 2.0684334901170001  5.9495711601989996 2.094581412603  6.0833896979080002 2.1318527028740002  6.1233488096400004 2.1429821594949998  6.1633080028840004 2.1541116388299999  6.2032671935970001 2.1652411177130002  6.243226312919 2.1763705771269999  6.2831853071800001 2.1875000022059998 
 0 7 0.19497281759400001 5 0.48883385701999998 5 0.84736305610499996 5 1 7
7 0 0  6 22 5  13.04467977443 0.166666666666  12.991694939182 0.166666666666  12.938708887669 0.16666697271299999  12.885724083216999 0.16666749852500001  12.832739326666999 0.16666795133000001  12.779753376625001 0.16666809425500001  12.646910409883001 0.16666787977399999  12.567043843962001 0.16666719936400001  12.487187118384 0.166665981554  12.407330334069 0.16666503565499999  12.327463675283999 0.16666462857200001  12.15017333224 0.16666480426499999  12.052718607627 0.166665620909  11.955290177552 0.16666710989700001  11.857861800705001 0.166668350815  11.760407150537 0.16666894163099999  11.621495137289999 0.16666895792600001  11.580015080811 0.166668856078  11.538534939674999 0.16666865478000001  11.497054800219001 0.166668369255  11.455574733321001 0.16666802268700001  11.414094794397 0.166667646221 
 0 7 0.19497281759400001 5 0.48883385701999998 5 0.84736305610499996 5 1 7
1 0 1 1 0 
7 0 0  3 47 45  10.995574287564272 5.25  10.900374731698825 5.2234848484859722  10.709975244440644 5.1704545454560549  10.424375489749936 5.0909090909085251  10.13877619393822 5.0113636363634679  9.8531770100239484 4.9318181818183344  9.5675776357617845 4.8522727272729114  9.2819782996285145 4.7727272727273586  8.9963790394258414 4.6931818181818432  8.7107796752793369 4.6136363636364841  8.4251802010528554 4.5340909090910628  8.1395808254314499 4.4545454545455536  7.8539816339742341 4.3750000000000364  7.5683824425175965 4.2954545454543833  7.2827830668944831 4.2159090909089425  6.9971835926743733 4.1363636363635559  6.7115842285043383 4.0568181818180786  6.4259849683898675 3.9772727272725672  6.1403856319278516 3.8977272727272858  5.8547862588929558 3.8181818181816269  5.5691870703986224 3.7386363636364051  5.2835877916798797 3.6590909090905721  4.9979879731971737 3.5795454545459742  4.7123889803846861 3.5000000000000404  4.4267899875722225 3.4204545454538655  4.1411901690895503 3.340909090909391  3.8555908903708374 3.2613636363638112  3.5699917018764924 3.1818181818182278  3.2843923288415242 3.1022727272727408  2.9987929923794203 3.0227272727272978  2.7131937322648794 2.9431818181819196  2.4275943680948053 2.8636363636364099  2.1419948938746884 2.7840909090910269  1.8563955182515592 2.7045454545456038  1.5707963267949066 2.6250000000002127  1.2851971353376663 2.5454545454547359  0.99959775971625153 2.4659090909094004  0.71399828548980038 2.3863636363637597  0.42839892134337665 2.3068181818183375  0.14279966114079812 2.2272727272728621  -0.14279967499237697 2.1477272727274705  -0.42839904925449029 2.0681818181817921  -0.71399823316876831 1.9886363636364082  -0.99959752898051191 1.9090909090909889  -1.2851972836712757 1.8295454545454977  -1.4755967709294637 1.7765151515151631  -1.5707963267948966 1.75 
 -0 4 0.29646999487340908 1 0.59293998974681816 1 0.88940998462022725 1 1.1858799794936363 1 1.4823499743670454 1 1.7788199692404545 1 2.0752899641138636 1 2.3717599589872727 1 2.6682299538606817 1 2.9646999487340908 1 3.2611699436074999 1 3.557639938480909 1 3.8541099333543181 1 4.1505799282277271 1 4.4470499231011367 1 4.7435199179745453 1 5.0399899128479539 1 5.3364599077213635 1 5.632929902594773 1 5.9293998974681816 1 6.2258698923415903 1 6.5223398872149998 1 6.8188098820884093 1 7.115279876961818 1 7.4117498718352266 1 7.7082198667086361 1 8.0046898615820457 1 8.3011598564554543 1 8.5976298513288629 1 8.8940998462022733 1 9.190569841075682 1 9.4870398359490906 1 9.7835098308224993 1 10.079979825695908 1 10.376449820569318 1 10.672919815442727 1 10.969389810316136 1 11.265859805189546 1 11.562329800062955 1 11.858799794936363 1 12.155269789809772 1 12.451739784683181 1 12.748209779556591 1 13.04467977443 4
1 0 1.570796326795 1 0 
1 4.7123889803845866 6.1290619179129999 -0 -1 
1 0 1.570796326795 1 0 
1 4.7123889803845866 -6.1290619179129999 -0 1 
7 0 0  1 2 2  0.031053794255350001 1.570796326795  0.031053794255350001 0 
 4.7123889803849996 2 6.2831853071800001 2
7 0 0  1 2 2  0 -1.570796326795  0 0 
 4.7123889803849996 2 6.2831853071800001 2
1 0 0 1 0 
1 1.1658271779115861 -67.5 -1 0 
7 0 0  1 2 2  1.1347733836559999 1.570796326795  1.1347733836559999 0 
 4.7123889803849996 2 6.2831853071800001 2
7 0 0  1 2 2  6.2831853071795862 -1.570796326795  6.2831853071795862 0 
 4.7123889803849996 2 6.2831853071800001 2
7 0 0  1 2 2  4.7123889803845866 6.1290619179129999  6.2831853071795862 6.1290619179129999 
 4.7123889803849996 2 6.2831853071800001 2
7 0 0  1 2 2  6.2831853071795862 -1.570796326795  6.2831853071795862 0 
 4.7123889803849996 2 6.2831853071800001 2
7 0 0  1 2 2  4.7123889803845866 -6.1290619179129999  6.2831853071795862 -6.1290619179129999 
 4.7123889803849996 2 6.2831853071800001 2
7 0 0  1 2 2  5.2642487750845861 -1.570796326795  5.2642487750845861 0 
 4.7123889803849996 2 6.2831853071800001 2
1 6.2831853071795862 6.1290619179129999 -0 -1 
7 0 0  1 2 2  0.031053794255350001 1.570796326795  0.031053794255350001 0 
 4.7123889803849996 2 6.2831853071800001 2
7 0 0  1 2 2  5.2642487750845861 -1.570796326795  5.2642487750845861 0 
 4.7123889803849996 2 6.2831853071800001 2
1 0 0 1 0 
1 6.2831853071795862 -67.5 -1 0 
7 0 0  1 2 2  1.1347733836559999 1.570796326795  1.1347733836559999 0 
 4.7123889803849996 2 6.2831853071800001 2
7 0 0  1 2 2  6.2831853071795862 -1.570796326795  6.2831853071795862 0 
 4.7123889803849996 2 6.2831853071800001 2
7 0 0  1 2 2  1.0189365320949999 -1.570796326795  1.0189365320949999 0 
 4.7123889803849996 2 6.2831853071800001 2
7 0 0  1 2 2  4.7123889803845866 6.1290619179129999  6.2831853071795862 6.1290619179129999 
 4.7123889803849996 2 6.2831853071800001 2
7 0 0  1 2 2  4.7123889803845866 -6.1290619179129999  6.2831853071795862 -6.1290619179129999 
 4.7123889803849996 2 6.2831853071800001 2
7 0 0  1 2 2  5.2642487750845861 -1.570796326795  5.2642487750845861 0 
 4.7123889803849996 2 6.2831853071800001 2
1 6.2831853071795862 -6.1290619179129999 -0 1 
1 0 -1.57079632679531 1 0 
1 0 0 1 0 
1 1.0189365320949999 67.5 -1 -0 
1 1.1658271779115861 -2.5 -1 0 
1 6.2831853071795862 0 -1 0 
1 0 0 0 1 
1 0.031053794255586631 0 -0 -1 
1 1.0189365320949999 0 0 1 
1 1.1347733836565865 0 -0 -1 
1 1.4210854715200001e-15 67.5 1 0 
1 6.2831853071795862 0 -1 0 
1 5.2642487750845861 -1.57079632679531 1 0 
1 0 -6.1290619179129999 0 1 
1 1.0189365320949999 0 0 1 
1 0 0 0 1 
1 0 67.5 1 0 
1 6.2831853071795862 0 -1 0 
1 5.2642487750845861 -1.57079632679531 1 0 
1 6.2831853071795862 -2.5 -1 0 
1 6.2831853071795862 0 -1 0 
1 0 0 0 1 
1 5.1484119235235859 0 -0 -1 
1 1.0189365320949999 0 0 1 
1 6.2521315129242359 0 -0 -1 
1 0 67.5 1 0 
1 6.2831853071795862 0 -1 0 
1 5.2642487750845861 -1.57079632679531 1 0 
1 0 6.1290619179129999 -0 -1 
1 1.0189365320949999 0 0 1 
1 0 0 0 1 
1 1.0189365320949999 2.5 -1 -0 
1 6.2831853071795862 0 -1 0 
1 6.2831853071795862 1.570796326795 -1 0 
7 0 0  1 2 2  0 -1.570796326795  0 0 
 4.7123889803849996 2 6.2831853071800001 2
7 0 0  1 2 2  5.1484119235235859 1.570796326795  5.1484119235235859 0 
 4.7123889803849996 2 6.2831853071800001 2
7 0 0  1 2 2  6.2521315129242359 1.570796326795  6.2521315129242359 0 
 4.7123889803849996 2 6.2831853071800001 2
7 0 0  1 2 2  6.2831853071795862 -1.570796326795  6.2831853071795862 0 
 4.7123889803849996 2 6.2831853071800001 2
1 1.4210854715200001e-15 2.5 1 0 
1 0 0 1 0 
7 0 0  1 2 2  1.570796326795 -6.1290619179129999  0 -6.1290619179129999 
 4.7123889803849996 2 6.2831853071800001 2
7 0 0  1 2 2  1.0189365320949999 -1.570796326795  1.0189365320949999 0 
 4.7123889803849996 2 6.2831853071800001 2
1 1.570796326795 -6.1290619179129999 0 1 
7 0 0  1 2 2  1.570796326795 6.1290619179129999  0 6.1290619179129999 
 4.7123889803849996 2 6.2831853071800001 2
7 0 0  1 2 2  0 -1.570796326795  0 0 
 4.7123889803849996 2 6.2831853071800001 2
1 0 2.5 1 0 
1 0 0 1 0 
1 6.2831853071795862 1.570796326795 -1 0 
7 0 0  1 2 2  0 -1.570796326795  0 0 
 4.7123889803849996 2 6.2831853071800001 2
7 0 0  1 2 2  5.1484119235235859 1.570796326795  5.1484119235235859 0 
 4.7123889803849996 2 6.2831853071800001 2
7 0 0  1 2 2  1.0189365320949999 -1.570796326795  1.0189365320949999 0 
 4.7123889803849996 2 6.2831853071800001 2
7 0 0  1 2 2  6.2521315129242359 1.570796326795  6.2521315129242359 0 
 4.7123889803849996 2 6.2831853071800001 2
1 0 2.5 1 0 
1 0 0 1 0 
7 0 0  1 2 2  1.570796326795 -6.1290619179129999  0 -6.1290619179129999 
 4.7123889803849996 2 6.2831853071800001 2
7 0 0  1 2 2  1.0189365320949999 -1.570796326795  1.0189365320949999 0 
 4.7123889803849996 2 6.2831853071800001 2
1 1.570796326795 6.1290619179129999 -0 -1 
7 0 0  1 2 2  1.570796326795 6.1290619179129999  0 6.1290619179129999 
 4.7123889803849996 2 6.2831853071800001 2
7 0 0  1 2 2  5.2642487750845861 -1.570796326795  5.2642487750845861 0 
 4.7123889803849996 2 6.2831853071800001 2
1 5.2642487750845861 -1.57079632679531 1 0 
1 0 -1.57079632679531 1 0 
1 0 -1.57079632679531 1 0 
1 0 -1.57079632679531 1 0 
Curves 116
1 -24.399999999999999 -6.1290619179129999 0 0 0 1 
2 -22.5 -6.1290619179129999 2.5 0 0 1 -1 0 0 0 -1 0 1.8999999999999999
1 -23.496116504850001 -7.7470087368030001 0 0 0 1 
2 -22.5 -6.1290619179129999 67.5 0 0 1 -1 0 0 0 -1 0 1.8999999999999999
1 -24.399999999999999 6.1290619179129999 2.5 0 -1 -0 
1 -24.399999999999999 6.1290619179129999 0 0 0 1 
1 -24.399999999999999 -6.1290619179129999 67.5 -0 1 0 
2 -22.5 -6.1290619179129999 2.5 0 1 -0 -1 0 2.4492935982949998e-16 2.4492935982949998e-16 0 1 1.8999999999999999
2 -22.5 -6.1290619179129999 2.5 -0.85155095731079578 0.52427184465987431 0 -0.52427184465987431 -0.85155095731079578 2.4492935982944131e-16 1.284095672891433e-16 2.0856983083628112e-16 1 1.8999999999999999
2 -22.5 -6.1290619179129999 67.5 0.85155095731079578 -0.52427184465987431 0 -0.52427184465987431 -0.85155095731079578 -2.4492935982944131e-16 1.284095672891433e-16 2.0856983083628112e-16 -1 1.8999999999999999
2 -22.5 -6.1290619179129999 67.5 0 -1 -0 -1 0 -2.4492935982949998e-16 2.4492935982949998e-16 0 -1 1.8999999999999999
2 0 30.416666666666998 2.5 0 0 1 -0.55045871559614645 -0.83486238532122214 0 0.83486238532122214 -0.55045871559614645 0 44.816666666666997
1 23.496116504854001 -7.7470087368030001 0 0 0 1 
2 0 30.416666666666998 67.5 0 0 1 -0.55045871559614645 -0.83486238532122214 0 0.83486238532122214 -0.55045871559614645 0 44.816666666666997
2 -22.5 6.1290619179129999 2.5 2.2204460492499999e-15 1 -1.3836508683389999e-32 -1 2.2204460492499999e-15 2.4492935982949998e-16 2.4492935982949998e-16 -5.3001592069535487e-31 1 1.8999999999999999
1 -22.5 6.1290619179129999 0.59999999999999998 0 -1 -0 
1 -23.496116504850001 7.7470087368030001 0 0 0 1 
2 -22.5 6.1290619179129999 2.5 0 0 1 -0.52427184465987431 0.85155095731079578 0 -0.85155095731079578 -0.52427184465987431 0 1.8999999999999999
2 -22.5 6.1290619179129999 67.5 0 0 1 -0.52427184465987431 0.85155095731079578 0 -0.85155095731079578 -0.52427184465987431 0 1.8999999999999999
1 -22.5 -6.1290619179129999 69.400000000000006 -0 1 0 
2 -22.5 6.1290619179129999 67.5 -2.2204460492499999e-15 -1 -1.3836508683389999e-32 -1 2.2204460492499999e-15 -2.4492935982949998e-16 2.4492935982949998e-16 -5.3001592069535487e-31 -1 1.8999999999999999
2 0 30.416666666666998 0.59999999999999998 0 0 1 -0.55045871559614645 -0.83486238532122214 0 0.83486238532122214 -0.55045871559614645 0 42.916666666666998
2 22.5 -6.1290619179129999 2.5 -0.85155095731079578 -0.52427184465987431 0 0.52427184465987431 -0.85155095731079578 2.4492935982944131e-16 -1.284095672891433e-16 2.0856983083628112e-16 1 1.8999999999999999
2 22.5 -6.1290619179129999 67.5 0.85155095731079578 0.52427184465987431 0 0.52427184465987431 -0.85155095731079578 -2.4492935982944131e-16 -1.284095672891433e-16 2.0856983083628112e-16 -1 1.8999999999999999
2 0 30.416666666666998 69.400000000000006 0 0 1 -0.55045871559614645 -0.83486238532122214 0 0.83486238532122214 -0.55045871559614645 0 42.916666666666998
2 22.5 -6.1290619179129999 2.5 -0 0 1 0.52427184465987431 -0.85155095731079578 0 0.85155095731079578 0.52427184465987431 0 1.8999999999999999
1 24.399999999999999 -6.1290619179129999 0 0 0 1 
2 22.5 -6.1290619179129999 67.5 -0 0 1 0.52427184465987431 -0.85155095731079578 0 0.85155095731079578 0.52427184465987431 0 1.8999999999999999
2 -22.5 6.1290619179129999 2.5 0.85155095731079578 0.52427184465987431 -1.2325951644077045e-32 -0.52427184465987431 0.85155095731079578 2.4492935982944131e-16 1.284095672891433e-16 -2.0856983083628112e-16 1 1.8999999999999999
1 22.5 6.1290619179129999 0.59999999999999998 0 -1 -0 
2 0 -30.416666666659999 0.59999999999999998 0 -0 1 0.55045871559614645 0.83486238532122214 0 -0.83486238532122214 0.55045871559614645 0 42.916666666666998
2 0 -30.416666666659999 2.5 0 -0 1 0.55045871559614645 0.83486238532122214 0 -0.83486238532122214 0.55045871559614645 0 44.816666666666997
2 0 -30.416666666659999 67.5 0 -0 1 0.55045871559614645 0.83486238532122214 0 -0.83486238532122214 0.55045871559614645 0 44.816666666666997
1 23.496116504854001 7.7470087368030001 0 0 0 1 
2 -22.5 6.1290619179129999 67.5 -0.85155095731079578 -0.52427184465987431 -1.2325951644077045e-32 -0.52427184465987431 0.85155095731079578 -2.4492935982944131e-16 1.284095672891433e-16 -2.0856983083628112e-16 -1 1.8999999999999999
2 0 -30.416666666659999 69.400000000000006 0 -0 1 0.55045871559614645 0.83486238532122214 0 -0.83486238532122214 0.55045871559614645 0 42.916666666666998
1 22.5 -6.1290619179129999 69.400000000000006 -0 1 0 
2 0 0 69.400000000000006 0 -0 1 1 0 0 -0 1 0 7.5
2 22.5 -6.1290619179129999 2.5 1.7763568394e-15 -1 3.6736359602640001e-33 1 1.7763568394e-15 2.4492935982949998e-16 -2.4492935982949998e-16 -4.314083075427319e-31 1 1.8999999999999999
2 22.5 -6.1290619179129999 67.5 -1.7763568394e-15 1 3.6736359602640001e-33 1 1.7763568394e-15 -2.4492935982949998e-16 -2.4492935982949998e-16 -4.314083075427319e-31 -1 1.8999999999999999
1 24.399999999999999 6.1290619179129999 2.5 0 -1 -0 
1 24.399999999999999 -6.1290619179129999 67.5 -0 1 0 
1 24.399999999999999 6.1290619179129999 0 0 0 1 
2 22.5 6.1290619179129999 2.5 0.85155095731079578 -0.52427184465987431 0 0.52427184465987431 0.85155095731079578 2.4492935982944131e-16 -1.284095672891433e-16 -2.0856983083628112e-16 1 1.8999999999999999
2 22.5 6.1290619179129999 2.5 -4.1078251911130003e-15 -1 1.69269921078e-32 1 -4.1078251911130003e-15 2.4492935982949998e-16 -2.4492935982949998e-16 1.0230539864586006e-30 1 1.8999999999999999
2 22.5 6.1290619179129999 2.5 0 0 -1 0.52427184465987431 0.85155095731079578 0 0.85155095731079578 -0.52427184465987431 0 1.8999999999999999
2 22.5 6.1290619179129999 67.5 0 0 -1 0.52427184465987431 0.85155095731079578 0 0.85155095731079578 -0.52427184465987431 0 1.8999999999999999
2 22.5 6.1290619179129999 67.5 -0.85155095731079578 0.52427184465987431 0 0.52427184465987431 0.85155095731079578 -2.4492935982944131e-16 -1.284095672891433e-16 -2.0856983083628112e-16 -1 1.8999999999999999
2 22.5 6.1290619179129999 67.5 4.1078251911130003e-15 1 1.69269921078e-32 1 -4.1078251911130003e-15 -2.4492935982949998e-16 -2.4492935982949998e-16 1.0230539864586006e-30 -1 1.8999999999999999
2 7.5 -1.836970198721e-15 70 2.4492935982949998e-16 1 0 1 -2.4492935982949998e-16 0 0 0 -1 0.59999999999999998
2 0 0 70 0 0 1 1 0 -0 -0 1 0 6.9000000000000004
2 0 0 77 0 0 1 1 0 -0 -0 1 0 6.9000000000000004
1 6.9000000000000004 -1.690012582823e-15 70 0 0 1 
2 0 0 77 0 0 1 1 0 -0 -0 1 0 7.5
7 0 0  8 121 18  -3.641531520771e-14 -7.5 75.25  -0.0035856759349009999 -7.5 75.252140259838001  -0.007991792945887 -7.4999980405600004 75.254366947631993  -0.01331959291313 -7.4999925497169997 75.256666735877999  -0.019634442597520001 -7.4999811680989996 75.259011821710004  -0.02694426293564 -7.4999605084740004 75.261369269338999  -0.035185837077479999 -7.499926569126 75.263706393226997  -0.044218997167050002 -7.4998758010540003 75.265992181995998  -0.064487870524500002 -7.4997303243879996 75.270637891093003  -0.076160276623880002 -7.499629210848 75.273048479474994  -0.088852238548700002 -7.4994977259770002 75.275426186575999  -0.102569948869 -7.4993292389150001 75.277770671324006  -0.11731946234 -7.4991162503339996 75.280081593210994  -0.13310669590300001 -7.4988503924350001 75.282358612294999  -0.149937428683 -7.4985224289510004 75.284601389198997  -0.193316074659 -7.497551560902 75.289958728537997  -0.219014255568 -7.4968772509969996 75.292798759895007  -0.244849574298 -7.4960979879250003 75.295406894642994  -0.27078556437500001 -7.4952131246210003 75.297823534673  -0.29679680405699999 -7.4942223462969997 75.300077846147005  -0.32286601521500002 -7.493125427311 75.302193290229994  -0.34898496714999999 -7.4919220416560002 75.304186327886001  -0.41418969114999998 -7.4886564036200003 75.308884128529996  -0.45331808280899999 -7.4864636345250002 75.311455556973002  -0.49251014595199999 -7.4840324652039998 75.313831124719002  -0.53174741943000003 -7.4813624923980004 75.316040564974003  -0.57101647644499998 -7.4784535380600001 75.318104975419999  -0.61030728022900005 -7.4753055051619999 75.320041163255993  -0.64961256118099997 -7.4719182539949998 75.321863384558995  -0.78135340365600003 -7.4597655436289996 75.327623807880002  -0.87382048915400001 -7.4499173650269999 75.331095266469006  -0.96625569392999999 -7.438745697531 75.334141314011006  -1.0586069882419999 -7.4262516359779998 75.336836929392007  -1.15083184051 -7.4124375650349998 75.339235795104003  -1.242894705446 -7.3973064360649996 75.341380693459001  -1.3347676630009999 -7.380861206054 75.343301071135002  -1.5302872940679999 -7.3429838933670002 75.346973535759005  -1.6338662353840001 -7.3211808137360004 75.348668944809006  -1.7371237586249999 -7.2977003531970004 75.350145051818998  -1.8400216313560001 -7.2725488998580001 75.351428200127998  -1.9425234454119999 -7.2457337426689996 75.35253863138  -2.0445941966149999 -7.2172629434860003 75.353492904036997  -2.1462000735009998 -7.1871452294980003 75.354305079995996  -2.448800316682 -7.0921069305459996 75.356344991163994  -2.648314297088 -7.0223210461279999 75.357185100904999  -2.8455886417429999 -6.9461072599799998 75.357598324189993  -3.0403713383039999 -6.8635526077830002 75.357645888464006  -3.2324183045620001 -6.7747552786879996 75.357371892228997  -3.4214922562569998 -6.67982404279 75.356811506791004  -3.607362254811 -6.5788779811360003 75.355994420482006  -3.9924247580480001 -6.3533988555059997 75.353776394963006  -4.1908179275039998 -6.2274911440220002 75.352321261008996  -4.3846745660339996 -6.0945017072010002 75.350609875442998  -4.5736972856040001 -5.9546231510930001 75.348667676242002  -4.7576000869120003 -5.8080622463780003 75.346515062316996  -4.9361082588620002 -5.6550398103530002 75.344168668397003  -5.1089582780290002 -5.4957905889019996 75.341642639921005  -5.4004807143309996 -5.2072577428209996 75.336940384787994  -5.5217728147939997 -5.0806220841040002 75.334838010444003  -5.6396694276739998 -4.9507592937 75.332647790213997  -5.7540702116559999 -4.8177760157799998 75.330374313050001  -5.8648790659649999 -4.6817824073110001 75.328021751538003  -5.9720041303649998 -4.5428921380559997 75.325593861898  -6.0753577851599996 -4.4012223905759997 75.323093983979007  -6.4259558713159999 -3.892660750263 75.314041957216006  -6.6525272075070001 -3.5114621246220001 75.307118960929998  -6.85319741074 -3.1152714119180001 75.299805730927005  -7.0268233956410002 -2.7061546065469999 75.292140234429993  -7.1724658300159998 -2.286258056191 75.284152300252003  -7.2893807055349997 -1.857803191128 75.275866445058995  -7.37702888955 -1.4230881953729999 75.267303953017006  -7.4707394124000004 -0.71536869958299998 75.253072250293002  -7.4952420598250002 -0.444763699731 75.247563096972002  -7.5085401380689998 -0.173223666502 75.241961050708994  -7.5105936632260004 0.098709461383009997 75.236269969502999  -7.501394120903 0.37049401665999998 75.230493348498996  -7.4809644573650003 0.641588767276 75.224634401011997  -7.4493590706879997 0.91145308013299997 75.218696139545003  -7.3834040502159999 1.3256007381349999 75.209404746497  -7.3567225929940001 1.471947733982 75.206086984571996  -7.3265698413090004 1.6184844192729999 75.202728325655997  -7.2928998906349998 1.765103643033 75.199328923940996  -7.2556708294850001 1.9116948355159999 75.195888929928003  -7.2148450480459996 2.0581440873269998 75.192408487175996  -7.1703895468020002 2.2043342285329999 75.188887729049  -7.0741629572439999 2.4959555454569999 75.181765822892999  -7.0223917517069996 2.6413871106519999 75.178164595991007  -6.96693465249 2.7863189082750002 75.174523695690993  -6.9077685157959996 2.9306276617560001 75.170842037968001  -6.8448751902679996 3.0741877687770001 75.167120467801993  -6.7782417972309998 3.2168713358179999 75.163360044781996  -6.7078610579440001 3.3585482226050001 75.159560113471002  -6.3717088842920004 3.9958412432010002 75.142152257421003  -6.0671191845430004 4.4702743301019998 75.128317388946996  -5.7222581223870002 4.9179634206160001 75.114236679182994  -5.3399170335179997 5.3349511213399996 75.099919932296004  -4.9232884247979998 5.7176742524200002 75.085377525728006  -4.4759348779910004 6.0629397887460001 75.070619862666007  -4.0018132243090001 6.3679558306480004 75.055655564570998  -3.0136035211490002 6.8903983829950004 75.025485639169005  -2.4997287211870001 7.1087418982240003 75.010277255814003  -1.9679848129599999 7.2831684585929999 74.994885878277998  -1.4227738900769999 7.4120271549429999 74.979318891234996  -0.86860779130400001 7.4941971362409996 74.963580633361005  -0.31009311577199999 7.5290528981399998 74.947674700708006  0.24806979184899999 7.5165021116109996 74.931606429138995  1.3287100963059999 7.4004150008550003 74.899908780548003  1.851848470118 7.3010576165880003 74.884287367696999  2.3663227955430002 7.1594484944049999 74.868529181390002  2.8681587005520002 6.9765100049280004 74.852638425570007  3.3535473295310001 6.7535822342370002 74.836617102763995  3.8188402958549998 6.4923947659590002 74.820466730153996  4.2605659107229998 6.1950902450839997 74.804190312984005  5.3333092193849998 5.3398175200929998 74.761798447645006  5.924612897107 4.7304384062190001 74.735467088592998  6.4353756299910003 4.0468160428889997 74.708854168352005  6.8552702524270002 3.3016834928600001 74.681963878846005  7.1760918005359997 2.508853968365 74.654793784337997  7.3921691096410003 1.683358845995 74.627340931286994  7.5000000031390002 0.84121197040200002 74.599602660005999  7.5 0 74.571632751148996 
 0 9 0.0039713562881209998 7 0.0083764299426949997 7 0.014658575781430001 7 0.024031210987669999 7 0.046064866244940002 7 0.071031147003239994 7 0.12078471152 7 0.176041318374 7 0.217278036324 7 0.32134462653599999 7 0.38520181513099999 7 0.41999026813700002 7 0.45477871123000002 7 0.57774415264300005 7 0.69953927575899999 7 0.81574730716400001 7 1 9
7 0 0  8 65 10  7.5 -2.6645352590999998e-15 73.937500002205994  7.4999999999969997 0.39612871369699998 73.952210698917995  7.4760886663320001 0.792279037086 73.966922190502999  7.4282615918339996 1.186735361235 73.981633338451005  7.3566667987249996 1.5778123381539999 73.996344051378998  7.2615901956569999 1.9638530117290001 74.011054762247994  7.1434505394030001 2.343228982176 74.025765905941  7.0028039012079999 2.7143426040329999 74.040477397180993  6.5740970158970002 3.6678081562289999 74.079299979091999  6.2491467903629996 4.2338631169149998 74.103420885052003  5.8686285691469999 4.766662584304 74.127537005405998  5.4366173583670001 5.2599044888190001 74.151649092032997  4.9579146375559997 5.7079732571289998 74.175761186656999  4.4379737707529996 6.105885234144 74.199877382839006  3.8829567980770001 6.4493572972640001 74.223998454184994  2.9197143536670001 6.9213083700720004 74.263832469879006  2.5274829192810002 7.0830711629709997 74.279555865348996  2.125090023022 7.2193901928840001 74.295278785381001  1.7144686603920001 7.3295345650029997 74.311001107020999  1.2975952993590001 7.4129514774440004 74.326723434781002  0.87648648218000003 7.469259616385 74.342446374472004  0.453198878375 7.4982566279359997 74.358169801195999  -0.38628945137100001 7.5015958914310001 74.389345430842994  -0.80254410582000002 7.4768650460290003 74.404799748035003  -1.2169388102950001 7.4257343200400001 74.420253626822998  -1.6275192042640001 7.3483768814500001 74.435706952009994  -2.0323664069860001 7.245133369295 74.451160277452999  -2.4295972000820001 7.1165051759819997 74.466614159450003  -2.8173669165409998 6.9631605193809998 74.482068485509998  -3.8008627096019998 6.5002686425 74.522434861521006  -4.3789087139260001 6.1524104328279998 74.547358693541995  -4.9201644178770003 5.7459583059419996 74.572276777300004  -5.4177997551930002 5.2855861900749996 74.597190252036  -5.8657392734120002 4.7767308210259998 74.622103739531994  -6.2586982547660002 4.2256001786189996 74.647021844007995  -6.5921723148169997 3.6391362368809999 74.671945750545007  -7.1090217742319997 2.4666746809300002 74.719529319348993  -7.3033770575360002 1.884997059996 74.742206482019995  -7.4431934295459996 1.286117166058 74.764880699911004  -7.5267856137909996 0.67602718121100003 74.787551234484994  -7.5532462055730001 0.060805894658860001 74.810221764735005  -7.5223849132450002 -0.55340354326700003 74.832895972849002  -7.4347922541660001 -1.160404665635 74.855573128493006  -7.1593320212140004 -2.305629145698 74.899315312145006  -6.9789059867000001 -2.8459607715409998 74.920391566855002  -6.751917060247 -3.3699356673510001 74.941465772818006  -6.480151407618 -3.872891667317 74.962537417020997  -6.1659035332960004 -4.3504580371439996 74.983609067125002  -5.8119359195079996 -4.7985438428369998 75.004683292256999  -5.4215086728340003 -5.2133678331460001 75.025759573936  -4.6915840921859999 -5.8658749153610001 75.062118038823996  -4.3674609737549996 -6.120986755224 75.077405816802994  -4.0275434727599997 -6.3555764273720001 75.09269316983  -3.6733568723359999 -6.5685126231939996 75.107979990546994  -3.3065078143240001 -6.7588064151909997 75.123266805894005  -2.9286799823240002 -6.9256066700429999 75.138554145997006  -2.5416357426189999 -7.0682061129219997 75.153841911520004  -1.8864081840439999 -7.2639908063360004 75.179237566233994  -1.6223565450540001 -7.3311058400759999 75.189346529022998  -1.3555969133470001 -7.3872455674230002 75.199455453468005  -1.0866623564539999 -7.4322838293690001 75.209564324111  -0.81609073397200005 -7.4661259085319998 75.219673203667995  -0.54442450947499998 -7.4887085529709996 75.229782152286006  -0.27221056240899999 -7.5 75.239891146801  -1.0658141036399999e-14 -7.5 75.25 
 0 9 0.089672217992680006 7 0.23665116368899999 7 0.332490345912 7 0.42668970716499999 7 0.578553234523 7 0.71674709867300002 7 0.84519445824399997 7 0.93837912742399998 7 1 9
1 7.5 -1.836970198721e-15 70 0 0 1 
7 0 0  6 92 19  7.5 0 74.571632751148996  7.5 -0.59276716676499996 74.551923518837995  7.4437802099640002 -1.1855980839360001 74.532075257496999  7.331319093536 -1.7716664748519999 74.512095011309995  7.1637435602749999 -2.3444059350940001 74.491981774603005  6.9430560583350003 -2.8974630518870002 74.471734205044996  6.4165861888590001 -3.9231686163830002 74.432102122657994  6.1160823328380003 -4.3986689494239997 74.412727189880002  5.7734964917829998 -4.8461617390729996 74.393239805736002  5.3921588747550002 -5.2611153987510004 74.373639346592995  4.975959274379 -5.6394691007319997 74.353924355925002  4.1085772230420003 -6.2967038562270004 74.315409020762004  3.660690475879 -6.5800929080600001 74.296617813655004  3.1896511949119999 -6.8250279803960003 74.277728968616003  2.6995963705610002 -7.0292547128910003 74.258740620786995  2.1949107770370002 -7.1910506973909998 74.239651036629994  1.3725102347689999 -7.3801044538839999 74.208990196029006  1.0611682911760001 -7.4353033151489996 74.197480653325002  0.74724026425000001 -7.474725053996 74.185936172835  0.43172391972099999 -7.4982278104760001 74.174356994519997  0.11562538675800001 -7.5057542779109996 74.162743223869995  -0.340465976304 -7.4935849895790003 74.145913068618995  -0.48080376432600003 -7.4866822083609996 74.140724483059003  -0.620968513798 -7.4766256672190003 74.135528984540002  -0.76087257630899996 -7.4634210550370002 74.130326482230998  -0.90042698646999997 -7.4470774911289999 74.125116903955998  -1.1725415328719999 -7.4089933095929998 74.114912774860002  -1.3051403711030001 -7.3875214934390003 74.109918843076002  -1.437262440979 -7.3632026022649999 74.104918452659007  -1.568831795685 -7.3360500858659998 74.099911662088999  -1.699772077217 -7.3060803183480001 74.094898536510996  -2.351150630747 -7.1421897964559999 74.069793639349996  -2.8610628271420002 -6.9662473725409999 74.049605221096002  -3.3548240798619999 -6.746708958788 74.029318709821993  -3.8278572073150001 -6.4855037603680001 74.008929135101994  -4.275867745507 -6.1851201004550003 73.988434093606998  -4.9994873128000004 -5.6042539055629996 73.952866228130006  -5.2887831050320004 -5.3407334382420002 73.937840525710996  -5.5613025644330003 -5.0593821171590001 73.922760105332998  -5.8156964892929999 -4.761546279978 73.907624542696993  -6.0507531989189998 -4.4486971518180001 73.892433274075998  -6.6484220038509996 -3.5403420988969998 73.849983793191001  -6.966610285902 -2.915414417824 73.822597759852002  -7.2137835761850004 -2.2569768744659999 73.795040379135003  -7.3859542989650002 -1.575088174684 73.767301779316  -7.4806775475269998 -0.88028774318199998 73.739370687287007  -7.5120244121280004 0.39872624643499999 73.687747729451999  -7.4719989523279997 0.98259844787499995 73.664103462206995  -7.3774949514659998 1.5613823471229999 73.640328604527994  -7.2294097016379997 2.1288144541870002 73.616418290886003  -7.0294679144699996 2.6788075234219999 73.592366936570997  -6.5627214656449997 3.6660911975229999 73.547025829847001  -6.3074292573830002 4.1089379113820002 73.525765078185998  -6.0164183610480002 4.5301623788969998 73.504396563629001  -5.6920261610659999 4.9262391639159997 73.482916605049994  -5.3369992538300002 5.2939519042859997 73.461321047606006  -4.628609171421 5.9173059700069999 73.421104572012993  -4.2827067534949999 6.181504539883 73.402513445129998  -3.91886192164 6.4213078803080004 73.38383676139  -3.539235612038 6.6352360895249998 73.365072046921995  -3.1461338946290001 6.8220479811099999 73.346216619076998  -2.3868336109960002 7.1202987366229999 73.310616306685006  -2.0231191391549999 7.2381309575339996 73.293891336493999  -1.6525564997040001 7.3336191734740002 73.277094273181007  -1.276860171779 7.4062916856049998 73.260223198944004  -0.89778167506499995 7.4558426137770004 73.243275997897001  0.111580068714 7.5256024666719998 73.198134992457  0.74473026073699999 7.505666676783 73.169802552481002  1.3741307762249999 7.4217500381279997 73.141255128487003  1.9918276760810001 7.2747613800459998 73.112478426153999  2.5900751541789999 7.0667178469190004 73.083456210937996  3.6111057959480002 6.5921021129900002 73.031149301379997  4.0442039742090001 6.34739468174 73.007954982407  4.4571292841950001 6.068674429883 72.984599548522993  4.8466088637949998 5.7580647994729999 72.961074700007998  5.2096452776730002 5.4180619913979999 72.937370472455996  5.8708306053149997 4.6924846096039996 72.890067868900999  6.1701694907139997 4.3079169132650001 72.866474203557004  6.4390805665549999 3.900661613554 72.842692965818998  6.6754877418499996 3.4737454480199998 72.818711806945998  6.8776830251809997 3.0304160780329998 72.794518488614997  7.121564111623 2.3630208088710001 72.758803125605994  7.1905523014090003 2.1506690023539998 72.747539627145997  7.2514453272679997 1.937571851797 72.736314218244999  7.3043563394950004 1.7241566616449999 72.725128304788996  7.3494281990249997 1.510830698261 72.713982991557998  7.4244607910899996 1.0838187729519999 72.691706264803997  7.4546402856140004 0.86835465708899995 72.680482698378995  7.4773115862520001 0.65191275050200004 72.669206845055001  7.4924375225539999 0.434820055564 72.657877160715998  7.5 0.217405512622 72.646491827131001  7.5 -1.7763568394e-15 72.635048751960994 
 0 7 0.075302307900330004 5 0.146473552728 5 0.21357066000899999 5 0.25369685492499999 5 0.27154700403999998 5 0.28861259761899999 5 0.356902012534 5 0.406535322368 5 0.49509178494299999 5 0.56914889536299995 5 0.63390676876499996 5 0.68910530612800003 5 0.73762284937099998 5 0.81775186969000002 5 0.88081491805800005 5 0.94261641911100003 5 0.97122014796099998 5 1 7
1 7.5 -1.836970198721e-15 70 0 0 1 
7 0 0  1 2 2  -2.2204460492499999e-15 -7.4249999999999998 71.75  -4.4408920985009999e-16 -7.875 71.75 
 0 2 1 2
7 0 0  8 72 11  7.5 -1.7763568394e-15 72.635048751960994  7.5 -0.566663252713 72.605222598433002  7.4510689414050004 -1.1334081283249999 72.575015900492005  7.3531848396830002 -1.6951008900240001 72.544407124179003  7.207010347263 -2.2468062099330002 72.513359369398998  7.0137695139460003 -2.7837583268919999 72.481824820143999  6.7752049679799997 -3.301357074267 72.449745609117997  6.4936155178139998 -3.7951887777939999 72.41705109678  5.9332315568679999 -4.6068801352150004 72.358860312462994  5.6723649280990003 -4.937373124814 72.333674827292  5.3905534423389998 -5.2508570022910002 72.308055726646998  5.0891149581960002 -5.5457855200450004 72.281953703208004  4.7694921320630002 -5.8207460889179998 72.255302051149997  4.4332465994419996 -6.0744549875739997 72.228016985015003  4.0820664792979997 -6.3057638487150003 72.199985781186001  3.549724161311 -6.6096072097579999 72.157659857057993  3.3788634462410001 -6.7005582365130003 72.144098061636001  3.2053875120390001 -6.7864362239849996 72.130319172507996  3.0294786103439999 -6.8671525856119997 72.116300369732997  2.8513238563019998 -6.9426263489239997 72.102014661157  2.671115875615 -7.0127843379449999 72.087428649214004  2.4890542659050001 -7.0775615993159997 72.072497629930993  2.1975191661550002 -7.1717326857549999 72.048154255598007  2.0891243476639998 -7.2046900238299996 72.039009672462996  1.9802050639040001 -7.2357629606999998 72.029711478626993  1.8708047604569999 -7.2649412368690003 72.020243917491001  1.760968643315 -7.292215561441 72.010588430732  1.6507441496740001 -7.3175777636020003 72.000722221225999  1.5401819277119999 -7.3410209931450003 71.990615220099997  1.342620801102 -7.3793748076499996 71.972097285321993  1.2557349085230001 -7.395031265958 71.963796403388997  1.1687033801140001 -7.4095075719269996 71.955301927004996  1.081553878881 -7.4228017940870004 71.946589683059997  0.99432027446899995 -7.434912252408 71.937626810005  0.90704252002200003 -7.4458378914300001 71.928372081516997  0.81976937911100001 -7.4555788018960003 71.918768826713006  0.678079712093 -7.4694849630959999 71.902436342136994  0.62363189825800003 -7.4743697461430001 71.895982139715002  0.56923227461799997 -7.4787934575559998 71.889327357780004  0.51489528056099998 -7.4827570326929997 71.882444389338005  0.46065471347999998 -7.4862610547559996 71.875287112704996  0.40655818733799998 -7.4893063873710002 71.867800235719002  0.35267346344299999 -7.4918951083209997 71.859906648375002  0.27502066610199999 -7.4949947353260002 71.847602034643998  0.25201041924299999 -7.495824418372 71.843824977414997  0.23010015575000001 -7.4965356347099998 71.840091943488005  0.20928509430799999 -7.4971418300290003 71.836402856766  0.189560225685 -7.4976554679699996 71.832757635959993  0.17092031272700001 -7.498088030131 71.829156194587  0.15335989036200001 -7.4984500160619998 71.825598440969003  0.120386641899 -7.4990518704550002 71.818570115723006  0.10497388762900001 -7.4992917799169998 71.815099549348005  0.090629321087140002 -7.4994801840039997 71.811672482085996  0.077347130789219995 -7.499625696092 71.808288812426994  0.065121375475370002 -7.4997360305890002 71.804948434370999  0.053945984107710003 -7.4998180029319998 71.801651237431997  0.043814755870700002 -7.4998775295859996 71.798397106631995  0.02562796251251 -7.499961726515 71.791974737689998  0.017572432737240001 -7.4999864435579999 71.788806503727997  0.01054844921331 -7.4999987939880004 71.785681098642996  0.0045496131894189997 -7.5000029874400003 71.782598396508007  -0.00043055120503129998 -7.5000024283739997 71.779558267452003  -0.0043985969599099999 -7.4999997160760001 71.776560577653001  -0.0073611541843659999 -7.4999966446549999 71.773605189348004  -0.01141809219857 -7.4999916005619998 71.767586790091997  -0.01203305442648 -7.4999900719249997 71.765041242332998  -0.012230546262679999 -7.4999906636720004 71.762416425853004  -0.011503141670809999 -7.4999897484 71.759481695437998  -0.0095077914223769995 -7.499996531032 71.756263616976  -0.0053459650812150003 -7.4999999103319999 71.7532436969  -0.0013271876781160001 -7.5 71.750792187174  -1.535230276239e-15 -7.5 71.75 
 0 9 0.36748073849099999 7 0.64024826442600002 7 0.76609738397899996 7 0.83996605825399995 7 0.89775538264200005 7 0.93386672572399998 7 0.95013212602800001 7 0.96639752528599998 7 0.98266292804699995 7 1 9
7 0 0  1 2 2  -1.8651746813700001e-14 -7.4249999999999998 75.25  -1.998401444325e-14 -7.875 75.25 
 0 2 1 2
7 0 0  12 46 5  -4.4408920985009999e-16 -7.875 71.75  -0.035357351871340002 -7.8750000000010001 71.770008168274998  0.115738166709 -7.8747728668499999 71.797177874892995  0.47020019128099999 -7.8778017870800001 71.831978565718998  1.0422900582720001 -7.8661337348659996 71.874800952040005  1.847257142006 -7.802390058216 71.925923530684003  2.8890176597220001 -7.6023986608190004 71.985476762933004  4.149830528891 -7.1614912739559999 72.053409398618996  5.5602335905100002 -6.3258067520130004 72.129462962839  6.925147323999 -4.9296413888929997 72.213164276498006  7.9037987533920004 -2.9656122324299998 72.303841498140997  8.2031660138970004 -0.64590523395999999 72.400658653994  7.1820983593129997 4.0157924971250001 72.604663650258004  5.8615818435730001 6.3577123273940002 72.711851490537001  3.6025262644830001 8.3659903023949997 72.823270081136997  0.43282934849900001 9.5609376058920006 72.937846205110006  -3.2931536836070001 9.4101538320740001 73.054433528599006  -6.9224180038069996 7.5483585685529997 73.171868966814998  -9.3218785576650003 4.0736589389580002 73.289032236694993  -9.8740074734239993 0.059326709028350001 73.404897091452  -8.7323427678580003 -3.5881267436319999 73.518564379750003  -6.3992041679670004 -6.228235216491 73.629278489618997  -3.506636153384 -7.6302094165919998 73.736430136134999  2.3077286952780001 -8.0740932074299998 73.942669613966999  5.3841323989059999 -7.1277916607299998 74.047248912965998  8.1008858749950008 -4.8672439595180004 74.152592300625997  9.7934751931229993 -1.4162786383129999 74.257885271480006  9.8534116690189997 2.669821191684 74.362200796262002  7.9755399535310003 6.5135762524840004 74.464516764107998  4.5886547105600002 8.9206035390109992 74.563747305587995  0.843942775393 9.5905671465329991 74.658788709335994  -2.5258070720700001 8.8007288772009993 74.748577698575005  -5.0708271357149997 7.0456639044590004 74.832149160344002  -6.6899381860479998 4.8204616733660002 74.908683006762999  -8.2436687517439999 0.18452422347 75.046386765785002  -8.1783522424400008 -2.2261130820180002 75.107556678576998  -7.3567021087539999 -4.3517682080910003 75.160400271295998  -6.0547475697230002 -5.9281333209950002 75.204448933625997  -4.6336887025499998 -6.914850245267 75.239440482945994  -3.3231706289940002 -7.4647648115959999 75.265333758249994  -2.2142057877400001 -7.7361507198270001 75.282301748584999  -1.3345423600220001 -7.8407080139209997 75.290703068759996  -0.68767006888600002 -7.871739684394 75.291040919470007  -0.25903637554100001 -7.8747741349259996 75.283920299616994  -0.035357351871280002 -7.875 75.270008168261  -1.998401444325e-14 -7.875 75.25 
 0 13 0.78539816339699997 11 1.570796326795 11 2.3561944901919998 11 3.1415926535900001 13
7 0 0  7 80 14  7.5 -2.6645352590999998e-15 72.187500002205994  7.4999999999989999 0.45903041584400001 72.204546626183003  7.467223018116 0.91809137621699999 72.221594373198002  7.4016614850079998 1.3743202376400001 72.238641301624995  7.3036305166820004 1.8249191901349999 72.255687708202004  7.1737259107259996 2.2671497168050001 72.272734635963005  7.0128233755820002 2.6983360288889999 72.289782383035998  6.5117470117599998 3.7954274917220001 72.334572454902997  6.122261374602 4.4392167876990003 72.362328502024994  5.6588290962399999 5.0356144467990003 72.390074114057001  5.1285695138199996 5.5747226174279998 72.417816596655001  4.539922890912 6.0479610430799999 72.445562196268  3.9026662962779999 6.4480473399109997 72.473318266663995  2.8041582807780001 6.9719116670619998 72.518513945837995  2.3651517780589999 7.1432061759090004 72.535967457927995  1.914097669774 7.2821743573760003 72.553420052142997  1.453854621626 7.3878372983969998 72.570872061973006  0.98735359106099996 7.4595221180240001 72.588324659668004  0.51759388406600004 7.4968628531089996 72.605778180352999  -0.43025178098900002 7.5028849678089999 72.640978250437996  -0.90841499033299999 7.4703934198270003 72.658727361079002  -1.3836057530320001 7.4023441698220003 72.676475476435996  -1.852666228201 7.2990886686199996 72.694222977181994  -2.3125082066070002 7.161306183642 72.711971150907004  -2.7601171351740001 6.9900036817059998 72.729720351414002  -3.865751680372 6.4698864114249997 72.775095645164996  -4.5025883217149998 6.0751562383659996 72.802735529103998  -5.0916546234169999 5.6076093326569998 72.830365203244  -5.6232496366650002 5.0743758263430001 72.857991801300003  -6.088982181445 4.4838739669559997 72.885621480468004  -6.4817514150089997 3.8458242184859999 72.913261430448998  -6.9320538544329997 2.8809005255220002 72.952804898265001  -7.0532357240700003 2.5833547051000001 72.964721037944003  -7.1594973766249996 2.2799082661850001 72.976637054982007  -7.2504986231919997 1.9714598735369999 72.988552990453002  -7.3259682665490002 1.658928793231 73.000469011177003  -7.3857042287160004 1.3432542899240001 73.012385163768002  -7.4847964969760001 0.62527410601199995 73.039300933118994  -7.5148814970539997 0.22166751652300001 73.054301330205007  -7.5195596720760003 -0.18350155206999999 73.069301291005999  -7.4987554404259997 -0.58831736945699997 73.084300973783002  -7.4525668388049997 -0.99087230154299999 73.099300932852003  -7.3812654376250002 -1.3892684583999999 73.114301327169997  -7.1386336367340002 -2.3814267092120001 73.152232013702999  -6.9343063377889997 -2.9672728244650002 73.175167739030996  -6.6739733040629998 -3.5322745296129998 73.198099918181995  -6.3602814451049996 -4.0700986457820001 73.221029843154  -5.9966641611810001 -4.5748586151710002 73.243962031061997  -5.5873307156980001 -5.0411327070330003 73.266897769891003  -4.771344884765 -5.8083397352750001 73.308490921910007  -4.3782788927430003 -6.1239870088200004 73.327154937236998  -3.9610062698399999 -6.4084544198020001 73.345817667025003  -3.5225118242020002 -6.6595622431589998 73.364479568847997  -3.0659857072080001 -6.8754836031849997 73.383142281635998  -2.5948182316740001 -7.0547474239829997 73.401806286832993  -1.767971343655 -7.2974862380210004 73.433808027026998  -1.4176490752369999 -7.3794128597470001 73.447147860295999  -1.062970285752 -7.441698431432 73.460487455527996  -0.70525641413899998 -7.4840760724980004 73.473826924872  -0.34584212074300003 -7.5063876847230002 73.487166547320996  0.01392549686389 -7.5085840275200004 73.500506356106996  1.124530917765 -7.453328087369 73.541801031610007  1.872347020336 -7.3278629964929998 73.569769344538997  2.6031139474440002 -7.1148488435440003 73.597726674192003  3.3047344421060001 -6.817331352299 73.625680811877004  3.9658735413690001 -6.4401170255039997 73.653638177119007  4.5759319396710003 -5.9897843153680004 73.681606420511002  5.5733489897419997 -5.0560974294390002 73.732343328069007  5.9812929980860003 -4.5940292955809996 73.755129782384003  6.3442312368560003 -4.093844670448 73.777912806006  6.6580183010780001 -3.5608463644000001 73.800693635906001  6.9192638200600003 -3.000793174489 73.823476648194998  7.1253427188999998 -2.4198825377299999 73.846263103997998  7.3386805023969996 -1.569431128195 73.878824131144995  7.3922911456470004 -1.3113826924209999 73.888603478860006  7.4353095810200003 -1.0512250257760001 73.898382783981006  7.4676384491860004 -0.789479999431 73.908162061138995  7.4892127759939999 -0.52667359807299996 73.917941370731  7.5000000000020002 -0.26333572379600001 73.927720726350003  7.5 -2.6645352590999998e-15 73.937500002205994 
 0 8 0.068191308153049995 6 0.179172876073 6 0.24898681166600001 6 0.319982989193 6 0.43050131968599997 6 0.47816857714400002 6 0.53817207199700001 6 0.62990216852600001 6 0.70455651114499995 6 0.75791820566799994 6 0.86974669706399999 6 0.96088017220699995 6 1 8
1 7.5 -1.836970198721e-15 70 0 0 1 
2 0 0 70 0 0 1 1 0 -0 -0 1 0 7.5
7 0 0  6 22 5  -3.7067571234669997e-14 -7.5 71.75  0.382815305657 -7.5 71.764216287910003  0.76563851787299997 -7.4765518111310003 71.778432902155004  1.146657780692 -7.4296563957770001 71.792649181802005  1.5240865893390001 -7.3594965571679998 71.806865448596994  1.8961663866789999 -7.2664365826899999 71.821082035615007  2.8112976113560002 -6.9770700369109999 71.856724948407006  3.3454265434599999 -6.7523137308949996 71.878153836318006  3.8575581078260002 -6.4786279448129998 71.899580083980993  4.3422142271209996 -6.1587981804989997 71.921006347402994  4.7943355939429999 -5.7963132056499997 71.942435260229999  5.7158399189660001 -4.9065991275940002 71.990003787123001  6.1673117719570003 -4.3604906099980001 72.016151729582006  6.5554856610080003 -3.7651931724679999 72.042292616991006  6.8740892205530004 -3.129937638745 72.068433490117002  7.1183099705290003 -2.464793016302 72.094581412603006  7.3566383054319999 -1.489861781303 72.131852702873999  7.4138455776349996 -1.195326675499 72.142982159495006  7.4568883295850004 -0.89821843951900004 72.154111638830003  7.485629371311 -0.59938750837499999 72.165241117712995  7.5000000000010001 -0.29969245695199997 72.176370577127003  7.5 -2.6645352590999998e-15 72.187500002205994 
 0 7 0.19497281759400001 5 0.48883385701999998 5 0.84736305610499996 5 1 7
7 0 0  12 24 3  -2.5550591160019999e-14 -7.875 75.25  -4.1233403578379999 -7.8749999999989999 75.104166666680001  -8.2465957665479994 -5.5197405712779997 74.958333333276997  -10.890791725170001 -0.80937595545600005 74.812500000137007  -10.571649781910001 5.223913569154 74.666666666433997  -6.6356472002129996 10.509882107838999 74.520833333629994  2.6936675112669999e-11 12.690641823762 74.374999999709004  6.6356472001649998 10.509882107836001 74.229166666891004  10.571649781953001 5.2239135691570002 74.083333333195995  10.890791725153001 -0.80937595545899998 73.937500000065  8.246595766555 -5.5197405712769996 73.791666666644005  4.1233403578359997 -7.8749999999989999 73.645833333338004  -4.1233403578359997 -7.875 73.354166666661996  -8.246595766554 -5.519740571272 73.208333333352996  -10.890791725150001 -0.80937595546999996 73.062499999953999  -10.57164978194 5.2239135691790004 72.916666666742998  -6.6356472001839997 10.509882107805 72.770833333238002  -3.28656832505e-12 12.690641823798 72.625000000091006  6.6356472001900002 10.509882107806 72.479166666601998  10.571649781938 5.2239135691770002 72.333333333368003  10.89079172516 -0.80937595546899999 72.187499999986997  8.2465957665529999 -5.5197405712730001 72.041666666669997  4.1233403578369998 -7.875 71.895833333333002  -1.7531497082210001e-15 -7.875 71.75 
 -0 13 6.5223398872149998 11 13.04467977443 13
2 0 -30.416666666659999 70 0 0 1 0.55045871559614645 0.83486238532122214 -0 -0.83486238532122214 0.55045871559614645 0 42.916666666666998
1 -22.5 -6.1290619179129999 70 1.159300958738e-15 1 0 
2 0 30.416666666666998 70 0 0 1 -0.55045871559614645 -0.83486238532122214 0 0.83486238532122214 -0.55045871559614645 0 42.916666666666998
1 22.5 -6.1290619179129999 70 2.0287766777910001e-15 1 0 
2 22.5 6.1290619179129999 67.5 -0.85155095731079578 0.52427184465987431 0 0.52427184465987431 0.85155095731079578 0 0 0 -1 2.5
2 0 -30.416666666659999 67.5 0 0 1 0.55045871559614645 0.83486238532122214 -0 -0.83486238532122214 0.55045871559614645 0 45.416666666666998
2 -22.5 6.1290619179129999 67.5 -0.85155095731079578 -0.52427184465987431 0 -0.52427184465987431 0.85155095731079578 0 -0 0 -1 2.5
2 -22.5 -6.1290619179129999 67.5 0 -1 0 -1 0 0 -0 -0 -1 2.5
2 -22.5 6.1290619179129999 67.5 -2.164934898019e-15 -1 0 -1 2.164934898019e-15 0 -0 0 -1 2.5
1 -25 -6.1290619179129999 67.5 0 1 0 
2 -22.5 -6.1290619179129999 67.5 0.85155095731079578 -0.52427184465987431 0 -0.52427184465987431 -0.85155095731079578 0 0 -0 -1 2.5
2 0 30.416666666666998 67.5 0 0 1 -0.55045871559614645 -0.83486238532122214 0 0.83486238532122214 -0.55045871559614645 0 45.416666666666998
2 22.5 -6.1290619179129999 67.5 0.85155095731079578 0.52427184465987431 0 0.52427184465987431 -0.85155095731079578 0 0 0 -1 2.5
2 22.5 6.1290619179129999 67.5 4.1078251911130003e-15 1 0 1 -4.1078251911130003e-15 0 0 0 -1 2.5
2 22.5 -6.1290619179129999 67.5 -1.7763568394e-15 1 0 1 1.7763568394e-15 0 0 0 -1 2.5
1 25 -6.1290619179129999 67.5 0 1 0 
2 22.5 6.1290619179129999 67.5 0 -0 -1 0.52427184465987431 0.85155095731079578 0 0.85155095731079578 -0.52427184465987431 0 2.5
2 0 -30.416666666659999 2.5 0 0 1 0.55045871559614645 0.83486238532122214 -0 -0.83486238532122214 0.55045871559614645 0 45.416666666666998
1 -23.810679611649999 8.2579393111900004 0 0 0 1 
1 23.810679611651 8.2579393111900004 0 0 0 1 
2 -22.5 6.1290619179129999 67.5 0 0 1 -0.52427184465987431 0.85155095731079578 0 -0.85155095731079578 -0.52427184465987431 0 2.5
1 -25 6.1290619179129999 2.5 0 -1 0 
1 -25 6.1290619179129999 0 0 0 1 
1 -25 -6.1290619179129999 0 0 0 1 
2 -22.5 -6.1290619179129999 67.5 0 0 1 -1 0 0 0 -1 0 2.5
2 0 30.416666666666998 2.5 0 0 1 -0.55045871559614645 -0.83486238532122214 0 0.83486238532122214 -0.55045871559614645 0 45.416666666666998
1 23.810679611649999 -8.2579393111900004 0 0 0 1 
1 -23.810679611649999 -8.2579393111900004 0 0 0 1 
2 22.5 -6.1290619179129999 67.5 0 0 1 0.52427184465987431 -0.85155095731079578 0 0.85155095731079578 0.52427184465987431 -0 2.5
1 25 6.1290619179129999 2.5 0 -1 0 
1 25 -6.1290619179129999 0 0 0 1 
1 25 6.1290619179129999 0 0 0 1 
2 22.5 6.1290619179129999 2.5 0 -0 -1 0.52427184465987431 0.85155095731079578 0 0.85155095731079578 -0.52427184465987431 0 2.5
2 0 -30.416666666659999 0 0 0 1 0.55045871559614645 0.83486238532122214 -0 -0.83486238532122214 0.55045871559614645 0 42.916666666666998
2 -22.5 6.1290619179129999 2.5 0.85155095731079578 0.52427184465987431 -0 -0.52427184465987431 0.85155095731079578 0 0 0 1 2.5
2 22.5 6.1290619179129999 2.5 0.85155095731079578 -0.52427184465987431 0 0.52427184465987431 0.85155095731079578 0 -0 0 1 2.5
2 -22.5 6.1290619179129999 2.5 0 0 1 -0.52427184465987431 0.85155095731079578 0 -0.85155095731079578 -0.52427184465987431 0 2.5
2 -22.5 6.1290619179129999 2.5 2.164934898019e-15 1 -0 -1 2.164934898019e-15 0 0 0 1 2.5
1 -22.5 6.1290619179129999 0 -1.159300958738e-15 -1 0 
2 -22.5 -6.1290619179129999 2.5 0 1 -0 -1 0 0 0 0 1 2.5
2 -22.5 -6.1290619179129999 2.5 0 0 1 -1 0 0 0 -1 0 2.5
2 0 30.416666666666998 0 0 0 1 -0.55045871559614645 -0.83486238532122214 0 0.83486238532122214 -0.55045871559614645 0 42.916666666666998
2 22.5 -6.1290619179129999 2.5 -0.85155095731079578 -0.52427184465987431 0 0.52427184465987431 -0.85155095731079578 0 0 0 1 2.5
2 -22.5 -6.1290619179129999 2.5 -0.85155095731079578 0.52427184465987431 0 -0.52427184465987431 -0.85155095731079578 0 0 0 1 2.5
2 22.5 -6.1290619179129999 2.5 0 0 1 0.52427184465987431 -0.85155095731079578 0 0.85155095731079578 0.52427184465987431 -0 2.5
2 22.5 -6.1290619179129999 2.5 1.7763568394e-15 -1 0 1 1.7763568394e-15 0 -0 0 1 2.5
1 22.5 6.1290619179129999 0 -2.0287766777910001e-15 -1 0 
2 22.5 6.1290619179129999 2.5 -4.1078251911130003e-15 -1 0 1 -4.1078251911130003e-15 -0 0 0 1 2.5
Polygon3D 0
PolygonOnTriangulations 248
2 1 2 
p 0.3080000008 1 2.5 67.5 
2 2 4 
p 0.3080000008 1 2.5 67.5 
7 10 21 22 23 24 25 20 
p 0.3080000008 1 0 0.169822755349406 0.339645510698812 0.509468266048218 0.679291021397623 0.849113776747029 1.01893653209644 
7 1 3 4 5 6 7 8 
p 0.3080000008 1 0 0.169822755349406 0.339645510698812 0.509468266048218 0.679291021397623 0.849113776747029 1.01893653209644 
2 8 9 
p 0.3080000008 1 2.5 67.5 
2 1 10 
p 0.3080000008 1 2.5 67.5 
7 1 2 3 4 5 6 7 
p 0.3080000008 1 0 0.169822755349406 0.339645510698812 0.509468266048218 0.679291021397623 0.849113776747029 1.01893653209644 
7 2 10 11 12 13 14 9 
p 0.3080000008 1 0 0.169822755349406 0.339645510698812 0.509468266048218 0.679291021397623 0.849113776747029 1.01893653209644 
2 1 2 
p 0.3080000008 1 0 12.258123835826 
2 1 2 
p 0.3080000008 1 0 12.258123835826 
2 8 9 
p 0.3080000008 1 2.5 67.5 
2 1 3 
p 0.3080000008 1 2.5 67.5 
2 10 20 
p 0.3080000008 1 0 12.258123835826 
2 4 3 
p 0.3080000008 1 0 12.258123835826 
10 1 2 3 4 5 6 7 8 9 10 
p 0.3080000008 1 4.71238898038469 4.88692190558412 5.06145483078356 5.23598775598299 5.41052068118242 5.58505360638185 5.75958653158129 5.93411945678072 6.10865238198015 6.28318530717959 
10 12 13 14 15 16 17 18 19 20 2 
p 0.3080000008 1 4.71238898038469 4.88692190558412 5.06145483078356 5.23598775598299 5.41052068118242 5.58505360638185 5.75958653158129 5.93411945678072 6.10865238198015 6.28318530717959 
2 1 11 
p 0.3080000008 1 0 1.01893653209489 
10 1 25 26 27 28 29 30 31 32 18 
p 0.3080000008 1 4.71238898038469 4.88692190558412 5.06145483078356 5.23598775598299 5.41052068118242 5.58505360638185 5.75958653158129 5.93411945678072 6.10865238198015 6.28318530717959 
10 11 12 13 14 15 16 17 18 19 20 
p 0.3080000008 1 4.71238898038469 4.88692190558412 5.06145483078356 5.23598775598299 5.41052068118242 5.58505360638185 5.75958653158129 5.93411945678072 6.10865238198015 6.28318530717959 
10 1 2 3 4 5 6 7 8 9 10 
p 0.3080000008 1 4.71238898038469 4.88692190558412 5.06145483078356 5.23598775598299 5.41052068118242 5.58505360638185 5.75958653158129 5.93411945678072 6.10865238198015 6.28318530717959 
10 8 9 10 11 12 13 14 15 16 7 
p 0.3080000008 1 4.71238898038469 4.88692190558412 5.06145483078356 5.23598775598299 5.41052068118242 5.58505360638185 5.75958653158129 5.93411945678072 6.10865238198015 6.28318530717959 
2 8 17 
p 0.3080000008 1 0 1.01893653209489 
10 17 18 19 20 21 22 23 24 25 1 
p 0.3080000008 1 4.71238898038469 4.88692190558412 5.06145483078356 5.23598775598299 5.41052068118242 5.58505360638185 5.75958653158129 5.93411945678072 6.10865238198015 6.28318530717959 
10 1 2 3 4 5 6 7 8 9 10 
p 0.3080000008 1 4.71238898038469 4.88692190558412 5.06145483078356 5.23598775598299 5.41052068118242 5.58505360638185 5.75958653158129 5.93411945678072 6.10865238198015 6.28318530717959 
8 18 19 20 21 22 23 24 17 
p 0.3080000008 1 0.0310537942552155 0.188728021312455 0.346402248369693 0.504076475426932 0.661750702484171 0.81942492954141 0.977099156598649 1.13477338365589 
8 1 2 3 4 5 6 7 8 
p 0.3080000008 1 0.0310537942552155 0.188728021312455 0.346402248369693 0.504076475426932 0.661750702484171 0.81942492954141 0.977099156598649 1.13477338365589 
2 8 9 
p 0.3080000008 1 2.5 67.5 
2 1 2 
p 0.3080000008 1 2.5 67.5 
8 10 11 12 13 14 15 16 17 
p 0.3080000008 1 0.0310537942552155 0.188728021312455 0.346402248369693 0.504076475426932 0.661750702484171 0.81942492954141 0.977099156598649 1.13477338365589 
8 10 11 12 13 14 15 16 9 
p 0.3080000008 1 0.0310537942552155 0.188728021312455 0.346402248369693 0.504076475426932 0.661750702484171 0.81942492954141 0.977099156598649 1.13477338365589 
10 11 12 13 14 15 16 17 18 19 20 
p 0.3080000008 1 4.71238898038469 4.88692190558412 5.06145483078356 5.23598775598299 5.41052068118242 5.58505360638185 5.75958653158129 5.93411945678072 6.10865238198015 6.28318530717959 
10 3 4 5 6 7 8 9 10 11 1 
p 0.3080000008 1 4.71238898038469 4.88692190558412 5.06145483078356 5.23598775598299 5.41052068118242 5.58505360638185 5.75958653158129 5.93411945678072 6.10865238198015 6.28318530717959 
2 3 12 
p 0.3080000008 1 0 12.258123835826 
2 1 2 
p 0.3080000008 1 0 12.258123835826 
2 1 2 
p 0.3080000008 1 2.5 67.5 
2 8 9 
p 0.3080000008 1 2.5 67.5 
7 10 21 22 23 24 25 20 
p 0.3080000008 1 0 0.169822755349148 0.339645510698297 0.509468266047445 0.679291021396594 0.849113776745742 1.01893653209489 
7 1 3 4 5 6 7 8 
p 0.3080000008 1 0 0.169822755349148 0.339645510698297 0.509468266047445 0.679291021396594 0.849113776745742 1.01893653209489 
7 1 2 3 4 5 6 7 
p 0.3080000008 1 0 0.169822755349148 0.339645510698297 0.509468266047445 0.679291021396594 0.849113776745742 1.01893653209489 
7 2 10 11 12 13 14 9 
p 0.3080000008 1 0 0.169822755349148 0.339645510698297 0.509468266047445 0.679291021396594 0.849113776745742 1.01893653209489 
2 1 11 
p 0.3080000008 1 0 12.258123835826 
2 9 8 
p 0.3080000008 1 0 12.258123835826 
10 8 9 10 11 12 13 14 15 16 7 
p 0.3080000008 1 4.71238898038469 4.88692190558412 5.06145483078356 5.23598775598299 5.41052068118242 5.58505360638185 5.75958653158129 5.93411945678072 6.10865238198015 6.28318530717959 
10 11 12 13 14 15 16 17 18 19 20 
p 0.3080000008 1 4.71238898038469 4.88692190558412 5.06145483078356 5.23598775598299 5.41052068118242 5.58505360638185 5.75958653158129 5.93411945678072 6.10865238198015 6.28318530717959 
8 1 2 3 4 5 6 7 8 
p 0.3080000008 1 0.0310537942551343 0.188728021312386 0.346402248369637 0.504076475426888 0.66175070248414 0.819424929541391 0.977099156598642 1.13477338365589 
8 2 3 4 5 6 7 8 9 
p 0.3080000008 1 0.0310537942551343 0.188728021312386 0.346402248369637 0.504076475426888 0.66175070248414 0.819424929541391 0.977099156598642 1.13477338365589 
10 8 9 10 11 12 13 14 15 16 17 
p 0.3080000008 1 4.71238898038469 4.88692190558412 5.06145483078356 5.23598775598299 5.41052068118242 5.58505360638185 5.75958653158129 5.93411945678072 6.10865238198015 6.28318530717959 
10 1 2 3 4 5 6 7 8 9 10 
p 0.3080000008 1 4.71238898038469 4.88692190558412 5.06145483078356 5.23598775598299 5.41052068118242 5.58505360638185 5.75958653158129 5.93411945678072 6.10865238198015 6.28318530717959 
10 18 19 20 21 22 23 24 25 26 17 
p 0.3080000008 1 4.71238898038469 4.88692190558412 5.06145483078356 5.23598775598299 5.41052068118242 5.58505360638185 5.75958653158129 5.93411945678072 6.10865238198015 6.28318530717959 
10 17 18 19 20 21 22 23 24 25 1 
p 0.3080000008 1 4.71238898038469 4.88692190558412 5.06145483078356 5.23598775598299 5.41052068118242 5.58505360638185 5.75958653158129 5.93411945678072 6.10865238198015 6.28318530717959 
8 1 27 28 29 30 31 32 18 
p 0.3080000008 1 0.0310537942551343 0.188728021312386 0.346402248369637 0.504076475426888 0.66175070248414 0.819424929541391 0.977099156598642 1.13477338365589 
8 9 10 11 12 13 14 15 16 
p 0.3080000008 1 0.0310537942551343 0.188728021312386 0.346402248369637 0.504076475426888 0.66175070248414 0.819424929541391 0.977099156598642 1.13477338365589 
7 10 21 22 23 24 25 20 
p 0.3080000008 1 0 0.169822755349148 0.339645510698297 0.509468266047445 0.679291021396594 0.849113776745742 1.01893653209489 
7 1 3 4 5 6 7 8 
p 0.3080000008 1 0 0.169822755349148 0.339645510698297 0.509468266047445 0.679291021396594 0.849113776745742 1.01893653209489 
2 8 9 
p 0.3080000008 1 2.5 67.5 
2 2 3 
p 0.3080000008 1 2.5 67.5 
7 1 2 3 4 5 6 7 
p 0.3080000008 1 0 0.169822755349148 0.339645510698297 0.509468266047445 0.679291021396594 0.849113776745742 1.01893653209489 
7 2 10 11 12 13 14 9 
p 0.3080000008 1 0 0.169822755349148 0.339645510698297 0.509468266047445 0.679291021396594 0.849113776745742 1.01893653209489 
10 8 9 10 11 12 13 14 15 16 17 
p 0.3080000008 1 4.71238898038469 4.88692190558412 5.06145483078356 5.23598775598299 5.41052068118242 5.58505360638185 5.75958653158129 5.93411945678072 6.10865238198015 6.28318530717959 
10 1 2 3 4 5 6 7 8 9 10 
p 0.3080000008 1 4.71238898038469 4.88692190558412 5.06145483078356 5.23598775598299 5.41052068118242 5.58505360638185 5.75958653158129 5.93411945678072 6.10865238198015 6.28318530717959 
2 1 11 
p 0.3080000008 1 0 1.01893653209491 
2 12 3 
p 0.3080000008 1 0 12.258123835826 
2 10 9 
p 0.3080000008 1 0 12.258123835826 
8 1 2 3 4 5 6 7 8 
p 0.3080000008 1 0.0310537942550488 0.188728021312325 0.3464022483696 0.504076475426876 0.661750702484152 0.819424929541428 0.977099156598703 1.13477338365598 
8 10 11 12 13 14 15 16 1 
p 0.3080000008 1 0.0310537942550488 0.188728021312325 0.3464022483696 0.504076475426876 0.661750702484152 0.819424929541428 0.977099156598703 1.13477338365598 
8 18 19 20 21 22 23 24 17 
p 0.3080000008 1 0.0310537942550579 0.18872802131232 0.346402248369583 0.504076475426845 0.661750702484107 0.819424929541369 0.977099156598632 1.13477338365589 
8 1 2 3 4 5 6 7 8 
p 0.3080000008 1 0.0310537942550579 0.18872802131232 0.346402248369583 0.504076475426845 0.661750702484107 0.819424929541369 0.977099156598632 1.13477338365589 
8 10 11 12 13 14 15 16 17 
p 0.3080000008 1 0.0310537942550579 0.18872802131232 0.346402248369583 0.504076475426845 0.661750702484107 0.819424929541369 0.977099156598632 1.13477338365589 
8 10 11 12 13 14 15 16 9 
p 0.3080000008 1 0.0310537942550579 0.18872802131232 0.346402248369583 0.504076475426845 0.661750702484107 0.819424929541369 0.977099156598632 1.13477338365589 
2 1 10 
p 0.3080000008 1 2.5 67.5 
2 3 9 
p 0.3080000008 1 2.5 67.5 
2 8 17 
p 0.3080000008 1 0 1.0189365320949 
10 18 19 20 21 22 23 24 25 26 17 
p 0.3080000008 1 4.71238898038469 4.88692190558412 5.06145483078356 5.23598775598299 5.41052068118242 5.58505360638185 5.75958653158129 5.93411945678072 6.10865238198015 6.28318530717959 
10 17 18 19 20 21 22 23 24 25 1 
p 0.3080000008 1 4.71238898038469 4.88692190558412 5.06145483078356 5.23598775598299 5.41052068118242 5.58505360638185 5.75958653158129 5.93411945678072 6.10865238198015 6.28318530717959 
8 1 27 28 29 30 31 32 18 
p 0.3080000008 1 0.0310537942550488 0.188728021312325 0.3464022483696 0.504076475426876 0.661750702484152 0.819424929541428 0.977099156598703 1.13477338365598 
8 1 2 3 4 5 6 7 8 
p 0.3080000008 1 0.0310537942550488 0.188728021312325 0.3464022483696 0.504076475426876 0.661750702484152 0.819424929541428 0.977099156598703 1.13477338365598 
2 11 1 
p 0.3080000008 1 0 12.258123835826 
2 16 1 
p 0.3080000008 1 0 12.258123835826 
37 1 2 3 4 5 6 7 8 9 10 11 12 13 14 15 16 17 18 19 20 21 22 23 24 25 26 27 28 29 30 31 32 33 34 35 36 37 
p 0.3080000008 1 0 0.174532925199433 0.349065850398866 0.523598775598299 0.698131700797732 0.872664625997165 1.0471975511966 1.22173047639603 1.39626340159546 1.5707963267949 1.74532925199433 1.91986217719376 2.0943951023932 2.26892802759263 2.44346095279206 2.61799387799149 2.79252680319093 2.96705972839036 3.14159265358979 3.31612557878922 3.49065850398866 3.66519142918809 3.83972435438752 4.01425727958696 4.18879020478639 4.36332312998582 4.53785605518525 4.71238898038469 4.88692190558412 5.06145483078355 5.23598775598299 5.41052068118242 5.58505360638185 5.75958653158128 5.93411945678072 6.10865238198015 6.28318530717959 
37 17 18 19 20 21 22 23 24 25 26 27 28 29 30 31 32 33 34 35 36 37 38 39 40 41 42 43 44 45 46 47 48 49 50 51 52 17 
p 0.3080000008 1 0 0.174532925199433 0.349065850398866 0.523598775598299 0.698131700797732 0.872664625997165 1.0471975511966 1.22173047639603 1.39626340159546 1.5707963267949 1.74532925199433 1.91986217719376 2.0943951023932 2.26892802759263 2.44346095279206 2.61799387799149 2.79252680319093 2.96705972839036 3.14159265358979 3.31612557878922 3.49065850398866 3.66519142918809 3.83972435438752 4.01425727958696 4.18879020478639 4.36332312998582 4.53785605518525 4.71238898038469 4.88692190558412 5.06145483078355 5.23598775598299 5.41052068118242 5.58505360638185 5.75958653158128 5.93411945678072 6.10865238198015 6.28318530717959 
2 1 11 
p 0.3080000008 1 0 1.01893653209491 
10 11 12 13 14 15 16 17 18 19 20 
p 0.3080000008 1 4.71238898038469 4.88692190558412 5.06145483078356 5.23598775598299 5.41052068118242 5.58505360638185 5.75958653158129 5.93411945678072 6.10865238198015 6.28318530717959 
10 3 4 5 6 7 8 9 10 11 2 
p 0.3080000008 1 4.71238898038469 4.88692190558412 5.06145483078356 5.23598775598299 5.41052068118242 5.58505360638185 5.75958653158129 5.93411945678072 6.10865238198015 6.28318530717959 
10 8 9 10 11 12 13 14 15 16 7 
p 0.3080000008 1 4.71238898038469 4.88692190558412 5.06145483078356 5.23598775598299 5.41052068118242 5.58505360638185 5.75958653158129 5.93411945678072 6.10865238198015 6.28318530717959 
10 11 12 13 14 15 16 17 18 19 20 
p 0.3080000008 1 4.71238898038469 4.88692190558412 5.06145483078356 5.23598775598299 5.41052068118242 5.58505360638185 5.75958653158129 5.93411945678072 6.10865238198015 6.28318530717959 
2 8 17 
p 0.3080000008 1 0 1.0189365320949 
2 1 2 
p 0.3080000008 1 0 12.258123835826 
2 1 2 
p 0.3080000008 1 0 12.258123835826 
2 20 10 
p 0.3080000008 1 0 12.258123835826 
2 3 4 
p 0.3080000008 1 0 12.258123835826 
2 1 2 
p 0.3080000008 1 2.5 67.5 
2 1 4 
p 0.3080000008 1 2.5 67.5 
10 1 25 26 27 28 29 30 31 32 18 
p 0.3080000008 1 4.71238898038469 4.88692190558412 5.06145483078356 5.23598775598299 5.41052068118242 5.58505360638185 5.75958653158129 5.93411945678072 6.10865238198015 6.28318530717959 
10 17 18 19 20 21 22 23 24 25 1 
p 0.3080000008 1 4.71238898038469 4.88692190558412 5.06145483078356 5.23598775598299 5.41052068118242 5.58505360638185 5.75958653158129 5.93411945678072 6.10865238198015 6.28318530717959 
10 8 9 10 11 12 13 14 15 16 7 
p 0.3080000008 1 4.71238898038469 4.88692190558412 5.06145483078356 5.23598775598299 5.41052068118242 5.58505360638185 5.75958653158129 5.93411945678072 6.10865238198015 6.28318530717959 
10 12 13 14 15 16 17 18 19 20 1 
p 0.3080000008 1 4.71238898038469 4.88692190558412 5.06145483078356 5.23598775598299 5.41052068118242 5.58505360638185 5.75958653158129 5.93411945678072 6.10865238198015 6.28318530717959 
7 1 2 3 4 5 6 7 
p 0.3080000008 1 0 0.169822755349148 0.339645510698297 0.509468266047445 0.679291021396594 0.849113776745742 1.01893653209489 
7 3 4 5 6 7 8 1 
p 0.3080000008 1 0 0.169822755349148 0.339645510698297 0.509468266047445 0.679291021396594 0.849113776745742 1.01893653209489 
7 10 21 22 23 24 25 20 
p 0.3080000008 1 0 0.169822755349148 0.339645510698297 0.509468266047445 0.679291021396594 0.849113776745742 1.01893653209489 
7 9 10 11 12 13 14 2 
p 0.3080000008 1 0 0.169822755349148 0.339645510698297 0.509468266047445 0.679291021396594 0.849113776745742 1.01893653209489 
10 1 2 3 4 5 6 7 8 9 10 
p 0.3080000008 1 4.71238898038469 4.88692190558412 5.06145483078356 5.23598775598299 5.41052068118242 5.58505360638185 5.75958653158129 5.93411945678072 6.10865238198015 6.28318530717959 
10 1 2 3 4 5 6 7 8 9 10 
p 0.3080000008 1 4.71238898038469 4.88692190558412 5.06145483078356 5.23598775598299 5.41052068118242 5.58505360638185 5.75958653158129 5.93411945678072 6.10865238198015 6.28318530717959 
10 11 12 13 14 15 16 17 18 19 20 
p 0.3080000008 1 4.71238898038469 4.88692190558412 5.06145483078356 5.23598775598299 5.41052068118242 5.58505360638185 5.75958653158129 5.93411945678072 6.10865238198015 6.28318530717959 
10 1 2 3 4 5 6 7 8 9 10 
p 0.3080000008 1 4.71238898038469 4.88692190558412 5.06145483078356 5.23598775598299 5.41052068118242 5.58505360638185 5.75958653158129 5.93411945678072 6.10865238198015 6.28318530717959 
10 1 38 39 40 41 42 43 44 45 46 
p 0.3080000008 1 1.5707963267949 1.74532925199433 1.91986217719376 2.0943951023932 2.26892802759263 2.44346095279206 2.61799387799149 2.79252680319093 2.96705972839036 3.14159265358979 
10 37 83 84 85 86 87 88 89 90 82 
p 0.3080000008 1 1.5707963267949 1.74532925199433 1.91986217719376 2.0943951023932 2.26892802759263 2.44346095279206 2.61799387799149 2.79252680319093 2.96705972839036 3.14159265358979 
37 46 47 48 49 50 51 52 53 54 55 56 57 58 59 60 61 62 63 64 65 66 67 68 69 70 71 72 73 74 75 76 77 78 79 80 81 82 
p 0.3080000008 1 0 0.174532925199433 0.349065850398866 0.523598775598299 0.698131700797732 0.872664625997165 1.0471975511966 1.22173047639603 1.39626340159546 1.5707963267949 1.74532925199433 1.91986217719376 2.0943951023932 2.26892802759263 2.44346095279206 2.61799387799149 2.79252680319093 2.96705972839036 3.14159265358979 3.31612557878922 3.49065850398866 3.66519142918809 3.83972435438752 4.01425727958696 4.18879020478639 4.36332312998582 4.53785605518525 4.71238898038469 4.88692190558412 5.06145483078355 5.23598775598299 5.41052068118242 5.58505360638185 5.75958653158128 5.93411945678072 6.10865238198015 6.28318530717959 
37 38 39 40 41 42 43 44 45 46 47 48 49 50 51 52 53 54 55 56 57 58 59 60 61 62 63 64 65 66 67 68 69 70 71 72 73 74 
p 0.3080000008 1 0 0.174532925199433 0.349065850398866 0.523598775598299 0.698131700797732 0.872664625997165 1.0471975511966 1.22173047639603 1.39626340159546 1.5707963267949 1.74532925199433 1.91986217719376 2.0943951023932 2.26892802759263 2.44346095279206 2.61799387799149 2.79252680319093 2.96705972839036 3.14159265358979 3.31612557878922 3.49065850398866 3.66519142918809 3.83972435438752 4.01425727958696 4.18879020478639 4.36332312998582 4.53785605518525 4.71238898038469 4.88692190558412 5.06145483078355 5.23598775598299 5.41052068118242 5.58505360638185 5.75958653158128 5.93411945678072 6.10865238198015 6.28318530717959 
2 8 17 
p 0.3080000008 1 0 1.0189365320949 
2 1 11 
p 0.3080000008 1 0 1.01893653209491 
37 1 2 3 4 5 6 7 8 9 10 11 12 13 14 15 16 17 18 19 20 21 22 23 24 25 26 27 28 29 30 31 32 33 34 35 36 37 
p 0.3080000008 1 0 0.174532925199433 0.349065850398866 0.523598775598299 0.698131700797732 0.872664625997165 1.0471975511966 1.22173047639603 1.39626340159546 1.5707963267949 1.74532925199433 1.91986217719376 2.0943951023932 2.26892802759263 2.44346095279206 2.61799387799149 2.79252680319093 2.96705972839036 3.14159265358979 3.31612557878922 3.49065850398866 3.66519142918809 3.83972435438752 4.01425727958696 4.18879020478639 4.36332312998582 4.53785605518525 4.71238898038469 4.88692190558412 5.06145483078355 5.23598775598299 5.41052068118242 5.58505360638185 5.75958653158128 5.93411945678072 6.10865238198015 6.28318530717959 
37 37 38 39 40 41 42 43 44 45 46 47 48 49 50 51 52 53 54 55 56 57 58 59 60 61 62 63 64 65 66 67 68 69 70 71 72 37 
p 0.3080000008 1 0 0.174532925199433 0.349065850398866 0.523598775598299 0.698131700797732 0.872664625997165 1.0471975511966 1.22173047639603 1.39626340159546 1.5707963267949 1.74532925199433 1.91986217719376 2.0943951023932 2.26892802759263 2.44346095279206 2.61799387799149 2.79252680319093 2.96705972839036 3.14159265358979 3.31612557878922 3.49065850398866 3.66519142918809 3.83972435438752 4.01425727958696 4.18879020478639 4.36332312998582 4.53785605518525 4.71238898038469 4.88692190558412 5.06145483078355 5.23598775598299 5.41052068118242 5.58505360638185 5.75958653158128 5.93411945678072 6.10865238198015 6.28318530717959 
2 38 1 
p 0.3080000008 1 0 7 
2 74 37 
p 0.3080000008 1 0 7 
37 145 146 147 148 149 150 151 152 153 154 155 156 157 158 159 160 161 162 163 164 165 166 167 168 169 170 171 172 173 174 175 176 177 178 179 180 144 
p 0.3080000008 1 0 0.174532925199433 0.349065850398866 0.523598775598299 0.698131700797732 0.872664625997165 1.0471975511966 1.22173047639603 1.39626340159546 1.5707963267949 1.74532925199433 1.91986217719376 2.0943951023932 2.26892802759263 2.44346095279206 2.61799387799149 2.79252680319093 2.96705972839036 3.14159265358979 3.31612557878922 3.49065850398866 3.66519142918809 3.83972435438752 4.01425727958696 4.18879020478639 4.36332312998582 4.53785605518525 4.71238898038469 4.88692190558412 5.06145483078355 5.23598775598299 5.41052068118242 5.58505360638185 5.75958653158128 5.93411945678072 6.10865238198015 6.28318530717959 
37 1 2 3 4 5 6 7 8 9 10 11 12 13 14 15 16 17 18 19 20 21 22 23 24 25 26 27 28 29 30 31 32 33 34 35 36 1 
p 0.3080000008 1 0 0.174532925199433 0.349065850398866 0.523598775598299 0.698131700797732 0.872664625997165 1.0471975511966 1.22173047639603 1.39626340159546 1.5707963267949 1.74532925199433 1.91986217719376 2.0943951023932 2.26892802759263 2.44346095279206 2.61799387799149 2.79252680319093 2.96705972839036 3.14159265358979 3.31612557878922 3.49065850398866 3.66519142918809 3.83972435438752 4.01425727958696 4.18879020478639 4.36332312998582 4.53785605518525 4.71238898038469 4.88692190558412 5.06145483078355 5.23598775598299 5.41052068118242 5.58505360638185 5.75958653158128 5.93411945678072 6.10865238198015 6.28318530717959 
49 71 72 73 74 75 76 77 78 79 80 81 82 83 84 85 86 87 88 89 90 91 92 93 94 95 96 97 98 99 100 101 102 103 104 105 106 107 108 109 110 111 112 113 114 115 116 117 118 16 
p 0.3080000008 1 0 0.00420554499005271 0.00981293831012298 0.0401428622147225 0.0710561872277655 0.0923467587399073 0.113637330252049 0.134927901764191 0.156218473276333 0.177509044788475 0.198799616300617 0.220090187812758 0.2413807593249 0.262671330837042 0.283961902349184 0.305252473861326 0.326543045373468 0.34783361688561 0.369124188397751 0.390409917929418 0.411690806581791 0.432971695234163 0.454252583886536 0.475533472538909 0.496814361191281 0.518095249843654 0.539376138496026 0.560657027148399 0.581937915800772 0.603218804453144 0.624499693105517 0.64578058175789 0.667061470410262 0.688342359062635 0.709623247715008 0.73090413636738 0.752185025019753 0.773465913672126 0.794746802324498 0.816027690976871 0.837308579629244 0.858589468281616 0.879870356933989 0.901151245586362 0.922432134238734 0.943713022891107 0.964993911543479 0.98249695577174 1 
49 1 2 3 4 5 6 7 8 9 10 11 12 13 14 15 16 17 18 19 20 21 22 23 24 25 26 27 28 29 30 31 32 33 34 35 36 37 38 39 40 41 42 43 44 45 46 47 48 49 
p 0.3080000008 1 0 0.00420554499005271 0.00981293831012298 0.0401428622147225 0.0710561872277655 0.0923467587399073 0.113637330252049 0.134927901764191 0.156218473276333 0.177509044788475 0.198799616300617 0.220090187812758 0.2413807593249 0.262671330837042 0.283961902349184 0.305252473861326 0.326543045373468 0.34783361688561 0.369124188397751 0.390409917929418 0.411690806581791 0.432971695234163 0.454252583886536 0.475533472538909 0.496814361191281 0.518095249843654 0.539376138496026 0.560657027148399 0.581937915800772 0.603218804453144 0.624499693105517 0.64578058175789 0.667061470410262 0.688342359062635 0.709623247715008 0.73090413636738 0.752185025019753 0.773465913672126 0.794746802324498 0.816027690976871 0.837308579629244 0.858589468281616 0.879870356933989 0.901151245586362 0.922432134238734 0.943713022891107 0.964993911543479 0.98249695577174 1 
39 3 4 5 6 7 8 9 10 11 12 13 14 15 16 17 18 19 20 21 22 23 24 25 26 27 28 29 30 31 32 33 34 35 36 37 38 39 40 1 
p 0.3080000008 1 0 0.0348355262970662 0.0696710525941324 0.0995617919250257 0.125688436647825 0.151815081370625 0.177941726093425 0.204068370816224 0.230195015539024 0.256321660261823 0.282448304984623 0.308574949707423 0.334701594430222 0.360828239153022 0.386954883875821 0.413081528598621 0.43920817332142 0.46533481804422 0.49146146276702 0.517588107489819 0.543714752212619 0.569841396935418 0.595968041658218 0.622094686381018 0.648221331103817 0.674347975826617 0.700474620549416 0.726601265272216 0.752727909995015 0.778854554717815 0.804981199440615 0.831107844163414 0.857234488886214 0.883361133609013 0.909487778331813 0.935614423054612 0.961741067777412 0.980870533888706 1 
39 50 51 52 53 54 55 56 57 58 59 60 61 62 63 64 65 66 67 68 69 70 71 72 73 74 75 76 77 78 79 80 81 82 83 84 85 86 87 1 
p 0.3080000008 1 0 0.0348355262970662 0.0696710525941324 0.0995617919250257 0.125688436647825 0.151815081370625 0.177941726093425 0.204068370816224 0.230195015539024 0.256321660261823 0.282448304984623 0.308574949707423 0.334701594430222 0.360828239153022 0.386954883875821 0.413081528598621 0.43920817332142 0.46533481804422 0.49146146276702 0.517588107489819 0.543714752212619 0.569841396935418 0.595968041658218 0.622094686381018 0.648221331103817 0.674347975826617 0.700474620549416 0.726601265272216 0.752727909995015 0.778854554717815 0.804981199440615 0.831107844163414 0.857234488886214 0.883361133609013 0.909487778331813 0.935614423054612 0.961741067777412 0.980870533888706 1 
2 88 50 
p 0.3080000008 1 2.63504875196099 3.93750000220599 
2 105 54 
p 0.3080000008 1 2.63504875196099 3.93750000220599 
56 16 17 18 19 20 21 22 23 24 25 26 27 28 29 30 31 32 33 34 35 36 37 38 39 40 41 42 43 44 45 46 47 48 49 50 51 52 53 54 55 56 57 58 59 60 61 62 63 64 65 66 67 68 69 70 3 
p 0.3080000008 1 0 0.0260653033930752 0.0521306067861504 0.0772313760862604 0.101403303416472 0.125575230746685 0.149298979022575 0.172582858068262 0.195866737113949 0.218232439540949 0.239716172731264 0.261199905921579 0.282683639111895 0.30416737230221 0.325651105492525 0.347134838682841 0.368618571873156 0.390102305063472 0.406646741674805 0.422759541567541 0.438872341460278 0.454985141353014 0.471097941245751 0.487210741138487 0.503323541031224 0.51943634092396 0.535549140816697 0.551661940709433 0.56777474060217 0.583887540494906 0.600000340387643 0.616113140280379 0.632225940173116 0.648338740065852 0.664451539958589 0.680564339851325 0.696677139744062 0.712789939636798 0.728902739529535 0.745015539422271 0.761128339315008 0.777241139207745 0.793353939100481 0.809466738993218 0.825579538885954 0.841692338778691 0.857805138671427 0.873917938564164 0.8900307384569 0.906143538349637 0.922256338242373 0.93836913813511 0.954481938027846 0.970594737920583 0.985297368960291 1 
56 89 90 91 92 93 94 95 96 97 98 99 100 101 102 103 104 105 106 107 108 109 110 111 112 113 114 115 116 117 118 119 120 121 122 123 124 125 126 127 128 129 130 131 132 133 134 135 136 137 138 139 140 141 142 143 88 
p 0.3080000008 1 0 0.0260653033930752 0.0521306067861504 0.0772313760862604 0.101403303416472 0.125575230746685 0.149298979022575 0.172582858068262 0.195866737113949 0.218232439540949 0.239716172731264 0.261199905921579 0.282683639111895 0.30416737230221 0.325651105492525 0.347134838682841 0.368618571873156 0.390102305063472 0.406646741674805 0.422759541567541 0.438872341460278 0.454985141353014 0.471097941245751 0.487210741138487 0.503323541031224 0.51943634092396 0.535549140816697 0.551661940709433 0.56777474060217 0.583887540494906 0.600000340387643 0.616113140280379 0.632225940173116 0.648338740065852 0.664451539958589 0.680564339851325 0.696677139744062 0.712789939636798 0.728902739529535 0.745015539422271 0.761128339315008 0.777241139207745 0.793353939100481 0.809466738993218 0.825579538885954 0.841692338778691 0.857805138671427 0.873917938564164 0.8900307384569 0.906143538349637 0.922256338242373 0.93836913813511 0.954481938027846 0.970594737920583 0.985297368960291 1 
2 89 144 
p 0.3080000008 1 4.571632751149 7 
2 49 145 
p 0.3080000008 1 4.571632751149 7 
2 1 2 
p 0.3080000008 1 0.166666666666667 1 
2 94 106 
p 0.3080000008 1 0.166666666666667 1 
14 3 4 5 6 7 8 9 10 11 12 13 14 15 1 
p 0.3080000008 1 0 0.0997934960014679 0.199586992002936 0.299380488004404 0.399173984005872 0.49896748000734 0.598760976008808 0.689683484653808 0.772523578543078 0.855363672432348 0.938203766321618 0.953652824741213 0.969101883160809 1 
14 105 106 107 108 109 110 111 112 113 114 115 116 117 93 
p 0.3080000008 1 0 0.0997934960014679 0.199586992002936 0.299380488004404 0.399173984005872 0.49896748000734 0.598760976008808 0.689683484653808 0.772523578543078 0.855363672432348 0.938203766321618 0.953652824741213 0.969101883160809 1 
2 71 119 
p 0.3080000008 1 0.166666666666667 1 
2 1 2 
p 0.3080000008 1 0.166666666666667 1 
90 2 120 121 122 123 124 125 126 127 128 129 130 131 132 133 134 135 136 137 138 139 140 141 142 143 144 145 146 147 148 149 150 151 152 153 154 155 156 157 158 159 160 161 162 163 164 165 166 167 168 169 170 171 172 173 174 175 176 177 178 179 180 181 182 183 184 185 186 187 188 189 190 191 192 193 194 195 196 197 198 199 200 201 202 203 204 205 206 207 119 
p 0.3080000008 1 0 0.0658276873405428 0.129799895773972 0.219669260414159 0.309611058430428 0.389098986209812 0.455338926025965 0.510538875872759 0.561649940545717 0.607649898751379 0.649049861136475 0.69044982352157 0.727709789668157 0.761243759200084 0.794777728732011 0.828311698263939 0.861845667795866 0.895379637327794 0.928913606859721 0.959094179438456 0.986256694759317 1.01341921008018 1.04058172540104 1.0677442407219 1.09490675604276 1.12206927136362 1.14923178668448 1.17639430200535 1.20355681732621 1.23071933264707 1.25788184796793 1.28504436328879 1.31220687860965 1.33936939393051 1.36653190925137 1.39369442457224 1.4208569398931 1.44801945521396 1.47518197053482 1.50234448585568 1.52950700117654 1.5566695164974 1.58383203181826 1.61099454713913 1.63815706245999 1.66531957778085 1.69248209310171 1.71964460842257 1.74680712374343 1.77396963906429 1.80113215438515 1.82829466970602 1.85545718502688 1.88261970034774 1.9097822156686 1.93694473098946 1.96410724631032 1.99126976163118 2.01843227695204 2.04559479227291 2.07275730759377 2.09991982291463 2.12708233823549 2.15424485355635 2.18140736887721 2.20856988419808 2.23573239951894 2.2628949148398 2.29005743016066 2.31721994548152 2.34438246080238 2.37154497612325 2.39870749144411 2.42587000676497 2.45303252208583 2.48019503740669 2.50735755272755 2.53452006804842 2.56168258336928 2.59789927046376 2.63864304344505 2.67938681642634 2.72013058940764 2.76087436238893 2.81519939303065 2.87631505250259 2.95780259846517 3.08003391740905 3.11081328549953 3.14159265359 
90 80 81 82 83 84 85 86 87 88 89 90 91 92 93 94 95 96 97 98 99 100 101 102 103 104 105 106 107 108 109 110 111 112 113 114 115 116 117 118 119 120 121 122 123 124 125 126 127 128 129 130 131 132 133 134 135 136 137 138 139 140 141 142 143 144 145 146 147 148 149 150 151 152 153 154 155 156 157 158 159 160 161 162 163 164 165 166 167 168 1 
p 0.3080000008 1 0 0.0658276873405428 0.129799895773972 0.219669260414159 0.309611058430428 0.389098986209812 0.455338926025965 0.510538875872759 0.561649940545717 0.607649898751379 0.649049861136475 0.69044982352157 0.727709789668157 0.761243759200084 0.794777728732011 0.828311698263939 0.861845667795866 0.895379637327794 0.928913606859721 0.959094179438456 0.986256694759317 1.01341921008018 1.04058172540104 1.0677442407219 1.09490675604276 1.12206927136362 1.14923178668448 1.17639430200535 1.20355681732621 1.23071933264707 1.25788184796793 1.28504436328879 1.31220687860965 1.33936939393051 1.36653190925137 1.39369442457224 1.4208569398931 1.44801945521396 1.47518197053482 1.50234448585568 1.52950700117654 1.5566695164974 1.58383203181826 1.61099454713913 1.63815706245999 1.66531957778085 1.69248209310171 1.71964460842257 1.74680712374343 1.77396963906429 1.80113215438515 1.82829466970602 1.85545718502688 1.88261970034774 1.9097822156686 1.93694473098946 1.96410724631032 1.99126976163118 2.01843227695204 2.04559479227291 2.07275730759377 2.09991982291463 2.12708233823549 2.15424485355635 2.18140736887721 2.20856988419808 2.23573239951894 2.2628949148398 2.29005743016066 2.31721994548152 2.34438246080238 2.37154497612325 2.39870749144411 2.42587000676497 2.45303252208583 2.48019503740669 2.50735755272755 2.53452006804842 2.56168258336928 2.59789927046376 2.63864304344505 2.67938681642634 2.72013058940764 2.76087436238893 2.81519939303065 2.87631505250259 2.95780259846517 3.08003391740905 3.11081328549953 3.14159265359 
54 41 42 43 44 45 46 47 48 49 50 51 52 53 54 55 56 57 58 59 60 61 62 63 64 65 66 67 68 69 70 71 72 73 74 75 76 77 78 79 80 81 82 83 84 85 86 87 88 89 90 91 92 93 3 
p 0.3080000008 1 0 0.0261264422381169 0.0522528844762337 0.0749833205272504 0.0947591751331088 0.114535029738967 0.134310884344826 0.154086738950684 0.173862593556543 0.193638448162401 0.213414302768259 0.233190157374118 0.252966011979976 0.272741866585835 0.292517721191693 0.312293575797552 0.33206943040341 0.351845285009269 0.371621139615127 0.391396994220986 0.411172848826844 0.430948703432702 0.450724558038561 0.470500412644419 0.486389498463753 0.506165353069611 0.528413189501202 0.548414354452202 0.566395725388077 0.584377096323952 0.602358467259827 0.620339838195702 0.638321209131578 0.656302580067453 0.674283951003328 0.692265321939203 0.710246692875078 0.728228063810953 0.746209434746829 0.763996666254495 0.781591854398693 0.799187042542891 0.816782230687088 0.834377418831286 0.851972606975484 0.869567795119681 0.887162983263879 0.904758171408077 0.922353359552274 0.939948547696472 0.95754373584067 0.975138923984868 0.987569461992434 1 
54 1 2 3 4 5 6 7 8 9 10 11 12 13 14 15 16 17 18 19 20 21 22 23 24 25 26 27 28 29 30 31 32 33 34 35 36 37 38 39 40 41 42 43 44 45 46 47 48 49 50 51 52 53 54 
p 0.3080000008 1 0 0.0261264422381169 0.0522528844762337 0.0749833205272504 0.0947591751331088 0.114535029738967 0.134310884344826 0.154086738950684 0.173862593556543 0.193638448162401 0.213414302768259 0.233190157374118 0.252966011979976 0.272741866585835 0.292517721191693 0.312293575797552 0.33206943040341 0.351845285009269 0.371621139615127 0.391396994220986 0.411172848826844 0.430948703432702 0.450724558038561 0.470500412644419 0.486389498463753 0.506165353069611 0.528413189501202 0.548414354452202 0.566395725388077 0.584377096323952 0.602358467259827 0.620339838195702 0.638321209131578 0.656302580067453 0.674283951003328 0.692265321939203 0.710246692875078 0.728228063810953 0.746209434746829 0.763996666254495 0.781591854398693 0.799187042542891 0.816782230687088 0.834377418831286 0.851972606975484 0.869567795119681 0.887162983263879 0.904758171408077 0.922353359552274 0.939948547696472 0.95754373584067 0.975138923984868 0.987569461992434 1 
2 55 1 
p 0.3080000008 1 0 2.18750000220599 
2 91 92 
p 0.3080000008 1 0 2.18750000220599 
37 55 56 57 58 59 60 61 62 63 64 65 66 67 68 69 70 71 72 73 74 75 76 77 78 79 80 81 82 83 84 85 86 87 88 89 90 91 
p 0.3080000008 1 0 0.174532925199433 0.349065850398866 0.523598775598299 0.698131700797732 0.872664625997165 1.0471975511966 1.22173047639603 1.39626340159546 1.5707963267949 1.74532925199433 1.91986217719376 2.0943951023932 2.26892802759263 2.44346095279206 2.61799387799149 2.79252680319093 2.96705972839036 3.14159265358979 3.31612557878922 3.49065850398866 3.66519142918809 3.83972435438752 4.01425727958696 4.18879020478639 4.36332312998582 4.53785605518525 4.71238898038469 4.88692190558412 5.06145483078355 5.23598775598299 5.41052068118242 5.58505360638185 5.75958653158128 5.93411945678072 6.10865238198015 6.28318530717959 
37 17 18 19 20 21 22 23 24 25 26 27 28 29 30 31 32 33 34 35 36 37 38 39 40 41 42 43 44 45 46 47 48 49 50 51 52 17 
p 0.3080000008 1 0 0.174532925199433 0.349065850398866 0.523598775598299 0.698131700797732 0.872664625997165 1.0471975511966 1.22173047639603 1.39626340159546 1.5707963267949 1.74532925199433 1.91986217719376 2.0943951023932 2.26892802759263 2.44346095279206 2.61799387799149 2.79252680319093 2.96705972839036 3.14159265358979 3.31612557878922 3.49065850398866 3.66519142918809 3.83972435438752 4.01425727958696 4.18879020478639 4.36332312998582 4.53785605518525 4.71238898038469 4.88692190558412 5.06145483078355 5.23598775598299 5.41052068118242 5.58505360638185 5.75958653158128 5.93411945678072 6.10865238198015 6.28318530717959 
13 94 95 96 97 98 99 100 101 102 103 104 105 41 
p 0.3080000008 1 0 0.104500692005212 0.169491631203212 0.234482570401212 0.312858089405122 0.401030548284519 0.489203007163917 0.577375466043315 0.665547924922713 0.753720383802111 0.841892842681509 0.920946421340755 1 
13 93 94 95 96 97 98 99 100 101 102 103 104 92 
p 0.3080000008 1 0 0.104500692005212 0.169491631203212 0.234482570401212 0.312858089405122 0.401030548284519 0.489203007163917 0.577375466043315 0.665547924922713 0.753720383802111 0.841892842681509 0.920946421340755 1 
80 2 107 108 109 110 111 112 113 114 115 116 117 118 119 120 121 122 123 124 125 126 127 128 129 130 131 132 133 134 135 136 137 138 139 140 141 142 143 144 145 146 147 148 149 150 151 152 153 154 155 156 157 158 159 160 161 162 163 164 165 166 167 168 169 170 171 172 173 174 175 176 177 178 179 180 181 182 183 184 106 
p 0.3080000008 1 -0 0.166286680290018 0.332573360580035 0.498860040870053 0.66514672116007 0.831433401450088 0.997720081740105 1.16400676203012 1.33029344232014 1.49658012261016 1.66286680290018 1.82915348319019 1.99544016348021 2.16172684377023 2.32801352406025 2.49430020435026 2.66058688464028 2.8268735649303 2.99316024522032 3.15944692551034 3.32573360580035 3.49202028609037 3.65830696638039 3.82459364667041 3.99088032696043 4.15716700725044 4.32345368754046 4.48974036783048 4.6560270481205 4.82231372841052 4.98860040870053 5.15488708899055 5.32117376928057 5.48746044957059 5.6537471298606 5.82003381015062 5.98632049044064 6.15260717073066 6.31889385102067 6.48518053131069 6.65146721160071 6.81775389189073 6.98404057218074 7.15032725247076 7.31661393276078 7.4829006130508 7.64918729334081 7.81547397363083 7.98176065392085 8.14804733421087 8.31433401450088 8.4806206947909 8.64690737508092 8.81319405537094 8.97948073566095 9.14576741595097 9.31205409624099 9.47834077653101 9.64462745682103 9.81091413711104 9.97720081740106 10.1434874976911 10.3097741779811 10.4760608582711 10.6423475385611 10.8086342188511 10.9749208991412 11.1412075794312 11.3074942597212 11.4737809400112 11.6400676203012 11.8063543005913 11.9726409808813 12.1389276611713 12.3052143414613 12.4715010217513 12.6377877020413 12.8040743823314 12.9243770783807 13.04467977443 
80 1 2 3 4 5 6 7 8 9 10 11 12 13 14 15 16 17 18 19 20 21 22 23 24 25 26 27 28 29 30 31 32 33 34 35 36 37 38 39 40 41 42 43 44 45 46 47 48 49 50 51 52 53 54 55 56 57 58 59 60 61 62 63 64 65 66 67 68 69 70 71 72 73 74 75 76 77 78 79 80 
p 0.3080000008 1 -0 0.166286680290018 0.332573360580035 0.498860040870053 0.66514672116007 0.831433401450088 0.997720081740105 1.16400676203012 1.33029344232014 1.49658012261016 1.66286680290018 1.82915348319019 1.99544016348021 2.16172684377023 2.32801352406025 2.49430020435026 2.66058688464028 2.8268735649303 2.99316024522032 3.15944692551034 3.32573360580035 3.49202028609037 3.65830696638039 3.82459364667041 3.99088032696043 4.15716700725044 4.32345368754046 4.48974036783048 4.6560270481205 4.82231372841052 4.98860040870053 5.15488708899055 5.32117376928057 5.48746044957059 5.6537471298606 5.82003381015062 5.98632049044064 6.15260717073066 6.31889385102067 6.48518053131069 6.65146721160071 6.81775389189073 6.98404057218074 7.15032725247076 7.31661393276078 7.4829006130508 7.64918729334081 7.81547397363083 7.98176065392085 8.14804733421087 8.31433401450088 8.4806206947909 8.64690737508092 8.81319405537094 8.97948073566095 9.14576741595097 9.31205409624099 9.47834077653101 9.64462745682103 9.81091413711104 9.97720081740106 10.1434874976911 10.3097741779811 10.4760608582711 10.6423475385611 10.8086342188511 10.9749208991412 11.1412075794312 11.3074942597212 11.4737809400112 11.6400676203012 11.8063543005913 11.9726409808813 12.1389276611713 12.3052143414613 12.4715010217513 12.6377877020413 12.8040743823314 12.9243770783807 13.04467977443 
8 1 27 28 29 30 31 32 18 
p 0.3080000008 1 0.0310537942550488 0.188728021312325 0.3464022483696 0.504076475426876 0.661750702484152 0.819424929541428 0.977099156598703 1.13477338365598 
8 1 2 3 4 5 6 7 8 
p 0.3080000008 1 0.0310537942550488 0.188728021312325 0.3464022483696 0.504076475426876 0.661750702484152 0.819424929541428 0.977099156598703 1.13477338365598 
2 1 11 
p 0.3080000008 1 0 12.258123835826 
2 9 8 
p 0.3080000008 1 0 12.258123835826 
8 1 27 28 29 30 31 32 18 
p 0.3080000008 1 0.0310537942551343 0.188728021312386 0.346402248369637 0.504076475426888 0.66175070248414 0.819424929541391 0.977099156598642 1.13477338365589 
8 9 10 11 12 13 14 15 16 
p 0.3080000008 1 0.0310537942551343 0.188728021312386 0.346402248369637 0.504076475426888 0.66175070248414 0.819424929541391 0.977099156598642 1.13477338365589 
2 11 1 
p 0.3080000008 1 0 12.258123835826 
2 16 1 
p 0.3080000008 1 0 12.258123835826 
10 1 2 3 4 5 6 7 8 9 10 
p 0.3080000008 1 4.71238898038469 4.88692190558412 5.06145483078356 5.23598775598299 5.41052068118242 5.58505360638185 5.75958653158129 5.93411945678072 6.10865238198015 6.28318530717959 
10 1 2 3 4 5 6 7 8 9 10 
p 0.3080000008 1 4.71238898038469 4.88692190558412 5.06145483078356 5.23598775598299 5.41052068118242 5.58505360638185 5.75958653158129 5.93411945678072 6.10865238198015 6.28318530717959 
8 10 11 12 13 14 15 16 17 
p 0.3080000008 1 0.0310537942550496 0.188728021312322 0.346402248369595 0.504076475426868 0.661750702484141 0.819424929541414 0.977099156598687 1.13477338365596 
8 10 11 12 13 14 15 16 9 
p 0.3080000008 1 0.0310537942550496 0.188728021312322 0.346402248369595 0.504076475426868 0.661750702484141 0.819424929541414 0.977099156598687 1.13477338365596 
10 18 19 20 21 22 23 24 25 26 17 
p 0.3080000008 1 4.71238898038469 4.88692190558412 5.06145483078356 5.23598775598299 5.41052068118242 5.58505360638185 5.75958653158129 5.93411945678072 6.10865238198015 6.28318530717959 
10 17 18 19 20 21 22 23 24 25 1 
p 0.3080000008 1 4.71238898038469 4.88692190558412 5.06145483078356 5.23598775598299 5.41052068118242 5.58505360638185 5.75958653158129 5.93411945678072 6.10865238198015 6.28318530717959 
10 17 18 19 20 21 22 23 24 25 1 
p 0.3080000008 1 4.71238898038469 4.88692190558412 5.06145483078356 5.23598775598299 5.41052068118242 5.58505360638185 5.75958653158129 5.93411945678072 6.10865238198015 6.28318530717959 
10 1 2 3 4 5 6 7 8 9 10 
p 0.3080000008 1 4.71238898038469 4.88692190558412 5.06145483078356 5.23598775598299 5.41052068118242 5.58505360638185 5.75958653158129 5.93411945678072 6.10865238198015 6.28318530717959 
10 8 9 10 11 12 13 14 15 16 7 
p 0.3080000008 1 4.71238898038469 4.88692190558412 5.06145483078356 5.23598775598299 5.41052068118242 5.58505360638185 5.75958653158129 5.93411945678072 6.10865238198015 6.28318530717959 
10 11 12 13 14 15 16 17 18 19 20 
p 0.3080000008 1 4.71238898038469 4.88692190558412 5.06145483078356 5.23598775598299 5.41052068118242 5.58505360638185 5.75958653158129 5.93411945678072 6.10865238198015 6.28318530717959 
2 10 20 
p 0.3080000008 1 0 12.258123835826 
2 4 3 
p 0.3080000008 1 0 12.258123835826 
10 1 2 3 4 5 6 7 8 9 10 
p 0.3080000008 1 4.71238898038469 4.88692190558412 5.06145483078356 5.23598775598299 5.41052068118242 5.58505360638185 5.75958653158129 5.93411945678072 6.10865238198015 6.28318530717959 
10 8 9 10 11 12 13 14 15 16 7 
p 0.3080000008 1 4.71238898038469 4.88692190558412 5.06145483078356 5.23598775598299 5.41052068118242 5.58505360638185 5.75958653158129 5.93411945678072 6.10865238198015 6.28318530717959 
8 10 11 12 13 14 15 16 17 
p 0.3080000008 1 0.0310537942551492 0.188728021312396 0.346402248369643 0.50407647542689 0.661750702484138 0.819424929541385 0.977099156598632 1.13477338365588 
8 10 11 12 13 14 15 16 9 
p 0.3080000008 1 0.0310537942551492 0.188728021312396 0.346402248369643 0.50407647542689 0.661750702484138 0.819424929541385 0.977099156598632 1.13477338365588 
10 18 19 20 21 22 23 24 25 26 17 
p 0.3080000008 1 4.71238898038469 4.88692190558412 5.06145483078356 5.23598775598299 5.41052068118242 5.58505360638185 5.75958653158129 5.93411945678072 6.10865238198015 6.28318530717959 
10 17 18 19 20 21 22 23 24 25 1 
p 0.3080000008 1 4.71238898038469 4.88692190558412 5.06145483078356 5.23598775598299 5.41052068118242 5.58505360638185 5.75958653158129 5.93411945678072 6.10865238198015 6.28318530717959 
10 11 12 13 14 15 16 17 18 19 20 
p 0.3080000008 1 4.71238898038469 4.88692190558412 5.06145483078356 5.23598775598299 5.41052068118242 5.58505360638185 5.75958653158129 5.93411945678072 6.10865238198015 6.28318530717959 
10 1 2 3 4 5 6 7 8 9 10 
p 0.3080000008 1 4.71238898038469 4.88692190558412 5.06145483078356 5.23598775598299 5.41052068118242 5.58505360638185 5.75958653158129 5.93411945678072 6.10865238198015 6.28318530717959 
10 8 9 10 11 12 13 14 15 16 7 
p 0.3080000008 1 4.71238898038469 4.88692190558412 5.06145483078356 5.23598775598299 5.41052068118242 5.58505360638185 5.75958653158129 5.93411945678072 6.10865238198015 6.28318530717959 
10 11 12 13 14 15 16 17 18 19 20 
p 0.3080000008 1 4.71238898038469 4.88692190558412 5.06145483078356 5.23598775598299 5.41052068118242 5.58505360638185 5.75958653158129 5.93411945678072 6.10865238198015 6.28318530717959 
2 20 10 
p 0.3080000008 1 0 12.258123835826 
2 3 4 
p 0.3080000008 1 0 12.258123835826 
2 1 11 
p 0.3080000008 1 0 1.018936532095 
7 10 21 22 23 24 25 20 
p 0.3080000008 1 0 0.169822755349148 0.339645510698297 0.509468266047445 0.679291021396594 0.849113776745742 1.01893653209489 
7 9 10 11 12 13 14 2 
p 0.3080000008 1 0 0.169822755349148 0.339645510698297 0.509468266047445 0.679291021396594 0.849113776745742 1.01893653209489 
8 18 19 20 21 22 23 24 17 
p 0.3080000008 1 0.0310537942550496 0.188728021312322 0.346402248369595 0.504076475426868 0.661750702484141 0.819424929541414 0.977099156598687 1.13477338365596 
8 1 2 3 4 5 6 7 8 
p 0.3080000008 1 0.0310537942550496 0.188728021312322 0.346402248369595 0.504076475426868 0.661750702484141 0.819424929541414 0.977099156598687 1.13477338365596 
2 8 9 
p 0.3080000008 1 2.5 67.5 
2 1 2 
p 0.3080000008 1 2.5 67.5 
2 1 10 
p 0.3080000008 1 2.5 67.5 
2 3 9 
p 0.3080000008 1 2.5 67.5 
7 1 2 3 4 5 6 7 
p 0.3080000008 1 0 0.169822755349148 0.339645510698297 0.509468266047445 0.679291021396594 0.849113776745742 1.01893653209489 
7 2 10 11 12 13 14 9 
p 0.3080000008 1 0 0.169822755349148 0.339645510698297 0.509468266047445 0.679291021396594 0.849113776745742 1.01893653209489 
2 8 17 
p 0.3080000008 1 0 1.018936532095 
2 1 2 
p 0.3080000008 1 0 12.258123835826 
2 1 2 
p 0.3080000008 1 0 12.258123835826 
2 8 9 
p 0.3080000008 1 2.5 67.5 
2 1 3 
p 0.3080000008 1 2.5 67.5 
2 1 2 
p 0.3080000008 1 2.5 67.5 
2 2 4 
p 0.3080000008 1 2.5 67.5 
7 1 2 3 4 5 6 7 
p 0.3080000008 1 0 0.169822755349131 0.339645510698262 0.509468266047393 0.679291021396525 0.849113776745656 1.01893653209479 
7 2 10 11 12 13 14 9 
p 0.3080000008 1 0 0.169822755349131 0.339645510698262 0.509468266047393 0.679291021396525 0.849113776745656 1.01893653209479 
2 8 17 
p 0.3080000008 1 0 1.018936532095 
8 18 19 20 21 22 23 24 17 
p 0.3080000008 1 0.0310537942551492 0.188728021312396 0.346402248369643 0.50407647542689 0.661750702484138 0.819424929541385 0.977099156598632 1.13477338365588 
8 1 2 3 4 5 6 7 8 
p 0.3080000008 1 0.0310537942551492 0.188728021312396 0.346402248369643 0.50407647542689 0.661750702484138 0.819424929541385 0.977099156598632 1.13477338365588 
2 8 9 
p 0.3080000008 1 2.5 67.5 
2 1 2 
p 0.3080000008 1 2.5 67.5 
2 1 10 
p 0.3080000008 1 2.5 67.5 
2 8 9 
p 0.3080000008 1 2.5 67.5 
7 1 2 3 4 5 6 7 
p 0.3080000008 1 0 0.169822755349148 0.339645510698297 0.509468266047445 0.679291021396594 0.849113776745742 1.01893653209489 
7 2 10 11 12 13 14 9 
p 0.3080000008 1 0 0.169822755349148 0.339645510698297 0.509468266047445 0.679291021396594 0.849113776745742 1.01893653209489 
2 8 17 
p 0.3080000008 1 0 1.018936532095 
2 1 2 
p 0.3080000008 1 0 12.258123835826 
2 1 2 
p 0.3080000008 1 0 12.258123835826 
2 8 9 
p 0.3080000008 1 2.5 67.5 
2 2 3 
p 0.3080000008 1 2.5 67.5 
2 1 2 
p 0.3080000008 1 2.5 67.5 
2 1 4 
p 0.3080000008 1 2.5 67.5 
7 1 2 3 4 5 6 7 
p 0.3080000008 1 0 0.169822755349148 0.339645510698297 0.509468266047445 0.679291021396594 0.849113776745742 1.01893653209489 
7 3 4 5 6 7 8 1 
p 0.3080000008 1 0 0.169822755349148 0.339645510698297 0.509468266047445 0.679291021396594 0.849113776745742 1.01893653209489 
8 1 2 3 4 5 6 7 8 
p 0.3080000008 1 0.0310537942550488 0.188728021312325 0.3464022483696 0.504076475426876 0.661750702484152 0.819424929541428 0.977099156598703 1.13477338365598 
8 10 11 12 13 14 15 16 1 
p 0.3080000008 1 0.0310537942550488 0.188728021312325 0.3464022483696 0.504076475426876 0.661750702484152 0.819424929541428 0.977099156598703 1.13477338365598 
10 8 9 10 11 12 13 14 15 16 17 
p 0.3080000008 1 4.71238898038469 4.88692190558412 5.06145483078356 5.23598775598299 5.41052068118242 5.58505360638185 5.75958653158129 5.93411945678072 6.10865238198015 6.28318530717959 
10 1 2 3 4 5 6 7 8 9 10 
p 0.3080000008 1 4.71238898038469 4.88692190558412 5.06145483078356 5.23598775598299 5.41052068118242 5.58505360638185 5.75958653158129 5.93411945678072 6.10865238198015 6.28318530717959 
10 1 25 26 27 28 29 30 31 32 18 
p 0.3080000008 1 4.71238898038469 4.88692190558412 5.06145483078356 5.23598775598299 5.41052068118242 5.58505360638185 5.75958653158129 5.93411945678072 6.10865238198015 6.28318530717959 
10 17 18 19 20 21 22 23 24 25 1 
p 0.3080000008 1 4.71238898038469 4.88692190558412 5.06145483078356 5.23598775598299 5.41052068118242 5.58505360638185 5.75958653158129 5.93411945678072 6.10865238198015 6.28318530717959 
7 10 21 22 23 24 25 20 
p 0.3080000008 1 0 0.169822755349148 0.339645510698297 0.509468266047445 0.679291021396594 0.849113776745742 1.01893653209489 
7 1 3 4 5 6 7 8 
p 0.3080000008 1 0 0.169822755349148 0.339645510698297 0.509468266047445 0.679291021396594 0.849113776745742 1.01893653209489 
10 11 12 13 14 15 16 17 18 19 20 
p 0.3080000008 1 4.71238898038469 4.88692190558412 5.06145483078356 5.23598775598299 5.41052068118242 5.58505360638185 5.75958653158129 5.93411945678072 6.10865238198015 6.28318530717959 
10 3 4 5 6 7 8 9 10 11 1 
p 0.3080000008 1 4.71238898038469 4.88692190558412 5.06145483078356 5.23598775598299 5.41052068118242 5.58505360638185 5.75958653158129 5.93411945678072 6.10865238198015 6.28318530717959 
2 3 12 
p 0.3080000008 1 0 12.258123835826 
2 1 2 
p 0.3080000008 1 0 12.258123835826 
10 1 2 3 4 5 6 7 8 9 10 
p 0.3080000008 1 4.71238898038469 4.88692190558412 5.06145483078356 5.23598775598299 5.41052068118242 5.58505360638185 5.75958653158129 5.93411945678072 6.10865238198015 6.28318530717959 
10 12 13 14 15 16 17 18 19 20 2 
p 0.3080000008 1 4.71238898038469 4.88692190558412 5.06145483078356 5.23598775598299 5.41052068118242 5.58505360638185 5.75958653158129 5.93411945678072 6.10865238198015 6.28318530717959 
7 10 21 22 23 24 25 20 
p 0.3080000008 1 0 0.169822755349131 0.339645510698262 0.509468266047393 0.679291021396525 0.849113776745656 1.01893653209479 
7 1 3 4 5 6 7 8 
p 0.3080000008 1 0 0.169822755349131 0.339645510698262 0.509468266047393 0.679291021396525 0.849113776745656 1.01893653209479 
8 1 2 3 4 5 6 7 8 
p 0.3080000008 1 0.0310537942551343 0.188728021312386 0.346402248369637 0.504076475426888 0.66175070248414 0.819424929541391 0.977099156598642 1.13477338365589 
8 2 3 4 5 6 7 8 9 
p 0.3080000008 1 0.0310537942551343 0.188728021312386 0.346402248369637 0.504076475426888 0.66175070248414 0.819424929541391 0.977099156598642 1.13477338365589 
10 8 9 10 11 12 13 14 15 16 17 
p 0.3080000008 1 4.71238898038469 4.88692190558412 5.06145483078356 5.23598775598299 5.41052068118242 5.58505360638185 5.75958653158129 5.93411945678072 6.10865238198015 6.28318530717959 
10 1 2 3 4 5 6 7 8 9 10 
p 0.3080000008 1 4.71238898038469 4.88692190558412 5.06145483078356 5.23598775598299 5.41052068118242 5.58505360638185 5.75958653158129 5.93411945678072 6.10865238198015 6.28318530717959 
10 1 25 26 27 28 29 30 31 32 18 
p 0.3080000008 1 4.71238898038469 4.88692190558412 5.06145483078356 5.23598775598299 5.41052068118242 5.58505360638185 5.75958653158129 5.93411945678072 6.10865238198015 6.28318530717959 
10 11 12 13 14 15 16 17 18 19 20 
p 0.3080000008 1 4.71238898038469 4.88692190558412 5.06145483078356 5.23598775598299 5.41052068118242 5.58505360638185 5.75958653158129 5.93411945678072 6.10865238198015 6.28318530717959 
7 10 21 22 23 24 25 20 
p 0.3080000008 1 0 0.169822755349148 0.339645510698297 0.509468266047445 0.679291021396594 0.849113776745742 1.01893653209489 
7 1 3 4 5 6 7 8 
p 0.3080000008 1 0 0.169822755349148 0.339645510698297 0.509468266047445 0.679291021396594 0.849113776745742 1.01893653209489 
10 11 12 13 14 15 16 17 18 19 20 
p 0.3080000008 1 4.71238898038469 4.88692190558412 5.06145483078356 5.23598775598299 5.41052068118242 5.58505360638185 5.75958653158129 5.93411945678072 6.10865238198015 6.28318530717959 
10 3 4 5 6 7 8 9 10 11 2 
p 0.3080000008 1 4.71238898038469 4.88692190558412 5.06145483078356 5.23598775598299 5.41052068118242 5.58505360638185 5.75958653158129 5.93411945678072 6.10865238198015 6.28318530717959 
2 12 3 
p 0.3080000008 1 0 12.258123835826 
2 10 9 
p 0.3080000008 1 0 12.258123835826 
10 8 9 10 11 12 13 14 15 16 7 
p 0.3080000008 1 4.71238898038469 4.88692190558412 5.06145483078356 5.23598775598299 5.41052068118242 5.58505360638185 5.75958653158129 5.93411945678072 6.10865238198015 6.28318530717959 
10 12 13 14 15 16 17 18 19 20 1 
p 0.3080000008 1 4.71238898038469 4.88692190558412 5.06145483078356 5.23598775598299 5.41052068118242 5.58505360638185 5.75958653158129 5.93411945678072 6.10865238198015 6.28318530717959 
2 8 17 
p 0.3080000008 1 0 1.018936532095 
2 1 11 
p 0.3080000008 1 0 1.018936532095 
2 1 11 
p 0.3080000008 1 0 1.018936532095 
2 1 11 
p 0.3080000008 1 0 1.018936532095 
Surfaces 60
2 -22.5 -6.1290619179129999 0 0 0 1 -1 0 0 0 -1 0 1.8999999999999999
1 -24.399999999999999 0 0 1 0 -0 0 -1 0 0 -0 -1 
4 -22.5 -6.1290619179129999 2.5 0 0 1 -1 0 0 0 -1 0 1.8999999999999999
2 0 30.416666666666998 0 -0 -0 -1 -0.55045871559614645 -0.83486238532122214 0 -0.83486238532122214 0.55045871559614645 0 44.816666666666997
4 -22.5 -6.1290619179129999 67.5 -0 -0 -1 -1 0 0 0 1 -0 1.8999999999999999
2 -22.5 0 2.5 0 -1 -0 -1 -0 0 -0 0 -1 1.8999999999999999
2 -22.5 6.1290619179129999 0 0 0 1 -0.52427184465987431 0.85155095731079578 0 -0.85155095731079578 -0.52427184465987431 0 1.8999999999999999
2 -22.5 0 67.5 0 -1 -0 -1 -0 0 -0 0 -1 1.8999999999999999
5 0 30.416666666666998 2.5 -0 -0 -1 -0.55045871559614645 -0.83486238532122214 0 -0.83486238532122214 0.55045871559614645 0 42.916666666666998 1.8999999999999999
5 0 30.416666666666998 67.5 0 0 1 -0.55045871559614645 -0.83486238532122214 0 0.83486238532122214 -0.55045871559614645 0 42.916666666666998 1.8999999999999999
2 22.5 -6.1290619179129999 0 0 0 1 0.52427184465987431 -0.85155095731079578 0 0.85155095731079578 0.52427184465987431 -0 1.8999999999999999
4 -22.5 6.1290619179129999 2.5 0 0 1 -0.52427184465987431 0.85155095731079578 0 -0.85155095731079578 -0.52427184465987431 0 1.8999999999999999
1 7.3560104726199997e-15 -2.101717277891e-15 0.59999999999999998 0 0 1 1 0 -0 -0 1 0 
2 0 -30.416666666659999 0 -0 -0 -1 -0.55045871559614645 0.83486238532122214 0 0.83486238532122214 0.55045871559614645 -0 44.816666666666997
4 -22.5 6.1290619179129999 67.5 -0 -0 -1 -0.52427184465987431 0.85155095731079578 0 0.85155095731079578 0.52427184465987431 -0 1.8999999999999999
1 7.3560104726199997e-15 -2.101717277891e-15 69.400000000000006 0 0 1 1 0 -0 -0 1 0 
4 22.5 -6.1290619179129999 2.5 0 0 1 0.52427184465987431 -0.85155095731079578 0 0.85155095731079578 0.52427184465987431 -0 1.8999999999999999
4 22.5 -6.1290619179129999 67.5 -0 -0 -1 0.52427184465987431 -0.85155095731079578 0 -0.85155095731079578 -0.52427184465987431 0 1.8999999999999999
1 24.399999999999999 0 0 -1 -0 0 -0 1 0 -0 0 -1 
5 0 -30.416666666659999 2.5 -0 -0 -1 0.55045871559614645 0.83486238532122214 -0 0.83486238532122214 -0.55045871559614645 0 42.916666666666998 1.8999999999999999
2 22.5 0 2.5 -0 1 0 1 0 -0 -0 0 -1 1.8999999999999999
5 0 -30.416666666659999 67.5 0 0 1 0.55045871559614645 0.83486238532122214 -0 -0.83486238532122214 0.55045871559614645 0 42.916666666666998 1.8999999999999999
2 22.5 6.1290619179129999 0 0 0 1 1 0 -0 -0 1 0 1.8999999999999999
2 22.5 0 67.5 -0 1 0 1 0 -0 -0 0 -1 1.8999999999999999
5 0 0 70 -0 -0 -1 1 0 -0 0 -1 0 7.5 0.59999999999999998
4 22.5 6.1290619179129999 2.5 0 0 1 0.52427184465987431 0.85155095731079578 -0 -0.85155095731079578 0.52427184465987431 0 1.8999999999999999
4 22.5 6.1290619179129999 67.5 -0 -0 -1 0.52427184465987431 0.85155095731079578 -0 0.85155095731079578 -0.52427184465987431 0 1.8999999999999999
2 0 0 70 0 0 1 1 0 -0 -0 1 0 6.9000000000000004
1 0 0 77 0 0 1 1 0 -0 -0 1 0 
2 0 0 70 0 0 1 1 0 -0 -0 1 0 7.5
9 0 0 0 0 12 1 46 2 5 2 -2.2204460492499999e-15 -7.4249999999999998 71.75  -4.4408920985009999e-16 -7.875 71.75  
-0.066673863528850005 -7.4250000000009999 71.790016336535999  -0.035357351871340002 -7.8750000000010001 71.770008168274998  
0.041569209575380003 -7.4242962629639999 71.837726962171004  0.115738166709 -7.8747728668499999 71.797177874892995  
0.340818252988 -7.4289822792590003 71.893488308254007  0.47020019128099999 -7.8778017870800001 71.831978565718998  
0.84486543994899999 -7.4255394782890001 71.957552962546998  1.0422900582720001 -7.8661337348659996 71.874800952040005  
1.5682328070380001 -7.3824853260080001 72.030036170170007  1.847257142006 -7.802390058216 71.925923530684003  
2.5176023650400001 -7.2249041456079999 72.110882023683999  2.8890176597220001 -7.6023986608190004 71.985476762933004  
3.6805126984390002 -6.8575894993219997 72.199834339266005  4.149830528891 -7.1614912739559999 72.053409398618996  
5.000866700604 -6.1381870884750001 72.296418911161993  5.5602335905100002 -6.3258067520130004 72.129462962839  
6.310542136025 -4.9061066837169998 72.399946550349995  6.925147323999 -4.9296413888929997 72.213164276498006  
7.2994449147760001 -3.1339148795009999 72.509540586515996  7.9037987533920004 -2.9656122324299998 72.303841498140997  
7.6859473668709999 -0.99736809566499995 72.624181363879998  8.2031660138970004 -0.64590523395999999 72.400658653994  
6.9702143377730001 3.3888998406650002 72.861336978769003  7.1820983593129997 4.0157924971250001 72.604663650258004  
5.8678964945220002 5.6385674417190002 72.983851815977005  5.8615818435730001 6.3577123273940002 72.711851490537001  
3.881014087129 7.6366383078520004 73.109193970990006  3.6025262644830001 8.3659903023949997 72.823270081136997  
1.003380642575 8.9413197712189998 73.236163662335002  0.43282934849900001 9.5609376058920006 72.937846205110006  
-2.4762919629210001 9.0382862207379997 73.363523945696002  -3.2931536836070001 9.4101538320740001 73.054433528599006  
-5.9828463937749996 7.5470887025579998 73.490061832264004  -6.9224180038069996 7.5483585685529997 73.171868966814998  
-8.4677890897400001 4.4697129108610003 73.614648753192  -9.3218785576650003 4.0736589389580002 73.289032236694993  
-9.2696483993409995 0.75079728554500003 73.736288272899003  -9.8740074734239993 0.059326709028350001 73.404897091452  
-8.4608848955369993 -2.750323640275 73.854142719951  -8.7323427678580003 -3.5881267436319999 73.518564379750003  
-6.4609199566240001 -5.3963504386360004 73.967542190904993  -6.3992041679670004 -6.228235216491 73.629278489618997  
-3.8442943865950001 -6.921648113102 74.075980011187994  -3.506636153384 -7.6302094165919998 73.736430136134999  
1.590056988575 -7.7562575192879999 74.282219489016001  2.3077286952780001 -8.0740932074299998 73.942669613966999  
4.552288708152 -7.0877354497149998 74.385512614272997  5.3841323989059999 -7.1277916607299998 74.047248912965998  
7.273438893422 -5.155439105608 74.488170640771003  8.1008858749950008 -4.8672439595180004 74.152592300625997  
9.1179810255820009 -2.0239845697429999 74.589276453037996  9.7934751931229993 -1.4162786383129999 74.257885271480006  
9.4670287357559992 1.8295184404639999 74.687817312592998  9.8534116690189997 2.669821191684 74.362200796262002  
7.963224896901 5.600356526393 74.782709629750997  7.9755399535310003 6.5135762524840004 74.464516764107998  
4.9132883345330001 8.1167698614399999 74.872837722507995  4.5886547105600002 8.9206035390109992 74.563747305587995  
1.3990287854029999 8.9966128453490004 74.957106166686003  0.843942775393 9.5905671465329991 74.658788709335994  
-1.8545298938229999 8.4544946491180006 75.034501588362005  -2.5258070720700001 8.8007288772009993 74.748577698575005  
-4.379313027956 6.933358478493 75.104149485809998  -5.0708271357149997 7.0456639044590004 74.832149160344002  
-6.043572857719 4.9037653983010001 75.165356335268996  -6.6899381860479998 4.8204616733660002 74.908683006762999  
-7.7621278331259997 0.56662109945000005 75.269909475676997  -8.2436687517439999 0.18452422347 75.046386765785002  
-7.8164720832030001 -1.7408261273229999 75.313255766929004  -8.1783522424400008 -2.2261130820180002 75.107556678576998  
-7.123510698894 -3.817175115635 75.347182545210003  -7.3567021087539999 -4.3517682080910003 75.160400271295998  
-5.9327322129970002 -5.3886126944130002 75.371404881822997  -6.0547475697230002 -5.9281333209950002 75.204448933625997  
-4.592514991432 -6.3926109674739999 75.385865423785006  -4.6336887025499998 -6.914850245267 75.239440482945994  
-3.336053437401 -6.9653993688879998 75.390739018774994  -3.3231706289940002 -7.4647648115959999 75.265333758249994  
-2.2600770668810002 -7.2575784976350004 75.386414388280002  -2.2142057877400001 -7.7361507198270001 75.282301748584999  
-1.395926342671 -7.3775956194500001 75.373455079118003  -1.3345423600220001 -7.8407080139209997 75.290703068759996  
-0.75089337745999996 -7.4175502424569997 75.352550662086003  -0.68767006888600002 -7.871739684394 75.291040919470007  
-0.31178876252799997 -7.4242987670040002 75.324469386863996  -0.25903637554100001 -7.8747741349259996 75.283920299616994  
-0.066673863528870003 -7.4249999999999998 75.290016336530002  -0.035357351871280002 -7.875 75.270008168261  
-1.8651746813700001e-14 -7.4249999999999998 75.25  -1.998401444325e-14 -7.875 75.25  

0 13
0.78539816339699997 11
1.570796326795 11
2.3561944901919998 11
3.1415926535900001 13

0 2
1 2

9 0 0 0 0 12 1 24 2 3 2 -8.5973302869500006e-15 -7.4249999999999998 75.25  -2.5550591160019999e-14 -7.875 75.25  
-3.8877209088189999 -7.4249999999989997 75.104166666680001  -4.1233403578379999 -7.8749999999989999 75.104166666680001  
-7.775361722745 -5.2043268243479996 74.958333333276997  -8.2465957665479994 -5.5197405712779997 74.958333333276997  
-10.268460769440001 -0.76312590085700005 74.812500000137007  -10.890791725170001 -0.80937595545600005 74.812500000137007  
-9.9675555086640006 4.9254042223430003 74.666666666433997  -10.571649781910001 5.223913569154 74.666666666433997  
-6.2564673602059999 9.9093174159650008 74.520833333629994  -6.6356472002129996 10.509882107838999 74.520833333629994  
3.006306315001e-11 11.965462290973001 74.374999999709004  2.6936675112669999e-11 12.690641823762 74.374999999709004  
6.2564673601519996 9.9093174159620006 74.229166666891004  6.6356472001649998 10.509882107836001 74.229166666891004  
9.9675555087010004 4.9254042223469998 74.083333333195995  10.571649781953001 5.2239135691570002 74.083333333195995  
10.268460769428 -0.76312590085999998 73.937500000065  10.890791725153001 -0.80937595545899998 73.937500000065  
7.7753617227529999 -5.2043268243469996 73.791666666644005  8.246595766555 -5.5197405712769996 73.791666666644005  
3.8877209088170002 -7.4249999999989997 73.645833333338004  4.1233403578359997 -7.8749999999989999 73.645833333338004  
-3.8877209088170002 -7.4250000000009999 73.354166666661996  -4.1233403578359997 -7.875 73.354166666661996  
-7.7753617227509997 -5.204326824342 73.208333333352996  -8.246595766554 -5.519740571272 73.208333333352996  
-10.26846076943 -0.76312590087300003 73.062499999953999  -10.890791725150001 -0.80937595546999996 73.062499999953999  
-9.9675555086889993 4.9254042223720003 72.916666666742998  -10.57164978194 5.2239135691790004 72.916666666742998  
-6.2564673601719996 9.9093174159250008 72.770833333238002  -6.6356472001839997 10.509882107805 72.770833333238002  
-4.220332140217e-12 11.965462291015999 72.625000000091006  -3.28656832505e-12 12.690641823798 72.625000000091006  
6.2564673601800003 9.9093174159250008 72.479166666601998  6.6356472001900002 10.509882107806 72.479166666601998  
9.9675555086830006 4.9254042223720003 72.333333333368003  10.571649781938 5.2239135691770002 72.333333333368003  
10.268460769437 -0.76312590087400001 72.187499999986997  10.89079172516 -0.80937595546899999 72.187499999986997  
7.7753617227490004 -5.204326824342 72.041666666669997  8.2465957665529999 -5.5197405712730001 72.041666666669997  
3.8877209088170002 -7.4249999999999998 71.895833333333002  4.1233403578369998 -7.875 71.895833333333002  
-5.851547409328e-15 -7.4249999999999998 71.75  -1.7531497082210001e-15 -7.875 71.75  

-0 13
6.5223398872149998 11
13.04467977443 13

0 2
1 2

2 0 0 70 0 0 1 1 0 -0 -0 1 0 7.5
2 0 0 70 0 0 1 1 0 -0 -0 1 0 7.875
1 7.3560104726199997e-15 -2.101717277891e-15 70 0 0 1 1 0 -0 -0 1 0 
5 0 -30.416666666659999 67.5 0 0 1 0.55045871559614645 0.83486238532122214 -0 -0.83486238532122214 0.55045871559614645 0 42.916666666666998 2.5
2 -22.5 0 67.5 0 -1 -0 -1 -0 0 -0 0 -1 2.5
5 0 30.416666666666998 67.5 0 0 1 -0.55045871559614645 -0.83486238532122214 0 0.83486238532122214 -0.55045871559614645 0 42.916666666666998 2.5
2 22.5 0 67.5 -0 1 0 1 0 -0 -0 0 -1 2.5
4 22.5 6.1290619179129999 67.5 -0 -0 -1 0.52427184465987431 0.85155095731079578 -0 0.85155095731079578 -0.52427184465987431 0 2.5
2 0 -30.416666666659999 0 -0 -0 -1 -0.55045871559614645 0.83486238532122214 0 0.83486238532122214 0.55045871559614645 -0 45.416666666666998
4 -22.5 6.1290619179129999 67.5 -0 -0 -1 -0.52427184465987431 0.85155095731079578 0 0.85155095731079578 0.52427184465987431 -0 2.5
4 -22.5 -6.1290619179129999 67.5 -0 -0 -1 -1 0 0 0 1 -0 2.5
1 -25 0 0 1 0 -0 0 -1 0 0 -0 -1 
2 0 30.416666666666998 0 -0 -0 -1 -0.55045871559614645 -0.83486238532122214 0 -0.83486238532122214 0.55045871559614645 0 45.416666666666998
4 22.5 -6.1290619179129999 67.5 -0 -0 -1 0.52427184465987431 -0.85155095731079578 0 -0.85155095731079578 -0.52427184465987431 0 2.5
1 25 0 0 -1 -0 0 -0 1 0 -0 0 -1 
2 22.5 6.1290619179129999 0 0 0 1 1 0 -0 -0 1 0 2.5
5 0 -30.416666666659999 2.5 -0 -0 -1 0.55045871559614645 0.83486238532122214 -0 0.83486238532122214 -0.55045871559614645 0 42.916666666666998 2.5
2 -22.5 6.1290619179129999 0 0 0 1 -0.52427184465987431 0.85155095731079578 0 -0.85155095731079578 -0.52427184465987431 0 2.5
2 -22.5 0 2.5 0 -1 -0 -1 -0 0 -0 0 -1 2.5
2 -22.5 -6.1290619179129999 0 0 0 1 -1 0 0 0 -1 0 2.5
5 0 30.416666666666998 2.5 -0 -0 -1 -0.55045871559614645 -0.83486238532122214 0 -0.83486238532122214 0.55045871559614645 0 42.916666666666998 2.5
2 22.5 -6.1290619179129999 0 0 0 1 0.52427184465987431 -0.85155095731079578 0 0.85155095731079578 0.52427184465987431 -0 2.5
2 22.5 0 2.5 -0 1 0 1 0 -0 -0 0 -1 2.5
4 22.5 6.1290619179129999 2.5 0 0 1 0.52427184465987431 0.85155095731079578 -0 -0.85155095731079578 0.52427184465987431 0 2.5
1 7.3560104726199997e-15 -2.101717277891e-15 0 0 0 1 1 0 -0 -0 1 0 
4 -22.5 6.1290619179129999 2.5 0 0 1 -0.52427184465987431 0.85155095731079578 0 -0.85155095731079578 -0.52427184465987431 0 2.5
4 -22.5 -6.1290619179129999 2.5 0 0 1 -1 0 0 0 -1 0 2.5
4 22.5 -6.1290619179129999 2.5 0 0 1 0.52427184465987431 -0.85155095731079578 0 0.85155095731079578 0.52427184465987431 -0 2.5
Triangulations 60
14 12 1 0 0.00684533060403106
-24.4 -6.129061917913 2.5 -24.4 -6.129061917913 67.5 -24.3726680023793 -6.45017646580028 2.5 -24.2914583654054 -6.76205237994142 2.5 -24.1587075328727 -7.05571682692244 2.5 -23.9782348157695 -7.32272092677895 2.5 -23.7552325087005 -7.55538283169831 2.5 -23.49611650485 -7.747008736803 2.5 -23.49611650485 -7.747008736803 67.5 -24.3726680023793 -6.45017646580028 67.5 -24.2914583654054 -6.76205237994142 67.5 -24.1587075328727 -7.05571682692244 67.5 -23.9782348157695 -7.32272092677895 67.5 -23.7552325087005 -7.55538283169831 67.5 0 2.5 0 67.5 0.169822755349406 2.5 0.339645510698812 2.5 0.509468266048218 2.5 0.679291021397623 2.5 0.849113776747029 2.5 1.018936532095 2.5 1.01893653209644 67.5 0.169822755349406 67.5 0.339645510698812 67.5 0.509468266048218 67.5 0.679291021397623 67.5 0.849113776747029 67.5 10 2 1 10 1 3 11 3 4 11 10 3 12 4 5 12 11 4 13 5 6 13 6 7 13 12 5 14 7 8 14 13 7 9 14 8 
4 2 1 0 3.5527136788005e-15
-24.4 6.129061917913 2.5 -24.4 -6.129061917913 2.5 -24.4 6.129061917913 67.5 -24.4 -6.129061917913 67.5 -6.129061917913 -2.5 6.129061917913 -2.5 -6.129061917913 -67.5 6.129061917913 -67.5 2 1 3 2 3 4 
52 77 1 0 0.0232637284369706
-22.5 -6.129061917913 0.6 -22.8299315375672 -6.129061917913 0.628865269276805 -23.1498382723188 -6.129061917913 0.714584020506774 -23.45 -6.129061917913 0.854551732809566 -23.7212964584044 -6.129061917913 1.04451555807394 -23.9554844419261 -6.129061917913 1.27870354159557 -24.1454482671904 -6.129061917913 1.55 -24.2854159794932 -6.129061917913 1.85016172768123 -24.3711347307232 -6.129061917913 2.17006846243283 -24.4 -6.129061917913 2.5 -22.5 -6.129061917913 0.6 -22.6729738158118 -6.41001543457534 0.628865269276805 -22.8406919097591 -6.68243232080324 0.714584020506774 -22.9980582524269 -6.93803532735826 0.854551732809566 -23.1402913471243 -7.16905808622757 1.04451555807394 -23.2630695132423 -7.3684810877861 1.27870354159557 -23.3626621983323 -7.5302449650444 1.55 -23.4360433290541 -7.64943460444845 1.85016172768123 -23.4809832568834 -7.72242848911781 2.17006846243283 -23.49611650485 -7.747008736803 2.5 -24.3726680023793 -6.45017646580028 2.5 -24.2914583654054 -6.76205237994142 2.5 -24.1587075328727 -7.05571682692244 2.5 -23.9782348157695 -7.32272092677895 2.5 -23.7552325087005 -7.55538283169831 2.5 -22.9205969041189 -6.17206700693425 0.647636966854535 -22.9031901892692 -6.2562973874691 0.647636966854535 -22.8690971493752 -6.33526203372099 0.647636966854535 -23.3073203339705 -6.29589952159615 0.788159150985404 -22.8197287501809 -6.4056929352337 0.647636966854535 -23.2568500127761 -6.45583242730109 0.788159150985404 -23.6784863372134 -6.24955949967329 1.01452018331074 -22.7571281395054 -6.46467525690688 0.647636966854535 -23.1750568924186 -6.60224169309691 0.788159150985404 -23.6297138060198 -6.48556778139507 1.01452018331074 -23.065326041853 -6.72906806292133 0.788159150985404 -23.5341872310124 -6.70682180352272 1.01452018331074 -23.954740974664 -6.42969289174092 1.31536937646841 -23.3958600503536 -6.90416480423796 1.01452018331074 -23.8637965983657 -6.71788202972757 1.31536937646841 -24.2029620980364 -6.30318596853884 1.67562089567664 -23.2204570370175 -7.0694295970794 1.01452018331074 -23.7164104882643 -6.98170241063653 1.31536937646841 -24.1324837484575 -6.64422781680094 1.67562089567664 -23.5186823278482 -7.2102356323183 1.31536937646841 -23.9944438480735 -6.96394914221946 1.67562089567664 -24.3140323240981 -6.50394261052214 2.077210225483 -23.7945552805513 -7.24911804059249 1.67562089567664 -24.2006265417813 -6.86330858760441 2.077210225483 -23.5410905825226 -7.48793258554028 1.67562089567664 -24.0168390686135 -7.19228722164285 2.077210225483 -23.7702760854941 -7.47726348785186 2.077210225483 0 -1.5707963267949 0 -1.39626340159546 0 -1.22173047639603 0 -1.0471975511966 0 -0.872664625997166 0 -0.698131700797733 0 -0.5235987755983 0 -0.349065850398867 0 -0.174532925199435 0 0 1.01893653209489 -1.5707963267949 1.01893653209489 -1.39626340159546 1.01893653209489 -1.22173047639603 1.01893653209489 -1.0471975511966 1.01893653209489 -0.872664625997166 1.01893653209489 -0.698131700797733 1.01893653209489 -0.5235987755983 1.01893653209489 -0.349065850398867 1.01893653209489 -0.174532925199434 1.01893653209644 0 0.169822755349406 0 0.339645510698812 0 0.509468266048218 0 0.679291021397623 0 0.849113776747029 0 0.101893653209644 -1.34639685153848 0.305680959628931 -1.34639685153848 0.509468266048218 -1.34639685153848 0.203787306419287 -1.12199737628207 0.713255572467505 -1.34639685153848 0.407574612838574 -1.12199737628207 0.101893653209644 -0.897597901025655 0.917042878886792 -1.34639685153848 0.611361919257861 -1.12199737628207 0.305680959628931 -0.897597901025655 0.815149225677148 -1.12199737628207 0.509468266048218 -0.897597901025655 0.203787306419287 -0.673198425769241 0.713255572467505 -0.897597901025655 0.407574612838574 -0.673198425769241 0.101893653209644 -0.448798950512828 0.917042878886792 -0.897597901025655 0.611361919257861 -0.673198425769241 0.305680959628931 -0.448798950512828 0.815149225677148 -0.673198425769241 0.509468266048218 -0.448798950512828 0.203787306419287 -0.224399475256414 0.713255572467505 -0.448798950512828 0.407574612838574 -0.224399475256414 0.917042878886792 -0.448798950512828 0.611361919257861 -0.224399475256414 0.815149225677148 -0.224399475256414 21 10 9 20 25 19 26 3 2 27 2 1 27 26 2 27 3 26 28 1 11 28 27 1 29 4 3 29 3 27 30 11 12 30 28 11 31 29 27 31 27 28 32 5 4 32 6 5 32 4 29 33 12 13 33 13 30 33 30 12 34 28 30 34 31 28 35 29 31 35 32 29 36 13 14 36 34 30 36 30 13 37 35 31 37 31 34 38 7 6 38 6 32 38 32 35 39 34 36 39 37 34 40 35 37 40 38 35 41 8 7 41 7 38 42 14 15 42 15 16 42 36 14 42 39 36 43 37 39 43 40 37 44 38 40 44 8 41 44 41 38 45 16 17 45 43 39 45 42 16 45 39 42 46 44 40 46 40 43 47 9 8 47 22 21 47 21 9 47 8 44 48 46 43 48 43 45 49 47 44 49 23 22 49 22 47 49 44 46 50 18 48 50 17 18 50 45 17 50 48 45 51 23 49 51 49 46 51 24 23 51 46 48 52 51 48 52 48 18 52 18 19 52 24 51 52 25 24 52 19 25 
16 14 1 0 0.139202179696316
-23.49611650485 -7.747008736803 2.5 -17.2121251055552 -10.9629945265069 2.5 -10.5011060788111 -13.1523634147188 2.5 -3.52955778058468 -14.2607978203051 2.5 3.52955778058807 -14.2607978203049 2.5 10.5011060788144 -13.152363414718 2.5 17.2121251055583 -10.9629945265055 2.5 23.496116504854 -7.747008736803 2.5 23.496116504854 -7.747008736803 67.5 -23.49611650485 -7.747008736803 67.5 -17.2121251055552 -10.9629945265069 67.5 -10.5011060788111 -13.1523634147188 67.5 -3.52955778058468 -14.2607978203051 67.5 3.52955778058807 -14.2607978203049 67.5 10.5011060788144 -13.152363414718 67.5 17.2121251055583 -10.9629945265055 67.5 6.25213151292424 -2.5 6.09445728586713 -2.5 5.93678305880989 -2.5 5.77910883175265 -2.5 5.62143460469541 -2.5 5.46376037763818 -2.5 5.30608615058094 -2.5 5.14841192352359 -2.5 5.1484119235237 -67.5 6.25213151292424 -67.5 6.09445728586713 -67.5 5.93678305880989 -67.5 5.77910883175265 -67.5 5.62143460469541 -67.5 5.46376037763818 -67.5 5.30608615058094 -67.5 7 8 9 7 9 16 6 15 14 6 16 15 6 7 16 5 6 14 4 14 13 4 5 14 3 12 11 3 13 12 3 4 13 2 3 11 1 11 10 1 2 11 
52 77 1 0 0.0232637284369066
-24.4 -6.129061917913 67.5 -24.3726680023793 -6.45017646580028 67.5 -24.2914583654054 -6.76205237994142 67.5 -24.1587075328727 -7.05571682692244 67.5 -23.9782348157695 -7.32272092677895 67.5 -23.7552325087005 -7.55538283169831 67.5 -23.49611650485 -7.747008736803 67.5 -22.5 -6.129061917913 69.4 -22.6729738158118 -6.41001543457534 69.3711347307232 -22.8406919097591 -6.68243232080324 69.2854159794932 -22.9980582524269 -6.93803532735826 69.1454482671904 -23.1402913471243 -7.16905808622757 68.9554844419261 -23.2630695132423 -7.3684810877861 68.7212964584044 -23.3626621983323 -7.5302449650444 68.45 -23.4360433290541 -7.64943460444845 68.1498382723188 -23.4809832568834 -7.72242848911781 67.8299315375672 -22.5 -6.129061917913 69.4 -22.8299315375672 -6.129061917913 69.3711347307232 -23.1498382723188 -6.129061917913 69.2854159794932 -23.45 -6.129061917913 69.1454482671904 -23.7212964584044 -6.129061917913 68.9554844419261 -23.9554844419261 -6.129061917913 68.7212964584044 -24.1454482671904 -6.129061917913 68.45 -24.2854159794932 -6.129061917913 68.1498382723188 -24.3711347307232 -6.129061917913 67.8299315375672 -22.7571281395059 -6.46467525690652 69.3523630331455 -22.8197287501812 -6.40569293523336 69.3523630331455 -22.8690971493754 -6.3352620337207 69.3523630331455 -23.0653260418538 -6.72906806292063 69.2118408490146 -22.9031901892693 -6.25629738746891 69.3523630331455 -23.1750568924191 -6.60224169309628 69.2118408490146 -23.2204570370188 -7.0694295970784 68.9854798166893 -22.9205969041189 -6.17206700693418 69.3523630331455 -23.2568500127763 -6.45583242730062 69.2118408490146 -23.3958600503544 -6.90416480423699 68.9854798166893 -23.3073203339706 -6.2958995215959 69.2118408490146 -23.5341872310128 -6.70682180352192 68.9854798166893 -23.5186823278495 -7.21023563231704 68.6846306235316 -23.62971380602 -6.48556778139455 68.9854798166893 -23.7164104882651 -6.98170241063541 68.6846306235316 -23.5410905825245 -7.48793258553883 68.3243791043234 -23.6784863372135 -6.2495594996731 68.9854798166893 -23.8637965983661 -6.71788202972673 68.6846306235316 -23.7945552805525 -7.2491180405911 68.3243791043234 -23.9547409746641 -6.42969289174048 68.6846306235316 -23.9944438480742 -6.96394914221831 68.3243791043234 -23.7702760854958 -7.4772634878503 67.922789774517 -24.1324837484578 -6.64422781680019 68.3243791043234 -24.0168390686145 -7.19228722164145 67.922789774517 -24.2029620980365 -6.30318596853858 68.3243791043234 -24.2006265417817 -6.86330858760336 67.922789774517 -24.3140323240982 -6.50394261052158 67.922789774517 6.28318530717959 0 6.11336255183018 0 5.94353979648077 0 5.77371704113137 0 5.60389428578196 0 5.43407153043256 0 5.26424877508469 0 5.2642487750847 -1.5707963267949 5.26424877508469 -1.39626340159546 5.2642487750847 -1.22173047639603 5.2642487750847 -1.0471975511966 5.2642487750847 -0.872664625997165 5.2642487750847 -0.698131700797733 5.26424877508469 -0.523598775598302 5.26424877508469 -0.349065850398869 5.2642487750847 -0.174532925199433 6.28318530717959 -1.5707963267949 6.28318530717959 -1.39626340159546 6.28318530717959 -1.22173047639603 6.28318530717959 -1.0471975511966 6.28318530717959 -0.872664625997166 6.28318530717959 -0.698131700797733 6.28318530717959 -0.5235987755983 6.28318530717959 -0.349065850398867 6.28318530717959 -0.174532925199435 5.36614242829418 -1.34639685153848 5.56992973471316 -1.34639685153848 5.77371704113214 -1.34639685153848 5.46803608150367 -1.12199737628207 5.97750434755112 -1.34639685153848 5.67182338792265 -1.12199737628207 5.36614242829418 -0.897597901025655 6.1812916539701 -1.34639685153848 5.87561069434163 -1.12199737628207 5.56992973471316 -0.897597901025655 6.07939800076061 -1.12199737628207 5.77371704113214 -0.897597901025655 5.46803608150367 -0.673198425769241 5.97750434755112 -0.897597901025655 5.67182338792265 -0.673198425769241 5.36614242829418 -0.448798950512828 6.1812916539701 -0.897597901025655 5.87561069434163 -0.673198425769241 5.56992973471316 -0.448798950512828 6.07939800076061 -0.673198425769241 5.77371704113214 -0.448798950512828 5.46803608150367 -0.224399475256414 5.97750434755112 -0.448798950512828 5.67182338792265 -0.224399475256414 6.1812916539701 -0.448798950512828 5.87561069434163 -0.224399475256414 6.07939800076061 -0.224399475256414 6 7 16 1 2 25 26 10 9 27 9 8 27 10 26 27 26 9 28 8 17 28 27 8 29 11 10 29 10 27 30 17 18 30 28 17 31 29 27 31 27 28 32 12 11 32 13 12 32 11 29 33 18 19 33 19 30 33 30 18 34 28 30 34 31 28 35 29 31 35 32 29 36 19 20 36 34 30 36 30 19 37 31 34 37 35 31 38 14 13 38 13 32 38 32 35 39 34 36 39 37 34 40 35 37 40 38 35 41 15 14 41 14 38 42 20 21 42 21 22 42 36 20 42 39 36 43 37 39 43 40 37 44 15 41 44 38 40 44 41 38 45 22 23 45 43 39 45 42 22 45 39 42 46 44 40 46 40 43 47 5 6 47 16 15 47 6 16 47 15 44 48 43 45 48 46 43 49 44 46 49 4 5 49 47 44 49 5 47 50 48 45 50 23 24 50 45 23 50 24 48 51 3 4 51 49 46 51 46 48 51 4 49 52 2 3 52 3 51 52 51 48 52 24 25 52 48 24 52 25 2 
20 18 1 0 0.00723007362568514
-24.4 6.129061917913 2.5 -24.4 -6.129061917913 2.5 -22.5 6.129061917913 0.6 -22.8299315375672 6.129061917913 0.628865269276805 -23.1498382723188 6.129061917913 0.714584020506774 -23.45 6.129061917913 0.854551732809566 -23.7212964584044 6.129061917913 1.04451555807394 -23.9554844419261 6.129061917913 1.27870354159557 -24.1454482671904 6.129061917913 1.55 -24.2854159794932 6.129061917913 1.85016172768123 -24.3711347307232 6.129061917913 2.17006846243283 -22.5 -6.129061917913 0.6 -22.8299315375672 -6.129061917913 0.628865269276805 -23.1498382723188 -6.129061917913 0.714584020506774 -23.45 -6.129061917913 0.854551732809566 -23.7212964584044 -6.129061917913 1.04451555807394 -23.9554844419261 -6.129061917913 1.27870354159557 -24.1454482671904 -6.129061917913 1.55 -24.2854159794932 -6.129061917913 1.85016172768123 -24.3711347307232 -6.129061917913 2.17006846243283 4.13891143580258e-13 -6.129061917913 4.13891143580258e-13 6.129061917913 1.570796326795 -6.129061917913 1.39626340159588 -6.129061917913 1.22173047639644 -6.129061917913 1.04719755119701 -6.129061917913 0.872664625997579 -6.129061917913 0.698131700798147 -6.129061917913 0.523598775598714 -6.129061917913 0.349065850399281 -6.129061917913 0.174532925199848 -6.129061917913 1.57079632679531 6.129061917913 1.39626340159588 6.129061917913 1.22173047639644 6.129061917913 1.04719755119701 6.129061917913 0.872664625997579 6.129061917913 0.698131700798147 6.129061917913 0.523598775598714 6.129061917913 0.349065850399281 6.129061917913 0.174532925199848 6.129061917913 20 2 1 20 1 11 19 11 10 19 20 11 18 10 9 18 19 10 17 9 8 17 18 9 16 8 7 16 17 8 15 6 5 15 7 6 15 16 7 14 15 5 13 4 3 13 5 4 13 14 5 12 13 3 
14 12 1 0 0.00684533060413618
-23.49611650485 7.747008736803 2.5 -23.49611650485 7.747008736803 67.5 -23.7552325087024 7.55538283169669 2.5 -23.9782348157708 7.32272092677743 2.5 -24.1587075328734 7.05571682692116 2.5 -24.2914583654057 6.7620523799405 2.5 -24.3726680023793 6.4501764657998 2.5 -24.4 6.129061917913 2.5 -24.4 6.129061917913 67.5 -23.7552325087024 7.55538283169669 67.5 -23.9782348157708 7.32272092677743 67.5 -24.1587075328734 7.05571682692116 67.5 -24.2914583654057 6.7620523799405 67.5 -24.3726680023793 6.4501764657998 67.5 1.42108547152e-15 2.5 1.42108547152e-15 67.5 0.16982275534915 2.5 0.339645510698298 2.5 0.509468266047447 2.5 0.679291021396595 2.5 0.849113776745744 2.5 1.018936532095 2.5 1.01893653209489 67.5 0.16982275534915 67.5 0.339645510698298 67.5 0.509468266047447 67.5 0.679291021396595 67.5 0.849113776745744 67.5 10 2 1 10 1 3 11 3 4 11 10 3 12 4 5 12 5 6 12 11 4 13 12 6 14 6 7 14 13 6 9 7 8 9 14 7 
20 18 1 0 0.00723007362569315
-22.5 -6.129061917913 69.4 -22.8299315375672 -6.129061917913 69.3711347307232 -23.1498382723188 -6.129061917913 69.2854159794932 -23.45 -6.129061917913 69.1454482671904 -23.7212964584044 -6.129061917913 68.9554844419261 -23.9554844419261 -6.129061917913 68.7212964584044 -24.1454482671904 -6.129061917913 68.45 -24.2854159794932 -6.129061917913 68.1498382723188 -24.3711347307232 -6.129061917913 67.8299315375672 -24.4 -6.129061917913 67.5 -22.5 6.129061917913 69.4 -22.8299315375672 6.129061917913 69.3711347307232 -23.1498382723188 6.129061917913 69.2854159794932 -23.45 6.129061917913 69.1454482671904 -23.7212964584044 6.129061917913 68.9554844419261 -23.9554844419261 6.129061917913 68.7212964584044 -24.1454482671904 6.129061917913 68.45 -24.2854159794932 6.129061917913 68.1498382723188 -24.3711347307232 6.129061917913 67.8299315375672 -24.4 6.129061917913 67.5 4.71238898038459 6.129061917913 4.88692190558371 6.129061917913 5.06145483078314 6.129061917913 5.23598775598257 6.129061917913 5.41052068118201 6.129061917913 5.58505360638144 6.129061917913 5.75958653158087 6.129061917913 5.93411945678031 6.129061917913 6.10865238197974 6.129061917913 6.28318530717959 6.129061917913 4.71238898038428 -6.129061917913 4.88692190558371 -6.129061917913 5.06145483078314 -6.129061917913 5.23598775598257 -6.129061917913 5.41052068118201 -6.129061917913 5.58505360638144 -6.129061917913 5.75958653158087 -6.129061917913 5.93411945678031 -6.129061917913 6.10865238197974 -6.129061917913 6.28318530717959 -6.129061917913 1 11 12 2 1 12 3 12 13 3 13 14 3 2 12 4 3 14 5 14 15 5 4 14 6 15 16 6 16 17 6 5 15 7 6 17 8 17 18 8 7 17 9 18 19 9 8 18 10 19 20 10 9 19 
80 126 1 0 0.146365682507329
-22.5 -6.129061917913 0.6 -16.4824180538535 -9.20870617543774 0.6 -10.0559122919096 -11.3052568958346 0.6 -3.37992238193032 -12.3666992886892 0.6 3.37992238193031 -12.3666992886892 0.6 10.0559122919096 -11.3052568958346 0.6 16.4824180538535 -9.20870617543774 0.6 22.5 -6.129061917913 0.6 22.6729738158118 -6.41001543457534 0.628865269276805 22.8406919097591 -6.68243232080324 0.714584020506774 22.9980582524269 -6.93803532735826 0.854551732809566 23.1402913471243 -7.16905808622757 1.04451555807394 23.2630695132423 -7.3684810877861 1.27870354159557 23.3626621983323 -7.5302449650444 1.55 23.4360433290541 -7.64943460444845 1.85016172768123 23.4809832568834 -7.72242848911781 2.17006846243283 23.496116504854 -7.747008736803 2.5 -23.49611650485 -7.747008736803 2.5 -17.2121251055552 -10.9629945265069 2.5 -10.5011060788111 -13.1523634147188 2.5 -3.52955778058468 -14.2607978203051 2.5 3.52955778058807 -14.2607978203049 2.5 10.5011060788144 -13.152363414718 2.5 17.2121251055583 -10.9629945265055 2.5 -22.6729738158118 -6.41001543457534 0.628865269276805 -22.8406919097591 -6.68243232080324 0.714584020506774 -22.9980582524269 -6.93803532735826 0.854551732809566 -23.1402913471243 -7.16905808622757 1.04451555807394 -23.2630695132423 -7.3684810877861 1.27870354159557 -23.3626621983323 -7.5302449650444 1.55 -23.4360433290541 -7.64943460444845 1.85016172768123 -23.4809832568834 -7.72242848911781 2.17006846243283 17.2010392158001 -10.9363429445882 2.17006846243205 17.1681183856759 -10.8571979936666 1.85016172768049 17.1143628979504 -10.7279644530252 1.54999999999932 17.0414060859166 -10.5525690184011 1.27870354159497 16.9514647053901 -10.336340991321 1.04451555807344 16.8472715797058 -10.0858503509709 0.854551732809173 16.7319925642632 -9.80870812870373 0.714584020506505 16.6091303536127 -9.51333515070218 0.628865269276668 10.4943425848463 -13.1243017162702 2.17006846243205 10.4742576082838 -13.0409692614346 1.85016172768049 10.4414614209762 -12.904898064683 1.54999999999932 10.3969505184792 -12.7202225804735 1.27870354159497 10.3420773420416 -12.4925540799434 1.04451555807344 10.2785091853623 -12.2288101552755 0.854551732809173 10.2081775347149 -11.93700453216 0.714584020506505 10.1332193817148 -11.6260035767945 0.628865269276668 3.52728448265358 -14.2320222075932 2.17006846243205 3.52053366185745 -14.1465697018896 1.85016172768049 3.50951043847352 -14.0070367343388 1.54999999999932 3.49454974756629 -13.8176629435527 1.27870354159497 3.47610616215849 -13.5842023563366 1.04451555807344 3.45474008125985 -13.3137485544963 0.854551732809173 3.4311007024267 -13.0145191399445 0.714584020506505 3.40590629622279 -12.695606047025 0.628865269276668 -3.52728448265014 -14.2320222075935 2.17006846243205 -3.52053366185402 -14.1465697018898 1.85016172768049 -3.50951043847009 -14.007036734339 1.54999999999932 -3.49454974756287 -13.8176629435529 1.27870354159497 -3.4761061621551 -13.5842023563368 1.04451555807344 -3.45474008125647 -13.3137485544966 0.854551732809173 -3.43110070242335 -13.0145191399448 0.714584020506505 -3.40590629621946 -12.6956060470253 0.628865269276668 -10.494342584843 -13.124301716271 2.17006846243205 -10.4742576082805 -13.0409692614354 1.85016172768049 -10.4414614209729 -12.9048980646838 1.54999999999932 -10.3969505184759 -12.7202225804743 1.27870354159497 -10.3420773420383 -12.4925540799442 1.04451555807344 -10.278509185359 -12.2288101552763 0.854551732809173 -10.2081775347116 -11.9370045321608 0.714584020506505 -10.1332193817116 -11.6260035767953 0.628865269276668 -17.2010392157969 -10.9363429445895 2.17006846243205 -17.1681183856727 -10.8571979936679 1.85016172768049 -17.1143628979473 -10.7279644530265 1.54999999999932 -17.0414060859135 -10.5525690184024 1.27870354159497 -16.951464705387 -10.3363409913222 1.04451555807344 -16.8472715797027 -10.0858503509722 0.854551732809173 -16.7319925642602 -9.80870812870501 0.714584020506505 -16.6091303536096 -9.51333515070344 0.628865269276668 6.25213151292424 1.57079632679531 6.0944572858672 1.570796326795 5.93678305880995 1.570796326795 5.7791088317527 1.570796326795 5.62143460469545 1.570796326795 5.4637603776382 1.570796326795 5.30608615058094 1.570796326795 5.14841192352359 1.57079632679531 5.14841192352359 1.39626340159588 5.14841192352359 1.22173047639644 5.14841192352359 1.04719755119701 5.14841192352359 0.872664625997579 5.14841192352359 0.698131700798147 5.14841192352359 0.523598775598714 5.14841192352359 0.349065850399281 5.14841192352359 0.174532925199848 5.1484119235237 0 6.25213151292424 4.13891143580258e-13 6.09445728586713 0 5.93678305880989 0 5.77910883175265 0 5.62143460469541 0 5.46376037763818 0 5.30608615058094 0 6.25213151292424 1.39626340159588 6.25213151292424 1.22173047639644 6.25213151292424 1.04719755119701 6.25213151292424 0.872664625997579 6.25213151292424 0.698131700798147 6.25213151292424 0.523598775598714 6.25213151292424 0.349065850399281 6.25213151292424 0.174532925199848 5.30608615058094 0.174532925199848 5.30608615058094 0.349065850399281 5.30608615058094 0.523598775598714 5.30608615058094 0.698131700798147 5.30608615058094 0.872664625997579 5.30608615058094 1.04719755119701 5.30608615058094 1.22173047639644 5.30608615058094 1.39626340159588 5.46376037763818 0.174532925199848 5.46376037763818 0.349065850399281 5.46376037763818 0.523598775598714 5.46376037763818 0.698131700798147 5.46376037763818 0.872664625997579 5.46376037763818 1.04719755119701 5.46376037763818 1.22173047639644 5.46376037763818 1.39626340159588 5.62143460469541 0.174532925199848 5.62143460469541 0.349065850399281 5.62143460469541 0.523598775598714 5.62143460469541 0.698131700798147 5.62143460469541 0.872664625997579 5.62143460469541 1.04719755119701 5.62143460469541 1.22173047639644 5.62143460469541 1.39626340159588 5.77910883175265 0.174532925199848 5.77910883175265 0.349065850399281 5.77910883175265 0.523598775598714 5.77910883175265 0.698131700798147 5.77910883175265 0.872664625997579 5.77910883175265 1.04719755119701 5.77910883175265 1.22173047639644 5.77910883175265 1.39626340159588 5.93678305880989 0.174532925199848 5.93678305880989 0.349065850399281 5.93678305880989 0.523598775598714 5.93678305880989 0.698131700798147 5.93678305880989 0.872664625997579 5.93678305880989 1.04719755119701 5.93678305880989 1.22173047639644 5.93678305880989 1.39626340159588 6.09445728586713 0.174532925199848 6.09445728586713 0.349065850399281 6.09445728586713 0.523598775598714 6.09445728586713 0.698131700798147 6.09445728586713 0.872664625997579 6.09445728586713 1.04719755119701 6.09445728586713 1.22173047639644 6.09445728586713 1.39626340159588 1 2 25 33 16 17 33 17 24 34 15 16 34 16 33 35 14 15 35 15 34 36 13 14 36 14 35 37 12 13 37 13 36 38 11 12 38 12 37 39 10 11 39 11 38 40 7 8 40 8 9 40 9 10 40 10 39 41 24 23 41 33 24 42 34 33 42 33 41 43 34 42 43 35 34 44 35 43 44 36 35 45 36 44 45 37 36 46 38 37 46 37 45 47 38 46 47 39 38 48 39 47 48 6 7 48 40 39 48 7 40 49 23 22 49 41 23 49 42 41 50 42 49 51 43 42 51 42 50 52 43 51 52 44 43 53 44 52 53 45 44 54 46 45 54 45 53 55 46 54 55 47 46 56 6 48 56 5 6 56 48 47 56 47 55 57 22 21 57 49 22 58 49 57 58 50 49 59 51 50 59 50 58 60 52 51 60 51 59 61 53 52 61 52 60 62 54 53 62 55 54 62 53 61 63 55 62 64 4 5 64 5 56 64 56 55 64 55 63 65 21 20 65 58 57 65 57 21 66 58 65 67 60 59 67 59 58 67 58 66 68 61 60 68 60 67 69 62 61 69 61 68 70 62 69 71 63 62 71 64 63 71 62 70 72 3 4 72 4 64 72 64 71 73 19 18 73 20 19 73 18 32 73 65 20 74 32 31 74 66 65 74 65 73 74 73 32 75 30 29 75 31 30 75 66 74 75 67 66 75 74 31 76 68 67 76 67 75 76 75 29 77 28 27 77 29 28 77 76 29 77 69 68 77 70 69 77 68 76 78 77 27 78 70 77 79 27 26 79 71 70 79 78 27 79 70 78 80 2 3 80 26 25 80 3 72 80 72 71 80 79 26 80 25 2 80 71 79 
80 126 1 0 0.146365682506155
-22.5 -6.129061917913 69.4 -22.6729738158118 -6.41001543457534 69.3711347307232 -22.8406919097591 -6.68243232080324 69.2854159794932 -22.9980582524269 -6.93803532735826 69.1454482671904 -23.1402913471243 -7.16905808622757 68.9554844419261 -23.2630695132423 -7.3684810877861 68.7212964584044 -23.3626621983323 -7.5302449650444 68.45 -23.4360433290541 -7.64943460444845 68.1498382723188 -23.4809832568834 -7.72242848911781 67.8299315375672 -23.49611650485 -7.747008736803 67.5 -17.2121251055552 -10.9629945265069 67.5 -10.5011060788111 -13.1523634147188 67.5 -3.52955778058468 -14.2607978203051 67.5 3.52955778058807 -14.2607978203049 67.5 10.5011060788144 -13.152363414718 67.5 17.2121251055583 -10.9629945265055 67.5 23.496116504854 -7.747008736803 67.5 22.5 -6.129061917913 69.4 22.6729738158118 -6.41001543457534 69.3711347307232 22.8406919097591 -6.68243232080324 69.2854159794932 22.9980582524269 -6.93803532735826 69.1454482671904 23.1402913471243 -7.16905808622757 68.9554844419261 23.2630695132423 -7.3684810877861 68.7212964584044 23.3626621983323 -7.5302449650444 68.45 23.4360433290541 -7.64943460444845 68.1498382723188 23.4809832568834 -7.72242848911781 67.8299315375672 -16.4824180538535 -9.20870617543774 69.4 -10.0559122919096 -11.3052568958346 69.4 -3.37992238193032 -12.3666992886892 69.4 3.37992238193031 -12.3666992886892 69.4 10.0559122919096 -11.3052568958346 69.4 16.4824180538535 -9.20870617543774 69.4 -17.2010392157998 -10.9363429445883 67.8299315375679 -17.1681183856756 -10.8571979936667 68.1498382723195 -17.1143628979501 -10.7279644530253 68.4500000000007 -17.0414060859163 -10.5525690184012 68.721296458405 -16.9514647053898 -10.3363409913211 68.9554844419266 -16.8472715797055 -10.0858503509711 69.1454482671908 -16.7319925642629 -9.80870812870386 69.2854159794935 -16.6091303536124 -9.5133351507023 69.3711347307233 -10.4943425848455 -13.1243017162704 67.8299315375679 -10.4742576082829 -13.0409692614348 68.1498382723195 -10.4414614209753 -12.9048980646832 68.4500000000007 -10.3969505184784 -12.7202225804737 68.721296458405 -10.3420773420408 -12.4925540799436 68.9554844419266 -10.2785091853614 -12.2288101552757 69.1454482671908 -10.208177534714 -11.9370045321602 69.2854159794935 -10.1332193817139 -11.6260035767947 69.3711347307233 -3.52728448265214 -14.2320222075933 67.8299315375679 -3.52053366185601 -14.1465697018897 68.1498382723195 -3.50951043847209 -14.0070367343389 68.4500000000007 -3.49454974756486 -13.8176629435528 68.721296458405 -3.47610616215707 -13.5842023563367 68.9554844419266 -3.45474008125844 -13.3137485544964 69.1454482671908 -3.4311007024253 -13.0145191399446 69.2854159794935 -3.4059062962214 -12.6956060470251 69.3711347307233 3.52728448265213 -14.2320222075933 67.8299315375679 3.52053366185601 -14.1465697018897 68.1498382723195 3.50951043847208 -14.0070367343389 68.4500000000007 3.49454974756485 -13.8176629435528 68.721296458405 3.47610616215707 -13.5842023563367 68.9554844419266 3.45474008125844 -13.3137485544964 69.1454482671908 3.43110070242529 -13.0145191399446 69.2854159794935 3.4059062962214 -12.6956060470251 69.3711347307233 10.4943425848455 -13.1243017162704 67.8299315375679 10.4742576082829 -13.0409692614348 68.1498382723195 10.4414614209753 -12.9048980646832 68.4500000000007 10.3969505184784 -12.7202225804737 68.721296458405 10.3420773420408 -12.4925540799436 68.9554844419266 10.2785091853614 -12.2288101552757 69.1454482671908 10.208177534714 -11.9370045321602 69.2854159794935 10.1332193817139 -11.6260035767947 69.3711347307233 17.2010392157997 -10.9363429445883 67.8299315375679 17.1681183856756 -10.8571979936667 68.1498382723195 17.1143628979501 -10.7279644530253 68.4500000000007 17.0414060859163 -10.5525690184012 68.721296458405 16.9514647053898 -10.3363409913211 68.9554844419266 16.8472715797055 -10.0858503509711 69.1454482671908 16.7319925642629 -9.80870812870386 69.2854159794935 16.6091303536124 -9.5133351507023 69.3711347307233 0.0310537942551343 1.570796326795 0.03105379425535 1.39626340159588 0.03105379425535 1.22173047639644 0.03105379425535 1.04719755119701 0.03105379425535 0.872664625997579 0.03105379425535 0.698131700798147 0.03105379425535 0.523598775598714 0.03105379425535 0.349065850399281 0.03105379425535 0.174532925199848 0.0310537942552155 0 0.188728021312455 0 0.346402248369693 0 0.504076475426932 0 0.661750702484171 0 0.81942492954141 0 0.97709915659865 0 1.134773383656 4.13891143580258e-13 1.13477338365589 1.570796326795 1.134773383656 1.39626340159588 1.134773383656 1.22173047639644 1.134773383656 1.04719755119701 1.134773383656 0.872664625997579 1.134773383656 0.698131700798147 1.134773383656 0.523598775598714 1.134773383656 0.349065850399281 1.134773383656 0.174532925199848 0.188728021312386 1.570796326795 0.346402248369637 1.570796326795 0.504076475426888 1.570796326795 0.66175070248414 1.570796326795 0.819424929541391 1.570796326795 0.977099156598642 1.570796326795 0.188728021312386 0.174532925199848 0.188728021312386 0.349065850399281 0.188728021312386 0.523598775598714 0.188728021312386 0.698131700798147 0.188728021312386 0.872664625997579 0.188728021312386 1.04719755119701 0.188728021312386 1.22173047639644 0.188728021312386 1.39626340159588 0.346402248369637 0.174532925199848 0.346402248369637 0.349065850399281 0.346402248369637 0.523598775598714 0.346402248369637 0.698131700798147 0.346402248369637 0.872664625997579 0.346402248369637 1.04719755119701 0.346402248369637 1.22173047639644 0.346402248369637 1.39626340159588 0.504076475426888 0.174532925199848 0.504076475426888 0.349065850399281 0.504076475426888 0.523598775598714 0.504076475426888 0.698131700798147 0.504076475426888 0.872664625997579 0.504076475426888 1.04719755119701 0.504076475426888 1.22173047639644 0.504076475426888 1.39626340159588 0.66175070248414 0.174532925199848 0.66175070248414 0.349065850399281 0.66175070248414 0.523598775598714 0.66175070248414 0.698131700798147 0.66175070248414 0.872664625997579 0.66175070248414 1.04719755119701 0.66175070248414 1.22173047639644 0.66175070248414 1.39626340159588 0.819424929541391 0.174532925199848 0.819424929541391 0.349065850399281 0.819424929541391 0.523598775598714 0.819424929541391 0.698131700798147 0.819424929541391 0.872664625997579 0.819424929541391 1.04719755119701 0.819424929541391 1.22173047639644 0.819424929541391 1.39626340159588 0.977099156598642 0.174532925199848 0.977099156598642 0.349065850399281 0.977099156598642 0.523598775598714 0.977099156598642 0.698131700798147 0.977099156598642 0.872664625997579 0.977099156598642 1.04719755119701 0.977099156598642 1.22173047639644 0.977099156598642 1.39626340159588 11 9 10 27 1 2 26 16 17 33 9 11 34 8 9 34 9 33 35 7 8 35 8 34 36 6 7 36 7 35 37 5 6 37 6 36 38 4 5 38 5 37 39 3 4 39 4 38 40 2 3 40 3 39 40 27 2 41 11 12 41 33 11 42 33 41 42 34 33 43 34 42 43 36 35 43 35 34 44 36 43 45 37 36 45 36 44 46 38 37 46 37 45 47 38 46 47 39 38 48 39 47 48 28 27 48 27 40 48 40 39 49 12 13 49 41 12 50 42 41 50 41 49 51 42 50 51 44 43 51 43 42 52 44 51 53 44 52 53 45 44 54 46 45 54 45 53 55 48 47 55 46 54 55 47 46 56 48 55 56 29 28 56 30 29 56 28 48 57 13 14 57 49 13 58 49 57 58 50 49 59 51 50 59 50 58 60 52 51 60 51 59 61 52 60 61 53 52 62 53 61 62 54 53 63 55 54 63 54 62 64 56 55 64 30 56 64 55 63 65 14 15 65 57 14 65 58 57 66 58 65 67 59 58 67 60 59 67 58 66 68 60 67 69 61 60 69 60 68 70 62 61 70 61 69 71 63 62 71 62 70 72 31 30 72 63 71 72 30 64 72 64 63 73 15 16 73 65 15 73 16 26 74 26 25 74 66 65 74 65 73 74 73 26 75 24 23 75 25 24 75 67 66 75 66 74 75 74 25 76 68 67 76 69 68 76 75 23 76 67 75 77 22 21 77 23 22 77 76 23 77 69 76 78 70 69 78 71 70 78 77 21 78 69 77 79 21 20 79 78 21 79 71 78 80 19 18 80 20 19 80 32 31 80 18 32 80 31 72 80 72 71 80 79 20 80 71 79 
14 12 1 0 0.00684533060294547
23.496116504854 -7.747008736803 2.5 23.496116504854 -7.747008736803 67.5 23.7552325087024 -7.55538283169669 2.5 23.9782348157708 -7.32272092677743 2.5 24.1587075328734 -7.05571682692116 2.5 24.2914583654057 -6.7620523799405 2.5 24.3726680023793 -6.4501764657998 2.5 24.4 -6.129061917913 2.5 24.4 -6.129061917913 67.5 23.7552325087024 -7.55538283169669 67.5 23.9782348157708 -7.32272092677743 67.5 24.1587075328734 -7.05571682692116 67.5 24.2914583654057 -6.7620523799405 67.5 24.3726680023793 -6.4501764657998 67.5 0 2.5 0 67.5 0.169822755349148 2.5 0.339645510698297 2.5 0.509468266047445 2.5 0.679291021396594 2.5 0.849113776745742 2.5 1.018936532095 2.5 1.01893653209489 67.5 0.169822755349148 67.5 0.339645510698297 67.5 0.509468266047445 67.5 0.679291021396594 67.5 0.849113776745742 67.5 10 2 1 10 1 3 11 3 4 11 10 3 12 4 5 12 5 6 12 11 4 13 12 6 14 6 7 14 13 6 9 7 8 9 14 7 
52 77 1 0 0.0232637284369088
-22.5 6.129061917913 0.6 -22.6729738158118 6.41001543457534 0.628865269276805 -22.8406919097591 6.68243232080324 0.714584020506774 -22.9980582524269 6.93803532735826 0.854551732809566 -23.1402913471243 7.16905808622757 1.04451555807394 -23.2630695132423 7.3684810877861 1.27870354159557 -23.3626621983323 7.5302449650444 1.55 -23.4360433290541 7.64943460444845 1.85016172768123 -23.4809832568834 7.72242848911781 2.17006846243283 -23.49611650485 7.747008736803 2.5 -22.5 6.129061917913 0.6 -22.8299315375672 6.129061917913 0.628865269276805 -23.1498382723188 6.129061917913 0.714584020506774 -23.45 6.129061917913 0.854551732809566 -23.7212964584044 6.129061917913 1.04451555807394 -23.9554844419261 6.129061917913 1.27870354159557 -24.1454482671904 6.129061917913 1.55 -24.2854159794932 6.129061917913 1.85016172768123 -24.3711347307232 6.129061917913 2.17006846243283 -24.4 6.129061917913 2.5 -23.7552325087024 7.55538283169669 2.5 -23.9782348157708 7.32272092677743 2.5 -24.1587075328734 7.05571682692116 2.5 -24.2914583654057 6.7620523799405 2.5 -24.3726680023793 6.4501764657998 2.5 -22.7571281395059 6.46467525690652 0.647636966854535 -22.8197287501812 6.40569293523336 0.647636966854535 -22.8690971493754 6.3352620337207 0.647636966854535 -23.0653260418538 6.72906806292063 0.788159150985404 -22.9031901892693 6.2562973874689 0.647636966854535 -23.1750568924191 6.60224169309627 0.788159150985404 -23.2204570370188 7.0694295970784 1.01452018331074 -22.9205969041189 6.17206700693418 0.647636966854535 -23.2568500127763 6.45583242730061 0.788159150985404 -23.3958600503545 6.90416480423699 1.01452018331074 -23.3073203339706 6.29589952159589 0.788159150985404 -23.5341872310129 6.70682180352191 1.01452018331074 -23.5186823278495 7.21023563231704 1.31536937646841 -23.62971380602 6.48556778139453 1.01452018331074 -23.7164104882651 6.98170241063539 1.31536937646841 -23.5410905825245 7.48793258553883 1.67562089567664 -23.6784863372135 6.24955949967308 1.01452018331074 -23.8637965983661 6.71788202972671 1.31536937646841 -23.7945552805525 7.24911804059109 1.67562089567664 -23.9547409746641 6.42969289174045 1.31536937646841 -23.9944438480742 6.96394914221829 1.67562089567664 -23.7702760854958 7.47726348785029 2.077210225483 -24.1324837484578 6.64422781680016 1.67562089567664 -24.0168390686145 7.19228722164143 2.077210225483 -24.2029620980365 6.30318596853854 1.67562089567664 -24.2006265417817 6.86330858760333 2.077210225483 -24.3140323240982 6.50394261052154 2.077210225483 0 -1.5707963267949 0 -1.39626340159546 0 -1.22173047639603 0 -1.0471975511966 0 -0.872664625997166 0 -0.698131700797733 0 -0.5235987755983 0 -0.349065850398867 0 -0.174532925199435 0 0 1.01893653209491 -1.5707963267949 1.01893653209488 -1.39626340159547 1.01893653209489 -1.22173047639603 1.01893653209489 -1.0471975511966 1.01893653209489 -0.872664625997167 1.01893653209489 -0.698131700797733 1.01893653209489 -0.5235987755983 1.01893653209489 -0.349065850398867 1.01893653209489 -0.174532925199434 1.01893653209489 0 0.169822755349148 0 0.339645510698297 0 0.509468266047445 0 0.679291021396594 0 0.849113776745742 0 0.101893653209491 -1.34639685153848 0.305680959628474 -1.34639685153848 0.509468266047457 -1.34639685153848 0.203787306418983 -1.12199737628207 0.71325557246644 -1.34639685153848 0.407574612837966 -1.12199737628207 0.101893653209491 -0.897597901025655 0.917042878885423 -1.34639685153848 0.611361919256949 -1.12199737628207 0.305680959628474 -0.897597901025655 0.815149225675932 -1.12199737628207 0.509468266047457 -0.897597901025655 0.203787306418983 -0.673198425769241 0.71325557246644 -0.897597901025655 0.407574612837966 -0.673198425769241 0.101893653209491 -0.448798950512828 0.917042878885423 -0.897597901025655 0.611361919256949 -0.673198425769241 0.305680959628474 -0.448798950512828 0.815149225675932 -0.673198425769241 0.509468266047457 -0.448798950512828 0.203787306418983 -0.224399475256414 0.71325557246644 -0.448798950512828 0.407574612837966 -0.224399475256414 0.917042878885423 -0.448798950512828 0.611361919256949 -0.224399475256414 0.815149225675932 -0.224399475256414 21 10 9 20 25 19 26 3 2 27 2 1 27 26 2 27 3 26 28 1 11 28 27 1 29 4 3 29 3 27 30 11 12 30 28 11 31 29 27 31 27 28 32 5 4 32 6 5 32 4 29 33 12 13 33 13 30 33 30 12 34 28 30 34 31 28 35 29 31 35 32 29 36 13 14 36 30 13 36 34 30 37 35 31 37 31 34 38 7 6 38 6 32 38 32 35 39 34 36 39 37 34 40 35 37 40 38 35 41 8 7 41 7 38 42 14 15 42 15 16 42 36 14 42 39 36 43 37 39 43 40 37 44 8 41 44 38 40 44 41 38 45 16 17 45 43 39 45 42 16 45 39 42 46 44 40 46 40 43 47 9 8 47 22 21 47 21 9 47 8 44 48 43 45 48 46 43 49 47 44 49 23 22 49 22 47 49 44 46 50 18 48 50 17 18 50 45 17 50 48 45 51 23 49 51 49 46 51 24 23 51 46 48 52 51 48 52 48 18 52 18 19 52 24 51 52 25 24 52 19 25 
16 14 1 0 2.05884245467491e-12
-22.5 6.129061917913 0.6 -22.5 -6.129061917913 0.6 -16.4824180538535 -9.20870617543774 0.6 -10.0559122919096 -11.3052568958346 0.6 -3.37992238193032 -12.3666992886892 0.6 3.37992238193031 -12.3666992886892 0.6 10.0559122919096 -11.3052568958346 0.6 16.4824180538535 -9.20870617543774 0.6 22.5 -6.129061917913 0.6 22.5 6.129061917913 0.6 16.4824180538559 9.20870617544374 0.6 10.0559122919111 11.3052568958412 0.6 3.37992238193084 12.3666992886962 0.6 -3.37992238193084 12.3666992886962 0.6 -10.0559122919111 11.3052568958412 0.6 -16.4824180538559 9.20870617544374 0.6 -22.5000000000032 6.12906191791826 -22.5000000000001 -6.12906191791318 -16.4824180538535 -9.20870617543774 -10.0559122919096 -11.3052568958346 -3.37992238193033 -12.3666992886892 3.37992238193031 -12.3666992886892 10.0559122919096 -11.3052568958346 16.4824180538535 -9.20870617543774 22.5 -6.129061917913 22.5000000000032 6.12906191791826 16.4824180538559 9.20870617544374 10.0559122919111 11.3052568958412 3.37992238193084 12.3666992886962 -3.37992238193085 12.3666992886962 -10.0559122919111 11.3052568958413 -16.4824180538559 9.20870617544374 16 1 2 16 2 3 15 3 4 15 16 3 14 4 5 14 15 4 13 5 6 13 6 7 13 14 5 12 7 8 12 13 7 11 8 9 11 12 8 10 11 9 
16 14 1 0 0.139202179699329
23.496116504854 7.747008736803 2.5 17.2121251055607 10.9629945265115 2.5 10.5011060788159 13.1523634147246 2.5 3.52955778058859 14.2607978203118 2.5 -3.5295577805852 14.2607978203121 2.5 -10.5011060788126 13.1523634147254 2.5 -17.2121251055576 10.9629945265128 2.5 -23.49611650485 7.747008736803 2.5 -23.49611650485 7.747008736803 67.5 23.496116504854 7.747008736803 67.5 17.2121251055607 10.9629945265115 67.5 10.5011060788159 13.1523634147246 67.5 3.52955778058859 14.2607978203118 67.5 -3.5295577805852 14.2607978203121 67.5 -10.5011060788126 13.1523634147254 67.5 -17.2121251055576 10.9629945265128 67.5 1.13477338365659 -2.5 0.977099156599266 -2.5 0.819424929542004 -2.5 0.661750702484741 -2.5 0.504076475427479 -2.5 0.346402248370217 -2.5 0.188728021312954 -2.5 0.0310537942555866 -2.5 0.0310537942556919 -67.5 1.13477338365659 -67.5 0.977099156599266 -67.5 0.819424929542004 -67.5 0.661750702484741 -67.5 0.504076475427479 -67.5 0.346402248370217 -67.5 0.188728021312954 -67.5 7 8 9 7 16 15 7 9 16 6 15 14 6 7 15 5 6 14 4 14 13 4 5 14 3 13 12 3 4 13 2 11 10 2 12 11 2 3 12 1 2 10 
52 77 1 0 0.0232637284369089
-23.49611650485 7.747008736803 67.5 -23.7552325087024 7.55538283169669 67.5 -23.9782348157708 7.32272092677743 67.5 -24.1587075328734 7.05571682692116 67.5 -24.2914583654057 6.7620523799405 67.5 -24.3726680023793 6.4501764657998 67.5 -24.4 6.129061917913 67.5 -22.5 6.129061917913 69.4 -22.8299315375672 6.129061917913 69.3711347307232 -23.1498382723188 6.129061917913 69.2854159794932 -23.45 6.129061917913 69.1454482671904 -23.7212964584044 6.129061917913 68.9554844419261 -23.9554844419261 6.129061917913 68.7212964584044 -24.1454482671904 6.129061917913 68.45 -24.2854159794932 6.129061917913 68.1498382723188 -24.3711347307232 6.129061917913 67.8299315375672 -22.5 6.129061917913 69.4 -22.6729738158118 6.41001543457534 69.3711347307232 -22.8406919097591 6.68243232080324 69.2854159794932 -22.9980582524269 6.93803532735826 69.1454482671904 -23.1402913471243 7.16905808622757 68.9554844419261 -23.2630695132423 7.3684810877861 68.7212964584044 -23.3626621983323 7.5302449650444 68.45 -23.4360433290541 7.64943460444845 68.1498382723188 -23.4809832568834 7.72242848911781 67.8299315375672 -22.9205969041189 6.17206700693418 69.3523630331455 -22.9031901892693 6.2562973874689 69.3523630331455 -22.8690971493754 6.3352620337207 69.3523630331455 -23.3073203339706 6.29589952159589 69.2118408490146 -22.8197287501812 6.40569293523336 69.3523630331455 -23.2568500127763 6.45583242730061 69.2118408490146 -23.6784863372135 6.24955949967308 68.9854798166893 -22.7571281395059 6.46467525690652 69.3523630331455 -23.1750568924191 6.60224169309628 69.2118408490146 -23.62971380602 6.48556778139453 68.9854798166893 -23.0653260418538 6.72906806292063 69.2118408490146 -23.5341872310129 6.70682180352191 68.9854798166893 -23.9547409746641 6.42969289174045 68.6846306235316 -23.3958600503544 6.90416480423699 68.9854798166893 -23.8637965983661 6.71788202972671 68.6846306235316 -24.2029620980365 6.30318596853854 68.3243791043234 -23.2204570370188 7.0694295970784 68.9854798166893 -23.7164104882651 6.98170241063539 68.6846306235316 -24.1324837484578 6.64422781680016 68.3243791043234 -23.5186823278495 7.21023563231704 68.6846306235316 -23.9944438480742 6.96394914221829 68.3243791043234 -24.3140323240982 6.50394261052155 67.922789774517 -23.7945552805525 7.24911804059109 68.3243791043234 -24.2006265417817 6.86330858760333 67.922789774517 -23.5410905825245 7.48793258553883 68.3243791043234 -24.0168390686145 7.19228722164144 67.922789774517 -23.7702760854958 7.47726348785029 67.922789774517 6.28318530717959 0 6.11336255183044 0 5.94353979648129 0 5.77371704113214 0 5.60389428578299 0 5.43407153043384 0 5.2642487750847 0 5.26424877508467 -1.5707963267949 5.2642487750847 -1.39626340159547 5.2642487750847 -1.22173047639603 5.2642487750847 -1.0471975511966 5.2642487750847 -0.872664625997166 5.2642487750847 -0.698131700797733 5.2642487750847 -0.523598775598303 5.2642487750847 -0.349065850398869 5.2642487750847 -0.174532925199432 6.28318530717957 -1.5707963267949 6.28318530717959 -1.39626340159546 6.28318530717959 -1.22173047639603 6.28318530717958 -1.0471975511966 6.28318530717959 -0.872664625997165 6.28318530717959 -0.698131700797733 6.28318530717959 -0.523598775598302 6.28318530717959 -0.349065850398869 6.28318530717958 -0.174532925199433 5.36614242829416 -1.34639685153848 5.56992973471315 -1.34639685153848 5.77371704113213 -1.34639685153848 5.46803608150366 -1.12199737628207 5.97750434755111 -1.34639685153848 5.67182338792264 -1.12199737628207 5.36614242829416 -0.897597901025655 6.1812916539701 -1.34639685153848 5.87561069434162 -1.12199737628207 5.56992973471315 -0.897597901025655 6.07939800076061 -1.12199737628207 5.77371704113213 -0.897597901025655 5.46803608150366 -0.673198425769241 5.97750434755111 -0.897597901025655 5.67182338792264 -0.673198425769241 5.36614242829416 -0.448798950512828 6.1812916539701 -0.897597901025655 5.87561069434162 -0.673198425769241 5.56992973471315 -0.448798950512828 6.07939800076061 -0.673198425769241 5.77371704113213 -0.448798950512828 5.46803608150366 -0.224399475256414 5.97750434755111 -0.448798950512828 5.67182338792264 -0.224399475256414 6.1812916539701 -0.448798950512828 5.87561069434162 -0.224399475256414 6.07939800076061 -0.224399475256414 6 7 16 1 2 25 26 10 9 27 9 8 27 10 26 27 26 9 28 8 17 28 27 8 29 11 10 29 10 27 30 17 18 30 28 17 31 29 27 31 27 28 32 12 11 32 13 12 32 11 29 33 18 19 33 19 30 33 30 18 34 28 30 34 31 28 35 29 31 35 32 29 36 19 20 36 34 30 36 30 19 37 35 31 37 31 34 38 14 13 38 13 32 38 32 35 39 34 36 39 37 34 40 35 37 40 38 35 41 15 14 41 14 38 42 20 21 42 21 22 42 39 36 42 36 20 43 37 39 43 40 37 44 15 41 44 38 40 44 41 38 45 22 23 45 43 39 45 42 22 45 39 42 46 44 40 46 40 43 47 5 6 47 16 15 47 6 16 47 15 44 48 46 43 48 43 45 49 4 5 49 47 44 49 5 47 49 44 46 50 48 45 50 24 48 50 23 24 50 45 23 51 3 4 51 46 48 51 49 46 51 4 49 52 2 3 52 48 24 52 3 51 52 24 25 52 51 48 52 25 2 
52 52 1 0 1.07704222810784e-13
22.5 6.129061917913 69.4 16.4824180538559 9.20870617544374 69.4 10.0559122919111 11.3052568958412 69.4 3.37992238193084 12.3666992886962 69.4 -3.37992238193084 12.3666992886962 69.4 -10.0559122919111 11.3052568958412 69.4 -16.4824180538559 9.20870617544374 69.4 -22.5 6.129061917913 69.4 -22.5 -6.129061917913 69.4 -16.4824180538535 -9.20870617543774 69.4 -10.0559122919096 -11.3052568958346 69.4 -3.37992238193032 -12.3666992886892 69.4 3.37992238193031 -12.3666992886892 69.4 10.0559122919096 -11.3052568958346 69.4 16.4824180538535 -9.20870617543774 69.4 22.5 -6.129061917913 69.4 7.5 0 69.4 7.38605814759156 1.30236133250198 69.4 7.04769465589431 2.56515107494252 69.4 6.49519052838329 3.75 69.4 5.74533332339233 4.82090707264904 69.4 4.82090707264905 5.74533332339233 69.4 3.75 6.49519052838329 69.4 2.56515107494252 7.04769465589431 69.4 1.30236133250198 7.38605814759156 69.4 4.59242549680257e-16 7.5 69.4 -1.30236133250198 7.38605814759156 69.4 -2.56515107494252 7.04769465589431 69.4 -3.75 6.49519052838329 69.4 -4.82090707264904 5.74533332339234 69.4 -5.74533332339233 4.82090707264905 69.4 -6.49519052838329 3.75000000000001 69.4 -7.04769465589431 2.56515107494252 69.4 -7.38605814759156 1.30236133250199 69.4 -7.5 1.09104923209869e-14 69.4 -7.38605814759156 -1.30236133250197 69.4 -7.04769465589432 -2.5651510749425 69.4 -6.4951905283833 -3.74999999999999 69.4 -5.74533332339235 -4.82090707264903 69.4 -4.82090707264906 -5.74533332339232 69.4 -3.75000000000001 -6.49519052838328 69.4 -2.56515107494253 -7.04769465589431 69.4 -1.302361332502 -7.38605814759156 69.4 -2.13617420922936e-14 -7.5 69.4 1.30236133250195 -7.38605814759156 69.4 2.56515107494249 -7.04769465589432 69.4 3.74999999999998 -6.4951905283833 69.4 4.82090707264902 -5.74533332339235 69.4 5.74533332339232 -4.82090707264907 69.4 6.49519052838327 -3.75000000000003 69.4 7.0476946558943 -2.56515107494255 69.4 7.38605814759155 -1.30236133250201 69.4 22.5 6.129061917913 16.4824180538559 9.20870617544374 10.0559122919111 11.3052568958412 3.37992238193084 12.3666992886962 -3.37992238193085 12.3666992886962 -10.0559122919111 11.3052568958413 -16.4824180538559 9.20870617544374 -22.5 6.129061917913 -22.5000000000001 -6.12906191791318 -16.4824180538535 -9.20870617543774 -10.0559122919096 -11.3052568958346 -3.37992238193033 -12.3666992886892 3.37992238193031 -12.3666992886892 10.0559122919096 -11.3052568958346 16.4824180538535 -9.20870617543774 22.5 -6.129061917913 7.49999999999999 0 7.38605814759156 1.30236133250198 7.0476946558943 2.56515107494252 6.49519052838328 3.75 5.74533332339233 4.82090707264905 4.82090707264904 5.74533332339234 3.74999999999999 6.49519052838329 2.56515107494251 7.04769465589431 1.30236133250197 7.38605814759156 -7.105427357601e-15 7.5 -1.30236133250198 7.38605814759156 -2.56515107494252 7.04769465589431 -3.75000000000001 6.49519052838329 -4.82090707264905 5.74533332339234 -5.74533332339234 4.82090707264905 -6.49519052838329 3.75000000000001 -7.04769465589432 2.56515107494253 -7.38605814759157 1.30236133250199 -7.50000000000001 1.24344978758018e-14 -7.38605814759157 -1.30236133250196 -7.04769465589433 -2.5651510749425 -6.4951905283833 -3.74999999999998 -5.74533332339235 -4.82090707264903 -4.82090707264906 -5.74533332339232 -3.75000000000002 -6.49519052838328 -2.56515107494254 -7.0476946558943 -1.30236133250201 -7.38605814759156 -2.8421709430404e-14 -7.5 1.30236133250195 -7.38605814759156 2.56515107494248 -7.04769465589432 3.74999999999997 -6.4951905283833 4.82090707264902 -5.74533332339235 5.74533332339231 -4.82090707264907 6.49519052838327 -3.75000000000002 7.04769465589429 -2.56515107494254 7.38605814759155 -1.30236133250201 39 11 40 41 11 12 41 40 11 38 10 11 38 11 39 42 41 12 37 10 38 43 42 12 36 10 37 44 12 13 44 43 12 35 8 9 35 9 10 35 10 36 7 8 35 45 44 13 34 7 35 46 45 13 33 7 34 47 46 13 32 7 33 14 47 13 48 47 14 49 48 14 6 7 32 6 31 30 6 32 31 50 49 14 29 6 30 15 50 14 15 51 50 15 52 51 17 52 15 5 6 29 5 27 26 5 28 27 5 29 28 4 5 26 4 24 23 4 25 24 4 26 25 16 17 15 3 21 20 3 22 21 3 23 22 3 4 23 2 18 17 2 19 18 2 20 19 2 3 20 1 17 16 1 2 17 
52 77 1 0 0.0232637284369088
22.5 -6.129061917913 0.6 22.6729738158118 -6.41001543457534 0.628865269276805 22.8406919097591 -6.68243232080324 0.714584020506774 22.9980582524269 -6.93803532735826 0.854551732809566 23.1402913471243 -7.16905808622757 1.04451555807394 23.2630695132423 -7.3684810877861 1.27870354159557 23.3626621983323 -7.5302449650444 1.55 23.4360433290541 -7.64943460444845 1.85016172768123 23.4809832568834 -7.72242848911781 2.17006846243283 23.496116504854 -7.747008736803 2.5 22.5 -6.129061917913 0.6 22.8299315375672 -6.129061917913 0.628865269276805 23.1498382723188 -6.129061917913 0.714584020506774 23.45 -6.129061917913 0.854551732809566 23.7212964584044 -6.129061917913 1.04451555807394 23.9554844419261 -6.129061917913 1.27870354159557 24.1454482671904 -6.129061917913 1.55 24.2854159794932 -6.129061917913 1.85016172768123 24.3711347307232 -6.129061917913 2.17006846243283 24.4 -6.129061917913 2.5 23.7552325087024 -7.55538283169669 2.5 23.9782348157708 -7.32272092677743 2.5 24.1587075328734 -7.05571682692116 2.5 24.2914583654057 -6.7620523799405 2.5 24.3726680023793 -6.4501764657998 2.5 22.7571281395059 -6.46467525690652 0.647636966854535 22.8197287501812 -6.40569293523336 0.647636966854535 22.8690971493754 -6.3352620337207 0.647636966854535 23.0653260418538 -6.72906806292063 0.788159150985404 22.9031901892693 -6.2562973874689 0.647636966854535 23.1750568924191 -6.60224169309627 0.788159150985404 23.2204570370188 -7.0694295970784 1.01452018331074 22.9205969041189 -6.17206700693418 0.647636966854535 23.2568500127763 -6.45583242730061 0.788159150985404 23.3958600503545 -6.90416480423699 1.01452018331074 23.3073203339706 -6.29589952159589 0.788159150985404 23.5341872310129 -6.70682180352191 1.01452018331074 23.5186823278495 -7.21023563231704 1.31536937646841 23.62971380602 -6.48556778139453 1.01452018331074 23.7164104882651 -6.98170241063539 1.31536937646841 23.5410905825245 -7.48793258553883 1.67562089567664 23.6784863372135 -6.24955949967308 1.01452018331074 23.8637965983661 -6.71788202972671 1.31536937646841 23.7945552805525 -7.24911804059109 1.67562089567664 23.9547409746641 -6.42969289174045 1.31536937646841 23.9944438480742 -6.96394914221829 1.67562089567664 23.7702760854958 -7.47726348785029 2.077210225483 24.1324837484578 -6.64422781680016 1.67562089567664 24.0168390686145 -7.19228722164143 2.077210225483 24.2029620980365 -6.30318596853854 1.67562089567664 24.2006265417817 -6.86330858760333 2.077210225483 24.3140323240982 -6.50394261052154 2.077210225483 0 -1.5707963267949 0 -1.39626340159546 0 -1.22173047639603 0 -1.0471975511966 0 -0.872664625997166 0 -0.698131700797733 0 -0.5235987755983 0 -0.349065850398867 0 -0.174532925199435 0 0 1.01893653209491 -1.5707963267949 1.01893653209489 -1.39626340159546 1.01893653209489 -1.22173047639603 1.01893653209489 -1.0471975511966 1.01893653209489 -0.872664625997166 1.01893653209489 -0.698131700797733 1.01893653209489 -0.5235987755983 1.01893653209489 -0.349065850398867 1.01893653209489 -0.174532925199434 1.01893653209489 0 0.169822755349148 0 0.339645510698297 0 0.509468266047445 0 0.679291021396594 0 0.849113776745742 0 0.101893653209491 -1.34639685153848 0.305680959628474 -1.34639685153848 0.509468266047457 -1.34639685153848 0.203787306418983 -1.12199737628207 0.71325557246644 -1.34639685153848 0.407574612837966 -1.12199737628207 0.101893653209491 -0.897597901025655 0.917042878885423 -1.34639685153848 0.611361919256949 -1.12199737628207 0.305680959628474 -0.897597901025655 0.815149225675932 -1.12199737628207 0.509468266047457 -0.897597901025655 0.203787306418983 -0.673198425769241 0.71325557246644 -0.897597901025655 0.407574612837966 -0.673198425769241 0.101893653209491 -0.448798950512828 0.917042878885423 -0.897597901025655 0.611361919256949 -0.673198425769241 0.305680959628474 -0.448798950512828 0.815149225675932 -0.673198425769241 0.509468266047457 -0.448798950512828 0.203787306418983 -0.224399475256414 0.71325557246644 -0.448798950512828 0.407574612837966 -0.224399475256414 0.917042878885423 -0.448798950512828 0.611361919256949 -0.224399475256414 0.815149225675932 -0.224399475256414 21 10 9 20 25 19 26 3 2 27 2 1 27 26 2 27 3 26 28 1 11 28 27 1 29 4 3 29 3 27 30 11 12 30 28 11 31 29 27 31 27 28 32 5 4 32 6 5 32 4 29 33 12 13 33 13 30 33 30 12 34 28 30 34 31 28 35 29 31 35 32 29 36 13 14 36 30 13 36 34 30 37 31 34 37 35 31 38 7 6 38 6 32 38 32 35 39 34 36 39 37 34 40 35 37 40 38 35 41 8 7 41 7 38 42 14 15 42 15 16 42 36 14 42 39 36 43 37 39 43 40 37 44 8 41 44 38 40 44 41 38 45 16 17 45 43 39 45 42 16 45 39 42 46 44 40 46 40 43 47 9 8 47 22 21 47 21 9 47 8 44 48 46 43 48 43 45 49 47 44 49 23 22 49 22 47 49 44 46 50 18 48 50 17 18 50 45 17 50 48 45 51 23 49 51 49 46 51 24 23 51 46 48 52 51 48 52 48 18 52 18 19 52 24 51 52 25 24 52 19 25 
52 77 1 0 0.0232637284369089
23.496116504854 -7.747008736803 67.5 23.7552325087024 -7.55538283169669 67.5 23.9782348157708 -7.32272092677743 67.5 24.1587075328734 -7.05571682692116 67.5 24.2914583654057 -6.7620523799405 67.5 24.3726680023793 -6.4501764657998 67.5 24.4 -6.129061917913 67.5 22.5 -6.129061917913 69.4 22.8299315375672 -6.129061917913 69.3711347307232 23.1498382723188 -6.129061917913 69.2854159794932 23.45 -6.129061917913 69.1454482671904 23.7212964584044 -6.129061917913 68.9554844419261 23.9554844419261 -6.129061917913 68.7212964584044 24.1454482671904 -6.129061917913 68.45 24.2854159794932 -6.129061917913 68.1498382723188 24.3711347307232 -6.129061917913 67.8299315375672 22.5 -6.129061917913 69.4 22.6729738158118 -6.41001543457534 69.3711347307232 22.8406919097591 -6.68243232080324 69.2854159794932 22.9980582524269 -6.93803532735826 69.1454482671904 23.1402913471243 -7.16905808622757 68.9554844419261 23.2630695132423 -7.3684810877861 68.7212964584044 23.3626621983323 -7.5302449650444 68.45 23.4360433290541 -7.64943460444845 68.1498382723188 23.4809832568834 -7.72242848911781 67.8299315375672 22.9205969041189 -6.17206700693418 69.3523630331455 22.9031901892693 -6.2562973874689 69.3523630331455 22.8690971493754 -6.3352620337207 69.3523630331455 23.3073203339706 -6.29589952159589 69.2118408490146 22.8197287501812 -6.40569293523336 69.3523630331455 23.2568500127763 -6.45583242730061 69.2118408490146 23.6784863372135 -6.24955949967308 68.9854798166893 22.7571281395059 -6.46467525690652 69.3523630331455 23.1750568924191 -6.60224169309628 69.2118408490146 23.62971380602 -6.48556778139453 68.9854798166893 23.0653260418538 -6.72906806292063 69.2118408490146 23.5341872310129 -6.70682180352191 68.9854798166893 23.9547409746641 -6.42969289174045 68.6846306235316 23.3958600503544 -6.90416480423699 68.9854798166893 23.8637965983661 -6.71788202972671 68.6846306235316 24.2029620980365 -6.30318596853854 68.3243791043234 23.2204570370188 -7.0694295970784 68.9854798166893 23.7164104882651 -6.98170241063539 68.6846306235316 24.1324837484578 -6.64422781680016 68.3243791043234 23.5186823278495 -7.21023563231704 68.6846306235316 23.9944438480742 -6.96394914221829 68.3243791043234 24.3140323240982 -6.50394261052155 67.922789774517 23.7945552805525 -7.24911804059109 68.3243791043234 24.2006265417817 -6.86330858760333 67.922789774517 23.5410905825245 -7.48793258553883 68.3243791043234 24.0168390686145 -7.19228722164144 67.922789774517 23.7702760854958 -7.47726348785029 67.922789774517 6.28318530717959 0 6.11336255183044 0 5.94353979648129 0 5.77371704113214 0 5.60389428578299 0 5.43407153043384 0 5.26424877508469 0 5.26424877508467 -1.5707963267949 5.2642487750847 -1.39626340159546 5.26424877508469 -1.22173047639603 5.26424877508469 -1.0471975511966 5.26424877508469 -0.872664625997165 5.26424877508469 -0.698131700797733 5.26424877508469 -0.523598775598302 5.26424877508469 -0.349065850398869 5.26424877508469 -0.174532925199433 6.28318530717957 -1.5707963267949 6.28318530717959 -1.39626340159546 6.28318530717959 -1.22173047639603 6.28318530717958 -1.0471975511966 6.28318530717959 -0.872664625997165 6.28318530717959 -0.698131700797733 6.28318530717959 -0.523598775598302 6.28318530717959 -0.349065850398869 6.28318530717958 -0.174532925199433 5.36614242829416 -1.34639685153848 5.56992973471315 -1.34639685153848 5.77371704113213 -1.34639685153848 5.46803608150366 -1.12199737628207 5.97750434755111 -1.34639685153848 5.67182338792264 -1.12199737628207 5.36614242829416 -0.897597901025655 6.1812916539701 -1.34639685153848 5.87561069434162 -1.12199737628207 5.56992973471315 -0.897597901025655 6.07939800076061 -1.12199737628207 5.77371704113213 -0.897597901025655 5.46803608150366 -0.673198425769241 5.97750434755111 -0.897597901025655 5.67182338792264 -0.673198425769241 5.36614242829416 -0.448798950512828 6.1812916539701 -0.897597901025655 5.87561069434162 -0.673198425769241 5.56992973471315 -0.448798950512828 6.07939800076061 -0.673198425769241 5.77371704113213 -0.448798950512828 5.46803608150366 -0.224399475256414 5.97750434755111 -0.448798950512828 5.67182338792264 -0.224399475256414 6.1812916539701 -0.448798950512828 5.87561069434162 -0.224399475256414 6.07939800076061 -0.224399475256414 6 7 16 1 2 25 26 10 9 27 9 8 27 10 26 27 26 9 28 8 17 28 27 8 29 11 10 29 10 27 30 17 18 30 28 17 31 29 27 31 27 28 32 12 11 32 13 12 32 11 29 33 18 19 33 19 30 33 30 18 34 28 30 34 31 28 35 29 31 35 32 29 36 19 20 36 34 30 36 30 19 37 35 31 37 31 34 38 14 13 38 13 32 38 32 35 39 34 36 39 37 34 40 35 37 40 38 35 41 15 14 41 14 38 42 20 21 42 21 22 42 39 36 42 36 20 43 37 39 43 40 37 44 15 41 44 38 40 44 41 38 45 22 23 45 43 39 45 42 22 45 39 42 46 44 40 46 40 43 47 5 6 47 16 15 47 6 16 47 15 44 48 46 43 48 43 45 49 4 5 49 47 44 49 5 47 49 44 46 50 48 45 50 24 48 50 23 24 50 45 23 51 3 4 51 46 48 51 49 46 51 4 49 52 2 3 52 48 24 52 3 51 52 24 25 52 51 48 52 25 2 
4 2 1 0 3.5527136788005e-15
24.4 6.129061917913 2.5 24.4 -6.129061917913 2.5 24.4 -6.129061917913 67.5 24.4 6.129061917913 67.5 6.129061917913 -2.5 -6.129061917913 -2.5 -6.129061917913 -67.5 6.129061917913 -67.5 1 2 3 1 3 4 
80 126 1 0 0.146365682510226
22.5 6.129061917913 0.6 16.4824180538559 9.20870617544374 0.6 10.0559122919111 11.3052568958412 0.6 3.37992238193084 12.3666992886962 0.6 -3.37992238193084 12.3666992886962 0.6 -10.0559122919111 11.3052568958412 0.6 -16.4824180538559 9.20870617544374 0.6 -22.5 6.129061917913 0.6 -22.6729738158118 6.41001543457534 0.628865269276805 -22.8406919097591 6.68243232080324 0.714584020506774 -22.9980582524269 6.93803532735826 0.854551732809566 -23.1402913471243 7.16905808622757 1.04451555807394 -23.2630695132423 7.3684810877861 1.27870354159557 -23.3626621983323 7.5302449650444 1.55 -23.4360433290541 7.64943460444845 1.85016172768123 -23.4809832568834 7.72242848911781 2.17006846243283 -23.49611650485 7.747008736803 2.5 23.496116504854 7.747008736803 2.5 17.2121251055607 10.9629945265115 2.5 10.5011060788159 13.1523634147246 2.5 3.52955778058859 14.2607978203118 2.5 -3.5295577805852 14.2607978203121 2.5 -10.5011060788126 13.1523634147254 2.5 -17.2121251055576 10.9629945265128 2.5 22.6729738158118 6.41001543457534 0.628865269276805 22.8406919097591 6.68243232080324 0.714584020506774 22.9980582524269 6.93803532735826 0.854551732809566 23.1402913471243 7.16905808622757 1.04451555807394 23.2630695132423 7.3684810877861 1.27870354159557 23.3626621983323 7.5302449650444 1.55 23.4360433290541 7.64943460444845 1.85016172768123 23.4809832568834 7.72242848911781 2.17006846243283 -17.2010392158023 10.9363429445943 2.17006846243205 -17.1681183856781 10.8571979936726 1.85016172768049 -17.1143628979526 10.7279644530313 1.54999999999932 -17.0414060859188 10.5525690184072 1.27870354159497 -16.9514647053923 10.336340991327 1.04451555807344 -16.847271579708 10.085850350977 0.854551732809173 -16.7319925642654 9.80870812870985 0.714584020506505 -16.6091303536148 9.51333515070829 0.628865269276668 -10.4943425848471 13.124301716277 2.17006846243205 -10.4742576082845 13.0409692614414 1.85016172768049 -10.4414614209769 12.9048980646899 1.54999999999932 -10.3969505184799 12.7202225804803 1.27870354159497 -10.3420773420423 12.4925540799502 1.04451555807344 -10.278509185363 12.2288101552824 0.854551732809173 -10.2081775347156 11.9370045321668 0.714584020506505 -10.1332193817155 11.6260035768013 0.628865269276668 -3.52728448265271 14.2320222076003 2.17006846243205 -3.52053366185659 14.1465697018966 1.85016172768049 -3.50951043847266 14.0070367343458 1.54999999999932 -3.49454974756543 13.8176629435597 1.27870354159497 -3.47610616215764 13.5842023563436 1.04451555807344 -3.454740081259 13.3137485545034 0.854551732809173 -3.43110070242586 13.0145191399516 0.714584020506505 -3.40590629622195 12.6956060470321 0.628865269276668 3.52728448265267 14.2320222076003 2.17006846243205 3.52053366185655 14.1465697018966 1.85016172768049 3.50951043847262 14.0070367343458 1.54999999999932 3.49454974756539 13.8176629435597 1.27870354159497 3.4761061621576 13.5842023563436 1.04451555807344 3.45474008125896 13.3137485545034 0.854551732809173 3.43110070242582 13.0145191399516 0.714584020506505 3.40590629622192 12.6956060470321 0.628865269276668 10.4943425848471 13.124301716277 2.17006846243205 10.4742576082845 13.0409692614414 1.85016172768049 10.4414614209769 12.9048980646899 1.54999999999932 10.39695051848 12.7202225804803 1.27870354159497 10.3420773420423 12.4925540799502 1.04451555807344 10.278509185363 12.2288101552824 0.854551732809173 10.2081775347156 11.9370045321668 0.714584020506505 10.1332193817155 11.6260035768013 0.628865269276668 17.2010392158023 10.9363429445943 2.17006846243205 17.1681183856781 10.8571979936726 1.85016172768049 17.1143628979526 10.7279644530313 1.54999999999932 17.0414060859188 10.5525690184072 1.27870354159497 16.9514647053923 10.336340991327 1.04451555807344 16.8472715797079 10.085850350977 0.854551732809173 16.7319925642654 9.80870812870984 0.714584020506505 16.6091303536148 9.51333515070829 0.628865269276668 6.25213151292424 1.57079632679531 6.09445728586726 1.570796326795 5.93678305880999 1.570796326795 5.77910883175271 1.570796326795 5.62143460469543 1.570796326795 5.46376037763816 1.570796326795 5.30608615058088 1.570796326795 5.14841192352359 1.57079632679531 5.14841192352359 1.39626340159588 5.14841192352359 1.22173047639644 5.14841192352359 1.04719755119701 5.14841192352359 0.872664625997579 5.14841192352359 0.698131700798147 5.14841192352359 0.523598775598714 5.14841192352359 0.349065850399281 5.14841192352359 0.174532925199848 5.14841192352369 0 6.25213151292424 4.13891143580258e-13 6.09445728586727 0 5.93678305881 0 5.77910883175274 0 5.62143460469548 0 5.46376037763822 0 5.30608615058095 0 6.25213151292424 1.39626340159588 6.25213151292424 1.22173047639644 6.25213151292424 1.04719755119701 6.25213151292424 0.872664625997579 6.25213151292424 0.698131700798147 6.25213151292424 0.523598775598714 6.25213151292424 0.349065850399281 6.25213151292424 0.174532925199848 5.30608615058088 0.174532925199848 5.30608615058088 0.349065850399281 5.30608615058088 0.523598775598714 5.30608615058088 0.698131700798147 5.30608615058088 0.872664625997579 5.30608615058088 1.04719755119701 5.30608615058088 1.22173047639644 5.30608615058088 1.39626340159588 5.46376037763816 0.174532925199848 5.46376037763816 0.349065850399281 5.46376037763816 0.523598775598714 5.46376037763816 0.698131700798147 5.46376037763816 0.872664625997579 5.46376037763816 1.04719755119701 5.46376037763816 1.22173047639644 5.46376037763816 1.39626340159588 5.62143460469543 0.174532925199848 5.62143460469543 0.349065850399281 5.62143460469543 0.523598775598714 5.62143460469543 0.698131700798147 5.62143460469543 0.872664625997579 5.62143460469543 1.04719755119701 5.62143460469543 1.22173047639644 5.62143460469543 1.39626340159588 5.77910883175271 0.174532925199848 5.77910883175271 0.349065850399281 5.77910883175271 0.523598775598714 5.77910883175271 0.698131700798147 5.77910883175271 0.872664625997579 5.77910883175271 1.04719755119701 5.77910883175271 1.22173047639644 5.77910883175271 1.39626340159588 5.93678305880999 0.174532925199848 5.93678305880999 0.349065850399281 5.93678305880999 0.523598775598714 5.93678305880999 0.698131700798147 5.93678305880999 0.872664625997579 5.93678305880999 1.04719755119701 5.93678305880999 1.22173047639644 5.93678305880999 1.39626340159588 6.09445728586726 0.174532925199848 6.09445728586726 0.349065850399281 6.09445728586726 0.523598775598714 6.09445728586726 0.698131700798147 6.09445728586726 0.872664625997579 6.09445728586726 1.04719755119701 6.09445728586726 1.22173047639644 6.09445728586726 1.39626340159588 7 8 9 32 19 18 33 16 17 33 17 24 34 15 16 34 16 33 35 14 15 35 15 34 36 13 14 36 14 35 37 12 13 37 13 36 38 11 12 38 12 37 39 10 11 39 11 38 40 9 10 40 10 39 40 7 9 41 24 23 41 34 33 41 33 24 42 34 41 42 35 34 43 35 42 44 36 35 44 35 43 45 37 36 45 36 44 46 38 37 46 37 45 47 38 46 47 39 38 48 39 47 48 6 7 48 7 40 48 40 39 49 23 22 49 41 23 50 42 41 50 41 49 51 42 50 51 43 42 52 43 51 52 44 43 53 44 52 53 45 44 54 46 45 54 45 53 55 46 54 55 47 46 56 48 47 56 5 6 56 6 48 56 47 55 57 50 49 57 22 21 57 49 22 58 50 57 58 51 50 59 51 58 60 52 51 60 53 52 60 51 59 61 53 60 62 54 53 62 53 61 63 55 54 63 54 62 64 3 4 64 4 5 64 5 56 64 56 55 64 55 63 65 21 20 65 57 21 66 58 57 66 57 65 67 59 58 67 58 66 68 60 59 68 59 67 69 61 60 69 60 68 70 61 69 70 62 61 71 63 62 71 64 63 71 62 70 72 3 64 72 64 71 73 20 19 73 65 20 73 19 32 74 32 31 74 66 65 74 73 32 74 65 73 75 30 29 75 31 30 75 67 66 75 74 31 75 66 74 76 75 29 76 67 75 76 68 67 77 29 28 77 69 68 77 76 29 77 68 76 78 28 27 78 70 69 78 69 77 78 77 28 79 26 25 79 27 26 79 71 70 79 78 27 79 70 78 80 1 2 80 2 3 80 25 1 80 3 72 80 72 71 80 79 25 80 71 79 
20 18 1 0 0.00723007362568514
24.4 6.129061917913 2.5 24.4 -6.129061917913 2.5 22.5 -6.129061917913 0.6 22.8299315375672 -6.129061917913 0.628865269276805 23.1498382723188 -6.129061917913 0.714584020506774 23.45 -6.129061917913 0.854551732809566 23.7212964584044 -6.129061917913 1.04451555807394 23.9554844419261 -6.129061917913 1.27870354159557 24.1454482671904 -6.129061917913 1.55 24.2854159794932 -6.129061917913 1.85016172768123 24.3711347307232 -6.129061917913 2.17006846243283 22.5 6.129061917913 0.6 22.8299315375672 6.129061917913 0.628865269276805 23.1498382723188 6.129061917913 0.714584020506774 23.45 6.129061917913 0.854551732809566 23.7212964584044 6.12906191791299 1.04451555807394 23.9554844419261 6.12906191791299 1.27870354159557 24.1454482671904 6.12906191791299 1.55 24.2854159794932 6.12906191791299 1.85016172768123 24.3711347307232 6.12906191791299 2.17006846243283 4.13891143580258e-13 6.129061917913 4.13891143580258e-13 -6.129061917913 1.570796326795 -6.129061917913 1.39626340159588 -6.129061917913 1.22173047639644 -6.129061917913 1.04719755119701 -6.129061917913 0.872664625997579 -6.129061917913 0.698131700798147 -6.129061917913 0.523598775598714 -6.129061917913 0.349065850399281 -6.129061917913 0.174532925199848 -6.129061917913 1.57079632679531 6.129061917913 1.39626340159588 6.129061917913 1.22173047639644 6.129061917913 1.04719755119701 6.129061917913 0.872664625997579 6.129061917913 0.698131700798147 6.129061917913 0.523598775598714 6.129061917913 0.349065850399281 6.129061917913 0.174532925199848 6.129061917913 20 1 2 20 2 11 19 11 10 19 20 11 18 10 9 18 19 10 17 9 8 17 18 9 16 8 7 16 17 8 15 6 5 15 7 6 15 16 7 14 15 5 13 4 3 13 5 4 13 14 5 12 13 3 
80 126 1 0 0.146365682510296
22.5 6.129061917913 69.4 22.6729738158118 6.41001543457534 69.3711347307232 22.8406919097591 6.68243232080324 69.2854159794932 22.9980582524269 6.93803532735826 69.1454482671904 23.1402913471243 7.16905808622757 68.9554844419261 23.2630695132423 7.3684810877861 68.7212964584044 23.3626621983323 7.5302449650444 68.45 23.4360433290541 7.64943460444845 68.1498382723188 23.4809832568834 7.72242848911781 67.8299315375672 23.496116504854 7.747008736803 67.5 17.2121251055607 10.9629945265115 67.5 10.5011060788159 13.1523634147246 67.5 3.52955778058859 14.2607978203118 67.5 -3.5295577805852 14.2607978203121 67.5 -10.5011060788126 13.1523634147254 67.5 -17.2121251055576 10.9629945265128 67.5 -23.49611650485 7.747008736803 67.5 -22.5 6.129061917913 69.4 -22.6729738158118 6.41001543457534 69.3711347307232 -22.8406919097591 6.68243232080324 69.2854159794932 -22.9980582524269 6.93803532735826 69.1454482671904 -23.1402913471243 7.16905808622757 68.9554844419261 -23.2630695132423 7.3684810877861 68.7212964584044 -23.3626621983323 7.5302449650444 68.45 -23.4360433290541 7.64943460444845 68.1498382723188 -23.4809832568834 7.72242848911781 67.8299315375672 16.4824180538559 9.20870617544374 69.4 10.0559122919111 11.3052568958412 69.4 3.37992238193084 12.3666992886962 69.4 -3.37992238193084 12.3666992886962 69.4 -10.0559122919111 11.3052568958412 69.4 -16.4824180538559 9.20870617544374 69.4 17.2010392158025 10.9363429445942 67.8299315375679 17.1681183856783 10.8571979936726 68.1498382723195 17.1143628979528 10.7279644530312 68.4500000000007 17.041406085919 10.5525690184071 68.721296458405 16.9514647053925 10.336340991327 68.9554844419266 16.8472715797081 10.085850350977 69.1454482671908 16.7319925642656 9.80870812870976 69.2854159794935 16.609130353615 9.51333515070821 69.3711347307233 10.4943425848478 13.1243017162768 67.8299315375679 10.4742576082853 13.0409692614412 68.1498382723195 10.4414614209777 12.9048980646897 68.4500000000007 10.3969505184807 12.7202225804801 68.721296458405 10.3420773420431 12.49255407995 68.9554844419266 10.2785091853638 12.2288101552822 69.1454482671908 10.2081775347163 11.9370045321667 69.2854159794935 10.1332193817162 11.6260035768011 69.3711347307233 3.52728448265407 14.2320222076002 67.8299315375679 3.52053366185795 14.1465697018965 68.1498382723195 3.50951043847401 14.0070367343457 68.4500000000007 3.49454974756678 13.8176629435596 68.721296458405 3.47610616215898 13.5842023563435 68.9554844419266 3.45474008126033 13.3137485545033 69.1454482671908 3.43110070242718 13.0145191399515 69.2854159794935 3.40590629622327 12.695606047032 69.3711347307233 -3.52728448265069 14.2320222076004 67.8299315375679 -3.52053366185456 14.1465697018968 68.1498382723195 -3.50951043847064 14.007036734346 68.4500000000007 -3.49454974756342 13.8176629435599 68.721296458405 -3.47610616215565 13.5842023563438 68.9554844419266 -3.45474008125701 13.3137485545035 69.1454482671908 -3.43110070242388 13.0145191399517 69.2854159794935 -3.40590629622 12.6956060470322 69.3711347307233 -10.4943425848445 13.1243017162776 67.8299315375679 -10.474257608282 13.040969261442 68.1498382723195 -10.4414614209744 12.9048980646905 68.4500000000007 -10.3969505184774 12.7202225804809 68.721296458405 -10.3420773420398 12.4925540799508 68.9554844419266 -10.2785091853605 12.228810155283 69.1454482671908 -10.2081775347131 11.9370045321674 69.2854159794935 -10.133219381713 11.6260035768019 69.3711347307233 -17.2010392157993 10.9363429445955 67.8299315375679 -17.1681183856752 10.8571979936739 68.1498382723195 -17.1143628979497 10.7279644530325 68.4500000000007 -17.0414060859159 10.5525690184084 68.721296458405 -16.9514647053894 10.3363409913282 68.9554844419266 -16.8472715797051 10.0858503509783 69.1454482671908 -16.7319925642625 9.80870812871104 69.2854159794935 -16.609130353612 9.51333515070947 69.3711347307233 0.0310537942550488 1.570796326795 0.03105379425535 1.39626340159588 0.03105379425535 1.22173047639644 0.03105379425535 1.04719755119701 0.03105379425535 0.87266462599758 0.03105379425535 0.698131700798147 0.03105379425535 0.523598775598714 0.03105379425535 0.349065850399281 0.03105379425535 0.174532925199848 0.0310537942550579 0 0.18872802131232 0 0.346402248369583 0 0.504076475426845 0 0.661750702484107 0 0.819424929541369 0 0.977099156598632 0 1.134773383656 4.13891143580258e-13 1.13477338365598 1.570796326795 1.134773383656 1.39626340159588 1.134773383656 1.22173047639644 1.134773383656 1.04719755119701 1.134773383656 0.87266462599758 1.134773383656 0.698131700798147 1.134773383656 0.523598775598714 1.134773383656 0.349065850399281 1.134773383656 0.174532925199848 0.188728021312325 1.570796326795 0.3464022483696 1.570796326795 0.504076475426876 1.570796326795 0.661750702484152 1.570796326795 0.819424929541428 1.570796326795 0.977099156598703 1.570796326795 0.18872802131232 0.174532925199848 0.18872802131232 0.349065850399281 0.18872802131232 0.523598775598714 0.18872802131232 0.698131700798147 0.18872802131232 0.87266462599758 0.18872802131232 1.04719755119701 0.18872802131232 1.22173047639644 0.18872802131232 1.39626340159588 0.346402248369583 0.174532925199848 0.346402248369583 0.349065850399281 0.346402248369583 0.523598775598714 0.346402248369583 0.698131700798147 0.346402248369583 0.87266462599758 0.346402248369583 1.04719755119701 0.346402248369583 1.22173047639644 0.346402248369583 1.39626340159588 0.504076475426845 0.174532925199848 0.504076475426845 0.349065850399281 0.504076475426845 0.523598775598714 0.504076475426845 0.698131700798147 0.504076475426845 0.87266462599758 0.504076475426845 1.04719755119701 0.504076475426845 1.22173047639644 0.504076475426845 1.39626340159588 0.661750702484107 0.174532925199848 0.661750702484107 0.349065850399281 0.661750702484107 0.523598775598714 0.661750702484107 0.698131700798147 0.661750702484107 0.87266462599758 0.661750702484107 1.04719755119701 0.661750702484107 1.22173047639644 0.661750702484107 1.39626340159588 0.819424929541369 0.174532925199848 0.819424929541369 0.349065850399281 0.819424929541369 0.523598775598714 0.819424929541369 0.698131700798147 0.819424929541369 0.87266462599758 0.819424929541369 1.04719755119701 0.819424929541369 1.22173047639644 0.819424929541369 1.39626340159588 0.977099156598632 0.174532925199848 0.977099156598632 0.349065850399281 0.977099156598632 0.523598775598714 0.977099156598632 0.698131700798147 0.977099156598632 0.87266462599758 0.977099156598632 1.04719755119701 0.977099156598632 1.22173047639644 0.977099156598632 1.39626340159588 11 9 10 27 1 2 18 32 19 33 9 11 34 8 9 34 9 33 35 7 8 35 8 34 36 6 7 36 7 35 37 5 6 37 6 36 38 4 5 38 5 37 39 3 4 39 4 38 40 2 3 40 3 39 40 27 2 41 11 12 41 33 11 42 33 41 42 34 33 43 34 42 43 35 34 44 35 43 44 36 35 45 36 44 45 37 36 46 37 45 46 38 37 47 38 46 47 39 38 48 39 47 48 28 27 48 40 39 48 27 40 49 12 13 49 41 12 50 42 41 50 41 49 51 42 50 51 43 42 52 43 51 52 44 43 53 44 52 53 45 44 54 46 45 54 45 53 55 46 54 55 47 46 56 48 47 56 47 55 56 29 28 56 28 48 57 13 14 57 49 13 57 50 49 58 50 57 59 51 50 59 50 58 60 51 59 60 52 51 61 52 60 61 53 52 62 54 53 62 53 61 63 54 62 63 55 54 64 56 55 64 30 29 64 29 56 64 55 63 65 57 14 65 14 15 66 58 57 66 57 65 67 59 58 67 58 66 68 61 60 68 59 67 68 60 59 69 61 68 70 62 61 70 61 69 71 63 62 71 62 70 72 31 30 72 30 64 72 64 63 72 63 71 73 15 16 73 16 17 73 17 26 73 65 15 74 26 25 74 66 65 74 65 73 74 73 26 75 24 23 75 25 24 75 66 74 75 67 66 75 74 25 76 68 67 76 67 75 76 75 23 77 22 21 77 23 22 77 69 68 77 68 76 77 76 23 78 70 69 78 71 70 78 69 77 78 77 21 79 21 20 79 78 21 79 71 78 80 20 19 80 32 31 80 31 72 80 72 71 80 79 20 80 19 32 80 71 79 
14 12 1 0 0.00684533060294545
24.4 6.129061917913 2.5 24.4 6.129061917913 67.5 23.496116504854 7.747008736803 2.5 23.7552325087024 7.55538283169669 2.5 23.9782348157708 7.32272092677743 2.5 24.1587075328734 7.05571682692116 2.5 24.2914583654057 6.7620523799405 2.5 24.3726680023793 6.4501764657998 2.5 23.496116504854 7.747008736803 67.5 23.7552325087024 7.55538283169669 67.5 23.9782348157708 7.32272092677743 67.5 24.1587075328734 7.05571682692116 67.5 24.2914583654057 6.7620523799405 67.5 24.3726680023793 6.4501764657998 67.5 1.0902390101819e-13 2.5 1.0902390101819e-13 67.5 1.018936532095 2.5 0.849113776745851 2.5 0.679291021396703 2.5 0.509468266047554 2.5 0.339645510698406 2.5 0.169822755349258 2.5 1.018936532095 67.5 0.849113776745851 67.5 0.679291021396703 67.5 0.509468266047554 67.5 0.339645510698406 67.5 0.169822755349258 67.5 14 2 1 14 1 8 13 8 7 13 14 8 12 6 5 12 7 6 12 13 7 11 12 5 10 5 4 10 11 5 9 4 3 9 10 4 
20 18 1 0 0.00723007362569315
22.5 6.129061917913 69.4 22.8299315375672 6.129061917913 69.3711347307232 23.1498382723188 6.129061917913 69.2854159794932 23.45 6.129061917913 69.1454482671904 23.7212964584044 6.12906191791299 68.9554844419261 23.9554844419261 6.12906191791299 68.7212964584044 24.1454482671904 6.12906191791299 68.45 24.2854159794932 6.12906191791299 68.1498382723188 24.3711347307232 6.12906191791299 67.8299315375672 24.4 6.129061917913 67.5 22.5 -6.129061917913 69.4 22.8299315375672 -6.129061917913 69.3711347307232 23.1498382723188 -6.129061917913 69.2854159794932 23.45 -6.129061917913 69.1454482671904 23.7212964584044 -6.129061917913 68.9554844419261 23.9554844419261 -6.129061917913 68.7212964584044 24.1454482671904 -6.129061917913 68.45 24.2854159794932 -6.129061917913 68.1498382723188 24.3711347307232 -6.129061917913 67.8299315375672 24.4 -6.129061917913 67.5 4.71238898038459 6.129061917913 4.88692190558371 6.129061917913 5.06145483078314 6.129061917913 5.23598775598257 6.129061917913 5.41052068118201 6.129061917913 5.58505360638144 6.129061917913 5.75958653158087 6.129061917913 5.93411945678031 6.129061917913 6.10865238197974 6.129061917913 6.28318530717959 6.129061917913 4.71238898038428 -6.129061917913 4.88692190558371 -6.129061917913 5.06145483078314 -6.129061917913 5.23598775598257 -6.129061917913 5.41052068118201 -6.129061917913 5.58505360638144 -6.129061917913 5.75958653158087 -6.129061917913 5.93411945678031 -6.129061917913 6.10865238197974 -6.129061917913 6.28318530717959 -6.129061917913 1 11 12 2 1 12 3 12 13 3 13 14 3 2 12 4 3 14 5 14 15 5 4 14 6 15 16 6 16 17 6 5 15 7 6 17 8 17 18 8 7 17 9 18 19 9 8 18 10 19 20 10 9 19 
370 648 1 0 0.0285970330898608
7.5 0 69.4 7.38605814759156 1.30236133250198 69.4 7.04769465589431 2.56515107494252 69.4 6.49519052838329 3.75 69.4 5.74533332339233 4.82090707264904 69.4 4.82090707264905 5.74533332339233 69.4 3.75 6.49519052838329 69.4 2.56515107494252 7.04769465589431 69.4 1.30236133250198 7.38605814759156 69.4 4.59242549680257e-16 7.5 69.4 -1.30236133250198 7.38605814759156 69.4 -2.56515107494252 7.04769465589431 69.4 -3.75 6.49519052838329 69.4 -4.82090707264904 5.74533332339234 69.4 -5.74533332339233 4.82090707264905 69.4 -6.49519052838329 3.75000000000001 69.4 -7.04769465589431 2.56515107494252 69.4 -7.38605814759156 1.30236133250199 69.4 -7.5 1.09104923209869e-14 69.4 -7.38605814759156 -1.30236133250197 69.4 -7.04769465589432 -2.5651510749425 69.4 -6.4951905283833 -3.74999999999999 69.4 -5.74533332339235 -4.82090707264903 69.4 -4.82090707264906 -5.74533332339232 69.4 -3.75000000000001 -6.49519052838328 69.4 -2.56515107494253 -7.04769465589431 69.4 -1.302361332502 -7.38605814759156 69.4 -2.13617420922936e-14 -7.5 69.4 1.30236133250195 -7.38605814759156 69.4 2.56515107494249 -7.04769465589432 69.4 3.74999999999998 -6.4951905283833 69.4 4.82090707264902 -5.74533332339235 69.4 5.74533332339232 -4.82090707264907 69.4 6.49519052838327 -3.75000000000003 69.4 7.0476946558943 -2.56515107494255 69.4 7.38605814759155 -1.30236133250201 69.4 7.5 0 69.4 7.39581109339984 -1.81145127652609e-15 69.4091153481927 7.2947879140046 -1.78670773386887e-15 69.4361844275285 7.2 -1.76349139077215e-15 69.4803847577293 7.11432743418808 -1.74250766407288e-15 69.5403733341286 7.04037333412861 -1.72439413368855e-15 69.6143274341881 6.98038475772934 -1.709701170074e-15 69.7 6.93618442752846 -1.69887521149364e-15 69.7947879140046 6.90911534819268 -1.69224519922076e-15 69.8958110933998 6.9 -1.690012582823e-15 70 6.79517349578424 1.19817242590182 70 6.48387908342277 2.35993898894711 70 5.97557528611263 3.45 70 5.28570665752095 4.43523450683712 70 4.43523450683712 5.28570665752095 70 3.45 5.97557528611263 70 2.35993898894711 6.48387908342277 70 1.19817242590182 6.79517349578424 70 4.22503145705837e-16 6.9 70 -1.19817242590182 6.79517349578424 70 -2.35993898894711 6.48387908342277 70 -3.45 5.97557528611263 70 -4.43523450683712 5.28570665752095 70 -5.28570665752095 4.43523450683712 70 -5.97557528611262 3.45000000000001 70 -6.48387908342277 2.35993898894712 70 -6.79517349578423 1.19817242590183 70 -6.9 1.0037652935308e-14 70 -6.79517349578424 -1.19817242590181 70 -6.48387908342277 -2.3599389889471 70 -5.97557528611263 -3.44999999999999 70 -5.28570665752096 -4.43523450683711 70 -4.43523450683713 -5.28570665752094 70 -3.45000000000001 -5.97557528611262 70 -2.35993898894713 -6.48387908342276 70 -1.19817242590184 -6.79517349578423 70 -1.96528027249101e-14 -6.9 70 1.1981724259018 -6.79517349578424 70 2.35993898894709 -6.48387908342278 70 3.44999999999998 -5.97557528611264 70 4.4352345068371 -5.28570665752097 70 5.28570665752093 -4.43523450683714 70 5.97557528611261 -3.45000000000002 70 6.48387908342276 -2.35993898894714 70 6.79517349578423 -1.19817242590185 70 6.9 -1.690012582823e-15 70 7.39581109339984 -1.81145127652609e-15 69.4091153481927 7.2947879140046 -1.78670773386887e-15 69.4361844275285 7.2 -1.76349139077215e-15 69.4803847577293 7.11432743418808 -1.74250766407288e-15 69.5403733341286 7.04037333412861 -1.72439413368855e-15 69.6143274341881 6.98038475772934 -1.709701170074e-15 69.7 6.93618442752846 -1.69887521149364e-15 69.7947879140046 6.90911534819268 -1.69224519922076e-15 69.8958110933998 7.28345210459385 -1.28426911873778 69.4091153481927 7.18396369429148 -1.26672662773368 69.4361844275285 7.09061582168789 -1.25026687920193 69.4803847577293 7.00624481465586 -1.23538999427264 69.5403733341286 6.93341424355026 -1.22254799956631 69.6143274341881 6.87433702842009 -1.21213109259375 69.7 6.83080820055256 -1.20445578580209 69.7947879140046 6.80415036135578 -1.19975528950431 69.8958110933998 6.94978910919438 -2.52951637017421 69.4091153481927 6.85485837298834 -2.49496440787824 69.4361844275285 6.76578686965853 -2.46254503194484 69.4803847577293 6.68528099176127 -2.43324328870677 69.5403733341286 6.61578686965853 -2.40794949680491 69.6143274341881 6.55941604708468 -2.38743219530693 69.7 6.51788132295861 -2.37231479203658 69.7947879140046 6.49244470885531 -2.36305662164246 69.8958110933998 6.40496028847501 -3.69790554669995 69.4091153481927 6.31747164874766 -3.64739395700232 69.4361844275285 6.23538290724794 -3.60000000000002 69.4803847577293 6.16118828884743 -3.55716371709406 69.5403733341286 6.09714215948191 -3.52018666706433 69.6143274341881 6.04519052838328 -3.49019237886469 69.7 6.00691191957365 -3.46809221376425 69.7947879140046 5.98346940921181 -3.45455767409636 69.8958110933998 5.66551999045662 -4.7539357344197 69.4091153481927 5.58813174525469 -4.68899928641329 69.4361844275285 5.51551999045663 -4.6280707897431 69.4803847577293 5.44989099748866 -4.57300152594914 69.5403733341286 5.39323887009224 -4.5254647467454 69.6143274341881 5.34728495449096 -4.48690483311321 69.7 5.31342553715655 -4.45849340851603 69.7947879140046 5.29268941935103 -4.44109373971337 69.8958110933998 4.75393573441966 -5.66551999045666 69.4091153481927 4.68899928641325 -5.58813174525472 69.4361844275285 4.62807078974306 -5.51551999045666 69.4803847577293 4.57300152594911 -5.44989099748869 69.5403733341286 4.52546474674536 -5.39323887009227 69.6143274341881 4.48690483311317 -5.34728495449099 69.7 4.458493408516 -5.31342553715658 69.7947879140046 4.44109373971333 -5.29268941935106 69.8958110933998 3.6979055466999 -6.40496028847504 69.4091153481927 3.64739395700228 -6.31747164874769 69.4361844275285 3.59999999999998 -6.23538290724797 69.4803847577293 3.55716371709402 -6.16118828884745 69.5403733341286 3.52018666706429 -6.09714215948194 69.6143274341881 3.49019237886465 -6.0451905283833 69.7 3.46809221376421 -6.00691191957368 69.7947879140046 3.45455767409632 -5.98346940921184 69.8958110933998 2.52951637017416 -6.9497891091944 69.4091153481927 2.49496440787819 -6.85485837298836 69.4361844275285 2.46254503194479 -6.76578686965855 69.4803847577293 2.43324328870672 -6.68528099176129 69.5403733341286 2.40794949680486 -6.61578686965855 69.6143274341881 2.38743219530688 -6.5594160470847 69.7 2.37231479203653 -6.51788132295863 69.7947879140046 2.36305662164242 -6.49244470885533 69.8958110933998 1.28426911873773 -7.28345210459386 69.4091153481927 1.26672662773363 -7.18396369429149 69.4361844275285 1.25026687920188 -7.0906158216879 69.4803847577293 1.23538999427259 -7.00624481465587 69.5403733341286 1.22254799956626 -6.93341424355027 69.6143274341881 1.2121310925937 -6.8743370284201 69.7 1.20445578580204 -6.83080820055257 69.7947879140046 1.19975528950426 -6.80415036135579 69.8958110933998 -1.9253536608878e-14 -7.39581109339984 69.4091153481927 -1.89905426710573e-14 -7.2947879140046 69.4361844275285 -1.87437810178297e-14 -7.2 69.4803847577293 -1.8520749377161e-14 -7.11432743418808 69.5403733341286 -1.83282244525936e-14 -7.04037333412861 69.6143274341881 -1.81720560165381e-14 -6.98038475772934 69.7 -1.80569891678991e-14 -6.93618442752846 69.7947879140046 -1.79865201546458e-14 -6.90911534819268 69.8958110933998 -1.28426911873777 -7.28345210459386 69.4091153481927 -1.26672662773366 -7.18396369429148 69.4361844275285 -1.25026687920192 -7.0906158216879 69.4803847577293 -1.23538999427262 -7.00624481465587 69.5403733341286 -1.2225479995663 -6.93341424355026 69.6143274341881 -1.21213109259373 -6.87433702842009 69.7 -1.20445578580207 -6.83080820055256 69.7947879140046 -1.19975528950429 -6.80415036135579 69.8958110933998 -2.5295163701742 -6.94978910919439 69.4091153481927 -2.49496440787822 -6.85485837298835 69.4361844275285 -2.46254503194483 -6.76578686965853 69.4803847577293 -2.43324328870676 -6.68528099176128 69.5403733341286 -2.4079494968049 -6.61578686965854 69.6143274341881 -2.38743219530692 -6.55941604708468 69.7 -2.37231479203657 -6.51788132295861 69.7947879140046 -2.36305662164245 -6.49244470885531 69.8958110933998 -3.69790554669993 -6.40496028847502 69.4091153481927 -3.64739395700231 -6.31747164874767 69.4361844275285 -3.60000000000001 -6.23538290724795 69.4803847577293 -3.55716371709405 -6.16118828884743 69.5403733341286 -3.52018666706432 -6.09714215948192 69.6143274341881 -3.49019237886468 -6.04519052838328 69.7 -3.46809221376424 -6.00691191957366 69.7947879140046 -3.45455767409635 -5.98346940921182 69.8958110933998 -4.75393573441969 -5.66551999045663 69.4091153481927 -4.68899928641328 -5.5881317452547 69.4361844275285 -4.62807078974309 -5.51551999045663 69.4803847577293 -4.57300152594913 -5.44989099748866 69.5403733341286 -4.52546474674539 -5.39323887009225 69.6143274341881 -4.4869048331132 -5.34728495449096 69.7 -4.45849340851602 -5.31342553715656 69.7947879140046 -4.44109373971336 -5.29268941935103 69.8958110933998 -5.66551999045665 -4.75393573441966 69.4091153481927 -5.58813174525471 -4.68899928641326 69.4361844275285 -5.51551999045665 -4.62807078974307 69.4803847577293 -5.44989099748868 -4.57300152594911 69.5403733341286 -5.39323887009227 -4.52546474674537 69.6143274341881 -5.34728495449098 -4.48690483311318 69.7 -5.31342553715657 -4.458493408516 69.7947879140046 -5.29268941935105 -4.44109373971334 69.8958110933998 -6.40496028847504 -3.69790554669991 69.4091153481927 -6.31747164874768 -3.64739395700229 69.4361844275285 -6.23538290724797 -3.59999999999999 69.4803847577293 -6.16118828884745 -3.55716371709403 69.5403733341286 -6.09714215948193 -3.5201866670643 69.6143274341881 -6.0451905283833 -3.49019237886466 69.7 -6.00691191957367 -3.46809221376422 69.7947879140046 -5.98346940921183 -3.45455767409633 69.8958110933998 -6.9497891091944 -2.52951637017417 69.4091153481927 -6.85485837298835 -2.4949644078782 69.4361844275285 -6.76578686965854 -2.4625450319448 69.4803847577293 -6.68528099176129 -2.43324328870673 69.5403733341286 -6.61578686965855 -2.40794949680487 69.6143274341881 -6.55941604708469 -2.38743219530689 69.7 -6.51788132295862 -2.37231479203654 69.7947879140046 -6.49244470885532 -2.36305662164243 69.8958110933998 -7.28345210459386 -1.28426911873774 69.4091153481927 -7.18396369429148 -1.26672662773364 69.4361844275285 -7.0906158216879 -1.25026687920189 69.4803847577293 -7.00624481465587 -1.2353899942726 69.5403733341286 -6.93341424355027 -1.22254799956627 69.6143274341881 -6.8743370284201 -1.21213109259371 69.7 -6.83080820055257 -1.20445578580205 69.7947879140046 -6.80415036135579 -1.19975528950427 69.8958110933998 -7.39581109339984 0 69.4091153481927 -7.2947879140046 0 69.4361844275285 -7.2 0 69.4803847577293 -7.11432743418808 0 69.5403733341286 -7.04037333412861 0 69.6143274341881 -6.98038475772934 0 69.7 -6.93618442752846 0 69.7947879140046 -6.90911534819268 0 69.8958110933998 -7.28345210459386 1.28426911873776 69.4091153481927 -7.18396369429148 1.26672662773365 69.4361844275285 -7.0906158216879 1.25026687920191 69.4803847577293 -7.00624481465587 1.23538999427261 69.5403733341286 -6.93341424355027 1.22254799956629 69.6143274341881 -6.87433702842009 1.21213109259372 69.7 -6.83080820055257 1.20445578580206 69.7947879140046 -6.80415036135579 1.19975528950428 69.8958110933998 -6.94978910919439 2.52951637017419 69.4091153481927 -6.85485837298835 2.49496440787821 69.4361844275285 -6.76578686965854 2.46254503194482 69.4803847577293 -6.68528099176128 2.43324328870675 69.5403733341286 -6.61578686965854 2.40794949680489 69.6143274341881 -6.55941604708469 2.38743219530691 69.7 -6.51788132295862 2.37231479203656 69.7947879140046 -6.49244470885532 2.36305662164244 69.8958110933998 -6.40496028847503 3.69790554669992 69.4091153481927 -6.31747164874767 3.6473939570023 69.4361844275285 -6.23538290724796 3.6 69.4803847577293 -6.16118828884744 3.55716371709404 69.5403733341286 -6.09714215948193 3.52018666706431 69.6143274341881 -6.04519052838329 3.49019237886467 69.7 -6.00691191957366 3.46809221376423 69.7947879140046 -5.98346940921182 3.45455767409634 69.8958110933998 -5.66551999045664 4.75393573441968 69.4091153481927 -5.5881317452547 4.68899928641327 69.4361844275285 -5.51551999045664 4.62807078974309 69.4803847577293 -5.44989099748867 4.57300152594913 69.5403733341286 -5.39323887009225 4.52546474674538 69.6143274341881 -5.34728495449097 4.4869048331132 69.7 -5.31342553715656 4.45849340851601 69.7947879140046 -5.29268941935104 4.44109373971335 69.8958110933998 -4.75393573441967 5.66551999045665 69.4091153481927 -4.68899928641327 5.58813174525471 69.4361844275285 -4.62807078974308 5.51551999045664 69.4803847577293 -4.57300152594912 5.44989099748868 69.5403733341286 -4.52546474674538 5.39323887009226 69.6143274341881 -4.48690483311319 5.34728495449098 69.7 -4.45849340851601 5.31342553715657 69.7947879140046 -4.44109373971335 5.29268941935104 69.8958110933998 -3.69790554669992 6.40496028847503 69.4091153481927 -3.6473939570023 6.31747164874768 69.4361844275285 -3.6 6.23538290724796 69.4803847577293 -3.55716371709404 6.16118828884744 69.5403733341286 -3.5201866670643 6.09714215948193 69.6143274341881 -3.49019237886467 6.04519052838329 69.7 -3.46809221376422 6.00691191957367 69.7947879140046 -3.45455767409634 5.98346940921183 69.8958110933998 -2.52951637017418 6.94978910919439 69.4091153481927 -2.49496440787821 6.85485837298835 69.4361844275285 -2.46254503194481 6.76578686965854 69.4803847577293 -2.43324328870674 6.68528099176128 69.5403733341286 -2.40794949680488 6.61578686965854 69.6143274341881 -2.3874321953069 6.55941604708469 69.7 -2.37231479203655 6.51788132295862 69.7947879140046 -2.36305662164244 6.49244470885532 69.8958110933998 -1.28426911873775 7.28345210459386 69.4091153481927 -1.26672662773365 7.18396369429148 69.4361844275285 -1.2502668792019 7.0906158216879 69.4803847577293 -1.23538999427261 7.00624481465587 69.5403733341286 -1.22254799956628 6.93341424355027 69.6143274341881 -1.21213109259372 6.87433702842009 69.7 -1.20445578580206 6.83080820055257 69.7947879140046 -1.19975528950428 6.80415036135579 69.8958110933998 0 7.39581109339984 69.4091153481927 0 7.2947879140046 69.4361844275285 0 7.2 69.4803847577293 0 7.11432743418808 69.5403733341286 0 7.04037333412861 69.6143274341881 0 6.98038475772934 69.7 0 6.93618442752846 69.7947879140046 0 6.90911534819268 69.8958110933998 1.28426911873775 7.28345210459386 69.4091153481927 1.26672662773364 7.18396369429148 69.4361844275285 1.2502668792019 7.0906158216879 69.4803847577293 1.23538999427261 7.00624481465587 69.5403733341286 1.22254799956628 6.93341424355027 69.6143274341881 1.21213109259371 6.8743370284201 69.7 1.20445578580205 6.83080820055257 69.7947879140046 1.19975528950427 6.80415036135579 69.8958110933998 2.52951637017418 6.94978910919439 69.4091153481927 2.4949644078782 6.85485837298835 69.4361844275285 2.46254503194481 6.76578686965854 69.4803847577293 2.43324328870674 6.68528099176128 69.5403733341286 2.40794949680488 6.61578686965854 69.6143274341881 2.3874321953069 6.55941604708469 69.7 2.37231479203655 6.51788132295862 69.7947879140046 2.36305662164243 6.49244470885532 69.8958110933998 3.69790554669992 6.40496028847503 69.4091153481927 3.6473939570023 6.31747164874768 69.4361844275285 3.6 6.23538290724796 69.4803847577293 3.55716371709404 6.16118828884744 69.5403733341286 3.52018666706431 6.09714215948193 69.6143274341881 3.49019237886467 6.04519052838329 69.7 3.46809221376423 6.00691191957367 69.7947879140046 3.45455767409634 5.98346940921182 69.8958110933998 4.75393573441967 5.66551999045664 69.4091153481927 4.68899928641327 5.5881317452547 69.4361844275285 4.62807078974308 5.51551999045664 69.4803847577293 4.57300152594912 5.44989099748867 69.5403733341286 4.52546474674538 5.39323887009226 69.6143274341881 4.48690483311319 5.34728495449097 69.7 4.45849340851601 5.31342553715656 69.7947879140046 4.44109373971335 5.29268941935104 69.8958110933998 5.66551999045664 4.75393573441968 69.4091153481927 5.5881317452547 4.68899928641327 69.4361844275285 5.51551999045664 4.62807078974309 69.4803847577293 5.44989099748867 4.57300152594913 69.5403733341286 5.39323887009225 4.52546474674538 69.6143274341881 5.34728495449097 4.4869048331132 69.7 5.31342553715656 4.45849340851601 69.7947879140046 5.29268941935104 4.44109373971335 69.8958110933998 6.40496028847503 3.69790554669992 69.4091153481927 6.31747164874767 3.6473939570023 69.4361844275285 6.23538290724796 3.6 69.4803847577293 6.16118828884744 3.55716371709404 69.5403733341286 6.09714215948193 3.52018666706431 69.6143274341881 6.04519052838329 3.49019237886467 69.7 6.00691191957366 3.46809221376423 69.7947879140046 5.98346940921182 3.45455767409634 69.8958110933998 6.94978910919439 2.52951637017418 69.4091153481927 6.85485837298835 2.49496440787821 69.4361844275285 6.76578686965854 2.46254503194481 69.4803847577293 6.68528099176128 2.43324328870674 69.5403733341286 6.61578686965854 2.40794949680488 69.6143274341881 6.55941604708469 2.3874321953069 69.7 6.51788132295862 2.37231479203655 69.7947879140046 6.49244470885532 2.36305662164244 69.8958110933998 7.28345210459386 1.28426911873775 69.4091153481927 7.18396369429148 1.26672662773365 69.4361844275285 7.0906158216879 1.2502668792019 69.4803847577293 7.00624481465587 1.23538999427261 69.5403733341286 6.93341424355027 1.22254799956628 69.6143274341881 6.87433702842009 1.21213109259372 69.7 6.83080820055257 1.20445578580206 69.7947879140046 6.80415036135579 1.19975528950428 69.8958110933998 6.28318530717917 1.5707963267949 6.10865238198015 1.5707963267949 5.93411945678072 1.5707963267949 5.75958653158129 1.5707963267949 5.58505360638185 1.5707963267949 5.41052068118242 1.5707963267949 5.23598775598299 1.5707963267949 5.06145483078356 1.5707963267949 4.88692190558412 1.5707963267949 4.71238898038469 1.5707963267949 4.53785605518526 1.5707963267949 4.36332312998582 1.5707963267949 4.18879020478639 1.5707963267949 4.01425727958696 1.5707963267949 3.83972435438753 1.5707963267949 3.66519142918809 1.5707963267949 3.49065850398866 1.5707963267949 3.31612557878923 1.5707963267949 3.14159265358979 1.5707963267949 2.96705972839036 1.5707963267949 2.79252680319093 1.5707963267949 2.6179938779915 1.5707963267949 2.44346095279206 1.5707963267949 2.26892802759263 1.5707963267949 2.0943951023932 1.5707963267949 1.91986217719376 1.5707963267949 1.74532925199433 1.5707963267949 1.5707963267949 1.5707963267949 1.39626340159547 1.5707963267949 1.22173047639603 1.5707963267949 1.0471975511966 1.5707963267949 0.872664625997168 1.5707963267949 0.698131700797735 1.5707963267949 0.523598775598303 1.5707963267949 0.34906585039887 1.5707963267949 0.174532925199437 1.5707963267949 0 1.5707963267949 6.28318530717917 1.74532925199433 6.28318530717917 1.91986217719376 6.28318530717917 2.0943951023932 6.28318530717917 2.26892802759263 6.28318530717917 2.44346095279206 6.28318530717917 2.61799387799149 6.28318530717917 2.79252680319093 6.28318530717917 2.96705972839036 6.28318530717959 3.14159265358979 6.10865238198015 3.14159265358979 5.93411945678072 3.14159265358979 5.75958653158129 3.14159265358979 5.58505360638185 3.14159265358979 5.41052068118242 3.14159265358979 5.23598775598299 3.14159265358979 5.06145483078356 3.14159265358979 4.88692190558412 3.14159265358979 4.71238898038469 3.14159265358979 4.53785605518526 3.14159265358979 4.36332312998582 3.14159265358979 4.18879020478639 3.14159265358979 4.01425727958696 3.14159265358979 3.83972435438753 3.14159265358979 3.66519142918809 3.14159265358979 3.49065850398866 3.14159265358979 3.31612557878923 3.14159265358979 3.14159265358979 3.14159265358979 2.96705972839036 3.14159265358979 2.79252680319093 3.14159265358979 2.6179938779915 3.14159265358979 2.44346095279206 3.14159265358979 2.26892802759263 3.14159265358979 2.0943951023932 3.14159265358979 1.91986217719376 3.14159265358979 1.74532925199433 3.14159265358979 1.5707963267949 3.14159265358979 1.39626340159547 3.14159265358979 1.22173047639603 3.14159265358979 1.0471975511966 3.14159265358979 0.872664625997168 3.14159265358979 0.698131700797735 3.14159265358979 0.523598775598303 3.14159265358979 0.34906585039887 3.14159265358979 0.174532925199437 3.14159265358979 0 3.14159265358979 0 1.74532925199433 0 1.91986217719376 0 2.0943951023932 0 2.26892802759263 0 2.44346095279206 0 2.61799387799149 0 2.79252680319093 0 2.96705972839036 0.174532925199437 1.74532925199433 0.174532925199437 1.91986217719376 0.174532925199437 2.0943951023932 0.174532925199437 2.26892802759263 0.174532925199437 2.44346095279206 0.174532925199437 2.61799387799149 0.174532925199437 2.79252680319093 0.174532925199437 2.96705972839036 0.34906585039887 1.74532925199433 0.34906585039887 1.91986217719376 0.34906585039887 2.0943951023932 0.34906585039887 2.26892802759263 0.34906585039887 2.44346095279206 0.34906585039887 2.61799387799149 0.34906585039887 2.79252680319093 0.34906585039887 2.96705972839036 0.523598775598303 1.74532925199433 0.523598775598303 1.91986217719376 0.523598775598303 2.0943951023932 0.523598775598303 2.26892802759263 0.523598775598303 2.44346095279206 0.523598775598303 2.61799387799149 0.523598775598303 2.79252680319093 0.523598775598303 2.96705972839036 0.698131700797735 1.74532925199433 0.698131700797735 1.91986217719376 0.698131700797735 2.0943951023932 0.698131700797735 2.26892802759263 0.698131700797735 2.44346095279206 0.698131700797735 2.61799387799149 0.698131700797735 2.79252680319093 0.698131700797735 2.96705972839036 0.872664625997168 1.74532925199433 0.872664625997168 1.91986217719376 0.872664625997168 2.0943951023932 0.872664625997168 2.26892802759263 0.872664625997168 2.44346095279206 0.872664625997168 2.61799387799149 0.872664625997168 2.79252680319093 0.872664625997168 2.96705972839036 1.0471975511966 1.74532925199433 1.0471975511966 1.91986217719376 1.0471975511966 2.0943951023932 1.0471975511966 2.26892802759263 1.0471975511966 2.44346095279206 1.0471975511966 2.61799387799149 1.0471975511966 2.79252680319093 1.0471975511966 2.96705972839036 1.22173047639603 1.74532925199433 1.22173047639603 1.91986217719376 1.22173047639603 2.0943951023932 1.22173047639603 2.26892802759263 1.22173047639603 2.44346095279206 1.22173047639603 2.61799387799149 1.22173047639603 2.79252680319093 1.22173047639603 2.96705972839036 1.39626340159547 1.74532925199433 1.39626340159547 1.91986217719376 1.39626340159547 2.0943951023932 1.39626340159547 2.26892802759263 1.39626340159547 2.44346095279206 1.39626340159547 2.61799387799149 1.39626340159547 2.79252680319093 1.39626340159547 2.96705972839036 1.5707963267949 1.74532925199433 1.5707963267949 1.91986217719376 1.5707963267949 2.0943951023932 1.5707963267949 2.26892802759263 1.5707963267949 2.44346095279206 1.5707963267949 2.61799387799149 1.5707963267949 2.79252680319093 1.5707963267949 2.96705972839036 1.74532925199433 1.74532925199433 1.74532925199433 1.91986217719376 1.74532925199433 2.0943951023932 1.74532925199433 2.26892802759263 1.74532925199433 2.44346095279206 1.74532925199433 2.61799387799149 1.74532925199433 2.79252680319093 1.74532925199433 2.96705972839036 1.91986217719376 1.74532925199433 1.91986217719376 1.91986217719376 1.91986217719376 2.0943951023932 1.91986217719376 2.26892802759263 1.91986217719376 2.44346095279206 1.91986217719376 2.61799387799149 1.91986217719376 2.79252680319093 1.91986217719376 2.96705972839036 2.0943951023932 1.74532925199433 2.0943951023932 1.91986217719376 2.0943951023932 2.0943951023932 2.0943951023932 2.26892802759263 2.0943951023932 2.44346095279206 2.0943951023932 2.61799387799149 2.0943951023932 2.79252680319093 2.0943951023932 2.96705972839036 2.26892802759263 1.74532925199433 2.26892802759263 1.91986217719376 2.26892802759263 2.0943951023932 2.26892802759263 2.26892802759263 2.26892802759263 2.44346095279206 2.26892802759263 2.61799387799149 2.26892802759263 2.79252680319093 2.26892802759263 2.96705972839036 2.44346095279206 1.74532925199433 2.44346095279206 1.91986217719376 2.44346095279206 2.0943951023932 2.44346095279206 2.26892802759263 2.44346095279206 2.44346095279206 2.44346095279206 2.61799387799149 2.44346095279206 2.79252680319093 2.44346095279206 2.96705972839036 2.6179938779915 1.74532925199433 2.6179938779915 1.91986217719376 2.6179938779915 2.0943951023932 2.6179938779915 2.26892802759263 2.6179938779915 2.44346095279206 2.6179938779915 2.61799387799149 2.6179938779915 2.79252680319093 2.6179938779915 2.96705972839036 2.79252680319093 1.74532925199433 2.79252680319093 1.91986217719376 2.79252680319093 2.0943951023932 2.79252680319093 2.26892802759263 2.79252680319093 2.44346095279206 2.79252680319093 2.61799387799149 2.79252680319093 2.79252680319093 2.79252680319093 2.96705972839036 2.96705972839036 1.74532925199433 2.96705972839036 1.91986217719376 2.96705972839036 2.0943951023932 2.96705972839036 2.26892802759263 2.96705972839036 2.44346095279206 2.96705972839036 2.61799387799149 2.96705972839036 2.79252680319093 2.96705972839036 2.96705972839036 3.14159265358979 1.74532925199433 3.14159265358979 1.91986217719376 3.14159265358979 2.0943951023932 3.14159265358979 2.26892802759263 3.14159265358979 2.44346095279206 3.14159265358979 2.61799387799149 3.14159265358979 2.79252680319093 3.14159265358979 2.96705972839036 3.31612557878923 1.74532925199433 3.31612557878923 1.91986217719376 3.31612557878923 2.0943951023932 3.31612557878923 2.26892802759263 3.31612557878923 2.44346095279206 3.31612557878923 2.61799387799149 3.31612557878923 2.79252680319093 3.31612557878923 2.96705972839036 3.49065850398866 1.74532925199433 3.49065850398866 1.91986217719376 3.49065850398866 2.0943951023932 3.49065850398866 2.26892802759263 3.49065850398866 2.44346095279206 3.49065850398866 2.61799387799149 3.49065850398866 2.79252680319093 3.49065850398866 2.96705972839036 3.66519142918809 1.74532925199433 3.66519142918809 1.91986217719376 3.66519142918809 2.0943951023932 3.66519142918809 2.26892802759263 3.66519142918809 2.44346095279206 3.66519142918809 2.61799387799149 3.66519142918809 2.79252680319093 3.66519142918809 2.96705972839036 3.83972435438753 1.74532925199433 3.83972435438753 1.91986217719376 3.83972435438753 2.0943951023932 3.83972435438753 2.26892802759263 3.83972435438753 2.44346095279206 3.83972435438753 2.61799387799149 3.83972435438753 2.79252680319093 3.83972435438753 2.96705972839036 4.01425727958696 1.74532925199433 4.01425727958696 1.91986217719376 4.01425727958696 2.0943951023932 4.01425727958696 2.26892802759263 4.01425727958696 2.44346095279206 4.01425727958696 2.61799387799149 4.01425727958696 2.79252680319093 4.01425727958696 2.96705972839036 4.18879020478639 1.74532925199433 4.18879020478639 1.91986217719376 4.18879020478639 2.0943951023932 4.18879020478639 2.26892802759263 4.18879020478639 2.44346095279206 4.18879020478639 2.61799387799149 4.18879020478639 2.79252680319093 4.18879020478639 2.96705972839036 4.36332312998582 1.74532925199433 4.36332312998582 1.91986217719376 4.36332312998582 2.0943951023932 4.36332312998582 2.26892802759263 4.36332312998582 2.44346095279206 4.36332312998582 2.61799387799149 4.36332312998582 2.79252680319093 4.36332312998582 2.96705972839036 4.53785605518526 1.74532925199433 4.53785605518526 1.91986217719376 4.53785605518526 2.0943951023932 4.53785605518526 2.26892802759263 4.53785605518526 2.44346095279206 4.53785605518526 2.61799387799149 4.53785605518526 2.79252680319093 4.53785605518526 2.96705972839036 4.71238898038469 1.74532925199433 4.71238898038469 1.91986217719376 4.71238898038469 2.0943951023932 4.71238898038469 2.26892802759263 4.71238898038469 2.44346095279206 4.71238898038469 2.61799387799149 4.71238898038469 2.79252680319093 4.71238898038469 2.96705972839036 4.88692190558412 1.74532925199433 4.88692190558412 1.91986217719376 4.88692190558412 2.0943951023932 4.88692190558412 2.26892802759263 4.88692190558412 2.44346095279206 4.88692190558412 2.61799387799149 4.88692190558412 2.79252680319093 4.88692190558412 2.96705972839036 5.06145483078356 1.74532925199433 5.06145483078356 1.91986217719376 5.06145483078356 2.0943951023932 5.06145483078356 2.26892802759263 5.06145483078356 2.44346095279206 5.06145483078356 2.61799387799149 5.06145483078356 2.79252680319093 5.06145483078356 2.96705972839036 5.23598775598299 1.74532925199433 5.23598775598299 1.91986217719376 5.23598775598299 2.0943951023932 5.23598775598299 2.26892802759263 5.23598775598299 2.44346095279206 5.23598775598299 2.61799387799149 5.23598775598299 2.79252680319093 5.23598775598299 2.96705972839036 5.41052068118242 1.74532925199433 5.41052068118242 1.91986217719376 5.41052068118242 2.0943951023932 5.41052068118242 2.26892802759263 5.41052068118242 2.44346095279206 5.41052068118242 2.61799387799149 5.41052068118242 2.79252680319093 5.41052068118242 2.96705972839036 5.58505360638185 1.74532925199433 5.58505360638185 1.91986217719376 5.58505360638185 2.0943951023932 5.58505360638185 2.26892802759263 5.58505360638185 2.44346095279206 5.58505360638185 2.61799387799149 5.58505360638185 2.79252680319093 5.58505360638185 2.96705972839036 5.75958653158129 1.74532925199433 5.75958653158129 1.91986217719376 5.75958653158129 2.0943951023932 5.75958653158129 2.26892802759263 5.75958653158129 2.44346095279206 5.75958653158129 2.61799387799149 5.75958653158129 2.79252680319093 5.75958653158129 2.96705972839036 5.93411945678072 1.74532925199433 5.93411945678072 1.91986217719376 5.93411945678072 2.0943951023932 5.93411945678072 2.26892802759263 5.93411945678072 2.44346095279206 5.93411945678072 2.61799387799149 5.93411945678072 2.79252680319093 5.93411945678072 2.96705972839036 6.10865238198015 1.74532925199433 6.10865238198015 1.91986217719376 6.10865238198015 2.0943951023932 6.10865238198015 2.26892802759263 6.10865238198015 2.44346095279206 6.10865238198015 2.61799387799149 6.10865238198015 2.79252680319093 6.10865238198015 2.96705972839036 46 47 45 91 37 36 91 83 37 92 83 91 92 84 83 93 85 84 93 84 92 94 85 93 94 86 85 95 86 94 95 87 86 96 87 95 96 88 87 97 88 96 97 89 88 98 81 82 98 90 89 98 82 90 98 89 97 99 91 36 99 35 34 99 36 35 100 91 99 100 92 91 101 92 100 101 93 92 102 94 93 102 93 101 103 94 102 103 95 94 104 95 103 104 96 95 105 97 96 105 96 104 106 97 105 106 98 97 106 79 80 106 80 81 106 81 98 107 99 34 108 100 99 108 99 107 109 101 100 109 100 108 110 102 101 110 103 102 110 101 109 111 103 110 112 103 111 112 104 103 113 104 112 113 105 104 114 106 105 114 79 106 114 105 113 115 107 34 115 34 33 116 108 107 116 107 115 117 108 116 117 109 108 118 110 109 118 109 117 119 111 110 119 110 118 120 112 111 120 111 119 121 112 120 121 113 112 122 114 113 122 113 121 122 79 114 122 78 79 123 115 33 123 33 32 123 116 115 124 116 123 125 118 117 125 117 116 125 116 124 126 118 125 127 119 118 127 120 119 127 118 126 128 120 127 129 121 120 129 120 128 130 121 129 130 78 122 130 122 121 130 77 78 131 31 30 131 32 31 131 123 32 132 124 123 132 123 131 132 125 124 133 125 132 134 126 125 134 125 133 135 127 126 135 126 134 136 128 127 136 129 128 136 127 135 137 129 136 138 129 137 138 130 129 138 76 77 138 77 130 139 131 30 140 131 139 140 132 131 141 133 132 141 132 140 142 134 133 142 133 141 143 135 134 143 136 135 143 134 142 144 136 143 144 137 136 145 137 144 146 138 137 146 76 138 146 137 145 146 75 76 147 29 28 147 30 29 147 139 30 148 140 139 148 141 140 148 139 147 149 142 141 149 141 148 150 142 149 151 143 142 151 142 150 152 144 143 152 143 151 153 144 152 153 145 144 154 146 145 154 75 146 154 145 153 154 74 75 155 147 28 156 149 148 156 148 147 156 147 155 157 149 156 158 150 149 158 149 157 159 151 150 159 152 151 159 150 158 160 152 159 161 153 152 161 154 153 161 152 160 162 74 154 162 72 73 162 73 74 162 154 161 163 28 27 163 155 28 164 155 163 164 156 155 164 157 156 165 157 164 166 158 157 166 159 158 166 157 165 167 159 166 168 159 167 168 160 159 169 160 168 169 161 160 169 162 161 170 162 169 170 72 162 171 27 26 171 163 27 172 163 171 172 164 163 173 166 165 173 164 172 173 165 164 174 167 166 174 166 173 175 167 174 176 167 175 176 168 167 177 169 168 177 168 176 178 170 169 178 72 170 178 71 72 178 169 177 179 25 24 179 26 25 179 171 26 179 172 171 180 172 179 181 172 180 181 173 172 182 174 173 182 173 181 183 176 175 183 174 182 183 175 174 184 176 183 185 177 176 185 178 177 185 176 184 186 178 185 186 71 178 186 69 70 186 70 71 187 179 24 188 180 179 188 179 187 189 181 180 189 180 188 190 182 181 190 181 189 191 183 182 191 182 190 192 184 183 192 183 191 193 184 192 193 185 184 194 186 185 194 185 193 194 69 186 195 24 23 195 187 24 195 188 187 196 188 195 197 189 188 197 188 196 198 190 189 198 189 197 199 191 190 199 190 198 200 192 191 200 191 199 201 193 192 201 192 200 202 67 68 202 68 69 202 194 193 202 69 194 202 193 201 203 23 22 203 195 23 203 196 195 204 196 203 204 197 196 205 197 204 206 197 205 206 198 197 207 200 199 207 198 206 207 199 198 208 200 207 209 202 201 209 201 200 209 200 208 210 67 202 210 202 209 211 204 203 211 22 21 211 203 22 212 205 204 212 204 211 213 205 212 214 205 213 214 206 205 215 207 206 215 206 214 215 208 207 216 208 215 217 208 216 217 209 208 217 210 209 218 67 210 218 210 217 218 65 66 218 66 67 219 21 20 219 211 21 220 212 211 220 213 212 220 211 219 221 213 220 222 214 213 222 213 221 223 215 214 223 216 215 223 214 222 224 216 223 225 217 216 225 218 217 225 216 224 226 218 225 226 65 218 227 20 19 227 220 219 227 219 20 228 220 227 229 221 220 229 220 228 230 222 221 230 221 229 231 223 222 231 222 230 232 224 223 232 223 231 233 225 224 233 224 232 234 64 65 234 226 225 234 65 226 234 225 233 235 18 17 235 19 18 235 227 19 236 228 227 236 227 235 237 228 236 237 229 228 238 229 237 238 230 229 238 231 230 239 231 238 239 232 231 240 232 239 241 233 232 241 234 233 241 232 240 242 234 241 242 63 64 242 64 234 243 235 17 244 235 243 244 236 235 245 237 236 245 236 244 246 237 245 246 238 237 247 239 238 247 238 246 248 240 239 248 239 247 249 241 240 249 240 248 250 63 242 250 241 249 250 62 63 250 242 241 251 16 15 251 17 16 251 243 17 252 244 243 252 243 251 253 245 244 253 244 252 254 246 245 254 245 253 255 247 246 255 246 254 256 248 247 256 247 255 257 249 248 257 248 256 258 250 249 258 62 250 258 61 62 258 249 257 259 15 14 259 251 15 260 252 251 260 251 259 261 253 252 261 252 260 262 254 253 262 253 261 263 255 254 263 254 262 264 256 255 264 255 263 265 256 264 265 257 256 266 59 60 266 60 61 266 61 258 266 258 257 266 257 265 267 259 14 268 259 267 268 260 259 269 260 268 269 261 260 269 262 261 270 262 269 271 262 270 271 263 262 271 264 263 272 264 271 273 264 272 273 265 264 274 265 273 274 58 59 274 59 266 274 266 265 275 13 12 275 14 13 275 267 14 276 268 267 276 267 275 277 268 276 277 269 268 278 269 277 278 270 269 279 270 278 279 271 270 280 272 271 280 271 279 281 273 272 281 272 280 282 273 281 282 58 274 282 274 273 283 275 12 283 276 275 284 276 283 284 277 276 285 277 284 286 278 277 286 279 278 286 277 285 287 280 279 287 279 286 288 280 287 289 281 280 289 280 288 290 282 281 290 58 282 290 57 58 290 281 289 291 283 12 291 12 11 292 284 283 292 285 284 292 283 291 293 285 292 293 286 285 294 287 286 294 286 293 295 287 294 295 288 287 296 289 288 296 288 295 297 289 296 298 56 57 298 57 290 298 290 289 298 289 297 299 11 10 299 291 11 299 292 291 300 292 299 301 293 292 301 292 300 302 294 293 302 293 301 303 294 302 303 295 294 304 295 303 304 296 295 304 297 296 305 297 304 306 297 305 306 55 56 306 56 298 306 298 297 307 9 8 307 10 9 307 299 10 308 299 307 308 300 299 309 301 300 309 300 308 310 302 301 310 301 309 311 302 310 311 303 302 312 304 303 312 303 311 313 305 304 313 304 312 314 306 305 314 55 306 314 305 313 314 54 55 315 308 307 315 307 8 316 309 308 316 308 315 317 310 309 317 309 316 318 311 310 318 310 317 319 312 311 319 311 318 320 313 312 320 312 319 321 313 320 322 313 321 322 314 313 322 54 314 322 53 54 323 8 7 323 315 8 324 316 315 324 315 323 325 317 316 325 316 324 326 318 317 326 319 318 326 317 325 327 319 326 328 320 319 328 321 320 328 319 327 329 321 328 330 52 53 330 322 321 330 53 322 330 321 329 331 7 6 331 324 323 331 323 7 332 324 331 332 325 324 333 325 332 333 326 325 334 327 326 334 326 333 335 327 334 336 327 335 336 328 327 336 329 328 337 329 336 338 329 337 338 51 52 338 52 330 338 330 329 339 6 5 339 331 6 340 331 339 340 332 331 340 333 332 341 334 333 341 333 340 342 334 341 343 335 334 343 334 342 344 336 335 344 335 343 345 336 344 345 337 336 346 338 337 346 51 338 346 337 345 346 50 51 347 4 3 347 5 4 347 339 5 348 339 347 348 340 339 349 341 340 349 340 348 350 342 341 350 343 342 350 341 349 351 343 350 352 344 343 352 343 351 352 345 344 353 345 352 354 345 353 354 346 345 354 50 346 354 49 50 355 3 2 355 347 3 355 348 347 356 349 348 356 348 355 357 350 349 357 349 356 358 350 357 359 351 350 359 350 358 360 352 351 360 353 352 360 351 359 361 353 360 362 48 49 362 354 353 362 49 354 362 353 361 363 2 1 363 1 38 363 355 2 363 356 355 364 38 39 364 39 40 364 356 363 364 357 356 364 363 38 365 357 364 365 364 40 366 40 41 366 41 42 366 357 365 366 358 357 366 359 358 366 365 40 367 42 43 367 360 359 367 366 42 367 359 366 368 367 43 368 361 360 368 360 367 369 361 368 369 43 44 369 44 45 369 368 43 369 362 361 370 369 45 370 362 369 370 47 48 370 48 362 370 45 47 
52 77 1 0 0.0232637284369088
23.496116504854 7.747008736803 2.5 23.7552325087024 7.55538283169669 2.5 23.9782348157708 7.32272092677743 2.5 24.1587075328734 7.05571682692116 2.5 24.2914583654057 6.7620523799405 2.5 24.3726680023793 6.4501764657998 2.5 24.4 6.129061917913 2.5 22.5 6.129061917913 0.6 22.8299315375672 6.129061917913 0.628865269276805 23.1498382723188 6.129061917913 0.714584020506774 23.45 6.129061917913 0.854551732809566 23.7212964584044 6.12906191791299 1.04451555807394 23.9554844419261 6.12906191791299 1.27870354159557 24.1454482671904 6.12906191791299 1.55 24.2854159794932 6.12906191791299 1.85016172768123 24.3711347307232 6.12906191791299 2.17006846243283 22.5 6.129061917913 0.6 22.6729738158118 6.41001543457534 0.628865269276805 22.8406919097591 6.68243232080324 0.714584020506774 22.9980582524269 6.93803532735826 0.854551732809566 23.1402913471243 7.16905808622757 1.04451555807394 23.2630695132423 7.3684810877861 1.27870354159557 23.3626621983323 7.5302449650444 1.55 23.4360433290541 7.64943460444845 1.85016172768123 23.4809832568834 7.72242848911781 2.17006846243283 22.9205969041189 6.17206700693418 0.647636966854535 22.9031901892693 6.2562973874689 0.647636966854535 22.8690971493754 6.3352620337207 0.647636966854535 23.3073203339706 6.29589952159589 0.788159150985404 22.8197287501812 6.40569293523336 0.647636966854535 23.2568500127763 6.45583242730061 0.788159150985404 23.6784863372135 6.24955949967308 1.01452018331074 22.7571281395059 6.46467525690652 0.647636966854535 23.1750568924191 6.60224169309628 0.788159150985404 23.62971380602 6.48556778139453 1.01452018331074 23.0653260418538 6.72906806292063 0.788159150985404 23.5341872310129 6.70682180352191 1.01452018331074 23.9547409746641 6.42969289174045 1.31536937646841 23.3958600503544 6.90416480423699 1.01452018331074 23.8637965983661 6.71788202972671 1.31536937646841 24.2029620980365 6.30318596853854 1.67562089567664 23.2204570370188 7.0694295970784 1.01452018331074 23.7164104882651 6.98170241063539 1.31536937646841 24.1324837484578 6.64422781680016 1.67562089567664 23.5186823278495 7.21023563231704 1.31536937646841 23.9944438480742 6.96394914221829 1.67562089567664 24.3140323240982 6.50394261052155 2.077210225483 23.7945552805525 7.24911804059109 1.67562089567664 24.2006265417817 6.86330858760333 2.077210225483 23.5410905825245 7.48793258553883 1.67562089567664 24.0168390686145 7.19228722164144 2.077210225483 23.7702760854958 7.47726348785029 2.077210225483 6.28318530717959 0 6.11336255183044 0 5.94353979648129 0 5.77371704113214 0 5.60389428578299 0 5.43407153043384 0 5.26424877508469 0 5.26424877508467 -1.5707963267949 5.26424877508469 -1.39626340159546 5.26424877508469 -1.22173047639603 5.26424877508469 -1.0471975511966 5.26424877508469 -0.872664625997167 5.26424877508469 -0.698131700797734 5.26424877508469 -0.5235987755983 5.26424877508469 -0.349065850398866 5.26424877508469 -0.174532925199434 6.28318530717957 -1.5707963267949 6.28318530717959 -1.39626340159546 6.28318530717959 -1.22173047639603 6.28318530717958 -1.0471975511966 6.28318530717959 -0.872664625997166 6.28318530717959 -0.698131700797732 6.28318530717959 -0.5235987755983 6.28318530717959 -0.349065850398867 6.28318530717958 -0.174532925199435 5.36614242829416 -1.34639685153848 5.56992973471315 -1.34639685153848 5.77371704113213 -1.34639685153848 5.46803608150366 -1.12199737628207 5.97750434755111 -1.34639685153848 5.67182338792264 -1.12199737628207 5.36614242829416 -0.897597901025655 6.1812916539701 -1.34639685153848 5.87561069434162 -1.12199737628207 5.56992973471315 -0.897597901025655 6.07939800076061 -1.12199737628207 5.77371704113213 -0.897597901025655 5.46803608150366 -0.673198425769241 5.97750434755111 -0.897597901025655 5.67182338792264 -0.673198425769241 5.36614242829416 -0.448798950512828 6.1812916539701 -0.897597901025655 5.87561069434162 -0.673198425769241 5.56992973471315 -0.448798950512828 6.07939800076061 -0.673198425769241 5.77371704113213 -0.448798950512828 5.46803608150366 -0.224399475256414 5.97750434755111 -0.448798950512828 5.67182338792264 -0.224399475256414 6.1812916539701 -0.448798950512828 5.87561069434162 -0.224399475256414 6.07939800076061 -0.224399475256414 6 7 16 1 2 25 26 10 9 27 9 8 27 10 26 27 26 9 28 8 17 28 27 8 29 11 10 29 10 27 30 17 18 30 28 17 31 29 27 31 27 28 32 12 11 32 13 12 32 11 29 33 18 19 33 19 30 33 30 18 34 28 30 34 31 28 35 29 31 35 32 29 36 19 20 36 34 30 36 30 19 37 35 31 37 31 34 38 14 13 38 13 32 38 32 35 39 34 36 39 37 34 40 35 37 40 38 35 41 15 14 41 14 38 42 20 21 42 21 22 42 39 36 42 36 20 43 37 39 43 40 37 44 15 41 44 38 40 44 41 38 45 22 23 45 43 39 45 42 22 45 39 42 46 44 40 46 40 43 47 5 6 47 16 15 47 6 16 47 15 44 48 46 43 48 43 45 49 4 5 49 47 44 49 5 47 49 44 46 50 48 45 50 24 48 50 23 24 50 45 23 51 3 4 51 46 48 51 49 46 51 4 49 52 2 3 52 48 24 52 3 51 52 24 25 52 51 48 52 25 2 
52 77 1 0 0.0232637284369089
22.5 6.129061917913 69.4 22.6729738158118 6.41001543457534 69.3711347307232 22.8406919097591 6.68243232080324 69.2854159794932 22.9980582524269 6.93803532735826 69.1454482671904 23.1402913471243 7.16905808622757 68.9554844419261 23.2630695132423 7.3684810877861 68.7212964584044 23.3626621983323 7.5302449650444 68.45 23.4360433290541 7.64943460444845 68.1498382723188 23.4809832568834 7.72242848911781 67.8299315375672 23.496116504854 7.747008736803 67.5 22.5 6.129061917913 69.4 22.8299315375672 6.129061917913 69.3711347307232 23.1498382723188 6.129061917913 69.2854159794932 23.45 6.129061917913 69.1454482671904 23.7212964584044 6.12906191791299 68.9554844419261 23.9554844419261 6.12906191791299 68.7212964584044 24.1454482671904 6.12906191791299 68.45 24.2854159794932 6.12906191791299 68.1498382723188 24.3711347307232 6.12906191791299 67.8299315375672 24.4 6.129061917913 67.5 23.7552325087024 7.55538283169669 67.5 23.9782348157708 7.32272092677743 67.5 24.1587075328734 7.05571682692116 67.5 24.2914583654057 6.7620523799405 67.5 24.3726680023793 6.4501764657998 67.5 22.7571281395059 6.46467525690652 69.3523630331455 22.8197287501812 6.40569293523336 69.3523630331455 22.8690971493754 6.3352620337207 69.3523630331455 23.0653260418538 6.72906806292063 69.2118408490146 22.9031901892693 6.2562973874689 69.3523630331455 23.1750568924191 6.60224169309627 69.2118408490146 23.2204570370188 7.0694295970784 68.9854798166893 22.9205969041189 6.17206700693418 69.3523630331455 23.2568500127763 6.45583242730061 69.2118408490146 23.3958600503545 6.90416480423699 68.9854798166893 23.3073203339706 6.29589952159589 69.2118408490146 23.5341872310129 6.70682180352191 68.9854798166893 23.5186823278495 7.21023563231704 68.6846306235316 23.62971380602 6.48556778139453 68.9854798166893 23.7164104882651 6.98170241063539 68.6846306235316 23.5410905825245 7.48793258553883 68.3243791043234 23.6784863372135 6.24955949967308 68.9854798166893 23.8637965983661 6.71788202972671 68.6846306235316 23.7945552805525 7.24911804059109 68.3243791043234 23.9547409746641 6.42969289174045 68.6846306235316 23.9944438480742 6.96394914221829 68.3243791043234 23.7702760854958 7.47726348785029 67.922789774517 24.1324837484578 6.64422781680016 68.3243791043234 24.0168390686145 7.19228722164143 67.922789774517 24.2029620980365 6.30318596853854 68.3243791043234 24.2006265417817 6.86330858760333 67.922789774517 24.3140323240982 6.50394261052154 67.922789774517 0 -1.5707963267949 0 -1.39626340159546 0 -1.22173047639603 0 -1.0471975511966 0 -0.872664625997166 0 -0.698131700797733 0 -0.5235987755983 0 -0.349065850398867 0 -0.174532925199435 0 0 1.01893653209491 -1.5707963267949 1.01893653209489 -1.39626340159546 1.0189365320949 -1.22173047639603 1.01893653209489 -1.0471975511966 1.0189365320949 -0.872664625997166 1.0189365320949 -0.698131700797734 1.01893653209489 -0.523598775598303 1.01893653209489 -0.349065850398868 1.0189365320949 -0.174532925199433 1.01893653209489 0 0.169822755349148 0 0.339645510698297 0 0.509468266047445 0 0.679291021396594 0 0.849113776745742 0 0.101893653209491 -1.34639685153848 0.305680959628474 -1.34639685153848 0.509468266047457 -1.34639685153848 0.203787306418983 -1.12199737628207 0.71325557246644 -1.34639685153848 0.407574612837966 -1.12199737628207 0.101893653209491 -0.897597901025655 0.917042878885423 -1.34639685153848 0.611361919256949 -1.12199737628207 0.305680959628474 -0.897597901025655 0.815149225675932 -1.12199737628207 0.509468266047457 -0.897597901025655 0.203787306418983 -0.673198425769241 0.71325557246644 -0.897597901025655 0.407574612837966 -0.673198425769241 0.101893653209491 -0.448798950512828 0.917042878885423 -0.897597901025655 0.611361919256949 -0.673198425769241 0.305680959628474 -0.448798950512828 0.815149225675932 -0.673198425769241 0.509468266047457 -0.448798950512828 0.203787306418983 -0.224399475256414 0.71325557246644 -0.448798950512828 0.407574612837966 -0.224399475256414 0.917042878885423 -0.448798950512828 0.611361919256949 -0.224399475256414 0.815149225675932 -0.224399475256414 21 10 9 20 25 19 26 3 2 27 2 1 27 26 2 27 3 26 28 1 11 28 27 1 29 4 3 29 3 27 30 11 12 30 28 11 31 29 27 31 27 28 32 5 4 32 6 5 32 4 29 33 12 13 33 13 30 33 30 12 34 28 30 34 31 28 35 29 31 35 32 29 36 13 14 36 30 13 36 34 30 37 35 31 37 31 34 38 7 6 38 6 32 38 32 35 39 34 36 39 37 34 40 35 37 40 38 35 41 8 7 41 7 38 42 14 15 42 15 16 42 36 14 42 39 36 43 37 39 43 40 37 44 8 41 44 38 40 44 41 38 45 16 17 45 43 39 45 42 16 45 39 42 46 44 40 46 40 43 47 9 8 47 22 21 47 21 9 47 8 44 48 43 45 48 46 43 49 47 44 49 23 22 49 22 47 49 44 46 50 18 48 50 17 18 50 45 17 50 48 45 51 23 49 51 49 46 51 24 23 51 46 48 52 51 48 52 48 18 52 18 19 52 24 51 52 25 24 52 19 25 
74 72 1 0 0.0262565831669568
6.9 0 77 6.79517349578424 1.19817242590182 77 6.48387908342277 2.35993898894711 77 5.97557528611263 3.45 77 5.28570665752095 4.43523450683712 77 4.43523450683712 5.28570665752095 77 3.45 5.97557528611263 77 2.35993898894711 6.48387908342277 77 1.19817242590182 6.79517349578424 77 4.22503145705837e-16 6.9 77 -1.19817242590182 6.79517349578424 77 -2.35993898894711 6.48387908342277 77 -3.45 5.97557528611263 77 -4.43523450683712 5.28570665752095 77 -5.28570665752095 4.43523450683712 77 -5.97557528611262 3.45000000000001 77 -6.48387908342277 2.35993898894712 77 -6.79517349578423 1.19817242590183 77 -6.9 1.0037652935308e-14 77 -6.79517349578424 -1.19817242590181 77 -6.48387908342277 -2.3599389889471 77 -5.97557528611263 -3.44999999999999 77 -5.28570665752096 -4.43523450683711 77 -4.43523450683713 -5.28570665752094 77 -3.45000000000001 -5.97557528611262 77 -2.35993898894713 -6.48387908342276 77 -1.19817242590184 -6.79517349578423 77 -1.96528027249101e-14 -6.9 77 1.1981724259018 -6.79517349578424 77 2.35993898894709 -6.48387908342278 77 3.44999999999998 -5.97557528611264 77 4.4352345068371 -5.28570665752097 77 5.28570665752093 -4.43523450683714 77 5.97557528611261 -3.45000000000002 77 6.48387908342276 -2.35993898894714 77 6.79517349578423 -1.19817242590185 77 6.9 0 77 6.9 -1.690012582823e-15 70 6.79517349578424 1.19817242590182 70 6.48387908342277 2.35993898894711 70 5.97557528611263 3.45 70 5.28570665752095 4.43523450683712 70 4.43523450683712 5.28570665752095 70 3.45 5.97557528611263 70 2.35993898894711 6.48387908342277 70 1.19817242590182 6.79517349578424 70 4.22503145705837e-16 6.9 70 -1.19817242590182 6.79517349578424 70 -2.35993898894711 6.48387908342277 70 -3.45 5.97557528611263 70 -4.43523450683712 5.28570665752095 70 -5.28570665752095 4.43523450683712 70 -5.97557528611262 3.45000000000001 70 -6.48387908342277 2.35993898894712 70 -6.79517349578423 1.19817242590183 70 -6.9 1.0037652935308e-14 70 -6.79517349578424 -1.19817242590181 70 -6.48387908342277 -2.3599389889471 70 -5.97557528611263 -3.44999999999999 70 -5.28570665752096 -4.43523450683711 70 -4.43523450683713 -5.28570665752094 70 -3.45000000000001 -5.97557528611262 70 -2.35993898894713 -6.48387908342276 70 -1.19817242590184 -6.79517349578423 70 -1.96528027249101e-14 -6.9 70 1.1981724259018 -6.79517349578424 70 2.35993898894709 -6.48387908342278 70 3.44999999999998 -5.97557528611264 70 4.4352345068371 -5.28570665752097 70 5.28570665752093 -4.43523450683714 70 5.97557528611261 -3.45000000000002 70 6.48387908342276 -2.35993898894714 70 6.79517349578423 -1.19817242590185 70 6.9 -1.690012582823e-15 70 0 7 0.174532925199433 7 0.349065850398866 7 0.523598775598299 7 0.698131700797732 7 0.872664625997165 7 1.0471975511966 7 1.22173047639603 7 1.39626340159546 7 1.5707963267949 7 1.74532925199433 7 1.91986217719376 7 2.0943951023932 7 2.26892802759263 7 2.44346095279206 7 2.61799387799149 7 2.79252680319093 7 2.96705972839036 7 3.14159265358979 7 3.31612557878922 7 3.49065850398866 7 3.66519142918809 7 3.83972435438752 7 4.01425727958696 7 4.18879020478639 7 4.36332312998582 7 4.53785605518525 7 4.71238898038469 7 4.88692190558412 7 5.06145483078355 7 5.23598775598299 7 5.41052068118242 7 5.58505360638185 7 5.75958653158128 7 5.93411945678072 7 6.10865238198015 7 6.28318530718 7 0 0 0.174532925199433 0 0.349065850398866 0 0.523598775598299 0 0.698131700797732 0 0.872664625997165 0 1.0471975511966 0 1.22173047639603 0 1.39626340159546 0 1.5707963267949 0 1.74532925199433 0 1.91986217719376 0 2.0943951023932 0 2.26892802759263 0 2.44346095279206 0 2.61799387799149 0 2.79252680319093 0 2.96705972839036 0 3.14159265358979 0 3.31612557878922 0 3.49065850398866 0 3.66519142918809 0 3.83972435438752 0 4.01425727958696 0 4.18879020478639 0 4.36332312998582 0 4.53785605518525 0 4.71238898038469 0 4.88692190558412 0 5.06145483078355 0 5.23598775598299 0 5.41052068118242 0 5.58505360638185 0 5.75958653158128 0 5.93411945678072 0 6.10865238198015 0 6.28318530718 0 2 1 38 2 38 39 3 39 40 3 2 39 4 40 41 4 41 42 4 3 40 5 42 43 5 4 42 6 5 43 7 6 43 7 43 44 7 44 45 8 7 45 8 45 46 9 8 46 10 9 46 10 46 47 11 10 47 11 47 48 11 48 49 12 11 49 13 12 49 13 49 50 14 13 50 14 50 51 14 51 52 15 14 52 16 15 52 16 52 53 17 16 53 17 53 54 18 17 54 18 54 55 19 18 55 19 55 56 20 19 56 20 56 57 20 57 58 21 20 58 22 58 59 22 21 58 23 59 60 23 60 61 23 22 59 24 23 61 25 61 62 25 24 61 26 62 63 26 25 62 27 63 64 27 26 63 28 64 65 28 27 64 29 65 66 29 28 65 30 66 67 30 67 68 30 29 66 31 30 68 32 31 68 32 68 69 32 69 70 33 32 70 34 33 70 34 70 71 35 34 71 35 71 72 35 72 73 36 35 73 37 36 73 37 73 74 
72 72 1 0 1.83102671940889e-15
7.5 -1.836970198721e-15 77 7.38605814759156 1.30236133250198 77 7.04769465589431 2.56515107494252 77 6.49519052838329 3.75 77 5.74533332339233 4.82090707264904 77 4.82090707264905 5.74533332339233 77 3.75 6.49519052838329 77 2.56515107494252 7.04769465589431 77 1.30236133250198 7.38605814759156 77 4.59242549680257e-16 7.5 77 -1.30236133250198 7.38605814759156 77 -2.56515107494252 7.04769465589431 77 -3.75 6.49519052838329 77 -4.82090707264904 5.74533332339234 77 -5.74533332339233 4.82090707264905 77 -6.49519052838329 3.75000000000001 77 -7.04769465589431 2.56515107494252 77 -7.38605814759156 1.30236133250199 77 -7.5 1.09104923209869e-14 77 -7.38605814759156 -1.30236133250197 77 -7.04769465589432 -2.5651510749425 77 -6.4951905283833 -3.74999999999999 77 -5.74533332339235 -4.82090707264903 77 -4.82090707264906 -5.74533332339232 77 -3.75000000000001 -6.49519052838328 77 -2.56515107494253 -7.04769465589431 77 -1.302361332502 -7.38605814759156 77 -2.13617420922936e-14 -7.5 77 1.30236133250195 -7.38605814759156 77 2.56515107494249 -7.04769465589432 77 3.74999999999998 -6.4951905283833 77 4.82090707264902 -5.74533332339235 77 5.74533332339232 -4.82090707264907 77 6.49519052838327 -3.75000000000003 77 7.0476946558943 -2.56515107494255 77 7.38605814759155 -1.30236133250201 77 6.9 0 77 6.79517349578424 1.19817242590182 77 6.48387908342277 2.35993898894711 77 5.97557528611263 3.45 77 5.28570665752095 4.43523450683712 77 4.43523450683712 5.28570665752095 77 3.45 5.97557528611263 77 2.35993898894711 6.48387908342277 77 1.19817242590182 6.79517349578424 77 4.22503145705837e-16 6.9 77 -1.19817242590182 6.79517349578424 77 -2.35993898894711 6.48387908342277 77 -3.45 5.97557528611263 77 -4.43523450683712 5.28570665752095 77 -5.28570665752095 4.43523450683712 77 -5.97557528611262 3.45000000000001 77 -6.48387908342277 2.35993898894712 77 -6.79517349578423 1.19817242590183 77 -6.9 1.0037652935308e-14 77 -6.79517349578424 -1.19817242590181 77 -6.48387908342277 -2.3599389889471 77 -5.97557528611263 -3.44999999999999 77 -5.28570665752096 -4.43523450683711 77 -4.43523450683713 -5.28570665752094 77 -3.45000000000001 -5.97557528611262 77 -2.35993898894713 -6.48387908342276 77 -1.19817242590184 -6.79517349578423 77 -1.96528027249101e-14 -6.9 77 1.1981724259018 -6.79517349578424 77 2.35993898894709 -6.48387908342278 77 3.44999999999998 -5.97557528611264 77 4.4352345068371 -5.28570665752097 77 5.28570665752093 -4.43523450683714 77 5.97557528611261 -3.45000000000002 77 6.48387908342276 -2.35993898894714 77 6.79517349578423 -1.19817242590185 77 7.5 -1.77635683940025e-15 7.38605814759156 1.30236133250198 7.04769465589431 2.56515107494252 6.49519052838329 3.75 5.74533332339233 4.82090707264904 4.82090707264905 5.74533332339233 3.75 6.49519052838329 2.56515107494252 7.04769465589431 1.30236133250198 7.38605814759156 8.88178419700125e-16 7.5 -1.30236133250198 7.38605814759156 -2.56515107494252 7.04769465589431 -3.75 6.49519052838329 -4.82090707264904 5.74533332339234 -5.74533332339233 4.82090707264905 -6.49519052838329 3.75000000000001 -7.04769465589431 2.56515107494252 -7.38605814759156 1.30236133250199 -7.5 1.06581410364015e-14 -7.38605814759156 -1.30236133250196 -7.04769465589432 -2.5651510749425 -6.4951905283833 -3.74999999999999 -5.74533332339235 -4.82090707264903 -4.82090707264906 -5.74533332339232 -3.75000000000001 -6.49519052838328 -2.56515107494253 -7.04769465589431 -1.302361332502 -7.38605814759156 -2.1316282072803e-14 -7.5 1.30236133250195 -7.38605814759156 2.56515107494249 -7.04769465589432 3.74999999999998 -6.4951905283833 4.82090707264902 -5.74533332339235 5.74533332339232 -4.82090707264907 6.49519052838327 -3.75000000000003 7.0476946558943 -2.56515107494255 7.38605814759156 -1.30236133250201 6.9 -1.77635683940025e-15 6.79517349578424 1.19817242590182 6.48387908342277 2.35993898894711 5.97557528611263 3.45 5.28570665752095 4.43523450683712 4.43523450683712 5.28570665752095 3.45 5.97557528611263 2.35993898894711 6.48387908342277 1.19817242590182 6.79517349578424 0 6.9 -1.19817242590182 6.79517349578424 -2.35993898894711 6.48387908342277 -3.45 5.97557528611263 -4.43523450683712 5.28570665752095 -5.28570665752095 4.43523450683712 -5.97557528611262 3.45000000000001 -6.48387908342277 2.35993898894712 -6.79517349578423 1.19817242590183 -6.9 9.76996261670138e-15 -6.79517349578424 -1.19817242590181 -6.48387908342277 -2.3599389889471 -5.97557528611263 -3.44999999999999 -5.28570665752096 -4.43523450683711 -4.43523450683713 -5.28570665752094 -3.45000000000001 -5.97557528611262 -2.35993898894713 -6.48387908342276 -1.19817242590184 -6.79517349578423 -1.95399252334028e-14 -6.9 1.1981724259018 -6.79517349578424 2.35993898894709 -6.48387908342278 3.44999999999998 -5.97557528611264 4.4352345068371 -5.28570665752097 5.28570665752093 -4.43523450683714 5.97557528611261 -3.45000000000002 6.48387908342276 -2.35993898894714 6.79517349578423 -1.19817242590185 59 23 24 59 24 60 61 24 25 61 25 26 61 60 24 58 21 22 58 22 23 58 23 59 62 61 26 57 21 58 63 26 27 63 62 26 56 21 57 56 20 21 64 63 27 64 27 28 55 19 20 55 20 56 65 64 28 65 28 29 54 19 55 54 18 19 66 65 29 66 29 30 53 17 18 53 18 54 31 66 30 16 17 53 67 66 31 52 16 53 68 31 32 68 67 31 51 15 16 51 16 52 69 68 32 33 69 32 14 15 51 14 51 50 34 69 33 34 70 69 13 50 49 13 14 50 71 70 34 48 13 49 35 71 34 12 13 48 72 71 35 47 12 48 36 72 35 11 12 47 37 72 36 10 47 46 10 11 47 1 37 36 45 10 46 9 10 45 2 38 37 2 37 1 8 44 43 8 45 44 8 9 45 3 39 38 3 40 39 3 38 2 4 40 3 7 8 43 5 41 40 5 40 4 6 7 43 6 41 5 6 42 41 6 43 42 
180 178 1 0 0.0285397643119083
-1.887379141863e-14 -7.5 75.25 -0.058442353870179 -7.49977229456144 75.2692312650601 -0.214717483765734 -7.49692579682189 75.2921632976284 -1.22893966421883 -7.39862874500136 75.3408888981122 -2.24811970377743 -7.15513506493662 75.3549921445751 -2.92660375393032 -6.90543195453053 75.3573197540076 -3.57819013484084 -6.59140010789896 75.3560121590403 -4.19665637660963 -6.21595326539993 75.3520533603613 -4.77615960634803 -5.78258587766381 75.3460418918616 -5.311254682405 -5.29533508728931 75.3383744319968 -5.79692740313886 -4.75874276986839 75.3293300960297 -6.22863650213926 -4.17780891261872 75.319114582073 -6.60236000568361 -3.55792669629659 75.3078843245273 -6.91459198246852 -2.90489547047974 75.2957625633396 -7.16241894377274 -2.22480446226212 75.282847489505 -7.34353403128905 -1.52397765520928 75.2692184806602 -7.45624373665939 -0.808967849564217 75.2549417338913 -7.49950191278857 -0.0864375681829941 75.2400725122286 -7.47290883064933 0.636893251816946 75.2246579515798 -7.37665000072124 1.35463454257171 75.2087313312155 -7.20829642218119 2.07134320378009 75.1920589021247 -6.96431081095576 2.78359029463204 75.1745400640209 -6.64267643646397 3.48207549609115 75.1561854799552 -6.2466177946358 4.15087532818498 75.1371920871292 -5.78345722158366 4.77510447326337 75.1177802732609 -5.25820174416256 5.34801965250163 75.0979721825926 -4.6764787574353 5.86349270116221 75.0777867320025 -4.0445196212544 6.31600037795224 75.057241959247 -3.36916380299638 6.70065184503304 75.0363565226716 -2.65761540418141 7.01335015478884 75.0151440668796 -1.91753809654205 7.25072739076811 74.99361866384 -1.15690051402778 7.41023488512661 74.9717928208031 -0.38383953114832 7.49017138972171 74.9496763219199 0.393349810485357 7.48967793478925 74.9272788300877 1.16625966427909 7.4087676544654 74.9046113356254 1.9266651373886 7.24830749987833 74.8816801667584 2.66635779875636 7.01003109575073 74.8584945801662 3.37740540377386 6.69650153622633 74.835061637426 4.05220024125812 6.31107543313024 74.8113871104127 4.68347086838544 5.85790923663095 74.7874780797905 5.26459057200861 5.3417306235416 74.7633336963069 5.78926718311598 4.7680588875134 74.7389595870922 6.25170410708202 4.14321079208654 74.7143674547298 6.64693389974342 3.47394153602633 74.6895628963225 6.97076085312576 2.76739826017772 74.6645481912226 7.21974072773662 2.03109422703381 74.6393245563249 7.39119259042028 1.27289912887187 74.6138943474552 7.47275579793679 0.638686677698666 74.5928279024887 7.5 -1.836970198721e-15 74.571632751149 7.5 -1.836970198721e-15 73.937500002206 7.3991828501187 1.22559909968738 73.9832190830458 7.09944277601179 2.41824570213215 74.0289380574621 6.68964823880449 3.3909594116365 74.0681681014762 6.22252230351429 4.18691015916427 74.1024627119873 5.66119321383014 4.91944012309561 74.1367562335548 5.01417116489923 5.57746246059463 74.1710485502128 4.2911995116409 6.15106551810626 74.2053424285577 3.50324240077812 6.63153769767797 74.239636742616 2.66236129586196 7.01154992412539 74.2739262327407 1.78118265739061 7.28542300166366 74.3082155703713 0.873043176430269 7.4490130642852 74.3425048490572 -0.048312688748388 7.49984439029331 74.3767941605821 -0.968939614661916 7.4371470366656 74.4110835624398 -1.8748932671517 7.26187133140478 74.4453727296326 -2.75247244943391 6.9766679280154 74.4796621469543 -3.58840888814168 6.58584251552417 74.5139525204368 -4.37013519450821 6.09523735248187 74.5482480343892 -5.08565645445736 5.51235869931294 74.5825421083385 -5.72414992360703 4.84604040912025 74.6168348900643 -6.27600146231112 4.10631290271862 74.6511293473065 -6.7328313165806 3.3043883616501 74.6854246095541 -7.08767245423339 2.45252899522879 74.7197158285992 -7.33522393318961 1.5634865994923 74.7540091427952 -7.47170947775068 0.650812573472747 74.7883008858222 -7.49507644545281 -0.27171601179009 74.8225926849682 -7.40496406032755 -1.1901707962262 74.8568860160227 -7.20275222280588 -2.09054061539512 74.8911767949593 -6.89148654618787 -2.95929272991277 74.9254688453454 -6.47589776484455 -3.78321924757542 74.959759931667 -5.96227324015444 -4.54986792200868 74.9940508433018 -5.3583647575719 -5.24765916132612 75.0283429417453 -4.67337926186295 -5.86596336880737 75.0626327263292 -3.91765959942661 -6.39546270877534 75.096922032577 -3.1026429209904 -6.82814813307768 75.1312110588375 -2.24065421178435 -7.15747641941251 75.165500348053 -1.34476741667869 -7.37845517871265 75.199788925025 -0.675124819716738 -7.46955194091787 75.2248944539103 7.5 -1.836970198721e-15 72.635048751961 7.5 -1.836970198721e-15 74.571632751149 7.39918311730234 -1.22559749872759 74.530454049721 7.0994560076531 -2.41820686403045 74.4887934072091 6.63030361989966 -3.50557754140394 74.448226241058 6.02210876857708 -4.4703697825143 74.408751867141 5.27468526552588 -5.3317628770815 74.3688831604764 4.42243117946809 -6.0574006348928 74.3293743526892 3.49010112104119 -6.63846323839357 74.2902350798114 2.48292209180602 -7.07708258404912 74.2507368657022 1.46505007923403 -7.35551684224426 74.2124589633695 0.459792444279846 -7.48589279289905 74.1753828307525 -0.553835226972319 -7.4795231584825 74.1380081448952 -1.55731519839665 -7.33653659326936 74.1003308184774 -2.53234501750342 -7.05954876211131 74.0623497164866 -3.46111355103579 -6.65362254522459 74.0240676252644 -4.32665334682574 -6.12617913440189 73.9854809166898 -5.11314708215161 -5.48686858938426 73.9465868200757 -5.80624277662046 -4.74737241221353 73.9073834172124 -6.26830634191534 -4.11804997586909 73.8769814287565 -6.65307413443984 -3.46216760083111 73.8471929551236 -6.96945019651261 -2.77069739095028 73.8172269240498 -7.21417494711904 -2.05077539515908 73.7870826763689 -7.38474625972278 -1.30977968594405 73.7567570344714 -7.47941300589544 -0.555320515259192 73.726247403326 -7.49720342506184 0.204794406631457 73.6955535279655 -7.43794484929231 0.962796163480519 73.664671191724 -7.30225262935043 1.7108788705359 73.6335985711184 -7.09152429365124 2.44136912699955 73.6023324442576 -6.80792967757587 3.14675920572013 73.570870005932 -6.45439480252682 3.8197889651928 73.539208671082 -6.03455251453083 4.45355767202045 73.5073443038426 -5.5527223851402 5.04155473301788 73.4752730228643 -5.01385617311093 5.57774562627893 73.4429902976307 -4.42350351275651 6.05661759365841 73.4104919767498 -3.78772794738471 6.47326169671327 73.377772722961 -3.11306252099302 6.82340396994946 73.3448271082119 -2.4064448308257 7.10345150436699 73.3116495973888 -1.67513383057621 7.31053531887087 73.2782338893203 -0.926642869387612 7.44253538735793 73.2445732118913 -0.168653687463012 7.49810348237798 73.2106598374483 0.591070316285381 7.47667278633646 73.1764846417098 1.34468565933698 7.37847005903574 73.1420406337573 2.08446492342946 7.20451289481456 73.1073177273102 2.80282541368285 6.95659180950372 73.0723049432352 3.49235939685327 6.63727548231343 73.0369927872283 4.14601393985622 6.24984547121319 73.0013678912961 4.75708058009885 5.79829150342086 72.9654168257804 5.31930054570775 5.28725275454549 72.9291237692991 5.82690270521689 4.72199161952118 72.8924718281665 6.27469274775627 4.10831241747 72.8554409501075 6.65808126845935 3.4525286139822 72.8180099235579 6.97315051209771 2.76137138492307 72.7801551672064 7.21548319873776 2.0461676944726 72.7420744448773 7.38186773322325 1.32590677153645 72.7043358417809 7.47041164834979 0.665544772194731 72.6699032352773 7.5 -1.836970198721e-15 77 7.5 -1.836970198721e-15 77 7.38605814759156 1.30236133250198 77 7.04769465589431 2.56515107494252 77 6.49519052838329 3.75 77 5.74533332339233 4.82090707264904 77 4.82090707264905 5.74533332339233 77 3.75 6.49519052838329 77 2.56515107494252 7.04769465589431 77 1.30236133250198 7.38605814759156 77 4.59242549680257e-16 7.5 77 -1.30236133250198 7.38605814759156 77 -2.56515107494252 7.04769465589431 77 -3.75 6.49519052838329 77 -4.82090707264904 5.74533332339234 77 -5.74533332339233 4.82090707264905 77 -6.49519052838329 3.75000000000001 77 -7.04769465589431 2.56515107494252 77 -7.38605814759156 1.30236133250199 77 -7.5 1.09104923209869e-14 77 -7.38605814759156 -1.30236133250197 77 -7.04769465589432 -2.5651510749425 77 -6.4951905283833 -3.74999999999999 77 -5.74533332339235 -4.82090707264903 77 -4.82090707264906 -5.74533332339232 77 -3.75000000000001 -6.49519052838328 77 -2.56515107494253 -7.04769465589431 77 -1.302361332502 -7.38605814759156 77 -2.13617420922936e-14 -7.5 77 1.30236133250195 -7.38605814759156 77 2.56515107494249 -7.04769465589432 77 3.74999999999998 -6.4951905283833 77 4.82090707264902 -5.74533332339235 77 5.74533332339232 -4.82090707264907 77 6.49519052838327 -3.75000000000003 77 7.0476946558943 -2.56515107494255 77 7.38605814759155 -1.30236133250201 77 4.712388980385 5.25 4.70459658754371 5.26923126506011 4.68375607029217 5.29216329762846 4.54778809707142 5.34088889811224 4.40795912698189 5.35499214457514 4.31152515382873 5.35731975400756 4.21504608758905 5.35601215904028 4.11854118661335 5.35205336036134 4.02202056138115 5.34604189186163 3.92548990365912 5.33837443199681 3.8289528524236 5.32933009602969 3.7324114279603 5.31911458207298 3.63586388086041 5.30788432452728 3.53931490931426 5.29576256333961 3.44276564044615 5.28284748950496 3.34621460580159 5.26921848066018 3.24966528672758 5.25494173389133 3.15311791771505 5.24007251222855 3.05657115843988 5.22465795157981 2.9599779663201 5.20873133121553 2.8617763577166 5.19205890212478 2.76135046273134 5.17454006402106 2.65877483152104 5.15618547995519 2.55509179404117 5.13719208712921 2.4514066894107 5.11778027326086 2.34772627532539 5.09797218259264 2.24404680800688 5.07778673200252 2.14036549909432 5.05724195924701 2.03669049367151 5.03635652267162 1.93301385087926 5.01514406687958 1.82933877900031 4.99361866384002 1.72566811226752 4.97179282080314 1.62199730119237 4.94967632191994 1.5183255822277 4.92727883008769 1.41466145180344 4.90461133562542 1.31099485880211 4.88168016675841 1.20733198026203 4.85849458016622 1.10367183728509 4.835061637426 1.00001060274162 4.81138711041266 0.896352793669868 4.78747807979053 0.792671068483456 4.76333369630693 0.68896833884791 4.73895958709222 0.58527437182625 4.71436745472979 0.48159371763768 4.68956289632254 0.37791825988609 4.66454819122263 0.274237039635999 4.63932455632492 0.170545426518231 4.61389434745524 0.0852614785384066 4.59282790248873 4.13891143580258e-13 4.571632751149 0 3.93750000220599 0.164149391453112 3.98321908304577 0.328298386483448 4.02893805746211 0.469149592717567 4.06816810147618 0.592280681311935 4.10246271198732 0.71540788193499 4.13675623355481 0.838530772665093 4.17104855021276 0.961659274154378 4.20534242855767 1.08478932848182 4.239636742616 1.20790203874013 4.27392623274071 1.33101417145072 4.30821557037129 1.45412606575352 4.34250484905718 1.57723806265391 4.37679416058207 1.7003503847722 4.4110835624398 1.82346188115834 4.44537272963256 1.94657430314179 4.47966214695433 2.06969018795668 4.51395252043687 2.1928245522632 4.54824803438951 2.31595375637258 4.58254210833866 2.4390783156769 4.6168348900643 2.56220887357373 4.65112934730646 2.68534229991129 4.68542460955411 2.80846119169167 4.71971582859926 2.93158759843909 4.75400914279523 3.05470836887356 4.78830088582219 3.17782935337946 4.82259268496816 3.30095584962509 4.85688601602269 3.42407318409475 4.89117679495924 3.54719506999729 4.92546884534544 3.67031347048009 4.95975993166703 3.79343122370362 4.99405084330184 3.91655324127009 5.0283429417453 4.03966699057929 5.06263272632916 4.16277909055386 5.09692203257696 4.28589024438742 5.13121105883753 4.409002332326 5.16550034805301 4.53211174611116 5.19978892502505 4.62225032442386 5.22489445391034 0 2.635048751961 6.28318530717959 4.571632751149 6.11903612926682 4.53045404972097 5.95489239643448 4.4887934072091 5.79682615286554 4.44822624105803 5.6446134724507 4.40875186714103 5.49240579081349 4.36888316047639 5.34302367689022 4.32937435268919 5.196415374455 4.29023507981137 5.04981173694503 4.25073686570223 4.90899310823494 4.21245896336951 4.77373310648274 4.1753828307525 4.63847700588792 4.13800814489518 4.50322514959411 4.10033081847738 4.36797407513129 4.06234971648663 4.2327242068112 4.02406762526441 4.09747640222491 3.98548091668977 3.96223291339755 3.9465868200757 3.82699298941167 3.90738341721238 3.72284773083284 3.87698142875649 3.62141587157776 3.84719295512366 3.51998422779155 3.81722692404983 3.41855677221505 3.78708267636887 3.31713004295092 3.75675703447136 3.21570319250583 3.72624740332604 3.11428334460025 3.69555352796548 3.01286459854155 3.66467119172399 2.91144921755253 3.63359857111842 2.81003537615114 3.60233244425759 2.70862341768077 3.57087000593202 2.60721541965559 3.53920867108202 2.50580967030957 3.50734430384265 2.40440651420556 3.47527302286428 2.30300540654482 3.44299029763067 2.20160806223821 3.41049197674982 2.10021350586255 3.37777272296099 1.99882156733016 3.34482710821192 1.89743295676841 3.31164959738875 1.79604747960565 3.27823388932026 1.69466523002494 3.24457321189134 1.59328539033076 3.21065983744828 1.491905138697 3.17648464170972 1.39053017175095 3.14204063375713 1.28915919575416 3.10731772730992 1.18779063967749 3.0723049432351 1.08642972130382 3.03699278722835 0.985073508899892 3.00136789129611 0.883722825291067 2.96541682578045 0.782376662039379 2.92912376929909 0.681036813926876 2.89247182816654 0.579702407936326 2.85544095010755 0.478374943498905 2.81800992355794 0.377053819887425 2.78015516720645 0.276325465084398 2.74207444487732 0.177721649118163 2.70433584178086 0.0888561839578707 2.6699032352773 6.28318530717959 7 4.13891143580258e-13 7 0.174532925199433 7 0.349065850398866 7 0.523598775598299 7 0.698131700797732 7 0.872664625997165 7 1.0471975511966 7 1.22173047639603 7 1.39626340159546 7 1.5707963267949 7 1.74532925199433 7 1.91986217719376 7 2.0943951023932 7 2.26892802759263 7 2.44346095279206 7 2.61799387799149 7 2.79252680319093 7 2.96705972839036 7 3.14159265358979 7 3.31612557878922 7 3.49065850398866 7 3.66519142918809 7 3.83972435438752 7 4.01425727958696 7 4.18879020478639 7 4.36332312998582 7 4.53785605518525 7 4.71238898038469 7 4.88692190558412 7 5.06145483078355 7 5.23598775598298 7 5.41052068118242 7 5.58505360638185 7 5.75958653158128 7 5.93411945678072 7 6.10865238198015 7 50 88 143 51 143 142 141 51 142 145 49 48 52 141 140 146 145 48 146 47 46 146 48 47 53 52 140 53 140 139 138 53 139 147 45 44 147 46 45 147 146 46 54 53 138 54 138 137 55 54 137 55 137 136 148 147 44 148 44 43 56 136 135 56 55 136 149 148 43 149 42 41 149 43 42 57 135 134 57 56 135 58 134 133 58 57 134 150 40 39 150 41 40 150 149 41 132 58 133 59 132 131 59 58 132 151 39 38 151 150 39 60 131 130 60 59 131 152 37 36 152 38 37 152 151 38 61 130 129 61 60 130 62 129 128 62 61 129 153 35 34 153 36 35 153 152 36 63 128 127 63 62 128 126 63 127 154 34 33 154 153 34 64 63 126 64 126 125 65 64 125 65 125 124 155 154 33 155 32 31 155 33 32 66 65 124 66 124 123 156 155 31 156 30 29 156 31 30 67 66 123 67 123 122 121 67 122 157 29 28 157 156 29 68 121 120 68 67 121 69 120 119 69 68 120 158 27 26 158 28 27 158 157 28 70 119 118 70 69 119 159 25 24 159 26 25 159 158 26 71 118 117 71 70 118 160 24 23 160 159 24 72 117 116 72 71 117 115 72 116 73 115 114 161 22 21 161 23 22 161 160 23 74 114 113 74 73 114 162 20 19 162 21 20 162 161 21 75 113 112 75 74 113 76 112 111 163 18 17 163 19 18 163 162 19 77 111 110 109 77 110 164 163 17 164 16 15 164 17 16 78 109 108 78 77 109 165 15 14 165 164 15 79 108 107 80 107 106 166 13 12 166 14 13 166 165 14 81 106 105 167 11 10 167 12 11 167 166 12 82 105 104 83 104 103 168 9 8 168 10 9 168 167 10 84 103 102 169 7 6 169 8 7 169 168 8 101 85 102 170 6 5 170 169 6 86 85 101 100 86 101 87 86 100 171 170 5 1 100 99 172 2 1 172 3 2 173 172 1 173 1 99 173 99 98 174 173 98 174 97 96 174 98 97 175 174 96 175 96 95 176 175 95 176 95 94 177 176 94 177 94 93 178 177 93 178 93 92 179 178 92 179 92 91 180 179 91 180 91 90 144 180 90 144 90 89 4 3 171 171 3 172 5 4 171 51 50 143 52 51 141 73 72 115 76 75 112 77 76 111 79 78 108 80 79 107 81 80 106 82 81 105 83 82 104 84 83 103 85 84 102 1 87 100 
218 227 1 0 0.077012507690129
-1.924386576017e-15 -7.5 71.75 -1.446614031493e-15 -7.875 71.75 7.5 -1.836970198721e-15 72.635048751961 7.39919026665907 -1.22555443715198 72.5694363052441 7.09955883727994 -2.41790489953515 72.5020340568785 6.60929936920483 -3.54501928245221 72.432519983226 5.94179761170128 -4.5765752567138 72.3604546993304 5.11525034678777 -5.48490782523297 72.2851885103565 4.15219554166185 -6.24574032039304 72.205694878128 3.17818194935377 -6.79331726608887 72.1281009141549 2.23018511119891 -7.16074537865182 72.0508614486517 1.2441866083253 -7.39608002167816 71.962532889599 0.249889251781406 -7.49583587794858 71.8433598503207 0.109730113717917 -7.49919725417876 71.8160561988283 0.023427799389559 -7.49996341783181 71.7909478896315 7.5 -1.836970198721e-15 74.571632751149 7.39918311730234 -1.22559749872759 74.530454049721 7.0994560076531 -2.41820686403045 74.4887934072091 6.63030361989966 -3.50557754140394 74.448226241058 6.02210876857708 -4.4703697825143 74.408751867141 5.27468526552588 -5.3317628770815 74.3688831604764 4.42243117946809 -6.0574006348928 74.3293743526892 3.49010112104119 -6.63846323839357 74.2902350798114 2.48292209180602 -7.07708258404912 74.2507368657022 1.46505007923403 -7.35551684224426 74.2124589633695 0.459792444279846 -7.48589279289905 74.1753828307525 -0.553835226972319 -7.4795231584825 74.1380081448952 -1.55731519839665 -7.33653659326936 74.1003308184774 -2.53234501750342 -7.05954876211131 74.0623497164866 -3.46111355103579 -6.65362254522459 74.0240676252644 -4.32665334682574 -6.12617913440189 73.9854809166898 -5.11314708215161 -5.48686858938426 73.9465868200757 -5.80624277662046 -4.74737241221353 73.9073834172124 -6.26830634191534 -4.11804997586909 73.8769814287565 -6.65307413443984 -3.46216760083111 73.8471929551236 -6.96945019651261 -2.77069739095028 73.8172269240498 -7.21417494711904 -2.05077539515908 73.7870826763689 -7.38474625972278 -1.30977968594405 73.7567570344714 -7.47941300589544 -0.555320515259192 73.726247403326 -7.49720342506184 0.204794406631457 73.6955535279655 -7.43794484929231 0.962796163480519 73.664671191724 -7.30225262935043 1.7108788705359 73.6335985711184 -7.09152429365124 2.44136912699955 73.6023324442576 -6.80792967757587 3.14675920572013 73.570870005932 -6.45439480252682 3.8197889651928 73.539208671082 -6.03455251453083 4.45355767202045 73.5073443038426 -5.5527223851402 5.04155473301788 73.4752730228643 -5.01385617311093 5.57774562627893 73.4429902976307 -4.42350351275651 6.05661759365841 73.4104919767498 -3.78772794738471 6.47326169671327 73.377772722961 -3.11306252099302 6.82340396994946 73.3448271082119 -2.4064448308257 7.10345150436699 73.3116495973888 -1.67513383057621 7.31053531887087 73.2782338893203 -0.926642869387612 7.44253538735793 73.2445732118913 -0.168653687463012 7.49810348237798 73.2106598374483 0.591070316285381 7.47667278633646 73.1764846417098 1.34468565933698 7.37847005903574 73.1420406337573 2.08446492342946 7.20451289481456 73.1073177273102 2.80282541368285 6.95659180950372 73.0723049432352 3.49235939685327 6.63727548231343 73.0369927872283 4.14601393985622 6.24984547121319 73.0013678912961 4.75708058009885 5.79829150342086 72.9654168257804 5.31930054570775 5.28725275454549 72.9291237692991 5.82690270521689 4.72199161952118 72.8924718281665 6.27469274775627 4.10831241747 72.8554409501075 6.65808126845935 3.4525286139822 72.8180099235579 6.97315051209771 2.76137138492307 72.7801551672064 7.21548319873776 2.0461676944726 72.7420744448773 7.38186773322325 1.32590677153645 72.7043358417809 7.47041164834979 0.665544772194731 72.6699032352773 -1.887379141863e-14 -7.5 75.25 -0.058442353870179 -7.49977229456144 75.2692312650601 -0.214717483765734 -7.49692579682189 75.2921632976284 -1.22893966421883 -7.39862874500136 75.3408888981122 -2.24811970377743 -7.15513506493662 75.3549921445751 -2.92660375393032 -6.90543195453053 75.3573197540076 -3.57819013484084 -6.59140010789896 75.3560121590403 -4.19665637660963 -6.21595326539993 75.3520533603613 -4.77615960634803 -5.78258587766381 75.3460418918616 -5.311254682405 -5.29533508728931 75.3383744319968 -5.79692740313886 -4.75874276986839 75.3293300960297 -6.22863650213926 -4.17780891261872 75.319114582073 -6.60236000568361 -3.55792669629659 75.3078843245273 -6.91459198246852 -2.90489547047974 75.2957625633396 -7.16241894377274 -2.22480446226212 75.282847489505 -7.34353403128905 -1.52397765520928 75.2692184806602 -7.45624373665939 -0.808967849564217 75.2549417338913 -7.49950191278857 -0.0864375681829941 75.2400725122286 -7.47290883064933 0.636893251816946 75.2246579515798 -7.37665000072124 1.35463454257171 75.2087313312155 -7.20829642218119 2.07134320378009 75.1920589021247 -6.96431081095576 2.78359029463204 75.1745400640209 -6.64267643646397 3.48207549609115 75.1561854799552 -6.2466177946358 4.15087532818498 75.1371920871292 -5.78345722158366 4.77510447326337 75.1177802732609 -5.25820174416256 5.34801965250163 75.0979721825926 -4.6764787574353 5.86349270116221 75.0777867320025 -4.0445196212544 6.31600037795224 75.057241959247 -3.36916380299638 6.70065184503304 75.0363565226716 -2.65761540418141 7.01335015478884 75.0151440668796 -1.91753809654205 7.25072739076811 74.99361866384 -1.15690051402778 7.41023488512661 74.9717928208031 -0.38383953114832 7.49017138972171 74.9496763219199 0.393349810485357 7.48967793478925 74.9272788300877 1.16625966427909 7.4087676544654 74.9046113356254 1.9266651373886 7.24830749987833 74.8816801667584 2.66635779875636 7.01003109575073 74.8584945801662 3.37740540377386 6.69650153622633 74.835061637426 4.05220024125812 6.31107543313024 74.8113871104127 4.68347086838544 5.85790923663095 74.7874780797905 5.26459057200861 5.3417306235416 74.7633336963069 5.78926718311598 4.7680588875134 74.7389595870922 6.25170410708202 4.14321079208654 74.7143674547298 6.64693389974342 3.47394153602633 74.6895628963225 6.97076085312576 2.76739826017772 74.6645481912226 7.21974072773662 2.03109422703381 74.6393245563249 7.39119259042028 1.27289912887187 74.6138943474552 7.47275579793679 0.638686677698666 74.5928279024887 -1.929306155908e-14 -7.875 75.25 0.0530188897706934 -7.87482111734042 71.7735028290838 0.281899428619677 -7.86995356667348 71.803023729362 0.916510363222122 -7.82148474134735 71.8561037370378 1.92530372870232 -7.63602280411996 71.9232316519624 3.10278755297639 -7.23797742068285 71.9943732147995 4.23541229011286 -6.63904455933697 72.0620599718411 5.22368915782649 -5.8931073516049 72.1241652089124 6.11114933765536 -4.9668370291557 72.1861362341245 6.82726549421714 -3.9247996825492 72.2454327126528 7.3531895973236 -2.81890676740032 72.3015190125624 7.71749748442869 -1.56712358221954 72.3600450405369 7.86776253702366 -0.337527252410637 72.4146825857374 7.83139313612904 0.827578909586858 72.4653466638938 7.61179703263577 2.01894942181848 72.5173274996446 7.19442970061531 3.20246279954463 72.5705281356799 6.57173867261437 4.33911257492583 72.6248471115266 5.74467039429059 5.38650254905969 72.6801791070483 4.72388633900132 6.30083408427704 72.7364156189046 3.65673799933034 6.97451580402816 72.787710150735 2.59514975765939 7.43510688027223 72.8343569212807 1.4593723778712 7.73859571376809 72.8813973893715 0.274204431884238 7.87022540881817 72.9287709060803 -0.932404223721822 7.81960707484219 72.9764168378287 -2.13020743555808 7.58141441992996 73.0242748085139 -3.28767827421787 7.15589260007328 73.072284934668 -4.37313981497336 6.54914303082831 73.120388051886 -5.35595644676374 5.77315783734228 73.1685259309137 -6.20772521174412 4.84559185724256 73.2166414819556 -6.90340497985548 3.78927559323714 73.264678945947 -7.42232370278994 2.63148812158805 73.3125840717304 -7.74901036392896 1.40302356398281 73.3603042782685 -7.87380809664774 0.137097243900175 73.407788801234 -7.79323762247443 -1.13185287729098 73.454988823507 -7.51009482257729 -2.36940820481922 73.5018575893114 -7.03328191207425 -3.54239225693201 73.5483505019024 -6.37738723099258 -4.62001442920904 73.5944252048932 -5.56204290735746 -5.5748821282289 73.6400416474725 -4.61110134217738 -6.38383901580731 73.6851621339105 -3.55167934626548 -7.02859945530109 73.7297513578826 -2.41312156763259 -7.49616156828162 73.773776422259 -1.22593136946943 -7.77899088585448 73.8172068451051 -0.0178877602179233 -7.87497851710572 73.8601141595823 1.19934073537779 -7.7831337361448 73.9031157554492 2.3984518655219 -7.50087088832147 73.9462892312122 3.5479947407607 -7.0304617481744 73.9895926903505 4.61668363449423 -6.3798014586172 74.032982331405 5.57449333149894 -5.56242978142782 74.076412518426 6.39376777970453 -4.5973175930818 74.1198358656578 7.05029273438745 -3.50841703519027 74.1632033367251 7.52427738544515 -2.32398207315235 74.2064643584516 7.80118995166078 -1.07567895384421 74.2495669492959 7.87239732441159 0.202479889306082 74.2924578622288 7.73556824765724 1.47533190800191 74.3350827417129 7.39481226856751 2.70783360976341 74.3773862942657 6.86054170763885 3.86633948187579 74.4193124719104 6.14906003872583 4.9198252773023 74.4608046676349 5.28189618425642 5.8409927842968 74.501805921798 4.28491920101977 6.60720002438258 74.5422591382431 3.18728062491502 7.20117139010249 74.5821073087128 2.02024146190079 7.61145572847889 74.6212937439957 0.815946745185635 7.83261579997829 74.6597623100958 -0.393787751549491 7.86514878250575 74.6974576675866 -1.57861484073953 7.71515338458938 74.7343255122119 -2.71066658209568 7.39377354044804 74.7703128147085 -3.76539245900073 6.91646052848214 74.8053680577793 -4.72219496341491 6.30210378520438 74.8394414681172 -5.56484757788548 5.57208500241635 74.8724852413844 -6.28169464376003 4.74930991005858 74.904453758093 -6.86564394961935 3.85726743144635 74.9353037883964 -7.31396786943899 2.91915704715781 74.964994683903 -7.6279293762538 1.95711637057723 74.993488554753 -7.81231988828992 0.991592090499349 75.0207504303288 -7.8748939707683 0.0408482866079072 75.0467484022006 -7.82574948151043 -0.879370605758774 75.0714537480964 -7.6767165098011 -1.75603729344359 75.0948410358206 -7.44075798033658 -2.57890323257101 75.1168882064076 -7.13141286204346 -3.34044229149428 75.1375766359735 -6.7623030919297 -4.0356984591617 75.1568911759801 -6.2000654588593 -4.85539037624096 75.1804870939737 -5.50534405426156 -5.6308820342203 75.204066738559 -4.78054005103354 -6.25796064584302 75.2244978510506 -4.05700397140231 -6.74954302371453 75.2417883665463 -3.35982403545778 -7.12230232283553 75.2559626410779 -2.50340178177928 -7.46649930591005 75.2700853772729 -1.67320865015867 -7.69519394561977 75.2796076386768 -0.821582641645844 -7.83202474053475 75.2822540677421 -0.111316967020509 -7.87421258728786 75.2662739132155 -0.0359332723786236 -7.87491658833051 75.258782231688 -0.00518442362614463 -7.64062265942831 71.7538795888356 -0.00858483674100535 -7.59374320518446 71.7583932133302 -0.00350903199409743 -7.82812381837266 71.7528298846375 -0.00499244243338432 -7.73436978806479 71.7603853271124 -0.00761100423428198 -7.64061721106929 71.7619645623301 -0.00302328476624045 -7.68749315842611 71.7651167932312 -0.00356703575660635 -7.54687237860254 71.7733420363632 0.00979749342378523 -7.82811455761923 71.7652086655421 -0.00516390139367724 -7.78124668627722 71.7562906610783 -0.00583619813830294 -7.71093412611211 71.7552690919091 -0.00746477621003038 -7.66405592207142 71.7595736400396 0 0.166666666667 0 1 0.747185939701 0.169929977239 0.70884178708212 0.16963783940452 0.668428586719491 0.169337753690614 0.62545544306064 0.169032781659409 0.579238368227074 0.168714679541137 0.528764455013371 0.168381430913976 0.472420945922978 0.168040582350957 0.413605941779848 0.167723799365904 0.350169392339281 0.167421142325189 0.269400595231058 0.1671069136154 0.138162007452467 0.166778741875644 0.102354969391138 0.166725754851484 0.0665479321048133 0.166693114998111 1.861179009271 0.173337339852 1.83385457215447 0.173434952512712 1.80649757582205 0.173525038968139 1.7800930880597 0.17360510220798 1.75458474167341 0.173673923868978 1.72897267249357 0.173731401832312 1.70371101840606 0.173775396109317 1.67877552687275 0.173809170598719 1.65367697308971 0.17383886509124 1.62939361239292 0.173865647923586 1.60588800408186 0.173884182187544 1.58218718845784 0.173887375119995 1.55833007564838 0.173887006686883 1.53461655605408 0.173882528811956 1.51107676648289 0.173864336381032 1.48769246725679 0.173839227005673 1.46444608519907 0.173811738471153 1.44131990618438 0.173780580667555 1.42358152433597 0.173751725964367 1.40635604113961 0.173718178855544 1.38917329846755 0.173678944186009 1.3720266429486 0.173634508111639 1.35490812689021 0.173585759623852 1.33781019718819 0.173533599392541 1.32072657382697 0.17347861072649 1.30364868834104 0.173420900838804 1.28656922955923 0.173360165952063 1.2694800481421 0.173295861191201 1.25237318072794 0.173227426441192 1.23524074643086 0.173154479867372 1.21807398243108 0.173076911184868 1.20086419668058 0.172994874446354 1.18360223299625 0.172908682667348 1.16627896656829 0.172818665123475 1.14888441390687 0.172725031936526 1.13140827354511 0.172627810623438 1.11383988122096 0.17252686756858 1.09616783396979 0.172422005414877 1.07838011992529 0.172313097433775 1.06046382307747 0.172200192333546 1.04240482708792 0.172083526329165 1.02418959313173 0.171963440774397 1.00580228090418 0.171840153744888 0.987225783289799 0.171713550720911 0.968442868289753 0.171583092196693 0.949433227340441 0.171447927891709 0.930175414994417 0.171307359869197 0.910645517297875 0.171161491946418 0.890817701115375 0.171011702762965 0.870662767482484 0.170860314063572 0.850148678434306 0.170708988197196 0.829239110524995 0.170555739586854 0.808018142295536 0.170394915251953 0.786781810073282 0.170227686013556 0.767209415454379 0.170080567689262 3.14159265359 0.166666666666667 3.10587288312513 0.166677033668023 3.05855532423353 0.166705690254419 2.91900318309634 0.166966977641984 2.83449951767689 0.167242011783068 2.78790370627118 0.167436991519891 2.74686165240372 0.167629800413743 2.7097758677842 0.167818062932501 2.67568084834133 0.16800335303615 2.64394050032495 0.168188050100528 2.6141103086541 0.168373024881828 2.58586499136063 0.168557169994857 2.55895760617276 0.168738361084951 2.53319758920557 0.16891492127229 2.50843239385647 0.169086721715332 2.48453765309787 0.169255257769827 2.46141190492907 0.169422715086476 2.43896965090852 0.169590375791837 2.41713816330372 0.169757260236689 2.39584526605249 0.169920270881154 2.37470564238541 0.170078901770687 2.3535660218658 0.170237353417453 2.33242639497535 0.170404511600198 2.31147999669425 0.170562757250794 2.29091782238629 0.170712637211403 2.27070627643602 0.170861224347408 2.25081341597759 0.171010777543843 2.23121068959892 0.171159443666246 2.21187426870489 0.171304555132297 2.19277959198658 0.171444321587424 2.17390616094754 0.171578475490209 2.15523510877337 0.171707787629986 2.13674774371859 0.171833321763503 2.11842739822847 0.171955871094157 2.10026018624655 0.172075681416792 2.08222997972298 0.172192540157195 2.06432439562615 0.17230598197063 2.0465305888706 0.172415576721916 2.028835934402 0.172521100764557 2.01122985954308 0.172622567990023 1.99369695308946 0.172720186216933 1.97622745159332 0.172814142804168 1.9588165128226 0.172904490487264 1.94145539969996 0.17299110450779 1.9241335962568 0.173073708314386 1.90684041978279 0.173151988743361 1.88956650067281 0.173225734695209 1.87536891222195 0.173282989671346 3.14159265359 1 0.0658276873405428 1 0.129799895773972 1 0.219669260414159 1 0.309611058430428 1 0.389098986209812 1 0.455338926025965 1 0.510538875872759 1 0.561649940545717 1 0.607649898751379 1 0.649049861136475 1 0.69044982352157 1 0.727709789668157 1 0.761243759200084 1 0.794777728732011 1 0.828311698263939 1 0.861845667795866 1 0.895379637327794 1 0.928913606859721 1 0.959094179438456 1 0.986256694759317 1 1.01341921008018 1 1.04058172540104 1 1.0677442407219 1 1.09490675604276 1 1.12206927136362 1 1.14923178668448 1 1.17639430200535 1 1.20355681732621 1 1.23071933264707 1 1.25788184796793 1 1.28504436328879 1 1.31220687860965 1 1.33936939393051 1 1.36653190925137 1 1.39369442457224 1 1.4208569398931 1 1.44801945521396 1 1.47518197053482 1 1.50234448585568 1 1.52950700117654 1 1.5566695164974 1 1.58383203181826 1 1.61099454713913 1 1.63815706245999 1 1.66531957778085 1 1.69248209310171 1 1.71964460842257 1 1.74680712374343 1 1.77396963906429 1 1.80113215438515 1 1.82829466970602 1 1.85545718502688 1 1.88261970034774 1 1.9097822156686 1 1.93694473098946 1 1.96410724631032 1 1.99126976163118 1 2.01843227695204 1 2.04559479227291 1 2.07275730759377 1 2.09991982291463 1 2.12708233823549 1 2.15424485355635 1 2.18140736887721 1 2.20856988419808 1 2.23573239951894 1 2.2628949148398 1 2.29005743016066 1 2.31721994548152 1 2.34438246080238 1 2.37154497612325 1 2.39870749144411 1 2.42587000676497 1 2.45303252208583 1 2.48019503740669 1 2.50735755272755 1 2.53452006804842 1 2.56168258336928 1 2.59789927046376 1 2.63864304344505 1 2.67938681642634 1 2.72013058940764 1 2.76087436238893 1 2.81519939303065 1 2.87631505250259 1 2.95780259846517 1 3.08003391740905 1 3.11081328549953 1 0.00822846091756785 0.479166666666875 0.0164569218351357 0.37500000000025 0.00822846091756785 0.895833333333375 0.0246853827527036 0.687500000000125 0.0246853827527036 0.479166666666875 0.0329138436702714 0.5833333333335 0.0415024269699745 0.27084655749918 0.0411423045878392 0.895833333333375 0.0164569218351357 0.79166666666675 0.0123426913763518 0.635416666666813 0.0205711522939196 0.531250000000188 14 120 15 121 14 13 121 120 14 122 121 13 12 122 13 123 122 12 11 123 12 124 123 11 10 124 11 125 124 10 9 125 10 126 125 9 8 126 9 127 126 8 7 127 8 128 127 7 6 128 7 129 128 6 5 129 6 130 129 5 4 130 5 131 130 4 3 131 4 132 131 3 132 3 70 69 132 70 133 69 68 133 132 69 134 68 67 134 133 68 66 134 67 135 66 65 135 134 66 136 64 63 136 65 64 136 135 65 137 63 62 137 136 63 61 137 62 138 61 60 138 137 61 139 60 59 139 138 60 58 139 59 140 139 58 140 58 57 141 140 57 141 57 56 55 141 56 142 141 55 142 55 54 143 142 54 143 54 53 52 143 53 144 143 52 144 52 51 145 144 51 145 51 50 49 145 50 146 145 49 146 49 48 147 146 48 147 47 46 147 48 47 148 147 46 148 46 45 44 148 45 149 44 43 149 148 44 150 43 42 150 149 43 41 150 42 151 41 40 151 150 41 152 39 38 152 40 39 152 151 40 153 38 37 153 152 38 154 36 35 154 37 36 154 153 37 155 35 34 155 154 35 33 155 34 156 155 33 32 156 33 157 32 31 157 156 32 158 31 30 158 157 31 159 30 29 159 158 30 160 29 28 160 159 29 161 28 27 161 160 28 26 161 27 162 161 26 25 162 26 163 162 25 163 25 24 164 163 24 164 24 23 165 23 22 165 164 23 166 22 21 166 165 22 167 21 20 167 166 21 168 20 19 168 167 20 169 19 18 169 168 19 170 18 17 170 169 18 171 17 16 171 170 17 118 171 16 172 118 117 172 171 118 173 116 115 173 117 116 173 172 117 174 115 114 174 173 115 113 174 114 175 113 112 175 174 113 176 112 111 176 175 112 110 176 111 177 110 109 177 176 110 178 109 108 178 177 109 107 178 108 179 107 106 179 178 107 180 106 105 180 179 106 104 180 105 181 104 103 181 180 104 182 103 102 182 181 103 101 182 102 183 182 101 183 101 100 184 183 100 184 100 99 98 184 99 185 184 98 185 98 97 186 185 97 186 97 96 187 186 96 187 96 95 94 187 95 188 187 94 188 94 93 189 188 93 189 93 92 190 189 92 190 92 91 191 190 91 191 91 90 89 191 90 192 191 89 192 89 88 193 192 88 193 88 87 194 193 87 194 87 86 195 194 86 195 86 85 84 195 85 196 195 84 83 196 84 197 196 83 82 197 83 198 197 82 81 198 82 199 81 80 199 198 81 200 80 79 200 199 80 78 200 79 201 200 78 77 201 78 202 201 77 76 202 77 203 202 76 75 203 76 204 203 75 74 204 75 205 204 74 73 205 74 206 205 73 72 206 73 207 206 72 71 207 72 119 207 71 208 2 1 208 1 209 210 2 208 211 212 213 214 213 212 214 212 209 214 1 15 214 15 120 214 209 1 215 2 210 215 120 2 215 210 216 215 214 120 215 213 214 215 216 211 215 211 213 217 209 216 217 210 208 217 216 210 217 208 209 218 216 209 218 209 212 218 211 216 218 212 211 
184 182 1 0 0.0250455766829744
-1.887379141863e-14 -7.5 75.25 -1.929306155908e-14 -7.875 75.25 7.5 -1.836970198721e-15 73.937500002206 7.3991828501187 1.22559909968738 73.9832190830458 7.09944277601179 2.41824570213215 74.0289380574621 6.68964823880449 3.3909594116365 74.0681681014762 6.22252230351429 4.18691015916427 74.1024627119873 5.66119321383014 4.91944012309561 74.1367562335548 5.01417116489923 5.57746246059463 74.1710485502128 4.2911995116409 6.15106551810626 74.2053424285577 3.50324240077812 6.63153769767797 74.239636742616 2.66236129586196 7.01154992412539 74.2739262327407 1.78118265739061 7.28542300166366 74.3082155703713 0.873043176430269 7.4490130642852 74.3425048490572 -0.048312688748388 7.49984439029331 74.3767941605821 -0.968939614661916 7.4371470366656 74.4110835624398 -1.8748932671517 7.26187133140478 74.4453727296326 -2.75247244943391 6.9766679280154 74.4796621469543 -3.58840888814168 6.58584251552417 74.5139525204368 -4.37013519450821 6.09523735248187 74.5482480343892 -5.08565645445736 5.51235869931294 74.5825421083385 -5.72414992360703 4.84604040912025 74.6168348900643 -6.27600146231112 4.10631290271862 74.6511293473065 -6.7328313165806 3.3043883616501 74.6854246095541 -7.08767245423339 2.45252899522879 74.7197158285992 -7.33522393318961 1.5634865994923 74.7540091427952 -7.47170947775068 0.650812573472747 74.7883008858222 -7.49507644545281 -0.27171601179009 74.8225926849682 -7.40496406032755 -1.1901707962262 74.8568860160227 -7.20275222280588 -2.09054061539512 74.8911767949593 -6.89148654618787 -2.95929272991277 74.9254688453454 -6.47589776484455 -3.78321924757542 74.959759931667 -5.96227324015444 -4.54986792200868 74.9940508433018 -5.3583647575719 -5.24765916132612 75.0283429417453 -4.67337926186295 -5.86596336880737 75.0626327263292 -3.91765959942661 -6.39546270877534 75.096922032577 -3.1026429209904 -6.82814813307768 75.1312110588375 -2.24065421178435 -7.15747641941251 75.165500348053 -1.34476741667869 -7.37845517871265 75.199788925025 -0.675124819716738 -7.46955194091787 75.2248944539103 7.5 -1.836970198721e-15 72.187500002206 7.39918269242784 1.22560005240502 72.2332191189858 7.09944238677804 2.41824684564994 72.2789381022366 6.68297668711713 3.40408900051216 72.3187150197406 6.20950541263743 4.2061910302159 72.3533266299623 5.64028183464202 4.94340172412811 72.3879372828902 4.98410008093191 5.60435065802451 72.4225465914619 4.25102510001666 6.17889843848617 72.4571574185289 3.45237551755276 6.65816061527815 72.4917688346266 2.60060671418055 7.03468867252692 72.5263752652977 1.70874820654547 7.30275150514204 72.5609814222386 0.790544860134831 7.45821954844008 72.5955875545155 -0.139845653609884 7.49869609882986 72.6301936326145 -1.0680866425551 7.42355648770123 72.6647999610476 -1.97985160042654 7.23396071785283 72.6994059730548 -2.86110027278631 6.93282807829437 72.7340123449124 -3.69826625392824 6.52478549958186 72.768620014507 -4.47849268328916 6.01607047601391 72.8032316457551 -5.18961268952346 5.41460243747017 72.8378415018966 -5.82069209380853 4.72964522498516 72.8724508036426 -6.36203846336239 3.97170822787732 72.907062043203 -6.80524884789089 3.15255263379941 72.9416718305115 -7.14347733438376 2.28489214610023 72.9762772652951 -7.37157144002042 1.38200348440534 73.0108827338987 -7.47260425195355 0.640457403108103 73.0386868703419 -7.49436989161408 -0.290551066375102 73.0732926474839 -7.38079482836895 -1.33186624545252 73.1122241033123 -7.15566263027705 -2.24643985892015 73.1472247508012 -6.85677186219957 -3.03886159982649 73.1786927269366 -6.47045914578054 -3.79251344911143 73.2101598307392 -6.00164289563493 -4.49780866129262 73.2416269708265 -5.45628560327525 -5.14576982805359 73.2730949640043 -4.84138696184064 -5.72808626294308 73.304561272182 -4.16475857237394 -6.23737012318924 73.3360276491573 -3.43503842595734 -6.66712164372628 73.3674936050166 -2.66151382198961 -7.01187165731805 73.3989598907423 -1.85406673738647 -7.26721656003036 73.430425723986 -1.0229899201564 -7.42990522288661 73.4618912537545 -0.178871802873324 -7.49786668850299 73.4933567561075 0.658430223686775 -7.47104203015646 73.5244831075849 1.47877273276318 -7.35277031836639 73.555278176809 2.28104867261647 -7.14470553902798 73.5860729326593 3.05542907228083 -6.84940526843415 73.6168660844431 3.79250884730335 -6.4704619108093 73.6476596234273 4.48331418096548 -6.01247813880487 73.6784548897381 5.11933377630505 -5.48109675937905 73.7092485116079 5.69280086849623 -4.8828289165729 73.7400399361551 6.19676744720497 -4.22493470166209 73.7708317904254 6.6250626663121 -3.51547217485531 73.8016228744744 6.97247593484485 -2.76307426894176 73.8324145260376 7.23475861098152 -1.97693392343107 73.8632063942924 7.4086959481712 -1.16671521445647 73.8939960083763 7.47713913880654 -0.58514119443768 73.9157480043293 -1.924386576017e-15 -7.5 71.75 1.22556492524142 -7.3991885622113 71.7957178385731 1.97321789566955 -7.23577295741027 71.8241506246887 2.70033195061625 -6.99701417127611 71.8525836484826 3.53913658745344 -6.6124513014389 71.8868729383141 4.41814496940181 -6.06052762254522 71.9254480446011 5.21254339841253 -5.39253106801969 71.9640234072613 5.90713535196818 -4.62122841325296 72.0026001746889 6.48858406805918 -3.76141949819025 72.0411767356252 6.94575650364188 -2.82957006127369 72.07975321627 7.26990057089659 -1.84351448844103 72.118330137417 7.44225282791723 -0.928909596845382 72.1529150632712 -1.446614031493e-15 -7.875 71.75 -1.25610230991044 -7.77417685242788 75.2053838506534 -2.4800422664079 -7.47428963871575 75.1607677013046 -3.6404801740378 -6.98301715409583 75.1161515519556 -4.7077003786849 -6.31293858940031 75.0715354026071 -5.65437494687991 -5.48121181937483 75.0269192532589 -6.45626367051766 -4.50913399772076 74.9823031039109 -7.0928341915371 -3.42159609181773 74.9376869545629 -7.54778718249316 -2.24644545514501 74.8930708052148 -7.80947341665779 -1.01377277032781 74.8484546558666 -7.87119205066273 0.244858410771016 74.8038385065184 -7.73136237034535 1.4972198366987 74.7592223571702 -7.39356447426092 2.7112437636438 74.714606207822 -6.86644775842389 3.85584407587778 74.6699900584738 -6.16350950065356 4.90171228795765 74.6253739091257 -5.30274921511066 5.82206803511725 74.5807577597775 -4.30620766017246 6.5933448241477 74.5361416104294 -3.19940234993043 7.19579347905133 74.4915254610812 -2.01067406679492 7.61398782887751 74.446909311733 -0.770461136719277 7.83721969319265 74.4022931623848 0.489479942561031 7.85977305797546 74.3576770130365 1.73688757683967 7.68107042816952 74.3130608636883 2.93982106310471 7.30568761374894 74.2684447143401 4.06747837403864 6.74323657115524 74.2238285649919 5.09098482984514 6.00811929649268 74.1792124156437 5.98413247986225 5.11915906586967 74.1345962662956 6.7240512587039 4.09911845832241 74.0899801169474 7.29179470735278 2.97411649790822 74.0453639675992 7.67282522052551 1.77295983917623 74.000747818251 7.85738634829433 0.526405126838323 73.9561316689029 7.84075258165689 -0.733628572410681 73.9115155195547 7.62335021650643 -1.97487708797827 73.8668993702066 7.21074623501127 -3.16555727752674 73.8222832208584 6.61350557323492 -4.27518082201265 73.7776670715102 5.84692055311926 -5.27533486374197 73.733050922162 4.93061952864969 -6.14040953142426 73.6884347728138 3.88806480178058 -6.84825375847554 73.6438186234657 2.74595246392483 -7.3807426054764 73.5992024741177 1.53352886262469 -7.72424146501207 73.5545863247699 0.281839718278539 -7.86995495180682 73.5099701754215 -0.977066438495203 -7.81415138637321 73.4653540260725 -2.21095452918253 -7.55826004771527 73.4207378767245 -3.38823107153096 -7.10883336769244 73.3761217273767 -4.47874930609461 -6.47737901942739 73.3315055780287 -5.45458447795571 -5.68006582443621 73.2868894286806 -6.29074949990175 -4.73730972884194 73.2422732793324 -6.96583428803833 -3.67325090021346 73.1976571299841 -7.46255337903771 -2.51513550768959 73.1530409806359 -7.76818818160357 -1.29261804499635 73.1084248312877 -7.87491258559712 -0.0370020340434118 73.0638086819395 -7.77999349470998 1.21956148493555 73.0191925325914 -7.48586101794317 2.44489717864274 72.9745763832432 -7.00004641808694 3.6076292911057 72.9299602338951 -6.33498934979044 4.67798505941628 72.8853440845469 -5.50771931482933 5.62855709204441 72.8407279351987 -4.53941951825836 6.43500517710311 72.7961117858506 -3.45488433797926 7.07667954252922 72.7514956365024 -2.28188434483576 7.53714960696252 72.7068794871543 -1.05045516490851 7.80462468528904 72.6622633378061 0.207871594263478 7.87225588267877 72.617647188458 1.46087566948238 7.73831145383248 72.5730310391098 2.676473073011 7.40622114225771 72.5284148897616 3.82353754002082 6.88448836562476 72.4837987404135 4.87269749085745 6.18647249305494 72.4391825910653 5.79708812200646 5.33004678339691 72.3945664417171 6.57303936982247 4.33714073620378 72.3499502923689 7.18068211165709 3.23317856835321 72.3053341430207 7.60445704432035 2.04642819307234 72.2607179936726 7.83351316290342 0.8072773753079 72.2161018443244 7.86198559567393 -0.452544392734918 72.1714856949762 7.68914566355862 -1.70077835969782 72.126869545628 7.31941934490786 -2.90546251374793 72.0822533962798 6.76227374578737 -4.035749961214 72.0376372469316 6.03197459967963 -5.06269874426511 71.9930210975834 5.14722113365606 -5.96001290379008 71.9484049482353 4.1306677149854 -6.70471584858219 71.9037887988871 3.00834439568127 -7.27773880378071 71.8591726495389 1.8089906543143 -7.66440920600035 71.8145565001907 0.910603484839836 -7.82217504753235 71.7822782500953 0 0.166666666667 0 1 4.891754907171 0.166667646039 4.72135754458045 0.166666051332061 4.55096057861644 0.166664948869825 4.40474818955742 0.166664780700406 4.27693041466903 0.166665188449896 4.14911669833055 0.166665898418788 4.02130747275192 0.166666643045224 3.89349242668567 0.166667195918819 3.76567575669233 0.166667441630912 3.6378770657473 0.166667397876992 3.51007894315692 0.166667187182198 3.38228104025622 0.166666974317722 3.25448301496335 0.166666893432198 3.12668465299442 0.166666992168629 2.9988871656336 0.166667212158366 2.8710887460285 0.166667412994299 2.7432867627648 0.166667430825462 2.61546562070508 0.166667151530367 2.48764984561149 0.166666570899372 2.35983888670091 0.166665817860652 2.23202168305407 0.166665127094022 2.10420147911123 0.166664765148307 1.97639634439274 0.166664930108647 1.84858340093821 0.166665661776214 1.72077631331153 0.166666791910456 1.59296901652621 0.166667974969987 1.46515601023776 0.166668790496519 1.33735251582569 0.166668897583644 1.20954428265593 0.166668196114728 1.08173964260393 0.166666913784318 0.953935653617877 0.166665565750016 0.826127241333988 0.166664762603748 0.698327452925343 0.166664919749932 0.570529447301283 0.166665971088975 0.442732485203672 0.166667296552698 0.314934543060826 0.166668013222057 0.187139255484971 0.166667645308155 0.093569659805165 0.166667000193058 11.414094794397 0.166667646221 11.2436972978449 0.166666051312903 11.0733002989523 0.166664948850257 10.9250496843084 0.16666478358281 10.7960504352179 0.166665203715141 10.6670547540099 0.166665925006882 10.5380640832865 0.166666672501951 10.4090677530533 0.16666721702961 10.2800692274727 0.166667446500878 10.1510892828316 0.166667386477218 10.0221103583968 0.166667167921756 9.89313152588651 0.166666960202452 9.76415289530078 0.166666895335975 9.63517333170687 0.166667012133331 9.50619494744898 0.166667240002665 9.37721522200946 0.166667428549673 9.24823065983907 0.166667411683213 9.11923133238161 0.166667084290098 8.9902386208369 0.166666460824834 8.8612479755528 0.166665693305393 8.73225010793459 0.166665033951434 8.60325765293493 0.166664752280536 8.47428142001901 0.166665028745279 8.34530506105443 0.166665865119959 8.24167761639548 0.166666805680315 8.1127001074908 0.16666799688156 7.9676005719383 0.166668859370718 7.83715136096982 0.166668830575473 7.71986859758935 0.166668094017991 7.60258908543729 0.166666897337694 7.48530943805005 0.166665649806018 7.36802661114978 0.166664829324449 7.25075006433113 0.166664790401581 7.13347326110176 0.166665568098535 7.01619802739198 0.166666790308857 6.89892156425433 0.166667792986703 6.78164678753892 0.166667980051058 6.66437314189199 0.166667334973653 6.54709959842682 0.166666692566143 6.43109008769448 0.166666986327704 6.31631528293397 0.166667758230607 6.2015416461336 0.166668003287793 6.08677398777208 0.166667361875491 5.97200488629497 0.166666183171895 5.85722934698239 0.166665124174957 5.7424599365857 0.166664700120196 5.62769871572392 0.166665091694395 5.51293589326252 0.166666118830566 5.3981759414545 0.166667376469734 5.28341387449196 0.166668422578694 5.16865099990834 0.166668929683527 5.05389652673519 0.166668776964486 4.97282572054956 0.166668313978254 13.04467977443 0.166666666666667 12.8742870418125 0.166667533769527 12.7683165875326 0.166668014952976 12.6623452474152 0.166667759400745 12.5345473029746 0.166666617362589 12.3907759004672 0.166665204745034 12.2470035424429 0.166664708318656 12.1032259487787 0.166665453803516 11.9594491247172 0.16666695259312 11.8156725999066 0.166668349958372 11.6718944333227 0.166668949986198 11.5429946382411 0.166668617851579 13.04467977443 1 0.166286680290018 1 0.332573360580035 1 0.498860040870053 1 0.66514672116007 1 0.831433401450088 1 0.997720081740105 1 1.16400676203012 1 1.33029344232014 1 1.49658012261016 1 1.66286680290018 1 1.82915348319019 1 1.99544016348021 1 2.16172684377023 1 2.32801352406025 1 2.49430020435026 1 2.66058688464028 1 2.8268735649303 1 2.99316024522032 1 3.15944692551034 1 3.32573360580035 1 3.49202028609037 1 3.65830696638039 1 3.82459364667041 1 3.99088032696043 1 4.15716700725044 1 4.32345368754046 1 4.48974036783048 1 4.6560270481205 1 4.82231372841052 1 4.98860040870053 1 5.15488708899055 1 5.32117376928057 1 5.48746044957059 1 5.6537471298606 1 5.82003381015062 1 5.98632049044064 1 6.15260717073066 1 6.31889385102067 1 6.48518053131069 1 6.65146721160071 1 6.81775389189073 1 6.98404057218074 1 7.15032725247076 1 7.31661393276078 1 7.4829006130508 1 7.64918729334081 1 7.81547397363083 1 7.98176065392085 1 8.14804733421087 1 8.31433401450088 1 8.4806206947909 1 8.64690737508092 1 8.81319405537094 1 8.97948073566095 1 9.14576741595097 1 9.31205409624099 1 9.47834077653101 1 9.64462745682103 1 9.81091413711104 1 9.97720081740106 1 10.1434874976911 1 10.3097741779811 1 10.4760608582711 1 10.6423475385611 1 10.8086342188511 1 10.9749208991412 1 11.1412075794312 1 11.3074942597212 1 11.4737809400112 1 11.6400676203012 1 11.8063543005913 1 11.9726409808813 1 12.1389276611713 1 12.3052143414613 1 12.4715010217513 1 12.6377877020413 1 12.8040743823314 1 12.9243770783807 1 40 2 1 107 40 39 107 2 40 108 39 38 108 107 39 37 108 38 109 108 37 36 109 37 110 109 36 110 36 35 111 110 35 111 35 34 33 111 34 112 111 33 32 112 33 113 112 32 113 32 31 114 113 31 114 31 30 29 114 30 115 114 29 28 115 29 116 115 28 27 116 28 117 27 26 117 116 27 118 26 25 118 117 26 24 118 25 119 118 24 23 119 24 120 23 22 120 119 23 121 22 21 121 120 22 20 121 21 122 121 20 19 122 20 123 19 18 123 122 19 124 18 17 124 123 18 16 124 17 125 124 16 15 125 16 126 125 15 14 126 15 127 14 13 127 126 14 12 127 13 128 127 12 11 128 12 129 128 11 10 129 11 130 10 9 130 129 10 131 130 9 131 9 8 7 131 8 132 131 7 6 132 7 133 132 6 5 133 6 134 133 5 4 134 5 135 134 4 3 135 4 136 135 3 136 3 93 92 136 93 137 136 92 137 92 91 90 137 91 138 137 90 89 138 90 139 138 89 139 89 88 87 139 88 140 139 87 86 140 87 141 140 86 141 86 85 142 141 85 142 85 84 83 142 84 143 142 83 143 83 82 144 143 82 144 82 81 80 144 81 145 144 80 79 145 80 146 145 79 146 79 78 77 146 78 147 146 77 76 147 77 148 76 75 148 147 76 149 75 74 149 148 75 73 149 74 150 73 72 150 149 73 151 72 71 151 150 72 70 151 71 152 151 70 69 152 70 153 152 69 153 69 68 154 153 68 154 68 67 66 154 67 155 154 66 65 155 66 156 155 65 156 65 64 157 156 64 157 64 63 62 157 63 158 157 62 61 158 62 159 158 61 159 61 60 160 159 60 160 60 59 58 160 59 161 160 58 57 161 58 162 161 57 56 162 57 163 162 56 163 56 55 164 55 54 164 163 55 53 164 54 165 164 53 52 165 53 166 52 51 166 165 52 167 51 50 167 166 51 49 167 50 168 167 49 48 168 49 169 168 48 47 169 48 170 47 46 170 169 47 171 46 45 171 170 46 44 171 45 172 171 44 43 172 44 173 172 43 42 173 43 174 173 42 41 174 42 175 174 41 105 175 41 176 105 104 176 175 105 177 104 103 177 176 104 102 177 103 178 177 102 101 178 102 179 178 101 100 179 101 180 179 100 99 180 100 181 180 99 98 181 99 182 181 98 182 98 97 96 182 97 183 182 96 95 183 96 184 183 95 94 184 95 106 184 94 
117 115 1 0 0.0285397643119086
7.5 -1.836970198721e-15 72.187500002206 7.39918269242784 1.22560005240502 72.2332191189858 7.09944238677804 2.41824684564994 72.2789381022366 6.68297668711713 3.40408900051216 72.3187150197406 6.20950541263743 4.2061910302159 72.3533266299623 5.64028183464202 4.94340172412811 72.3879372828902 4.98410008093191 5.60435065802451 72.4225465914619 4.25102510001666 6.17889843848617 72.4571574185289 3.45237551755276 6.65816061527815 72.4917688346266 2.60060671418055 7.03468867252692 72.5263752652977 1.70874820654547 7.30275150514204 72.5609814222386 0.790544860134831 7.45821954844008 72.5955875545155 -0.139845653609884 7.49869609882986 72.6301936326145 -1.0680866425551 7.42355648770123 72.6647999610476 -1.97985160042654 7.23396071785283 72.6994059730548 -2.86110027278631 6.93282807829437 72.7340123449124 -3.69826625392824 6.52478549958186 72.768620014507 -4.47849268328916 6.01607047601391 72.8032316457551 -5.18961268952346 5.41460243747017 72.8378415018966 -5.82069209380853 4.72964522498516 72.8724508036426 -6.36203846336239 3.97170822787732 72.907062043203 -6.80524884789089 3.15255263379941 72.9416718305115 -7.14347733438376 2.28489214610023 72.9762772652951 -7.37157144002042 1.38200348440534 73.0108827338987 -7.47260425195355 0.640457403108103 73.0386868703419 -7.49436989161408 -0.290551066375102 73.0732926474839 -7.38079482836895 -1.33186624545252 73.1122241033123 -7.15566263027705 -2.24643985892015 73.1472247508012 -6.85677186219957 -3.03886159982649 73.1786927269366 -6.47045914578054 -3.79251344911143 73.2101598307392 -6.00164289563493 -4.49780866129262 73.2416269708265 -5.45628560327525 -5.14576982805359 73.2730949640043 -4.84138696184064 -5.72808626294308 73.304561272182 -4.16475857237394 -6.23737012318924 73.3360276491573 -3.43503842595734 -6.66712164372628 73.3674936050166 -2.66151382198961 -7.01187165731805 73.3989598907423 -1.85406673738647 -7.26721656003036 73.430425723986 -1.0229899201564 -7.42990522288661 73.4618912537545 -0.178871802873324 -7.49786668850299 73.4933567561075 0.658430223686775 -7.47104203015646 73.5244831075849 1.47877273276318 -7.35277031836639 73.555278176809 2.28104867261647 -7.14470553902798 73.5860729326593 3.05542907228083 -6.84940526843415 73.6168660844431 3.79250884730335 -6.4704619108093 73.6476596234273 4.48331418096548 -6.01247813880487 73.6784548897381 5.11933377630505 -5.48109675937905 73.7092485116079 5.69280086849623 -4.8828289165729 73.7400399361551 6.19676744720497 -4.22493470166209 73.7708317904254 6.6250626663121 -3.51547217485531 73.8016228744744 6.97247593484485 -2.76307426894176 73.8324145260376 7.23475861098152 -1.97693392343107 73.8632063942924 7.4086959481712 -1.16671521445647 73.8939960083763 7.47713913880654 -0.58514119443768 73.9157480043293 7.5 -1.836970198721e-15 73.937500002206 7.5 -1.836970198721e-15 70 7.38605814759156 1.30236133250198 70 7.04769465589431 2.56515107494252 70 6.49519052838329 3.75 70 5.74533332339233 4.82090707264904 70 4.82090707264905 5.74533332339233 70 3.75 6.49519052838329 70 2.56515107494252 7.04769465589431 70 1.30236133250198 7.38605814759156 70 4.59242549680257e-16 7.5 70 -1.30236133250198 7.38605814759156 70 -2.56515107494252 7.04769465589431 70 -3.75 6.49519052838329 70 -4.82090707264904 5.74533332339234 70 -5.74533332339233 4.82090707264905 70 -6.49519052838329 3.75000000000001 70 -7.04769465589431 2.56515107494252 70 -7.38605814759156 1.30236133250199 70 -7.5 1.09104923209869e-14 70 -7.38605814759156 -1.30236133250197 70 -7.04769465589432 -2.5651510749425 70 -6.4951905283833 -3.74999999999999 70 -5.74533332339235 -4.82090707264903 70 -4.82090707264906 -5.74533332339232 70 -3.75000000000001 -6.49519052838328 70 -2.56515107494253 -7.04769465589431 70 -1.302361332502 -7.38605814759156 70 -2.13617420922936e-14 -7.5 70 1.30236133250195 -7.38605814759156 70 2.56515107494249 -7.04769465589432 70 3.74999999999998 -6.4951905283833 70 4.82090707264902 -5.74533332339235 70 5.74533332339232 -4.82090707264907 70 6.49519052838327 -3.75000000000003 70 7.0476946558943 -2.56515107494255 70 7.38605814759155 -1.30236133250201 70 7.5 -1.836970198721e-15 70 7.5 -1.836970198721e-15 72.187500002206 -1.924386576017e-15 -7.5 71.75 1.22556492524142 -7.3991885622113 71.7957178385731 1.97321789566955 -7.23577295741027 71.8241506246887 2.70033195061625 -6.99701417127611 71.8525836484826 3.53913658745344 -6.6124513014389 71.8868729383141 4.41814496940181 -6.06052762254522 71.9254480446011 5.21254339841253 -5.39253106801969 71.9640234072613 5.90713535196818 -4.62122841325296 72.0026001746889 6.48858406805918 -3.76141949819025 72.0411767356252 6.94575650364188 -2.82957006127369 72.07975321627 7.26990057089659 -1.84351448844103 72.118330137417 7.44225282791723 -0.928909596845382 72.1529150632712 7.5 -1.836970198721e-15 72.635048751961 7.39919026665907 -1.22555443715198 72.5694363052441 7.09955883727994 -2.41790489953515 72.5020340568785 6.60929936920483 -3.54501928245221 72.432519983226 5.94179761170128 -4.5765752567138 72.3604546993304 5.11525034678777 -5.48490782523297 72.2851885103565 4.15219554166185 -6.24574032039304 72.205694878128 3.17818194935377 -6.79331726608887 72.1281009141549 2.23018511119891 -7.16074537865182 72.0508614486517 1.2441866083253 -7.39608002167816 71.962532889599 0.249889251781406 -7.49583587794858 71.8433598503207 0.109730113717917 -7.49919725417876 71.8160561988283 0.023427799389559 -7.49996341783181 71.7909478896315 0 2.18750000220599 0.164149520491203 2.23321911898585 0.328298547242354 2.27893810223663 0.471113243407959 2.31871501974055 0.595382485617015 2.35332662996229 0.719648312885522 2.38793728289025 0.843909329542693 2.42254659146192 0.968175801290251 2.4571574185289 1.092444375339 2.49176883462656 1.21669502444976 2.52637526529766 1.34094466011001 2.5609814222386 1.46519418062371 2.59558755451553 1.58944349238877 2.6301936326145 1.71369370555967 2.66479996104763 1.83794280126627 2.69940597305476 1.96219321776947 2.73401234491242 2.08644832365728 2.76862001450698 2.21071767552343 2.80323164575509 2.33498066196868 2.8378415018966 2.45924165038933 2.87245080364255 2.58350957748352 2.90706204320302 2.7077722682729 2.94167183051153 2.83201931514286 2.97627726529512 2.95626647833336 3.01088273389867 3.05609420433747 3.03868687034186 3.18034249298887 3.07329264748393 3.32012167521064 3.11222410331226 3.44578771468271 3.14722475080119 3.55877006586595 3.17869272693659 3.67174926427561 3.21015983073922 3.78472857598694 3.24162697082646 3.89771095129467 3.27309496400428 4.01068730519953 3.30456127218189 4.12366395991997 3.33602764915695 4.23663916057572 3.36749360501654 4.34961556717735 3.39895989074226 4.46259029405075 3.43042572398604 4.57556380385559 3.46189125375452 4.68853714541796 3.49335675610748 4.80029284139429 3.52448310758484 4.91085908322091 3.555278176809 5.0214243256468 3.58607293265934 5.13198390033047 3.61686608444311 5.24254487703951 3.6476596234273 5.35311201258457 3.67845488973813 5.46367318627468 3.70924851160792 5.57422642842163 3.74003993615514 5.68478119801132 3.77083179042537 5.79533320980431 3.80162287447444 5.90588727839636 3.83241452603755 6.01644214334073 3.86320639429237 6.12698892441802 3.89399600837631 6.20508711425268 3.91574800432932 6.28318530718 3.93750000220599 0 0 0.174532925199433 0 0.349065850398866 0 0.523598775598299 0 0.698131700797732 0 0.872664625997165 0 1.0471975511966 0 1.22173047639603 0 1.39626340159546 0 1.5707963267949 0 1.74532925199433 0 1.91986217719376 0 2.0943951023932 0 2.26892802759263 0 2.44346095279206 0 2.61799387799149 0 2.79252680319093 0 2.96705972839036 0 3.14159265358979 0 3.31612557878922 0 3.49065850398866 0 3.66519142918809 0 3.83972435438752 0 4.01425727958696 0 4.18879020478639 0 4.36332312998582 0 4.53785605518525 0 4.71238898038469 0 4.88692190558412 0 5.06145483078355 0 5.23598775598299 0 5.41052068118242 0 5.58505360638185 0 5.75958653158128 0 5.93411945678072 0 6.10865238198015 0 6.28318530718 0 6.28318530718 2.187500002206 4.712388980385 1.75 4.87653374945939 1.79571783857305 4.97861855273016 1.8241506246887 5.08070430913664 1.8525836484826 5.20381641675993 1.88687293831414 5.34231625680424 1.92544804460108 5.48081692902235 1.9640234072613 5.61932258520597 2.00260017468885 5.75782749158586 2.0411767356252 5.89633213495 2.07975321627004 6.03483838880315 2.11833013741705 6.1590118270622 2.15291506327122 6.28318530718 2.63504875196099 6.11904195063979 2.56943630524413 5.95493494029339 2.50203405687852 5.79086799269034 2.43251998322601 5.62685962821347 2.36045469933039 5.46292844319817 2.28518851035623 5.29910120239026 2.20569487812796 5.14997877562924 2.12810091415495 5.01431328293127 2.05086144865167 4.8790509977096 1.96253288959903 4.74571371326094 1.84335985032074 4.72702018329472 1.8160561988283 4.71551269175297 1.79094788963146 2 1 55 2 55 56 3 2 56 3 56 57 4 3 57 4 57 58 5 4 58 5 58 59 6 5 59 7 6 59 7 59 60 8 7 60 8 60 61 9 8 61 9 61 62 10 9 62 11 10 62 11 62 63 12 11 63 12 63 64 13 12 64 14 64 65 14 13 64 15 65 66 15 14 65 16 66 67 16 15 66 17 16 67 18 67 68 18 17 67 19 68 69 19 18 68 20 19 69 21 69 70 21 20 69 22 70 71 22 21 70 23 71 72 23 22 71 24 23 72 25 72 73 25 24 72 26 25 73 26 73 74 27 26 74 28 27 74 28 74 75 29 28 75 29 75 76 30 29 76 31 30 76 31 76 77 32 31 77 32 77 78 33 32 78 34 33 78 34 78 79 35 34 79 35 79 80 36 35 80 37 36 80 37 80 81 93 81 82 38 37 81 38 81 93 39 116 115 39 117 116 39 93 117 39 38 93 40 115 114 40 39 115 95 94 83 95 83 84 41 40 114 96 95 84 42 41 113 97 96 84 97 84 85 98 97 85 98 85 86 44 43 112 99 86 87 99 98 86 45 44 111 46 45 110 100 99 87 100 87 88 47 110 109 47 46 110 101 100 88 48 47 109 102 101 88 102 88 89 49 48 108 103 102 89 103 89 90 50 49 108 104 103 90 104 90 91 51 50 107 52 51 106 92 104 91 53 52 106 54 53 105 94 93 82 94 82 83 106 105 53 107 106 51 108 107 50 109 108 48 111 110 45 112 111 44 113 112 43 113 43 42 114 113 41 
168 166 1 0 0.0253396476944389
-1.929306155908e-14 -7.875 75.25 -1.25610230991044 -7.77417685242788 75.2053838506534 -2.4800422664079 -7.47428963871575 75.1607677013046 -3.6404801740378 -6.98301715409583 75.1161515519556 -4.7077003786849 -6.31293858940031 75.0715354026071 -5.65437494687991 -5.48121181937483 75.0269192532589 -6.45626367051766 -4.50913399772076 74.9823031039109 -7.0928341915371 -3.42159609181773 74.9376869545629 -7.54778718249316 -2.24644545514501 74.8930708052148 -7.80947341665779 -1.01377277032781 74.8484546558666 -7.87119205066273 0.244858410771016 74.8038385065184 -7.73136237034535 1.4972198366987 74.7592223571702 -7.39356447426092 2.7112437636438 74.714606207822 -6.86644775842389 3.85584407587778 74.6699900584738 -6.16350950065356 4.90171228795765 74.6253739091257 -5.30274921511066 5.82206803511725 74.5807577597775 -4.30620766017246 6.5933448241477 74.5361416104294 -3.19940234993043 7.19579347905133 74.4915254610812 -2.01067406679492 7.61398782887751 74.446909311733 -0.770461136719277 7.83721969319265 74.4022931623848 0.489479942561031 7.85977305797546 74.3576770130365 1.73688757683967 7.68107042816952 74.3130608636883 2.93982106310471 7.30568761374894 74.2684447143401 4.06747837403864 6.74323657115524 74.2238285649919 5.09098482984514 6.00811929649268 74.1792124156437 5.98413247986225 5.11915906586967 74.1345962662956 6.7240512587039 4.09911845832241 74.0899801169474 7.29179470735278 2.97411649790822 74.0453639675992 7.67282522052551 1.77295983917623 74.000747818251 7.85738634829433 0.526405126838323 73.9561316689029 7.84075258165689 -0.733628572410681 73.9115155195547 7.62335021650643 -1.97487708797827 73.8668993702066 7.21074623501127 -3.16555727752674 73.8222832208584 6.61350557323492 -4.27518082201265 73.7776670715102 5.84692055311926 -5.27533486374197 73.733050922162 4.93061952864969 -6.14040953142426 73.6884347728138 3.88806480178058 -6.84825375847554 73.6438186234657 2.74595246392483 -7.3807426054764 73.5992024741177 1.53352886262469 -7.72424146501207 73.5545863247699 0.281839718278539 -7.86995495180682 73.5099701754215 -0.977066438495203 -7.81415138637321 73.4653540260725 -2.21095452918253 -7.55826004771527 73.4207378767245 -3.38823107153096 -7.10883336769244 73.3761217273767 -4.47874930609461 -6.47737901942739 73.3315055780287 -5.45458447795571 -5.68006582443621 73.2868894286806 -6.29074949990175 -4.73730972884194 73.2422732793324 -6.96583428803833 -3.67325090021346 73.1976571299841 -7.46255337903771 -2.51513550768959 73.1530409806359 -7.76818818160357 -1.29261804499635 73.1084248312877 -7.87491258559712 -0.0370020340434118 73.0638086819395 -7.77999349470998 1.21956148493555 73.0191925325914 -7.48586101794317 2.44489717864274 72.9745763832432 -7.00004641808694 3.6076292911057 72.9299602338951 -6.33498934979044 4.67798505941628 72.8853440845469 -5.50771931482933 5.62855709204441 72.8407279351987 -4.53941951825836 6.43500517710311 72.7961117858506 -3.45488433797926 7.07667954252922 72.7514956365024 -2.28188434483576 7.53714960696252 72.7068794871543 -1.05045516490851 7.80462468528904 72.6622633378061 0.207871594263478 7.87225588267877 72.617647188458 1.46087566948238 7.73831145383248 72.5730310391098 2.676473073011 7.40622114225771 72.5284148897616 3.82353754002082 6.88448836562476 72.4837987404135 4.87269749085745 6.18647249305494 72.4391825910653 5.79708812200646 5.33004678339691 72.3945664417171 6.57303936982247 4.33714073620378 72.3499502923689 7.18068211165709 3.23317856835321 72.3053341430207 7.60445704432035 2.04642819307234 72.2607179936726 7.83351316290342 0.8072773753079 72.2161018443244 7.86198559567393 -0.452544392734918 72.1714856949762 7.68914566355862 -1.70077835969782 72.126869545628 7.31941934490786 -2.90546251374793 72.0822533962798 6.76227374578737 -4.035749961214 72.0376372469316 6.03197459967963 -5.06269874426511 71.9930210975834 5.14722113365606 -5.96001290379008 71.9484049482353 4.1306677149854 -6.70471584858219 71.9037887988871 3.00834439568127 -7.27773880378071 71.8591726495389 1.8089906543143 -7.66440920600035 71.8145565001907 0.910603484839836 -7.82217504753235 71.7822782500953 -1.446614031493e-15 -7.875 71.75 0.0530188897706934 -7.87482111734042 71.7735028290838 0.281899428619677 -7.86995356667348 71.803023729362 0.916510363222122 -7.82148474134735 71.8561037370378 1.92530372870232 -7.63602280411996 71.9232316519624 3.10278755297639 -7.23797742068285 71.9943732147995 4.23541229011286 -6.63904455933697 72.0620599718411 5.22368915782649 -5.8931073516049 72.1241652089124 6.11114933765536 -4.9668370291557 72.1861362341245 6.82726549421714 -3.9247996825492 72.2454327126528 7.3531895973236 -2.81890676740032 72.3015190125624 7.71749748442869 -1.56712358221954 72.3600450405369 7.86776253702366 -0.337527252410637 72.4146825857374 7.83139313612904 0.827578909586858 72.4653466638938 7.61179703263577 2.01894942181848 72.5173274996446 7.19442970061531 3.20246279954463 72.5705281356799 6.57173867261437 4.33911257492583 72.6248471115266 5.74467039429059 5.38650254905969 72.6801791070483 4.72388633900132 6.30083408427704 72.7364156189046 3.65673799933034 6.97451580402816 72.787710150735 2.59514975765939 7.43510688027223 72.8343569212807 1.4593723778712 7.73859571376809 72.8813973893715 0.274204431884238 7.87022540881817 72.9287709060803 -0.932404223721822 7.81960707484219 72.9764168378287 -2.13020743555808 7.58141441992996 73.0242748085139 -3.28767827421787 7.15589260007328 73.072284934668 -4.37313981497336 6.54914303082831 73.120388051886 -5.35595644676374 5.77315783734228 73.1685259309137 -6.20772521174412 4.84559185724256 73.2166414819556 -6.90340497985548 3.78927559323714 73.264678945947 -7.42232370278994 2.63148812158805 73.3125840717304 -7.74901036392896 1.40302356398281 73.3603042782685 -7.87380809664774 0.137097243900175 73.407788801234 -7.79323762247443 -1.13185287729098 73.454988823507 -7.51009482257729 -2.36940820481922 73.5018575893114 -7.03328191207425 -3.54239225693201 73.5483505019024 -6.37738723099258 -4.62001442920904 73.5944252048932 -5.56204290735746 -5.5748821282289 73.6400416474725 -4.61110134217738 -6.38383901580731 73.6851621339105 -3.55167934626548 -7.02859945530109 73.7297513578826 -2.41312156763259 -7.49616156828162 73.773776422259 -1.22593136946943 -7.77899088585448 73.8172068451051 -0.0178877602179233 -7.87497851710572 73.8601141595823 1.19934073537779 -7.7831337361448 73.9031157554492 2.3984518655219 -7.50087088832147 73.9462892312122 3.5479947407607 -7.0304617481744 73.9895926903505 4.61668363449423 -6.3798014586172 74.032982331405 5.57449333149894 -5.56242978142782 74.076412518426 6.39376777970453 -4.5973175930818 74.1198358656578 7.05029273438745 -3.50841703519027 74.1632033367251 7.52427738544515 -2.32398207315235 74.2064643584516 7.80118995166078 -1.07567895384421 74.2495669492959 7.87239732441159 0.202479889306082 74.2924578622288 7.73556824765724 1.47533190800191 74.3350827417129 7.39481226856751 2.70783360976341 74.3773862942657 6.86054170763885 3.86633948187579 74.4193124719104 6.14906003872583 4.9198252773023 74.4608046676349 5.28189618425642 5.8409927842968 74.501805921798 4.28491920101977 6.60720002438258 74.5422591382431 3.18728062491502 7.20117139010249 74.5821073087128 2.02024146190079 7.61145572847889 74.6212937439957 0.815946745185635 7.83261579997829 74.6597623100958 -0.393787751549491 7.86514878250575 74.6974576675866 -1.57861484073953 7.71515338458938 74.7343255122119 -2.71066658209568 7.39377354044804 74.7703128147085 -3.76539245900073 6.91646052848214 74.8053680577793 -4.72219496341491 6.30210378520438 74.8394414681172 -5.56484757788548 5.57208500241635 74.8724852413844 -6.28169464376003 4.74930991005858 74.904453758093 -6.86564394961935 3.85726743144635 74.9353037883964 -7.31396786943899 2.91915704715781 74.964994683903 -7.6279293762538 1.95711637057723 74.993488554753 -7.81231988828992 0.991592090499349 75.0207504303288 -7.8748939707683 0.0408482866079072 75.0467484022006 -7.82574948151043 -0.879370605758774 75.0714537480964 -7.6767165098011 -1.75603729344359 75.0948410358206 -7.44075798033658 -2.57890323257101 75.1168882064076 -7.13141286204346 -3.34044229149428 75.1375766359735 -6.7623030919297 -4.0356984591617 75.1568911759801 -6.2000654588593 -4.85539037624096 75.1804870939737 -5.50534405426156 -5.6308820342203 75.204066738559 -4.78054005103354 -6.25796064584302 75.2244978510506 -4.05700397140231 -6.74954302371453 75.2417883665463 -3.35982403545778 -7.12230232283553 75.2559626410779 -2.50340178177928 -7.46649930591005 75.2700853772729 -1.67320865015867 -7.69519394561977 75.2796076386768 -0.821582641645844 -7.83202474053475 75.2822540677421 -0.111316967020509 -7.87421258728786 75.2662739132155 -0.0359332723786236 -7.87491658833051 75.258782231688 10.9955742875643 5.25 10.8353850527927 5.20538385065293 10.6751955700794 5.16076770130461 10.5150059655879 5.11615155195569 10.3548164041531 5.07153540260702 10.1946269534119 5.02691925325889 10.0344375595835 4.9823031039109 9.87424816627565 4.93768695456288 9.71405873032382 4.89307080521477 9.55386926953371 4.8484546558666 9.393679817022 4.80383850651839 9.23349038356902 4.75922235717018 9.07330096222573 4.71460620782197 8.91311152414082 4.66999005847381 8.75292205335852 4.62537390912568 8.59273255075856 4.58075775977753 8.43254304077871 4.53614161042937 8.27235355698283 4.49152546108118 8.11216411857089 4.44690931173298 7.95197472801779 4.40229316238476 7.79178535734393 4.35767701303652 7.63159597405274 4.31306086368826 7.47140654740732 4.26844471434004 7.31121707245198 4.22382856499187 7.15102756581231 4.17921241564373 6.99083805845572 4.13459626629558 6.83064858008702 4.0899801169474 6.67045913515322 4.04536396759921 6.51026971267638 4.00074781825102 6.35008028361881 3.95613166890288 6.1898908348114 3.91151551955475 6.02970137408857 3.86689937020656 5.86951192897605 3.82228322085834 5.7093225274128 3.77766707151021 5.54913313985755 3.73305092216205 5.3889437105466 3.68843477281379 5.2287541657391 3.6438186234657 5.06856454878249 3.59920247411781 4.90837507414582 3.55458632476972 4.74818577224788 3.50997017542132 4.58799650290718 3.46535402607282 4.42780712043137 3.42073787672451 4.26761754234621 3.37612172737659 4.10742794341418 3.33150557802872 3.94723847133107 3.28688942868059 3.78704907341702 3.24227327933235 3.62685968410475 3.19765712998412 3.4666702578616 3.1530409806359 3.30648079938044 3.10842483128771 3.14629134360791 3.06380868193954 2.98610190537449 3.01919253259138 2.82591248358286 2.97457638324324 2.66572305158864 2.92996023389508 2.50553358833254 2.88534408454689 2.34534409182423 2.84072793519873 2.1851545803253 2.79611178585058 2.02496508851378 2.75149563650244 1.86477563868063 2.70687948715429 1.70458623924397 2.66226333780614 1.54439686694736 2.61764718845799 1.38420748929518 2.57303103910982 1.22401807423296 2.52841488976167 1.06382860887226 2.48379874041353 0.90363910721566 2.43918259106533 0.743449596829994 2.39456644171709 0.58326011087055 2.34995029236889 0.423070658618728 2.30533414302072 0.262881233395146 2.26071799367255 0.102691808177183 2.21610184432438 -0.0574976365615725 2.17148569497622 -0.217687096274569 2.126869545628 -0.377876548288833 2.08225339627975 -0.538065958143677 2.03763724693155 -0.69825534511715 1.9930210975834 -0.85844476301644 1.94840494823525 -1.01863427126285 1.90378879888709 -1.17882387651061 1.8591726495389 -1.33901343253958 1.8145565001907 -1.45490495228119 1.78227825009535 -1.5707963267949 1.75 -1.56406313460978 1.7735030487697 -1.53499191538473 1.80302373343525 -1.45414953924561 1.85610379044712 -1.32380962502079 1.92323172549745 -1.16581139557645 1.99437324193522 -1.00293490492981 2.06206005090017 -0.845542176319958 2.12416526102947 -0.682467041274352 2.18613626767532 -0.52173747434569 2.2454327531049 -0.366078106639487 2.3015190752836 -0.200336899569269 2.36004510664504 -0.042873608055066 2.41468262387098 0.105283799098505 2.46534666407989 0.259269766329929 2.51732753654573 0.418797513048438 2.57052817186212 0.58356010148826 2.6248471142552 0.753232334799649 2.68017912016733 0.927472014882108 2.73641563790433 1.08789832226214 2.78771015092921 1.23497705106556 2.83435692820453 1.38440180188888 2.88139738590033 1.53596969998693 2.9287709072078 1.68947526568305 2.97641682463901 1.84471130400966 3.02427480846723 2.00146986045082 3.07228491407025 2.15954320810419 3.12038804239595 2.31872461155503 3.16852590966702 2.4788092425976 3.21664145864422 2.6395947440723 3.26467894177361 2.80088154328062 3.31258400769141 2.96247470113473 3.36030427784262 3.12418278805853 3.4077888417754 3.28581913132562 3.45498872334175 3.44720378412352 3.50185723032637 3.60816746987651 3.54835116832507 3.76853461180516 3.59442603042641 3.92812954411473 3.64003771386749 4.08684637193647 3.68516189684111 4.24455765067652 3.72976854184934 4.4008924461552 3.77376025797315 4.55585350909757 3.81714394288794 4.71033735227064 3.86017537185185 4.86535060208157 3.90313506152037 5.0218085276144 3.94627184878857 5.17975640809441 3.9895922884766 5.33882030199402 4.03298641538922 5.49886769908178 4.07641178061376 5.65979806059097 4.11983513040566 5.8214390047759 4.16320366939994 5.9836163470359 4.20646447275774 6.14616262804057 4.24956688393407 6.30889986190216 4.29245785978725 6.47164280857792 4.3350827819218 6.63420118942313 4.37738629112055 6.79638107064228 4.41931247696224 6.95798352765561 4.46080466840384 7.11880663979588 4.50180592448413 7.27864566614507 4.54225912889995 7.43729367032887 4.58210730911243 7.59454240556659 4.62129372581151 7.75018305628483 4.65976230350738 7.90400725310099 4.69745764724208 8.05580803403711 4.73432548729393 8.20538066132988 4.7703128035806 8.35252310926129 4.80536801142095 8.49703750032934 4.83944146794482 8.6387297608992 4.87248518378324 8.77741254891903 4.90445374654878 8.91290385447405 4.93530373903046 9.04502952829622 4.96499464090903 9.17362299609062 4.99348853064215 9.29852616512626 5.02075035772847 9.41959085319522 5.04674840092629 9.53667714537733 5.07145366575045 9.64965735264861 5.09484102338236 9.75841279643972 5.11688814080789 9.8628375453175 5.1375765882926 9.96283629286653 5.15689114498479 10.0891403657798 5.18048701249954 10.2214482994989 5.20406665858081 10.3432277070537 5.22449779800491 10.4543622157196 5.24178834902909 10.5547950184972 5.25596264109641 10.6720686221372 5.27008536376268 10.7814711532662 5.27960758723082 10.8910560848047 5.28225405868264 10.9814377644663 5.26627381042334 10.9910125739749 5.25878245759669 82 81 80 79 82 80 83 82 79 78 83 79 84 83 78 77 84 78 85 84 77 76 85 77 86 85 76 75 86 76 87 86 75 74 87 75 88 87 74 73 88 74 89 88 73 72 89 73 90 89 72 71 90 72 91 90 71 70 91 71 92 91 70 69 92 70 93 92 69 68 93 69 94 93 68 95 94 68 95 68 67 96 95 67 96 67 66 65 96 66 97 96 65 64 97 65 98 97 64 63 98 64 99 98 63 62 99 63 100 99 62 61 100 62 101 100 61 102 101 61 102 61 60 103 102 60 103 60 59 104 59 58 104 103 59 105 58 57 105 104 58 106 57 56 106 105 57 107 56 55 107 106 56 108 55 54 108 107 55 109 54 53 109 108 54 110 53 52 110 109 53 111 52 51 111 110 52 112 51 50 112 111 51 113 50 49 113 112 50 114 49 48 114 113 49 115 114 48 115 48 47 116 115 47 116 47 46 117 116 46 117 46 45 118 117 45 118 45 44 119 118 44 119 44 43 120 119 43 120 43 42 121 120 42 121 42 41 122 121 41 40 122 41 123 122 40 39 123 40 124 123 39 38 124 39 125 124 38 37 125 38 126 125 37 36 126 37 127 126 36 35 127 36 128 127 35 34 128 35 129 128 34 33 129 34 130 129 33 32 130 33 131 130 32 31 131 32 132 131 31 30 132 31 133 132 30 29 133 30 134 133 29 28 134 29 135 134 28 27 135 28 136 135 27 26 136 27 137 136 26 25 137 26 138 137 25 24 138 25 139 138 24 23 139 24 140 139 23 22 140 23 141 140 22 21 141 22 142 141 21 20 142 21 143 142 20 19 143 20 144 143 19 18 144 19 145 144 18 17 145 18 146 145 17 16 146 17 147 146 16 15 147 16 148 147 15 14 148 15 149 148 14 150 149 14 13 150 14 151 150 13 12 151 13 152 151 12 11 152 12 153 152 11 10 153 11 154 153 10 155 154 10 9 155 10 156 155 9 8 156 9 157 156 8 158 157 8 7 158 8 159 158 7 6 159 7 160 159 6 5 160 6 161 160 5 162 161 5 4 162 5 163 162 4 3 163 4 164 163 3 165 164 3 2 165 3 166 165 2 167 166 2 1 168 167 1 167 2 
52 52 1 0 1.07704222810784e-13
22.5 6.129061917913 70 16.4824180538559 9.20870617544374 70 10.0559122919111 11.3052568958412 70 3.37992238193084 12.3666992886962 70 -3.37992238193084 12.3666992886962 70 -10.0559122919111 11.3052568958412 70 -16.4824180538559 9.20870617544374 70 -22.5 6.129061917913 70 -22.5 -6.129061917913 70 -16.4824180538535 -9.20870617543774 70 -10.0559122919096 -11.3052568958346 70 -3.37992238193032 -12.3666992886892 70 3.37992238193031 -12.3666992886892 70 10.0559122919096 -11.3052568958346 70 16.4824180538535 -9.20870617543774 70 22.5 -6.129061917913 70 7.5 -1.836970198721e-15 70 7.38605814759156 1.30236133250198 70 7.04769465589431 2.56515107494252 70 6.49519052838329 3.75 70 5.74533332339233 4.82090707264904 70 4.82090707264905 5.74533332339233 70 3.75 6.49519052838329 70 2.56515107494252 7.04769465589431 70 1.30236133250198 7.38605814759156 70 4.59242549680257e-16 7.5 70 -1.30236133250198 7.38605814759156 70 -2.56515107494252 7.04769465589431 70 -3.75 6.49519052838329 70 -4.82090707264904 5.74533332339234 70 -5.74533332339233 4.82090707264905 70 -6.49519052838329 3.75000000000001 70 -7.04769465589431 2.56515107494252 70 -7.38605814759156 1.30236133250199 70 -7.5 1.09104923209869e-14 70 -7.38605814759156 -1.30236133250197 70 -7.04769465589432 -2.5651510749425 70 -6.4951905283833 -3.74999999999999 70 -5.74533332339235 -4.82090707264903 70 -4.82090707264906 -5.74533332339232 70 -3.75000000000001 -6.49519052838328 70 -2.56515107494253 -7.04769465589431 70 -1.302361332502 -7.38605814759156 70 -2.13617420922936e-14 -7.5 70 1.30236133250195 -7.38605814759156 70 2.56515107494249 -7.04769465589432 70 3.74999999999998 -6.4951905283833 70 4.82090707264902 -5.74533332339235 70 5.74533332339232 -4.82090707264907 70 6.49519052838327 -3.75000000000003 70 7.0476946558943 -2.56515107494255 70 7.38605814759155 -1.30236133250201 70 22.5 6.129061917913 16.4824180538559 9.20870617544374 10.0559122919111 11.3052568958412 3.37992238193084 12.3666992886962 -3.37992238193085 12.3666992886962 -10.0559122919111 11.3052568958413 -16.4824180538559 9.20870617544374 -22.5 6.129061917913 -22.5000000000001 -6.12906191791318 -16.4824180538535 -9.20870617543774 -10.0559122919096 -11.3052568958346 -3.37992238193033 -12.3666992886892 3.37992238193031 -12.3666992886892 10.0559122919096 -11.3052568958346 16.4824180538535 -9.20870617543774 22.5 -6.129061917913 7.49999999999999 0 7.38605814759156 1.30236133250198 7.0476946558943 2.56515107494252 6.49519052838328 3.75 5.74533332339233 4.82090707264905 4.82090707264904 5.74533332339234 3.74999999999999 6.49519052838329 2.56515107494251 7.04769465589431 1.30236133250197 7.38605814759156 -7.105427357601e-15 7.5 -1.30236133250198 7.38605814759156 -2.56515107494252 7.04769465589431 -3.75000000000001 6.49519052838329 -4.82090707264905 5.74533332339234 -5.74533332339234 4.82090707264905 -6.49519052838329 3.75000000000001 -7.04769465589432 2.56515107494253 -7.38605814759157 1.30236133250199 -7.50000000000001 1.24344978758018e-14 -7.38605814759157 -1.30236133250196 -7.04769465589433 -2.5651510749425 -6.4951905283833 -3.74999999999998 -5.74533332339235 -4.82090707264903 -4.82090707264906 -5.74533332339232 -3.75000000000002 -6.49519052838328 -2.56515107494254 -7.0476946558943 -1.30236133250201 -7.38605814759156 -2.8421709430404e-14 -7.5 1.30236133250195 -7.38605814759156 2.56515107494248 -7.04769465589432 3.74999999999997 -6.4951905283833 4.82090707264902 -5.74533332339235 5.74533332339231 -4.82090707264907 6.49519052838327 -3.75000000000002 7.04769465589429 -2.56515107494254 7.38605814759155 -1.30236133250201 39 11 40 41 11 12 41 40 11 38 10 11 38 11 39 42 41 12 37 10 38 43 42 12 36 10 37 44 12 13 44 43 12 35 8 9 35 9 10 35 10 36 7 8 35 45 44 13 34 7 35 46 45 13 33 7 34 47 46 13 32 7 33 14 47 13 48 47 14 49 48 14 6 7 32 6 31 30 6 32 31 50 49 14 29 6 30 15 50 14 15 51 50 15 52 51 17 52 15 5 6 29 5 27 26 5 28 27 5 29 28 4 24 23 4 25 24 4 26 25 4 5 26 16 17 15 3 21 20 3 22 21 3 23 22 3 4 23 2 18 17 2 19 18 2 20 19 2 3 20 1 2 17 1 17 16 
80 126 1 0 0.150493586539198
22.5 6.129061917913 70 22.7275971260682 6.49873759773187 69.9620193825305 22.9482788286305 6.85718086908437 69.8492315519648 23.1553398058248 7.19350061455149 69.6650635094611 23.3424886146372 7.49747792885323 69.4151111077974 23.5040388332136 7.75987661511445 69.1069690242164 23.6350818399109 7.97272382203327 68.75 23.7316359592817 8.12955229493333 68.3550503583142 23.7907674432676 8.2255968800246 67.9341204441673 23.810679611651 8.25793931119 67.5 17.4425589113621 11.5169803215856 67.5 10.6416935904693 13.7356602101616 67.5 3.57681106437378 14.8589341987169 67.5 -3.57681106437293 14.8589341987169 67.5 -10.6416935904685 13.7356602101618 67.5 -17.4425589113613 11.516980321586 67.5 -23.81067961165 8.25793931119 67.5 -22.5 6.129061917913 70 -22.7275971260682 6.49873759773187 69.9620193825305 -22.9482788286305 6.85718086908437 69.8492315519648 -23.1553398058248 7.19350061455149 69.6650635094611 -23.3424886146372 7.49747792885323 69.4151111077974 -23.5040388332136 7.75987661511445 69.1069690242164 -23.6350818399109 7.97272382203327 68.75 -23.7316359592817 8.12955229493333 68.3550503583142 -23.7907674432676 8.2255968800246 67.9341204441673 16.4824180538559 9.20870617544374 70 10.0559122919111 11.3052568958412 70 3.37992238193084 12.3666992886962 70 -3.37992238193084 12.3666992886962 70 -10.0559122919111 11.3052568958412 70 -16.4824180538559 9.20870617544374 70 17.4279722143118 11.4819124506418 67.9341204441683 17.3846553325694 11.3777743573239 68.3550503583152 17.3139244276675 11.207730224901 68.7500000000009 17.2179286223598 10.9769467582903 69.1069690242171 17.0995847006144 10.6924361963428 69.4151111077981 16.9624884826087 10.3628432485138 69.6650635094616 16.8108055675527 9.99818242974121 69.8492315519651 16.6491447640651 9.609533774476 69.9620193825307 10.6327942563007 13.6987369227304 67.9341204441683 10.6063666555606 13.5890889558414 68.3550503583152 10.5632137775242 13.4100479074841 68.7500000000009 10.5046468005545 13.1670538493137 69.1069690242171 10.4324452526103 12.8674900328267 69.4151111077981 10.3488029411901 12.5204585530005 69.6650635094616 10.2562612956014 12.1365037857433 69.8492315519651 10.1576321469171 11.7272920023676 69.9620193825307 3.57381988288099 14.8210715504121 67.9341204441683 3.56493722393872 14.7086340429073 68.3550503583152 3.55043298264408 14.525038032972 68.7500000000009 3.5307478630293 14.275861992464 69.1069690242171 3.50647998749273 13.9686770092849 69.4151111077981 3.47836672315241 13.6128167437056 69.6650635094616 3.44726227731933 13.2190938298217 69.8492315519651 3.4141117428405 12.7994713391381 69.9620193825307 -3.57381988288014 14.8210715504121 67.9341204441683 -3.56493722393787 14.7086340429074 68.3550503583152 -3.55043298264323 14.5250380329721 68.7500000000009 -3.53074786302846 14.2758619924641 69.1069690242171 -3.50647998749189 13.968677009285 69.4151111077981 -3.47836672315158 13.6128167437057 69.6650635094616 -3.4472622773185 13.2190938298218 69.8492315519651 -3.41411174283969 12.7994713391382 69.9620193825307 -10.6327942562999 13.6987369227306 67.9341204441683 -10.6063666555597 13.5890889558416 68.3550503583152 -10.5632137775234 13.4100479074843 68.7500000000009 -10.5046468005537 13.1670538493139 69.1069690242171 -10.4324452526095 12.8674900328269 69.4151111077981 -10.3488029411893 12.5204585530007 69.6650635094616 -10.2562612956006 12.1365037857435 69.8492315519651 -10.1576321469163 11.7272920023678 69.9620193825307 -17.427972214311 11.4819124506421 67.9341204441683 -17.3846553325686 11.3777743573242 68.3550503583152 -17.3139244276667 11.2077302249013 68.7500000000009 -17.217928622359 10.9769467582906 69.1069690242171 -17.0995847006137 10.6924361963431 69.4151111077981 -16.9624884826079 10.3628432485142 69.6650635094616 -16.8108055675519 9.99818242974152 69.8492315519651 -16.6491447640643 9.60953377447631 69.9620193825307 0.0310537942550488 1.570796326795 0.03105379425535 1.39626340159588 0.03105379425535 1.22173047639644 0.03105379425535 1.04719755119701 0.03105379425535 0.872664625997579 0.03105379425535 0.698131700798146 0.03105379425535 0.523598775598714 0.03105379425535 0.349065850399281 0.03105379425535 0.174532925199848 0.0310537942550496 0 0.188728021312322 0 0.346402248369595 0 0.504076475426868 0 0.661750702484141 0 0.819424929541414 0 0.977099156598687 0 1.134773383656 4.13891143580258e-13 1.13477338365598 1.570796326795 1.134773383656 1.39626340159588 1.134773383656 1.22173047639644 1.134773383656 1.04719755119701 1.134773383656 0.872664625997579 1.134773383656 0.698131700798146 1.134773383656 0.523598775598714 1.134773383656 0.349065850399281 1.134773383656 0.174532925199848 0.188728021312325 1.570796326795 0.3464022483696 1.570796326795 0.504076475426876 1.570796326795 0.661750702484152 1.570796326795 0.819424929541428 1.570796326795 0.977099156598703 1.570796326795 0.188728021312322 0.174532925199848 0.188728021312322 0.349065850399281 0.188728021312322 0.523598775598714 0.188728021312322 0.698131700798146 0.188728021312322 0.872664625997579 0.188728021312322 1.04719755119701 0.188728021312322 1.22173047639644 0.188728021312322 1.39626340159588 0.346402248369595 0.174532925199848 0.346402248369595 0.349065850399281 0.346402248369595 0.523598775598714 0.346402248369595 0.698131700798146 0.346402248369595 0.872664625997579 0.346402248369595 1.04719755119701 0.346402248369595 1.22173047639644 0.346402248369595 1.39626340159588 0.504076475426868 0.174532925199848 0.504076475426868 0.349065850399281 0.504076475426868 0.523598775598714 0.504076475426868 0.698131700798146 0.504076475426868 0.872664625997579 0.504076475426868 1.04719755119701 0.504076475426868 1.22173047639644 0.504076475426868 1.39626340159588 0.661750702484141 0.174532925199848 0.661750702484141 0.349065850399281 0.661750702484141 0.523598775598714 0.661750702484141 0.698131700798146 0.661750702484141 0.872664625997579 0.661750702484141 1.04719755119701 0.661750702484141 1.22173047639644 0.661750702484141 1.39626340159588 0.819424929541414 0.174532925199848 0.819424929541414 0.349065850399281 0.819424929541414 0.523598775598714 0.819424929541414 0.698131700798146 0.819424929541414 0.872664625997579 0.819424929541414 1.04719755119701 0.819424929541414 1.22173047639644 0.819424929541414 1.39626340159588 0.977099156598687 0.174532925199848 0.977099156598687 0.349065850399281 0.977099156598687 0.523598775598714 0.977099156598687 0.698131700798146 0.977099156598687 0.872664625997579 0.977099156598687 1.04719755119701 0.977099156598687 1.22173047639644 0.977099156598687 1.39626340159588 11 9 10 27 1 2 33 11 12 33 9 11 34 8 9 34 9 33 35 7 8 35 8 34 36 6 7 36 7 35 37 5 6 37 6 36 38 4 5 38 5 37 39 3 4 39 4 38 40 2 3 40 3 39 40 27 2 41 33 12 42 33 41 42 34 33 43 34 42 43 35 34 44 35 43 44 37 36 44 36 35 45 37 44 46 38 37 46 37 45 47 39 38 47 38 46 48 28 27 48 39 47 48 27 40 48 40 39 49 12 13 49 41 12 50 41 49 50 43 42 50 42 41 51 43 50 52 43 51 52 45 44 52 44 43 53 45 52 54 46 45 54 45 53 55 47 46 55 46 54 56 48 47 56 47 55 56 29 28 56 28 48 57 13 14 57 49 13 58 49 57 58 50 49 59 51 50 59 52 51 59 50 58 60 52 59 61 53 52 61 54 53 61 52 60 62 55 54 62 54 61 63 55 62 64 30 29 64 29 56 64 55 63 64 56 55 65 57 14 65 14 15 66 58 57 66 57 65 67 59 58 67 58 66 68 60 59 68 59 67 69 61 60 69 60 68 70 62 61 70 61 69 71 63 62 71 62 70 72 31 30 72 30 64 72 64 63 72 63 71 73 15 16 73 16 17 73 17 26 73 65 15 74 25 24 74 26 25 74 66 65 74 67 66 74 65 73 74 73 26 75 24 23 75 68 67 75 67 74 75 74 24 76 75 23 76 68 75 77 23 22 77 68 76 77 69 68 77 76 23 78 22 21 78 77 22 78 70 69 78 71 70 78 69 77 79 20 19 79 21 20 79 72 71 79 78 21 79 71 78 80 19 18 80 32 31 80 18 32 80 79 19 80 31 72 80 72 79 
20 18 1 0 0.00951325477064376
-22.5 -6.129061917913 70 -22.9341204441673 -6.129061917913 69.9620193825305 -23.3550503583142 -6.129061917913 69.8492315519648 -23.75 -6.129061917913 69.6650635094611 -24.1069690242163 -6.129061917913 69.4151111077974 -24.4151111077974 -6.129061917913 69.1069690242164 -24.6650635094611 -6.129061917913 68.75 -24.8492315519648 -6.129061917913 68.3550503583142 -24.9620193825305 -6.129061917913 67.9341204441673 -25 -6.129061917913 67.5 -22.5 6.129061917913 70 -22.9341204441673 6.129061917913 69.9620193825305 -23.3550503583142 6.129061917913 69.8492315519648 -23.75 6.129061917913 69.6650635094611 -24.1069690242163 6.129061917913 69.4151111077974 -24.4151111077974 6.129061917913 69.1069690242164 -24.6650635094611 6.129061917913 68.75 -24.8492315519648 6.12906191791301 68.3550503583142 -24.9620193825305 6.12906191791301 67.9341204441673 -25 6.129061917913 67.5 4.71238898038459 6.129061917913 4.88692190558371 6.129061917913 5.06145483078314 6.129061917913 5.23598775598257 6.129061917913 5.41052068118201 6.129061917913 5.58505360638144 6.129061917913 5.75958653158087 6.129061917913 5.93411945678031 6.129061917913 6.10865238197974 6.129061917913 6.28318530717959 6.129061917913 4.71238898038428 -6.129061917913 4.88692190558371 -6.129061917913 5.06145483078314 -6.129061917913 5.23598775598257 -6.129061917913 5.41052068118201 -6.129061917913 5.58505360638144 -6.129061917913 5.75958653158087 -6.129061917913 5.93411945678031 -6.129061917913 6.10865238197974 -6.129061917913 6.28318530717959 -6.129061917913 1 11 12 2 1 12 3 12 13 3 13 14 3 2 12 4 3 14 5 14 15 5 4 14 6 15 16 6 5 15 7 16 17 7 17 18 7 6 16 8 7 18 9 18 19 9 8 18 10 19 20 10 9 19 
80 126 1 0 0.150493586536213
-22.5 -6.129061917913 70 -22.7275971260682 -6.49873759773187 69.9620193825305 -22.9482788286305 -6.85718086908437 69.8492315519648 -23.1553398058248 -7.19350061455149 69.6650635094611 -23.3424886146372 -7.49747792885323 69.4151111077974 -23.5040388332136 -7.75987661511445 69.1069690242164 -23.6350818399109 -7.97272382203327 68.75 -23.7316359592817 -8.12955229493333 68.3550503583142 -23.7907674432676 -8.2255968800246 67.9341204441673 -23.81067961165 -8.25793931119 67.5 -17.442558911359 -11.5169803215799 67.5 -10.6416935904672 -13.7356602101552 67.5 -3.57681106437277 -14.8589341987099 67.5 3.57681106437277 -14.85893419871 67.5 10.6416935904672 -13.7356602101551 67.5 17.442558911359 -11.5169803215799 67.5 23.81067961165 -8.25793931119 67.5 22.5 -6.129061917913 70 22.7275971260682 -6.49873759773187 69.9620193825305 22.9482788286305 -6.85718086908437 69.8492315519648 23.1553398058248 -7.19350061455149 69.6650635094611 23.3424886146372 -7.49747792885323 69.4151111077974 23.5040388332136 -7.75987661511445 69.1069690242164 23.6350818399109 -7.97272382203327 68.75 23.7316359592817 -8.12955229493333 68.3550503583142 23.7907674432676 -8.2255968800246 67.9341204441673 -16.4824180538535 -9.20870617543774 70 -10.0559122919096 -11.3052568958346 70 -3.37992238193032 -12.3666992886892 70 3.37992238193031 -12.3666992886892 70 10.0559122919096 -11.3052568958346 70 16.4824180538535 -9.20870617543774 70 -17.4279722143091 -11.4819124506359 67.9341204441683 -17.3846553325668 -11.377774357318 68.3550503583152 -17.3139244276648 -11.2077302248951 68.7500000000009 -17.2179286223572 -10.9769467582844 69.1069690242171 -17.0995847006118 -10.6924361963369 69.4151111077981 -16.9624884826061 -10.3628432485079 69.6650635094616 -16.8108055675501 -9.99818242973527 69.8492315519651 -16.6491447640626 -9.60953377447006 69.9620193825307 -10.6327942562989 -13.6987369227238 67.9341204441683 -10.6063666555587 -13.5890889558348 68.3550503583152 -10.5632137775224 -13.4100479074775 68.7500000000009 -10.5046468005527 -13.1670538493071 69.1069690242171 -10.4324452526085 -12.8674900328201 69.4151111077981 -10.3488029411883 -12.520458552994 69.6650635094616 -10.2562612955996 -12.1365037857367 69.8492315519651 -10.1576321469153 -11.7272920023611 69.9620193825307 -3.57381988288008 -14.8210715504051 67.9341204441683 -3.56493722393781 -14.7086340429004 68.3550503583152 -3.55043298264317 -14.5250380329651 68.7500000000009 -3.53074786302839 -14.275861992457 69.1069690242171 -3.50647998749183 -13.968677009278 69.4151111077981 -3.47836672315153 -13.6128167436987 69.6650635094616 -3.44726227731845 -13.2190938298148 69.8492315519651 -3.41411174283963 -12.7994713391312 69.9620193825307 3.57381988287999 -14.8210715504051 67.9341204441683 3.56493722393772 -14.7086340429004 68.3550503583152 3.55043298264308 -14.5250380329651 68.7500000000009 3.5307478630283 -14.2758619924571 69.1069690242171 3.50647998749174 -13.968677009278 69.4151111077981 3.47836672315143 -13.6128167436987 69.6650635094616 3.44726227731836 -13.2190938298148 69.8492315519651 3.41411174283954 -12.7994713391312 69.9620193825307 10.6327942562986 -13.6987369227239 67.9341204441683 10.6063666555584 -13.5890889558349 68.3550503583152 10.5632137775221 -13.4100479074776 68.7500000000009 10.5046468005524 -13.1670538493072 69.1069690242171 10.4324452526082 -12.8674900328202 69.4151111077981 10.348802941188 -12.520458552994 69.6650635094616 10.2562612955994 -12.1365037857368 69.8492315519651 10.157632146915 -11.7272920023611 69.9620193825307 17.4279722143087 -11.481912450636 67.9341204441683 17.3846553325663 -11.3777743573181 68.3550503583152 17.3139244276644 -11.2077302248953 68.7500000000009 17.2179286223567 -10.9769467582846 69.1069690242171 17.0995847006114 -10.692436196337 69.4151111077981 16.9624884826057 -10.3628432485081 69.6650635094616 16.8108055675497 -9.99818242973545 69.8492315519651 16.6491447640621 -9.60953377447023 69.9620193825307 0.0310537942551343 1.570796326795 0.03105379425535 1.39626340159588 0.03105379425535 1.22173047639644 0.03105379425535 1.04719755119701 0.03105379425535 0.872664625997579 0.03105379425535 0.698131700798146 0.03105379425535 0.523598775598714 0.03105379425535 0.349065850399281 0.03105379425535 0.174532925199848 0.0310537942551492 0 0.188728021312396 0 0.346402248369643 0 0.50407647542689 0 0.661750702484138 0 0.819424929541385 0 0.977099156598632 0 1.134773383656 4.13891143580258e-13 1.13477338365589 1.570796326795 1.134773383656 1.39626340159588 1.134773383656 1.22173047639644 1.134773383656 1.04719755119701 1.134773383656 0.872664625997579 1.134773383656 0.698131700798146 1.134773383656 0.523598775598714 1.134773383656 0.349065850399281 1.134773383656 0.174532925199848 0.188728021312386 1.570796326795 0.346402248369637 1.570796326795 0.504076475426888 1.570796326795 0.66175070248414 1.570796326795 0.819424929541391 1.570796326795 0.977099156598642 1.570796326795 0.188728021312386 0.174532925199848 0.188728021312386 0.349065850399281 0.188728021312386 0.523598775598714 0.188728021312386 0.698131700798146 0.188728021312386 0.872664625997579 0.188728021312386 1.04719755119701 0.188728021312386 1.22173047639644 0.188728021312386 1.39626340159588 0.346402248369637 0.174532925199848 0.346402248369637 0.349065850399281 0.346402248369637 0.523598775598714 0.346402248369637 0.698131700798146 0.346402248369637 0.872664625997579 0.346402248369637 1.04719755119701 0.346402248369637 1.22173047639644 0.346402248369637 1.39626340159588 0.504076475426888 0.174532925199848 0.504076475426888 0.349065850399281 0.504076475426888 0.523598775598714 0.504076475426888 0.698131700798146 0.504076475426888 0.872664625997579 0.504076475426888 1.04719755119701 0.504076475426888 1.22173047639644 0.504076475426888 1.39626340159588 0.661750702484138 0.174532925199848 0.661750702484138 0.349065850399281 0.661750702484138 0.523598775598714 0.661750702484138 0.698131700798146 0.661750702484138 0.872664625997579 0.661750702484138 1.04719755119701 0.661750702484138 1.22173047639644 0.661750702484138 1.39626340159588 0.819424929541385 0.174532925199848 0.819424929541385 0.349065850399281 0.819424929541385 0.523598775598714 0.819424929541385 0.698131700798146 0.819424929541385 0.872664625997579 0.819424929541385 1.04719755119701 0.819424929541385 1.22173047639644 0.819424929541385 1.39626340159588 0.977099156598632 0.174532925199848 0.977099156598632 0.349065850399281 0.977099156598632 0.523598775598714 0.977099156598632 0.698131700798146 0.977099156598632 0.872664625997579 0.977099156598632 1.04719755119701 0.977099156598632 1.22173047639644 0.977099156598632 1.39626340159588 11 9 10 27 1 2 33 9 11 34 8 9 34 9 33 35 7 8 35 8 34 36 6 7 36 7 35 37 5 6 37 6 36 38 4 5 38 5 37 39 3 4 39 4 38 40 2 3 40 3 39 40 27 2 41 11 12 41 33 11 42 33 41 42 35 34 42 34 33 43 35 42 44 36 35 44 35 43 45 37 36 45 36 44 46 39 38 46 38 37 46 37 45 47 39 46 48 39 47 48 28 27 48 27 40 48 40 39 49 12 13 49 41 12 50 42 41 50 41 49 51 42 50 51 43 42 52 43 51 52 44 43 52 45 44 53 45 52 54 46 45 54 45 53 55 47 46 55 46 54 56 47 55 56 29 28 56 28 48 56 48 47 57 13 14 57 49 13 58 49 57 58 50 49 59 51 50 59 50 58 59 52 51 60 52 59 61 53 52 61 52 60 61 54 53 62 54 61 62 55 54 63 55 62 64 29 56 64 56 55 64 30 29 64 55 63 65 14 15 65 58 57 65 57 14 66 58 65 67 58 66 67 59 58 68 60 59 68 59 67 69 60 68 69 61 60 70 62 61 70 61 69 71 63 62 71 62 70 72 31 30 72 63 71 72 30 64 72 64 63 73 15 16 73 16 17 73 17 26 73 65 15 74 26 25 74 66 65 74 65 73 74 73 26 75 25 24 75 67 66 75 66 74 75 74 25 76 24 23 76 68 67 76 67 75 76 75 24 77 23 22 77 69 68 77 70 69 77 68 76 77 76 23 78 21 20 78 22 21 78 77 22 78 70 77 79 71 70 79 78 20 79 70 78 80 19 18 80 20 19 80 32 31 80 18 32 80 79 20 80 31 72 80 72 71 80 71 79 
20 18 1 0 0.00951325477064376
22.5 6.129061917913 70 22.9341204441673 6.129061917913 69.9620193825305 23.3550503583142 6.129061917913 69.8492315519648 23.75 6.12906191791299 69.6650635094611 24.1069690242163 6.12906191791299 69.4151111077974 24.4151111077974 6.12906191791299 69.1069690242164 24.6650635094611 6.12906191791299 68.75 24.8492315519648 6.12906191791299 68.3550503583142 24.9620193825305 6.12906191791299 67.9341204441673 25 6.129061917913 67.5 22.5 -6.129061917913 70 22.9341204441673 -6.129061917913 69.9620193825305 23.3550503583142 -6.129061917913 69.8492315519648 23.75 -6.129061917913 69.6650635094611 24.1069690242163 -6.129061917913 69.4151111077974 24.4151111077974 -6.129061917913 69.1069690242164 24.6650635094611 -6.129061917913 68.75 24.8492315519648 -6.129061917913 68.3550503583142 24.9620193825305 -6.129061917913 67.9341204441673 25 -6.129061917913 67.5 4.71238898038459 6.129061917913 4.88692190558371 6.129061917913 5.06145483078314 6.129061917913 5.23598775598257 6.129061917913 5.41052068118201 6.129061917913 5.58505360638144 6.129061917913 5.75958653158087 6.129061917913 5.93411945678031 6.129061917913 6.10865238197974 6.129061917913 6.28318530717959 6.129061917913 4.71238898038428 -6.129061917913 4.88692190558371 -6.129061917913 5.06145483078314 -6.129061917913 5.23598775598257 -6.129061917913 5.41052068118201 -6.129061917913 5.58505360638144 -6.129061917913 5.75958653158087 -6.129061917913 5.93411945678031 -6.129061917913 6.10865238197974 -6.129061917913 6.28318530717959 -6.129061917913 1 11 12 2 1 12 3 12 13 3 13 14 3 2 12 4 3 14 5 14 15 5 4 14 6 15 16 6 5 15 7 16 17 7 17 18 7 6 16 8 7 18 9 18 19 9 8 18 10 19 20 10 9 19 
52 77 1 0 0.0306101689957632
22.5 6.129061917913 70 22.7275971260682 6.49873759773187 69.9620193825305 22.9482788286305 6.85718086908437 69.8492315519648 23.1553398058248 7.19350061455149 69.6650635094611 23.3424886146372 7.49747792885323 69.4151111077974 23.5040388332136 7.75987661511445 69.1069690242164 23.6350818399109 7.97272382203327 68.75 23.7316359592817 8.12955229493333 68.3550503583142 23.7907674432676 8.2255968800246 67.9341204441673 23.810679611651 8.25793931119 67.5 22.5 6.129061917913 70 22.9341204441673 6.129061917913 69.9620193825305 23.3550503583142 6.129061917913 69.8492315519648 23.75 6.12906191791299 69.6650635094611 24.1069690242163 6.12906191791299 69.4151111077974 24.4151111077974 6.12906191791299 69.1069690242164 24.6650635094611 6.12906191791299 68.75 24.8492315519648 6.12906191791299 68.3550503583142 24.9620193825305 6.12906191791299 67.9341204441673 25 6.129061917913 67.5 24.1516217219768 8.00579996236523 67.5 24.4450458102247 7.69966587694515 67.5 24.6825099116756 7.34834469292374 67.5 24.8571820597444 6.96194410479129 67.5 24.964036845236 6.55158105986932 67.5 22.8383264993498 6.57065841658868 69.9373197804546 22.9206957239227 6.49305009859767 69.9373197804546 22.985654143915 6.40037785976521 69.9373197804546 23.2438500550708 6.91854368765987 69.752422169756 23.0305134069333 6.29647700943389 69.9373197804546 23.388232753183 6.75166688525938 69.752422169756 23.4479697855511 7.36638781155167 69.4545787061701 23.0534169791038 6.18564756136187 69.9373197804546 23.4958552799689 6.5590231144756 69.752422169756 23.6787632241506 7.14893413676032 69.4545787061701 23.5622635973297 6.34858508065357 69.752422169756 23.8607726723854 6.88927229371414 69.4545787061701 23.8403714840126 7.55165891054987 69.0587245046468 23.9864655342368 6.59814858038861 69.4545787061701 24.1005401161383 7.25095730307399 69.0587245046468 23.8698560296375 7.91704963847329 68.5847093477939 24.0506399173862 6.28761136759719 69.4545787061701 24.2944692083764 6.90382522293094 69.0587245046468 24.2033622112533 7.60281997406833 68.5847093477939 24.4141328614002 6.52462898873846 69.0587245046468 24.4663734843082 7.22759773936724 68.5847093477939 24.1714159019682 7.90301135204098 68.0563023348908 24.6480049321813 6.80691178486966 68.5847093477939 24.495840879756 7.5280425807135 68.0563023348908 24.7407396026796 6.35817251084117 68.5847093477939 24.7376665023444 7.09517595697911 68.0563023348908 24.8868846369714 6.62232598713461 68.0563023348908 0 -1.57079632679531 0 -1.39626340159588 0 -1.22173047639644 0 -1.04719755119701 0 -0.872664625997579 0 -0.698131700798146 0 -0.523598775598714 0 -0.349065850399281 0 -0.174532925199848 0 0 1.018936532095 -1.57079632679531 1.018936532095 -1.39626340159588 1.018936532095 -1.22173047639644 1.018936532095 -1.04719755119701 1.018936532095 -0.872664625997579 1.018936532095 -0.698131700798146 1.018936532095 -0.523598775598714 1.018936532095 -0.349065850399281 1.018936532095 -0.174532925199848 1.01893653209489 0 0.169822755349148 0 0.339645510698297 0 0.509468266047445 0 0.679291021396594 0 0.849113776745742 0 0.1018936532095 -1.34639685153848 0.3056809596285 -1.34639685153848 0.5094682660475 -1.34639685153848 0.203787306419 -1.12199737628207 0.7132555724665 -1.34639685153848 0.407574612838 -1.12199737628207 0.1018936532095 -0.897597901025655 0.9170428788855 -1.34639685153848 0.611361919257 -1.12199737628207 0.3056809596285 -0.897597901025655 0.815149225676 -1.12199737628207 0.5094682660475 -0.897597901025655 0.203787306419 -0.673198425769241 0.7132555724665 -0.897597901025655 0.407574612838 -0.673198425769241 0.1018936532095 -0.448798950512828 0.9170428788855 -0.897597901025655 0.611361919257 -0.673198425769241 0.3056809596285 -0.448798950512828 0.815149225676 -0.673198425769241 0.5094682660475 -0.448798950512828 0.203787306419 -0.224399475256414 0.7132555724665 -0.448798950512828 0.407574612838 -0.224399475256414 0.9170428788855 -0.448798950512828 0.611361919257 -0.224399475256414 0.815149225676 -0.224399475256414 21 10 9 20 25 19 26 3 2 27 2 1 27 26 2 27 3 26 28 1 11 28 27 1 29 4 3 29 3 27 30 11 12 30 28 11 31 29 27 31 27 28 32 5 4 32 6 5 32 4 29 33 12 13 33 13 30 33 30 12 34 28 30 34 31 28 35 29 31 35 32 29 36 13 14 36 34 30 36 30 13 37 35 31 37 31 34 38 7 6 38 6 32 38 32 35 39 34 36 39 37 34 40 35 37 40 38 35 41 8 7 41 7 38 42 14 15 42 15 16 42 36 14 42 39 36 43 37 39 43 40 37 44 38 40 44 8 41 44 41 38 45 16 17 45 43 39 45 42 16 45 39 42 46 44 40 46 40 43 47 9 8 47 22 21 47 21 9 47 8 44 48 46 43 48 43 45 49 47 44 49 23 22 49 22 47 49 44 46 50 18 48 50 17 18 50 45 17 50 48 45 51 23 49 51 49 46 51 24 23 51 46 48 52 51 48 52 48 18 52 18 19 52 24 51 52 25 24 52 19 25 
16 14 1 0 0.141065801293096
23.810679611651 8.25793931119 2.5 17.4425589113621 11.5169803215856 2.5 10.6416935904693 13.7356602101616 2.5 3.57681106437378 14.8589341987169 2.5 -3.57681106437293 14.8589341987169 2.5 -10.6416935904685 13.7356602101618 2.5 -17.4425589113613 11.516980321586 2.5 -23.81067961165 8.25793931119 2.5 -23.81067961165 8.25793931119 67.5 23.810679611651 8.25793931119 67.5 17.4425589113621 11.5169803215856 67.5 10.6416935904693 13.7356602101616 67.5 3.57681106437378 14.8589341987169 67.5 -3.57681106437293 14.8589341987169 67.5 -10.6416935904685 13.7356602101618 67.5 -17.4425589113613 11.516980321586 67.5 1.13477338365659 -2.5 0.977099156599264 -2.5 0.819424929541991 -2.5 0.661750702484718 -2.5 0.504076475427445 -2.5 0.346402248370172 -2.5 0.188728021312899 -2.5 0.0310537942555866 -2.5 0.0310537942556266 -67.5 1.13477338365659 -67.5 0.977099156599264 -67.5 0.819424929541991 -67.5 0.661750702484718 -67.5 0.504076475427445 -67.5 0.346402248370172 -67.5 0.188728021312899 -67.5 7 8 9 7 9 16 6 16 15 6 7 16 5 14 13 5 15 14 5 6 15 4 5 13 3 12 11 3 13 12 3 4 13 2 3 11 1 11 10 1 2 11 
52 77 1 0 0.0306101689957632
-23.81067961165 8.25793931119 67.5 -24.1516217219768 8.00579996236523 67.5 -24.4450458102247 7.69966587694515 67.5 -24.6825099116756 7.34834469292374 67.5 -24.8571820597444 6.96194410479129 67.5 -24.964036845236 6.55158105986932 67.5 -25 6.129061917913 67.5 -22.5 6.129061917913 70 -22.9341204441673 6.129061917913 69.9620193825305 -23.3550503583142 6.129061917913 69.8492315519648 -23.75 6.129061917913 69.6650635094611 -24.1069690242163 6.129061917913 69.4151111077974 -24.4151111077974 6.129061917913 69.1069690242164 -24.6650635094611 6.129061917913 68.75 -24.8492315519648 6.12906191791301 68.3550503583142 -24.9620193825305 6.12906191791301 67.9341204441673 -22.5 6.129061917913 70 -22.7275971260682 6.49873759773187 69.9620193825305 -22.9482788286305 6.85718086908437 69.8492315519648 -23.1553398058248 7.19350061455149 69.6650635094611 -23.3424886146372 7.49747792885323 69.4151111077974 -23.5040388332136 7.75987661511445 69.1069690242164 -23.6350818399109 7.97272382203327 68.75 -23.7316359592817 8.12955229493333 68.3550503583142 -23.7907674432676 8.2255968800246 67.9341204441673 -23.0534169791038 6.18564756136187 69.9373197804546 -23.0305134069333 6.29647700943389 69.9373197804546 -22.985654143915 6.40037785976521 69.9373197804546 -23.5622635973297 6.34858508065357 69.752422169756 -22.9206957239227 6.49305009859767 69.9373197804546 -23.4958552799689 6.5590231144756 69.752422169756 -24.0506399173862 6.28761136759719 69.4545787061701 -22.8383264993498 6.57065841658868 69.9373197804546 -23.388232753183 6.75166688525938 69.752422169756 -23.9864655342368 6.59814858038861 69.4545787061701 -23.2438500550708 6.91854368765987 69.752422169756 -23.8607726723854 6.88927229371414 69.4545787061701 -24.4141328614002 6.52462898873845 69.0587245046468 -23.6787632241506 7.14893413676032 69.4545787061701 -24.2944692083764 6.90382522293094 69.0587245046468 -24.7407396026796 6.35817251084117 68.5847093477939 -23.4479697855511 7.36638781155167 69.4545787061701 -24.1005401161383 7.25095730307399 69.0587245046468 -24.6480049321813 6.80691178486966 68.5847093477939 -23.8403714840126 7.55165891054986 69.0587245046468 -24.4663734843082 7.22759773936724 68.5847093477939 -24.8868846369714 6.62232598713461 68.0563023348908 -24.2033622112533 7.60281997406833 68.5847093477939 -24.7376665023444 7.09517595697911 68.0563023348908 -23.8698560296375 7.91704963847329 68.5847093477939 -24.495840879756 7.5280425807135 68.0563023348908 -24.1714159019682 7.90301135204098 68.0563023348908 6.28318530717959 -4.13891143580258e-13 6.11336255183044 0 5.94353979648129 0 5.77371704113214 0 5.60389428578299 0 5.43407153043384 0 5.26424877508459 -4.13891143580258e-13 5.26424877508459 -1.57079632679531 5.26424877508459 -1.39626340159588 5.26424877508459 -1.22173047639644 5.26424877508459 -1.04719755119701 5.26424877508459 -0.872664625997579 5.26424877508459 -0.698131700798146 5.26424877508459 -0.523598775598714 5.26424877508459 -0.349065850399281 5.26424877508459 -0.174532925199848 6.28318530717959 -1.57079632679531 6.28318530717959 -1.39626340159588 6.28318530717959 -1.22173047639644 6.28318530717959 -1.04719755119701 6.28318530717959 -0.872664625997579 6.28318530717959 -0.698131700798146 6.28318530717959 -0.523598775598714 6.28318530717959 -0.349065850399281 6.28318530717959 -0.174532925199848 5.36614242829409 -1.34639685153848 5.56992973471309 -1.34639685153848 5.77371704113209 -1.34639685153848 5.46803608150359 -1.12199737628207 5.97750434755109 -1.34639685153848 5.67182338792259 -1.12199737628207 5.36614242829409 -0.897597901025655 6.18129165397009 -1.34639685153848 5.87561069434159 -1.12199737628207 5.56992973471309 -0.897597901025655 6.07939800076058 -1.12199737628207 5.77371704113209 -0.897597901025655 5.46803608150359 -0.673198425769241 5.97750434755109 -0.897597901025655 5.67182338792259 -0.673198425769241 5.36614242829409 -0.448798950512828 6.18129165397009 -0.897597901025655 5.87561069434159 -0.673198425769241 5.56992973471309 -0.448798950512828 6.07939800076058 -0.673198425769241 5.77371704113209 -0.448798950512828 5.46803608150359 -0.224399475256414 5.97750434755109 -0.448798950512828 5.67182338792259 -0.224399475256414 6.18129165397009 -0.448798950512828 5.87561069434159 -0.224399475256414 6.07939800076058 -0.224399475256414 6 7 16 1 2 25 26 10 9 27 9 8 27 10 26 27 26 9 28 8 17 28 27 8 29 11 10 29 10 27 30 17 18 30 28 17 31 27 28 31 29 27 32 12 11 32 13 12 32 11 29 33 18 19 33 19 30 33 30 18 34 28 30 34 31 28 35 29 31 35 32 29 36 19 20 36 34 30 36 30 19 37 35 31 37 31 34 38 14 13 38 13 32 38 32 35 39 34 36 39 37 34 40 35 37 40 38 35 41 15 14 41 14 38 42 20 21 42 21 22 42 39 36 42 36 20 43 37 39 43 40 37 44 15 41 44 38 40 44 41 38 45 22 23 45 43 39 45 42 22 45 39 42 46 44 40 46 40 43 47 5 6 47 16 15 47 6 16 47 15 44 48 46 43 48 43 45 49 4 5 49 47 44 49 5 47 49 44 46 50 48 45 50 24 48 50 23 24 50 45 23 51 3 4 51 46 48 51 49 46 51 4 49 52 2 3 52 48 24 52 3 51 52 24 25 52 51 48 52 25 2 
52 77 1 0 0.0306101689957605
-25 -6.129061917913 67.5 -24.964036845236 -6.55158105986927 67.5 -24.8571820597444 -6.96194410479121 67.5 -24.6825099116756 -7.34834469292363 67.5 -24.4450458102248 -7.69966587694501 67.5 -24.151621721977 -8.00579996236509 67.5 -23.81067961165 -8.25793931119 67.5 -22.5 -6.129061917913 70 -22.7275971260682 -6.49873759773187 69.9620193825305 -22.9482788286305 -6.85718086908437 69.8492315519648 -23.1553398058248 -7.19350061455149 69.6650635094611 -23.3424886146372 -7.49747792885323 69.4151111077974 -23.5040388332136 -7.75987661511445 69.1069690242164 -23.6350818399109 -7.97272382203327 68.75 -23.7316359592817 -8.12955229493333 68.3550503583142 -23.7907674432676 -8.2255968800246 67.9341204441673 -22.5 -6.129061917913 70 -22.9341204441673 -6.129061917913 69.9620193825305 -23.3550503583142 -6.129061917913 69.8492315519648 -23.75 -6.129061917913 69.6650635094611 -24.1069690242163 -6.129061917913 69.4151111077974 -24.4151111077974 -6.129061917913 69.1069690242164 -24.6650635094611 -6.129061917913 68.75 -24.8492315519648 -6.129061917913 68.3550503583142 -24.9620193825305 -6.129061917913 67.9341204441673 -22.8383264993498 -6.57065841658872 69.9373197804546 -22.9206957239226 -6.49305009859771 69.9373197804546 -22.9856541439149 -6.40037785976526 69.9373197804546 -23.2438500550707 -6.91854368765995 69.752422169756 -23.0305134069333 -6.29647700943395 69.9373197804546 -23.3882327531829 -6.75166688525948 69.752422169756 -23.447969785551 -7.36638781155178 69.4545787061701 -23.0534169791038 -6.18564756136193 69.9373197804546 -23.4958552799688 -6.55902311447571 69.752422169756 -23.6787632241505 -7.14893413676045 69.4545787061701 -23.5622635973297 -6.34858508065369 69.752422169756 -23.8607726723853 -6.88927229371429 69.4545787061701 -23.8403714840124 -7.55165891055001 69.0587245046468 -23.9864655342368 -6.59814858038878 69.4545787061701 -24.1005401161382 -7.25095730307416 69.0587245046468 -23.8698560296373 -7.91704963847344 68.5847093477939 -24.0506399173861 -6.28761136759737 69.4545787061701 -24.2944692083764 -6.90382522293114 69.0587245046468 -24.2033622112532 -7.60281997406852 68.5847093477939 -24.4141328614001 -6.52462898873867 69.0587245046468 -24.4663734843081 -7.22759773936746 68.5847093477939 -24.171415901968 -7.90301135204116 68.0563023348908 -24.6480049321813 -6.80691178486989 68.5847093477939 -24.4958408797559 -7.52804258071372 68.0563023348908 -24.7407396026796 -6.35817251084142 68.5847093477939 -24.7376665023443 -7.09517595697936 68.0563023348908 -24.8868846369713 -6.62232598713487 68.0563023348908 6.28318530717959 -4.13891143580258e-13 6.11336255183046 0 5.94353979648132 0 5.77371704113219 0 5.60389428578306 0 5.43407153043393 0 5.26424877508459 -4.13891143580258e-13 5.26424877508459 -1.57079632679531 5.26424877508459 -1.39626340159588 5.26424877508459 -1.22173047639644 5.26424877508459 -1.04719755119701 5.26424877508459 -0.872664625997579 5.26424877508459 -0.698131700798146 5.26424877508459 -0.523598775598714 5.26424877508459 -0.349065850399281 5.26424877508459 -0.174532925199848 6.28318530717959 -1.57079632679531 6.28318530717959 -1.39626340159588 6.28318530717959 -1.22173047639644 6.28318530717959 -1.04719755119701 6.28318530717959 -0.872664625997579 6.28318530717959 -0.698131700798146 6.28318530717959 -0.523598775598714 6.28318530717959 -0.349065850399281 6.28318530717959 -0.174532925199848 5.36614242829409 -1.34639685153848 5.56992973471309 -1.34639685153848 5.77371704113209 -1.34639685153848 5.46803608150359 -1.12199737628207 5.97750434755109 -1.34639685153848 5.67182338792259 -1.12199737628207 5.36614242829409 -0.897597901025655 6.18129165397009 -1.34639685153848 5.87561069434159 -1.12199737628207 5.56992973471309 -0.897597901025655 6.07939800076058 -1.12199737628207 5.77371704113209 -0.897597901025655 5.46803608150359 -0.673198425769241 5.97750434755109 -0.897597901025655 5.67182338792259 -0.673198425769241 5.36614242829409 -0.448798950512828 6.18129165397009 -0.897597901025655 5.87561069434159 -0.673198425769241 5.56992973471309 -0.448798950512828 6.07939800076058 -0.673198425769241 5.77371704113209 -0.448798950512828 5.46803608150359 -0.224399475256414 5.97750434755109 -0.448798950512828 5.67182338792259 -0.224399475256414 6.18129165397009 -0.448798950512828 5.87561069434159 -0.224399475256414 6.07939800076058 -0.224399475256414 6 7 16 1 2 25 26 10 9 27 9 8 27 10 26 27 26 9 28 8 17 28 27 8 29 11 10 29 10 27 30 17 18 30 28 17 31 27 28 31 29 27 32 12 11 32 13 12 32 11 29 33 18 19 33 19 30 33 30 18 34 28 30 34 31 28 35 29 31 35 32 29 36 19 20 36 34 30 36 30 19 37 35 31 37 31 34 38 14 13 38 13 32 38 32 35 39 34 36 39 37 34 40 35 37 40 38 35 41 15 14 41 14 38 42 20 21 42 21 22 42 39 36 42 36 20 43 37 39 43 40 37 44 15 41 44 38 40 44 41 38 45 22 23 45 43 39 45 42 22 45 39 42 46 44 40 46 40 43 47 5 6 47 16 15 47 6 16 47 15 44 48 46 43 48 43 45 49 4 5 49 47 44 49 5 47 49 44 46 50 48 45 50 24 48 50 23 24 50 45 23 51 3 4 51 46 48 51 49 46 51 4 49 52 2 3 52 48 24 52 3 51 52 24 25 52 51 48 52 25 2 
4 2 1 0 0
-25 6.129061917913 2.5 -25 -6.129061917913 2.5 -25 6.129061917913 67.5 -25 -6.129061917913 67.5 -6.129061917913 -2.5 6.129061917913 -2.5 -6.129061917913 -67.5 6.129061917913 -67.5 2 1 3 2 3 4 
16 14 1 0 0.141065801290074
-23.81067961165 -8.25793931119 2.5 -17.442558911359 -11.5169803215799 2.5 -10.6416935904672 -13.7356602101552 2.5 -3.57681106437277 -14.8589341987099 2.5 3.57681106437277 -14.85893419871 2.5 10.6416935904672 -13.7356602101551 2.5 17.442558911359 -11.5169803215799 2.5 23.81067961165 -8.25793931119 2.5 23.81067961165 -8.25793931119 67.5 -23.81067961165 -8.25793931119 67.5 -17.442558911359 -11.5169803215799 67.5 -10.6416935904672 -13.7356602101552 67.5 -3.57681106437277 -14.8589341987099 67.5 3.57681106437277 -14.85893419871 67.5 10.6416935904672 -13.7356602101551 67.5 17.442558911359 -11.5169803215799 67.5 6.25213151292424 -2.5 6.09445728586719 -2.5 5.93678305880994 -2.5 5.7791088317527 -2.5 5.62143460469545 -2.5 5.4637603776382 -2.5 5.30608615058095 -2.5 5.14841192352359 -2.5 5.14841192352371 -67.5 6.25213151292424 -67.5 6.09445728586719 -67.5 5.93678305880994 -67.5 5.7791088317527 -67.5 5.62143460469545 -67.5 5.4637603776382 -67.5 5.30608615058095 -67.5 7 8 9 7 9 16 6 16 15 6 7 16 5 14 13 5 15 14 5 6 15 4 5 13 3 13 12 3 4 13 2 12 11 2 3 12 1 11 10 1 2 11 
52 77 1 0 0.0306101689957632
23.81067961165 -8.25793931119 67.5 24.1516217219768 -8.00579996236523 67.5 24.4450458102247 -7.69966587694515 67.5 24.6825099116756 -7.34834469292374 67.5 24.8571820597444 -6.96194410479129 67.5 24.964036845236 -6.55158105986932 67.5 25 -6.129061917913 67.5 22.5 -6.129061917913 70 22.9341204441673 -6.129061917913 69.9620193825305 23.3550503583142 -6.129061917913 69.8492315519648 23.75 -6.129061917913 69.6650635094611 24.1069690242163 -6.129061917913 69.4151111077974 24.4151111077974 -6.129061917913 69.1069690242164 24.6650635094611 -6.129061917913 68.75 24.8492315519648 -6.129061917913 68.3550503583142 24.9620193825305 -6.129061917913 67.9341204441673 22.5 -6.129061917913 70 22.7275971260682 -6.49873759773187 69.9620193825305 22.9482788286305 -6.85718086908437 69.8492315519648 23.1553398058248 -7.19350061455149 69.6650635094611 23.3424886146372 -7.49747792885323 69.4151111077974 23.5040388332136 -7.75987661511445 69.1069690242164 23.6350818399109 -7.97272382203327 68.75 23.7316359592817 -8.12955229493333 68.3550503583142 23.7907674432676 -8.2255968800246 67.9341204441673 23.0534169791038 -6.18564756136187 69.9373197804546 23.0305134069333 -6.29647700943389 69.9373197804546 22.985654143915 -6.40037785976521 69.9373197804546 23.5622635973297 -6.34858508065357 69.752422169756 22.9206957239227 -6.49305009859767 69.9373197804546 23.4958552799689 -6.5590231144756 69.752422169756 24.0506399173862 -6.28761136759719 69.4545787061701 22.8383264993498 -6.57065841658868 69.9373197804546 23.388232753183 -6.75166688525938 69.752422169756 23.9864655342368 -6.59814858038861 69.4545787061701 23.2438500550708 -6.91854368765987 69.752422169756 23.8607726723854 -6.88927229371414 69.4545787061701 24.4141328614002 -6.52462898873845 69.0587245046468 23.6787632241506 -7.14893413676032 69.4545787061701 24.2944692083764 -6.90382522293094 69.0587245046468 24.7407396026796 -6.35817251084117 68.5847093477939 23.4479697855511 -7.36638781155167 69.4545787061701 24.1005401161383 -7.25095730307399 69.0587245046468 24.6480049321813 -6.80691178486966 68.5847093477939 23.8403714840126 -7.55165891054986 69.0587245046468 24.4663734843082 -7.22759773936724 68.5847093477939 24.8868846369714 -6.62232598713461 68.0563023348908 24.2033622112533 -7.60281997406833 68.5847093477939 24.7376665023444 -7.09517595697911 68.0563023348908 23.8698560296375 -7.91704963847329 68.5847093477939 24.495840879756 -7.5280425807135 68.0563023348908 24.1714159019682 -7.90301135204098 68.0563023348908 6.28318530717959 -4.13891143580258e-13 6.11336255183044 0 5.94353979648129 0 5.77371704113214 0 5.60389428578299 0 5.43407153043384 0 5.26424877508459 -4.13891143580258e-13 5.26424877508459 -1.57079632679531 5.26424877508459 -1.39626340159588 5.26424877508459 -1.22173047639644 5.26424877508459 -1.04719755119701 5.26424877508459 -0.872664625997579 5.26424877508459 -0.698131700798146 5.26424877508459 -0.523598775598714 5.26424877508459 -0.349065850399281 5.26424877508459 -0.174532925199848 6.28318530717959 -1.57079632679531 6.28318530717959 -1.39626340159588 6.28318530717959 -1.22173047639644 6.28318530717959 -1.04719755119701 6.28318530717959 -0.872664625997579 6.28318530717959 -0.698131700798146 6.28318530717959 -0.523598775598714 6.28318530717959 -0.349065850399281 6.28318530717959 -0.174532925199848 5.36614242829409 -1.34639685153848 5.56992973471309 -1.34639685153848 5.77371704113209 -1.34639685153848 5.46803608150359 -1.12199737628207 5.97750434755109 -1.34639685153848 5.67182338792259 -1.12199737628207 5.36614242829409 -0.897597901025655 6.18129165397009 -1.34639685153848 5.87561069434159 -1.12199737628207 5.56992973471309 -0.897597901025655 6.07939800076058 -1.12199737628207 5.77371704113209 -0.897597901025655 5.46803608150359 -0.673198425769241 5.97750434755109 -0.897597901025655 5.67182338792259 -0.673198425769241 5.36614242829409 -0.448798950512828 6.18129165397009 -0.897597901025655 5.87561069434159 -0.673198425769241 5.56992973471309 -0.448798950512828 6.07939800076058 -0.673198425769241 5.77371704113209 -0.448798950512828 5.46803608150359 -0.224399475256414 5.97750434755109 -0.448798950512828 5.67182338792259 -0.224399475256414 6.18129165397009 -0.448798950512828 5.87561069434159 -0.224399475256414 6.07939800076058 -0.224399475256414 6 7 16 1 2 25 26 10 9 27 9 8 27 10 26 27 26 9 28 8 17 28 27 8 29 11 10 29 10 27 30 17 18 30 28 17 31 27 28 31 29 27 32 12 11 32 13 12 32 11 29 33 18 19 33 19 30 33 30 18 34 28 30 34 31 28 35 29 31 35 32 29 36 19 20 36 34 30 36 30 19 37 35 31 37 31 34 38 14 13 38 13 32 38 32 35 39 34 36 39 37 34 40 35 37 40 38 35 41 15 14 41 14 38 42 20 21 42 21 22 42 39 36 42 36 20 43 37 39 43 40 37 44 15 41 44 38 40 44 41 38 45 22 23 45 43 39 45 42 22 45 39 42 46 44 40 46 40 43 47 5 6 47 16 15 47 6 16 47 15 44 48 46 43 48 43 45 49 4 5 49 47 44 49 5 47 49 44 46 50 48 45 50 24 48 50 23 24 50 45 23 51 3 4 51 46 48 51 49 46 51 4 49 52 2 3 52 48 24 52 3 51 52 24 25 52 51 48 52 25 2 
4 2 1 0 0
25 6.129061917913 2.5 25 -6.129061917913 2.5 25 -6.129061917913 67.5 25 6.129061917913 67.5 6.129061917913 -2.5 -6.129061917913 -2.5 -6.129061917913 -67.5 6.129061917913 -67.5 1 2 3 1 3 4 
14 12 1 0 0.00900701395106792
25 6.129061917913 2.5 25 6.129061917913 67.5 23.810679611651 8.25793931119 2.5 24.1516217219768 8.00579996236523 2.5 24.4450458102247 7.69966587694515 2.5 24.6825099116756 7.34834469292374 2.5 24.8571820597444 6.96194410479129 2.5 24.964036845236 6.55158105986932 2.5 23.810679611651 8.25793931119 67.5 24.1516217219768 8.00579996236523 67.5 24.4450458102247 7.69966587694515 67.5 24.6825099116756 7.34834469292374 67.5 24.8571820597444 6.96194410479129 67.5 24.964036845236 6.55158105986932 67.5 1.0902390101819e-13 2.5 1.0902390101819e-13 67.5 1.018936532095 2.5 0.849113776745851 2.5 0.679291021396703 2.5 0.509468266047554 2.5 0.339645510698406 2.5 0.169822755349258 2.5 1.018936532095 67.5 0.849113776745851 67.5 0.679291021396703 67.5 0.509468266047554 67.5 0.339645510698406 67.5 0.169822755349258 67.5 14 2 1 14 1 8 13 8 7 13 14 8 12 6 5 12 7 6 12 13 7 11 12 5 10 5 4 10 11 5 9 4 3 9 10 4 
80 126 1 0 0.150493586539221
22.5 6.129061917913 0 16.4824180538559 9.20870617544374 0 10.0559122919111 11.3052568958412 0 3.37992238193084 12.3666992886962 0 -3.37992238193084 12.3666992886962 0 -10.0559122919111 11.3052568958412 0 -16.4824180538559 9.20870617544374 0 -22.5 6.129061917913 0 -22.7275971260682 6.49873759773187 0.0379806174694797 -22.9482788286305 6.85718086908437 0.150768448035229 -23.1553398058248 7.19350061455149 0.334936490538902 -23.3424886146372 7.49747792885323 0.584888892202553 -23.5040388332136 7.75987661511445 0.893030975783649 -23.6350818399109 7.97272382203327 1.25 -23.7316359592817 8.12955229493333 1.64494964168582 -23.7907674432676 8.2255968800246 2.06587955583267 -23.81067961165 8.25793931119 2.5 23.810679611651 8.25793931119 2.5 17.4425589113621 11.5169803215856 2.5 10.6416935904693 13.7356602101616 2.5 3.57681106437378 14.8589341987169 2.5 -3.57681106437293 14.8589341987169 2.5 -10.6416935904685 13.7356602101618 2.5 -17.4425589113613 11.516980321586 2.5 22.7275971260682 6.49873759773187 0.0379806174694797 22.9482788286305 6.85718086908437 0.150768448035229 23.1553398058248 7.19350061455149 0.334936490538902 23.3424886146372 7.49747792885323 0.584888892202553 23.5040388332136 7.75987661511445 0.893030975783649 23.6350818399109 7.97272382203327 1.25 23.7316359592817 8.12955229493333 1.64494964168582 23.7907674432676 8.2255968800246 2.06587955583267 -17.4279722143117 11.4819124506418 2.06587955583165 -17.3846553325693 11.3777743573239 1.64494964168485 -17.3139244276674 11.207730224901 1.2499999999991 -17.2179286223597 10.9769467582904 0.893030975782858 -17.0995847006143 10.6924361963428 0.584888892201889 -16.9624884826086 10.3628432485139 0.334936490538386 -16.8108055675526 9.99818242974124 0.150768448034875 -16.649144764065 9.60953377447604 0.0379806174693003 -10.6327942563005 13.6987369227304 2.06587955583165 -10.6063666555603 13.5890889558414 1.64494964168485 -10.563213777524 13.4100479074841 1.2499999999991 -10.5046468005543 13.1670538493137 0.893030975782858 -10.4324452526101 12.8674900328268 0.584888892201889 -10.3488029411899 12.5204585530006 0.334936490538386 -10.2562612956012 12.1365037857434 0.150768448034875 -10.1576321469169 11.7272920023677 0.0379806174693003 -3.57381988288067 14.8210715504121 2.06587955583165 -3.56493722393839 14.7086340429073 1.64494964168485 -3.55043298264375 14.525038032972 1.2499999999991 -3.53074786302897 14.275861992464 0.893030975782858 -3.5064799874924 13.9686770092849 0.584888892201889 -3.47836672315209 13.6128167437056 0.334936490538386 -3.44726227731901 13.2190938298217 0.150768448034875 -3.41411174284019 12.7994713391382 0.0379806174693003 3.57381988288062 14.8210715504121 2.06587955583165 3.56493722393835 14.7086340429073 1.64494964168485 3.55043298264371 14.525038032972 1.2499999999991 3.53074786302893 14.275861992464 0.893030975782858 3.50647998749237 13.9686770092849 0.584888892201889 3.47836672315205 13.6128167437056 0.334936490538386 3.44726227731897 13.2190938298217 0.150768448034875 3.41411174284015 12.7994713391382 0.0379806174693003 10.6327942563005 13.6987369227304 2.06587955583165 10.6063666555603 13.5890889558414 1.64494964168485 10.563213777524 13.4100479074841 1.2499999999991 10.5046468005543 13.1670538493137 0.893030975782858 10.4324452526101 12.8674900328268 0.584888892201889 10.3488029411899 12.5204585530006 0.334936490538386 10.2562612956012 12.1365037857434 0.150768448034875 10.1576321469169 11.7272920023677 0.0379806174693003 17.4279722143117 11.4819124506418 2.06587955583165 17.3846553325693 11.3777743573239 1.64494964168485 17.3139244276674 11.207730224901 1.2499999999991 17.2179286223597 10.9769467582904 0.893030975782858 17.0995847006143 10.6924361963428 0.584888892201889 16.9624884826086 10.3628432485139 0.334936490538386 16.8108055675526 9.99818242974124 0.150768448034875 16.649144764065 9.60953377447603 0.0379806174693003 6.25213151292424 1.57079632679531 6.09445728586726 1.570796326795 5.93678305880999 1.570796326795 5.77910883175271 1.570796326795 5.62143460469543 1.570796326795 5.46376037763816 1.570796326795 5.30608615058088 1.570796326795 5.14841192352359 1.57079632679531 5.14841192352359 1.39626340159588 5.14841192352359 1.22173047639644 5.14841192352359 1.04719755119701 5.14841192352359 0.872664625997579 5.14841192352359 0.698131700798146 5.14841192352359 0.523598775598714 5.14841192352359 0.349065850399281 5.14841192352359 0.174532925199848 5.14841192352363 0 6.25213151292424 4.13891143580258e-13 6.09445728586726 0 5.93678305880999 0 5.77910883175272 0 5.62143460469545 0 5.46376037763817 0 5.3060861505809 0 6.25213151292424 1.39626340159588 6.25213151292424 1.22173047639644 6.25213151292424 1.04719755119701 6.25213151292424 0.872664625997579 6.25213151292424 0.698131700798146 6.25213151292424 0.523598775598714 6.25213151292424 0.349065850399281 6.25213151292424 0.174532925199848 5.30608615058088 0.174532925199848 5.30608615058088 0.349065850399281 5.30608615058088 0.523598775598714 5.30608615058088 0.698131700798146 5.30608615058088 0.872664625997579 5.30608615058088 1.04719755119701 5.30608615058088 1.22173047639644 5.30608615058088 1.39626340159588 5.46376037763816 0.174532925199848 5.46376037763816 0.349065850399281 5.46376037763816 0.523598775598714 5.46376037763816 0.698131700798146 5.46376037763816 0.872664625997579 5.46376037763816 1.04719755119701 5.46376037763816 1.22173047639644 5.46376037763816 1.39626340159588 5.62143460469543 0.174532925199848 5.62143460469543 0.349065850399281 5.62143460469543 0.523598775598714 5.62143460469543 0.698131700798146 5.62143460469543 0.872664625997579 5.62143460469543 1.04719755119701 5.62143460469543 1.22173047639644 5.62143460469543 1.39626340159588 5.77910883175271 0.174532925199848 5.77910883175271 0.349065850399281 5.77910883175271 0.523598775598714 5.77910883175271 0.698131700798146 5.77910883175271 0.872664625997579 5.77910883175271 1.04719755119701 5.77910883175271 1.22173047639644 5.77910883175271 1.39626340159588 5.93678305880999 0.174532925199848 5.93678305880999 0.349065850399281 5.93678305880999 0.523598775598714 5.93678305880999 0.698131700798146 5.93678305880999 0.872664625997579 5.93678305880999 1.04719755119701 5.93678305880999 1.22173047639644 5.93678305880999 1.39626340159588 6.09445728586726 0.174532925199848 6.09445728586726 0.349065850399281 6.09445728586726 0.523598775598714 6.09445728586726 0.698131700798146 6.09445728586726 0.872664625997579 6.09445728586726 1.04719755119701 6.09445728586726 1.22173047639644 6.09445728586726 1.39626340159588 7 8 9 32 19 18 33 16 17 33 17 24 34 15 16 34 16 33 35 14 15 35 15 34 36 13 14 36 14 35 37 12 13 37 13 36 38 11 12 38 12 37 39 10 11 39 11 38 40 9 10 40 10 39 40 7 9 41 24 23 41 33 24 42 34 33 42 33 41 43 34 42 43 35 34 44 35 43 44 36 35 45 37 36 45 38 37 45 36 44 46 38 45 47 38 46 47 39 38 48 39 47 48 6 7 48 7 40 48 40 39 49 23 22 49 41 23 50 42 41 50 41 49 50 43 42 51 43 50 52 44 43 52 43 51 52 45 44 53 45 52 54 46 45 54 45 53 55 46 54 55 47 46 56 48 47 56 5 6 56 6 48 56 47 55 57 22 21 57 49 22 58 50 49 58 49 57 59 51 50 59 52 51 59 50 58 60 52 59 61 53 52 61 52 60 62 53 61 62 54 53 63 55 54 63 54 62 64 4 5 64 5 56 64 56 55 64 55 63 65 58 57 65 21 20 65 57 21 66 58 65 67 59 58 67 58 66 68 61 60 68 60 59 68 59 67 69 61 68 70 62 61 70 61 69 71 63 62 71 64 63 71 62 70 72 2 3 72 3 4 72 4 64 72 64 71 73 20 19 73 65 20 73 19 32 74 31 30 74 32 31 74 66 65 74 67 66 74 73 32 74 65 73 75 67 74 75 74 30 76 30 29 76 68 67 76 67 75 76 75 30 77 29 28 77 69 68 77 68 76 77 76 29 78 28 27 78 70 69 78 69 77 78 77 28 79 26 25 79 27 26 79 78 27 79 71 70 79 72 71 79 70 78 80 1 2 80 25 1 80 2 72 80 79 25 80 72 79 
14 12 1 0 0.00900701395106863
-23.81067961165 8.25793931119 2.5 -23.81067961165 8.25793931119 67.5 -24.1516217219768 8.00579996236523 2.5 -24.4450458102247 7.69966587694515 2.5 -24.6825099116756 7.34834469292374 2.5 -24.8571820597444 6.96194410479129 2.5 -24.964036845236 6.55158105986932 2.5 -25 6.129061917913 2.5 -25 6.129061917913 67.5 -24.1516217219768 8.00579996236523 67.5 -24.4450458102247 7.69966587694515 67.5 -24.6825099116756 7.34834469292374 67.5 -24.8571820597444 6.96194410479129 67.5 -24.964036845236 6.55158105986932 67.5 1.42108547152e-15 2.5 1.42108547152e-15 67.5 0.16982275534915 2.5 0.339645510698298 2.5 0.509468266047447 2.5 0.679291021396595 2.5 0.849113776745744 2.5 1.018936532095 2.5 1.01893653209489 67.5 0.16982275534915 67.5 0.339645510698298 67.5 0.509468266047447 67.5 0.679291021396595 67.5 0.849113776745744 67.5 10 2 1 10 1 3 11 3 4 11 10 3 12 4 5 12 5 6 12 11 4 13 12 6 14 6 7 14 13 6 9 7 8 9 14 7 
20 18 1 0 0.00951325477063673
-25 6.129061917913 2.5 -25 -6.129061917913 2.5 -22.5 6.129061917913 0 -22.9341204441673 6.129061917913 0.0379806174694797 -23.3550503583142 6.129061917913 0.150768448035229 -23.75 6.129061917913 0.334936490538902 -24.1069690242163 6.129061917913 0.584888892202553 -24.4151111077974 6.129061917913 0.893030975783649 -24.6650635094611 6.129061917913 1.25 -24.8492315519648 6.12906191791301 1.64494964168582 -24.9620193825305 6.12906191791301 2.06587955583267 -22.5 -6.129061917913 0 -22.9341204441673 -6.129061917913 0.0379806174694797 -23.3550503583142 -6.129061917913 0.150768448035229 -23.75 -6.129061917913 0.334936490538902 -24.1069690242163 -6.129061917913 0.584888892202553 -24.4151111077974 -6.129061917913 0.893030975783649 -24.6650635094611 -6.129061917913 1.25 -24.8492315519648 -6.129061917913 1.64494964168582 -24.9620193825305 -6.129061917913 2.06587955583267 4.13891143580258e-13 -6.129061917913 4.13891143580258e-13 6.129061917913 1.570796326795 -6.129061917913 1.39626340159588 -6.129061917913 1.22173047639644 -6.129061917913 1.04719755119701 -6.129061917913 0.872664625997579 -6.129061917913 0.698131700798146 -6.129061917913 0.523598775598714 -6.129061917913 0.349065850399281 -6.129061917913 0.174532925199848 -6.129061917913 1.57079632679531 6.129061917913 1.39626340159588 6.129061917913 1.22173047639644 6.129061917913 1.04719755119701 6.129061917913 0.872664625997579 6.129061917913 0.698131700798146 6.129061917913 0.523598775598714 6.129061917913 0.349065850399281 6.129061917913 0.174532925199848 6.129061917913 20 2 1 20 1 11 19 10 9 19 11 10 19 20 11 18 19 9 17 8 7 17 9 8 17 18 9 16 17 7 15 7 6 15 16 7 14 6 5 14 15 6 13 4 3 13 5 4 13 14 5 12 13 3 
14 12 1 0 0.00900701395106709
-25 -6.129061917913 2.5 -25 -6.129061917913 67.5 -24.964036845236 -6.55158105986927 2.5 -24.8571820597444 -6.96194410479121 2.5 -24.6825099116756 -7.34834469292363 2.5 -24.4450458102248 -7.69966587694501 2.5 -24.151621721977 -8.00579996236509 2.5 -23.81067961165 -8.25793931119 2.5 -23.81067961165 -8.25793931119 67.5 -24.964036845236 -6.55158105986927 67.5 -24.8571820597444 -6.96194410479121 67.5 -24.6825099116756 -7.34834469292363 67.5 -24.4450458102248 -7.69966587694501 67.5 -24.151621721977 -8.00579996236509 67.5 0 2.5 0 67.5 0.169822755349131 2.5 0.339645510698262 2.5 0.509468266047393 2.5 0.679291021396525 2.5 0.849113776745656 2.5 1.018936532095 2.5 1.01893653209479 67.5 0.169822755349131 67.5 0.339645510698262 67.5 0.509468266047393 67.5 0.679291021396525 67.5 0.849113776745656 67.5 10 2 1 10 1 3 11 3 4 11 10 3 12 4 5 12 11 4 13 5 6 13 12 5 14 6 7 14 13 6 9 7 8 9 14 7 
80 126 1 0 0.150493586536239
-22.5 -6.129061917913 0 -16.4824180538535 -9.20870617543774 0 -10.0559122919096 -11.3052568958346 0 -3.37992238193032 -12.3666992886892 0 3.37992238193031 -12.3666992886892 0 10.0559122919096 -11.3052568958346 0 16.4824180538535 -9.20870617543774 0 22.5 -6.129061917913 0 22.7275971260682 -6.49873759773187 0.0379806174694797 22.9482788286305 -6.85718086908437 0.150768448035229 23.1553398058248 -7.19350061455149 0.334936490538902 23.3424886146372 -7.49747792885323 0.584888892202553 23.5040388332136 -7.75987661511445 0.893030975783649 23.6350818399109 -7.97272382203327 1.25 23.7316359592817 -8.12955229493333 1.64494964168582 23.7907674432676 -8.2255968800246 2.06587955583267 23.81067961165 -8.25793931119 2.5 -23.81067961165 -8.25793931119 2.5 -17.442558911359 -11.5169803215799 2.5 -10.6416935904672 -13.7356602101552 2.5 -3.57681106437277 -14.8589341987099 2.5 3.57681106437277 -14.85893419871 2.5 10.6416935904672 -13.7356602101551 2.5 17.442558911359 -11.5169803215799 2.5 -22.7275971260682 -6.49873759773187 0.0379806174694797 -22.9482788286305 -6.85718086908437 0.150768448035229 -23.1553398058248 -7.19350061455149 0.334936490538902 -23.3424886146372 -7.49747792885323 0.584888892202553 -23.5040388332136 -7.75987661511445 0.893030975783649 -23.6350818399109 -7.97272382203327 1.25 -23.7316359592817 -8.12955229493333 1.64494964168582 -23.7907674432676 -8.2255968800246 2.06587955583267 17.4279722143091 -11.4819124506359 2.06587955583165 17.3846553325668 -11.3777743573179 1.64494964168485 17.3139244276649 -11.2077302248951 1.2499999999991 17.2179286223572 -10.9769467582844 0.893030975782858 17.0995847006118 -10.6924361963369 0.584888892201889 16.9624884826061 -10.3628432485079 0.334936490538386 16.8108055675501 -9.99818242973526 0.150768448034875 16.6491447640626 -9.60953377447005 0.0379806174693003 10.6327942562989 -13.6987369227238 2.06587955583165 10.6063666555587 -13.5890889558348 1.64494964168485 10.5632137775224 -13.4100479074775 1.2499999999991 10.5046468005527 -13.1670538493071 0.893030975782858 10.4324452526085 -12.8674900328201 0.584888892201889 10.3488029411883 -12.520458552994 0.334936490538386 10.2562612955996 -12.1365037857367 0.150768448034875 10.1576321469153 -11.727292002361 0.0379806174693003 3.5738198828801 -14.8210715504051 2.06587955583165 3.56493722393783 -14.7086340429004 1.64494964168485 3.55043298264319 -14.5250380329651 1.2499999999991 3.53074786302841 -14.2758619924571 0.893030975782858 3.50647998749185 -13.968677009278 0.584888892201889 3.47836672315154 -13.6128167436987 0.334936490538386 3.44726227731846 -13.2190938298148 0.150768448034875 3.41411174283965 -12.7994713391312 0.0379806174693003 -3.57381988287998 -14.8210715504051 2.06587955583165 -3.56493722393771 -14.7086340429004 1.64494964168485 -3.55043298264307 -14.5250380329651 1.2499999999991 -3.5307478630283 -14.2758619924571 0.893030975782858 -3.50647998749174 -13.968677009278 0.584888892201889 -3.47836672315142 -13.6128167436987 0.334936490538386 -3.44726227731835 -13.2190938298148 0.150768448034875 -3.41411174283953 -12.7994713391312 0.0379806174693003 -10.6327942562986 -13.6987369227239 2.06587955583165 -10.6063666555584 -13.5890889558349 1.64494964168485 -10.5632137775221 -13.4100479074776 1.2499999999991 -10.5046468005524 -13.1670538493072 0.893030975782858 -10.4324452526082 -12.8674900328202 0.584888892201889 -10.348802941188 -12.5204585529941 0.334936490538386 -10.2562612955993 -12.1365037857368 0.150768448034875 -10.157632146915 -11.7272920023611 0.0379806174693003 -17.4279722143086 -11.4819124506361 2.06587955583165 -17.3846553325663 -11.3777743573181 1.64494964168485 -17.3139244276644 -11.2077302248953 1.2499999999991 -17.2179286223567 -10.9769467582846 0.893030975782858 -17.0995847006114 -10.6924361963371 0.584888892201889 -16.9624884826057 -10.3628432485081 0.334936490538386 -16.8108055675497 -9.99818242973545 0.150768448034875 -16.6491447640621 -9.60953377447024 0.0379806174693003 6.25213151292424 1.57079632679531 6.0944572858672 1.570796326795 5.93678305880995 1.570796326795 5.7791088317527 1.570796326795 5.62143460469545 1.570796326795 5.4637603776382 1.570796326795 5.30608615058094 1.570796326795 5.14841192352359 1.57079632679531 5.14841192352359 1.39626340159588 5.14841192352359 1.22173047639644 5.14841192352359 1.04719755119701 5.14841192352359 0.872664625997579 5.14841192352359 0.698131700798146 5.14841192352359 0.523598775598714 5.14841192352359 0.349065850399281 5.14841192352359 0.174532925199848 5.14841192352371 0 6.25213151292424 4.13891143580258e-13 6.09445728586719 0 5.93678305880994 0 5.7791088317527 0 5.62143460469545 0 5.4637603776382 0 5.30608615058095 0 6.25213151292424 1.39626340159588 6.25213151292424 1.22173047639644 6.25213151292424 1.04719755119701 6.25213151292424 0.872664625997579 6.25213151292424 0.698131700798146 6.25213151292424 0.523598775598714 6.25213151292424 0.349065850399281 6.25213151292424 0.174532925199848 5.30608615058094 0.174532925199848 5.30608615058094 0.349065850399281 5.30608615058094 0.523598775598714 5.30608615058094 0.698131700798146 5.30608615058094 0.872664625997579 5.30608615058094 1.04719755119701 5.30608615058094 1.22173047639644 5.30608615058094 1.39626340159588 5.4637603776382 0.174532925199848 5.4637603776382 0.349065850399281 5.4637603776382 0.523598775598714 5.4637603776382 0.698131700798146 5.4637603776382 0.872664625997579 5.4637603776382 1.04719755119701 5.4637603776382 1.22173047639644 5.4637603776382 1.39626340159588 5.62143460469545 0.174532925199848 5.62143460469545 0.349065850399281 5.62143460469545 0.523598775598714 5.62143460469545 0.698131700798146 5.62143460469545 0.872664625997579 5.62143460469545 1.04719755119701 5.62143460469545 1.22173047639644 5.62143460469545 1.39626340159588 5.7791088317527 0.174532925199848 5.7791088317527 0.349065850399281 5.7791088317527 0.523598775598714 5.7791088317527 0.698131700798146 5.7791088317527 0.872664625997579 5.7791088317527 1.04719755119701 5.7791088317527 1.22173047639644 5.7791088317527 1.39626340159588 5.93678305880994 0.174532925199848 5.93678305880994 0.349065850399281 5.93678305880994 0.523598775598714 5.93678305880994 0.698131700798146 5.93678305880994 0.872664625997579 5.93678305880994 1.04719755119701 5.93678305880994 1.22173047639644 5.93678305880994 1.39626340159588 6.09445728586719 0.174532925199848 6.09445728586719 0.349065850399281 6.09445728586719 0.523598775598714 6.09445728586719 0.698131700798146 6.09445728586719 0.872664625997579 6.09445728586719 1.04719755119701 6.09445728586719 1.22173047639644 6.09445728586719 1.39626340159588 7 8 9 1 2 25 33 16 17 33 17 24 34 15 16 34 16 33 35 14 15 35 15 34 36 13 14 36 14 35 37 12 13 37 13 36 38 11 12 38 12 37 39 10 11 39 11 38 40 9 10 40 10 39 40 7 9 41 24 23 41 33 24 42 34 33 42 33 41 43 34 42 43 35 34 44 35 43 44 36 35 45 37 36 45 36 44 46 37 45 46 38 37 47 38 46 47 39 38 48 39 47 48 6 7 48 7 40 48 40 39 49 23 22 49 41 23 50 42 41 50 41 49 50 43 42 51 43 50 52 44 43 52 43 51 52 45 44 53 46 45 53 45 52 54 46 53 55 48 47 55 46 54 55 47 46 56 5 6 56 6 48 56 48 55 57 50 49 57 22 21 57 49 22 58 50 57 59 51 50 59 50 58 60 52 51 60 51 59 61 53 52 61 52 60 62 54 53 62 55 54 62 53 61 63 55 62 64 4 5 64 56 55 64 5 56 64 55 63 65 20 19 65 21 20 65 57 21 66 58 57 66 57 65 67 58 66 67 59 58 68 60 59 68 59 67 69 61 60 69 60 68 70 61 69 70 62 61 70 63 62 71 63 70 72 3 4 72 64 63 72 4 64 72 63 71 73 19 18 73 18 32 73 65 19 74 32 31 74 66 65 74 67 66 74 65 73 74 73 32 75 31 30 75 67 74 75 74 31 76 30 29 76 68 67 76 75 30 76 67 75 77 29 28 77 70 69 77 69 68 77 68 76 77 76 29 78 28 27 78 70 77 78 77 28 79 27 26 79 70 78 79 71 70 79 72 71 79 78 27 80 72 79 80 2 3 80 26 25 80 3 72 80 79 26 80 25 2 
14 12 1 0 0.00900701395106893
23.81067961165 -8.25793931119 2.5 23.81067961165 -8.25793931119 67.5 24.1516217219768 -8.00579996236523 2.5 24.4450458102247 -7.69966587694515 2.5 24.6825099116756 -7.34834469292374 2.5 24.8571820597444 -6.96194410479129 2.5 24.964036845236 -6.55158105986932 2.5 25 -6.129061917913 2.5 25 -6.129061917913 67.5 24.1516217219768 -8.00579996236523 67.5 24.4450458102247 -7.69966587694515 67.5 24.6825099116756 -7.34834469292374 67.5 24.8571820597444 -6.96194410479129 67.5 24.964036845236 -6.55158105986932 67.5 0 2.5 0 67.5 0.169822755349148 2.5 0.339645510698297 2.5 0.509468266047445 2.5 0.679291021396594 2.5 0.849113776745742 2.5 1.018936532095 2.5 1.01893653209489 67.5 0.169822755349148 67.5 0.339645510698297 67.5 0.509468266047445 67.5 0.679291021396594 67.5 0.849113776745742 67.5 10 2 1 10 1 3 11 3 4 11 10 3 12 4 5 12 5 6 12 11 4 13 12 6 14 6 7 14 13 6 9 7 8 9 14 7 
20 18 1 0 0.00951325477063673
25 6.129061917913 2.5 25 -6.129061917913 2.5 22.5 -6.129061917913 0 22.9341204441673 -6.129061917913 0.0379806174694797 23.3550503583142 -6.129061917913 0.150768448035229 23.75 -6.129061917913 0.334936490538902 24.1069690242163 -6.129061917913 0.584888892202553 24.4151111077974 -6.129061917913 0.893030975783649 24.6650635094611 -6.129061917913 1.25 24.8492315519648 -6.129061917913 1.64494964168582 24.9620193825305 -6.129061917913 2.06587955583267 22.5 6.129061917913 0 22.9341204441673 6.129061917913 0.0379806174694797 23.3550503583142 6.129061917913 0.150768448035229 23.75 6.12906191791299 0.334936490538902 24.1069690242163 6.12906191791299 0.584888892202553 24.4151111077974 6.12906191791299 0.893030975783649 24.6650635094611 6.12906191791299 1.25 24.8492315519648 6.12906191791299 1.64494964168582 24.9620193825305 6.12906191791299 2.06587955583267 4.13891143580258e-13 6.129061917913 4.13891143580258e-13 -6.129061917913 1.570796326795 -6.129061917913 1.39626340159588 -6.129061917913 1.22173047639644 -6.129061917913 1.04719755119701 -6.129061917913 0.872664625997579 -6.129061917913 0.698131700798146 -6.129061917913 0.523598775598714 -6.129061917913 0.349065850399281 -6.129061917913 0.174532925199848 -6.129061917913 1.57079632679531 6.129061917913 1.39626340159588 6.129061917913 1.22173047639644 6.129061917913 1.04719755119701 6.129061917913 0.872664625997579 6.129061917913 0.698131700798146 6.129061917913 0.523598775598714 6.129061917913 0.349065850399281 6.129061917913 0.174532925199848 6.129061917913 20 1 2 20 2 11 19 10 9 19 11 10 19 20 11 18 19 9 17 8 7 17 9 8 17 18 9 16 17 7 15 7 6 15 16 7 14 6 5 14 15 6 13 4 3 13 5 4 13 14 5 12 13 3 
52 77 1 0 0.0306101689957635
23.810679611651 8.25793931119 2.5 24.1516217219768 8.00579996236523 2.5 24.4450458102247 7.69966587694515 2.5 24.6825099116756 7.34834469292374 2.5 24.8571820597444 6.96194410479129 2.5 24.964036845236 6.55158105986932 2.5 25 6.129061917913 2.5 22.5 6.129061917913 0 22.9341204441673 6.129061917913 0.0379806174694797 23.3550503583142 6.129061917913 0.150768448035229 23.75 6.12906191791299 0.334936490538902 24.1069690242163 6.12906191791299 0.584888892202553 24.4151111077974 6.12906191791299 0.893030975783649 24.6650635094611 6.12906191791299 1.25 24.8492315519648 6.12906191791299 1.64494964168582 24.9620193825305 6.12906191791299 2.06587955583267 22.5 6.129061917913 0 22.7275971260682 6.49873759773187 0.0379806174694797 22.9482788286305 6.85718086908437 0.150768448035229 23.1553398058248 7.19350061455149 0.334936490538902 23.3424886146372 7.49747792885323 0.584888892202553 23.5040388332136 7.75987661511445 0.893030975783649 23.6350818399109 7.97272382203327 1.25 23.7316359592817 8.12955229493333 1.64494964168582 23.7907674432676 8.2255968800246 2.06587955583267 23.0534169791038 6.18564756136187 0.0626802195454408 23.0305134069333 6.29647700943389 0.0626802195454408 22.985654143915 6.40037785976521 0.0626802195454408 23.5622635973297 6.34858508065357 0.247577830243952 22.9206957239227 6.49305009859767 0.0626802195454408 23.4958552799689 6.5590231144756 0.247577830243952 24.0506399173862 6.28761136759719 0.545421293829925 22.8383264993498 6.57065841658868 0.0626802195454408 23.388232753183 6.75166688525938 0.247577830243952 23.9864655342368 6.59814858038861 0.545421293829925 23.2438500550708 6.91854368765987 0.247577830243952 23.8607726723854 6.88927229371414 0.545421293829925 24.4141328614002 6.52462898873845 0.941275495353166 23.6787632241506 7.14893413676032 0.545421293829925 24.2944692083764 6.90382522293094 0.941275495353166 24.7407396026796 6.35817251084117 1.4152906522061 23.4479697855511 7.36638781155167 0.545421293829925 24.1005401161383 7.25095730307399 0.941275495353166 24.6480049321813 6.80691178486966 1.4152906522061 23.8403714840126 7.55165891054986 0.941275495353166 24.4663734843082 7.22759773936724 1.4152906522061 24.8868846369714 6.62232598713461 1.94369766510921 24.2033622112533 7.60281997406833 1.4152906522061 24.7376665023444 7.09517595697911 1.94369766510921 23.8698560296375 7.91704963847329 1.4152906522061 24.495840879756 7.5280425807135 1.94369766510921 24.1714159019682 7.90301135204098 1.94369766510921 6.28318530717959 -4.13891143580258e-13 6.11336255183044 0 5.94353979648129 0 5.77371704113214 0 5.60389428578299 0 5.43407153043384 0 5.26424877508459 -4.13891143580258e-13 5.26424877508459 -1.57079632679531 5.26424877508459 -1.39626340159588 5.26424877508459 -1.22173047639644 5.26424877508459 -1.04719755119701 5.26424877508459 -0.872664625997579 5.26424877508459 -0.698131700798146 5.26424877508459 -0.523598775598714 5.26424877508459 -0.349065850399281 5.26424877508459 -0.174532925199848 6.28318530717959 -1.57079632679531 6.28318530717959 -1.39626340159588 6.28318530717959 -1.22173047639644 6.28318530717959 -1.04719755119701 6.28318530717959 -0.872664625997579 6.28318530717959 -0.698131700798146 6.28318530717959 -0.523598775598714 6.28318530717959 -0.349065850399281 6.28318530717959 -0.174532925199848 5.36614242829409 -1.34639685153848 5.56992973471309 -1.34639685153848 5.77371704113209 -1.34639685153848 5.46803608150359 -1.12199737628207 5.97750434755109 -1.34639685153848 5.67182338792259 -1.12199737628207 5.36614242829409 -0.897597901025655 6.18129165397009 -1.34639685153848 5.87561069434159 -1.12199737628207 5.56992973471309 -0.897597901025655 6.07939800076058 -1.12199737628207 5.77371704113209 -0.897597901025655 5.46803608150359 -0.673198425769241 5.97750434755109 -0.897597901025655 5.67182338792259 -0.673198425769241 5.36614242829409 -0.448798950512828 6.18129165397009 -0.897597901025655 5.87561069434159 -0.673198425769241 5.56992973471309 -0.448798950512828 6.07939800076058 -0.673198425769241 5.77371704113209 -0.448798950512828 5.46803608150359 -0.224399475256414 5.97750434755109 -0.448798950512828 5.67182338792259 -0.224399475256414 6.18129165397009 -0.448798950512828 5.87561069434159 -0.224399475256414 6.07939800076058 -0.224399475256414 6 7 16 1 2 25 26 10 9 27 9 8 27 10 26 27 26 9 28 8 17 28 27 8 29 11 10 29 10 27 30 17 18 30 28 17 31 27 28 31 29 27 32 12 11 32 13 12 32 11 29 33 18 19 33 19 30 33 30 18 34 28 30 34 31 28 35 29 31 35 32 29 36 19 20 36 34 30 36 30 19 37 35 31 37 31 34 38 14 13 38 13 32 38 32 35 39 34 36 39 37 34 40 35 37 40 38 35 41 15 14 41 14 38 42 20 21 42 21 22 42 39 36 42 36 20 43 37 39 43 40 37 44 15 41 44 38 40 44 41 38 45 22 23 45 43 39 45 42 22 45 39 42 46 44 40 46 40 43 47 5 6 47 16 15 47 6 16 47 15 44 48 46 43 48 43 45 49 4 5 49 47 44 49 5 47 49 44 46 50 48 45 50 24 48 50 23 24 50 45 23 51 3 4 51 46 48 51 49 46 51 4 49 52 2 3 52 48 24 52 3 51 52 24 25 52 51 48 52 25 2 
16 14 1 0 2.0532714707228e-12
-22.5 6.129061917913 0 -22.5 -6.129061917913 0 -16.4824180538535 -9.20870617543774 0 -10.0559122919096 -11.3052568958346 0 -3.37992238193032 -12.3666992886892 0 3.37992238193031 -12.3666992886892 0 10.0559122919096 -11.3052568958346 0 16.4824180538535 -9.20870617543774 0 22.5 -6.129061917913 0 22.5 6.129061917913 0 16.4824180538559 9.20870617544374 0 10.0559122919111 11.3052568958412 0 3.37992238193084 12.3666992886962 0 -3.37992238193084 12.3666992886962 0 -10.0559122919111 11.3052568958412 0 -16.4824180538559 9.20870617544374 0 -22.5000000000032 6.12906191791826 -22.5000000000001 -6.12906191791318 -16.4824180538535 -9.20870617543774 -10.0559122919096 -11.3052568958346 -3.37992238193033 -12.3666992886892 3.37992238193031 -12.3666992886892 10.0559122919096 -11.3052568958346 16.4824180538535 -9.20870617543774 22.5 -6.129061917913 22.5000000000032 6.12906191791826 16.4824180538559 9.20870617544374 10.0559122919111 11.3052568958412 3.37992238193084 12.3666992886962 -3.37992238193085 12.3666992886962 -10.0559122919111 11.3052568958413 -16.4824180538559 9.20870617544374 16 1 2 16 2 3 15 3 4 15 16 3 14 4 5 14 15 4 13 5 6 13 6 7 13 14 5 12 7 8 12 13 7 11 8 9 11 12 8 10 11 9 
52 77 1 0 0.0306101689957635
-22.5 6.129061917913 0 -22.7275971260682 6.49873759773187 0.0379806174694797 -22.9482788286305 6.85718086908437 0.150768448035229 -23.1553398058248 7.19350061455149 0.334936490538902 -23.3424886146372 7.49747792885323 0.584888892202553 -23.5040388332136 7.75987661511445 0.893030975783649 -23.6350818399109 7.97272382203327 1.25 -23.7316359592817 8.12955229493333 1.64494964168582 -23.7907674432676 8.2255968800246 2.06587955583267 -23.81067961165 8.25793931119 2.5 -22.5 6.129061917913 0 -22.9341204441673 6.129061917913 0.0379806174694797 -23.3550503583142 6.129061917913 0.150768448035229 -23.75 6.129061917913 0.334936490538902 -24.1069690242163 6.129061917913 0.584888892202553 -24.4151111077974 6.129061917913 0.893030975783649 -24.6650635094611 6.129061917913 1.25 -24.8492315519648 6.12906191791301 1.64494964168582 -24.9620193825305 6.12906191791301 2.06587955583267 -25 6.129061917913 2.5 -24.1516217219768 8.00579996236523 2.5 -24.4450458102247 7.69966587694515 2.5 -24.6825099116756 7.34834469292374 2.5 -24.8571820597444 6.96194410479129 2.5 -24.964036845236 6.55158105986932 2.5 -22.8383264993498 6.57065841658868 0.0626802195454408 -22.9206957239227 6.49305009859767 0.0626802195454408 -22.985654143915 6.40037785976521 0.0626802195454408 -23.2438500550708 6.91854368765987 0.247577830243952 -23.0305134069333 6.29647700943389 0.0626802195454408 -23.388232753183 6.75166688525938 0.247577830243952 -23.4479697855511 7.36638781155167 0.545421293829925 -23.0534169791038 6.18564756136187 0.0626802195454408 -23.4958552799689 6.5590231144756 0.247577830243952 -23.6787632241506 7.14893413676032 0.545421293829925 -23.5622635973297 6.34858508065357 0.247577830243952 -23.8607726723854 6.88927229371414 0.545421293829925 -23.8403714840126 7.55165891054987 0.941275495353166 -23.9864655342368 6.59814858038861 0.545421293829925 -24.1005401161383 7.25095730307399 0.941275495353166 -23.8698560296375 7.91704963847329 1.4152906522061 -24.0506399173862 6.28761136759719 0.545421293829925 -24.2944692083764 6.90382522293094 0.941275495353166 -24.2033622112533 7.60281997406833 1.4152906522061 -24.4141328614002 6.52462898873846 0.941275495353166 -24.4663734843082 7.22759773936724 1.4152906522061 -24.1714159019682 7.90301135204098 1.94369766510921 -24.6480049321813 6.80691178486966 1.4152906522061 -24.495840879756 7.5280425807135 1.94369766510921 -24.7407396026796 6.35817251084117 1.4152906522061 -24.7376665023444 7.09517595697911 1.94369766510921 -24.8868846369714 6.62232598713461 1.94369766510921 0 -1.57079632679531 0 -1.39626340159588 0 -1.22173047639644 0 -1.04719755119701 0 -0.872664625997579 0 -0.698131700798147 0 -0.523598775598714 0 -0.349065850399281 0 -0.174532925199848 0 0 1.018936532095 -1.57079632679531 1.018936532095 -1.39626340159588 1.018936532095 -1.22173047639644 1.018936532095 -1.04719755119701 1.018936532095 -0.872664625997579 1.018936532095 -0.698131700798147 1.018936532095 -0.523598775598714 1.018936532095 -0.349065850399281 1.018936532095 -0.174532925199848 1.01893653209489 0 0.169822755349148 0 0.339645510698297 0 0.509468266047445 0 0.679291021396594 0 0.849113776745742 0 0.1018936532095 -1.34639685153848 0.3056809596285 -1.34639685153848 0.5094682660475 -1.34639685153848 0.203787306419 -1.12199737628207 0.7132555724665 -1.34639685153848 0.407574612838 -1.12199737628207 0.1018936532095 -0.897597901025655 0.9170428788855 -1.34639685153848 0.611361919257 -1.12199737628207 0.3056809596285 -0.897597901025655 0.815149225676 -1.12199737628207 0.5094682660475 -0.897597901025655 0.203787306419 -0.673198425769241 0.7132555724665 -0.897597901025655 0.407574612838 -0.673198425769241 0.1018936532095 -0.448798950512828 0.9170428788855 -0.897597901025655 0.611361919257 -0.673198425769241 0.3056809596285 -0.448798950512828 0.815149225676 -0.673198425769241 0.5094682660475 -0.448798950512828 0.203787306419 -0.224399475256414 0.7132555724665 -0.448798950512828 0.407574612838 -0.224399475256414 0.9170428788855 -0.448798950512828 0.611361919257 -0.224399475256414 0.815149225676 -0.224399475256414 21 10 9 20 25 19 26 3 2 27 2 1 27 26 2 27 3 26 28 1 11 28 27 1 29 4 3 29 3 27 30 11 12 30 28 11 31 29 27 31 27 28 32 5 4 32 6 5 32 4 29 33 12 13 33 13 30 33 30 12 34 28 30 34 31 28 35 29 31 35 32 29 36 13 14 36 34 30 36 30 13 37 35 31 37 31 34 38 7 6 38 6 32 38 32 35 39 34 36 39 37 34 40 35 37 40 38 35 41 8 7 41 7 38 42 14 15 42 15 16 42 36 14 42 39 36 43 37 39 43 40 37 44 38 40 44 8 41 44 41 38 45 16 17 45 43 39 45 42 16 45 39 42 46 44 40 46 40 43 47 9 8 47 22 21 47 21 9 47 8 44 48 46 43 48 43 45 49 47 44 49 23 22 49 22 47 49 44 46 50 18 48 50 17 18 50 45 17 50 48 45 51 23 49 51 49 46 51 24 23 51 46 48 52 51 48 52 48 18 52 18 19 52 24 51 52 25 24 52 19 25 
52 77 1 0 0.0306101689957615
-22.5 -6.129061917913 0 -22.9341204441673 -6.129061917913 0.0379806174694797 -23.3550503583142 -6.129061917913 0.150768448035229 -23.75 -6.129061917913 0.334936490538902 -24.1069690242163 -6.129061917913 0.584888892202553 -24.4151111077974 -6.129061917913 0.893030975783649 -24.6650635094611 -6.129061917913 1.25 -24.8492315519648 -6.129061917913 1.64494964168582 -24.9620193825305 -6.129061917913 2.06587955583267 -25 -6.129061917913 2.5 -22.5 -6.129061917913 0 -22.7275971260682 -6.49873759773187 0.0379806174694797 -22.9482788286305 -6.85718086908437 0.150768448035229 -23.1553398058248 -7.19350061455149 0.334936490538902 -23.3424886146372 -7.49747792885323 0.584888892202553 -23.5040388332136 -7.75987661511445 0.893030975783649 -23.6350818399109 -7.97272382203327 1.25 -23.7316359592817 -8.12955229493333 1.64494964168582 -23.7907674432676 -8.2255968800246 2.06587955583267 -23.81067961165 -8.25793931119 2.5 -24.964036845236 -6.55158105986927 2.5 -24.8571820597444 -6.96194410479121 2.5 -24.6825099116756 -7.34834469292363 2.5 -24.4450458102248 -7.69966587694501 2.5 -24.151621721977 -8.00579996236509 2.5 -23.0534169791038 -6.18564756136193 0.0626802195454408 -23.0305134069333 -6.29647700943395 0.0626802195454408 -22.9856541439149 -6.40037785976526 0.0626802195454408 -23.5622635973297 -6.34858508065368 0.247577830243952 -22.9206957239226 -6.49305009859771 0.0626802195454408 -23.4958552799688 -6.5590231144757 0.247577830243952 -24.0506399173861 -6.28761136759736 0.545421293829925 -22.8383264993498 -6.57065841658872 0.0626802195454408 -23.3882327531829 -6.75166688525948 0.247577830243952 -23.9864655342368 -6.59814858038877 0.545421293829925 -23.2438500550707 -6.91854368765995 0.247577830243952 -23.8607726723853 -6.88927229371429 0.545421293829925 -24.4141328614001 -6.52462898873867 0.941275495353166 -23.6787632241505 -7.14893413676045 0.545421293829925 -24.2944692083764 -6.90382522293114 0.941275495353166 -24.7407396026796 -6.35817251084141 1.4152906522061 -23.447969785551 -7.36638781155178 0.545421293829925 -24.1005401161382 -7.25095730307416 0.941275495353166 -24.6480049321813 -6.80691178486989 1.4152906522061 -23.8403714840124 -7.55165891055001 0.941275495353166 -24.4663734843081 -7.22759773936745 1.4152906522061 -24.8868846369713 -6.62232598713487 1.94369766510921 -24.2033622112532 -7.60281997406852 1.4152906522061 -24.7376665023443 -7.09517595697935 1.94369766510921 -23.8698560296373 -7.91704963847344 1.4152906522061 -24.4958408797559 -7.52804258071372 1.94369766510921 -24.171415901968 -7.90301135204116 1.94369766510921 0 -1.57079632679531 0 -1.39626340159588 0 -1.22173047639644 0 -1.04719755119701 0 -0.872664625997579 0 -0.698131700798147 0 -0.523598775598714 0 -0.349065850399281 0 -0.174532925199848 0 0 1.018936532095 -1.57079632679531 1.018936532095 -1.39626340159588 1.018936532095 -1.22173047639644 1.018936532095 -1.04719755119701 1.018936532095 -0.872664625997579 1.018936532095 -0.698131700798147 1.018936532095 -0.523598775598714 1.018936532095 -0.349065850399281 1.018936532095 -0.174532925199848 1.01893653209479 0 0.169822755349131 0 0.339645510698262 0 0.509468266047393 0 0.679291021396525 0 0.849113776745656 0 0.1018936532095 -1.34639685153848 0.3056809596285 -1.34639685153848 0.5094682660475 -1.34639685153848 0.203787306419 -1.12199737628207 0.7132555724665 -1.34639685153848 0.407574612838 -1.12199737628207 0.1018936532095 -0.897597901025655 0.9170428788855 -1.34639685153848 0.611361919257 -1.12199737628207 0.3056809596285 -0.897597901025655 0.815149225676 -1.12199737628207 0.5094682660475 -0.897597901025655 0.203787306419 -0.673198425769241 0.7132555724665 -0.897597901025655 0.407574612838 -0.673198425769241 0.1018936532095 -0.448798950512828 0.9170428788855 -0.897597901025655 0.611361919257 -0.673198425769241 0.3056809596285 -0.448798950512828 0.815149225676 -0.673198425769241 0.5094682660475 -0.448798950512828 0.203787306419 -0.224399475256414 0.7132555724665 -0.448798950512828 0.407574612838 -0.224399475256414 0.9170428788855 -0.448798950512828 0.611361919257 -0.224399475256414 0.815149225676 -0.224399475256414 21 10 9 20 25 19 26 3 2 27 2 1 27 26 2 27 3 26 28 1 11 28 27 1 29 4 3 29 3 27 30 11 12 30 28 11 31 29 27 31 27 28 32 5 4 32 6 5 32 4 29 33 12 13 33 13 30 33 30 12 34 28 30 34 31 28 35 29 31 35 32 29 36 13 14 36 34 30 36 30 13 37 35 31 37 31 34 38 7 6 38 6 32 38 32 35 39 34 36 39 37 34 40 35 37 40 38 35 41 8 7 41 7 38 42 14 15 42 15 16 42 36 14 42 39 36 43 37 39 43 40 37 44 38 40 44 8 41 44 41 38 45 16 17 45 43 39 45 42 16 45 39 42 46 44 40 46 40 43 47 9 8 47 22 21 47 21 9 47 8 44 48 46 43 48 43 45 49 47 44 49 23 22 49 22 47 49 44 46 50 18 48 50 17 18 50 45 17 50 48 45 51 23 49 51 49 46 51 24 23 51 46 48 52 51 48 52 48 18 52 18 19 52 24 51 52 25 24 52 19 25 
52 77 1 0 0.0306101689957635
22.5 -6.129061917913 0 22.7275971260682 -6.49873759773187 0.0379806174694797 22.9482788286305 -6.85718086908437 0.150768448035229 23.1553398058248 -7.19350061455149 0.334936490538902 23.3424886146372 -7.49747792885323 0.584888892202553 23.5040388332136 -7.75987661511445 0.893030975783649 23.6350818399109 -7.97272382203327 1.25 23.7316359592817 -8.12955229493333 1.64494964168582 23.7907674432676 -8.2255968800246 2.06587955583267 23.81067961165 -8.25793931119 2.5 22.5 -6.129061917913 0 22.9341204441673 -6.129061917913 0.0379806174694797 23.3550503583142 -6.129061917913 0.150768448035229 23.75 -6.129061917913 0.334936490538902 24.1069690242163 -6.129061917913 0.584888892202553 24.4151111077974 -6.129061917913 0.893030975783649 24.6650635094611 -6.129061917913 1.25 24.8492315519648 -6.129061917913 1.64494964168582 24.9620193825305 -6.129061917913 2.06587955583267 25 -6.129061917913 2.5 24.1516217219768 -8.00579996236523 2.5 24.4450458102247 -7.69966587694515 2.5 24.6825099116756 -7.34834469292374 2.5 24.8571820597444 -6.96194410479129 2.5 24.964036845236 -6.55158105986932 2.5 22.8383264993498 -6.57065841658868 0.0626802195454408 22.9206957239227 -6.49305009859767 0.0626802195454408 22.985654143915 -6.40037785976521 0.0626802195454408 23.2438500550708 -6.91854368765987 0.247577830243952 23.0305134069333 -6.29647700943389 0.0626802195454408 23.388232753183 -6.75166688525938 0.247577830243952 23.4479697855511 -7.36638781155167 0.545421293829925 23.0534169791038 -6.18564756136187 0.0626802195454408 23.4958552799689 -6.5590231144756 0.247577830243952 23.6787632241506 -7.14893413676032 0.545421293829925 23.5622635973297 -6.34858508065357 0.247577830243952 23.8607726723854 -6.88927229371414 0.545421293829925 23.8403714840126 -7.55165891054987 0.941275495353166 23.9864655342368 -6.59814858038861 0.545421293829925 24.1005401161383 -7.25095730307399 0.941275495353166 23.8698560296375 -7.91704963847329 1.4152906522061 24.0506399173862 -6.28761136759719 0.545421293829925 24.2944692083764 -6.90382522293094 0.941275495353166 24.2033622112533 -7.60281997406833 1.4152906522061 24.4141328614002 -6.52462898873846 0.941275495353166 24.4663734843082 -7.22759773936724 1.4152906522061 24.1714159019682 -7.90301135204098 1.94369766510921 24.6480049321813 -6.80691178486966 1.4152906522061 24.495840879756 -7.5280425807135 1.94369766510921 24.7407396026796 -6.35817251084117 1.4152906522061 24.7376665023444 -7.09517595697911 1.94369766510921 24.8868846369714 -6.62232598713461 1.94369766510921 0 -1.57079632679531 0 -1.39626340159588 0 -1.22173047639644 0 -1.04719755119701 0 -0.872664625997579 0 -0.698131700798147 0 -0.523598775598714 0 -0.349065850399281 0 -0.174532925199848 0 0 1.018936532095 -1.57079632679531 1.018936532095 -1.39626340159588 1.018936532095 -1.22173047639644 1.018936532095 -1.04719755119701 1.018936532095 -0.872664625997579 1.018936532095 -0.698131700798147 1.018936532095 -0.523598775598714 1.018936532095 -0.349065850399281 1.018936532095 -0.174532925199848 1.01893653209489 0 0.169822755349148 0 0.339645510698297 0 0.509468266047445 0 0.679291021396594 0 0.849113776745742 0 0.1018936532095 -1.34639685153848 0.3056809596285 -1.34639685153848 0.5094682660475 -1.34639685153848 0.203787306419 -1.12199737628207 0.7132555724665 -1.34639685153848 0.407574612838 -1.12199737628207 0.1018936532095 -0.897597901025655 0.9170428788855 -1.34639685153848 0.611361919257 -1.12199737628207 0.3056809596285 -0.897597901025655 0.815149225676 -1.12199737628207 0.5094682660475 -0.897597901025655 0.203787306419 -0.673198425769241 0.7132555724665 -0.897597901025655 0.407574612838 -0.673198425769241 0.1018936532095 -0.448798950512828 0.9170428788855 -0.897597901025655 0.611361919257 -0.673198425769241 0.3056809596285 -0.448798950512828 0.815149225676 -0.673198425769241 0.5094682660475 -0.448798950512828 0.203787306419 -0.224399475256414 0.7132555724665 -0.448798950512828 0.407574612838 -0.224399475256414 0.9170428788855 -0.448798950512828 0.611361919257 -0.224399475256414 0.815149225676 -0.224399475256414 21 10 9 20 25 19 26 3 2 27 2 1 27 26 2 27 3 26 28 1 11 28 27 1 29 4 3 29 3 27 30 11 12 30 28 11 31 29 27 31 27 28 32 5 4 32 6 5 32 4 29 33 12 13 33 13 30 33 30 12 34 28 30 34 31 28 35 29 31 35 32 29 36 13 14 36 34 30 36 30 13 37 35 31 37 31 34 38 7 6 38 6 32 38 32 35 39 34 36 39 37 34 40 35 37 40 38 35 41 8 7 41 7 38 42 14 15 42 15 16 42 36 14 42 39 36 43 37 39 43 40 37 44 38 40 44 8 41 44 41 38 45 16 17 45 43 39 45 42 16 45 39 42 46 44 40 46 40 43 47 9 8 47 22 21 47 21 9 47 8 44 48 46 43 48 43 45 49 47 44 49 23 22 49 22 47 49 44 46 50 18 48 50 17 18 50 45 17 50 48 45 51 23 49 51 49 46 51 24 23 51 46 48 52 51 48 52 48 18 52 18 19 52 24 51 52 25 24 52 19 25 

TShapes 318
Ve
1e-07
-24.4 -6.129061917913 2.5
0 0

0101101
*
Ve
1e-07
-24.4 -6.129061917913 67.5
0 0

0101101
*
Ed
 1e-07 1 1 0
1  1 0 2.5 67.5
2  1 1 0 2.5 67.5
4 G1 1 0 2 0
6  1 1 0
6  2 2 0
0

0101000
+318 0 -317 0 *
Ve
1e-07
-23.49611650485 -7.747008736803 2.5
0 0

0101101
*
Ed
 1e-07 1 1 0
1  2 0 0 1.01893653209644
2  2 1 0 0 1.01893653209644
2  3 3 0 0 1.01893653209644
4 G1 1 0 3 0
6  3 3 0
6  4 1 0
0

0101000
+318 0 -315 0 *
Ve
1e-07
-23.49611650485 -7.747008736803 67.5
0 0

0101101
*
Ed
 1e-07 1 1 0
1  3 0 2.5 67.5
2  4 1 0 2.5 67.5
2  5 4 0 2.5 67.5
4 G1 1 0 4 0
6  5 1 0
6  6 4 0
0

0101000
+315 0 -313 0 *
Ed
 1e-07 1 1 0
1  4 0 0 1.01893653209644
2  6 1 0 0 1.01893653209644
2  7 5 0 0 1.01893653209644
4 G1 1 0 5 0
6  7 5 0
6  8 1 0
0

0101000
+317 0 -313 0 *
Wi

0101100
-316 0 +314 0 +312 0 -311 0 *
Fa
0  1e-07 1 0
2  1
0101000
+310 0 *
Ve
1e-07
-24.4 6.129061917913 2.5
0 0

0101101
*
Ed
 1e-07 1 1 0
1  5 0 0 12.258123835826
2  8 6 0 0 12.258123835826
4 G1 2 0 6 0
6  9 6 0
6  10 2 0
0

0101000
+308 0 -318 0 *
Ve
1e-07
-24.4 6.129061917913 67.5
0 0

0101101
*
Ed
 1e-07 1 1 0
1  6 0 2.5 67.5
2  9 7 0 2.5 67.5
4 G1 2 0 7 0
6  11 7 0
6  12 2 0
0

0101000
+308 0 -306 0 *
Ed
 1e-07 1 1 0
1  7 0 0 12.258123835826
2  10 8 0 0 12.258123835826
4 G1 2 0 8 0
6  13 8 0
6  14 2 0
0

0101000
+317 0 -306 0 *
Wi

0101100
-307 0 +305 0 -304 0 -316 0 *
Fa
0  1e-07 2 0
2  2
0101000
+303 0 *
Ve
1e-07
-22.5 -6.129061917913 0.6
0 0

0101101
*
Ed
 1e-07 1 1 0
1  8 0 4.71238898038469 6.28318530717959
2  11 6 0 4.71238898038469 6.28318530717959
2  12 3 0 4.71238898038469 6.28318530717959
4 G1 3 0 6 0
6  15 3 0
6  16 6 0
0

0101000
+301 0 -318 0 *
Ed
 1e-07 1 1 1
2  13 3 0 0 1.01893653209489
6  17 3 0
0

0101000
+301 0 -301 0 *
Ed
 1e-07 1 1 0
1  9 0 4.71238898038469 6.28318530717959
2  14 3 0 4.71238898038469 6.28318530717959
2  15 9 0 4.71238898038469 6.28318530717959
4 G1 3 0 9 0
6  18 9 0
6  19 3 0
0

0101000
+301 0 -315 0 *
Wi

0101100
-300 0 +299 0 +298 0 -314 0 *
Fa
0  1e-07 3 0
2  3
0101000
+297 0 *
Ve
1e-07
-22.5 -6.129061917913 69.4
0 0

0101101
*
Ed
 1e-07 1 1 0
1  10 0 4.71238898038469 6.28318530717959
2  16 10 0 4.71238898038469 6.28318530717959
2  17 5 0 4.71238898038469 6.28318530717959
4 G1 5 0 10 0
6  20 10 0
6  21 5 0
0

0101000
+295 0 -313 0 *
Ed
 1e-07 1 1 1
2  18 5 0 0 1.01893653209489
6  22 5 0
0

0101000
+295 0 -295 0 *
Ed
 1e-07 1 1 0
1  11 0 4.71238898038469 6.28318530717959
2  19 5 0 4.71238898038469 6.28318530717959
2  20 8 0 4.71238898038469 6.28318530717959
4 G1 5 0 8 0
6  23 5 0
6  24 8 0
0

0101000
+295 0 -317 0 *
Wi

0101100
+311 0 -294 0 +293 0 +292 0 *
Fa
0  1e-07 5 0
2  5
0101000
+291 0 *
Ve
1e-07
23.496116504854 -7.747008736803 2.5
0 0

0101101
*
Ed
 1e-07 1 1 0
1  12 0 0.0310537942552155 1.13477338365589
2  21 4 0 0.0310537942552155 1.13477338365589
2  22 9 0 0.0310537942552155 1.13477338365589
4 G1 4 0 9 0
6  25 9 0
6  26 4 0
0

0101000
+315 0 -289 0 *
Ve
1e-07
23.496116504854 -7.747008736803 67.5
0 0

0101101
*
Ed
 1e-07 1 1 0
1  13 0 2.5 67.5
2  23 11 0 2.5 67.5
2  24 4 0 2.5 67.5
4 G1 4 0 11 0
6  27 4 0
6  28 11 0
0

0101000
+289 0 -287 0 *
Ed
 1e-07 1 1 0
1  14 0 0.0310537942552155 1.13477338365589
2  25 10 0 0.0310537942552155 1.13477338365589
2  26 4 0 0.0310537942552155 1.13477338365589
4 G1 4 0 10 0
6  29 10 0
6  30 4 0
0

0101000
+313 0 -287 0 *
Wi

0101100
+288 0 +286 0 -285 0 -312 0 *
Fa
0  1e-07 4 0
2  4
0101000
+284 0 *
Ve
1e-07
-22.5 6.129061917913 0.6
0 0

0101101
*
Ed
 1e-07 1 1 0
1  15 0 4.71238898038469 6.28318530717959
2  27 6 0 4.71238898038469 6.28318530717959
2  28 12 0 4.71238898038469 6.28318530717959
4 G1 6 0 12 0
6  31 12 0
6  32 6 0
0

0101000
+282 0 -308 0 *
Ed
 1e-07 1 1 0
1  16 0 0 12.258123835826
2  29 6 0 0 12.258123835826
4 G1 6 0 13 0
6  33 6 0
6  34 13 0
0

0101000
+282 0 -301 0 *
Wi

0101100
-307 0 -281 0 +280 0 +300 0 *
Fa
0  1e-07 6 0
2  6
0101000
+279 0 *
Ve
1e-07
-23.49611650485 7.747008736803 2.5
0 0

0101101
*
Ve
1e-07
-23.49611650485 7.747008736803 67.5
0 0

0101101
*
Ed
 1e-07 1 1 0
1  17 0 2.5 67.5
2  30 7 0 2.5 67.5
2  31 14 0 2.5 67.5
4 G1 7 0 14 0
6  35 7 0
6  36 14 0
0

0101000
+277 0 -276 0 *
Ed
 1e-07 1 1 0
1  18 0 0 1.01893653209489
2  32 7 0 0 1.01893653209489
2  33 12 0 0 1.01893653209489
4 G1 7 0 12 0
6  37 12 0
6  38 7 0
0

0101000
+277 0 -308 0 *
Ed
 1e-07 1 1 0
1  19 0 0 1.01893653209489
2  34 7 0 0 1.01893653209489
2  35 15 0 0 1.01893653209489
4 G1 7 0 15 0
6  39 15 0
6  40 7 0
0

0101000
+276 0 -306 0 *
Wi

0101100
-275 0 +274 0 +305 0 -273 0 *
Fa
0  1e-07 7 0
2  7
0101000
+272 0 *
Ve
1e-07
-22.5 6.129061917913 69.4
0 0

0101101
*
Ed
 1e-07 1 1 0
1  20 0 0 12.258123835826
2  36 8 0 0 12.258123835826
4 G1 8 0 16 0
6  41 8 0
6  42 16 0
0

0101000
+295 0 -270 0 *
Ed
 1e-07 1 1 0
1  21 0 4.71238898038469 6.28318530717959
2  37 8 0 4.71238898038469 6.28318530717959
2  38 15 0 4.71238898038469 6.28318530717959
4 G1 8 0 15 0
6  43 15 0
6  44 8 0
0

0101000
+270 0 -306 0 *
Wi

0101100
-292 0 +269 0 +268 0 -304 0 *
Fa
0  1e-07 8 0
2  8
0101000
+267 0 *
Ve
1e-07
22.5 -6.129061917913 0.6
0 0

0101101
*
Ed
 1e-07 1 1 0
1  22 0 0.0310537942551343 1.13477338365589
2  39 9 0 0.0310537942551343 1.13477338365589
4 G1 9 0 13 0
6  45 9 0
6  46 13 0
0

0101000
+301 0 -265 0 *
Ed
 1e-07 1 1 0
1  23 0 4.71238898038469 6.28318530717959
2  40 9 0 4.71238898038469 6.28318530717959
2  41 17 0 4.71238898038469 6.28318530717959
4 G1 9 0 17 0
6  47 9 0
6  48 17 0
0

0101000
+265 0 -289 0 *
Wi

0101100
+264 0 +263 0 -288 0 -298 0 *
Fa
0  1e-07 9 0
2  9
0101000
+262 0 *
Ve
1e-07
22.5 -6.129061917913 69.4
0 0

0101101
*
Ed
 1e-07 1 1 0
1  24 0 4.71238898038469 6.28318530717959
2  42 10 0 4.71238898038469 6.28318530717959
2  43 18 0 4.71238898038469 6.28318530717959
4 G1 10 0 18 0
6  49 10 0
6  50 18 0
0

0101000
+260 0 -287 0 *
Ed
 1e-07 1 1 0
1  25 0 0.0310537942551343 1.13477338365589
2  44 10 0 0.0310537942551343 1.13477338365589
4 G1 10 0 16 0
6  51 10 0
6  52 16 0
0

0101000
+295 0 -260 0 *
Wi

0101100
+294 0 +285 0 -259 0 -258 0 *
Fa
0  1e-07 10 0
2  10
0101000
+257 0 *
Ve
1e-07
24.4 -6.129061917913 2.5
0 0

0101101
*
Ed
 1e-07 1 1 0
1  26 0 0 1.01893653209489
2  45 11 0 0 1.01893653209489
2  46 17 0 0 1.01893653209489
4 G1 11 0 17 0
6  53 17 0
6  54 11 0
0

0101000
+289 0 -255 0 *
Ve
1e-07
24.4 -6.129061917913 67.5
0 0

0101101
*
Ed
 1e-07 1 1 0
1  27 0 2.5 67.5
2  47 11 0 2.5 67.5
4 G1 11 0 19 0
6  55 11 0
6  56 19 0
0

0101000
+255 0 -253 0 *
Ed
 1e-07 1 1 0
1  28 0 0 1.01893653209489
2  48 11 0 0 1.01893653209489
2  49 18 0 0 1.01893653209489
4 G1 11 0 18 0
6  57 18 0
6  58 11 0
0

0101000
+287 0 -253 0 *
Wi

0101100
-286 0 +254 0 +252 0 -251 0 *
Fa
0  1e-07 11 0
2  11
0101000
+250 0 *
Ed
 1e-07 1 1 0
1  29 0 4.71238898038469 6.28318530717959
2  50 12 0 4.71238898038469 6.28318530717959
2  51 20 0 4.71238898038469 6.28318530717959
4 G1 12 0 20 0
6  59 20 0
6  60 12 0
0

0101000
+282 0 -277 0 *
Ed
 1e-07 1 1 1
2  52 12 0 0 1.01893653209491
6  61 12 0
0

0101000
+282 0 -282 0 *
Wi

0101100
-248 0 +247 0 +281 0 -274 0 *
Fa
0  1e-07 12 0
2  12
0101000
+246 0 *
Ve
1e-07
22.5 6.129061917913 0.6
0 0

0101101
*
Ed
 1e-07 1 1 0
1  30 0 0 12.258123835826
2  53 21 0 0 12.258123835826
4 G1 13 0 21 0
6  62 21 0
6  63 13 0
0

0101000
+244 0 -265 0 *
Ed
 1e-07 1 1 0
1  31 0 0.0310537942550488 1.13477338365598
2  54 20 0 0.0310537942550488 1.13477338365598
4 G1 13 0 20 0
6  64 20 0
6  65 13 0
0

0101000
+244 0 -282 0 *
Wi

0101100
+280 0 +264 0 -243 0 +242 0 *
Fa
0  1e-07 13 0
2  13
0101000
+241 0 *
Ve
1e-07
23.496116504854 7.747008736803 2.5
0 0

0101101
*
Ed
 1e-07 1 1 0
1  32 0 0.0310537942550579 1.13477338365589
2  55 14 0 0.0310537942550579 1.13477338365589
2  56 20 0 0.0310537942550579 1.13477338365589
4 G1 14 0 20 0
6  66 20 0
6  67 14 0
0

0101000
+239 0 -277 0 *
Ve
1e-07
23.496116504854 7.747008736803 67.5
0 0

0101101
*
Ed
 1e-07 1 1 0
1  33 0 0.0310537942550579 1.13477338365589
2  57 22 0 0.0310537942550579 1.13477338365589
2  58 14 0 0.0310537942550579 1.13477338365589
4 G1 14 0 22 0
6  68 22 0
6  69 14 0
0

0101000
+237 0 -276 0 *
Ed
 1e-07 1 1 0
1  34 0 2.5 67.5
2  59 23 0 2.5 67.5
2  60 14 0 2.5 67.5
4 G1 14 0 23 0
6  70 14 0
6  71 23 0
0

0101000
+239 0 -237 0 *
Wi

0101100
+238 0 +275 0 -236 0 -235 0 *
Fa
0  1e-07 14 0
2  14
0101000
+234 0 *
Ed
 1e-07 1 1 1
2  61 15 0 0 1.0189365320949
6  72 15 0
0

0101000
+270 0 -270 0 *
Ed
 1e-07 1 1 0
1  35 0 4.71238898038469 6.28318530717959
2  62 22 0 4.71238898038469 6.28318530717959
2  63 15 0 4.71238898038469 6.28318530717959
4 G1 15 0 22 0
6  73 22 0
6  74 15 0
0

0101000
+270 0 -276 0 *
Wi

0101100
+273 0 -268 0 +232 0 +231 0 *
Fa
0  1e-07 15 0
2  15
0101000
+230 0 *
Ve
1e-07
22.5 6.129061917913 69.4
0 0

0101101
*
Ed
 1e-07 1 1 0
1  36 0 0.0310537942550488 1.13477338365598
2  64 22 0 0.0310537942550488 1.13477338365598
4 G1 16 0 22 0
6  75 22 0
6  76 16 0
0

0101000
+228 0 -270 0 *
Ed
 1e-07 1 1 0
1  37 0 0 12.258123835826
2  65 24 0 0 12.258123835826
4 G1 16 0 24 0
6  77 24 0
6  78 16 0
0

0101000
+260 0 -228 0 *
Wi

0101100
+227 0 -269 0 +258 0 +226 0 *
Ve
1e-07
7.5 0 69.4
0 0

0101101
*
Ed
 1e-07 1 1 0
1  38 0 0 6.28318530717959
2  66 25 0 0 6.28318530717959
4 G1 16 0 25 0
6  79 25 0
6  80 16 0
0

0101000
+224 0 -224 0 *
Wi

0101100
-223 0 *
Fa
0  1e-07 16 0
2  16
0101000
+225 0 +222 0 *
Ed
 1e-07 1 1 1
2  67 17 0 0 1.01893653209491
6  81 17 0
0

0101000
+265 0 -265 0 *
Ed
 1e-07 1 1 0
1  39 0 4.71238898038469 6.28318530717959
2  68 21 0 4.71238898038469 6.28318530717959
2  69 17 0 4.71238898038469 6.28318530717959
4 G1 17 0 21 0
6  82 17 0
6  83 21 0
0

0101000
+265 0 -255 0 *
Wi

0101100
-263 0 +220 0 +219 0 -254 0 *
Fa
0  1e-07 17 0
2  17
0101000
+218 0 *
Ed
 1e-07 1 1 0
1  40 0 4.71238898038469 6.28318530717959
2  70 18 0 4.71238898038469 6.28318530717959
2  71 24 0 4.71238898038469 6.28318530717959
4 G1 18 0 24 0
6  84 18 0
6  85 24 0
0

0101000
+260 0 -253 0 *
Ed
 1e-07 1 1 1
2  72 18 0 0 1.0189365320949
6  86 18 0
0

0101000
+260 0 -260 0 *
Wi

0101100
+251 0 -216 0 +215 0 +259 0 *
Fa
0  1e-07 18 0
2  18
0101000
+214 0 *
Ve
1e-07
24.4 6.129061917913 2.5
0 0

0101101
*
Ed
 1e-07 1 1 0
1  41 0 0 12.258123835826
2  73 21 0 0 12.258123835826
4 G1 19 0 21 0
6  87 21 0
6  88 19 0
0

0101000
+212 0 -255 0 *
Ve
1e-07
24.4 6.129061917913 67.5
0 0

0101101
*
Ed
 1e-07 1 1 0
1  42 0 0 12.258123835826
2  74 24 0 0 12.258123835826
4 G1 19 0 24 0
6  89 24 0
6  90 19 0
0

0101000
+253 0 -210 0 *
Ed
 1e-07 1 1 0
1  43 0 2.5 67.5
2  75 23 0 2.5 67.5
4 G1 19 0 23 0
6  91 23 0
6  92 19 0
0

0101000
+212 0 -210 0 *
Wi

0101100
+211 0 +252 0 +209 0 -208 0 *
Fa
0  1e-07 19 0
2  19
0101000
+207 0 *
Ed
 1e-07 1 1 0
1  44 0 4.71238898038469 6.28318530717959
2  76 20 0 4.71238898038469 6.28318530717959
2  77 26 0 4.71238898038469 6.28318530717959
4 G1 20 0 26 0
6  93 20 0
6  94 26 0
0

0101000
+244 0 -239 0 *
Wi

0101100
+242 0 +248 0 -238 0 -205 0 *
Fa
0  1e-07 20 0
2  20
0101000
+204 0 *
Ed
 1e-07 1 1 0
1  45 0 4.71238898038469 6.28318530717959
2  78 21 0 4.71238898038469 6.28318530717959
2  79 26 0 4.71238898038469 6.28318530717959
4 G1 21 0 26 0
6  95 26 0
6  96 21 0
0

0101000
+244 0 -212 0 *
Wi

0101100
+211 0 -219 0 -243 0 +202 0 *
Fa
0  1e-07 21 0
2  21
0101000
+201 0 *
Ed
 1e-07 1 1 0
1  46 0 0 1.01893653209489
2  80 23 0 0 1.01893653209489
2  81 26 0 0 1.01893653209489
4 G1 23 0 26 0
6  97 26 0
6  98 23 0
0

0101000
+239 0 -212 0 *
Ed
 1e-07 1 1 0
1  47 0 0 1.01893653209489
2  82 23 0 0 1.01893653209489
2  83 27 0 0 1.01893653209489
4 G1 23 0 27 0
6  99 27 0
6  100 23 0
0

0101000
+237 0 -210 0 *
Wi

0101100
-208 0 -199 0 +235 0 +198 0 *
Fa
0  1e-07 23 0
2  23
0101000
+197 0 *
Ed
 1e-07 1 1 0
1  48 0 4.71238898038469 6.28318530717959
2  84 22 0 4.71238898038469 6.28318530717959
2  85 27 0 4.71238898038469 6.28318530717959
4 G1 22 0 27 0
6  101 22 0
6  102 27 0
0

0101000
+228 0 -237 0 *
Wi

0101100
+195 0 +236 0 -231 0 -227 0 *
Fa
0  1e-07 22 0
2  22
0101000
+194 0 *
Ed
 1e-07 1 1 0
1  49 0 4.71238898038469 6.28318530717959
2  86 24 0 4.71238898038469 6.28318530717959
2  87 27 0 4.71238898038469 6.28318530717959
4 G1 24 0 27 0
6  103 27 0
6  104 24 0
0

0101000
+228 0 -210 0 *
Wi

0101100
-192 0 -226 0 +216 0 +209 0 *
Fa
0  1e-07 24 0
2  24
0101000
+191 0 *
Ve
1e-07
6.9 -1.690012582823e-15 70
0 0

0101101
*
Ed
 1e-07 1 1 0
1  50 0 1.5707963267949 3.14159265358979
3  88 89CN 25 0 1.5707963267949 3.14159265358979
7  105 106 25 0
0

0101000
+224 0 -189 0 *
Ed
 1e-07 1 1 0
1  51 0 0 6.28318530717959
2  90 28 0 0 6.28318530717959
2  91 25 0 0 6.28318530717959
4 G1 25 0 28 0
6  107 25 0
6  108 28 0
0

0101000
+189 0 -189 0 *
Wi

0101100
-223 0 +188 0 +187 0 -188 0 *
Fa
0  1e-07 25 0
2  25
0101000
+186 0 *
Ed
 1e-07 1 1 1
2  92 26 0 0 1.0189365320949
6  109 26 0
0

0101000
+244 0 -244 0 *
Wi

0101100
+199 0 -202 0 +184 0 +205 0 *
Fa
0  1e-07 26 0
2  26
0101000
+183 0 *
Ed
 1e-07 1 1 1
2  93 27 0 0 1.01893653209491
6  110 27 0
0

0101000
+228 0 -228 0 *
Wi

0101100
-195 0 +181 0 +192 0 -198 0 *
Fa
0  1e-07 27 0
2  27
0101000
+180 0 *
Ve
1e-07
6.9 0 77
0 0

0101101
*
Ed
 1e-07 1 1 0
1  52 0 0 6.28318530717959
2  94 28 0 0 6.28318530717959
4 C0 28 0 29 0
6  111 28 0
6  112 29 0
0

0101000
+178 0 -178 0 *
Ed
 1e-07 1 1 0
1  53 0 0 7
3  95 96CN 28 0 0 7
7  113 114 28 0
0

0101000
+189 0 -178 0 *
Wi

0101100
-177 0 -176 0 +187 0 +176 0 *
Fa
0  1e-07 28 0
2  28
0101000
+175 0 *
Ve
1e-07
7.5 -1.836970198721e-15 77
0 0

0101101
*
Ed
 1e-07 1 1 0
1  54 0 0 6.28318530717959
2  97 30 0 0 6.28318530717959
4 C0 29 0 30 0
6  115 30 0
6  116 29 0
0

0101000
+173 0 -173 0 *
Wi

0101100
+172 0 *
Wi

0101100
-177 0 *
Fa
0  1e-07 29 0
2  29
0101000
+171 0 +170 0 *
Ve
8.52925119590977e-07
-1.887379141863e-14 -7.5 75.25
0 0

0101101
*
Ve
8.52925119590977e-07
7.5 -1.836970198721e-15 74.571632751149
0 0

0101101
*
Ed
 8.52925119590977e-07 1 1 0
1  55 0 0 1
2  98 31 0 0 1
2  99 30 0 0 1
4 C0 30 0 31 0
6  117 31 0
6  118 30 0
0

0101000
+168 0 -167 0 *
Ve
4.01525973829655e-07
7.5 -1.836970198721e-15 73.937500002206
0 0

0101101
*
Ed
 4.01525973829655e-07 1 1 0
1  56 0 0 1
2  100 32 0 0 1
2  101 30 0 0 1
4 C0 30 0 32 0
6  119 32 0
6  120 30 0
0

0101000
+165 0 -168 0 *
Ve
3.18223837066933e-07
7.5 -1.836970198721e-15 72.635048751961
0 0

0101101
*
Ed
 1e-07 1 1 0
1  57 0 2.63504875196099 3.93750000220599
2  102 33 0 2.63504875196099 3.93750000220599
2  103 30 0 2.63504875196099 3.93750000220599
4 CN 30 0 33 0
6  121 30 0
6  122 33 0
0

0101000
+163 0 -165 0 *
Ed
 1e-07 1 1 0
1  58 0 0 1
2  104 31 0 0 1
2  105 30 0 0 1
4 C0 30 0 31 0
6  123 31 0
6  124 30 0
0

0101000
+167 0 -163 0 *
Ed
 1e-07 1 1 0
1  59 0 4.571632751149 7
3  106 107CN 30 0 4.571632751149 7
7  125 126 30 0
0

0101000
+167 0 -173 0 *
Wi

0101100
-166 0 -164 0 -162 0 -161 0 +160 0 -172 0 -160 0 *
Fa
0  1e-07 30 0
2  30
0101000
+159 0 *
Ve
4.42165754835877e-07
-1.924386576017e-15 -7.5 71.75
0 0

0101101
*
Ve
1.15650319054757e-06
-1.446614031493e-15 -7.875 71.75
0 0

0101101
*
Ed
 1e-07 1 1 0
1  60 0 0.166666666666667 1
2  108 31 0 0.166666666666667 1
2  109 32 0 0.166666666666667 1
4 C0 31 0 32 0
6  127 31 0
6  128 32 0
0

0101000
+157 0 -156 0 *
Ed
 3.18223837066933e-07 1 1 0
1  61 0 0 1
2  110 31 0 0 1
2  111 33 0 0 1
4 C0 31 0 33 0
6  129 31 0
6  130 33 0
0

0101000
+163 0 -157 0 *
Ve
1.15650319054757e-06
-1.929306155908e-14 -7.875 75.25
0 0

0101101
*
Ed
 1e-07 1 1 0
1  62 0 0.166666666666667 1
2  112 31 0 0.166666666666667 1
2  113 32 0 0.166666666666667 1
4 C0 31 0 32 0
6  131 31 0
6  132 32 0
0

0101000
+168 0 -153 0 *
Ed
 1.15650319054757e-06 1 1 0
1  63 0 0 3.14159265359
2  114 31 0 0 3.14159265359
2  115 34 0 0 3.14159265359
4 C0 31 0 34 0
6  133 31 0
6  134 34 0
0

0101000
+156 0 -153 0 *
Wi

0101100
-155 0 -154 0 -161 0 -166 0 +152 0 -151 0 *
Fa
0  1e-07 31 0
2  31
0101000
+150 0 *
Ve
4.42165754835877e-07
7.5 -1.836970198721e-15 72.187500002206
0 0

0101101
*
Ed
 1.53226300626378e-07 1 1 0
1  64 0 0 1
2  116 33 0 0 1
2  117 32 0 0 1
4 C0 33 0 32 0
6  135 32 0
6  136 33 0
0

0101000
+148 0 -165 0 *
Ve
1e-07
7.5 -1.836970198721e-15 70
0 0

0101101
*
Ed
 1e-07 1 1 0
1  65 0 0 2.18750000220599
3  118 119CN 33 0 0 2.18750000220599
7  137 138 33 0
0

0101000
+146 0 -148 0 *
Ed
 1e-07 1 1 0
1  66 0 0 6.28318530717959
2  120 33 0 0 6.28318530717959
4 C0 33 0 35 0
6  139 33 0
6  140 35 0
0

0101000
+146 0 -146 0 *
Ed
 4.42165754835877e-07 1 1 0
1  67 0 0 1
2  121 33 0 0 1
2  122 32 0 0 1
4 C0 33 0 32 0
6  141 32 0
6  142 33 0
0

0101000
+157 0 -148 0 *
Wi

0101100
-147 0 -145 0 +144 0 +145 0 -143 0 -154 0 +162 0 *
Fa
0  1e-07 33 0
2  33
0101000
+142 0 *
Ed
 6.25478486361836e-07 1 1 0
1  68 0 -0 13.04467977443
2  123 32 0 -0 13.04467977443
2  124 34 0 -0 13.04467977443
4 C0 32 0 34 0
6  143 32 0
6  144 34 0
0

0101000
+153 0 -156 0 *
Wi

0101100
-152 0 -164 0 -147 0 -143 0 +155 0 -140 0 *
Fa
0  1e-07 32 0
2  32
0101000
+139 0 *
Wi

0101100
-140 0 -151 0 *
Fa
0  1e-07 34 0
2  34
0101000
+137 0 *
Ve
1e-07
22.5 6.129061917913 70
0 0

0101101
*
Ve
1e-07
-22.5 6.129061917913 70
0 0

0101101
*
Ed
 1e-07 1 1 0
1  69 0 0.0310537942550488 1.13477338365598
2  125 36 0 0.0310537942550488 1.13477338365598
4 G1 35 0 36 0
6  145 36 0
6  146 35 0
0

0101000
+135 0 -134 0 *
Ve
1e-07
-22.5 -6.129061917913 70
0 0

0101101
*
Ed
 1e-07 1 1 0
1  70 0 0 12.258123835826
2  126 37 0 0 12.258123835826
4 G1 35 0 37 0
6  147 37 0
6  148 35 0
0

0101000
+132 0 -134 0 *
Ve
1e-07
22.5 -6.129061917913 70
0 0

0101101
*
Ed
 1e-07 1 1 0
1  71 0 0.0310537942551343 1.13477338365589
2  127 38 0 0.0310537942551343 1.13477338365589
4 G1 35 0 38 0
6  149 38 0
6  150 35 0
0

0101000
+132 0 -130 0 *
Ed
 1e-07 1 1 0
1  72 0 0 12.258123835826
2  128 39 0 0 12.258123835826
4 G1 35 0 39 0
6  151 39 0
6  152 35 0
0

0101000
+130 0 -135 0 *
Wi

0101100
+133 0 -131 0 +129 0 +128 0 *
Wi

0101100
-144 0 *
Fa
0  1e-07 35 0
2  35
0101000
+127 0 +126 0 *
Ve
1e-07
23.810679611651 8.25793931119 67.5
0 0

0101101
*
Ed
 1e-07 1 1 0
1  73 0 4.71238898038469 6.28318530717959
2  129 36 0 4.71238898038469 6.28318530717959
2  130 40 0 4.71238898038469 6.28318530717959
4 G1 36 0 40 0
6  153 36 0
6  154 40 0
0

0101000
+135 0 -124 0 *
Ve
1e-07
-23.81067961165 8.25793931119 67.5
0 0

0101101
*
Ed
 1e-07 1 1 0
1  74 0 0.0310537942550496 1.13477338365596
2  131 36 0 0.0310537942550496 1.13477338365596
2  132 41 0 0.0310537942550496 1.13477338365596
4 G1 36 0 41 0
6  155 36 0
6  156 41 0
0

0101000
+124 0 -122 0 *
Ed
 1e-07 1 1 0
1  75 0 4.71238898038469 6.28318530717959
2  133 36 0 4.71238898038469 6.28318530717959
2  134 42 0 4.71238898038469 6.28318530717959
4 G1 36 0 42 0
6  157 36 0
6  158 42 0
0

0101000
+134 0 -122 0 *
Wi

0101100
+123 0 +121 0 -120 0 -133 0 *
Fa
0  1e-07 36 0
2  36
0101000
+119 0 *
Ve
1e-07
-25 -6.129061917913 67.5
0 0

0101101
*
Ed
 1e-07 1 1 0
1  76 0 4.71238898038469 6.28318530717959
2  135 37 0 4.71238898038469 6.28318530717959
2  136 43 0 4.71238898038469 6.28318530717959
4 G1 37 0 43 0
6  159 43 0
6  160 37 0
0

0101000
+132 0 -117 0 *
Ve
1e-07
-25 6.129061917913 67.5
0 0

0101101
*
Ed
 1e-07 1 1 0
1  77 0 4.71238898038469 6.28318530717959
2  137 37 0 4.71238898038469 6.28318530717959
2  138 42 0 4.71238898038469 6.28318530717959
4 G1 37 0 42 0
6  161 42 0
6  162 37 0
0

0101000
+134 0 -115 0 *
Ed
 1e-07 1 1 0
1  78 0 0 12.258123835826
2  139 37 0 0 12.258123835826
4 G1 37 0 44 0
6  163 37 0
6  164 44 0
0

0101000
+117 0 -115 0 *
Wi

0101100
-116 0 +131 0 +114 0 -113 0 *
Fa
0  1e-07 37 0
2  37
0101000
+112 0 *
Ve
1e-07
-23.81067961165 -8.25793931119 67.5
0 0

0101101
*
Ed
 1e-07 1 1 0
1  79 0 4.71238898038469 6.28318530717959
2  140 38 0 4.71238898038469 6.28318530717959
2  141 43 0 4.71238898038469 6.28318530717959
4 G1 38 0 43 0
6  165 38 0
6  166 43 0
0

0101000
+132 0 -110 0 *
Ve
1e-07
23.81067961165 -8.25793931119 67.5
0 0

0101101
*
Ed
 1e-07 1 1 0
1  80 0 0.0310537942551492 1.13477338365588
2  142 38 0 0.0310537942551492 1.13477338365588
2  143 45 0 0.0310537942551492 1.13477338365588
4 G1 38 0 45 0
6  167 38 0
6  168 45 0
0

0101000
+110 0 -108 0 *
Ed
 1e-07 1 1 0
1  81 0 4.71238898038469 6.28318530717959
2  144 38 0 4.71238898038469 6.28318530717959
2  145 46 0 4.71238898038469 6.28318530717959
4 G1 38 0 46 0
6  169 38 0
6  170 46 0
0

0101000
+130 0 -108 0 *
Wi

0101100
+109 0 +107 0 -106 0 -129 0 *
Fa
0  1e-07 38 0
2  38
0101000
+105 0 *
Ve
1e-07
25 6.129061917913 67.5
0 0

0101101
*
Ed
 1e-07 1 1 0
1  82 0 4.71238898038469 6.28318530717959
2  146 40 0 4.71238898038469 6.28318530717959
2  147 39 0 4.71238898038469 6.28318530717959
4 G1 39 0 40 0
6  171 40 0
6  172 39 0
0

0101000
+135 0 -103 0 *
Ve
1e-07
25 -6.129061917913 67.5
0 0

0101101
*
Ed
 1e-07 1 1 0
1  83 0 4.71238898038469 6.28318530717959
2  148 39 0 4.71238898038469 6.28318530717959
2  149 46 0 4.71238898038469 6.28318530717959
4 G1 39 0 46 0
6  173 46 0
6  174 39 0
0

0101000
+130 0 -101 0 *
Ed
 1e-07 1 1 0
1  84 0 0 12.258123835826
2  150 39 0 0 12.258123835826
4 G1 39 0 47 0
6  175 39 0
6  176 47 0
0

0101000
+101 0 -103 0 *
Wi

0101100
-102 0 -128 0 +100 0 +99 0 *
Fa
0  1e-07 39 0
2  39
0101000
+98 0 *
Ed
 1e-07 1 1 1
2  151 40 0 0 1.018936532095
6  177 40 0
0

0101000
+135 0 -135 0 *
Ed
 1e-07 1 1 0
1  85 0 0 1.01893653209489
2  152 40 0 0 1.01893653209489
2  153 48 0 0 1.01893653209489
4 G1 40 0 48 0
6  178 40 0
6  179 48 0
0

0101000
+124 0 -103 0 *
Wi

0101100
-123 0 +96 0 +102 0 -95 0 *
Fa
0  1e-07 40 0
2  40
0101000
+94 0 *
Ve
1e-07
23.810679611651 8.25793931119 2.5
0 0

0101101
*
Ve
1e-07
-23.81067961165 8.25793931119 2.5
0 0

0101101
*
Ed
 1e-07 1 1 0
1  86 0 0.0310537942550496 1.13477338365596
2  154 41 0 0.0310537942550496 1.13477338365596
2  155 49 0 0.0310537942550496 1.13477338365596
4 G1 41 0 49 0
6  180 49 0
6  181 41 0
0

0101000
+92 0 -91 0 *
Ed
 1e-07 1 1 0
1  87 0 2.5 67.5
2  156 50 0 2.5 67.5
2  157 41 0 2.5 67.5
4 G1 41 0 50 0
6  182 41 0
6  183 50 0
0

0101000
+91 0 -122 0 *
Ed
 1e-07 1 1 0
1  88 0 2.5 67.5
2  158 48 0 2.5 67.5
2  159 41 0 2.5 67.5
4 G1 41 0 48 0
6  184 41 0
6  185 48 0
0

0101000
+92 0 -124 0 *
Wi

0101100
+90 0 +89 0 -121 0 -88 0 *
Fa
0  1e-07 41 0
2  41
0101000
+87 0 *
Ed
 1e-07 1 1 0
1  89 0 0 1.01893653209489
2  160 50 0 0 1.01893653209489
2  161 42 0 0 1.01893653209489
4 G1 42 0 50 0
6  186 42 0
6  187 50 0
0

0101000
+122 0 -115 0 *
Ed
 1e-07 1 1 1
2  162 42 0 0 1.018936532095
6  188 42 0
0

0101000
+134 0 -134 0 *
Wi

0101100
+85 0 -114 0 +84 0 +120 0 *
Fa
0  1e-07 42 0
2  42
0101000
+83 0 *
Ve
1e-07
-25 6.129061917913 2.5
0 0

0101101
*
Ve
1e-07
-25 -6.129061917913 2.5
0 0

0101101
*
Ed
 1e-07 1 1 0
1  90 0 0 12.258123835826
2  163 51 0 0 12.258123835826
4 G1 44 0 51 0
6  189 51 0
6  190 44 0
0

0101000
+81 0 -80 0 *
Ed
 1e-07 1 1 0
1  91 0 2.5 67.5
2  164 50 0 2.5 67.5
4 G1 44 0 50 0
6  191 50 0
6  192 44 0
0

0101000
+81 0 -115 0 *
Ed
 1e-07 1 1 0
1  92 0 2.5 67.5
2  165 52 0 2.5 67.5
4 G1 44 0 52 0
6  193 52 0
6  194 44 0
0

0101000
+80 0 -117 0 *
Wi

0101100
-79 0 +78 0 -113 0 -77 0 *
Fa
0  1e-07 44 0
2  44
0101000
+76 0 *
Ed
 1e-07 1 1 0
1  93 0 0 1.01893653209479
2  166 52 0 0 1.01893653209479
2  167 43 0 0 1.01893653209479
4 G1 43 0 52 0
6  195 43 0
6  196 52 0
0

0101000
+117 0 -110 0 *
Ed
 1e-07 1 1 1
2  168 43 0 0 1.018936532095
6  197 43 0
0

0101000
+132 0 -132 0 *
Wi

0101100
+74 0 -109 0 +73 0 +116 0 *
Fa
0  1e-07 43 0
2  43
0101000
+72 0 *
Ve
1e-07
-23.81067961165 -8.25793931119 2.5
0 0

0101101
*
Ve
1e-07
23.81067961165 -8.25793931119 2.5
0 0

0101101
*
Ed
 1e-07 1 1 0
1  94 0 0.0310537942551492 1.13477338365588
2  169 45 0 0.0310537942551492 1.13477338365588
2  170 53 0 0.0310537942551492 1.13477338365588
4 G1 45 0 53 0
6  198 53 0
6  199 45 0
0

0101000
+70 0 -69 0 *
Ed
 1e-07 1 1 0
1  95 0 2.5 67.5
2  171 54 0 2.5 67.5
2  172 45 0 2.5 67.5
4 G1 45 0 54 0
6  200 45 0
6  201 54 0
0

0101000
+69 0 -108 0 *
Ed
 1e-07 1 1 0
1  96 0 2.5 67.5
2  173 52 0 2.5 67.5
2  174 45 0 2.5 67.5
4 G1 45 0 52 0
6  202 45 0
6  203 52 0
0

0101000
+70 0 -110 0 *
Wi

0101100
+68 0 +67 0 -107 0 -66 0 *
Fa
0  1e-07 45 0
2  45
0101000
+65 0 *
Ed
 1e-07 1 1 0
1  97 0 0 1.01893653209489
2  175 54 0 0 1.01893653209489
2  176 46 0 0 1.01893653209489
4 G1 46 0 54 0
6  204 46 0
6  205 54 0
0

0101000
+108 0 -101 0 *
Ed
 1e-07 1 1 1
2  177 46 0 0 1.018936532095
6  206 46 0
0

0101000
+130 0 -130 0 *
Wi

0101100
+63 0 -100 0 +62 0 +106 0 *
Fa
0  1e-07 46 0
2  46
0101000
+61 0 *
Ve
1e-07
25 6.129061917913 2.5
0 0

0101101
*
Ve
1e-07
25 -6.129061917913 2.5
0 0

0101101
*
Ed
 1e-07 1 1 0
1  98 0 0 12.258123835826
2  178 55 0 0 12.258123835826
4 G1 47 0 55 0
6  207 55 0
6  208 47 0
0

0101000
+59 0 -58 0 *
Ed
 1e-07 1 1 0
1  99 0 2.5 67.5
2  179 54 0 2.5 67.5
4 G1 47 0 54 0
6  209 54 0
6  210 47 0
0

0101000
+58 0 -101 0 *
Ed
 1e-07 1 1 0
1  100 0 2.5 67.5
2  180 48 0 2.5 67.5
4 G1 47 0 48 0
6  211 48 0
6  212 47 0
0

0101000
+59 0 -103 0 *
Wi

0101100
+57 0 +56 0 +99 0 -55 0 *
Fa
0  1e-07 47 0
2  47
0101000
+54 0 *
Ed
 1e-07 1 1 0
1  101 0 0 1.01893653209489
2  181 48 0 0 1.01893653209489
2  182 56 0 0 1.01893653209489
4 G1 48 0 56 0
6  213 56 0
6  214 48 0
0

0101000
+92 0 -59 0 *
Wi

0101100
-55 0 -52 0 +88 0 +95 0 *
Fa
0  1e-07 48 0
2  48
0101000
+51 0 *
Ve
1e-07
22.5 6.129061917913 0
0 0

0101101
*
Ve
1e-07
-22.5 6.129061917913 0
0 0

0101101
*
Ed
 1e-07 1 1 0
1  102 0 0.0310537942550488 1.13477338365598
2  183 49 0 0.0310537942550488 1.13477338365598
4 G1 49 0 57 0
6  215 49 0
6  216 57 0
0

0101000
+49 0 -48 0 *
Ed
 1e-07 1 1 0
1  103 0 4.71238898038469 6.28318530717959
2  184 58 0 4.71238898038469 6.28318530717959
2  185 49 0 4.71238898038469 6.28318530717959
4 G1 49 0 58 0
6  217 49 0
6  218 58 0
0

0101000
+48 0 -91 0 *
Ed
 1e-07 1 1 0
1  104 0 4.71238898038469 6.28318530717959
2  186 49 0 4.71238898038469 6.28318530717959
2  187 56 0 4.71238898038469 6.28318530717959
4 G1 49 0 56 0
6  219 49 0
6  220 56 0
0

0101000
+49 0 -92 0 *
Wi

0101100
+47 0 +46 0 -90 0 -45 0 *
Fa
0  1e-07 49 0
2  49
0101000
+44 0 *
Ed
 1e-07 1 1 0
1  105 0 0 1.01893653209489
2  188 50 0 0 1.01893653209489
2  189 58 0 0 1.01893653209489
4 G1 50 0 58 0
6  221 58 0
6  222 50 0
0

0101000
+91 0 -81 0 *
Wi

0101100
-89 0 +42 0 +78 0 -85 0 *
Fa
0  1e-07 50 0
2  50
0101000
+41 0 *
Ed
 1e-07 1 1 0
1  106 0 4.71238898038469 6.28318530717959
2  190 51 0 4.71238898038469 6.28318530717959
2  191 58 0 4.71238898038469 6.28318530717959
4 G1 51 0 58 0
6  223 58 0
6  224 51 0
0

0101000
+48 0 -81 0 *
Ve
1e-07
-22.5 -6.129061917913 0
0 0

0101101
*
Ed
 1e-07 1 1 0
1  107 0 0 12.258123835826
2  192 51 0 0 12.258123835826
4 G1 51 0 57 0
6  225 51 0
6  226 57 0
0

0101000
+48 0 -38 0 *
Ed
 1e-07 1 1 0
1  108 0 4.71238898038469 6.28318530717959
2  193 51 0 4.71238898038469 6.28318530717959
2  194 59 0 4.71238898038469 6.28318530717959
4 G1 51 0 59 0
6  227 59 0
6  228 51 0
0

0101000
+38 0 -80 0 *
Wi

0101100
-79 0 -39 0 +37 0 +36 0 *
Fa
0  1e-07 51 0
2  51
0101000
+35 0 *
Ed
 1e-07 1 1 0
1  109 0 0 1.01893653209479
2  195 52 0 0 1.01893653209479
2  196 59 0 0 1.01893653209479
4 G1 52 0 59 0
6  229 59 0
6  230 52 0
0

0101000
+80 0 -70 0 *
Wi

0101100
-77 0 +33 0 +66 0 -74 0 *
Fa
0  1e-07 52 0
2  52
0101000
+32 0 *
Ve
1e-07
22.5 -6.129061917913 0
0 0

0101101
*
Ed
 1e-07 1 1 0
1  110 0 0.0310537942551343 1.13477338365589
2  197 53 0 0.0310537942551343 1.13477338365589
4 G1 53 0 57 0
6  231 53 0
6  232 57 0
0

0101000
+38 0 -30 0 *
Ed
 1e-07 1 1 0
1  111 0 4.71238898038469 6.28318530717959
2  198 60 0 4.71238898038469 6.28318530717959
2  199 53 0 4.71238898038469 6.28318530717959
4 G1 53 0 60 0
6  233 53 0
6  234 60 0
0

0101000
+30 0 -69 0 *
Ed
 1e-07 1 1 0
1  112 0 4.71238898038469 6.28318530717959
2  200 59 0 4.71238898038469 6.28318530717959
2  201 53 0 4.71238898038469 6.28318530717959
4 G1 53 0 59 0
6  235 53 0
6  236 59 0
0

0101000
+38 0 -70 0 *
Wi

0101100
+29 0 +28 0 -68 0 -27 0 *
Fa
0  1e-07 53 0
2  53
0101000
+26 0 *
Ed
 1e-07 1 1 0
1  113 0 0 1.01893653209489
2  202 54 0 0 1.01893653209489
2  203 60 0 0 1.01893653209489
4 G1 54 0 60 0
6  237 60 0
6  238 54 0
0

0101000
+69 0 -58 0 *
Wi

0101100
-67 0 +24 0 +56 0 -63 0 *
Fa
0  1e-07 54 0
2  54
0101000
+23 0 *
Ed
 1e-07 1 1 0
1  114 0 4.71238898038469 6.28318530717959
2  204 55 0 4.71238898038469 6.28318530717959
2  205 60 0 4.71238898038469 6.28318530717959
4 G1 55 0 60 0
6  239 60 0
6  240 55 0
0

0101000
+30 0 -58 0 *
Ed
 1e-07 1 1 0
1  115 0 0 12.258123835826
2  206 55 0 0 12.258123835826
4 G1 55 0 57 0
6  241 55 0
6  242 57 0
0

0101000
+49 0 -30 0 *
Ed
 1e-07 1 1 0
1  116 0 4.71238898038469 6.28318530717959
2  207 55 0 4.71238898038469 6.28318530717959
2  208 56 0 4.71238898038469 6.28318530717959
4 G1 55 0 56 0
6  243 56 0
6  244 55 0
0

0101000
+49 0 -59 0 *
Wi

0101100
+57 0 -21 0 -20 0 +19 0 *
Fa
0  1e-07 55 0
2  55
0101000
+18 0 *
Ed
 1e-07 1 1 1
2  209 56 0 0 1.018936532095
6  245 56 0
0

0101000
+49 0 -49 0 *
Wi

0101100
+52 0 -19 0 +16 0 +45 0 *
Fa
0  1e-07 56 0
2  56
0101000
+15 0 *
Wi

0101100
+37 0 +29 0 -20 0 +47 0 *
Fa
0  1e-07 57 0
2  57
0101000
+13 0 *
Ed
 1e-07 1 1 1
2  210 58 0 0 1.018936532095
6  246 58 0
0

0101000
+48 0 -48 0 *
Wi

0101100
-46 0 +11 0 +39 0 -42 0 *
Fa
0  1e-07 58 0
2  58
0101000
+10 0 *
Ed
 1e-07 1 1 1
2  211 59 0 0 1.018936532095
6  247 59 0
0

0101000
+38 0 -38 0 *
Wi

0101100
-36 0 +8 0 +27 0 -33 0 *
Fa
0  1e-07 59 0
2  59
0101000
+7 0 *
Ed
 1e-07 1 1 1
2  212 60 0 0 1.018936532095
6  248 60 0
0

0101000
+30 0 -30 0 *
Wi

0101100
-28 0 +5 0 +21 0 -24 0 *
Fa
0  1e-07 60 0
2  60
0101000
+4 0 *
Sh

0101100
-309 0 +302 0 -296 0 -290 0 -283 0 -278 0 -271 0 -266 0 -261 0 -256 0 
-249 0 -245 0 +240 0 -233 0 -229 0 -221 0 -217 0 -213 0 +206 0 -203 0 
-200 0 -196 0 -193 0 -190 0 +185 0 -182 0 -179 0 -174 0 +169 0 +158 0 
-149 0 +141 0 -138 0 +136 0 +125 0 +118 0 +111 0 +104 0 +97 0 +93 0 
+86 0 +82 0 -75 0 +71 0 +64 0 +60 0 -53 0 +50 0 +43 0 +40 0 
+34 0 +31 0 +25 0 +22 0 +17 0 +14 0 -12 0 +9 0 +6 0 +3 0 
*
So

0100000
+2 0 *

+1 0 