DBRep_DrawableShape

CASCADE Topology V3, (c) Open Cascade
Locations 0
Curve2ds 4
1 6.2831853071795862 9.4247779607693793 -1 0 
1 6.2831853071795862 3.1415926535897931 -1 0 
1 6.2831853071795862 0 -0 1 
1 -4.1389114358025836e-13 0 -0 1 
Curves 2
2 0 0 -2.4492935982949998e-16 0 0 1 1 0 -0 -0 1 0 8
2 10 0 0 -0 1 0 1 0 0 0 0 -1 2
Polygon3D 0
PolygonOnTriangulations 4
37 1 2 3 4 5 6 7 8 9 10 11 12 13 14 15 16 17 18 19 20 21 22 23 24 25 26 27 28 29 30 31 32 33 34 35 36 37 
p 0.10390965202807 1 0 0.174532925199433 0.349065850398866 0.523598775598299 0.698131700797732 0.872664625997165 1.0471975511966 1.22173047639603 1.39626340159546 1.5707963267949 1.74532925199433 1.91986217719376 2.0943951023932 2.26892802759263 2.44346095279206 2.61799387799149 2.79252680319093 2.96705972839036 3.14159265358979 3.31612557878922 3.49065850398866 3.66519142918809 3.83972435438752 4.01425727958696 4.18879020478639 4.36332312998582 4.53785605518525 4.71238898038469 4.88692190558412 5.06145483078355 5.23598775598299 5.41052068118242 5.58505360638185 5.75958653158128 5.93411945678072 6.10865238198015 6.28318530717959 
37 74 75 76 77 78 79 80 81 82 83 84 85 86 87 88 89 90 91 92 93 94 95 96 97 98 99 100 101 102 103 104 105 106 107 108 109 38 
p 0.10390965202807 1 0 0.174532925199433 0.349065850398866 0.523598775598299 0.698131700797732 0.872664625997165 1.0471975511966 1.22173047639603 1.39626340159546 1.5707963267949 1.74532925199433 1.91986217719376 2.0943951023932 2.26892802759263 2.44346095279206 2.61799387799149 2.79252680319093 2.96705972839036 3.14159265358979 3.31612557878922 3.49065850398866 3.66519142918809 3.83972435438752 4.01425727958696 4.18879020478639 4.36332312998582 4.53785605518525 4.71238898038469 4.88692190558412 5.06145483078355 5.23598775598299 5.41052068118242 5.58505360638185 5.75958653158128 5.93411945678072 6.10865238198015 6.28318530717959 
37 38 39 40 41 42 43 44 45 46 47 48 49 50 51 52 53 54 55 56 57 58 59 60 61 62 63 64 65 66 67 68 69 70 71 72 73 37 
p 0.10390965202807 1 3.14159265358979 3.31612557878923 3.49065850398866 3.66519142918809 3.83972435438752 4.01425727958696 4.18879020478639 4.36332312998582 4.53785605518526 4.71238898038469 4.88692190558412 5.06145483078355 5.23598775598299 5.41052068118242 5.58505360638185 5.75958653158128 5.93411945678072 6.10865238198015 6.28318530717958 6.45771823237902 6.63225115757845 6.80678408277788 6.98131700797731 7.15584993317675 7.33038285837618 7.50491578357561 7.67944870877504 7.85398163397448 8.02851455917391 8.20304748437334 8.37758040957278 8.55211333477221 8.72664625997164 8.90117918517107 9.07571211037051 9.25024503556994 9.42477796076938 
37 74 110 111 112 113 114 115 116 117 118 119 120 121 122 123 124 125 126 127 128 129 130 131 132 133 134 135 136 137 138 139 140 141 142 143 144 1 
p 0.10390965202807 1 3.14159265358979 3.31612557878923 3.49065850398866 3.66519142918809 3.83972435438752 4.01425727958696 4.18879020478639 4.36332312998582 4.53785605518526 4.71238898038469 4.88692190558412 5.06145483078355 5.23598775598299 5.41052068118242 5.58505360638185 5.75958653158128 5.93411945678072 6.10865238198015 6.28318530717958 6.45771823237902 6.63225115757845 6.80678408277788 6.98131700797731 7.15584993317675 7.33038285837618 7.50491578357561 7.67944870877504 7.85398163397448 8.02851455917391 8.20304748437334 8.37758040957278 8.55211333477221 8.72664625997164 8.90117918517107 9.07571211037051 9.25024503556994 9.42477796076938 
Surfaces 1
5 0 0 0 -0 -0 -1 1 0 -0 0 -1 0 10 2
Triangulations 1
1369 2592 1 0 0.0532080685933148
8 0 -2.449293598295e-16 7.87846202409766 1.38918542133544 -2.449293598295e-16 7.51754096628727 2.73616114660535 -2.449293598295e-16 6.92820323027551 4 -2.449293598295e-16 6.12835554495182 5.14230087749231 -2.449293598295e-16 5.14230087749231 6.12835554495182 -2.449293598295e-16 4 6.92820323027551 -2.449293598295e-16 2.73616114660535 7.51754096628727 -2.449293598295e-16 1.38918542133544 7.87846202409766 -2.449293598295e-16 4.89858719658941e-16 8 -2.449293598295e-16 -1.38918542133544 7.87846202409766 -2.449293598295e-16 -2.73616114660535 7.51754096628727 -2.449293598295e-16 -4 6.92820323027551 -2.449293598295e-16 -5.14230087749231 6.12835554495183 -2.449293598295e-16 -6.12835554495182 5.14230087749232 -2.449293598295e-16 -6.92820323027551 4.00000000000001 -2.449293598295e-16 -7.51754096628726 2.73616114660536 -2.449293598295e-16 -7.87846202409766 1.38918542133545 -2.449293598295e-16 -8 1.16378584757194e-14 -2.449293598295e-16 -7.87846202409767 -1.38918542133543 -2.449293598295e-16 -7.51754096628727 -2.73616114660534 -2.449293598295e-16 -6.92820323027552 -3.99999999999999 -2.449293598295e-16 -6.12835554495184 -5.1423008774923 -2.449293598295e-16 -5.14230087749233 -6.12835554495181 -2.449293598295e-16 -4.00000000000002 -6.9282032302755 -2.449293598295e-16 -2.73616114660537 -7.51754096628726 -2.449293598295e-16 -1.38918542133546 -7.87846202409766 -2.449293598295e-16 -2.27858582317798e-14 -8 -2.449293598295e-16 1.38918542133542 -7.87846202409767 -2.449293598295e-16 2.73616114660533 -7.51754096628728 -2.449293598295e-16 3.99999999999998 -6.92820323027552 -2.449293598295e-16 5.14230087749229 -6.12835554495184 -2.449293598295e-16 6.1283555449518 -5.14230087749234 -2.449293598295e-16 6.92820323027549 -4.00000000000003 -2.449293598295e-16 7.51754096628725 -2.73616114660538 -2.449293598295e-16 7.87846202409766 -1.38918542133548 -2.449293598295e-16 8 0 -2.449293598295e-16 8 0 -2.449293598295e-16 8.03038449397558 0 0.34729635533386 8.12061475842818 0 0.684040286651336 8.26794919243112 0 0.999999999999999 8.46791111376204 0 1.28557521937308 8.71442478062692 0 1.53208888623795 9 0 1.73205080756888 9.31595971334866 0 1.87938524157182 9.65270364466614 0 1.96961550602442 10 0 2 10.3472963553339 0 1.96961550602442 10.6840402866513 0 1.87938524157182 11 0 1.73205080756888 11.2855752193731 0 1.53208888623796 11.532088886238 0 1.28557521937308 11.7320508075689 0 1.00000000000001 11.8793852415718 0 0.684040286651344 11.9696155060244 0 0.347296355333868 12 0 7.59528607725994e-15 11.9696155060244 0 -0.347296355333853 11.8793852415718 0 -0.68404028665133 11.7320508075689 0 -0.999999999999992 11.532088886238 0 -1.28557521937307 11.2855752193731 0 -1.53208888623795 11 0 -1.73205080756887 10.6840402866513 0 -1.87938524157181 10.3472963553339 0 -1.96961550602441 10 0 -2 9.65270364466615 0 -1.96961550602442 9.31595971334867 0 -1.87938524157182 9.00000000000001 0 -1.73205080756888 8.71442478062693 0 -1.53208888623796 8.46791111376205 0 -1.28557521937309 8.26794919243113 0 -1.00000000000001 8.12061475842819 0 -0.684040286651351 8.03038449397559 0 -0.347296355333875 8 0 -2.449293598295e-16 7.87846202409766 1.38918542133544 -2.449293598295e-16 7.51754096628727 2.73616114660535 -2.449293598295e-16 6.92820323027551 4 -2.449293598295e-16 6.12835554495182 5.14230087749231 -2.449293598295e-16 5.14230087749231 6.12835554495182 -2.449293598295e-16 4 6.92820323027551 -2.449293598295e-16 2.73616114660535 7.51754096628727 -2.449293598295e-16 1.38918542133544 7.87846202409766 -2.449293598295e-16 4.89858719658941e-16 8 -2.449293598295e-16 -1.38918542133544 7.87846202409766 -2.449293598295e-16 -2.73616114660535 7.51754096628727 -2.449293598295e-16 -4 6.92820323027551 -2.449293598295e-16 -5.14230087749231 6.12835554495183 -2.449293598295e-16 -6.12835554495182 5.14230087749232 -2.449293598295e-16 -6.92820323027551 4.00000000000001 -2.449293598295e-16 -7.51754096628726 2.73616114660536 -2.449293598295e-16 -7.87846202409766 1.38918542133545 -2.449293598295e-16 -8 1.16378584757194e-14 -2.449293598295e-16 -7.87846202409767 -1.38918542133543 -2.449293598295e-16 -7.51754096628727 -2.73616114660534 -2.449293598295e-16 -6.92820323027552 -3.99999999999999 -2.449293598295e-16 -6.12835554495184 -5.1423008774923 -2.449293598295e-16 -5.14230087749233 -6.12835554495181 -2.449293598295e-16 -4.00000000000002 -6.9282032302755 -2.449293598295e-16 -2.73616114660537 -7.51754096628726 -2.449293598295e-16 -1.38918542133546 -7.87846202409766 -2.449293598295e-16 -2.27858582317798e-14 -8 -2.449293598295e-16 1.38918542133542 -7.87846202409767 -2.449293598295e-16 2.73616114660533 -7.51754096628728 -2.449293598295e-16 3.99999999999998 -6.92820323027552 -2.449293598295e-16 5.14230087749229 -6.12835554495184 -2.449293598295e-16 6.1283555449518 -5.14230087749234 -2.449293598295e-16 6.92820323027549 -4.00000000000003 -2.449293598295e-16 7.51754096628725 -2.73616114660538 -2.449293598295e-16 7.87846202409766 -1.38918542133548 -2.449293598295e-16 8.03038449397558 0 0.34729635533386 8.12061475842818 0 0.684040286651336 8.26794919243112 0 0.999999999999999 8.46791111376204 0 1.28557521937308 8.71442478062692 0 1.53208888623795 9 0 1.73205080756888 9.31595971334866 0 1.87938524157182 9.65270364466614 0 1.96961550602442 10 0 2 10.3472963553339 0 1.96961550602442 10.6840402866513 0 1.87938524157182 11 0 1.73205080756888 11.2855752193731 0 1.53208888623796 11.532088886238 0 1.28557521937308 11.7320508075689 0 1.00000000000001 11.8793852415718 0 0.684040286651344 11.9696155060244 0 0.347296355333868 12 0 7.59528607725994e-15 11.9696155060244 0 -0.347296355333853 11.8793852415718 0 -0.68404028665133 11.7320508075689 0 -0.999999999999992 11.532088886238 0 -1.28557521937307 11.2855752193731 0 -1.53208888623795 11 0 -1.73205080756887 10.6840402866513 0 -1.87938524157181 10.3472963553339 0 -1.96961550602441 10 0 -2 9.65270364466615 0 -1.96961550602442 9.31595971334867 0 -1.87938524157182 9.00000000000001 0 -1.73205080756888 8.71442478062693 0 -1.53208888623796 8.46791111376205 0 -1.28557521937309 8.26794919243113 0 -1.00000000000001 8.12061475842819 0 -0.684040286651351 8.03038449397559 0 -0.347296355333875 7.90838490933617 -1.39446163334367 0.34729635533386 7.99724437332543 -1.41012995433627 0.684040286651336 8.14234046621719 -1.43571431030847 0.999999999999999 8.3392645166511 -1.47043733355036 1.28557521937308 8.58203308700309 -1.51324398257144 1.53208888623795 7.54609305106243 -2.74655325558979 0.34729635533386 8.86326977710987 -1.56283359900241 1.73205080756888 7.63088176474009 -2.77741382357018 0.684040286651336 9.17442935245514 -1.61769942744157 1.87938524157182 7.76933084516032 -2.82780516780467 0.999999999999999 9.5060573867964 -1.67617439745525 1.96961550602442 7.95723358707316 -2.89619617279795 1.28557521937308 9.84807753012207 -1.73648177666934 2 8.18888066074896 -2.98050881247081 1.53208888623795 10.1900976734477 -1.79678915588344 1.96961550602442 6.95451697393948 -4.01519224698782 0.34729635533386 8.45723358707316 -3.07818128993105 1.73205080756888 10.521725707789 -1.85526412589712 1.87938524157182 7.03265867514562 -4.06030737921412 0.684040286651336 8.75413859817253 -3.1862458763757 1.87938524157182 10.8328852831343 -1.91012995433628 1.73205080756888 7.16025403784437 -4.13397459621559 0.999999999999999 9.070574385526 -3.30141908402895 1.96961550602442 11.114121973241 -1.95971957076725 1.53208888623796 7.33342614150649 -4.23395555688105 1.28557521937308 9.39692620785907 -3.42020143325672 2 11.356890543593 -2.00252621978833 1.28557521937308 7.54691323939153 -4.35721239031349 1.53208888623795 9.72327803019214 -3.53898378248449 1.96961550602442 11.553814594027 -2.03724924303022 1.00000000000001 6.15163141771878 -5.16183165374644 0.34729635533386 7.79422863405993 -4.50000000000003 1.73205080756888 10.0397138175456 -3.65415699013775 1.87938524157182 6.22075181040385 -5.21983054975531 0.684040286651336 11.6989106869187 -2.06283359900242 0.684040286651344 8.06785777239232 -4.65797985667436 1.87938524157182 10.336618828645 -3.7622215765824 1.73205080756888 6.33361653485188 -5.31453529841258 0.999999999999999 11.787770150908 -2.07850191999502 0.347296355333868 8.35948657148349 -4.8263518223331 1.96961550602442 10.6049717549692 -3.85989405404264 1.53208888623796 11.8176930361465 -2.08377813200321 0 6.48679625352283 -5.44306834385321 1.28557521937308 8.66025403784436 -5.00000000000003 2 10.836618828645 -3.9442066937155 1.28557521937308 11.787770150908 -2.07850191999502 -0.347296355333853 6.67563667817755 -5.60152427453235 1.53208888623795 8.96102150420523 -5.17364817766696 1.96961550602442 11.0245215705578 -4.01259769870878 1.00000000000001 5.16183165374639 -6.15163141771882 0.34729635533386 11.6989106869187 -2.06283359900242 -0.68404028665133 6.89439998807078 -5.78508848717888 1.73205080756888 9.25265030329641 -5.3420201433257 1.87938524157182 11.162970650978 -4.06298904294327 0.684040286651344 5.21983054975526 -6.22075181040389 0.684040286651336 11.553814594027 -2.03724924303022 -0.999999999999992 7.13643917073099 -5.98818347607951 1.87938524157182 9.5262794416288 -5.50000000000003 1.73205080756888 11.2477593646557 -4.09384961092366 0.347296355333868 5.31453529841253 -6.33361653485192 0.999999999999999 7.39439998807078 -6.20463830276752 1.96961550602442 11.3568905435931 -2.00252621978833 -1.28557521937307 9.7735948362972 -5.64278760968657 1.53208888623796 5.44306834385316 -6.48679625352287 1.28557521937308 11.2763114494309 -4.10424171990807 0 7.66044443118975 -6.42787609686542 2 11.1141219732411 -1.95971957076725 -1.53208888623795 9.98708193418224 -5.76604444311901 1.28557521937308 11.2477593646557 -4.09384961092366 -0.347296355333853 5.6015242745323 -6.67563667817759 1.53208888623795 10.8328852831343 -1.91012995433628 -1.73205080756887 7.92648887430873 -6.65111389096332 1.96961550602442 10.1602540378444 -5.86602540378448 1.00000000000001 4.01519224698777 -6.95451697393951 0.34729635533386 5.78508848717883 -6.89439998807082 1.73205080756888 11.162970650978 -4.06298904294327 -0.68404028665133 10.521725707789 -1.85526412589712 -1.87938524157181 8.18444969164852 -6.86756871765133 1.87938524157182 10.2878494005431 -5.93969262078595 0.684040286651344 4.06030737921407 -7.03265867514565 0.684040286651336 11.0245215705578 -4.01259769870878 -0.999999999999992 5.98818347607946 -7.13643917073103 1.87938524157182 8.42648887430873 -7.07066370655196 1.73205080756888 10.1900976734478 -1.79678915588344 -1.96961550602441 4.13397459621554 -7.1602540378444 0.999999999999999 10.3659911017492 -5.98480775301225 0.347296355333868 10.836618828645 -3.9442066937155 -1.28557521937307 6.20463830276747 -7.39439998807082 1.96961550602442 9.84807753012208 -1.73648177666935 -2 8.64525218420196 -7.25422791919849 1.53208888623796 10.3923048454132 -6.00000000000004 0 4.233955556881 -7.33342614150652 1.28557521937308 10.6049717549692 -3.85989405404264 -1.53208888623795 6.42787609686536 -7.6604444311898 2 8.83409260885668 -7.41268384987763 1.28557521937308 9.50605738679642 -1.67617439745525 -1.96961550602442 10.3659911017493 -5.98480775301225 -0.347296355333853 4.35721239031344 -7.54691323939156 1.53208888623795 10.336618828645 -3.7622215765824 -1.73205080756887 6.65111389096326 -7.92648887430878 1.96961550602442 2.74655325558973 -7.54609305106245 0.34729635533386 8.98727232752763 -7.54121689531826 1.00000000000001 9.17442935245515 -1.61769942744157 -1.87938524157182 4.49999999999997 -7.79422863405996 1.73205080756888 10.2878494005431 -5.93969262078595 -0.68404028665133 10.0397138175456 -3.65415699013775 -1.87938524157181 6.86756871765127 -8.18444969164857 1.87938524157182 8.86326977710988 -1.56283359900241 -1.73205080756888 2.77741382357012 -7.63088176474011 0.684040286651336 9.10013705197566 -7.63592164397553 0.684040286651344 10.1602540378444 -5.86602540378448 -0.999999999999992 4.6579798566743 -8.06785777239235 1.87938524157182 9.72327803019215 -3.5389837824845 -1.96961550602441 7.0706637065519 -8.42648887430878 1.73205080756888 8.58203308700311 -1.51324398257144 -1.53208888623796 2.82780516780462 -7.76933084516034 0.999999999999999 9.16925744466073 -7.6939205399844 0.347296355333868 4.82635182233304 -8.35948657148353 1.96961550602442 9.98708193418225 -5.76604444311902 -1.28557521937307 9.39692620785908 -3.42020143325673 -2 7.25422791919843 -8.64525218420201 1.53208888623796 2.89619617279789 -7.95723358707318 1.28557521937308 8.33926451665111 -1.47043733355036 -1.28557521937309 9.19253331742771 -7.71345131623851 0 9.77359483629721 -5.64278760968658 -1.53208888623795 4.99999999999997 -8.6602540378444 2 7.41268384987757 -8.83409260885673 1.28557521937308 9.07057438552601 -3.30141908402896 -1.96961550602442 8.14234046621719 -1.43571431030847 -1.00000000000001 2.98050881247075 -8.18888066074898 1.53208888623795 9.16925744466073 -7.69392053998441 -0.347296355333853 9.52627944162881 -5.50000000000004 -1.73205080756887 5.1736481776669 -8.96102150420527 1.96961550602442 1.39446163334361 -7.90838490933618 0.34729635533386 8.75413859817254 -3.1862458763757 -1.87938524157182 7.5412168953182 -8.98727232752768 1.00000000000001 9.10013705197566 -7.63592164397554 -0.68404028665133 3.07818128993099 -8.45723358707318 1.73205080756888 7.99724437332543 -1.41012995433627 -0.684040286651351 9.25265030329642 -5.34202014332571 -1.87938524157181 5.34202014332564 -9.25265030329645 1.87938524157182 8.45723358707317 -3.07818128993106 -1.73205080756888 1.41012995433621 -7.99724437332544 0.684040286651336 7.63592164397547 -9.10013705197571 0.684040286651344 7.90838490933617 -1.39446163334367 -0.347296355333875 8.98727232752763 -7.54121689531827 -0.999999999999992 3.18624587637564 -8.75413859817255 1.87938524157182 5.49999999999997 -9.52627944162884 1.73205080756888 8.96102150420525 -5.17364817766697 -1.96961550602441 7.69392053998434 -9.16925744466078 0.347296355333868 8.18888066074897 -2.98050881247082 -1.53208888623796 1.43571431030841 -8.1423404662172 0.999999999999999 8.83409260885669 -7.41268384987764 -1.28557521937307 3.30141908402889 -9.07057438552602 1.96961550602442 8.66025403784438 -5.00000000000004 -2 5.64278760968651 -9.77359483629724 1.53208888623796 7.95723358707317 -2.89619617279795 -1.28557521937309 7.71345131623844 -9.19253331742776 0 1.4704373335503 -8.33926451665111 1.28557521937308 8.64525218420197 -7.2542279191985 -1.53208888623795 3.42020143325666 -9.39692620785909 2 8.35948657148351 -4.82635182233311 -1.96961550602442 5.76604444311894 -9.98708193418228 1.28557521937308 7.76933084516033 -2.82780516780467 -1.00000000000001 1.51324398257138 -8.5820330870031 1.53208888623795 7.69392053998434 -9.16925744466079 -0.347296355333853 8.42648887430874 -7.07066370655197 -1.73205080756887 3.53898378248443 -9.72327803019216 1.96961550602442 5.8660254037844 -10.1602540378444 1.00000000000001 8.06785777239233 -4.65797985667437 -1.87938524157182 0 -8.03038449397558 0.34729635533386 7.63592164397547 -9.10013705197572 -0.68404028665133 7.6308817647401 -2.77741382357018 -0.684040286651351 1.56283359900235 -8.86326977710988 1.73205080756888 3.65415699013768 -10.0397138175456 1.87938524157182 8.18444969164853 -6.86756871765134 -1.87938524157181 5.93969262078587 -10.2878494005432 0.684040286651344 7.79422863405994 -4.50000000000004 -1.73205080756888 0 -8.12061475842818 0.684040286651336 7.54609305106243 -2.74655325558979 -0.347296355333875 1.61769942744151 -9.17442935245515 1.87938524157182 7.5412168953182 -8.98727232752769 -0.999999999999992 3.76222157658232 -10.336618828645 1.73205080756888 7.92648887430874 -6.65111389096333 -1.96961550602441 0 -8.26794919243112 0.999999999999999 5.98480775301217 -10.3659911017493 0.347296355333868 7.54691323939154 -4.35721239031349 -1.53208888623796 1.67617439745518 -9.50605738679641 1.96961550602442 7.41268384987757 -8.83409260885674 -1.28557521937307 7.66044443118976 -6.42787609686543 -2 3.85989405404256 -10.6049717549692 1.53208888623796 7.3334261415065 -4.23395555688105 -1.28557521937309 5.99999999999997 -10.3923048454133 0 0 -8.46791111376204 1.28557521937308 7.25422791919844 -8.64525218420202 -1.53208888623795 1.73648177666928 -9.84807753012208 2 7.39439998807079 -6.20463830276753 -1.96961550602442 3.94420669371542 -10.836618828645 1.28557521937308 0 -8.71442478062692 1.53208888623795 7.16025403784438 -4.13397459621559 -1.00000000000001 5.98480775301218 -10.3659911017493 -0.347296355333853 1.79678915588337 -10.1900976734478 1.96961550602442 7.07066370655191 -8.42648887430879 -1.73205080756887 7.136439170731 -5.98818347607952 -1.87938524157182 -1.39446163334365 -7.90838490933617 0.34729635533386 4.0125976987087 -11.0245215705578 1.00000000000001 0 -9 1.73205080756888 7.03265867514563 -4.06030737921412 -0.684040286651351 5.93969262078588 -10.2878494005432 -0.68404028665133 6.86756871765128 -8.18444969164858 -1.87938524157181 1.85526412589704 -10.521725707789 1.87938524157182 6.89439998807079 -5.78508848717889 -1.73205080756888 -1.41012995433625 -7.99724437332543 0.684040286651336 4.06298904294319 -11.1629706509781 0.684040286651344 6.95451697393949 -4.01519224698782 -0.347296355333875 0 -9.31595971334866 1.87938524157182 5.86602540378441 -10.1602540378444 -0.999999999999992 1.9101299543362 -10.8328852831343 1.73205080756888 6.65111389096327 -7.92648887430879 -1.96961550602441 -1.43571431030845 -8.14234046621719 0.999999999999999 4.09384961092358 -11.2477593646557 0.347296355333868 6.67563667817756 -5.60152427453235 -1.53208888623796 5.76604444311895 -9.98708193418229 -1.28557521937307 0 -9.65270364466614 1.96961550602442 1.95971957076717 -11.1141219732411 1.53208888623796 6.42787609686537 -7.66044443118981 -2 -1.47043733355035 -8.3392645166511 1.28557521937308 6.48679625352284 -5.44306834385321 -1.28557521937309 4.10424171990799 -11.2763114494309 0 0 -10 2 5.64278760968651 -9.77359483629725 -1.53208888623795 6.20463830276748 -7.39439998807083 -1.96961550602442 2.00252621978825 -11.3568905435931 1.28557521937308 6.33361653485189 -5.31453529841258 -1.00000000000001 -1.51324398257142 -8.5820330870031 1.53208888623795 4.09384961092358 -11.2477593646557 -0.347296355333853 5.49999999999997 -9.52627944162885 -1.73205080756887 -2.69371468070784e-14 -10.3472963553339 1.96961550602442 2.03724924303014 -11.553814594027 1.00000000000001 5.98818347607947 -7.13643917073104 -1.87938524157182 -2.74655325558977 -7.54609305106243 0.34729635533386 6.22075181040386 -5.21983054975531 -0.684040286651351 4.06298904294319 -11.1629706509781 -0.68404028665133 -1.56283359900239 -8.86326977710987 1.73205080756888 5.34202014332564 -9.25265030329646 -1.87938524157181 -2.78137932664809e-14 -10.6840402866513 1.87938524157182 2.06283359900234 -11.6989106869187 0.684040286651344 5.78508848717884 -6.89439998807083 -1.73205080756888 -2.77741382357016 -7.6308817647401 0.684040286651336 -1.61769942744156 -9.17442935245514 1.87938524157182 6.15163141771878 -5.16183165374644 -0.347296355333875 4.0125976987087 -11.0245215705578 -0.999999999999992 -2.86363321105731e-14 -11 1.73205080756888 5.17364817766691 -8.96102150420528 -1.96961550602441 2.07850191999494 -11.787770150908 0.347296355333868 -2.82780516780466 -7.76933084516033 0.999999999999999 5.60152427453231 -6.6756366781776 -1.53208888623796 -1.67617439745523 -9.5060573867964 1.96961550602442 3.94420669371543 -10.836618828645 -1.28557521937307 -2.93797709128019e-14 -11.2855752193731 1.53208888623796 4.99999999999998 -8.66025403784441 -2 2.08377813200313 -11.8176930361465 0 5.44306834385317 -6.48679625352288 -1.28557521937309 -2.89619617279793 -7.95723358707317 1.28557521937308 -1.73648177666933 -9.84807753012207 2 3.85989405404257 -10.6049717549692 -1.53208888623795 -3.00215206613599e-14 -11.532088886238 1.28557521937308 4.82635182233305 -8.35948657148354 -1.96961550602442 5.31453529841254 -6.33361653485193 -1.00000000000001 2.07850191999494 -11.787770150908 -0.347296355333853 -2.9805088124708 -8.18888066074897 1.53208888623795 -1.79678915588342 -10.1900976734477 1.96961550602442 3.76222157658233 -10.336618828645 -1.73205080756887 -3.05420821148781e-14 -11.7320508075689 1.00000000000001 4.65797985667431 -8.06785777239236 -1.87938524157182 -4.01519224698781 -6.95451697393949 0.34729635533386 2.06283359900234 -11.6989106869187 -0.68404028665133 5.21983054975527 -6.22075181040389 -0.684040286651351 -3.07818128993104 -8.45723358707317 1.73205080756888 3.65415699013768 -10.0397138175456 -1.87938524157181 -1.8552641258971 -10.521725707789 1.87938524157182 4.49999999999998 -7.79422863405997 -1.73205080756888 -3.09256382770083e-14 -11.8793852415718 0.684040286651344 -4.0603073792141 -7.03265867514563 0.684040286651336 5.1618316537464 -6.15163141771882 -0.347296355333875 2.03724924303014 -11.553814594027 -0.999999999999992 -3.18624587637568 -8.75413859817253 1.87938524157182 -1.91012995433626 -10.8328852831343 1.73205080756888 3.53898378248443 -9.72327803019217 -1.96961550602441 4.35721239031344 -7.54691323939157 -1.53208888623796 -3.11605349878528e-14 -11.9696155060244 0.347296355333868 -4.13397459621557 -7.16025403784438 0.999999999999999 -3.30141908402894 -9.070574385526 1.96961550602442 2.00252621978825 -11.3568905435931 -1.28557521937307 3.42020143325666 -9.3969262078591 -2 -1.95971957076723 -11.114121973241 1.53208888623796 -3.12396350297161e-14 -12 0 4.233955556881 -7.33342614150653 -1.28557521937309 -4.23395555688104 -7.3334261415065 1.28557521937308 1.95971957076717 -11.1141219732411 -1.53208888623795 -3.42020143325671 -9.39692620785907 2 -2.00252621978831 -11.3568905435931 1.28557521937308 3.30141908402889 -9.07057438552603 -1.96961550602442 -4.35721239031347 -7.54691323939154 1.53208888623795 4.13397459621554 -7.16025403784441 -1.00000000000001 -3.11605349878528e-14 -11.9696155060244 -0.347296355333853 1.9101299543362 -10.8328852831343 -1.73205080756887 -3.53898378248448 -9.72327803019214 1.96961550602442 -2.0372492430302 -11.553814594027 1.00000000000001 -5.16183165374643 -6.15163141771879 0.34729635533386 3.18624587637564 -8.75413859817257 -1.87938524157182 -3.09256382770083e-14 -11.8793852415718 -0.68404028665133 -4.50000000000001 -7.79422863405994 1.73205080756888 4.06030737921407 -7.03265867514566 -0.684040286651351 1.85526412589705 -10.521725707789 -1.87938524157181 -3.65415699013773 -10.0397138175456 1.87938524157182 -2.0628335990024 -11.6989106869187 0.684040286651344 -5.2198305497553 -6.22075181040386 0.684040286651336 3.078181289931 -8.45723358707319 -1.73205080756888 4.01519224698777 -6.95451697393951 -0.347296355333875 -4.65797985667434 -8.06785777239233 1.87938524157182 -3.05420821148782e-14 -11.7320508075689 -0.999999999999992 1.79678915588337 -10.1900976734478 -1.96961550602441 -3.76222157658238 -10.336618828645 1.73205080756888 -2.078501919995 -11.787770150908 0.347296355333868 -5.31453529841257 -6.33361653485189 0.999999999999999 2.98050881247076 -8.18888066074899 -1.53208888623796 -3.00215206613599e-14 -11.532088886238 -1.28557521937307 -4.82635182233308 -8.3594865714835 1.96961550602442 1.73648177666928 -9.8480775301221 -2 -3.85989405404262 -10.6049717549692 1.53208888623796 -2.08377813200319 -11.8176930361465 0 2.8961961727979 -7.95723358707319 -1.28557521937309 -5.4430683438532 -6.48679625352284 1.28557521937308 -5.00000000000002 -8.66025403784437 2 -2.93797709128019e-14 -11.2855752193731 -1.53208888623795 1.67617439745519 -9.50605738679643 -1.96961550602442 -3.94420669371548 -10.836618828645 1.28557521937308 2.82780516780462 -7.76933084516035 -1.00000000000001 -2.078501919995 -11.787770150908 -0.347296355333853 -5.60152427453233 -6.67563667817756 1.53208888623795 -2.86363321105731e-14 -11 -1.73205080756887 -5.17364817766695 -8.96102150420524 1.96961550602442 1.61769942744151 -9.17442935245517 -1.87938524157182 -4.01259769870876 -11.0245215705578 1.00000000000001 -6.15163141771881 -5.1618316537464 0.34729635533386 -2.0628335990024 -11.6989106869187 -0.68404028665133 -5.78508848717887 -6.89439998807079 1.73205080756888 2.77741382357013 -7.63088176474012 -0.684040286651351 -2.7813793266481e-14 -10.6840402866513 -1.87938524157181 -5.34202014332568 -9.25265030329642 1.87938524157182 1.56283359900235 -8.86326977710989 -1.73205080756888 -4.06298904294325 -11.1629706509781 0.684040286651344 -6.22075181040388 -5.21983054975527 0.684040286651336 -2.0372492430302 -11.553814594027 -0.999999999999992 -5.9881834760795 -7.136439170731 1.87938524157182 2.74655325558973 -7.54609305106245 -0.347296355333875 -2.69371468070785e-14 -10.3472963553339 -1.96961550602441 -5.50000000000002 -9.52627944162881 1.73205080756888 1.51324398257138 -8.58203308700312 -1.53208888623796 -4.09384961092364 -11.2477593646557 0.347296355333868 -6.33361653485191 -5.31453529841254 0.999999999999999 -2.00252621978831 -11.3568905435931 -1.28557521937307 -6.20463830276751 -7.39439998807079 1.96961550602442 0 -10 -2 -5.64278760968656 -9.77359483629721 1.53208888623796 1.4704373335503 -8.33926451665112 -1.28557521937309 -4.10424171990805 -11.2763114494309 0 -6.48679625352286 -5.44306834385317 1.28557521937308 -1.95971957076723 -11.1141219732411 -1.53208888623795 -6.4278760968654 -7.66044443118977 2 0 -9.65270364466615 -1.96961550602442 -5.766044443119 -9.98708193418225 1.28557521937308 1.43571431030841 -8.1423404662172 -1.00000000000001 -4.09384961092364 -11.2477593646557 -0.347296355333853 -6.67563667817758 -5.60152427453231 1.53208888623795 -1.91012995433626 -10.8328852831343 -1.73205080756887 -6.6511138909633 -7.92648887430874 1.96961550602442 0 -9.31595971334867 -1.87938524157182 -5.86602540378446 -10.1602540378444 1.00000000000001 -6.95451697393951 -4.01519224698778 0.34729635533386 1.41012995433621 -7.99724437332544 -0.684040286651351 -4.06298904294325 -11.1629706509781 -0.68404028665133 -6.89439998807081 -5.78508848717884 1.73205080756888 -1.8552641258971 -10.521725707789 -1.87938524157181 -6.86756871765131 -8.18444969164853 1.87938524157182 0 -9.00000000000001 -1.73205080756888 -7.03265867514565 -4.06030737921408 0.684040286651336 -5.93969262078593 -10.2878494005431 0.684040286651344 1.39446163334361 -7.90838490933618 -0.347296355333875 -4.01259769870876 -11.0245215705578 -0.999999999999992 -7.13643917073102 -5.98818347607947 1.87938524157182 -1.79678915588342 -10.1900976734478 -1.96961550602441 -7.07066370655195 -8.42648887430874 1.73205080756888 0 -8.71442478062693 -1.53208888623796 -7.16025403784439 -4.13397459621555 0.999999999999999 -5.98480775301223 -10.3659911017493 0.347296355333868 -3.94420669371548 -10.836618828645 -1.28557521937307 -7.39439998807081 -6.20463830276748 1.96961550602442 -1.73648177666933 -9.84807753012209 -2 -7.25422791919848 -8.64525218420197 1.53208888623796 0 -8.46791111376205 -1.28557521937309 -6.00000000000002 -10.3923048454133 0 -7.33342614150652 -4.23395555688101 1.28557521937308 -3.85989405404262 -10.6049717549692 -1.53208888623795 -7.66044443118979 -6.42787609686538 2 -1.67617439745524 -9.50605738679642 -1.96961550602442 -7.41268384987761 -8.83409260885669 1.28557521937308 0 -8.26794919243113 -1.00000000000001 -5.98480775301223 -10.3659911017493 -0.347296355333853 -7.54691323939155 -4.35721239031345 1.53208888623795 -3.76222157658238 -10.336618828645 -1.73205080756887 -7.92648887430877 -6.65111389096327 1.96961550602442 -1.61769942744156 -9.17442935245516 -1.87938524157182 -7.54121689531825 -8.98727232752764 1.00000000000001 -7.54609305106244 -2.74655325558974 0.34729635533386 0 -8.12061475842819 -0.684040286651351 -5.93969262078593 -10.2878494005431 -0.68404028665133 -7.79422863405996 -4.49999999999998 1.73205080756888 -3.65415699013773 -10.0397138175456 -1.87938524157181 -8.18444969164856 -6.86756871765128 1.87938524157182 -1.5628335990024 -8.86326977710988 -1.73205080756888 -7.63592164397552 -9.10013705197567 0.684040286651344 -7.63088176474011 -2.77741382357014 0.684040286651336 0 -8.03038449397559 -0.347296355333875 -5.86602540378446 -10.1602540378444 -0.999999999999992 -8.06785777239235 -4.65797985667432 1.87938524157182 -3.53898378248448 -9.72327803019216 -1.96961550602441 -8.42648887430877 -7.07066370655191 1.73205080756888 -1.51324398257143 -8.58203308700311 -1.53208888623796 -7.69392053998439 -9.16925744466074 0.347296355333868 -7.76933084516034 -2.82780516780463 0.999999999999999 -5.766044443119 -9.98708193418225 -1.28557521937307 -8.35948657148352 -4.82635182233305 1.96961550602442 -3.42020143325671 -9.39692620785909 -2 -8.645252184202 -7.25422791919844 1.53208888623796 -1.47043733355035 -8.33926451665111 -1.28557521937309 -7.71345131623849 -9.19253331742772 0 -7.95723358707318 -2.8961961727979 1.28557521937308 -5.64278760968656 -9.77359483629722 -1.53208888623795 -8.66025403784439 -4.99999999999998 2 -3.30141908402894 -9.07057438552602 -1.96961550602442 -8.83409260885672 -7.41268384987758 1.28557521937308 -1.43571431030845 -8.1423404662172 -1.00000000000001 -7.69392053998439 -9.16925744466075 -0.347296355333853 -8.18888066074898 -2.98050881247076 1.53208888623795 -5.50000000000002 -9.52627944162882 -1.73205080756887 -8.96102150420526 -5.17364817766691 1.96961550602442 -3.18624587637569 -8.75413859817255 -1.87938524157182 -8.98727232752767 -7.54121689531821 1.00000000000001 -7.90838490933617 -1.39446163334362 0.34729635533386 -1.41012995433625 -7.99724437332543 -0.684040286651351 -7.63592164397552 -9.10013705197568 -0.68404028665133 -8.45723358707318 -3.078181289931 1.73205080756888 -5.34202014332569 -9.25265030329643 -1.87938524157181 -9.25265030329644 -5.34202014332565 1.87938524157182 -3.07818128993104 -8.45723358707318 -1.73205080756888 -7.99724437332544 -1.41012995433622 0.684040286651336 -9.1001370519757 -7.63592164397548 0.684040286651344 -1.39446163334365 -7.90838490933617 -0.347296355333875 -7.54121689531825 -8.98727232752765 -0.999999999999992 -8.75413859817255 -3.18624587637565 1.87938524157182 -5.17364817766695 -8.96102150420525 -1.96961550602441 -9.52627944162883 -5.49999999999998 1.73205080756888 -2.9805088124708 -8.18888066074898 -1.53208888623796 -8.1423404662172 -1.43571431030842 0.999999999999999 -9.16925744466077 -7.69392053998435 0.347296355333868 -7.41268384987762 -8.8340926088567 -1.28557521937307 -9.07057438552602 -3.3014190840289 1.96961550602442 -5.00000000000002 -8.66025403784439 -2 -9.77359483629723 -5.64278760968652 1.53208888623796 -2.89619617279794 -7.95723358707318 -1.28557521937309 -9.19253331742775 -7.71345131623845 0 -8.3392645166511 -1.47043733355031 1.28557521937308 -7.25422791919848 -8.64525218420198 -1.53208888623795 -9.39692620785909 -3.42020143325667 2 -4.82635182233309 -8.35948657148352 -1.96961550602442 -9.98708193418227 -5.76604444311896 1.28557521937308 -2.82780516780466 -7.76933084516034 -1.00000000000001 -9.16925744466078 -7.69392053998435 -0.347296355333853 -8.5820330870031 -1.51324398257139 1.53208888623795 -7.07066370655195 -8.42648887430875 -1.73205080756887 -9.72327803019216 -3.53898378248444 1.96961550602442 -4.65797985667435 -8.06785777239234 -1.87938524157182 -10.1602540378444 -5.86602540378442 1.00000000000001 -8.03038449397558 0 0.34729635533386 -2.77741382357017 -7.6308817647401 -0.684040286651351 -8.86326977710987 -1.56283359900236 1.73205080756888 -9.10013705197571 -7.63592164397548 -0.68404028665133 -6.86756871765132 -8.18444969164855 -1.87938524157181 -10.0397138175456 -3.65415699013769 1.87938524157182 -4.50000000000002 -7.79422863405995 -1.73205080756888 -8.12061475842818 0 0.684040286651336 -10.2878494005431 -5.93969262078589 0.684040286651344 -2.74655325558977 -7.54609305106243 -0.347296355333875 -9.17442935245515 -1.61769942744152 1.87938524157182 -8.98727232752768 -7.54121689531822 -0.999999999999992 -6.65111389096331 -7.92648887430875 -1.96961550602441 -10.336618828645 -3.76222157658234 1.73205080756888 -4.35721239031348 -7.54691323939155 -1.53208888623796 -8.26794919243112 0 0.999999999999999 -10.3659911017493 -5.98480775301219 0.347296355333868 -8.83409260885673 -7.41268384987759 -1.28557521937307 -9.50605738679641 -1.6761743974552 1.96961550602442 -6.42787609686541 -7.66044443118978 -2 -10.6049717549692 -3.85989405404258 1.53208888623796 -10.3923048454133 -5.99999999999998 0 -4.23395555688104 -7.33342614150651 -1.28557521937309 -8.46791111376204 0 1.28557521937308 -9.84807753012208 -1.73648177666929 2 -8.64525218420201 -7.25422791919845 -1.53208888623795 -6.20463830276751 -7.3943999880708 -1.96961550602442 -10.836618828645 -3.94420669371544 1.28557521937308 -10.3659911017493 -5.98480775301219 -0.347296355333853 -8.71442478062692 0 1.53208888623795 -4.13397459621558 -7.16025403784438 -1.00000000000001 -8.42648887430878 -7.07066370655192 -1.73205080756887 -10.1900976734477 -1.79678915588338 1.96961550602442 -5.9881834760795 -7.13643917073101 -1.87938524157182 -11.0245215705578 -4.01259769870872 1.00000000000001 -7.90838490933617 1.39446163334364 0.34729635533386 -9 0 1.73205080756888 -4.06030737921411 -7.03265867514563 -0.684040286651351 -10.2878494005431 -5.93969262078589 -0.68404028665133 -8.18444969164857 -6.86756871765129 -1.87938524157181 -10.521725707789 -1.85526412589706 1.87938524157182 -5.78508848717887 -6.8943999880708 -1.73205080756888 -11.1629706509781 -4.06298904294321 0.684040286651344 -7.99724437332543 1.41012995433624 0.684040286651336 -4.01519224698781 -6.95451697393949 -0.347296355333875 -9.31595971334866 0 1.87938524157182 -10.1602540378444 -5.86602540378442 -0.999999999999992 -10.8328852831343 -1.91012995433622 1.73205080756888 -7.92648887430878 -6.65111389096328 -1.96961550602441 -5.60152427453234 -6.67563667817757 -1.53208888623796 -11.2477593646557 -4.0938496109236 0.347296355333868 -8.14234046621719 1.43571431030844 0.999999999999999 -9.98708193418228 -5.76604444311896 -1.28557521937307 -9.65270364466614 0 1.96961550602442 -11.1141219732411 -1.95971957076719 1.53208888623796 -7.6604444311898 -6.42787609686538 -2 -5.4430683438532 -6.48679625352285 -1.28557521937309 -11.2763114494309 -4.10424171990801 0 -8.3392645166511 1.47043733355033 1.28557521937308 -9.77359483629724 -5.64278760968653 -1.53208888623795 -10 0 2 -11.3568905435931 -2.00252621978826 1.28557521937308 -7.39439998807082 -6.20463830276749 -1.96961550602442 -5.31453529841257 -6.3336165348519 -1.00000000000001 -11.2477593646557 -4.0938496109236 -0.347296355333853 -8.5820330870031 1.51324398257141 1.53208888623795 -9.52627944162884 -5.49999999999999 -1.73205080756887 -10.3472963553339 0 1.96961550602442 -11.553814594027 -2.03724924303016 1.00000000000001 -7.54609305106244 2.74655325558976 0.34729635533386 -7.13643917073103 -5.98818347607948 -1.87938524157182 -5.2198305497553 -6.22075181040387 -0.684040286651351 -11.1629706509781 -4.06298904294321 -0.68404028665133 -8.86326977710987 1.56283359900238 1.73205080756888 -9.25265030329645 -5.34202014332566 -1.87938524157181 -10.6840402866513 0 1.87938524157182 -6.89439998807082 -5.78508848717885 -1.73205080756888 -11.6989106869187 -2.06283359900236 0.684040286651344 -7.6308817647401 2.77741382357015 0.684040286651336 -5.16183165374643 -6.15163141771879 -0.347296355333875 -11.0245215705578 -4.01259769870872 -0.999999999999992 -9.17442935245515 1.61769942744154 1.87938524157182 -8.96102150420528 -5.17364817766692 -1.96961550602441 -11 0 1.73205080756888 -11.787770150908 -2.07850191999496 0.347296355333868 -6.67563667817759 -5.60152427453232 -1.53208888623796 -7.76933084516033 2.82780516780465 0.999999999999999 -10.836618828645 -3.94420669371544 -1.28557521937307 -9.50605738679641 1.67617439745522 1.96961550602442 -8.66025403784441 -4.99999999999999 -2 -11.2855752193731 0 1.53208888623796 -11.8176930361465 -2.08377813200315 0 -7.95723358707317 2.89619617279792 1.28557521937308 -6.48679625352287 -5.44306834385318 -1.28557521937309 -10.6049717549692 -3.85989405404258 -1.53208888623795 -9.84807753012208 1.73648177666931 2 -8.35948657148353 -4.82635182233306 -1.96961550602442 -11.532088886238 0 1.28557521937308 -11.787770150908 -2.07850191999496 -0.347296355333853 -8.18888066074897 2.98050881247078 1.53208888623795 -6.33361653485192 -5.31453529841255 -1.00000000000001 -10.336618828645 -3.76222157658234 -1.73205080756887 -10.1900976734477 1.7967891558834 1.96961550602442 -8.06785777239236 -4.65797985667432 -1.87938524157182 -11.7320508075689 0 1.00000000000001 -6.9545169739395 4.0151922469878 0.34729635533386 -11.6989106869187 -2.06283359900236 -0.68404028665133 -8.45723358707317 3.07818128993102 1.73205080756888 -6.22075181040389 -5.21983054975528 -0.684040286651351 -10.0397138175456 -3.6541569901377 -1.87938524157181 -10.521725707789 1.85526412589708 1.87938524157182 -7.79422863405997 -4.49999999999999 -1.73205080756888 -11.8793852415718 0 0.684040286651344 -7.03265867514564 4.0603073792141 0.684040286651336 -6.15163141771881 -5.1618316537464 -0.347296355333875 -11.553814594027 -2.03724924303016 -0.999999999999992 -8.75413859817254 3.18624587637567 1.87938524157182 -9.72327803019217 -3.53898378248444 -1.96961550602441 -10.8328852831343 1.91012995433624 1.73205080756888 -7.54691323939156 -4.35721239031345 -1.53208888623796 -11.9696155060244 0 0.347296355333868 -7.16025403784438 4.13397459621557 0.999999999999999 -11.3568905435931 -2.00252621978827 -1.28557521937307 -9.07057438552601 3.30141908402892 1.96961550602442 -9.3969262078591 -3.42020143325668 -2 -11.1141219732411 1.95971957076721 1.53208888623796 -7.33342614150653 -4.23395555688101 -1.28557521937309 -12 0 0 -7.33342614150651 4.23395555688103 1.28557521937308 -11.1141219732411 -1.95971957076719 -1.53208888623795 -9.39692620785908 3.42020143325669 2 -9.07057438552603 -3.30141908402891 -1.96961550602442 -11.3568905435931 2.00252621978829 1.28557521937308 -7.1602540378444 -4.13397459621555 -1.00000000000001 -11.9696155060244 0 -0.347296355333853 -7.54691323939154 4.35721239031346 1.53208888623795 -10.8328852831343 -1.91012995433622 -1.73205080756887 -9.72327803019215 3.53898378248446 1.96961550602442 -8.75413859817256 -3.18624587637566 -1.87938524157182 -11.553814594027 2.03724924303019 1.00000000000001 -6.1516314177188 5.16183165374642 0.34729635533386 -7.03265867514565 -4.06030737921408 -0.684040286651351 -11.8793852415718 0 -0.68404028665133 -7.79422863405994 4.5 1.73205080756888 -10.521725707789 -1.85526412589706 -1.87938524157181 -10.0397138175456 3.65415699013772 1.87938524157182 -8.45723358707319 -3.07818128993101 -1.73205080756888 -11.6989106869187 2.06283359900238 0.684040286651344 -6.22075181040387 5.21983054975529 0.684040286651336 -6.95451697393951 -4.01519224698778 -0.347296355333875 -11.7320508075689 0 -0.999999999999992 -8.06785777239233 4.65797985667434 1.87938524157182 -10.1900976734478 -1.79678915588338 -1.96961550602441 -10.336618828645 3.76222157658236 1.73205080756888 -8.18888066074899 -2.98050881247077 -1.53208888623796 -11.787770150908 2.07850191999498 0.347296355333868 -6.3336165348519 5.31453529841256 0.999999999999999 -11.532088886238 0 -1.28557521937307 -8.35948657148351 4.82635182233307 1.96961550602442 -9.84807753012209 -1.73648177666929 -2 -10.6049717549692 3.8598940540426 1.53208888623796 -6.48679625352285 5.44306834385319 1.28557521937308 -7.95723358707319 -2.89619617279791 -1.28557521937309 -11.8176930361465 2.08377813200318 0 -11.2855752193731 0 -1.53208888623795 -8.66025403784438 5 2 -9.50605738679643 -1.6761743974552 -1.96961550602442 -10.836618828645 3.94420669371546 1.28557521937308 -7.76933084516035 -2.82780516780463 -1.00000000000001 -6.67563667817757 5.60152427453232 1.53208888623795 -11.787770150908 2.07850191999498 -0.347296355333853 -11 0 -1.73205080756887 -8.96102150420525 5.17364817766693 1.96961550602442 -9.17442935245516 -1.61769942744152 -1.87938524157182 -11.0245215705578 4.01259769870874 1.00000000000001 -5.16183165374641 6.15163141771881 0.34729635533386 -7.63088176474011 -2.77741382357014 -0.684040286651351 -11.6989106869187 2.06283359900239 -0.68404028665133 -6.8943999880708 5.78508848717886 1.73205080756888 -10.6840402866513 0 -1.87938524157181 -9.25265030329643 5.34202014332567 1.87938524157182 -8.86326977710989 -1.56283359900236 -1.73205080756888 -11.1629706509781 4.06298904294323 0.684040286651344 -5.21983054975528 6.22075181040387 0.684040286651336 -7.54609305106244 -2.74655325558975 -0.347296355333875 -11.553814594027 2.03724924303019 -0.999999999999992 -7.13643917073101 5.98818347607949 1.87938524157182 -10.3472963553339 0 -1.96961550602441 -9.52627944162882 5.5 1.73205080756888 -8.58203308700311 -1.51324398257139 -1.53208888623796 -11.2477593646557 4.09384961092363 0.347296355333868 -5.31453529841255 6.33361653485191 0.999999999999999 -11.3568905435931 2.00252621978829 -1.28557521937307 -7.3943999880708 6.20463830276749 1.96961550602442 -10 0 -2 -9.77359483629722 5.64278760968654 1.53208888623796 -8.33926451665111 -1.47043733355032 -1.28557521937309 -11.2763114494309 4.10424171990803 0 -5.44306834385318 6.48679625352285 1.28557521937308 -11.1141219732411 1.95971957076722 -1.53208888623795 -7.66044443118978 6.42787609686539 2 -9.65270364466615 0 -1.96961550602442 -9.98708193418226 5.76604444311898 1.28557521937308 -8.1423404662172 -1.43571431030842 -1.00000000000001 -11.2477593646557 4.09384961092363 -0.347296355333853 -5.60152427453232 6.67563667817757 1.53208888623795 -7.92648887430875 6.65111389096329 1.96961550602442 -10.8328852831343 1.91012995433625 -1.73205080756887 -9.31595971334867 0 -1.87938524157182 -10.1602540378444 5.86602540378444 1.00000000000001 -4.01519224698779 6.9545169739395 0.34729635533386 -7.99724437332544 -1.41012995433622 -0.684040286651351 -11.1629706509781 4.06298904294324 -0.68404028665133 -5.78508848717885 6.8943999880708 1.73205080756888 -10.521725707789 1.85526412589709 -1.87938524157181 -8.18444969164854 6.8675687176513 1.87938524157182 -9.00000000000001 0 -1.73205080756888 -10.2878494005431 5.93969262078591 0.684040286651344 -4.06030737921409 7.03265867514564 0.684040286651336 -7.90838490933618 -1.39446163334362 -0.347296355333875 -11.0245215705578 4.01259769870875 -0.999999999999992 -5.98818347607948 7.13643917073101 1.87938524157182 -10.1900976734478 1.79678915588341 -1.96961550602441 -8.42648887430875 7.07066370655193 1.73205080756888 -8.71442478062693 0 -1.53208888623796 -10.3659911017493 5.98480775301221 0.347296355333868 -4.13397459621556 7.16025403784439 0.999999999999999 -10.836618828645 3.94420669371547 -1.28557521937307 -6.20463830276749 7.3943999880708 1.96961550602442 -9.84807753012209 1.73648177666932 -2 -8.64525218420198 7.25422791919846 1.53208888623796 -8.46791111376205 0 -1.28557521937309 -10.3923048454133 6.00000000000001 0 -4.23395555688102 7.33342614150651 1.28557521937308 -10.6049717549692 3.85989405404261 -1.53208888623795 -6.42787609686539 7.66044443118978 2 -9.50605738679642 1.67617439745522 -1.96961550602442 -8.83409260885671 7.4126838498776 1.28557521937308 -8.26794919243113 0 -1.00000000000001 -10.3659911017493 5.98480775301222 -0.347296355333853 -4.35721239031346 7.54691323939155 1.53208888623795 -10.336618828645 3.76222157658237 -1.73205080756887 -6.65111389096328 7.92648887430876 1.96961550602442 -9.17442935245516 1.61769942744155 -1.87938524157182 -8.98727232752765 7.54121689531823 1.00000000000001 -2.74655325558976 7.54609305106244 0.34729635533386 -8.12061475842819 0 -0.684040286651351 -10.2878494005431 5.93969262078592 -0.68404028665133 -4.5 7.79422863405995 1.73205080756888 -10.0397138175456 3.65415699013772 -1.87938524157181 -6.86756871765129 8.18444969164855 1.87938524157182 -8.86326977710988 1.56283359900238 -1.73205080756888 -9.10013705197568 7.6359216439755 0.684040286651344 -2.77741382357015 7.63088176474011 0.684040286651336 -8.03038449397559 0 -0.347296355333875 -10.1602540378444 5.86602540378445 -0.999999999999992 -4.65797985667433 8.06785777239234 1.87938524157182 -9.72327803019216 3.53898378248447 -1.96961550602441 -7.07066370655192 8.42648887430876 1.73205080756888 -9.16925744466075 7.69392053998437 0.347296355333868 -8.58203308700311 1.51324398257141 -1.53208888623796 -2.82780516780464 7.76933084516034 0.999999999999999 -9.98708193418226 5.76604444311899 -1.28557521937307 -4.82635182233306 8.35948657148352 1.96961550602442 -9.39692620785909 3.4202014332567 -2 -7.25422791919845 8.64525218420199 1.53208888623796 -9.19253331742773 7.71345131623847 0 -8.33926451665111 1.47043733355034 -1.28557521937309 -2.89619617279792 7.95723358707317 1.28557521937308 -9.77359483629723 5.64278760968655 -1.53208888623795 -4.99999999999999 8.66025403784439 2 -9.07057438552602 3.30141908402893 -1.96961550602442 -7.41268384987759 8.83409260885671 1.28557521937308 -8.1423404662172 1.43571431030844 -1.00000000000001 -9.16925744466076 7.69392053998438 -0.347296355333853 -2.98050881247078 8.18888066074897 1.53208888623795 -9.52627944162883 5.50000000000001 -1.73205080756887 -5.17364817766692 8.96102150420526 1.96961550602442 -8.75413859817255 3.18624587637568 -1.87938524157182 -7.54121689531822 8.98727232752766 1.00000000000001 -1.39446163334363 7.90838490933617 0.34729635533386 -7.99724437332544 1.41012995433624 -0.684040286651351 -9.10013705197569 7.63592164397551 -0.68404028665133 -3.07818128993102 8.45723358707317 1.73205080756888 -5.34202014332566 9.25265030329643 1.87938524157182 -9.25265030329644 5.34202014332568 -1.87938524157181 -8.45723358707318 3.07818128993103 -1.73205080756888 -7.63592164397549 9.10013705197569 0.684040286651344 -1.41012995433623 7.99724437332543 0.684040286651336 -7.90838490933617 1.39446163334364 -0.347296355333875 -8.98727232752766 7.54121689531824 -0.999999999999992 -3.18624587637566 8.75413859817254 1.87938524157182 -8.96102150420526 5.17364817766694 -1.96961550602441 -5.49999999999999 9.52627944162882 1.73205080756888 -8.18888066074898 2.98050881247079 -1.53208888623796 -7.69392053998436 9.16925744466076 0.347296355333868 -1.43571431030843 8.14234046621719 0.999999999999999 -8.83409260885671 7.41268384987761 -1.28557521937307 -3.30141908402892 9.07057438552601 1.96961550602442 -8.66025403784439 5.00000000000001 -2 -5.64278760968653 9.77359483629722 1.53208888623796 -7.95723358707318 2.89619617279793 -1.28557521937309 -7.71345131623847 9.19253331742774 0 -1.47043733355033 8.3392645166511 1.28557521937308 -8.64525218420199 7.25422791919847 -1.53208888623795 -3.42020143325668 9.39692620785908 2 -8.35948657148352 4.82635182233308 -1.96961550602442 -5.76604444311897 9.98708193418226 1.28557521937308 -7.76933084516034 2.82780516780465 -1.00000000000001 -7.69392053998437 9.16925744466077 -0.347296355333853 -1.5132439825714 8.5820330870031 1.53208888623795 -8.42648887430876 7.07066370655194 -1.73205080756887 -3.53898378248445 9.72327803019215 1.96961550602442 -8.06785777239235 4.65797985667434 -1.87938524157182 -5.86602540378443 10.1602540378444 1.00000000000001 0 8.03038449397558 0.34729635533386 -7.63088176474011 2.77741382357016 -0.684040286651351 -7.6359216439755 9.1001370519757 -0.68404028665133 -1.56283359900237 8.86326977710987 1.73205080756888 -8.18444969164856 6.86756871765131 -1.87938524157181 -3.65415699013771 10.0397138175456 1.87938524157182 -7.79422863405995 4.50000000000001 -1.73205080756888 -5.9396926207859 10.2878494005431 0.684040286651344 0 8.12061475842818 0.684040286651336 -7.54609305106244 2.74655325558976 -0.347296355333875 -7.54121689531823 8.98727232752767 -0.999999999999992 -1.61769942744153 9.17442935245515 1.87938524157182 -7.92648887430876 6.6511138909633 -1.96961550602441 -3.76222157658235 10.336618828645 1.73205080756888 -7.54691323939155 4.35721239031347 -1.53208888623796 -5.9848077530122 10.3659911017493 0.347296355333868 0 8.26794919243112 0.999999999999999 -7.4126838498776 8.83409260885672 -1.28557521937307 -1.67617439745521 9.50605738679641 1.96961550602442 -7.66044443118979 6.4278760968654 -2 -3.85989405404259 10.6049717549692 1.53208888623796 -7.33342614150652 4.23395555688103 -1.28557521937309 -6 10.3923048454133 0 0 8.46791111376204 1.28557521937308 -7.25422791919846 8.645252184202 -1.53208888623795 -1.7364817766693 9.84807753012208 2 -7.39439998807081 6.2046383027675 -1.96961550602442 -3.94420669371545 10.836618828645 1.28557521937308 -7.16025403784439 4.13397459621557 -1.00000000000001 -5.9848077530122 10.3659911017493 -0.347296355333853 0 8.71442478062692 1.53208888623795 -7.07066370655193 8.42648887430877 -1.73205080756887 -1.79678915588339 10.1900976734477 1.96961550602442 -7.13643917073102 5.98818347607949 -1.87938524157182 -4.01259769870873 11.0245215705578 1.00000000000001 1.39446163334363 7.90838490933617 0.34729635533386 -7.03265867514564 4.0603073792141 -0.684040286651351 -5.93969262078591 10.2878494005431 -0.68404028665133 0 9 1.73205080756888 -6.8675687176513 8.18444969164856 -1.87938524157181 -1.85526412589707 10.521725707789 1.87938524157182 -6.89439998807081 5.78508848717886 -1.73205080756888 -4.06298904294322 11.1629706509781 0.684040286651344 1.41012995433623 7.99724437332543 0.684040286651336 -6.9545169739395 4.0151922469878 -0.347296355333875 -5.86602540378444 10.1602540378444 -0.999999999999992 0 9.31595971334866 1.87938524157182 -6.65111389096329 7.92648887430877 -1.96961550602441 -1.91012995433623 10.8328852831343 1.73205080756888 -6.67563667817758 5.60152427453233 -1.53208888623796 -4.09384961092362 11.2477593646557 0.347296355333868 1.43571431030843 8.14234046621719 0.999999999999999 -5.76604444311898 9.98708193418227 -1.28557521937307 0 9.65270364466614 1.96961550602442 -6.4278760968654 7.66044443118979 -2 -1.9597195707672 11.1141219732411 1.53208888623796 -6.48679625352286 5.44306834385319 -1.28557521937309 -4.10424171990802 11.2763114494309 0 1.47043733355032 8.3392645166511 1.28557521937308 -5.64278760968654 9.77359483629723 -1.53208888623795 0 10 2 -6.2046383027675 7.39439998807082 -1.96961550602442 -2.00252621978828 11.3568905435931 1.28557521937308 -6.33361653485191 5.31453529841256 -1.00000000000001 -4.09384961092362 11.2477593646557 -0.347296355333853 1.5132439825714 8.5820330870031 1.53208888623795 0 10.3472963553339 1.96961550602442 -5.5 9.52627944162884 -1.73205080756887 -5.98818347607949 7.13643917073102 -1.87938524157182 -2.03724924303017 11.553814594027 1.00000000000001 2.74655325558975 7.54609305106244 0.34729635533386 -6.22075181040387 5.21983054975529 -0.684040286651351 -4.06298904294322 11.1629706509781 -0.68404028665133 1.56283359900237 8.86326977710987 1.73205080756888 -5.34202014332567 9.25265030329644 -1.87938524157181 0 10.6840402866513 1.87938524157182 -5.78508848717886 6.89439998807081 -1.73205080756888 -2.06283359900237 11.6989106869187 0.684040286651344 2.77741382357014 7.63088176474011 0.684040286651336 -6.1516314177188 5.16183165374642 -0.347296355333875 1.61769942744153 9.17442935245515 1.87938524157182 -4.01259769870873 11.0245215705578 -0.999999999999992 -5.17364817766693 8.96102150420527 -1.96961550602441 0 11 1.73205080756888 -5.60152427453233 6.67563667817758 -1.53208888623796 -2.07850191999497 11.787770150908 0.347296355333868 2.82780516780463 7.76933084516034 0.999999999999999 -3.94420669371546 10.836618828645 -1.28557521937307 1.67617439745521 9.50605738679641 1.96961550602442 -5 8.6602540378444 -2 0 11.2855752193731 1.53208888623796 -5.44306834385319 6.48679625352286 -1.28557521937309 -2.08377813200316 11.8176930361465 0 2.89619617279791 7.95723358707318 1.28557521937308 -3.8598940540426 10.6049717549692 -1.53208888623795 1.7364817766693 9.84807753012208 2 -4.82635182233307 8.35948657148353 -1.96961550602442 0 11.532088886238 1.28557521937308 -5.31453529841255 6.33361653485191 -1.00000000000001 -2.07850191999497 11.787770150908 -0.347296355333853 2.98050881247077 8.18888066074897 1.53208888623795 -3.76222157658236 10.336618828645 -1.73205080756887 1.79678915588339 10.1900976734477 1.96961550602442 -4.65797985667433 8.06785777239235 -1.87938524157182 0 11.7320508075689 1.00000000000001 4.01519224698779 6.9545169739395 0.34729635533386 -5.21983054975528 6.22075181040388 -0.684040286651351 -2.06283359900237 11.6989106869187 -0.68404028665133 3.07818128993101 8.45723358707317 1.73205080756888 -3.65415699013771 10.0397138175456 -1.87938524157181 1.85526412589707 10.521725707789 1.87938524157182 -4.5 7.79422863405996 -1.73205080756888 0 11.8793852415718 0.684040286651344 4.06030737921409 7.03265867514564 0.684040286651336 -5.16183165374641 6.15163141771881 -0.347296355333875 -2.03724924303017 11.553814594027 -0.999999999999992 3.18624587637566 8.75413859817254 1.87938524157182 -3.53898378248446 9.72327803019216 -1.96961550602441 1.91012995433623 10.8328852831343 1.73205080756888 -4.35721239031346 7.54691323939156 -1.53208888623796 0 11.9696155060244 0.347296355333868 4.13397459621556 7.16025403784438 0.999999999999999 -2.00252621978828 11.3568905435931 -1.28557521937307 3.30141908402891 9.07057438552601 1.96961550602442 -3.42020143325669 9.39692620785909 -2 1.9597195707672 11.1141219732411 1.53208888623796 -4.23395555688102 7.33342614150652 -1.28557521937309 0 12 0 4.23395555688102 7.33342614150651 1.28557521937308 -1.9597195707672 11.1141219732411 -1.53208888623795 3.42020143325668 9.39692620785908 2 -3.30141908402892 9.07057438552603 -1.96961550602442 2.00252621978828 11.3568905435931 1.28557521937308 -4.13397459621556 7.16025403784439 -1.00000000000001 0 11.9696155060244 -0.347296355333853 4.35721239031346 7.54691323939154 1.53208888623795 -1.91012995433624 10.8328852831343 -1.73205080756887 3.53898378248445 9.72327803019215 1.96961550602442 -3.18624587637567 8.75413859817256 -1.87938524157182 2.03724924303017 11.553814594027 1.00000000000001 5.16183165374641 6.1516314177188 0.34729635533386 -4.06030737921409 7.03265867514564 -0.684040286651351 0 11.8793852415718 -0.68404028665133 4.5 7.79422863405995 1.73205080756888 -1.85526412589707 10.521725707789 -1.87938524157181 3.6541569901377 10.0397138175456 1.87938524157182 -3.07818128993102 8.45723358707319 -1.73205080756888 2.06283359900237 11.6989106869187 0.684040286651344 5.21983054975528 6.22075181040387 0.684040286651336 -4.01519224698779 6.9545169739395 -0.347296355333875 0 11.7320508075689 -0.999999999999992 4.65797985667433 8.06785777239234 1.87938524157182 3.76222157658235 10.336618828645 1.73205080756888 -1.7967891558834 10.1900976734478 -1.96961550602441 -2.98050881247078 8.18888066074899 -1.53208888623796 2.07850191999497 11.787770150908 0.347296355333868 5.31453529841255 6.3336165348519 0.999999999999999 0 11.532088886238 -1.28557521937307 4.82635182233307 8.35948657148351 1.96961550602442 -1.73648177666931 9.84807753012209 -2 3.85989405404259 10.6049717549692 1.53208888623796 -2.89619617279792 7.95723358707318 -1.28557521937309 2.08377813200316 11.8176930361465 0 5.44306834385318 6.48679625352285 1.28557521937308 0 11.2855752193731 -1.53208888623795 5 8.66025403784438 2 -1.67617439745521 9.50605738679642 -1.96961550602442 3.94420669371545 10.836618828645 1.28557521937308 -2.82780516780464 7.76933084516034 -1.00000000000001 2.07850191999497 11.787770150908 -0.347296355333853 5.60152427453232 6.67563667817757 1.53208888623795 0 11 -1.73205080756887 5.17364817766693 8.96102150420525 1.96961550602442 -1.61769942744154 9.17442935245516 -1.87938524157182 4.01259769870873 11.0245215705578 1.00000000000001 6.1516314177188 5.16183165374642 0.34729635533386 -2.77741382357015 7.63088176474011 -0.684040286651351 2.06283359900237 11.6989106869187 -0.68404028665133 5.78508848717885 6.8943999880708 1.73205080756888 0 10.6840402866513 -1.87938524157181 5.34202014332567 9.25265030329643 1.87938524157182 -1.56283359900237 8.86326977710988 -1.73205080756888 4.06298904294322 11.1629706509781 0.684040286651344 6.22075181040387 5.21983054975529 0.684040286651336 -2.74655325558976 7.54609305106244 -0.347296355333875 2.03724924303017 11.553814594027 -0.999999999999992 5.98818347607948 7.13643917073101 1.87938524157182 0 10.3472963553339 -1.96961550602441 5.5 9.52627944162882 1.73205080756888 -1.51324398257141 8.58203308700311 -1.53208888623796 4.09384961092361 11.2477593646557 0.347296355333868 6.3336165348519 5.31453529841256 0.999999999999999 2.00252621978828 11.3568905435931 -1.28557521937307 6.20463830276749 7.3943999880708 1.96961550602442 0 10 -2 5.64278760968654 9.77359483629722 1.53208888623796 -1.47043733355033 8.33926451665111 -1.28557521937309 4.10424171990802 11.2763114494309 0 6.48679625352285 5.44306834385319 1.28557521937308 1.9597195707672 11.1141219732411 -1.53208888623795 6.42787609686539 7.66044443118978 2 0 9.65270364466615 -1.96961550602442 5.76604444311898 9.98708193418226 1.28557521937308 -1.43571431030843 8.1423404662172 -1.00000000000001 4.09384961092361 11.2477593646557 -0.347296355333853 6.67563667817757 5.60152427453232 1.53208888623795 1.91012995433623 10.8328852831343 -1.73205080756887 6.65111389096329 7.92648887430876 1.96961550602442 0 9.31595971334867 -1.87938524157182 5.86602540378444 10.1602540378444 1.00000000000001 6.9545169739395 4.0151922469878 0.34729635533386 -1.41012995433623 7.99724437332544 -0.684040286651351 4.06298904294322 11.1629706509781 -0.68404028665133 6.8943999880708 5.78508848717886 1.73205080756888 1.85526412589707 10.521725707789 -1.87938524157181 6.8675687176513 8.18444969164855 1.87938524157182 0 9.00000000000001 -1.73205080756888 5.93969262078591 10.2878494005431 0.684040286651344 7.03265867514564 4.06030737921409 0.684040286651336 -1.39446163334363 7.90838490933617 -0.347296355333875 4.01259769870873 11.0245215705578 -0.999999999999992 7.13643917073101 5.98818347607949 1.87938524157182 1.79678915588339 10.1900976734478 -1.96961550602441 7.07066370655193 8.42648887430876 1.73205080756888 0 8.71442478062693 -1.53208888623796 5.98480775301221 10.3659911017493 0.347296355333868 7.16025403784438 4.13397459621556 0.999999999999999 3.94420669371545 10.836618828645 -1.28557521937307 7.3943999880708 6.20463830276749 1.96961550602442 1.7364817766693 9.84807753012209 -2 7.25422791919846 8.64525218420199 1.53208888623796 0 8.46791111376205 -1.28557521937309 6 10.3923048454133 0 7.33342614150651 4.23395555688102 1.28557521937308 3.85989405404259 10.6049717549692 -1.53208888623795 7.66044443118978 6.42787609686539 2 1.67617439745521 9.50605738679642 -1.96961550602442 7.4126838498776 8.83409260885671 1.28557521937308 0 8.26794919243113 -1.00000000000001 5.98480775301221 10.3659911017493 -0.347296355333853 7.54691323939154 4.35721239031346 1.53208888623795 3.76222157658235 10.336618828645 -1.73205080756887 7.92648887430875 6.65111389096329 1.96961550602442 1.61769942744153 9.17442935245516 -1.87938524157182 7.54121689531823 8.98727232752766 1.00000000000001 7.54609305106244 2.74655325558976 0.34729635533386 0 8.12061475842819 -0.684040286651351 5.93969262078591 10.2878494005431 -0.68404028665133 7.79422863405994 4.5 1.73205080756888 3.65415699013771 10.0397138175456 -1.87938524157181 8.18444969164854 6.8675687176513 1.87938524157182 1.56283359900237 8.86326977710988 -1.73205080756888 7.6359216439755 9.10013705197569 0.684040286651344 7.63088176474011 2.77741382357015 0.684040286651336 0 8.03038449397559 -0.347296355333875 5.86602540378444 10.1602540378444 -0.999999999999992 8.06785777239233 4.65797985667433 1.87938524157182 3.53898378248445 9.72327803019216 -1.96961550602441 8.42648887430875 7.07066370655193 1.73205080756888 1.5132439825714 8.58203308700311 -1.53208888623796 7.69392053998437 9.16925744466076 0.347296355333868 7.76933084516034 2.82780516780464 0.999999999999999 5.76604444311898 9.98708193418227 -1.28557521937307 8.35948657148351 4.82635182233307 1.96961550602442 3.42020143325669 9.3969262078591 -2 8.64525218420198 7.25422791919846 1.53208888623796 1.47043733355032 8.33926451665111 -1.28557521937309 7.71345131623847 9.19253331742774 0 7.95723358707317 2.89619617279792 1.28557521937308 5.64278760968654 9.77359483629723 -1.53208888623795 8.66025403784438 5 2 3.30141908402892 9.07057438552603 -1.96961550602442 8.83409260885671 7.4126838498776 1.28557521937308 1.43571431030843 8.1423404662172 -1.00000000000001 7.69392053998437 9.16925744466076 -0.347296355333853 8.18888066074897 2.98050881247078 1.53208888623795 5.50000000000001 9.52627944162883 -1.73205080756887 8.96102150420525 5.17364817766693 1.96961550602442 3.18624587637566 8.75413859817256 -1.87938524157182 8.98727232752765 7.54121689531823 1.00000000000001 7.90838490933617 1.39446163334364 0.34729635533386 1.41012995433623 7.99724437332544 -0.684040286651351 7.6359216439755 9.10013705197569 -0.68404028665133 8.45723358707317 3.07818128993102 1.73205080756888 5.34202014332567 9.25265030329644 -1.87938524157181 9.25265030329643 5.34202014332567 1.87938524157182 3.07818128993102 8.45723358707319 -1.73205080756888 9.10013705197568 7.6359216439755 0.684040286651344 7.99724437332543 1.41012995433623 0.684040286651336 1.39446163334363 7.90838490933617 -0.347296355333875 7.54121689531823 8.98727232752766 -0.999999999999992 8.75413859817254 3.18624587637566 1.87938524157182 5.17364817766694 8.96102150420526 -1.96961550602441 9.52627944162882 5.5 1.73205080756888 2.98050881247078 8.18888066074899 -1.53208888623796 9.16925744466075 7.69392053998437 0.347296355333868 8.14234046621719 1.43571431030843 0.999999999999999 7.4126838498776 8.83409260885672 -1.28557521937307 9.07057438552601 3.30141908402892 1.96961550602442 5.00000000000001 8.66025403784439 -2 9.77359483629722 5.64278760968654 1.53208888623796 2.89619617279792 7.95723358707319 -1.28557521937309 9.19253331742773 7.71345131623847 0 8.3392645166511 1.47043733355033 1.28557521937308 7.25422791919847 8.645252184202 -1.53208888623795 9.39692620785908 3.42020143325668 2 4.82635182233308 8.35948657148353 -1.96961550602442 9.98708193418226 5.76604444311898 1.28557521937308 2.82780516780464 7.76933084516034 -1.00000000000001 9.16925744466076 7.69392053998438 -0.347296355333853 8.5820330870031 1.5132439825714 1.53208888623795 7.07066370655194 8.42648887430877 -1.73205080756887 9.72327803019215 3.53898378248445 1.96961550602442 4.65797985667434 8.06785777239235 -1.87938524157182 10.1602540378444 5.86602540378444 1.00000000000001 2.77741382357014 7.63088176474011 -0.684040286651351 9.10013705197569 7.63592164397551 -0.68404028665133 8.86326977710987 1.56283359900237 1.73205080756888 6.86756871765131 8.18444969164856 -1.87938524157181 10.0397138175456 3.65415699013771 1.87938524157182 4.50000000000001 7.79422863405996 -1.73205080756888 10.2878494005431 5.93969262078591 0.684040286651344 2.74655325558975 7.54609305106244 -0.347296355333875 8.98727232752766 7.54121689531824 -0.999999999999992 9.17442935245515 1.61769942744153 1.87938524157182 6.6511138909633 7.92648887430877 -1.96961550602441 10.336618828645 3.76222157658235 1.73205080756888 4.35721239031347 7.54691323939156 -1.53208888623796 10.3659911017493 5.98480775301221 0.347296355333868 8.83409260885671 7.41268384987761 -1.28557521937307 9.50605738679641 1.67617439745521 1.96961550602442 6.4278760968654 7.66044443118979 -2 10.6049717549692 3.85989405404259 1.53208888623796 4.23395555688103 7.33342614150652 -1.28557521937309 10.3923048454133 6.00000000000001 0 8.64525218420199 7.25422791919847 -1.53208888623795 9.84807753012208 1.7364817766693 2 6.2046383027675 7.39439998807081 -1.96961550602442 10.836618828645 3.94420669371545 1.28557521937308 4.13397459621557 7.16025403784439 -1.00000000000001 10.3659911017493 5.98480775301221 -0.347296355333853 8.42648887430876 7.07066370655194 -1.73205080756887 10.1900976734477 1.79678915588339 1.96961550602442 5.98818347607949 7.13643917073102 -1.87938524157182 11.0245215705578 4.01259769870873 1.00000000000001 4.06030737921409 7.03265867514564 -0.684040286651351 10.2878494005431 5.93969262078592 -0.68404028665133 8.18444969164856 6.86756871765131 -1.87938524157181 10.521725707789 1.85526412589707 1.87938524157182 5.78508848717886 6.89439998807081 -1.73205080756888 11.1629706509781 4.06298904294322 0.684040286651344 4.01519224698779 6.9545169739395 -0.347296355333875 10.1602540378444 5.86602540378445 -0.999999999999992 7.92648887430876 6.6511138909633 -1.96961550602441 10.8328852831343 1.91012995433623 1.73205080756888 5.60152427453233 6.67563667817758 -1.53208888623796 11.2477593646557 4.09384961092362 0.347296355333868 9.98708193418226 5.76604444311899 -1.28557521937307 7.66044443118979 6.4278760968654 -2 11.1141219732411 1.9597195707672 1.53208888623796 5.44306834385319 6.48679625352286 -1.28557521937309 11.2763114494309 4.10424171990802 0 9.77359483629723 5.64278760968655 -1.53208888623795 7.39439998807081 6.2046383027675 -1.96961550602442 11.3568905435931 2.00252621978828 1.28557521937308 5.31453529841256 6.33361653485191 -1.00000000000001 11.2477593646557 4.09384961092362 -0.347296355333853 9.52627944162883 5.50000000000001 -1.73205080756887 7.13643917073102 5.98818347607949 -1.87938524157182 11.553814594027 2.03724924303017 1.00000000000001 5.21983054975529 6.22075181040388 -0.684040286651351 11.1629706509781 4.06298904294323 -0.68404028665133 9.25265030329644 5.34202014332568 -1.87938524157181 6.89439998807081 5.78508848717886 -1.73205080756888 11.6989106869187 2.06283359900237 0.684040286651344 5.16183165374642 6.1516314177188 -0.347296355333875 11.0245215705578 4.01259769870873 -0.999999999999992 8.96102150420526 5.17364817766694 -1.96961550602441 6.67563667817758 5.60152427453233 -1.53208888623796 11.787770150908 2.07850191999497 0.347296355333868 10.836618828645 3.94420669371546 -1.28557521937307 8.66025403784439 5.00000000000001 -2 6.48679625352286 5.44306834385319 -1.28557521937309 11.8176930361465 2.08377813200316 0 10.6049717549692 3.8598940540426 -1.53208888623795 8.35948657148352 4.82635182233308 -1.96961550602442 6.33361653485191 5.31453529841256 -1.00000000000001 11.787770150908 2.07850191999497 -0.347296355333853 10.336618828645 3.76222157658236 -1.73205080756887 8.06785777239235 4.65797985667434 -1.87938524157182 6.22075181040387 5.21983054975529 -0.684040286651351 11.6989106869187 2.06283359900237 -0.68404028665133 10.0397138175456 3.65415699013771 -1.87938524157181 7.79422863405995 4.50000000000001 -1.73205080756888 6.1516314177188 5.16183165374642 -0.347296355333875 11.553814594027 2.03724924303018 -0.999999999999992 9.72327803019216 3.53898378248446 -1.96961550602441 7.54691323939155 4.35721239031347 -1.53208888623796 11.3568905435931 2.00252621978828 -1.28557521937307 9.39692620785909 3.42020143325669 -2 7.33342614150652 4.23395555688103 -1.28557521937309 11.1141219732411 1.9597195707672 -1.53208888623795 9.07057438552603 3.30141908402892 -1.96961550602442 7.16025403784439 4.13397459621557 -1.00000000000001 10.8328852831343 1.91012995433624 -1.73205080756887 8.75413859817256 3.18624587637567 -1.87938524157182 7.03265867514564 4.0603073792141 -0.684040286651351 10.521725707789 1.85526412589708 -1.87938524157181 8.45723358707319 3.07818128993102 -1.73205080756888 6.9545169739395 4.0151922469878 -0.347296355333875 10.1900976734478 1.7967891558834 -1.96961550602441 8.18888066074899 2.98050881247078 -1.53208888623796 9.84807753012209 1.73648177666931 -2 7.95723358707318 2.89619617279792 -1.28557521937309 9.50605738679642 1.67617439745521 -1.96961550602442 7.76933084516034 2.82780516780464 -1.00000000000001 9.17442935245516 1.61769942744154 -1.87938524157182 7.63088176474011 2.77741382357015 -0.684040286651351 8.86326977710988 1.56283359900238 -1.73205080756888 7.54609305106244 2.74655325558976 -0.347296355333875 8.58203308700311 1.51324398257141 -1.53208888623796 8.33926451665111 1.47043733355033 -1.28557521937309 8.1423404662172 1.43571431030843 -1.00000000000001 7.99724437332544 1.41012995433623 -0.684040286651351 7.90838490933617 1.39446163334364 -0.347296355333875 6.28318530717959 9.42477796076938 6.10865238198015 9.42477796076938 5.93411945678072 9.42477796076938 5.75958653158129 9.42477796076938 5.58505360638185 9.42477796076938 5.41052068118242 9.42477796076938 5.23598775598299 9.42477796076938 5.06145483078356 9.42477796076938 4.88692190558412 9.42477796076938 4.71238898038469 9.42477796076938 4.53785605518526 9.42477796076938 4.36332312998582 9.42477796076938 4.18879020478639 9.42477796076938 4.01425727958696 9.42477796076938 3.83972435438753 9.42477796076938 3.66519142918809 9.42477796076938 3.49065850398866 9.42477796076938 3.31612557878923 9.42477796076938 3.14159265358979 9.42477796076938 2.96705972839036 9.42477796076938 2.79252680319093 9.42477796076938 2.6179938779915 9.42477796076938 2.44346095279206 9.42477796076938 2.26892802759263 9.42477796076938 2.0943951023932 9.42477796076938 1.91986217719376 9.42477796076938 1.74532925199433 9.42477796076938 1.5707963267949 9.42477796076938 1.39626340159547 9.42477796076938 1.22173047639603 9.42477796076938 1.0471975511966 9.42477796076938 0.872664625997168 9.42477796076938 0.698131700797735 9.42477796076938 0.523598775598303 9.42477796076938 0.34906585039887 9.42477796076938 0.174532925199437 9.42477796076938 -4.13891143580258e-13 9.42477796076938 0 3.14159265358979 -4.13891143580258e-13 3.31612557878923 -4.13891143580258e-13 3.49065850398866 -4.13891143580258e-13 3.66519142918809 -4.13891143580258e-13 3.83972435438752 -4.13891143580258e-13 4.01425727958696 -4.13891143580258e-13 4.18879020478639 -4.13891143580258e-13 4.36332312998582 -4.13891143580258e-13 4.53785605518526 -4.13891143580258e-13 4.71238898038469 -4.13891143580258e-13 4.88692190558412 -4.13891143580258e-13 5.06145483078355 -4.13891143580258e-13 5.23598775598299 -4.13891143580258e-13 5.41052068118242 -4.13891143580258e-13 5.58505360638185 -4.13891143580258e-13 5.75958653158128 -4.13891143580258e-13 5.93411945678072 -4.13891143580258e-13 6.10865238198015 -4.13891143580258e-13 6.28318530717958 -4.13891143580258e-13 6.45771823237902 -4.13891143580258e-13 6.63225115757845 -4.13891143580258e-13 6.80678408277788 -4.13891143580258e-13 6.98131700797731 -4.13891143580258e-13 7.15584993317675 -4.13891143580258e-13 7.33038285837618 -4.13891143580258e-13 7.50491578357561 -4.13891143580258e-13 7.67944870877504 -4.13891143580258e-13 7.85398163397448 -4.13891143580258e-13 8.02851455917391 -4.13891143580258e-13 8.20304748437334 -4.13891143580258e-13 8.37758040957278 -4.13891143580258e-13 8.55211333477221 -4.13891143580258e-13 8.72664625997164 -4.13891143580258e-13 8.90117918517107 -4.13891143580258e-13 9.07571211037051 -4.13891143580258e-13 9.25024503556994 6.28318530717959 3.14159265358979 6.10865238198015 3.14159265358979 5.93411945678072 3.14159265358979 5.75958653158129 3.14159265358979 5.58505360638185 3.14159265358979 5.41052068118242 3.14159265358979 5.23598775598299 3.14159265358979 5.06145483078356 3.14159265358979 4.88692190558412 3.14159265358979 4.71238898038469 3.14159265358979 4.53785605518526 3.14159265358979 4.36332312998582 3.14159265358979 4.18879020478639 3.14159265358979 4.01425727958696 3.14159265358979 3.83972435438753 3.14159265358979 3.66519142918809 3.14159265358979 3.49065850398866 3.14159265358979 3.31612557878923 3.14159265358979 3.14159265358979 3.14159265358979 2.96705972839036 3.14159265358979 2.79252680319093 3.14159265358979 2.6179938779915 3.14159265358979 2.44346095279206 3.14159265358979 2.26892802759263 3.14159265358979 2.0943951023932 3.14159265358979 1.91986217719376 3.14159265358979 1.74532925199433 3.14159265358979 1.5707963267949 3.14159265358979 1.39626340159547 3.14159265358979 1.22173047639603 3.14159265358979 1.0471975511966 3.14159265358979 0.872664625997168 3.14159265358979 0.698131700797735 3.14159265358979 0.523598775598303 3.14159265358979 0.34906585039887 3.14159265358979 0.174532925199437 3.14159265358979 6.28318530717959 3.31612557878923 6.28318530717959 3.49065850398866 6.28318530717959 3.66519142918809 6.28318530717959 3.83972435438752 6.28318530717959 4.01425727958696 6.28318530717959 4.18879020478639 6.28318530717959 4.36332312998582 6.28318530717959 4.53785605518526 6.28318530717959 4.71238898038469 6.28318530717959 4.88692190558412 6.28318530717959 5.06145483078355 6.28318530717959 5.23598775598299 6.28318530717959 5.41052068118242 6.28318530717959 5.58505360638185 6.28318530717959 5.75958653158128 6.28318530717959 5.93411945678072 6.28318530717959 6.10865238198015 6.28318530717959 6.28318530717958 6.28318530717959 6.45771823237902 6.28318530717959 6.63225115757845 6.28318530717959 6.80678408277788 6.28318530717959 6.98131700797731 6.28318530717959 7.15584993317675 6.28318530717959 7.33038285837618 6.28318530717959 7.50491578357561 6.28318530717959 7.67944870877504 6.28318530717959 7.85398163397448 6.28318530717959 8.02851455917391 6.28318530717959 8.20304748437334 6.28318530717959 8.37758040957278 6.28318530717959 8.55211333477221 6.28318530717959 8.72664625997164 6.28318530717959 8.90117918517107 6.28318530717959 9.07571211037051 6.28318530717959 9.25024503556994 0.174532925199437 3.31612557878923 0.174532925199437 3.49065850398866 0.174532925199437 3.66519142918809 0.174532925199437 3.83972435438752 0.174532925199437 4.01425727958696 0.34906585039887 3.31612557878923 0.174532925199437 4.18879020478639 0.34906585039887 3.49065850398866 0.174532925199437 4.36332312998582 0.34906585039887 3.66519142918809 0.174532925199437 4.53785605518526 0.34906585039887 3.83972435438752 0.174532925199437 4.71238898038469 0.34906585039887 4.01425727958696 0.174532925199437 4.88692190558412 0.523598775598303 3.31612557878923 0.34906585039887 4.18879020478639 0.174532925199437 5.06145483078355 0.523598775598303 3.49065850398866 0.34906585039887 4.36332312998582 0.174532925199437 5.23598775598299 0.523598775598303 3.66519142918809 0.34906585039887 4.53785605518526 0.174532925199437 5.41052068118242 0.523598775598303 3.83972435438752 0.34906585039887 4.71238898038469 0.174532925199437 5.58505360638185 0.523598775598303 4.01425727958696 0.34906585039887 4.88692190558412 0.174532925199437 5.75958653158128 0.698131700797735 3.31612557878923 0.523598775598303 4.18879020478639 0.34906585039887 5.06145483078355 0.698131700797735 3.49065850398866 0.174532925199437 5.93411945678072 0.523598775598303 4.36332312998582 0.34906585039887 5.23598775598299 0.698131700797735 3.66519142918809 0.174532925199437 6.10865238198015 0.523598775598303 4.53785605518526 0.34906585039887 5.41052068118242 0.174532925199437 6.28318530717958 0.698131700797735 3.83972435438752 0.523598775598303 4.71238898038469 0.34906585039887 5.58505360638185 0.174532925199437 6.45771823237902 0.698131700797735 4.01425727958696 0.523598775598303 4.88692190558412 0.34906585039887 5.75958653158128 0.872664625997168 3.31612557878923 0.174532925199437 6.63225115757845 0.698131700797735 4.18879020478639 0.523598775598303 5.06145483078355 0.34906585039887 5.93411945678072 0.872664625997168 3.49065850398866 0.174532925199437 6.80678408277788 0.698131700797735 4.36332312998582 0.523598775598303 5.23598775598299 0.34906585039887 6.10865238198015 0.872664625997168 3.66519142918809 0.698131700797735 4.53785605518526 0.174532925199437 6.98131700797731 0.523598775598303 5.41052068118242 0.872664625997168 3.83972435438752 0.34906585039887 6.28318530717958 0.698131700797735 4.71238898038469 0.174532925199437 7.15584993317675 0.523598775598303 5.58505360638185 0.34906585039887 6.45771823237902 0.872664625997168 4.01425727958696 0.174532925199437 7.33038285837618 0.698131700797735 4.88692190558412 0.523598775598303 5.75958653158128 1.0471975511966 3.31612557878923 0.872664625997168 4.18879020478639 0.34906585039887 6.63225115757845 0.174532925199437 7.50491578357561 0.698131700797735 5.06145483078355 0.523598775598303 5.93411945678072 1.0471975511966 3.49065850398866 0.34906585039887 6.80678408277788 0.872664625997168 4.36332312998582 0.698131700797735 5.23598775598299 0.174532925199437 7.67944870877504 1.0471975511966 3.66519142918809 0.523598775598303 6.10865238198015 0.34906585039887 6.98131700797731 0.872664625997168 4.53785605518526 0.174532925199437 7.85398163397448 0.698131700797735 5.41052068118242 0.523598775598303 6.28318530717958 1.0471975511966 3.83972435438752 0.34906585039887 7.15584993317675 0.872664625997168 4.71238898038469 0.698131700797735 5.58505360638185 0.174532925199437 8.02851455917391 0.523598775598303 6.45771823237902 1.0471975511966 4.01425727958696 0.34906585039887 7.33038285837618 0.872664625997168 4.88692190558412 1.22173047639603 3.31612557878923 0.698131700797735 5.75958653158128 0.174532925199437 8.20304748437334 1.0471975511966 4.18879020478639 0.523598775598303 6.63225115757845 0.34906585039887 7.50491578357561 0.872664625997168 5.06145483078355 0.174532925199437 8.37758040957278 1.22173047639603 3.49065850398866 0.698131700797735 5.93411945678072 0.523598775598303 6.80678408277788 1.0471975511966 4.36332312998582 0.34906585039887 7.67944870877504 0.872664625997168 5.23598775598299 0.174532925199437 8.55211333477221 1.22173047639603 3.66519142918809 0.698131700797735 6.10865238198015 1.0471975511966 4.53785605518526 0.523598775598303 6.98131700797731 0.34906585039887 7.85398163397448 0.872664625997168 5.41052068118242 1.22173047639603 3.83972435438752 0.174532925199437 8.72664625997164 0.698131700797735 6.28318530717958 0.523598775598303 7.15584993317675 1.0471975511966 4.71238898038469 0.872664625997168 5.58505360638185 0.34906585039887 8.02851455917391 0.174532925199437 8.90117918517107 1.22173047639603 4.01425727958696 0.698131700797735 6.45771823237902 0.523598775598303 7.33038285837618 1.0471975511966 4.88692190558412 1.39626340159547 3.31612557878923 0.34906585039887 8.20304748437334 0.872664625997168 5.75958653158128 0.698131700797735 6.63225115757845 1.22173047639603 4.18879020478639 0.174532925199437 9.07571211037051 0.523598775598303 7.50491578357561 1.0471975511966 5.06145483078355 0.34906585039887 8.37758040957278 1.39626340159547 3.49065850398866 0.872664625997168 5.93411945678072 0.174532925199437 9.25024503556994 0.698131700797735 6.80678408277788 1.22173047639603 4.36332312998582 1.0471975511966 5.23598775598299 0.523598775598303 7.67944870877504 0.872664625997168 6.10865238198015 0.34906585039887 8.55211333477221 1.39626340159547 3.66519142918809 0.698131700797735 6.98131700797731 1.22173047639603 4.53785605518526 0.523598775598303 7.85398163397448 1.0471975511966 5.41052068118242 0.34906585039887 8.72664625997164 0.872664625997168 6.28318530717958 1.39626340159547 3.83972435438752 0.698131700797735 7.15584993317675 1.22173047639603 4.71238898038469 0.523598775598303 8.02851455917391 1.0471975511966 5.58505360638185 0.34906585039887 8.90117918517107 1.39626340159547 4.01425727958696 0.872664625997168 6.45771823237902 0.698131700797735 7.33038285837618 1.22173047639603 4.88692190558412 1.0471975511966 5.75958653158128 0.523598775598303 8.20304748437334 1.5707963267949 3.31612557878923 0.872664625997168 6.63225115757845 0.34906585039887 9.07571211037051 1.39626340159547 4.18879020478639 1.22173047639603 5.06145483078355 0.698131700797735 7.50491578357561 1.0471975511966 5.93411945678072 0.523598775598303 8.37758040957278 1.5707963267949 3.49065850398866 0.34906585039887 9.25024503556994 1.39626340159547 4.36332312998582 0.872664625997168 6.80678408277788 1.22173047639603 5.23598775598299 0.698131700797735 7.67944870877504 1.5707963267949 3.66519142918809 1.0471975511966 6.10865238198015 0.523598775598303 8.55211333477221 1.39626340159547 4.53785605518526 0.872664625997168 6.98131700797731 0.698131700797735 7.85398163397448 1.22173047639603 5.41052068118242 0.523598775598303 8.72664625997164 1.0471975511966 6.28318530717958 1.5707963267949 3.83972435438752 0.872664625997168 7.15584993317675 1.39626340159547 4.71238898038469 0.698131700797735 8.02851455917391 1.22173047639603 5.58505360638185 1.5707963267949 4.01425727958696 0.523598775598303 8.90117918517107 1.0471975511966 6.45771823237902 1.39626340159547 4.88692190558412 0.872664625997168 7.33038285837618 0.698131700797735 8.20304748437334 1.74532925199433 3.31612557878923 1.22173047639603 5.75958653158128 1.5707963267949 4.18879020478639 0.523598775598303 9.07571211037051 1.0471975511966 6.63225115757845 0.872664625997168 7.50491578357561 1.39626340159547 5.06145483078355 0.698131700797735 8.37758040957278 1.74532925199433 3.49065850398866 1.22173047639603 5.93411945678072 0.523598775598303 9.25024503556994 1.5707963267949 4.36332312998582 1.0471975511966 6.80678408277788 1.39626340159547 5.23598775598299 0.872664625997168 7.67944870877504 1.74532925199433 3.66519142918809 1.22173047639603 6.10865238198015 0.698131700797735 8.55211333477221 1.0471975511966 6.98131700797731 1.5707963267949 4.53785605518526 1.39626340159547 5.41052068118242 0.872664625997168 7.85398163397448 1.74532925199433 3.83972435438752 0.698131700797735 8.72664625997164 1.22173047639603 6.28318530717958 1.5707963267949 4.71238898038469 1.0471975511966 7.15584993317675 0.872664625997168 8.02851455917391 1.39626340159547 5.58505360638185 0.698131700797735 8.90117918517107 1.74532925199433 4.01425727958696 1.22173047639603 6.45771823237902 1.0471975511966 7.33038285837618 1.5707963267949 4.88692190558412 1.39626340159547 5.75958653158128 0.872664625997168 8.20304748437334 1.91986217719376 3.31612557878923 0.698131700797735 9.07571211037051 1.22173047639603 6.63225115757845 1.74532925199433 4.18879020478639 1.0471975511966 7.50491578357561 1.5707963267949 5.06145483078355 1.39626340159547 5.93411945678072 0.872664625997168 8.37758040957278 1.91986217719376 3.49065850398866 1.74532925199433 4.36332312998582 0.698131700797735 9.25024503556994 1.22173047639603 6.80678408277788 1.5707963267949 5.23598775598299 1.0471975511966 7.67944870877504 1.39626340159547 6.10865238198015 1.91986217719376 3.66519142918809 0.872664625997168 8.55211333477221 1.74532925199433 4.53785605518526 1.22173047639603 6.98131700797731 1.5707963267949 5.41052068118242 1.0471975511966 7.85398163397448 1.39626340159547 6.28318530717958 0.872664625997168 8.72664625997164 1.91986217719376 3.83972435438752 1.74532925199433 4.71238898038469 1.22173047639603 7.15584993317675 1.5707963267949 5.58505360638185 1.0471975511966 8.02851455917391 0.872664625997168 8.90117918517107 1.39626340159547 6.45771823237902 1.91986217719376 4.01425727958696 1.74532925199433 4.88692190558412 1.22173047639603 7.33038285837618 1.5707963267949 5.75958653158128 1.0471975511966 8.20304748437334 2.0943951023932 3.31612557878923 1.39626340159547 6.63225115757845 0.872664625997168 9.07571211037051 1.91986217719376 4.18879020478639 1.22173047639603 7.50491578357561 1.74532925199433 5.06145483078355 1.0471975511966 8.37758040957278 1.5707963267949 5.93411945678072 2.0943951023932 3.49065850398866 0.872664625997168 9.25024503556994 1.39626340159547 6.80678408277788 1.91986217719376 4.36332312998582 1.74532925199433 5.23598775598299 1.22173047639603 7.67944870877504 1.0471975511966 8.55211333477221 1.5707963267949 6.10865238198015 2.0943951023932 3.66519142918809 1.91986217719376 4.53785605518526 1.39626340159547 6.98131700797731 1.22173047639603 7.85398163397448 1.74532925199433 5.41052068118242 1.5707963267949 6.28318530717958 1.0471975511966 8.72664625997164 2.0943951023932 3.83972435438752 1.39626340159547 7.15584993317675 1.91986217719376 4.71238898038469 1.74532925199433 5.58505360638185 1.22173047639603 8.02851455917391 2.0943951023932 4.01425727958696 1.0471975511966 8.90117918517107 1.5707963267949 6.45771823237902 1.39626340159547 7.33038285837618 1.91986217719376 4.88692190558412 1.74532925199433 5.75958653158128 2.26892802759263 3.31612557878923 1.22173047639603 8.20304748437334 1.5707963267949 6.63225115757845 2.0943951023932 4.18879020478639 1.0471975511966 9.07571211037051 1.39626340159547 7.50491578357561 1.91986217719376 5.06145483078355 1.74532925199433 5.93411945678072 2.26892802759263 3.49065850398866 1.22173047639603 8.37758040957278 1.0471975511966 9.25024503556994 2.0943951023932 4.36332312998582 1.5707963267949 6.80678408277788 1.39626340159547 7.67944870877504 1.91986217719376 5.23598775598299 1.74532925199433 6.10865238198015 2.26892802759263 3.66519142918809 1.22173047639603 8.55211333477221 1.5707963267949 6.98131700797731 2.0943951023932 4.53785605518526 1.39626340159547 7.85398163397448 1.91986217719376 5.41052068118242 1.74532925199433 6.28318530717958 1.22173047639603 8.72664625997164 2.26892802759263 3.83972435438752 2.0943951023932 4.71238898038469 1.5707963267949 7.15584993317675 1.39626340159547 8.02851455917391 1.91986217719376 5.58505360638185 1.22173047639603 8.90117918517107 1.74532925199433 6.45771823237902 2.26892802759263 4.01425727958696 1.5707963267949 7.33038285837618 2.0943951023932 4.88692190558412 1.39626340159547 8.20304748437334 1.91986217719376 5.75958653158128 2.44346095279206 3.31612557878923 1.74532925199433 6.63225115757845 2.26892802759263 4.18879020478639 1.22173047639603 9.07571211037051 1.5707963267949 7.50491578357561 2.0943951023932 5.06145483078355 1.39626340159547 8.37758040957278 1.91986217719376 5.93411945678072 2.44346095279206 3.49065850398866 1.74532925199433 6.80678408277788 2.26892802759263 4.36332312998582 1.22173047639603 9.25024503556994 1.5707963267949 7.67944870877504 2.0943951023932 5.23598775598299 1.39626340159547 8.55211333477221 1.91986217719376 6.10865238198015 2.44346095279206 3.66519142918809 1.74532925199433 6.98131700797731 2.26892802759263 4.53785605518526 1.5707963267949 7.85398163397448 2.0943951023932 5.41052068118242 1.39626340159547 8.72664625997164 1.91986217719376 6.28318530717958 2.44346095279206 3.83972435438752 1.74532925199433 7.15584993317675 2.26892802759263 4.71238898038469 1.5707963267949 8.02851455917391 2.0943951023932 5.58505360638185 1.39626340159547 8.90117918517107 1.91986217719376 6.45771823237902 2.44346095279206 4.01425727958696 1.74532925199433 7.33038285837618 2.26892802759263 4.88692190558412 1.5707963267949 8.20304748437334 2.0943951023932 5.75958653158128 2.6179938779915 3.31612557878923 1.39626340159547 9.07571211037051 1.91986217719376 6.63225115757845 2.44346095279206 4.18879020478639 1.74532925199433 7.50491578357561 2.26892802759263 5.06145483078355 1.5707963267949 8.37758040957278 2.6179938779915 3.49065850398866 2.0943951023932 5.93411945678072 1.39626340159547 9.25024503556994 1.91986217719376 6.80678408277788 2.44346095279206 4.36332312998582 1.74532925199433 7.67944870877504 2.26892802759263 5.23598775598299 1.5707963267949 8.55211333477221 2.6179938779915 3.66519142918809 2.0943951023932 6.10865238198015 1.91986217719376 6.98131700797731 2.44346095279206 4.53785605518526 1.74532925199433 7.85398163397448 2.26892802759263 5.41052068118242 1.5707963267949 8.72664625997164 2.0943951023932 6.28318530717958 2.6179938779915 3.83972435438752 1.91986217719376 7.15584993317675 2.44346095279206 4.71238898038469 1.74532925199433 8.02851455917391 2.26892802759263 5.58505360638185 1.5707963267949 8.90117918517107 2.0943951023932 6.45771823237902 2.6179938779915 4.01425727958696 1.91986217719376 7.33038285837618 2.44346095279206 4.88692190558412 1.74532925199433 8.20304748437334 2.26892802759263 5.75958653158128 2.79252680319093 3.31612557878923 1.5707963267949 9.07571211037051 2.0943951023932 6.63225115757845 2.6179938779915 4.18879020478639 1.91986217719376 7.50491578357561 2.44346095279206 5.06145483078355 1.74532925199433 8.37758040957278 2.26892802759263 5.93411945678072 2.79252680319093 3.49065850398866 1.5707963267949 9.25024503556994 2.0943951023932 6.80678408277788 2.6179938779915 4.36332312998582 1.91986217719376 7.67944870877504 2.44346095279206 5.23598775598299 1.74532925199433 8.55211333477221 2.26892802759263 6.10865238198015 2.79252680319093 3.66519142918809 2.0943951023932 6.98131700797731 2.6179938779915 4.53785605518526 1.91986217719376 7.85398163397448 2.44346095279206 5.41052068118242 1.74532925199433 8.72664625997164 2.26892802759263 6.28318530717958 2.79252680319093 3.83972435438752 2.0943951023932 7.15584993317675 2.6179938779915 4.71238898038469 1.91986217719376 8.02851455917391 2.44346095279206 5.58505360638185 1.74532925199433 8.90117918517107 2.26892802759263 6.45771823237902 2.79252680319093 4.01425727958696 2.0943951023932 7.33038285837618 2.6179938779915 4.88692190558412 1.91986217719376 8.20304748437334 2.44346095279206 5.75958653158128 2.96705972839036 3.31612557878923 1.74532925199433 9.07571211037051 2.26892802759263 6.63225115757845 2.79252680319093 4.18879020478639 2.0943951023932 7.50491578357561 2.6179938779915 5.06145483078355 1.91986217719376 8.37758040957278 2.96705972839036 3.49065850398866 2.44346095279206 5.93411945678072 1.74532925199433 9.25024503556994 2.26892802759263 6.80678408277788 2.79252680319093 4.36332312998582 2.0943951023932 7.67944870877504 2.6179938779915 5.23598775598299 1.91986217719376 8.55211333477221 2.96705972839036 3.66519142918809 2.44346095279206 6.10865238198015 2.26892802759263 6.98131700797731 2.79252680319093 4.53785605518526 2.0943951023932 7.85398163397448 2.6179938779915 5.41052068118242 1.91986217719376 8.72664625997164 2.44346095279206 6.28318530717958 2.96705972839036 3.83972435438752 2.26892802759263 7.15584993317675 2.79252680319093 4.71238898038469 2.0943951023932 8.02851455917391 2.6179938779915 5.58505360638185 1.91986217719376 8.90117918517107 2.44346095279206 6.45771823237902 2.96705972839036 4.01425727958696 2.26892802759263 7.33038285837618 2.79252680319093 4.88692190558412 2.0943951023932 8.20304748437334 2.6179938779915 5.75958653158128 3.14159265358979 3.31612557878923 1.91986217719376 9.07571211037051 2.96705972839036 4.18879020478639 2.44346095279206 6.63225115757845 2.26892802759263 7.50491578357561 2.79252680319093 5.06145483078355 2.0943951023932 8.37758040957278 3.14159265358979 3.49065850398866 2.6179938779915 5.93411945678072 1.91986217719376 9.25024503556994 2.96705972839036 4.36332312998582 2.44346095279206 6.80678408277788 2.26892802759263 7.67944870877504 2.79252680319093 5.23598775598299 2.0943951023932 8.55211333477221 3.14159265358979 3.66519142918809 2.6179938779915 6.10865238198015 2.44346095279206 6.98131700797731 2.96705972839036 4.53785605518526 2.26892802759263 7.85398163397448 2.79252680319093 5.41052068118242 2.6179938779915 6.28318530717958 2.0943951023932 8.72664625997164 3.14159265358979 3.83972435438752 2.96705972839036 4.71238898038469 2.44346095279206 7.15584993317675 2.26892802759263 8.02851455917391 2.79252680319093 5.58505360638185 2.6179938779915 6.45771823237902 3.14159265358979 4.01425727958696 2.0943951023932 8.90117918517107 2.44346095279206 7.33038285837618 2.96705972839036 4.88692190558412 2.26892802759263 8.20304748437334 2.79252680319093 5.75958653158128 3.31612557878923 3.31612557878923 3.14159265358979 4.18879020478639 2.0943951023932 9.07571211037051 2.6179938779915 6.63225115757845 2.44346095279206 7.50491578357561 2.96705972839036 5.06145483078355 2.26892802759263 8.37758040957278 2.79252680319093 5.93411945678072 3.31612557878923 3.49065850398866 2.0943951023932 9.25024503556994 3.14159265358979 4.36332312998582 2.6179938779915 6.80678408277788 2.96705972839036 5.23598775598299 2.44346095279206 7.67944870877504 2.26892802759263 8.55211333477221 2.79252680319093 6.10865238198015 3.31612557878923 3.66519142918809 2.6179938779915 6.98131700797731 3.14159265358979 4.53785605518526 2.96705972839036 5.41052068118242 2.44346095279206 7.85398163397448 2.26892802759263 8.72664625997164 2.79252680319093 6.28318530717958 3.31612557878923 3.83972435438752 2.6179938779915 7.15584993317675 3.14159265358979 4.71238898038469 2.96705972839036 5.58505360638185 2.44346095279206 8.02851455917391 2.26892802759263 8.90117918517107 2.79252680319093 6.45771823237902 3.31612557878923 4.01425727958696 2.6179938779915 7.33038285837618 3.14159265358979 4.88692190558412 2.96705972839036 5.75958653158128 3.49065850398866 3.31612557878923 2.44346095279206 8.20304748437334 2.26892802759263 9.07571211037051 2.79252680319093 6.63225115757845 3.31612557878923 4.18879020478639 2.6179938779915 7.50491578357561 3.14159265358979 5.06145483078355 2.44346095279206 8.37758040957278 2.96705972839036 5.93411945678072 3.49065850398866 3.49065850398866 2.26892802759263 9.25024503556994 2.79252680319093 6.80678408277788 3.31612557878923 4.36332312998582 2.6179938779915 7.67944870877504 3.14159265358979 5.23598775598299 2.96705972839036 6.10865238198015 2.44346095279206 8.55211333477221 3.49065850398866 3.66519142918809 2.79252680319093 6.98131700797731 3.31612557878923 4.53785605518526 2.6179938779915 7.85398163397448 3.14159265358979 5.41052068118242 2.96705972839036 6.28318530717958 3.49065850398866 3.83972435438752 2.44346095279206 8.72664625997164 2.79252680319093 7.15584993317675 3.31612557878923 4.71238898038469 2.6179938779915 8.02851455917391 3.14159265358979 5.58505360638185 2.96705972839036 6.45771823237902 3.49065850398866 4.01425727958696 2.44346095279206 8.90117918517107 2.79252680319093 7.33038285837618 3.31612557878923 4.88692190558412 2.6179938779915 8.20304748437334 3.14159265358979 5.75958653158128 3.66519142918809 3.31612557878923 2.96705972839036 6.63225115757845 3.49065850398866 4.18879020478639 2.44346095279206 9.07571211037051 2.79252680319093 7.50491578357561 3.31612557878923 5.06145483078355 2.6179938779915 8.37758040957278 3.14159265358979 5.93411945678072 3.66519142918809 3.49065850398866 2.44346095279206 9.25024503556994 2.96705972839036 6.80678408277788 3.49065850398866 4.36332312998582 2.79252680319093 7.67944870877504 3.31612557878923 5.23598775598299 2.6179938779915 8.55211333477221 3.14159265358979 6.10865238198015 3.66519142918809 3.66519142918809 2.96705972839036 6.98131700797731 3.49065850398866 4.53785605518526 2.79252680319093 7.85398163397448 3.31612557878923 5.41052068118242 2.6179938779915 8.72664625997164 3.14159265358979 6.28318530717958 3.66519142918809 3.83972435438752 2.96705972839036 7.15584993317675 3.49065850398866 4.71238898038469 2.79252680319093 8.02851455917391 3.31612557878923 5.58505360638185 2.6179938779915 8.90117918517107 3.14159265358979 6.45771823237902 3.66519142918809 4.01425727958696 2.96705972839036 7.33038285837618 3.49065850398866 4.88692190558412 2.79252680319093 8.20304748437334 3.31612557878923 5.75958653158128 3.83972435438753 3.31612557878923 2.6179938779915 9.07571211037051 3.14159265358979 6.63225115757845 3.66519142918809 4.18879020478639 2.96705972839036 7.50491578357561 3.49065850398866 5.06145483078355 2.79252680319093 8.37758040957278 3.31612557878923 5.93411945678072 3.83972435438753 3.49065850398866 2.6179938779915 9.25024503556994 3.14159265358979 6.80678408277788 3.66519142918809 4.36332312998582 2.96705972839036 7.67944870877504 3.49065850398866 5.23598775598299 2.79252680319093 8.55211333477221 3.31612557878923 6.10865238198015 3.83972435438753 3.66519142918809 3.14159265358979 6.98131700797731 3.66519142918809 4.53785605518526 2.96705972839036 7.85398163397448 3.49065850398866 5.41052068118242 3.83972435438753 3.83972435438752 2.79252680319093 8.72664625997164 3.31612557878923 6.28318530717958 3.14159265358979 7.15584993317675 3.66519142918809 4.71238898038469 2.96705972839036 8.02851455917391 3.49065850398866 5.58505360638185 2.79252680319093 8.90117918517107 3.83972435438753 4.01425727958696 3.31612557878923 6.45771823237902 3.14159265358979 7.33038285837618 3.66519142918809 4.88692190558412 2.96705972839036 8.20304748437334 3.49065850398866 5.75958653158128 4.01425727958696 3.31612557878923 2.79252680319093 9.07571211037051 3.31612557878923 6.63225115757845 3.83972435438753 4.18879020478639 3.14159265358979 7.50491578357561 3.66519142918809 5.06145483078355 2.96705972839036 8.37758040957278 3.49065850398866 5.93411945678072 4.01425727958696 3.49065850398866 2.79252680319093 9.25024503556994 3.31612557878923 6.80678408277788 3.83972435438753 4.36332312998582 3.14159265358979 7.67944870877504 3.66519142918809 5.23598775598299 2.96705972839036 8.55211333477221 3.49065850398866 6.10865238198015 4.01425727958696 3.66519142918809 3.31612557878923 6.98131700797731 3.83972435438753 4.53785605518526 3.14159265358979 7.85398163397448 3.66519142918809 5.41052068118242 2.96705972839036 8.72664625997164 3.49065850398866 6.28318530717958 4.01425727958696 3.83972435438752 3.31612557878923 7.15584993317675 3.83972435438753 4.71238898038469 3.14159265358979 8.02851455917391 3.66519142918809 5.58505360638185 2.96705972839036 8.90117918517107 3.49065850398866 6.45771823237902 4.01425727958696 4.01425727958696 3.83972435438753 4.88692190558412 3.31612557878923 7.33038285837618 3.14159265358979 8.20304748437334 3.66519142918809 5.75958653158128 4.18879020478639 3.31612557878923 2.96705972839036 9.07571211037051 3.49065850398866 6.63225115757845 4.01425727958696 4.18879020478639 3.31612557878923 7.50491578357561 3.83972435438753 5.06145483078355 3.14159265358979 8.37758040957278 3.66519142918809 5.93411945678072 4.18879020478639 3.49065850398866 2.96705972839036 9.25024503556994 3.49065850398866 6.80678408277788 4.01425727958696 4.36332312998582 3.31612557878923 7.67944870877504 3.83972435438753 5.23598775598299 3.14159265358979 8.55211333477221 3.66519142918809 6.10865238198015 4.18879020478639 3.66519142918809 3.49065850398866 6.98131700797731 4.01425727958696 4.53785605518526 3.31612557878923 7.85398163397448 3.83972435438753 5.41052068118242 3.14159265358979 8.72664625997164 3.66519142918809 6.28318530717958 4.18879020478639 3.83972435438752 3.49065850398866 7.15584993317675 4.01425727958696 4.71238898038469 3.31612557878923 8.02851455917391 3.83972435438753 5.58505360638185 3.14159265358979 8.90117918517107 3.66519142918809 6.45771823237902 4.18879020478639 4.01425727958696 3.49065850398866 7.33038285837618 4.01425727958696 4.88692190558412 3.31612557878923 8.20304748437334 3.83972435438753 5.75958653158128 4.36332312998582 3.31612557878923 3.14159265358979 9.07571211037051 3.66519142918809 6.63225115757845 4.18879020478639 4.18879020478639 3.49065850398866 7.50491578357561 4.01425727958696 5.06145483078355 3.31612557878923 8.37758040957278 3.83972435438753 5.93411945678072 4.36332312998582 3.49065850398866 3.14159265358979 9.25024503556994 3.66519142918809 6.80678408277788 4.18879020478639 4.36332312998582 3.49065850398866 7.67944870877504 4.01425727958696 5.23598775598299 3.83972435438753 6.10865238198015 3.31612557878923 8.55211333477221 4.36332312998582 3.66519142918809 3.66519142918809 6.98131700797731 4.18879020478639 4.53785605518526 3.49065850398866 7.85398163397448 4.01425727958696 5.41052068118242 3.83972435438753 6.28318530717958 3.31612557878923 8.72664625997164 4.36332312998582 3.83972435438752 3.66519142918809 7.15584993317675 4.18879020478639 4.71238898038469 3.49065850398866 8.02851455917391 4.01425727958696 5.58505360638185 3.31612557878923 8.90117918517107 3.83972435438753 6.45771823237902 4.36332312998582 4.01425727958696 3.66519142918809 7.33038285837618 4.18879020478639 4.88692190558412 3.49065850398866 8.20304748437334 4.01425727958696 5.75958653158128 4.53785605518526 3.31612557878923 3.31612557878923 9.07571211037051 3.83972435438753 6.63225115757845 4.36332312998582 4.18879020478639 4.18879020478639 5.06145483078355 3.66519142918809 7.50491578357561 3.49065850398866 8.37758040957278 4.01425727958696 5.93411945678072 4.53785605518526 3.49065850398866 3.31612557878923 9.25024503556994 3.83972435438753 6.80678408277788 4.36332312998582 4.36332312998582 3.66519142918809 7.67944870877504 4.18879020478639 5.23598775598299 3.49065850398866 8.55211333477221 4.01425727958696 6.10865238198015 4.53785605518526 3.66519142918809 3.83972435438753 6.98131700797731 4.36332312998582 4.53785605518526 3.66519142918809 7.85398163397448 4.18879020478639 5.41052068118242 3.49065850398866 8.72664625997164 4.01425727958696 6.28318530717958 4.53785605518526 3.83972435438752 3.83972435438753 7.15584993317675 4.36332312998582 4.71238898038469 3.66519142918809 8.02851455917391 4.18879020478639 5.58505360638185 3.49065850398866 8.90117918517107 4.01425727958696 6.45771823237902 4.53785605518526 4.01425727958696 3.83972435438753 7.33038285837618 4.36332312998582 4.88692190558412 3.66519142918809 8.20304748437334 4.18879020478639 5.75958653158128 4.71238898038469 3.31612557878923 3.49065850398866 9.07571211037051 4.01425727958696 6.63225115757845 4.53785605518526 4.18879020478639 3.83972435438753 7.50491578357561 4.36332312998582 5.06145483078355 3.66519142918809 8.37758040957278 4.18879020478639 5.93411945678072 4.71238898038469 3.49065850398866 3.49065850398866 9.25024503556994 4.01425727958696 6.80678408277788 4.53785605518526 4.36332312998582 3.83972435438753 7.67944870877504 4.36332312998582 5.23598775598299 3.66519142918809 8.55211333477221 4.18879020478639 6.10865238198015 4.71238898038469 3.66519142918809 4.01425727958696 6.98131700797731 4.53785605518526 4.53785605518526 3.83972435438753 7.85398163397448 4.36332312998582 5.41052068118242 3.66519142918809 8.72664625997164 4.18879020478639 6.28318530717958 4.71238898038469 3.83972435438752 4.01425727958696 7.15584993317675 4.53785605518526 4.71238898038469 3.83972435438753 8.02851455917391 4.36332312998582 5.58505360638185 3.66519142918809 8.90117918517107 4.18879020478639 6.45771823237902 4.71238898038469 4.01425727958696 4.01425727958696 7.33038285837618 4.53785605518526 4.88692190558412 3.83972435438753 8.20304748437334 4.36332312998582 5.75958653158128 4.88692190558412 3.31612557878923 3.66519142918809 9.07571211037051 4.18879020478639 6.63225115757845 4.71238898038469 4.18879020478639 4.01425727958696 7.50491578357561 4.53785605518526 5.06145483078355 3.83972435438753 8.37758040957278 4.36332312998582 5.93411945678072 4.88692190558412 3.49065850398866 3.66519142918809 9.25024503556994 4.18879020478639 6.80678408277788 4.71238898038469 4.36332312998582 4.01425727958696 7.67944870877504 4.53785605518526 5.23598775598299 3.83972435438753 8.55211333477221 4.36332312998582 6.10865238198015 4.88692190558412 3.66519142918809 4.18879020478639 6.98131700797731 4.71238898038469 4.53785605518526 4.01425727958696 7.85398163397448 4.53785605518526 5.41052068118242 3.83972435438753 8.72664625997164 4.36332312998582 6.28318530717958 4.88692190558412 3.83972435438752 4.18879020478639 7.15584993317675 4.71238898038469 4.71238898038469 4.01425727958696 8.02851455917391 4.53785605518526 5.58505360638185 3.83972435438753 8.90117918517107 4.36332312998582 6.45771823237902 4.88692190558412 4.01425727958696 4.71238898038469 4.88692190558412 4.18879020478639 7.33038285837618 4.01425727958696 8.20304748437334 4.53785605518526 5.75958653158128 5.06145483078356 3.31612557878923 3.83972435438753 9.07571211037051 4.36332312998582 6.63225115757845 4.88692190558412 4.18879020478639 4.18879020478639 7.50491578357561 4.71238898038469 5.06145483078355 4.01425727958696 8.37758040957278 4.53785605518526 5.93411945678072 5.06145483078356 3.49065850398866 3.83972435438753 9.25024503556994 4.88692190558412 4.36332312998582 4.36332312998582 6.80678408277788 4.18879020478639 7.67944870877504 4.71238898038469 5.23598775598299 4.01425727958696 8.55211333477221 4.53785605518526 6.10865238198015 5.06145483078356 3.66519142918809 4.36332312998582 6.98131700797731 4.88692190558412 4.53785605518526 4.18879020478639 7.85398163397448 4.71238898038469 5.41052068118242 4.01425727958696 8.72664625997164 4.53785605518526 6.28318530717958 5.06145483078356 3.83972435438752 4.36332312998582 7.15584993317675 4.88692190558412 4.71238898038469 4.18879020478639 8.02851455917391 4.71238898038469 5.58505360638185 4.01425727958696 8.90117918517107 4.53785605518526 6.45771823237902 5.06145483078356 4.01425727958696 4.36332312998582 7.33038285837618 4.88692190558412 4.88692190558412 4.18879020478639 8.20304748437334 4.71238898038469 5.75958653158128 5.23598775598299 3.31612557878923 4.01425727958696 9.07571211037051 4.53785605518526 6.63225115757845 5.06145483078356 4.18879020478639 4.36332312998582 7.50491578357561 4.88692190558412 5.06145483078355 4.18879020478639 8.37758040957278 4.71238898038469 5.93411945678072 5.23598775598299 3.49065850398866 4.01425727958696 9.25024503556994 4.53785605518526 6.80678408277788 5.06145483078356 4.36332312998582 4.36332312998582 7.67944870877504 4.88692190558412 5.23598775598299 4.18879020478639 8.55211333477221 4.71238898038469 6.10865238198015 5.23598775598299 3.66519142918809 4.53785605518526 6.98131700797731 5.06145483078356 4.53785605518526 4.36332312998582 7.85398163397448 4.88692190558412 5.41052068118242 4.18879020478639 8.72664625997164 4.71238898038469 6.28318530717958 5.23598775598299 3.83972435438752 4.53785605518526 7.15584993317675 5.06145483078356 4.71238898038469 4.36332312998582 8.02851455917391 4.88692190558412 5.58505360638185 4.18879020478639 8.90117918517107 4.71238898038469 6.45771823237902 5.23598775598299 4.01425727958696 4.53785605518526 7.33038285837618 5.06145483078356 4.88692190558412 4.36332312998582 8.20304748437334 4.88692190558412 5.75958653158128 5.41052068118242 3.31612557878923 4.18879020478639 9.07571211037051 4.71238898038469 6.63225115757845 5.23598775598299 4.18879020478639 4.53785605518526 7.50491578357561 5.06145483078356 5.06145483078355 4.36332312998582 8.37758040957278 4.88692190558412 5.93411945678072 5.41052068118242 3.49065850398866 4.18879020478639 9.25024503556994 4.71238898038469 6.80678408277788 5.23598775598299 4.36332312998582 5.06145483078356 5.23598775598299 4.53785605518526 7.67944870877504 4.36332312998582 8.55211333477221 4.88692190558412 6.10865238198015 5.41052068118242 3.66519142918809 4.71238898038469 6.98131700797731 5.23598775598299 4.53785605518526 4.53785605518526 7.85398163397448 5.06145483078356 5.41052068118242 4.36332312998582 8.72664625997164 4.88692190558412 6.28318530717958 5.41052068118242 3.83972435438752 4.71238898038469 7.15584993317675 5.23598775598299 4.71238898038469 4.53785605518526 8.02851455917391 5.06145483078356 5.58505360638185 4.36332312998582 8.90117918517107 4.88692190558412 6.45771823237902 5.41052068118242 4.01425727958696 4.71238898038469 7.33038285837618 5.23598775598299 4.88692190558412 4.53785605518526 8.20304748437334 5.06145483078356 5.75958653158128 5.58505360638185 3.31612557878923 4.36332312998582 9.07571211037051 4.88692190558412 6.63225115757845 5.41052068118242 4.18879020478639 4.71238898038469 7.50491578357561 5.23598775598299 5.06145483078355 4.53785605518526 8.37758040957278 5.06145483078356 5.93411945678072 5.58505360638185 3.49065850398866 4.36332312998582 9.25024503556994 4.88692190558412 6.80678408277788 5.41052068118242 4.36332312998582 4.71238898038469 7.67944870877504 5.23598775598299 5.23598775598299 4.53785605518526 8.55211333477221 5.06145483078356 6.10865238198015 5.58505360638185 3.66519142918809 4.88692190558412 6.98131700797731 5.41052068118242 4.53785605518526 4.71238898038469 7.85398163397448 5.23598775598299 5.41052068118242 4.53785605518526 8.72664625997164 5.06145483078356 6.28318530717958 5.58505360638185 3.83972435438752 4.88692190558412 7.15584993317675 5.41052068118242 4.71238898038469 4.71238898038469 8.02851455917391 5.23598775598299 5.58505360638185 4.53785605518526 8.90117918517107 5.06145483078356 6.45771823237902 5.58505360638185 4.01425727958696 4.88692190558412 7.33038285837618 5.41052068118242 4.88692190558412 4.71238898038469 8.20304748437334 5.23598775598299 5.75958653158128 5.75958653158129 3.31612557878923 4.53785605518526 9.07571211037051 5.06145483078356 6.63225115757845 5.58505360638185 4.18879020478639 4.88692190558412 7.50491578357561 5.41052068118242 5.06145483078355 4.71238898038469 8.37758040957278 5.23598775598299 5.93411945678072 5.75958653158129 3.49065850398866 4.53785605518526 9.25024503556994 5.06145483078356 6.80678408277788 5.58505360638185 4.36332312998582 4.88692190558412 7.67944870877504 5.41052068118242 5.23598775598299 4.71238898038469 8.55211333477221 5.23598775598299 6.10865238198015 5.75958653158129 3.66519142918809 5.06145483078356 6.98131700797731 5.58505360638185 4.53785605518526 4.88692190558412 7.85398163397448 5.41052068118242 5.41052068118242 4.71238898038469 8.72664625997164 5.23598775598299 6.28318530717958 5.75958653158129 3.83972435438752 5.06145483078356 7.15584993317675 5.58505360638185 4.71238898038469 4.88692190558412 8.02851455917391 5.41052068118242 5.58505360638185 4.71238898038469 8.90117918517107 5.23598775598299 6.45771823237902 5.75958653158129 4.01425727958696 5.06145483078356 7.33038285837618 5.58505360638185 4.88692190558412 4.88692190558412 8.20304748437334 5.41052068118242 5.75958653158128 5.93411945678072 3.31612557878923 4.71238898038469 9.07571211037051 5.23598775598299 6.63225115757845 5.75958653158129 4.18879020478639 5.06145483078356 7.50491578357561 5.58505360638185 5.06145483078355 4.88692190558412 8.37758040957278 5.41052068118242 5.93411945678072 5.93411945678072 3.49065850398866 4.71238898038469 9.25024503556994 5.23598775598299 6.80678408277788 5.75958653158129 4.36332312998582 5.06145483078356 7.67944870877504 5.58505360638185 5.23598775598299 4.88692190558412 8.55211333477221 5.41052068118242 6.10865238198015 5.93411945678072 3.66519142918809 5.23598775598299 6.98131700797731 5.75958653158129 4.53785605518526 5.06145483078356 7.85398163397448 5.58505360638185 5.41052068118242 4.88692190558412 8.72664625997164 5.41052068118242 6.28318530717958 5.93411945678072 3.83972435438752 5.23598775598299 7.15584993317675 5.75958653158129 4.71238898038469 5.06145483078356 8.02851455917391 5.58505360638185 5.58505360638185 4.88692190558412 8.90117918517107 5.41052068118242 6.45771823237902 5.93411945678072 4.01425727958696 5.23598775598299 7.33038285837618 5.75958653158129 4.88692190558412 5.06145483078356 8.20304748437334 5.58505360638185 5.75958653158128 6.10865238198015 3.31612557878923 4.88692190558412 9.07571211037051 5.41052068118242 6.63225115757845 5.93411945678072 4.18879020478639 5.23598775598299 7.50491578357561 5.75958653158129 5.06145483078355 5.06145483078356 8.37758040957278 5.58505360638185 5.93411945678072 6.10865238198015 3.49065850398866 4.88692190558412 9.25024503556994 5.41052068118242 6.80678408277788 5.93411945678072 4.36332312998582 5.23598775598299 7.67944870877504 5.75958653158129 5.23598775598299 5.06145483078356 8.55211333477221 5.58505360638185 6.10865238198015 6.10865238198015 3.66519142918809 5.41052068118242 6.98131700797731 5.93411945678072 4.53785605518526 5.23598775598299 7.85398163397448 5.75958653158129 5.41052068118242 5.06145483078356 8.72664625997164 5.58505360638185 6.28318530717958 6.10865238198015 3.83972435438752 5.41052068118242 7.15584993317675 5.93411945678072 4.71238898038469 5.23598775598299 8.02851455917391 5.75958653158129 5.58505360638185 5.06145483078356 8.90117918517107 5.58505360638185 6.45771823237902 6.10865238198015 4.01425727958696 5.41052068118242 7.33038285837618 5.93411945678072 4.88692190558412 5.23598775598299 8.20304748437334 5.75958653158129 5.75958653158128 5.06145483078356 9.07571211037051 5.58505360638185 6.63225115757845 6.10865238198015 4.18879020478639 5.41052068118242 7.50491578357561 5.93411945678072 5.06145483078355 5.23598775598299 8.37758040957278 5.75958653158129 5.93411945678072 5.06145483078356 9.25024503556994 5.58505360638185 6.80678408277788 6.10865238198015 4.36332312998582 5.41052068118242 7.67944870877504 5.93411945678072 5.23598775598299 5.23598775598299 8.55211333477221 5.75958653158129 6.10865238198015 5.58505360638185 6.98131700797731 6.10865238198015 4.53785605518526 5.41052068118242 7.85398163397448 5.93411945678072 5.41052068118242 5.23598775598299 8.72664625997164 5.75958653158129 6.28318530717958 5.58505360638185 7.15584993317675 6.10865238198015 4.71238898038469 5.41052068118242 8.02851455917391 5.93411945678072 5.58505360638185 5.23598775598299 8.90117918517107 5.75958653158129 6.45771823237902 5.58505360638185 7.33038285837618 6.10865238198015 4.88692190558412 5.41052068118242 8.20304748437334 5.93411945678072 5.75958653158128 5.23598775598299 9.07571211037051 5.75958653158129 6.63225115757845 5.58505360638185 7.50491578357561 6.10865238198015 5.06145483078355 5.41052068118242 8.37758040957278 5.93411945678072 5.93411945678072 5.23598775598299 9.25024503556994 5.75958653158129 6.80678408277788 5.58505360638185 7.67944870877504 6.10865238198015 5.23598775598299 5.41052068118242 8.55211333477221 5.93411945678072 6.10865238198015 5.75958653158129 6.98131700797731 5.58505360638185 7.85398163397448 6.10865238198015 5.41052068118242 5.41052068118242 8.72664625997164 5.93411945678072 6.28318530717958 5.75958653158129 7.15584993317675 5.58505360638185 8.02851455917391 6.10865238198015 5.58505360638185 5.41052068118242 8.90117918517107 5.93411945678072 6.45771823237902 5.75958653158129 7.33038285837618 5.58505360638185 8.20304748437334 6.10865238198015 5.75958653158128 5.41052068118242 9.07571211037051 5.93411945678072 6.63225115757845 5.75958653158129 7.50491578357561 5.58505360638185 8.37758040957278 6.10865238198015 5.93411945678072 5.41052068118242 9.25024503556994 5.93411945678072 6.80678408277788 5.75958653158129 7.67944870877504 5.58505360638185 8.55211333477221 6.10865238198015 6.10865238198015 5.93411945678072 6.98131700797731 5.75958653158129 7.85398163397448 5.58505360638185 8.72664625997164 6.10865238198015 6.28318530717958 5.93411945678072 7.15584993317675 5.75958653158129 8.02851455917391 5.58505360638185 8.90117918517107 6.10865238198015 6.45771823237902 5.93411945678072 7.33038285837618 5.75958653158129 8.20304748437334 5.58505360638185 9.07571211037051 6.10865238198015 6.63225115757845 5.93411945678072 7.50491578357561 5.75958653158129 8.37758040957278 5.58505360638185 9.25024503556994 6.10865238198015 6.80678408277788 5.93411945678072 7.67944870877504 5.75958653158129 8.55211333477221 6.10865238198015 6.98131700797731 5.93411945678072 7.85398163397448 5.75958653158129 8.72664625997164 6.10865238198015 7.15584993317675 5.93411945678072 8.02851455917391 5.75958653158129 8.90117918517107 6.10865238198015 7.33038285837618 5.93411945678072 8.20304748437334 5.75958653158129 9.07571211037051 6.10865238198015 7.50491578357561 5.93411945678072 8.37758040957278 5.75958653158129 9.25024503556994 6.10865238198015 7.67944870877504 5.93411945678072 8.55211333477221 6.10865238198015 7.85398163397448 5.93411945678072 8.72664625997164 6.10865238198015 8.02851455917391 5.93411945678072 8.90117918517107 6.10865238198015 8.20304748437334 5.93411945678072 9.07571211037051 6.10865238198015 8.37758040957278 5.93411945678072 9.25024503556994 6.10865238198015 8.55211333477221 6.10865238198015 8.72664625997164 6.10865238198015 8.90117918517107 6.10865238198015 9.07571211037051 6.10865238198015 9.25024503556994 145 38 109 145 39 38 146 40 39 146 39 145 147 40 146 147 41 40 148 42 41 148 41 147 149 43 42 149 42 148 150 109 108 150 145 109 151 43 149 151 44 43 152 145 150 152 146 145 153 45 44 153 44 151 154 146 152 154 147 146 155 46 45 155 45 153 156 147 154 156 148 147 157 46 155 157 47 46 158 149 148 158 148 156 159 48 47 159 47 157 160 108 107 160 150 108 161 149 158 161 151 149 162 49 48 162 48 159 163 150 160 163 152 150 164 153 151 164 151 161 165 50 49 165 49 162 166 154 152 166 152 163 167 155 153 167 153 164 168 50 165 168 51 50 169 156 154 169 154 166 170 155 167 170 157 155 171 51 168 171 52 51 171 53 52 172 156 169 172 158 156 173 159 157 173 157 170 174 53 171 175 106 105 175 107 106 175 160 107 176 161 158 176 158 172 177 159 173 177 162 159 178 163 160 178 160 175 179 53 174 179 54 53 180 161 176 180 164 161 181 165 162 181 162 177 182 163 178 182 166 163 183 54 179 183 55 54 184 164 180 184 167 164 185 168 165 185 165 181 186 55 183 186 56 55 187 166 182 187 169 166 188 167 184 188 170 167 189 171 168 189 168 185 190 56 186 190 57 56 191 169 187 191 172 169 192 173 170 192 170 188 193 171 189 193 174 171 194 175 105 195 57 190 195 58 57 196 180 176 196 176 172 196 172 191 197 173 192 197 177 173 198 174 193 198 179 174 199 175 194 199 178 175 200 59 58 200 58 195 201 180 196 202 177 197 202 181 177 203 179 198 203 183 179 204 182 178 204 178 199 205 184 180 205 180 201 206 60 59 206 61 60 206 59 200 207 181 202 207 185 181 208 182 204 208 187 182 209 186 183 209 183 203 210 184 205 210 188 184 211 61 206 212 189 185 212 185 207 213 186 209 213 190 186 214 191 187 214 196 191 214 187 208 215 61 211 215 62 61 215 63 62 216 188 210 216 192 188 217 193 189 217 189 212 218 105 104 218 194 105 219 196 214 220 190 213 220 195 190 221 63 215 222 197 192 222 192 216 223 193 217 223 198 193 224 194 218 224 199 194 225 195 220 225 200 195 226 201 196 226 205 201 226 196 219 227 197 222 227 202 197 228 64 63 228 65 64 228 63 221 229 199 224 229 204 199 230 198 223 230 203 198 231 206 200 231 211 206 231 200 225 232 205 226 233 65 228 234 207 202 234 212 207 234 202 227 235 209 203 235 203 230 235 213 209 236 204 229 236 208 204 237 211 231 238 205 232 238 216 210 238 210 205 239 212 234 240 65 233 240 66 65 240 67 66 241 213 235 242 208 236 242 214 208 243 211 237 243 215 211 244 216 238 245 104 103 245 218 104 246 212 239 246 223 217 246 217 212 247 67 240 247 68 67 248 214 242 248 219 214 249 220 213 249 213 241 250 221 215 250 215 243 251 222 216 251 216 244 252 68 247 253 218 245 253 224 218 254 223 246 255 220 249 255 231 225 255 225 220 256 226 219 256 219 248 256 232 226 257 228 221 257 221 250 258 227 222 258 222 251 259 68 252 259 69 68 260 236 229 260 229 224 260 224 253 261 230 223 261 235 230 261 223 254 262 232 256 263 231 255 264 233 228 264 228 257 265 227 258 265 234 227 266 236 260 266 242 236 267 69 259 267 70 69 268 235 261 269 237 231 269 231 263 270 238 232 270 232 262 271 234 265 271 239 234 272 240 233 272 233 264 273 70 267 273 71 70 274 242 266 275 235 268 275 241 235 275 249 241 276 237 269 276 243 237 277 238 270 277 244 238 278 103 102 278 245 103 279 247 240 279 240 272 280 239 271 280 246 239 281 249 275 282 242 274 282 248 242 283 71 273 283 72 71 284 243 276 284 250 243 285 258 251 285 251 244 285 244 277 286 252 247 286 259 252 286 247 279 287 253 245 287 245 278 288 254 246 288 246 280 289 36 37 289 73 72 289 37 73 289 72 283 290 249 281 290 255 249 291 248 282 291 256 248 292 258 285 293 257 250 293 264 257 293 250 284 294 261 254 294 254 288 295 259 286 296 253 287 296 260 253 297 263 255 297 255 290 298 262 256 298 256 291 299 264 293 300 265 258 300 258 292 301 267 259 301 259 295 302 268 261 302 261 294 303 260 296 303 266 260 304 263 297 304 269 263 305 270 262 305 262 298 306 264 299 306 272 264 307 265 300 307 271 265 308 267 301 308 273 267 309 274 266 309 266 303 310 275 268 310 268 302 311 269 304 311 276 269 311 284 276 312 270 305 312 277 270 313 271 307 313 280 271 314 286 279 314 272 306 314 279 272 315 278 102 315 101 100 315 102 101 316 275 310 316 281 275 317 289 283 317 273 308 317 283 273 318 274 309 318 282 274 318 291 282 319 285 277 319 277 312 320 284 311 321 288 280 321 280 313 322 286 314 323 287 278 323 278 315 324 289 317 324 34 35 324 35 36 324 36 289 325 291 318 325 298 291 326 290 281 326 297 290 326 281 316 327 285 319 327 292 285 328 284 320 328 293 284 329 296 287 329 303 296 329 287 323 330 294 288 330 288 321 331 295 286 331 301 295 331 286 322 332 298 325 333 297 326 334 299 293 334 293 328 334 306 299 335 292 327 335 300 292 336 301 331 337 302 294 337 294 330 337 310 302 338 303 329 339 304 297 339 297 333 340 305 298 340 298 332 340 312 305 341 306 334 342 307 300 342 300 335 342 313 307 343 303 338 343 309 303 344 308 301 344 301 336 345 310 337 345 316 310 346 319 312 346 312 340 347 311 304 347 304 339 348 314 306 348 306 341 349 315 100 350 313 342 351 309 343 351 318 309 352 308 344 352 324 317 352 317 308 353 316 345 354 311 347 354 320 311 355 327 319 355 319 346 356 331 322 356 322 314 356 314 348 357 315 349 357 323 315 357 329 323 358 321 313 358 313 350 359 34 324 359 33 34 359 324 352 360 332 325 360 318 351 360 325 318 361 326 316 361 333 326 361 316 353 362 327 355 363 328 320 363 320 354 364 338 329 364 329 357 365 330 321 365 321 358 366 331 356 367 333 361 368 332 360 369 335 327 369 342 335 369 327 362 370 328 363 370 334 328 371 338 364 371 343 338 372 331 366 372 336 331 372 344 336 373 330 365 373 337 330 374 346 340 374 332 368 374 340 332 375 333 367 375 339 333 376 334 370 376 341 334 377 342 369 378 344 372 379 343 371 380 337 373 380 345 337 381 347 339 381 354 347 381 339 375 382 346 374 383 342 377 383 350 342 384 356 348 384 341 376 384 348 341 385 349 100 385 100 99 386 359 352 386 344 378 386 352 344 387 353 345 387 345 380 388 351 343 388 343 379 389 354 381 390 355 346 390 346 382 391 365 358 391 350 383 391 358 350 392 356 384 393 349 385 393 357 349 394 360 351 394 351 388 395 33 359 395 359 386 396 361 353 396 353 387 397 355 390 397 362 355 398 363 354 398 354 389 399 365 391 400 357 393 400 364 357 401 366 356 401 356 392 402 360 394 402 368 360 403 367 361 403 361 396 404 362 397 404 369 362 405 363 398 405 376 370 405 370 363 406 365 399 406 373 365 406 380 373 407 366 401 407 372 366 408 371 364 408 364 400 409 368 402 409 374 368 410 367 403 410 375 367 410 381 375 411 369 404 411 377 369 412 376 405 413 378 372 413 372 407 414 387 380 414 380 406 415 371 408 415 379 371 416 382 374 416 374 409 416 390 382 417 381 410 418 377 411 418 383 377 419 376 412 419 384 376 420 393 385 420 99 98 420 385 99 421 387 414 422 386 378 422 378 413 423 388 379 423 379 415 424 398 389 424 389 381 424 381 417 425 390 416 426 392 384 426 401 392 426 384 419 427 391 383 427 383 418 428 393 420 428 400 393 429 386 422 429 395 386 429 31 32 429 32 33 429 33 395 430 396 387 430 403 396 430 387 421 431 402 394 431 388 423 431 394 388 432 404 397 432 397 390 432 390 425 433 398 424 434 401 426 435 391 427 435 399 391 436 408 400 436 400 428 437 402 431 438 403 430 439 405 398 439 398 433 440 404 432 441 406 399 441 399 435 442 401 434 442 407 401 442 413 407 443 408 436 443 415 408 444 403 438 444 410 403 444 417 410 445 409 402 445 402 437 445 416 409 446 404 440 446 411 404 447 412 405 447 405 439 448 415 443 449 413 442 450 414 406 450 406 441 450 421 414 451 417 444 451 424 417 452 416 445 453 427 418 453 411 446 453 418 411 454 420 98 454 98 97 455 419 412 455 412 447 456 421 450 457 423 415 457 415 448 458 422 413 458 413 449 458 429 422 459 424 451 460 425 416 460 416 452 461 427 453 462 428 420 462 436 428 462 420 454 463 426 419 463 419 455 464 429 458 464 30 31 464 31 429 465 431 423 465 423 457 466 430 421 466 421 456 467 424 459 467 433 424 467 439 433 468 432 425 468 425 460 469 427 461 469 441 435 469 435 427 470 436 462 471 426 463 471 434 426 472 430 466 472 438 430 473 431 465 473 437 431 474 439 467 475 446 440 475 440 432 475 432 468 476 441 469 476 450 441 477 434 471 477 442 434 478 448 443 478 436 470 478 443 436 479 437 473 479 445 437 480 438 472 480 444 438 481 439 474 481 447 439 482 446 475 483 442 477 483 449 442 484 450 476 485 457 448 485 448 478 486 444 480 486 451 444 487 460 452 487 445 479 487 452 445 488 455 447 488 463 455 488 447 481 489 446 482 489 453 446 490 454 97 490 462 454 490 96 95 490 97 96 491 450 484 491 456 450 491 466 456 492 457 485 493 458 449 493 449 483 494 459 451 494 451 486 495 460 487 496 463 488 496 471 463 497 453 489 497 461 453 498 462 490 498 470 462 499 466 491 500 465 457 500 457 492 501 458 493 501 29 30 501 464 458 501 30 464 502 459 494 502 467 459 503 468 460 503 460 495 504 471 496 505 461 497 505 469 461 506 470 498 507 466 499 507 472 466 508 479 473 508 473 465 508 465 500 509 474 467 509 467 502 510 468 503 510 475 468 511 477 471 511 471 504 511 483 477 512 476 469 512 469 505 513 478 470 513 470 506 514 472 507 514 480 472 515 479 508 516 474 509 516 481 474 517 489 482 517 475 510 517 482 475 518 483 511 519 476 512 519 484 476 520 478 513 520 485 478 521 480 514 521 486 480 522 479 515 522 487 479 523 488 481 523 481 516 524 489 517 525 490 95 526 483 518 526 493 483 526 501 493 527 484 519 527 491 484 528 492 485 528 485 520 529 494 486 529 486 521 529 502 494 530 487 522 530 495 487 530 503 495 531 496 488 531 488 523 532 490 525 532 498 490 533 489 524 533 497 489 534 501 526 534 29 501 535 491 527 535 499 491 536 508 500 536 492 528 536 500 492 537 502 529 538 503 530 539 496 531 539 504 496 540 498 532 540 506 498 541 505 497 541 497 533 542 499 535 542 514 507 542 507 499 543 508 536 544 502 537 544 509 502 544 516 509 545 517 510 545 510 503 545 503 538 546 511 504 546 504 539 547 505 541 547 512 505 548 513 506 548 520 513 548 506 540 549 521 514 549 514 542 550 515 508 550 508 543 551 516 544 552 517 545 553 511 546 553 518 511 554 519 512 554 512 547 555 520 548 555 528 520 556 521 549 557 522 515 557 515 550 558 523 516 558 531 523 558 516 551 559 524 517 559 517 552 560 525 95 560 95 94 561 526 518 561 518 553 562 527 519 562 519 554 563 528 555 564 521 556 564 537 529 564 529 521 565 522 557 565 530 522 566 531 558 567 533 524 567 524 559 568 525 560 568 532 525 569 534 526 569 27 28 569 28 29 569 29 534 569 526 561 570 527 562 570 535 527 571 543 536 571 528 563 571 536 528 572 537 564 572 544 537 573 538 530 573 530 565 574 531 566 574 539 531 574 546 539 575 547 541 575 533 567 575 541 533 576 540 532 576 532 568 577 535 570 577 542 535 578 543 571 579 544 572 580 545 538 580 538 573 581 546 574 581 553 546 582 547 575 583 540 576 583 548 540 584 542 577 584 549 542 585 550 543 585 543 578 585 557 550 586 558 551 586 544 579 586 551 544 587 545 580 587 559 552 587 552 545 588 553 581 589 547 582 589 554 547 590 555 548 590 548 583 591 549 584 591 556 549 592 557 585 593 566 558 593 558 586 594 559 587 595 560 94 595 93 92 595 94 93 596 561 553 596 569 561 596 553 588 597 554 589 597 570 562 597 562 554 598 563 555 598 555 590 599 564 556 599 556 591 600 565 557 600 557 592 600 573 565 601 574 566 601 566 593 602 568 560 602 560 595 603 567 559 603 559 594 604 569 596 604 27 569 605 570 597 606 563 598 606 571 563 607 572 564 607 564 599 607 579 572 608 573 600 608 580 573 609 574 601 609 581 574 610 568 602 610 576 568 611 567 603 611 575 567 612 570 605 612 577 570 613 571 606 613 578 571 614 579 607 615 580 608 616 588 581 616 581 609 617 582 575 617 575 611 618 583 576 618 576 610 619 577 612 619 584 577 619 591 584 620 578 613 620 585 578 621 586 579 621 579 614 622 587 580 622 580 615 623 588 616 624 597 589 624 589 582 624 582 617 625 590 583 625 583 618 626 591 619 627 592 585 627 585 620 628 593 586 628 601 593 628 586 621 629 587 622 629 594 587 629 603 594 630 595 92 631 596 588 631 604 596 631 588 623 632 598 590 632 590 625 633 597 624 634 607 599 634 599 591 634 591 626 635 592 627 635 600 592 636 601 628 637 602 595 637 595 630 637 610 602 638 603 629 639 26 27 639 604 631 639 27 604 640 598 632 640 613 606 640 606 598 641 605 597 641 597 633 642 607 634 643 600 635 643 608 600 644 601 636 644 609 601 645 610 637 646 611 603 646 603 638 646 617 611 647 605 641 647 612 605 648 613 640 649 607 642 649 614 607 649 621 614 650 608 643 650 615 608 651 617 646 652 623 616 652 609 644 652 616 609 653 618 610 653 610 645 654 613 648 654 620 613 655 612 647 655 619 612 656 621 649 657 629 622 657 622 615 657 615 650 658 624 617 658 617 651 659 632 625 659 625 618 659 618 653 660 623 652 661 626 619 661 619 655 662 620 654 662 627 620 663 628 621 663 636 628 663 621 656 664 629 657 665 630 92 665 92 91 666 632 659 667 623 660 667 631 623 668 624 658 668 641 633 668 633 624 669 626 661 669 634 626 670 635 627 670 627 662 671 636 663 671 644 636 672 629 664 672 638 629 673 637 630 673 630 665 674 25 26 674 631 667 674 26 639 674 639 631 675 640 632 675 632 666 676 641 668 677 643 635 677 635 670 678 642 634 678 634 669 678 649 642 679 644 671 680 638 672 680 646 638 681 637 673 681 645 637 682 647 641 682 641 676 683 640 675 683 648 640 684 643 677 684 650 643 685 649 678 686 660 652 686 652 644 686 644 679 687 651 646 687 658 651 687 646 680 688 653 645 688 645 681 689 655 647 689 661 655 689 647 682 690 654 648 690 648 683 690 662 654 691 657 650 691 650 684 692 656 649 692 649 685 692 663 656 693 660 686 694 658 687 695 653 688 695 659 653 696 661 689 697 662 690 698 664 657 698 657 691 699 665 91 699 91 90 700 663 692 701 667 660 701 660 693 702 668 658 702 658 694 703 666 659 703 659 695 704 661 696 704 669 661 704 678 669 705 662 697 705 670 662 705 677 670 706 663 700 706 671 663 707 664 698 707 672 664 708 673 665 708 665 699 709 24 25 709 25 674 709 674 667 709 667 701 710 676 668 710 668 702 711 666 703 711 675 666 712 678 704 713 677 705 714 672 707 714 680 672 715 671 706 715 686 679 715 679 671 716 673 708 716 681 673 717 689 682 717 676 710 717 682 676 718 690 683 718 683 675 718 675 711 719 692 685 719 678 712 719 685 678 720 677 713 720 684 677 721 680 714 721 687 680 722 681 716 722 688 681 723 686 715 724 689 717 725 690 718 725 697 690 726 692 719 727 691 684 727 698 691 727 684 720 728 694 687 728 687 721 729 703 695 729 688 722 729 695 688 730 701 693 730 693 686 730 686 723 731 696 689 731 704 696 731 689 724 732 697 725 733 700 692 733 692 726 734 698 727 735 699 90 735 90 89 736 694 728 736 702 694 737 703 729 738 701 730 738 709 701 739 704 731 740 705 697 740 713 705 740 697 732 741 706 700 741 700 733 741 715 706 742 698 734 742 707 698 743 699 735 743 708 699 744 22 23 744 23 24 744 24 709 744 709 738 745 702 736 745 710 702 746 711 703 746 703 737 747 704 739 747 712 704 747 719 712 748 720 713 748 713 740 749 715 741 750 714 707 750 707 742 751 708 743 751 722 716 751 716 708 752 710 745 752 717 710 753 711 746 753 718 711 754 719 747 754 726 719 755 720 748 756 723 715 756 715 749 757 714 750 757 728 721 757 721 714 758 729 722 758 722 751 759 724 717 759 717 752 760 725 718 760 718 753 761 726 754 762 727 720 762 720 755 763 738 730 763 730 723 763 723 756 764 728 757 765 737 729 765 729 758 766 731 724 766 724 759 767 725 760 767 732 725 768 726 761 768 741 733 768 733 726 769 742 734 769 734 727 769 727 762 770 735 89 770 89 88 771 738 763 772 728 764 772 736 728 773 746 737 773 737 765 774 731 766 774 739 731 775 732 767 775 740 732 776 741 768 777 742 769 778 743 735 778 735 770 779 738 771 779 22 744 779 744 738 780 745 736 780 736 772 781 746 773 782 739 774 782 747 739 783 740 775 783 748 740 784 741 776 784 749 741 785 750 742 785 742 777 785 757 750 786 751 743 786 743 778 787 759 752 787 745 780 787 752 745 788 746 781 788 753 746 788 760 753 789 747 782 789 754 747 790 748 783 790 755 748 791 758 751 791 751 786 792 756 749 792 749 784 792 763 756 793 757 785 794 759 787 795 760 788 796 761 754 796 754 789 797 762 755 797 755 790 798 763 792 799 765 758 799 758 791 800 757 793 800 764 757 801 759 794 801 766 759 802 767 760 802 760 795 803 768 761 803 761 796 804 769 762 804 762 797 805 770 88 805 87 86 805 88 87 806 763 798 806 771 763 806 779 771 807 772 764 807 764 800 808 773 765 808 765 799 809 774 766 809 766 801 810 767 802 810 775 767 811 776 768 811 768 803 812 777 769 812 769 804 813 778 770 813 770 805 814 21 22 814 779 806 814 22 779 815 772 807 815 780 772 816 781 773 816 773 808 817 774 809 817 782 774 817 789 782 818 790 783 818 783 775 818 775 810 819 776 811 819 784 776 820 785 777 820 777 812 821 786 778 821 778 813 822 787 780 822 780 815 823 788 781 823 781 816 824 789 817 825 790 818 826 792 784 826 784 819 827 785 820 827 793 785 828 791 786 828 786 821 829 801 794 829 794 787 829 787 822 830 788 823 830 795 788 831 789 824 831 803 796 831 796 789 832 804 797 832 797 790 832 790 825 833 798 792 833 792 826 834 800 793 834 793 827 835 791 828 835 799 791 836 795 830 836 802 795 837 801 829 838 803 831 838 811 803 839 804 832 839 812 804 840 805 86 841 806 798 841 798 833 842 807 800 842 800 834 842 815 807 843 799 835 843 808 799 843 816 808 844 809 801 844 801 837 845 802 836 845 810 802 846 811 838 847 812 839 848 805 840 848 821 813 848 813 805 849 20 21 849 21 814 849 806 841 849 814 806 850 815 842 851 816 843 852 817 809 852 809 844 853 810 845 853 818 810 854 811 846 854 819 811 855 812 847 855 820 812 856 821 848 857 822 815 857 815 850 857 829 822 858 830 823 858 823 816 858 816 851 859 824 817 859 817 852 860 825 818 860 818 853 861 833 826 861 826 819 861 819 854 862 834 827 862 827 820 862 820 855 863 828 821 863 835 828 863 821 856 864 829 857 865 830 858 866 831 824 866 824 859 867 832 825 867 825 860 868 833 861 868 841 833 869 834 862 870 835 863 871 829 864 871 837 829 872 836 830 872 830 865 873 838 831 873 831 866 874 832 867 874 839 832 875 86 85 875 840 86 876 841 868 877 842 834 877 834 869 877 850 842 878 843 835 878 835 870 879 844 837 879 837 871 880 836 872 880 845 836 880 853 845 881 838 873 881 846 838 881 854 846 882 839 874 882 847 839 883 848 840 883 840 875 884 20 849 884 19 20 884 841 876 884 849 841 885 857 850 885 850 877 886 843 878 886 851 843 887 859 852 887 844 879 887 852 844 888 853 880 889 847 882 889 855 847 890 854 881 891 848 883 891 856 848 892 857 885 893 858 851 893 851 886 894 866 859 894 859 887 895 867 860 895 860 853 895 853 888 896 862 855 896 855 889 897 861 854 897 854 890 898 863 856 898 856 891 899 857 892 899 871 864 899 864 857 900 865 858 900 858 893 901 866 894 902 867 895 902 874 867 903 861 897 903 868 861 904 862 896 904 869 862 905 870 863 905 863 898 906 871 899 907 865 900 907 872 865 908 866 901 908 873 866 909 874 902 910 875 85 910 84 83 910 85 84 911 868 903 911 876 868 912 877 869 912 869 904 913 870 905 913 878 870 913 886 878 914 872 907 914 880 872 915 879 871 915 871 906 916 881 873 916 873 908 917 874 909 917 882 874 918 875 910 918 883 875 918 891 883 919 17 18 919 18 19 919 876 911 919 19 884 919 884 876 920 877 912 920 885 877 921 886 913 922 887 879 922 879 915 923 880 914 923 888 880 924 881 916 924 890 881 925 882 917 925 889 882 926 891 918 927 892 885 927 885 920 928 900 893 928 886 921 928 893 886 929 894 887 929 887 922 930 895 888 930 888 923 931 897 890 931 890 924 932 896 889 932 904 896 932 889 925 933 898 891 933 891 926 934 899 892 934 892 927 935 900 928 936 901 894 936 894 929 937 895 930 937 909 902 937 902 895 938 911 903 938 903 897 938 897 931 939 904 932 940 905 898 940 898 933 941 906 899 941 899 934 942 907 900 942 900 935 943 908 901 943 901 936 943 916 908 944 909 937 945 910 83 946 911 938 947 920 912 947 912 904 947 904 939 948 921 913 948 905 940 948 913 905 949 906 941 949 915 906 950 914 907 950 907 942 951 916 943 952 909 944 952 917 909 953 918 910 953 910 945 954 17 919 954 911 946 954 919 911 955 927 920 955 920 947 956 921 948 957 915 949 957 922 915 958 930 923 958 914 950 958 923 914 959 931 924 959 924 916 959 916 951 960 925 917 960 917 952 961 926 918 961 918 953 962 927 955 963 928 921 963 935 928 963 921 956 964 929 922 964 922 957 965 930 958 966 931 959 966 938 931 967 932 925 967 925 960 968 933 926 968 926 961 969 927 962 969 934 927 970 935 963 970 942 935 971 929 964 971 936 929 972 930 965 972 937 930 973 938 966 974 932 967 974 939 932 975 933 968 975 948 940 975 940 933 976 934 969 976 941 934 977 942 970 978 936 971 978 943 936 979 937 972 979 944 937 979 952 944 980 83 82 980 945 83 981 938 973 981 946 938 982 939 974 982 947 939 983 948 975 984 949 941 984 941 976 984 957 949 985 950 942 985 942 977 986 943 978 986 951 943 987 952 979 988 961 953 988 945 980 988 953 945 989 15 16 989 16 17 989 17 954 989 946 981 989 954 946 990 947 982 990 955 947 991 956 948 991 948 983 991 963 956 992 957 984 992 964 957 993 950 985 993 958 950 993 965 958 994 959 951 994 951 986 995 952 987 995 960 952 996 961 988 997 962 955 997 955 990 998 963 991 999 964 992 999 971 964 1000 965 993 1001 966 959 1001 959 994 1002 960 995 1002 967 960 1002 974 967 1003 975 968 1003 968 961 1003 961 996 1004 962 997 1004 969 962 1005 963 998 1005 970 963 1006 971 999 1007 965 1000 1007 972 965 1008 966 1001 1008 973 966 1009 974 1002 1010 975 1003 1011 977 970 1011 970 1005 1012 984 976 1012 976 969 1012 969 1004 1013 971 1006 1013 978 971 1014 972 1007 1014 979 972 1015 988 980 1015 980 82 1015 82 81 1016 981 973 1016 973 1008 1017 982 974 1017 974 1009 1018 975 1010 1018 983 975 1019 984 1012 1020 985 977 1020 977 1011 1021 986 978 1021 978 1013 1022 979 1014 1022 987 979 1023 996 988 1023 988 1015 1024 15 989 1024 981 1016 1024 989 981 1025 983 1018 1025 991 983 1026 982 1017 1026 990 982 1026 997 990 1027 984 1019 1027 992 984 1028 985 1020 1028 993 985 1029 994 986 1029 986 1021 1030 1002 995 1030 995 987 1030 987 1022 1031 996 1023 1032 997 1026 1033 998 991 1033 991 1025 1034 992 1027 1034 999 992 1035 993 1028 1035 1007 1000 1035 1000 993 1036 994 1029 1036 1001 994 1037 1002 1030 1038 1003 996 1038 996 1031 1039 997 1032 1039 1004 997 1040 1005 998 1040 998 1033 1041 999 1034 1041 1006 999 1042 1007 1035 1043 1008 1001 1043 1001 1036 1044 1009 1002 1044 1002 1037 1045 1018 1010 1045 1010 1003 1045 1003 1038 1046 1012 1004 1046 1004 1039 1047 1005 1040 1047 1011 1005 1048 1013 1006 1048 1006 1041 1049 1014 1007 1049 1007 1042 1050 1015 81 1050 81 80 1051 1008 1043 1051 1016 1008 1052 1026 1017 1052 1009 1044 1052 1017 1009 1053 1018 1045 1054 1019 1012 1054 1012 1046 1055 1011 1047 1055 1020 1011 1056 1013 1048 1056 1021 1013 1057 1022 1014 1057 1014 1049 1058 1015 1050 1058 1023 1015 1059 14 15 1059 15 1024 1059 1016 1051 1059 1024 1016 1060 1026 1052 1060 1032 1026 1061 1025 1018 1061 1018 1053 1061 1033 1025 1062 1027 1019 1062 1019 1054 1063 1035 1028 1063 1028 1020 1063 1020 1055 1064 1029 1021 1064 1036 1029 1064 1021 1056 1065 1030 1022 1065 1022 1057 1066 1031 1023 1066 1023 1058 1067 1032 1060 1068 1033 1061 1068 1040 1033 1069 1034 1027 1069 1027 1062 1070 1035 1063 1071 1036 1064 1071 1043 1036 1072 1030 1065 1072 1044 1037 1072 1037 1030 1073 1031 1066 1073 1038 1031 1074 1032 1067 1074 1039 1032 1075 1040 1068 1076 1041 1034 1076 1034 1069 1077 1042 1035 1077 1035 1070 1078 1043 1071 1079 1044 1072 1080 1038 1073 1080 1045 1038 1081 1039 1074 1081 1046 1039 1082 1040 1075 1082 1047 1040 1082 1055 1047 1083 1041 1076 1083 1048 1041 1084 1049 1042 1084 1042 1077 1085 1050 80 1085 80 79 1086 1043 1078 1086 1051 1043 1087 1052 1044 1087 1044 1079 1088 1053 1045 1088 1045 1080 1089 1062 1054 1089 1046 1081 1089 1054 1046 1090 1063 1055 1090 1055 1082 1091 1048 1083 1091 1056 1048 1092 1049 1084 1092 1057 1049 1093 1050 1085 1093 1058 1050 1094 12 13 1094 13 14 1094 14 1059 1094 1051 1086 1094 1059 1051 1095 1060 1052 1095 1052 1087 1096 1053 1088 1096 1061 1053 1097 1063 1090 1098 1062 1089 1099 1064 1056 1099 1056 1091 1100 1065 1057 1100 1057 1092 1101 1058 1093 1101 1066 1058 1102 1060 1095 1102 1067 1060 1103 1061 1096 1103 1068 1061 1104 1062 1098 1104 1069 1062 1104 1076 1069 1105 1063 1097 1105 1070 1063 1106 1071 1064 1106 1064 1099 1107 1072 1065 1107 1065 1100 1108 1066 1101 1108 1073 1066 1109 1074 1067 1109 1067 1102 1110 1068 1103 1110 1075 1068 1111 1076 1104 1112 1070 1105 1112 1077 1070 1112 1084 1077 1113 1078 1071 1113 1071 1106 1114 1072 1107 1114 1079 1072 1115 1073 1108 1115 1080 1073 1116 1074 1109 1116 1081 1074 1117 1082 1075 1117 1075 1110 1118 1083 1076 1118 1076 1111 1119 1084 1112 1119 1092 1084 1120 1085 79 1120 79 78 1120 1093 1085 1121 1086 1078 1121 1078 1113 1122 1079 1114 1122 1087 1079 1123 1088 1080 1123 1080 1115 1124 1098 1089 1124 1081 1116 1124 1089 1081 1125 1090 1082 1125 1082 1117 1126 1083 1118 1126 1091 1083 1127 1092 1119 1128 1101 1093 1128 1093 1120 1129 1094 1086 1129 1086 1121 1129 12 1094 1130 1102 1095 1130 1095 1087 1130 1087 1122 1131 1088 1123 1131 1096 1088 1132 1098 1124 1133 1097 1090 1133 1090 1125 1134 1099 1091 1134 1091 1126 1135 1100 1092 1135 1092 1127 1136 1101 1128 1137 1102 1130 1138 1096 1131 1138 1103 1096 1139 1098 1132 1139 1104 1098 1140 1097 1133 1140 1105 1097 1141 1106 1099 1141 1099 1134 1142 1100 1135 1142 1107 1100 1143 1108 1101 1143 1101 1136 1144 1102 1137 1144 1109 1102 1145 1110 1103 1145 1103 1138 1146 1111 1104 1146 1104 1139 1147 1112 1105 1147 1105 1140 1148 1106 1141 1148 1113 1106 1148 1121 1113 1149 1114 1107 1149 1107 1142 1149 1122 1114 1150 1108 1143 1150 1115 1108 1150 1123 1115 1151 1116 1109 1151 1109 1144 1152 1110 1145 1152 1117 1110 1153 1111 1146 1153 1126 1118 1153 1118 1111 1154 1112 1147 1154 1119 1112 1155 78 77 1155 1120 78 1156 1121 1148 1157 1122 1149 1157 1130 1122 1158 1123 1150 1159 1124 1116 1159 1116 1151 1160 1117 1152 1160 1133 1125 1160 1125 1117 1161 1126 1153 1162 1127 1119 1162 1119 1154 1163 1128 1120 1163 1120 1155 1164 12 1129 1164 1129 1121 1164 11 12 1164 1121 1156 1165 1130 1157 1166 1131 1123 1166 1123 1158 1167 1132 1124 1167 1139 1132 1167 1124 1159 1168 1133 1160 1169 1126 1161 1169 1134 1126 1169 1141 1134 1170 1127 1162 1170 1135 1127 1171 1136 1128 1171 1128 1163 1172 1137 1130 1172 1144 1137 1172 1130 1165 1173 1138 1131 1173 1145 1138 1173 1131 1166 1174 1139 1167 1175 1140 1133 1175 1133 1168 1176 1141 1169 1176 1148 1141 1177 1142 1135 1177 1135 1170 1178 1136 1171 1178 1143 1136 1179 1144 1172 1180 1145 1173 1181 1139 1174 1181 1146 1139 1182 1140 1175 1182 1147 1140 1182 1154 1147 1183 1148 1176 1184 1149 1142 1184 1142 1177 1185 1150 1143 1185 1143 1178 1186 1144 1179 1186 1151 1144 1186 1159 1151 1187 1145 1180 1187 1152 1145 1188 1153 1146 1188 1146 1181 1189 1154 1182 1190 77 76 1190 1155 77 1191 1148 1183 1191 1156 1148 1192 1149 1184 1192 1157 1149 1193 1166 1158 1193 1150 1185 1193 1158 1150 1194 1159 1186 1194 1167 1159 1195 1168 1160 1195 1160 1152 1195 1152 1187 1196 1161 1153 1196 1153 1188 1197 1154 1189 1197 1162 1154 1198 1163 1155 1198 1155 1190 1199 9 10 1199 10 11 1199 11 1164 1199 1164 1156 1199 1156 1191 1200 1157 1192 1200 1165 1157 1201 1166 1193 1202 1174 1167 1202 1167 1194 1203 1168 1195 1204 1161 1196 1204 1169 1161 1205 1170 1162 1205 1162 1197 1206 1171 1163 1206 1163 1198 1207 1165 1200 1207 1172 1165 1208 1173 1166 1208 1180 1173 1208 1166 1201 1209 1174 1202 1210 1168 1203 1210 1175 1168 1210 1182 1175 1211 1176 1169 1211 1169 1204 1212 1170 1205 1212 1177 1170 1213 1171 1206 1213 1178 1171 1214 1172 1207 1214 1179 1172 1215 1180 1208 1216 1181 1174 1216 1174 1209 1216 1188 1181 1217 1182 1210 1218 1176 1211 1218 1183 1176 1219 1184 1177 1219 1177 1212 1220 1185 1178 1220 1178 1213 1221 1179 1214 1221 1186 1179 1222 1195 1187 1222 1187 1180 1222 1180 1215 1223 1188 1216 1224 1182 1217 1224 1197 1189 1224 1189 1182 1225 74 110 1225 1198 1190 1225 75 74 1225 76 75 1225 1190 76 1226 1183 1218 1226 1191 1183 1227 1192 1184 1227 1184 1219 1228 1185 1220 1228 1193 1185 1229 1194 1186 1229 1186 1221 1230 1195 1222 1231 1204 1196 1231 1188 1223 1231 1196 1188 1232 1205 1197 1232 1197 1224 1233 110 111 1233 1206 1198 1233 1225 110 1233 1198 1225 1234 1199 1191 1234 9 1199 1234 1191 1226 1235 1192 1227 1235 1200 1192 1236 1201 1193 1236 1193 1228 1237 1202 1194 1237 1194 1229 1238 1195 1230 1238 1203 1195 1239 1204 1231 1239 1211 1204 1240 1205 1232 1241 111 112 1241 1233 111 1241 1206 1233 1242 1200 1235 1242 1207 1200 1242 1214 1207 1243 1208 1201 1243 1215 1208 1243 1201 1236 1244 1202 1237 1244 1209 1202 1245 1210 1203 1245 1203 1238 1245 1217 1210 1246 1211 1239 1246 1218 1211 1247 1212 1205 1247 1205 1240 1248 112 113 1248 1213 1206 1248 1206 1241 1248 1241 112 1249 1214 1242 1250 1215 1243 1251 1209 1244 1251 1216 1209 1252 1217 1245 1253 1218 1246 1254 1219 1212 1254 1212 1247 1254 1227 1219 1255 1228 1220 1255 113 114 1255 1248 113 1255 1213 1248 1255 1220 1213 1256 1229 1221 1256 1214 1249 1256 1221 1214 1257 1215 1250 1257 1222 1215 1258 1216 1251 1258 1223 1216 1259 1217 1252 1259 1224 1217 1260 1234 1226 1260 1218 1253 1260 1226 1218 1261 1235 1227 1261 1227 1254 1262 114 115 1262 1255 114 1262 1228 1255 1263 1229 1256 1263 1237 1229 1264 1238 1230 1264 1222 1257 1264 1230 1222 1265 1231 1223 1265 1223 1258 1266 1224 1259 1266 1232 1224 1266 1240 1232 1267 8 9 1267 1234 1260 1267 9 1234 1268 1235 1261 1269 1228 1262 1269 115 116 1269 1236 1228 1269 1262 115 1270 1237 1263 1270 1244 1237 1271 1238 1264 1272 1239 1231 1272 1231 1265 1273 1240 1266 1274 1235 1268 1274 1242 1235 1275 1269 116 1275 116 117 1275 117 118 1275 1243 1236 1275 1236 1269 1275 1250 1243 1276 1244 1270 1277 1238 1271 1277 1245 1238 1278 1239 1272 1278 1246 1239 1279 1240 1273 1279 1247 1240 1279 1254 1247 1280 1249 1242 1280 1242 1274 1280 1256 1249 1281 1250 1275 1281 1275 118 1282 1251 1244 1282 1244 1276 1282 1258 1251 1283 1252 1245 1283 1245 1277 1284 1246 1278 1284 1253 1246 1285 1254 1279 1285 1261 1254 1286 1256 1280 1287 118 119 1287 1281 118 1287 1250 1281 1287 1257 1250 1288 1265 1258 1288 1258 1282 1289 1252 1283 1289 1259 1252 1290 1253 1284 1290 1260 1253 1291 1261 1285 1291 1268 1261 1292 1256 1286 1292 1263 1256 1293 119 120 1293 1287 119 1293 1257 1287 1293 1264 1257 1294 1265 1288 1295 1273 1266 1295 1266 1259 1295 1259 1289 1296 7 8 1296 8 1267 1296 1267 1260 1296 1260 1290 1297 1268 1291 1298 1270 1263 1298 1263 1292 1299 1271 1264 1299 120 121 1299 1293 120 1299 1264 1293 1300 1272 1265 1300 1265 1294 1301 1273 1295 1302 1274 1268 1302 1268 1297 1303 1276 1270 1303 1270 1298 1304 121 122 1304 122 123 1304 1283 1277 1304 1299 121 1304 1277 1271 1304 1271 1299 1305 1272 1300 1305 1278 1272 1305 1284 1278 1306 1273 1301 1306 1279 1273 1307 1274 1302 1307 1280 1274 1308 1276 1303 1308 1282 1276 1309 1283 1304 1309 1304 123 1310 1284 1305 1311 1279 1306 1311 1285 1279 1311 1291 1285 1312 1280 1307 1312 1286 1280 1313 1288 1282 1313 1282 1308 1314 1295 1289 1314 123 124 1314 1309 123 1314 1283 1309 1314 1289 1283 1315 1296 1290 1315 1284 1310 1315 1290 1284 1316 1291 1311 1317 1292 1286 1317 1286 1312 1317 1298 1292 1318 1288 1313 1318 1294 1288 1319 124 125 1319 125 126 1319 1314 124 1319 1301 1295 1319 1295 1314 1320 6 7 1320 1296 1315 1320 7 1296 1321 1291 1316 1321 1302 1297 1321 1297 1291 1322 1298 1317 1323 1294 1318 1323 1300 1294 1324 1319 126 1324 1301 1319 1325 1302 1321 1326 1298 1322 1326 1303 1298 1327 1305 1300 1327 1300 1323 1328 126 127 1328 1324 126 1328 1306 1301 1328 1301 1324 1329 1307 1302 1329 1302 1325 1330 1303 1326 1330 1308 1303 1330 1313 1308 1331 1310 1305 1331 1305 1327 1332 1306 1328 1332 1328 127 1332 127 128 1332 128 129 1332 1311 1306 1333 1312 1307 1333 1317 1312 1333 1307 1329 1334 1313 1330 1335 1310 1331 1335 1315 1310 1336 1311 1332 1336 1316 1311 1336 1321 1316 1336 1332 129 1337 1317 1333 1337 1322 1317 1338 1318 1313 1338 1323 1318 1338 1313 1334 1339 4 5 1339 5 6 1339 1315 1335 1339 6 1320 1339 1320 1315 1340 1321 1336 1340 129 130 1340 130 131 1340 1336 129 1341 1322 1337 1342 1323 1338 1343 1321 1340 1343 1325 1321 1343 1340 131 1344 1330 1326 1344 1322 1341 1344 1326 1322 1345 1323 1342 1345 1327 1323 1346 1329 1325 1346 1333 1329 1346 1343 131 1346 1325 1343 1346 131 132 1346 132 133 1347 1334 1330 1347 1330 1344 1348 1331 1327 1348 1327 1345 1349 1346 133 1349 1333 1346 1350 1334 1347 1351 1331 1348 1351 1335 1331 1351 1339 1335 1352 1337 1333 1352 1349 133 1352 133 134 1352 1333 1349 1353 1338 1334 1353 1342 1338 1353 1334 1350 1354 4 1339 1354 1339 1351 1355 134 135 1355 1352 134 1355 1341 1337 1355 1337 1352 1356 1342 1353 1357 1341 1355 1357 135 136 1357 1355 135 1357 1344 1341 1358 1348 1345 1358 1345 1342 1358 1342 1356 1359 136 137 1359 1344 1357 1359 1347 1344 1359 1357 136 1360 1348 1358 1361 137 138 1361 1347 1359 1361 1350 1347 1361 1359 137 1362 1348 1360 1362 1351 1348 1362 1354 1351 1363 138 139 1363 1353 1350 1363 1361 138 1363 1350 1361 1364 3 4 1364 1354 1362 1364 4 1354 1365 139 140 1365 1356 1353 1365 1353 1363 1365 1363 139 1366 140 141 1366 1356 1365 1366 1358 1356 1366 1365 140 1367 1366 141 1367 1358 1366 1367 141 142 1367 1360 1358 1368 1360 1367 1368 1367 142 1368 142 143 1368 1362 1360 1369 1 2 1369 2 3 1369 1364 1362 1369 1368 143 1369 143 144 1369 144 1 1369 3 1364 1369 1362 1368 

TShapes 7
Ve
1e-07
8 0 -2.449293598295e-16
0 0

0101101
*
Ed
 1e-07 1 1 0
1  1 0 0 6.28318530717959
3  1 2CN 1 0 0 6.28318530717959
7  1 2 1 0
0

0101000
+7 0 -7 0 *
Ed
 1e-07 1 1 0
1  2 0 3.14159265358979 9.42477796076938
3  3 4CN 1 0 3.14159265358979 9.42477796076938
7  3 4 1 0
0

0101000
+7 0 -7 0 *
Wi

0101100
+6 0 -5 0 -6 0 +5 0 *
Fa
0  1e-07 1 0
2  1
0101000
+4 0 *
Sh

0101100
+3 0 *
So

0100000
+2 0 *

+1 0 