DBRep_DrawableShape

CASCADE Topology V1, (c) Matra-Datavision
Locations 0
Curve2ds 249
7 1 17 19 0 6.129061917913 -35 5.40196339641933 -35 4.78555903365856 -35 4.373690806141555 -35 4.2290619179130005 -35 4.373690806141555 -35 4.78555903365856 -35 5.40196339641933 -35 6.129061917913 -35 6.85616043940667 -35 7.47256480216744 -35 7.884433029684445 -35 8.029061917913 -35 7.884433029684445 -35 7.47256480216744 -35 6.856160439406672 -35 6.129061917913001 -35 0 0 1 2 3 4 5 6 7 8 9 10 11 12 13 14 15 16 16
1 0 35 4.712388980385 0
1 3.14159265359 2.5 1.018936532096 0
1 3.14159265359 1.570796326795 1.018936532096 0
7 1 17 19 0 5.221857246432907 35 5.41820678728227 35 5.614556328131634 35 2.669313215391201 35 2.865662756240562 35 3.0620122970899244 35 3.2583618379392867 35 3.454711378788648 35 3.651060919638011 35 3.8474104604873727 35 4.043760001336735 35 4.240109542186096 35 4.436459083035459 35 4.632808623884821 35 4.829158164734184 35 5.0255077055835455 35 5.221857246432907 35 0 0 1 2 3 4 5 6 7 8 9 10 11 12 13 14 15 16 16
7 1 17 19 0 2.085750783788896 -35 2.0969302279208835 -35 2.1124233301141073 -35 2.1296687086867703 -35 2.145710971611077 -35 2.157866843007648 -35 2.1642847905442855 -35 2.1642119014838017 -35 2.157957942209267 -35 2.1466740189524747 -35 2.1320783134022667 -35 2.116207011801137 -35 2.101207385917988 -35 2.089151475634601 -35 2.0818354543636945 -35 2.0805387844842196 -35 2.085750783788896 -35 0 0 1 2 3 4 5 6 7 8 9 10 11 12 13 14 15 16 16
1 3.14159265359 1.570796326795 1.018936532096 0
1 3.14159265359 67.5 1.018936532096 0
7 1 17 19 0 0 -2.5 0 -3.2270985214936707 0 -3.8435028842544403 0 -4.255371111771445 0 -4.4 0 -4.255371111771445 0 -3.8435028842544403 0 -3.2270985214936707 0 -2.5000000000000004 0 -1.7729014785063297 0 -1.15649711574556 0 -0.7446288882285557 0 -0.6000000000000001 0 -0.7446288882285554 0 -1.1564971157455595 0 -1.7729014785063284 0 -2.4999999999999996 0 0 1 2 3 4 5 6 7 8 9 10 11 12 13 14 15 16 16
1 0 0 4.712388980385 0
7 1 17 19 0 -6.129061917913 -35 -6.85616043940667 -35 -7.47256480216744 -35 -7.884433029684445 -35 -8.029061917913 -35 -7.884433029684445 -35 -7.47256480216744 -35 -6.85616043940667 -35 -6.129061917913 -35 -5.40196339641933 -35 -4.78555903365856 -35 -4.373690806141555 -35 -4.2290619179130005 -35 -4.373690806141555 -35 -4.78555903365856 -35 -5.401963396419328 -35 -6.129061917912999 -35 0 0 1 2 3 4 5 6 7 8 9 10 11 12 13 14 15 16 16
1 0 35 4.712388980385 0
7 1 17 19 0 0 -67.5 0 -68.22709852149367 0 -68.84350288425443 0 -69.25537111177144 0 -69.4 0 -69.25537111177144 0 -68.84350288425443 0 -68.22709852149367 0 -67.5 0 -66.77290147850633 0 -66.15649711574557 0 -65.74462888822856 0 -65.6 0 -65.74462888822856 0 -66.15649711574557 0 -66.77290147850633 0 -67.5 0 0 1 2 3 4 5 6 7 8 9 10 11 12 13 14 15 16 16
7 1 17 19 0 0 0 1.767145867644255 -0 1.9634954084936211 -0 2.1598449493429843 -0 2.356194490192343 -0 2.552544031041708 -0 2.7488935718910708 -0 2.9452431127404304 -0 3.141592653589793 -0 3.337942194439156 0 3.534291735288516 0 3.7306412761378773 0 3.9269908169872427 0 4.123340357836602 0 4.319689898685965 0 4.516039439535331 0 0 0 0 0 1 2 3 4 5 6 7 8 9 10 11 12 13 14 15 16 16
7 1 17 19 0 0 3.141592653589793 3.141592653589793 3.0434178831651115 3.141592653589793 2.9452431127404313 3.141592653589793 2.84706834231575 3.141592653589793 2.7488935718910694 3.141592653589793 2.6507188014663883 3.141592653589793 2.5525440310417067 3.141592653589793 2.4543692606170264 3.141592653589793 2.356194490192345 3.141592653589793 2.258019719767664 3.141592653589793 2.1598449493429834 3.141592653589793 2.0616701789183023 3.141592653589793 1.9634954084936207 3.141592653589793 1.86532063806894 3.141592653589793 1.767145867644259 3.141592653589793 1.6689710972195777 3.141592653589793 1.570796326794897 0 0 1 2 3 4 5 6 7 8 9 10 11 12 13 14 15 16 16
1 4.712388980385 6.129061917913 -1.570796326795 0
7 1 17 19 0 0 3.141592653589793 4.160529185684689 3.0434178831651124 4.160529185684685 2.9452431127404317 4.160529185684681 2.8470683423157497 4.160529185684684 2.7488935718910694 4.160529185684682 2.650718801466388 4.160529185684685 2.5525440310417076 4.160529185684685 2.4543692606170264 4.160529185684684 2.356194490192345 4.160529185684684 2.258019719767664 4.160529185684684 2.159844949342983 4.160529185684685 2.0616701789183023 4.160529185684685 1.9634954084936211 4.160529185684684 1.8653206380689396 4.160529185684684 1.767145867644259 4.160529185684684 1.668971097219578 4.160529185684685 1.570796326794897 0 0 1 2 3 4 5 6 7 8 9 10 11 12 13 14 15 16 16
7 1 17 19 0 2.110757564130642 1.595340019401067 2.110757564130642 1.595340019401067 2.110757564130642 1.595340019401067 2.110757564130642 1.2762720155208536 2.110757564130642 1.2026409377023428 2.110757564130642 1.0799224746714913 2.110757564130642 0.9817477042468103 2.110757564130642 0.8835729338221293 2.110757564130642 0.8099418560036186 2.110757564130642 0.8099418560036186 1.8876559402301618 6.155001440114962 2.110757564130642 0.4908738521234052 2.110757564130642 0.39269908169872414 2.110757564130642 0.2945243112740431 2.110757564130642 0.19634954084936207 2.110757564130642 0.09817477042468103 2.110757564130642 0 0 0 1 2 3 4 5 6 7 8 9 10 11 12 13 14 15 16 16
7 1 17 19 0 0 0 3.141592653589793 0.09817477042468173 3.141592653589793 0.19634954084936335 3.141592653589793 0.2945243112740421 3.141592653589793 0.39269908169872486 3.141592653589793 0.4908738521234035 3.141592653589793 0.5890486225480847 3.141592653589793 0.6872233929727655 3.141592653589793 0.7853981633974509 3.141592653589793 0.8835729338221314 3.141592653589793 0.9817477042468098 3.141592653589793 1.0799224746714913 3.141592653589793 1.1780972450961715 3.141592653589793 1.27627201552085 3.141592653589793 1.3744467859455343 3.141592653589793 1.4726215563702185 3.141592653589793 1.5707963267948966 0 0 1 2 3 4 5 6 7 8 9 10 11 12 13 14 15 16 16
1 1.570796326795 6.129061917913 1.570796326795 0
7 1 17 19 0 4.172427743048943 1.595340019401067 4.172427743048943 1.595340019401067 4.172427743048943 1.595340019401067 4.172427743048943 1.2762720155208536 4.172427743048943 1.2026409377023428 4.172427743048943 1.0799224746714913 4.172427743048943 0.9817477042468103 4.172427743048943 0.8835729338221293 4.172427743048943 0.8099418560036186 4.160529696230174 0.7047500552484758 4.160529185684323 0.5890486225481486 4.160528976989564 0.5045308079302959 4.160529185684325 0.39269908169877127 4.1605291856843225 0.2945243108489761 4.160529185684216 0.19634950795059816 4.160529185684326 0.09817477028533074 4.160529185684326 0 0 0 1 2 3 4 5 6 7 8 9 10 11 12 13 14 15 16 16
7 1 17 19 0 0 0 4.160529185684689 0.0981747704246806 4.160529185684685 0.19634954084936274 4.160529185684681 0.2945243112740429 4.160529185684684 0.3926990816987251 4.160529185684682 0.49087385212340395 4.160529185684685 0.5890486225480842 4.160529185684685 0.687223392972766 4.160529185684684 0.7853981633974505 4.160529185684684 0.8835729338221314 4.160529185684684 0.9817477042468101 4.160529185684685 1.0799224746714915 4.160529185684685 1.178097245096171 4.160529185684684 1.2762720155208502 4.160529185684684 1.374446785945534 4.160529185684684 1.4726215563702185 4.160529185684685 1.5707963267948966 0 0 1 2 3 4 5 6 7 8 9 10 11 12 13 14 15 16 16
7 1 17 19 0 4.160529185684391 0 4.221515128261284 3.9024471243810708 4.295146206079795 3.9024471243810708 4.368777283898305 3.9024471243810708 4.442408361716817 0 4.516039439535327 0 4.565126824747668 0 4.643406506047185 0 4.71238898038469 0 4.7860200582032 0 4.859651136021712 0 5.095528744236065 0 4.9823695990525625 0 5.056000676871074 3.9024471243810708 5.129631754689584 3.9024471243810708 5.203262832508095 3.9024471243810708 5.252350217720436 0 0 0 1 2 3 4 5 6 7 8 9 10 11 12 13 14 15 16 16
1 2.122656121495 -67.5 -1.103719589401 0
7 1 17 19 0 6.247883486465509 35 5.866468328023578 35 5.488364951875063 35 5.111537171777471 35 4.733837715961897 35 4.353194544546562 35 3.9678114841187457 35 3.576409072299497 35 3.178497991296097 35 2.774619465465385 35 2.366427281573436 35 1.956482821302047 35 1.5477414766790134 35 1.142886523583716 35 0.7437694943483538 35 0.351143301710113 35 6.2478834864655095 35 0 0 1 2 3 4 5 6 7 8 9 10 11 12 13 14 15 16 16
7 1 17 19 0 0.5094682660472611 -35 0.7058178068966232 -35 0.9021673477459854 -35 1.0985168885953474 -35 1.2948664294447094 -35 1.4912159702940715 -35 1.6875655111434336 -35 1.8839150519927956 -35 2.0802645928421577 -35 2.2766141336915195 -35 2.472963674540882 -35 5.810905868980038 -35 6.0072554098293995 -35 6.203604950678761 -35 0.11676918434853695 -35 0.3131187251978988 -35 0.509468266047261 -35 0 0 1 2 3 4 5 6 7 8 9 10 11 12 13 14 15 16 16
1 2.122656121495 -2.5 -1.103719589401 0
7 1 17 19 0 2.110757564130642 0 2.061670178918302 3.9024471243810708 1.9864791407438585 0.7208404799192746 1.9144080232812801 3.9024471243810708 1.7650731045923789 2.3738170029765326 1.7671458676442586 0 1.7180584824319183 0 1.5340137080543994 5.014897968047978 1.5707963267948966 0 1.4971652489763858 0 1.4235341711578748 0 1.3744467859455345 0 1.3008157081270237 0 1.227184630308513 3.9024471243810708 1.1535535524900022 3.9024471243810708 1.23748446558157 0 1.030835089459151 0 0 0 1 2 3 4 5 6 7 8 9 10 11 12 13 14 15 16 16
7 1 17 19 0 0 3.141592653589793 3.141592653589793 3.0434178831651115 3.141592653589791 2.9452431127404313 3.141592653589792 2.84706834231575 3.141592653589791 2.7488935718910694 3.1415926535897913 2.6507188014663883 3.141592653589791 2.5525440310417067 3.141592653589791 2.4543692606170264 3.1415926535897913 2.356194490192345 3.141592653589791 2.258019719767664 3.141592653589791 2.1598449493429834 3.1415926535897913 2.0616701789183023 3.1415926535897913 1.9634954084936207 3.141592653589791 1.86532063806894 3.141592653589791 1.767145867644259 3.141592653589791 1.6689710972195777 3.141592653589791 1.570796326794897 0 0 1 2 3 4 5 6 7 8 9 10 11 12 13 14 15 16 16
1 4.712388980385 -6.129061917913 -1.570796326795 0
7 1 17 19 0 5.497787143782138 0 5.6941366846315 0 5.8904862254808625 0 6.086835766330224 0 0 0 3.3379421944391554 0 3.5342917352885173 0 3.7306412761378787 0 3.9269908169872414 0 4.123340357836604 0 4.319689898685965 0 4.5160394395353265 0 4.71238898038469 0 4.908738521234051 0 5.105088062083414 0 5.301437602932776 0 5.497787143782137 0 0 0 1 2 3 4 5 6 7 8 9 10 11 12 13 14 15 16 16
7 1 17 19 0 -20.60000000000001 0.000000000000002101717277891 -20.74462888822856 0.000000000000002101717277891 -21.156497115745566 0.000000000000002101717277891 -21.772901478506338 0.000000000000002101717277891 -22.500000000000007 0.000000000000002101717277891 -23.227098521493676 0.000000000000002101717277891 -23.84350288425445 0.000000000000002101717277891 -24.255371111771453 0.000000000000002101717277891 -24.400000000000006 0.000000000000002101717277891 -24.255371111771453 0.000000000000002101717277891 -23.84350288425445 0.000000000000002101717277891 -23.22709852149368 0.000000000000002101717277891 -22.500000000000007 0.000000000000002101717277891 -21.772901478506338 0.000000000000002101717277891 -21.156497115745566 0.000000000000002101717277891 -20.74462888822856 0.000000000000002101717277891 -20.60000000000001 0.000000000000002101717277891 0 0 1 2 3 4 5 6 7 8 9 10 11 12 13 14 15 16 16
7 1 17 19 0 4.197434523390612 -35 4.20264652269529 -35 4.201349852815816 -35 4.19403383154491 -35 4.181977921261522 -35 4.166978295378372 -35 4.151106993777239 -35 4.136511288227029 -35 4.125227364970234 -35 4.118973405695698 -35 4.118900516635213 -35 4.125318464171849 -35 4.13747433556842 -35 4.15351659849273 -35 4.170761977065395 -35 4.186255079258622 -35 4.197434523390612 -35 0 0 1 2 3 4 5 6 7 8 9 10 11 12 13 14 15 16 16
7 1 17 19 0 1.0613280607466793 35 1.2576776015960405 35 1.4540271424454025 35 1.6503766832947653 35 1.8467262241441273 35 2.043075764993489 35 2.2394253058428513 35 2.4357748466922136 35 2.6321243875415754 35 2.8284739283909377 35 3.0248234692403 35 3.221173010089661 35 3.4175225509390237 35 3.613872091788385 35 0.6686289790479524 35 0.864978519897315 35 1.061328060746679 35 0 0 1 2 3 4 5 6 7 8 9 10 11 12 13 14 15 16 16
1 2.122656121493 1.570796326795 1.018936532096 0
1 2.122656121493 2.5 1.018936532096 0
1 2.122656121493 67.5 1.018936532096 0
1 2.122656121493 1.570796326795 1.018936532096 0
1 1.570796326795 -6.129061917913 1.570796326795 0
7 1 17 19 0 0 0 3.141592653589793 0.09817477042468173 3.141592653589791 0.19634954084936335 3.141592653589792 0.2945243112740421 3.141592653589791 0.39269908169872486 3.1415926535897913 0.4908738521234035 3.141592653589791 0.5890486225480847 3.141592653589791 0.6872233929727655 3.1415926535897913 0.7853981633974509 3.141592653589791 0.8835729338221314 3.141592653589791 0.9817477042468098 3.1415926535897913 1.0799224746714913 3.1415926535897913 1.1780972450961715 3.141592653589791 1.27627201552085 3.141592653589791 1.3744467859455343 3.141592653589791 1.4726215563702185 3.141592653589791 1.5707963267948966 0 0 1 2 3 4 5 6 7 8 9 10 11 12 13 14 15 16 16
7 1 17 19 0 -20.60000000000001 0.000000000000002101717277891 -20.74462888822856 0.000000000000002101717277891 -21.156497115745566 0.000000000000002101717277891 -21.772901478506338 0.000000000000002101717277891 -22.500000000000007 0.000000000000002101717277891 -23.227098521493676 0.000000000000002101717277891 -23.84350288425445 0.000000000000002101717277891 -24.255371111771453 0.000000000000002101717277891 -24.400000000000006 0.000000000000002101717277891 -24.255371111771453 0.000000000000002101717277891 -23.84350288425445 0.000000000000002101717277891 -23.22709852149368 0.000000000000002101717277891 -22.500000000000007 0.000000000000002101717277891 -21.772901478506338 0.000000000000002101717277891 -21.156497115745566 0.000000000000002101717277891 -20.74462888822856 0.000000000000002101717277891 -20.60000000000001 0.000000000000002101717277891 0 0 1 2 3 4 5 6 7 8 9 10 11 12 13 14 15 16 16
7 1 17 19 0 0.7853981633974502 0 0.9817477042468116 0 1.1780972450961722 0 1.374446785945535 0 1.5707963267948966 0 1.7671458676442582 -0 1.9634954084936211 -0 2.1598449493429817 -0 2.356194490192343 -0 2.552544031041706 -0 2.748893571891062 -0 2.945243112740416 -0 0 0 0.1963495408493782 0 0.39269908169873147 0 0.5890486225480873 0 0.7853981633974502 0 0 0 1 2 3 4 5 6 7 8 9 10 11 12 13 14 15 16 16
7 1 17 19 0 1.030835089459151 1.595340019401067 1.030835089459151 1.595340019401067 1.030835089459151 1.595340019401067 1.030835089459151 1.2762720155208536 1.030835089459151 1.2026409377023428 1.030835089459151 1.0799224746714913 1.030835089459151 0.9817477042468103 1.030835089459151 0.8835729338221293 1.030835089459151 0.8099418560036186 1.030835089459151 0.8099418560036186 1.8921901071410927 0 1.030835089459151 0.4908738521234052 1.030835089459151 0.39269908169872414 1.030835089459151 0.2945243112740431 1.030835089459151 0.19634954084936207 1.030835089459151 0.09817477042468103 1.030835089459151 0 0 0 1 2 3 4 5 6 7 8 9 10 11 12 13 14 15 16 16
7 1 17 19 0 0 3.141592653589793 5.264248775084689 3.0434178831651124 5.2642487750846945 2.9452431127404317 5.264248775084698 2.8470683423157497 5.2642487750846945 2.7488935718910685 5.264248775084696 2.6507188014663874 5.264248775084697 2.5525440310417062 5.2642487750846945 2.454369260617026 5.264248775084695 2.356194490192345 5.264248775084695 2.258019719767664 5.264248775084695 2.159844949342983 5.2642487750846945 2.0616701789183023 5.2642487750846945 1.9634954084936211 5.264248775084695 1.8653206380689396 5.264248775084695 1.7671458676442586 5.264248775084695 1.668971097219578 5.2642487750846945 1.5707963267948966 0 0 1 2 3 4 5 6 7 8 9 10 11 12 13 14 15 16 16
7 1 17 19 0 -22.500000000000128 -6.129061917913182 -19.927471329880213 -7.593018469816419 -17.260153755393837 -8.876174540326046 -14.51073489286215 -9.972426547304506 -11.692292889397187 -10.876559954249393 -8.818234214144258 -11.584274074253342 -5.902229887796542 -12.092202527060179 -2.9581504537182783 -12.397929251909323 -0.000000000000015239674242131144 -12.499999999999998 2.9581504537182473 -12.397929251909323 5.902229887796511 -12.092202527060179 8.818234214144228 -11.584274074253342 11.692292889397159 -10.8765599542494 14.510734892862121 -9.972426547304513 17.26015375539381 -8.876174540326046 19.92747132988015 -7.593018469816441 22.5000000000001 -6.129061917913189 0 0 1 2 3 4 5 6 7 8 9 10 11 12 13 14 15 16 16
7 1 17 19 0 2.110757564130642 1.595340019401067 2.061670178918302 1.595340019401067 1.9880391010997909 1.595340019401067 1.7221509729261166 3.0276756707482275 1.8407769454627694 1.595340019401067 1.7671458676442586 1.595340019401067 1.7073295808827949 4.453703193202781 1.6444274046134073 1.5707963267948966 1.5707963267948966 1.5707963267948966 1.4971652489763858 1.5707963267948966 1.4235341711578748 1.595340019401067 1.3638422136998536 4.803822786537075 1.3008157081270237 1.595340019401067 1.227184630308513 1.595340019401067 1.1535535524900022 1.595340019401067 1.0799224746714913 1.595340019401067 1.030835089459151 1.595340019401067 0 0 1 2 3 4 5 6 7 8 9 10 11 12 13 14 15 16 16
7 1 17 19 0 0 0 5.264248775084689 0.0981747704246806 5.2642487750846945 0.19634954084936274 5.264248775084698 0.2945243112740429 5.2642487750846945 0.39269908169872564 5.264248775084696 0.49087385212340445 5.264248775084697 0.5890486225480852 5.2642487750846945 0.687223392972766 5.264248775084695 0.7853981633974505 5.264248775084695 0.8835729338221314 5.264248775084695 0.9817477042468101 5.2642487750846945 1.0799224746714915 5.2642487750846945 1.178097245096171 5.264248775084695 1.2762720155208502 5.264248775084695 1.374446785945534 5.264248775084695 1.4726215563702185 5.2642487750846945 1.5707963267948966 0 0 1 2 3 4 5 6 7 8 9 10 11 12 13 14 15 16 16
7 1 17 19 0 5.252350217720436 1.595340019401067 5.252350217720436 1.595340019401067 5.252350217720436 1.595340019401067 5.252350217720436 1.2762720155208536 5.252350217720436 1.2026409377023428 5.252350217720436 1.0799224746714913 5.252350217720436 0.9817477042468103 5.252350217720436 0.8835729338221293 5.252350217720436 0.8099418560036186 5.252350217720436 0.8099418560036186 6.283185307179586 4.851878878377265 5.252350217720436 0.4908738521234052 5.252350217720436 0.39269908169872414 5.252350217720436 0.2945243112740431 5.252350217720436 0.19634954084936207 5.252350217720436 0.09817477042468103 5.252350217720436 0 0 0 1 2 3 4 5 6 7 8 9 10 11 12 13 14 15 16 16
7 1 17 19 0 3.976317933852377 3.5726783269213516 4.221515128261284 1.595340019401067 4.295146206079795 1.595340019401067 4.369269024628462 6.283185307179586 4.442408361716817 1.595340019401067 4.516039439535327 1.595340019401067 4.565126824747668 1.595340019401067 4.638757902566179 1.5707963267948966 4.712389509029462 4.6651925748657055 4.7860200582032 1.5707963267948966 4.859651136021712 1.595340019401067 4.908738521234052 1.595340019401067 4.9823695990525625 1.595340019401067 5.056000676871074 1.595340019401067 5.129631754689584 1.595340019401067 5.203262832508095 1.595340019401067 5.252350217720436 1.595340019401067 0 0 1 2 3 4 5 6 7 8 9 10 11 12 13 14 15 16 16
7 1 17 19 0 -22.500000000000128 -6.129061917913182 -19.927471329880213 -7.593018469816419 -17.260153755393837 -8.876174540326046 -14.51073489286215 -9.972426547304506 -11.692292889397187 -10.876559954249393 -8.818234214144258 -11.584274074253342 -5.902229887796542 -12.092202527060179 -2.9581504537182783 -12.397929251909323 -0.000000000000015239674242131144 -12.499999999999998 2.9581504537182473 -12.397929251909323 5.902229887796511 -12.092202527060179 8.818234214144228 -11.584274074253342 11.692292889397159 -10.8765599542494 14.510734892862121 -9.972426547304513 17.26015375539381 -8.876174540326046 19.92747132988015 -7.593018469816441 22.5000000000001 -6.129061917913189 0 0 1 2 3 4 5 6 7 8 9 10 11 12 13 14 15 16 16
1 5.264248775085 2.5 -5.264248775085 0
1 5.264248775085 1.570796326795 -5.264248775085 0
1 0 35 6.28318530718 0
7 1 17 19 0 -6.129061917913 -35 -5.40196339641933 -35 -4.78555903365856 -35 -4.373690806141555 -35 -4.2290619179130005 -35 -4.373690806141555 -35 -4.78555903365856 -35 -5.40196339641933 -35 -6.129061917913 -35 -6.85616043940667 -35 -7.47256480216744 -35 -7.884433029684445 -35 -8.029061917913 -35 -7.884433029684445 -35 -7.47256480216744 -35 -6.856160439406672 -35 -6.129061917913001 -35 0 0 1 2 3 4 5 6 7 8 9 10 11 12 13 14 15 16 16
1 5.264248775085 1.570796326795 -5.264248775085 0
1 5.264248775085 67.5 -5.264248775085 0
7 1 17 19 0 0 3.141592653589793 2.1226561214948965 3.0434178831651124 2.122656121494902 2.9452431127404317 2.1226561214949045 2.8470683423157497 2.1226561214949022 2.7488935718910694 2.1226561214949036 2.650718801466388 2.122656121494901 2.5525440310417076 2.1226561214949013 2.4543692606170264 2.1226561214949022 2.356194490192345 2.1226561214949022 2.258019719767664 2.1226561214949022 2.159844949342983 2.122656121494902 2.0616701789183023 2.1226561214949013 1.9634954084936211 2.1226561214949027 1.8653206380689396 2.1226561214949022 1.767145867644259 2.1226561214949027 1.668971097219578 2.1226561214949013 1.570796326794897 0 0 1 2 3 4 5 6 7 8 9 10 11 12 13 14 15 16 16
7 1 17 19 0 4.172427743048943 1.595340019401067 4.172427743048943 1.595340019401067 4.172427743048943 1.595340019401067 4.172427743048943 1.2762720155208536 4.172427743048943 1.2026409377023428 4.172427743048943 1.0799224746714913 4.172427743048943 0.9817477042468103 4.172427743048943 0.8835729338221293 4.172427743048943 0.8099418560036186 4.160529696230073 0.7047500549951192 4.160529185684241 0.589048622549892 4.1605289769894815 0.5045308079409234 4.160529185684243 0.3926990816999685 4.160529185684241 0.2945243108498827 4.160529185684134 0.19634950795120892 4.1605291856842435 0.09817477028563758 4.160529185684244 0.00000000000000017360170117751947 0 0 1 2 3 4 5 6 7 8 9 10 11 12 13 14 15 16 16
7 1 17 19 0 24.39999999999999 0.000000000000002101717277891 24.25537111177144 0.000000000000002101717277891 23.843502884254434 0.000000000000002101717277891 23.227098521493662 0.000000000000002101717277891 22.499999999999993 0.000000000000002101717277891 21.772901478506324 0.000000000000002101717277891 21.15649711574555 0.000000000000002101717277891 20.744628888228547 0.000000000000002101717277891 20.599999999999994 0.000000000000002101717277891 20.744628888228547 0.000000000000002101717277891 21.15649711574555 0.000000000000002101717277891 21.77290147850632 0.000000000000002101717277891 22.499999999999993 0.000000000000002101717277891 23.227098521493662 0.000000000000002101717277891 23.843502884254434 0.000000000000002101717277891 24.25537111177144 0.000000000000002101717277891 24.39999999999999 0.000000000000002101717277891 0 0 1 2 3 4 5 6 7 8 9 10 11 12 13 14 15 16 16
7 1 17 19 0 0.7853981633974486 0 0.9817477042468101 0 1.1780972450961722 0 1.374446785945535 0 1.5707963267948966 0 1.7671458676442582 0 1.9634954084936211 0 2.159844949342983 0 2.3561944901923444 0 2.552544031041707 0 2.7488935718910694 0 2.9452431127404313 0 0 0 0.19634954084936232 0 0.3926990816987236 0 0.5890486225480854 0 0.7853981633974485 0 0 0 1 2 3 4 5 6 7 8 9 10 11 12 13 14 15 16 16
7 1 17 19 0 22.50000000000323 6.129061917918266 19.92747132988302 7.593018469821944 17.26015375539635 8.876174540331933 14.510734892864281 9.972426547310734 11.69229288939891 10.876559954255905 8.818234214145583 11.58427407426006 5.902229887797419 12.09220252706706 2.9581504537187238 12.397929251916297 -0.0000000000000047281225494496176 12.500000000007 -2.958150453718733 12.397929251916297 -5.902229887797446 12.092202527067053 -8.81823421414561 11.58427407426006 -11.69229288939893 10.876559954255905 -14.510734892864301 9.972426547310734 -17.260153755396356 8.87617454033194 -19.92747132988304 7.593018469821944 -22.500000000003247 6.129061917918259 0 0 1 2 3 4 5 6 7 8 9 10 11 12 13 14 15 16 16
7 1 17 19 0 5.252350217720436 1.595340019401067 5.203262832508095 1.595340019401067 5.129631754689584 1.595340019401067 5.056000676871074 1.595340019401067 4.9823695990525625 1.595340019401067 4.908738521234052 1.595340019401067 4.859651136021712 1.595340019401067 4.7860200582032 1.5707963267948966 4.712389509029462 4.6651925748657055 4.638757902566179 1.5707963267948966 4.565126824747668 1.595340019401067 4.516039439535327 1.595340019401067 4.442408361716817 1.595340019401067 4.369269024628425 6.283185307179586 4.295146206079795 1.595340019401067 4.221515128261284 1.595340019401067 3.9763179540673654 3.5726782930317142 0 0 1 2 3 4 5 6 7 8 9 10 11 12 13 14 15 16 16
7 1 17 19 0 5.773717041132366 -35 5.970066581981729 -35 6.16641612283109 -35 0.07958035650086603 -35 0.27592989735022805 -35 0.4722794381995903 -35 3.8102216326387457 -35 4.0065711734881075 -35 4.20292071433747 -35 4.399270255186832 -35 4.5956197960361935 -35 4.791969336885555 -35 4.988318877734918 -35 5.18466841858428 -35 5.381017959433642 -35 5.577367500283003 -35 5.773717041132366 -35 0 0 1 2 3 4 5 6 7 8 9 10 11 12 13 14 15 16 16
7 1 17 19 0 0.03530182071418528 35 5.932042005469603 35 5.539415812831365 35 5.140298783595983 35 4.735443830500648 35 4.326702485877562 35 3.916758025606117 35 3.5085658417141183 35 3.104687315883371 35 2.706776234879956 35 2.3153738230607144 35 1.9299907626329227 35 1.5493475912176242 35 1.1716481354020964 35 0.7948203553045515 35 0.41671697915608147 35 0.035301820714185514 35 0 0 1 2 3 4 5 6 7 8 9 10 11 12 13 14 15 16 16
1 5.264248775085 -67.5 -1.103719589401 0
7 1 17 19 0 1.030835089459151 0 1.2374844655820127 0 1.1535535524900022 3.9024471243810708 1.227184630308513 3.9024471243810708 1.3008157081270237 0 1.3744467859455345 0 1.4235341711578748 0 1.4971652489763858 0 1.5707963267948966 0 1.5340137080542642 5.01489796792791 1.7180584824319183 0 1.7671458676442586 0 1.7635103369312914 2.3838891338330774 1.9144080232812801 3.9024471243810708 1.9864800171344754 0.7207169285921199 2.061670178918302 3.9024471243810708 2.110757564130642 0 0 0 1 2 3 4 5 6 7 8 9 10 11 12 13 14 15 16 16
7 1 17 19 0 5.252350217720436 0 5.203262832508095 3.9024471243810708 5.129631754689584 3.9024471243810708 5.056000676871074 3.9024471243810708 4.9823695990525625 0 5.095528744244972 0 4.859651136021712 0 4.7860200582032 0 4.71238898038469 0 4.643406506047175 0 4.565126824747668 0 4.516039439535327 0 4.442408361716817 0 4.368777283898305 3.9024471243810708 4.295146206079795 3.9024471243810708 4.221515128261284 3.9024471243810708 4.16052918568431 0 0 0 1 2 3 4 5 6 7 8 9 10 11 12 13 14 15 16 16
1 5.264248775085 -2.5 -1.103719589401 0
7 1 17 19 0 0 0 2.1226561214948965 0.0981747704246806 2.122656121494902 0.19634954084936274 2.1226561214949045 0.2945243112740429 2.1226561214949022 0.3926990816987251 2.1226561214949036 0.49087385212340395 2.122656121494901 0.5890486225480842 2.1226561214949013 0.687223392972766 2.1226561214949022 0.7853981633974505 2.1226561214949022 0.8835729338221314 2.1226561214949022 0.9817477042468101 2.122656121494902 1.0799224746714915 2.1226561214949013 1.178097245096171 2.1226561214949027 1.2762720155208502 2.1226561214949022 1.374446785945534 2.1226561214949027 1.4726215563702185 2.1226561214949013 1.5707963267948966 0 0 1 2 3 4 5 6 7 8 9 10 11 12 13 14 15 16 16
7 1 17 19 0 2.110757564130642 1.595340019401067 2.110757564130642 1.595340019401067 2.110757564130642 1.595340019401067 2.110757564130642 1.2762720155208536 2.110757564130642 1.2026409377023428 2.110757564130642 1.0799224746714913 2.110757564130642 0.9817477042468103 2.110757564130642 0.8835729338221293 2.110757564130642 0.8099418560036186 2.110757564130642 0.8099418560036186 1.8876897003643933 6.155058833345595 2.110757564130642 0.4908738521234052 2.110757564130642 0.39269908169872414 2.110757564130642 0.2945243112740431 2.110757564130642 0.19634954084936207 2.110757564130642 0.09817477042468103 2.110757564130642 0 0 0 1 2 3 4 5 6 7 8 9 10 11 12 13 14 15 16 16
7 1 17 19 0 1.030835089459151 1.595340019401067 1.0799224746714913 1.595340019401067 1.1535535524900022 1.595340019401067 1.227184630308513 1.595340019401067 1.3008157081270237 1.595340019401067 1.3638422136998214 4.8038227865370065 1.4235341711578748 1.595340019401067 1.4971652489763858 1.5707963267948966 1.5707963267948966 1.5707963267948966 1.6444274046134073 1.5707963267948966 1.707329580838345 4.4537031933461 1.7671458676442586 1.595340019401067 1.8407769454627694 1.595340019401067 1.7275462638691592 3.074377934356048 1.9880391010997909 1.595340019401067 2.061670178918302 1.595340019401067 2.110757564130642 1.595340019401067 0 0 1 2 3 4 5 6 7 8 9 10 11 12 13 14 15 16 16
7 1 17 19 0 22.50000000000323 6.129061917918266 19.92747132988302 7.593018469821944 17.26015375539635 8.876174540331933 14.510734892864281 9.972426547310734 11.69229288939891 10.876559954255905 8.818234214145583 11.58427407426006 5.902229887797419 12.09220252706706 2.9581504537187238 12.397929251916297 -0.0000000000000047281225494496176 12.500000000007 -2.958150453718733 12.397929251916297 -5.902229887797446 12.092202527067053 -8.81823421414561 11.58427407426006 -11.69229288939893 10.876559954255905 -14.510734892864301 9.972426547310734 -17.260153755396356 8.87617454033194 -19.92747132988304 7.593018469821944 -22.500000000003247 6.129061917918259 0 0 1 2 3 4 5 6 7 8 9 10 11 12 13 14 15 16 16
7 1 17 19 0 24.39999999999999 0.000000000000002101717277891 24.25537111177144 0.000000000000002101717277891 23.843502884254434 0.000000000000002101717277891 23.227098521493662 0.000000000000002101717277891 22.499999999999993 0.000000000000002101717277891 21.772901478506324 0.000000000000002101717277891 21.15649711574555 0.000000000000002101717277891 20.744628888228547 0.000000000000002101717277891 20.599999999999994 0.000000000000002101717277891 20.744628888228547 0.000000000000002101717277891 21.15649711574555 0.000000000000002101717277891 21.77290147850632 0.000000000000002101717277891 22.499999999999993 0.000000000000002101717277891 23.227098521493662 0.000000000000002101717277891 23.843502884254434 0.000000000000002101717277891 24.25537111177144 0.000000000000002101717277891 24.39999999999999 0.000000000000002101717277891 0 0 1 2 3 4 5 6 7 8 9 10 11 12 13 14 15 16 16
7 1 17 19 0 5.497787143782136 0 5.6941366846314985 0 5.890486225480855 0 6.086835766330208 0 0 0 3.3379421944391714 0 3.5342917352885244 0 3.730641276137881 0 3.9269908169872427 0 4.123340357836605 0 4.319689898685965 0 4.5160394395353265 0 4.71238898038469 0 4.908738521234051 0 5.105088062083414 0 5.301437602932775 0 5.497787143782136 0 0 0 1 2 3 4 5 6 7 8 9 10 11 12 13 14 15 16 16
7 1 17 19 0 0 1.5707963267948966 5.890486225480862 1.595340019401067 5.497787143782138 1.5707963267948966 5.105088062083414 1.595340019401067 4.71238898038469 1.5707963267948966 4.319689898685965 1.595340019401067 3.9269908169872414 1.5707963267948966 3.5342917352885173 1.595340019401067 3.141592653589793 1.5707963267948966 2.7450016772119543 1.2145807212521742 2.356194490192345 1.5707963267948966 1.9634954084936207 1.595340019401067 1.5707963267948966 1.5707963267948966 1.1780972450961724 1.595340019401067 0.7853981633974483 1.5707963267948966 0.39269908169872414 1.595340019401067 0 1.5707963267948966 0 0 1 2 3 4 5 6 7 8 9 10 11 12 13 14 15 16 16
2 0 47.12388980384689 -0.00000000000000735601047262 0.000000000000002101717277891 1 0 7.5
1 0 3.14159265359 0 -1.570796326795
1 1.570796326795 -6.129061917913 -1.570796326795 0
1 0 0 0 1.570796326795
1 4.712388980385 -6.129061917913 -4.712388980385 0
1 0 0 6.28318530718 0
7 1 17 19 0 0 -2.5 0 -1.7729014785063293 0 -1.1564971157455597 0 -0.7446288882285552 0 -0.6000000000000001 0 -0.7446288882285552 0 -1.1564971157455597 0 -1.7729014785063293 0 -2.4999999999999996 0 -3.2270985214936703 0 -3.8435028842544403 0 -4.255371111771444 0 -4.4 0 -4.255371111771445 0 -3.8435028842544403 0 -3.2270985214936716 0 -2.5000000000000004 0 0 1 2 3 4 5 6 7 8 9 10 11 12 13 14 15 16 16
7 1 17 19 0 0 -67.5 0 -66.77290147850633 0 -66.15649711574557 0 -65.74462888822856 0 -65.6 0 -65.74462888822856 0 -66.15649711574557 0 -66.77290147850633 0 -67.5 0 -68.22709852149367 0 -68.84350288425443 0 -69.25537111177144 0 -69.4 0 -69.25537111177144 0 -68.84350288425443 0 -68.22709852149367 0 -67.5 0 0 1 2 3 4 5 6 7 8 9 10 11 12 13 14 15 16 16
7 1 17 19 0 0 0 0.19634954084936274 0 0.3926990816987226 0 0.589048622548085 0 0.7853981633974502 0 0.9817477042468088 0 1.1780972450961724 0 1.374446785945538 0 0 0 4.908738521234048 0 5.105088062083414 0 5.301437602932776 0 5.497787143782136 0 5.694136684631501 0 5.890486225480863 0 6.086835766330223 0 0 0 0 0 1 2 3 4 5 6 7 8 9 10 11 12 13 14 15 16 16
1 0 35 6.28318530718 0
7 1 17 19 0 6.129061917913 -35 6.85616043940667 -35 7.47256480216744 -35 7.884433029684445 -35 8.029061917913 -35 7.884433029684445 -35 7.47256480216744 -35 6.85616043940667 -35 6.129061917913 -35 5.40196339641933 -35 4.78555903365856 -35 4.373690806141555 -35 4.2290619179130005 -35 4.373690806141555 -35 4.78555903365856 -35 5.401963396419328 -35 6.129061917912999 -35 0 0 1 2 3 4 5 6 7 8 9 10 11 12 13 14 15 16 16
7 1 17 19 0 5.252350217720436 1.595340019401067 5.252350217720436 1.595340019401067 5.252350217720436 1.595340019401067 5.252350217720436 1.2762720155208536 5.252350217720436 1.2026409377023428 5.252350217720436 1.0799224746714913 5.252350217720436 0.9817477042468103 5.252350217720436 0.8835729338221293 5.252350217720436 0.8099418560036186 5.252350217720436 0.8099418560036186 6.283185307179586 4.851878900264284 5.252350217720436 0.4908738521234052 5.252350217720436 0.39269908169872414 5.252350217720436 0.2945243112740431 5.252350217720436 0.19634954084936207 5.252350217720436 0.09817477042468103 5.252350217720436 0 0 0 1 2 3 4 5 6 7 8 9 10 11 12 13 14 15 16 16
7 1 17 19 0 0 3.141592653589793 1.0189365320948969 3.0434178831651124 1.0189365320948915 2.9452431127404317 1.0189365320948889 2.8470683423157497 1.0189365320948915 2.7488935718910685 1.0189365320948902 2.6507188014663874 1.0189365320948898 2.5525440310417062 1.0189365320948918 2.454369260617026 1.0189365320948909 2.356194490192345 1.018936532094891 2.258019719767664 1.018936532094891 2.159844949342983 1.0189365320948915 2.0616701789183023 1.018936532094892 1.9634954084936211 1.0189365320948907 1.8653206380689396 1.018936532094891 1.7671458676442586 1.0189365320948907 1.668971097219578 1.0189365320948918 1.5707963267948966 0 0 1 2 3 4 5 6 7 8 9 10 11 12 13 14 15 16 16
1 1.570796326795 6.129061917913 -1.570796326795 0
7 1 17 19 0 0 3.141592653589793 6.283185307179582 3.0434178831651115 6.283185307179582 2.9452431127404313 6.283185307179582 2.84706834231575 6.283185307179583 2.7488935718910694 6.283185307179582 2.6507188014663883 6.283185307179582 2.5525440310417067 6.283185307179582 2.454369260617025 6.283185307179582 2.356194490192345 6.283185307179582 2.258019719767664 6.283185307179582 2.1598449493429834 6.283185307179582 2.0616701789183023 6.283185307179582 1.9634954084936207 6.283185307179582 1.8653206380689393 6.283185307179582 1.7671458676442586 6.283185307179582 1.6689710972195777 6.283185307179582 1.5707963267948966 0 0 1 2 3 4 5 6 7 8 9 10 11 12 13 14 15 16 16
1 1.018936532095 2.5 -1.018936532095 0
1 1.018936532095 1.570796326795 -1.018936532095 0
1 1.018936532095 1.570796326795 -1.018936532095 0
1 1.018936532095 67.5 -1.018936532095 0
7 1 17 19 0 1.030835089459151 1.595340019401067 1.030835089459151 1.595340019401067 1.030835089459151 1.595340019401067 1.030835089459151 1.2762720155208536 1.030835089459151 1.2026409377023428 1.030835089459151 1.0799224746714913 1.030835089459151 0.9817477042468103 1.030835089459151 0.8835729338221293 1.030835089459151 0.8099418560036186 1.030835089459151 0.8099418560036186 1.8921901072943115 0 1.030835089459151 0.4908738521234052 1.030835089459151 0.39269908169872414 1.030835089459151 0.2945243112740431 1.030835089459151 0.19634954084936207 1.030835089459151 0.09817477042468103 1.030835089459151 0 0 0 1 2 3 4 5 6 7 8 9 10 11 12 13 14 15 16 16
7 1 17 19 0 0 0 1.0189365320948969 0.0981747704246806 1.0189365320948915 0.19634954084936274 1.0189365320948889 0.2945243112740429 1.0189365320948915 0.39269908169872564 1.0189365320948902 0.49087385212340445 1.0189365320948898 0.5890486225480852 1.0189365320948918 0.687223392972766 1.0189365320948909 0.7853981633974505 1.018936532094891 0.8835729338221314 1.018936532094891 0.9817477042468101 1.0189365320948915 1.0799224746714915 1.018936532094892 1.178097245096171 1.0189365320948907 1.2762720155208502 1.018936532094891 1.374446785945534 1.0189365320948907 1.4726215563702185 1.0189365320948918 1.5707963267948966 0 0 1 2 3 4 5 6 7 8 9 10 11 12 13 14 15 16 16
1 4.712388980385 6.129061917913 -4.712388980385 0
7 1 17 19 0 0 0 6.283185307179582 0.09817477042468173 6.283185307179582 0.19634954084936335 6.283185307179582 0.2945243112740421 6.283185307179583 0.39269908169872486 6.283185307179582 0.4908738521234035 6.283185307179582 0.5890486225480847 6.283185307179582 0.6872233929727669 6.283185307179582 0.7853981633974509 6.283185307179582 0.8835729338221314 6.283185307179582 0.9817477042468098 6.283185307179582 1.0799224746714913 6.283185307179582 1.1780972450961715 6.283185307179582 1.2762720155208505 6.283185307179582 1.3744467859455343 6.283185307179582 1.4726215563702185 6.283185307179582 1.5707963267948966 0 0 1 2 3 4 5 6 7 8 9 10 11 12 13 14 15 16 16
7 1 17 19 0 0 1.5707963267948966 6.283185307179586 1.0728785598048176 0 1.7671458676442586 6.267735141294863 1.3219208385737926 0 1.9634954084936207 6.283179386994495 2.061461201100442 0.0000000000000002421743848369172 2.7337314850079406 0 2.2580197197676637 6.283185307179586 2.144268696351446 0.00000000000000024313053295246727 2.818929236273191 0.0000000000000002423540582289295 2.976815146364056 0.0000000000000002453157957637971 2.8666173919071958 0.00000000000000024492935982946403 2.748893571891052 0.0000000000000002449293598294639 2.847068342315759 0.00000000000000024492935982946384 2.9452431127404206 0.0000000000000002449293598294638 3.043417883165113 0.00000000000000024492935982946374 3.141592653589793 0 0 1 2 3 4 5 6 7 8 9 10 11 12 13 14 15 16 16
1 0 0 6.28318530718 0
7 1 17 19 0 0 3.141592653589793 5.890486225480862 3.141592653589793 5.497787143782138 3.141592653589793 5.105088062083414 3.141592653589793 4.71238898038469 3.141592653589793 4.319689898685965 3.141592653589793 3.9269908169872414 3.141592653589793 3.5342917352885173 3.141592653589793 3.1415926535897936 3.141592653589793 2.748893571891069 3.141592653589793 2.356194490192345 3.141592653589793 1.9634954084936207 3.141592653589793 1.5707963267948966 3.141592653589793 1.1780972450961724 3.141592653589793 0.7853981633974483 3.141592653589793 0.39417791640801386 3.8268266694351323 0.0000000000000002449293598294706 3.141592653589793 0 0 1 2 3 4 5 6 7 8 9 10 11 12 13 14 15 16 16
2 0 43.35397861953915 0 0 1 0 6.9
1 0 7 6.28318530718 0
1 6.28318530718 0 0 7
1 0 7 6.28318530718 0
2 0 47.12388980384689 0 0 1 0 7.5
1 3.14159265359 0.166666666667 -1.280413644319 0.006670673185
1 4.712388980385 5.25 -4.712388980385 -0.678367248851
1 0 3.937500002206 4.712388980385 1.312499997794
1 4.891754907171 0.166667646039 -4.891754907171 -0.000000979372
1 6.28318530718 2.635048751961 0 1.302451250245
1 6.28318530718 2.635048751961 0 1.302451250245
1 6.28318530718 4.571632751149 -6.28318530718 -1.936583999188
1 1.861179010401 0.173337348661 -1.1139930707 -0.003407371422
1 6.28318530718 4.571632751149 0 2.428367248851
1 0 0.166666666667 0 0.833333333333
1 13.04467977443 0.166748046875 0 0.833251953125
1 6.28318530718 2.635048751961 -1.570796326795 -0.885048751961
1 0.747185939701 0.169929977239 -0.747185939701 -0.003263310572
1 3.14159265359 0.166748046875 0 0.833251953125
1 0 0.166666666667 0 0.833333333333
7 1 17 19 0 4.71238898038469 1.75 4.741266090917058 1.797216798704767 5.056773513305718 1.967916874367873 5.746817724083771 2.240097902302267 0.5064012968924805 2.599484879283011 1.81040498937788 3.013725845578932 3.239521965927213 3.4414959851451385 4.655712124742182 3.8449843025882586 6.0779558027394645 4.231512064587861 1.235147031963116 4.602341542533011 2.55529516281364 4.918406835464566 3.6183077908147974 5.145103848864579 4.331533655022722 5.26356937994602 4.6717350838606535 5.275531485048205 4.712388980384687 5.25 4.712388980384687 5.25 4.712388980384687 5.25 0 0 1 2 3 4 5 6 7 8 9 10 11 12 13 14 15 16 16
7 1 17 19 0 0 1 0.0038022251755530237 0.9986447500189611 0.36815538909257817 0.58984375 0.6013204688512109 0.99609375 1.744417070874875 1 1.1044661672777345 0.05859375 1.1630669956384123 1 1.570796326795 1 1.7434228412955584 1 2.0616701789184373 0.94140625 2.3071071049801564 0.02734375 2.552544031041875 0.12109375 2.785709110800508 0.98046875 3.030379046468284 0.999755859375 3.14159265359 1 3.14159265359 1 3.14159265359 1 0 0 1 2 3 4 5 6 7 8 9 10 11 12 13 14 15 16 16
1 0 2.187500002206 6.28318530718 1.75
1 11.414094794397 0.166667646221 -6.522339887226 -0.000000000182
1 6.28318530718 0 0 2.187500002206
2 0 47.12388980384689 -0.00000000000000735601047262 0.000000000000002101717277891 1 0 7.5
1 0 0 6.28318530718 0
1 4.712388980385 1.75 1.570796326795 0.437500002206
1 13.04467977443 0.166666666666 -1.630584980033 0.000000979555
1 4.712388980385 5.25 -0.963333043512 -0.268308617806
7 1 17 19 0 0 1 0.004791225317965388 1 0.009582450635930762 1 0.014373675953896152 1 0.01916490127186155 0.9999999999999933 0.3057346822132031 0.24609375 0.3566904625820703 0.05859375 0.45860202331980465 0.05859375 0.5095578036886719 0.12109375 0.560513584057539 0.12109375 0.6114693644264062 0.12109375 7.15958379842602 0.25 0.7643367055330078 0.12109375 0.815292485901875 0.12109375 0.8662482662707421 0.12109375 0.9172040466396094 0.12109375 1.0191156073773437 0.12109375 0 0 1 2 3 4 5 6 7 8 9 10 11 12 13 14 15 16 16
7 1 17 19 0 22.50000000000323 6.129061917918266 19.92747132988302 7.593018469821944 17.26015375539635 8.876174540331933 14.510734892864281 9.972426547310734 11.69229288939891 10.876559954255905 8.818234214145583 11.58427407426006 5.902229887797419 12.09220252706706 2.9581504537187238 12.397929251916297 -0.0000000000000047281225494496176 12.500000000007 -2.958150453718733 12.397929251916297 -5.902229887797446 12.092202527067053 -8.81823421414561 11.58427407426006 -11.69229288939893 10.876559954255905 -14.510734892864301 9.972426547310734 -17.260153755396356 8.87617454033194 -19.92747132988304 7.593018469821944 -22.500000000003247 6.129061917918259 0 0 1 2 3 4 5 6 7 8 9 10 11 12 13 14 15 16 16
7 1 17 19 0 1.030835089459151 1.595340019401067 1.0799224746714913 1.595340019401067 1.1535535524900022 1.595340019401067 1.227184630308513 1.595340019401067 1.3008157081270237 1.595340019401067 1.3744467859455345 1.595340019401067 1.4235341711578748 1.5707963267948966 1.4971652489763858 1.5707963267948966 1.5707963267948966 1.5707963267948966 1.6444274046134073 1.5707963267948966 1.7180584824319183 1.5707963267948966 1.9754508946023224 0.03548904852212663 1.8407769454627694 1.595340019401067 1.9144080232812801 1.595340019401067 2.1210983713768514 0.9088729199794373 2.061670178918302 1.595340019401067 2.131459247433705 5.672847728041216 0 0 1 2 3 4 5 6 7 8 9 10 11 12 13 14 15 16 16
7 1 17 19 0 -20.000000000000007 0.000000000000002101717277891 -20.19030116872179 0.000000000000002101717277891 -20.73223304703364 0.000000000000002101717277891 -21.543291419087282 0.000000000000002101717277891 -22.500000000000007 0.000000000000002101717277891 -23.456708580912732 0.000000000000002101717277891 -24.267766952966376 0.000000000000002101717277891 -24.809698831278226 0.000000000000002101717277891 -25.000000000000007 0.000000000000002101717277891 -24.809698831278226 0.000000000000002101717277891 -24.267766952966376 0.000000000000002101717277891 -23.456708580912732 0.000000000000002101717277891 -22.500000000000007 0.000000000000002101717277891 -21.543291419087282 0.000000000000002101717277891 -20.73223304703364 0.000000000000002101717277891 -20.190301168721792 0.000000000000002101717277891 -20.000000000000007 0.000000000000002101717277891 0 0 1 2 3 4 5 6 7 8 9 10 11 12 13 14 15 16 16
7 1 17 19 0 0.7853981633974483 0 0.9817477042468091 0 1.1780972450961724 0 1.3744467859455343 0 1.5707963267948966 0 1.767145867644259 -0 1.9634954084936207 -0 2.1598449493429843 -0 2.356194490192345 -0 2.5525440310417054 -0 2.748893571891069 -0 2.945243112740426 -0 0 0 0.19634954084936726 0 0.3926990816987241 0 0.5890486225480843 0 0.7853981633974483 0 0 0 1 2 3 4 5 6 7 8 9 10 11 12 13 14 15 16 16
7 1 17 19 0 4.037409274654668 3.7943499057546446 4.265367025435646 0.10753993962838923 4.295146206079795 1.595340019401067 4.368777283898305 1.595340019401067 4.442408361716817 1.595340019401067 4.516039439535327 1.595340019401067 4.565126824747668 1.5707963267948966 4.638757902566179 1.5707963267948966 4.71238898038469 1.5707963267948966 4.692445800084041 4.850061280263405 4.859651136021712 1.5707963267948966 4.908738521234052 1.595340019401067 4.9823695990525625 1.595340019401067 5.056000676871074 1.595340019401067 5.129631754689584 1.595340019401067 5.203262832508095 1.595340019401067 5.252350217720436 1.595340019401067 0 0 1 2 3 4 5 6 7 8 9 10 11 12 13 14 15 16 16
7 1 17 19 0 -22.500000000000128 -6.129061917913182 -19.927471329880213 -7.593018469816419 -17.260153755393837 -8.876174540326046 -14.51073489286215 -9.972426547304506 -11.692292889397187 -10.876559954249393 -8.818234214144258 -11.584274074253342 -5.902229887796542 -12.092202527060179 -2.9581504537182783 -12.397929251909323 -0.000000000000015239674242131144 -12.499999999999998 2.9581504537182473 -12.397929251909323 5.902229887796511 -12.092202527060179 8.818234214144228 -11.584274074253342 11.692292889397159 -10.8765599542494 14.510734892862121 -9.972426547304513 17.26015375539381 -8.876174540326046 19.92747132988015 -7.593018469816441 22.5000000000001 -6.129061917913189 0 0 1 2 3 4 5 6 7 8 9 10 11 12 13 14 15 16 16
7 1 17 19 0 5.497787143782138 0 5.6941366846314985 0 5.890486225480862 0 6.0868357663302195 0 0 0 3.3379421944391607 0 3.5342917352885173 0 3.730641276137881 0 3.9269908169872414 0 4.123340357836602 0 4.319689898685965 0 4.516039439535327 0 4.71238898038469 0 4.908738521234052 0 5.105088062083414 0 5.301437602932775 0 5.497787143782138 0 0 0 1 2 3 4 5 6 7 8 9 10 11 12 13 14 15 16 16
7 1 17 19 0 24.999999999999993 0.000000000000002101717277891 24.80969883127821 0.000000000000002101717277891 24.26776695296636 0.000000000000002101717277891 23.456708580912718 0.000000000000002101717277891 22.499999999999993 0.000000000000002101717277891 21.543291419087268 0.000000000000002101717277891 20.732233047033624 0.000000000000002101717277891 20.190301168721774 0.000000000000002101717277891 19.999999999999993 0.000000000000002101717277891 20.190301168721774 0.000000000000002101717277891 20.732233047033624 0.000000000000002101717277891 21.543291419087268 0.000000000000002101717277891 22.499999999999993 0.000000000000002101717277891 23.456708580912718 0.000000000000002101717277891 24.26776695296636 0.000000000000002101717277891 24.809698831278208 0.000000000000002101717277891 24.999999999999993 0.000000000000002101717277891 0 0 1 2 3 4 5 6 7 8 9 10 11 12 13 14 15 16 16
1 1.030835089459 1.595340019401 0 -1.595340019401
7 1 17 19 0 0 0 1.0189365320948867 0.09817477042468173 1.018936532094893 0.1963495408493622 1.0189365320948907 0.29452431127404366 1.0189365320948902 0.39269908169872536 1.0189365320948902 0.49087385212340656 1.0189365320948907 0.5890486225480869 1.0189365320948907 0.6872233929727682 1.0189365320948915 0.785398163397448 1.0189365320948904 0.8835729338221302 1.0189365320948907 0.9817477042468101 1.0189365320948909 1.079922474671489 1.0189365320948904 1.178097245096175 1.0189365320948915 1.2762720155208511 1.0189365320948913 1.374446785945532 1.0189365320948909 1.4726215563702134 1.018936532094891 1.5707963267948966 0 0 1 2 3 4 5 6 7 8 9 10 11 12 13 14 15 16 16
7 1 17 19 0 1.030835089459151 0 1.2374844655820274 0 1.1535535524900022 3.9024471243810708 1.227184630308513 3.9024471243810708 1.3008157081270237 0 1.3744467859455345 0 1.4235341711578748 0 1.4971652489763858 0 1.5707963267948966 0 1.6444274046134073 0 1.7180584824319183 0 1.8738998188878753 4.975958216896635 1.8407769454627694 0 1.9144080232812801 3.9024471243810708 1.9880391010997909 3.9024471243810708 2.061670178918302 0 2.110757564130642 0 0 0 1 2 3 4 5 6 7 8 9 10 11 12 13 14 15 16 16
1 5.264248775085 -67.5 -1.103719589401 0
7 1 17 19 0 0 0 2.1226561214949085 0.09817477042468173 2.1226561214949 0.1963495408493622 2.1226561214949027 0.29452431127404366 2.122656121494903 0.39269908169872536 2.122656121494903 0.49087385212340656 2.122656121494903 0.5890486225480864 2.1226561214949027 0.6872233929727682 2.122656121494902 0.785398163397448 2.1226561214949027 0.8835729338221302 2.1226561214949027 0.9817477042468101 2.1226561214949022 1.079922474671489 2.1226561214949027 1.178097245096175 2.122656121494902 1.2762720155208511 2.122656121494902 1.374446785945532 2.1226561214949022 1.4726215563702134 2.1226561214949022 1.5707963267948966 0 0 1 2 3 4 5 6 7 8 9 10 11 12 13 14 15 16 16
1 2.110757564131 1.595340019401 0 -1.595340019401
7 1 17 19 0 0 0 1.7671458676442582 -0 1.9634954084936207 -0 2.159844949342984 -0 2.356194490192345 -0 2.552544031041708 -0 2.748893571891069 -0 2.9452431127404326 -0 3.141592653589793 -0 3.3379421944391536 0 3.5342917352885173 0 3.7306412761378778 0 3.9269908169872414 0 4.123340357836602 0 4.319689898685965 0 4.516039439535327 0 0 0 0 0 1 2 3 4 5 6 7 8 9 10 11 12 13 14 15 16 16
7 1 17 19 0 0 -67.5 0 -68.45670858091272 0 -69.26776695296637 0 -69.80969883127821 0 -70 0 -69.80969883127821 0 -69.26776695296637 0 -68.45670858091272 0 -67.5 0 -66.54329141908728 0 -65.73223304703363 0 -65.19030116872179 0 -65 0 -65.19030116872179 0 -65.73223304703363 0 -66.54329141908727 0 -67.5 0 0 1 2 3 4 5 6 7 8 9 10 11 12 13 14 15 16 16
1 1.570796326795 -6.129061917913 1.570796326795 0
7 1 17 19 0 0 0 3.1415926535897896 0.0981747704246806 3.1415926535897913 0.1963495408493622 3.141592653589791 0.2945243112740429 3.1415926535897913 0.39269908169872536 3.141592653589791 0.4908738521234061 3.1415926535897913 0.5890486225480872 3.141592653589791 0.6872233929727686 3.1415926535897913 0.7853981633974483 3.141592653589791 0.88357293382213 3.141592653589791 0.9817477042468101 3.1415926535897913 1.0799224746714895 3.141592653589791 1.178097245096175 3.141592653589791 1.2762720155208511 3.141592653589791 1.374446785945532 3.141592653589791 1.4726215563702134 3.141592653589791 1.5707963267948966 0 0 1 2 3 4 5 6 7 8 9 10 11 12 13 14 15 16 16
1 1.570796326795 6.129061917913 1.570796326795 0
7 1 17 19 0 0 0 3.141592653589793 0.0981747704246806 3.141592653589793 0.1963495408493622 3.141592653589793 0.2945243112740429 3.141592653589793 0.39269908169872536 3.141592653589793 0.4908738521234061 3.141592653589793 0.5890486225480872 3.141592653589793 0.6872233929727686 3.141592653589793 0.7853981633974483 3.141592653589793 0.88357293382213 3.141592653589793 0.9817477042468101 3.141592653589793 1.0799224746714895 3.141592653589793 1.178097245096175 3.141592653589793 1.2762720155208511 3.141592653589793 1.374446785945532 3.141592653589793 1.4726215563702134 3.141592653589793 1.5707963267948966 0 0 1 2 3 4 5 6 7 8 9 10 11 12 13 14 15 16 16
7 1 17 19 0 4.172427743048943 1.595340019401067 4.172427743048943 1.4726215563702154 4.172427743048943 1.3744467859455345 4.172427743048943 1.2762720155208536 4.172427743048943 1.2026409377023428 4.172427743048943 1.0799224746714913 4.172427743048943 0.9817477042468103 4.172427743048943 0.8835729338221293 4.172427743048943 0.8099418560036186 4.172427743048943 0.6872233929727672 4.172427743048943 0.5890486225480862 4.160529185684307 0.4908738630355084 4.160529185680151 0.3926989191208124 4.16052918568433 0.2945243112740681 4.1605291856843305 0.1963495408493831 4.1605291856843305 0.09817477042469282 4.1605291856843305 0 0 0 1 2 3 4 5 6 7 8 9 10 11 12 13 14 15 16 16
7 1 17 19 0 0 0 4.160529185684679 0.09817477042468173 4.160529185684687 0.1963495408493622 4.160529185684684 0.29452431127404366 4.160529185684683 0.39269908169872536 4.160529185684683 0.49087385212340656 4.160529185684683 0.5890486225480864 4.160529185684684 0.6872233929727682 4.160529185684685 0.785398163397448 4.160529185684684 0.8835729338221302 4.160529185684684 0.9817477042468101 4.160529185684684 1.079922474671489 4.160529185684684 1.178097245096175 4.160529185684685 1.2762720155208511 4.160529185684685 1.374446785945532 4.160529185684684 1.4726215563702134 4.160529185684684 1.5707963267948966 0 0 1 2 3 4 5 6 7 8 9 10 11 12 13 14 15 16 16
1 2.122656121495 -67.5 -1.103719589401 0
7 1 17 19 0 4.160529185684325 0 4.221515128261284 0 4.295146206079795 3.9024471243810708 4.368777283898305 3.9024471243810708 4.442408361716817 0 4.516039439535327 0 4.565126824747668 0 4.643406506047144 0 4.71238898038469 6.2831853071795845 4.7860200582032 0 4.859651136021712 0 5.095528744227996 0 4.9823695990525625 0 5.056000676871074 3.9024471243810708 5.129631754689584 3.9024471243810708 5.203262832508095 0 5.252350217720436 0 0 0 1 2 3 4 5 6 7 8 9 10 11 12 13 14 15 16 16
1 5.25235021772 1.595340019401 0 -1.595340019401
7 1 17 19 0 0 0 5.2642487750847 0.09817477042468173 5.264248775084693 0.1963495408493622 5.264248775084695 0.29452431127404366 5.264248775084696 0.39269908169872536 5.264248775084696 0.49087385212340656 5.264248775084695 0.5890486225480869 5.264248775084695 0.6872233929727682 5.2642487750846945 0.785398163397448 5.264248775084695 0.8835729338221302 5.264248775084695 0.9817477042468101 5.264248775084695 1.079922474671489 5.264248775084695 1.178097245096175 5.2642487750846945 1.2762720155208511 5.2642487750846945 1.374446785945532 5.264248775084695 1.4726215563702134 5.264248775084695 1.5707963267948966 0 0 1 2 3 4 5 6 7 8 9 10 11 12 13 14 15 16 16
7 1 17 19 0 0 -67.5 0 -66.54329141908728 0 -65.73223304703363 0 -65.19030116872179 0 -65 0 -65.19030116872179 0 -65.73223304703363 0 -66.54329141908728 0 -67.5 0 -68.45670858091272 0 -69.26776695296637 0 -69.80969883127821 0 -70 0 -69.80969883127821 0 -69.26776695296637 0 -68.45670858091273 0 -67.5 0 0 1 2 3 4 5 6 7 8 9 10 11 12 13 14 15 16 16
7 1 17 19 0 0 0 0.19634954084936068 0 0.39269908169872414 0 0.5890486225480851 0 0.7853981633974483 0 0.9817477042468095 0 1.1780972450961724 0 1.3744467859455352 0 0 0 4.908738521234051 0 5.105088062083414 0 5.3014376029327765 0 5.497787143782138 0 5.694136684631501 0 5.890486225480862 0 6.086835766330223 0 0 0 0 0 1 2 3 4 5 6 7 8 9 10 11 12 13 14 15 16 16
1 0 0 0 1.570796326795
1 4.712388980385 -6.129061917913 -4.712388980385 0
7 1 17 19 0 0 0 6.283185307179583 0.09817477042468173 6.283185307179583 0.1963495408493622 6.283185307179583 0.2945243112740429 6.283185307179583 0.39269908169872536 6.283185307179583 0.4908738521234061 6.283185307179582 0.5890486225480872 6.283185307179582 0.6872233929727686 6.283185307179582 0.7853981633974483 6.283185307179582 0.88357293382213 6.283185307179582 0.9817477042468101 6.283185307179582 1.0799224746714895 6.283185307179582 1.178097245096175 6.283185307179582 1.2762720155208511 6.283185307179582 1.374446785945532 6.283185307179582 1.4726215563702134 6.283185307179582 1.5707963267948966 0 0 1 2 3 4 5 6 7 8 9 10 11 12 13 14 15 16 16
1 4.712388980385 6.129061917913 -4.712388980385 0
1 1.018936532094 1.570796326795 -1.018936532094 0
1 1.018936532094 67.5 -1.018936532094 0
7 1 17 19 0 0.045528078157222984 35 5.944314244212085 35 5.551976599511754 35 5.151142639012165 35 4.742658008244625 35 4.328915247323293 35 3.913532062596559 35 3.50053607322828 35 3.0933627736214597 35 2.6941199522494554 35 2.3033657164446972 35 1.9203159218627108 35 1.5432364832655108 35 1.1698229556212434 35 0.7974888532061323 35 0.4235741952897033 35 0.04552807815722321 35 0 0 1 2 3 4 5 6 7 8 9 10 11 12 13 14 15 16 16
7 1 17 19 0 5.77371704113237 -35 5.970066581981732 -35 6.1664161228310945 -35 0.07958035650087023 -35 0.2759298973502323 -35 0.4722794381995949 -35 3.8102216326387497 -35 4.006571173488111 -35 4.202920714337473 -35 4.399270255186836 -35 4.595619796036198 -35 4.791969336885559 -35 4.988318877734922 -35 5.184668418584284 -35 5.381017959433646 -35 5.577367500283008 -35 5.77371704113237 -35 0 0 1 2 3 4 5 6 7 8 9 10 11 12 13 14 15 16 16
7 1 17 19 0 0.04822987996834333 35 5.924241887541115 35 5.511245898172839 35 5.095862713446106 35 4.682119952524771 35 4.273635321757224 35 3.8728013612576278 35 3.4804637165572903 35 3.09606457543256 35 2.718018458300076 35 2.344103800383644 35 1.9717696979685324 35 1.5983561703242672 35 1.2212767317270716 35 0.8382269371450911 35 0.4474727013403408 35 0.048229879968343575 35 0 0 1 2 3 4 5 6 7 8 9 10 11 12 13 14 15 16 16
7 1 17 19 0 5.221857246431916 -35 5.418206787281277 -35 5.614556328130639 -35 2.6693132153902086 -35 2.8656627562395705 -35 3.0620122970889327 -35 3.2583618379382946 -35 3.454711378787657 -35 3.6510609196370187 -35 3.847410460486381 -35 4.043760001335743 -35 4.240109542185104 -35 4.4364590830344675 -35 4.632808623883829 -35 4.829158164733191 -35 5.0255077055825526 -35 5.221857246431916 -35 0 0 1 2 3 4 5 6 7 8 9 10 11 12 13 14 15 16 16
1 5.264248775085 -2.5 -1.103719589401 0
7 1 17 19 0 5.252350217720436 0 5.203262832508095 0 5.129631754689584 3.9024471243810708 5.056000676871074 3.9024471243810708 4.9823695990525625 0 5.095528744240544 0 4.859651136021712 0 4.7860200582032 0 4.712388980384699 6.283185307179586 4.643406506047143 0 4.565126824747668 0 4.516039439535327 0 4.402714370370992 1.1952715419717777 4.368777283898305 3.9024471243810708 4.295146206079795 3.9024471243810708 4.221515128261284 0 4.160529185684244 0 0 0 1 2 3 4 5 6 7 8 9 10 11 12 13 14 15 16 16
1 2.122656121495 1.570796326795 1.018936532095 0
1 2.122656121495 67.5 1.018936532095 0
7 1 17 19 0 0 -2.5 0 -3.4567085809127245 0 -4.267766952966369 0 -4.809698831278217 0 -5 0 -4.809698831278217 0 -4.267766952966369 0 -3.456708580912725 0 -2.5000000000000004 0 -1.543291419087276 0 -0.7322330470336313 0 -0.19030116872178393 0 0 0 -0.1903011687217835 0 -0.7322330470336307 0 -1.543291419087274 0 -2.4999999999999996 0 0 1 2 3 4 5 6 7 8 9 10 11 12 13 14 15 16 16
1 0 0 4.712388980385 0
7 1 17 19 0 -6.129061917913 -35 -7.085770498825724 -35 -7.896828870879369 -35 -8.438760749191218 -35 -8.629061917912999 -35 -8.438760749191218 -35 -7.896828870879369 -35 -7.085770498825725 -35 -6.129061917913 -35 -5.172353337000276 -35 -4.361294964946631 -35 -3.819363086634784 -35 -3.629061917913 -35 -3.8193630866347834 -35 -4.36129496494663 -35 -5.172353337000274 -35 -6.129061917912999 -35 0 0 1 2 3 4 5 6 7 8 9 10 11 12 13 14 15 16 16
1 0 35 4.712388980385 0
7 1 17 19 0 6.129061917913 -35 5.172353337000276 -35 4.361294964946631 -35 3.819363086634783 -35 3.629061917913 -35 3.819363086634783 -35 4.361294964946631 -35 5.172353337000275 -35 6.129061917913 -35 7.085770498825724 -35 7.896828870879369 -35 8.438760749191216 -35 8.629061917912999 -35 8.438760749191216 -35 7.89682887087937 -35 7.085770498825726 -35 6.129061917913001 -35 0 0 1 2 3 4 5 6 7 8 9 10 11 12 13 14 15 16 16
1 0 35 4.712388980385 0
1 3.14159265359 1.570796326795 1.018936532095 0
1 3.14159265359 67.5 1.018936532095 0
7 1 17 19 0 1.0613280607476308 -35 1.2576776015969928 -35 1.454027142446355 -35 1.650376683295717 -35 1.846726224145079 -35 2.043075764994441 -35 2.239425305843803 -35 2.4357748466931652 -35 2.632124387542527 -35 2.8284739283918894 -35 3.0248234692412512 -35 3.221173010090613 -35 3.4175225509399754 -35 3.613872091789337 -35 0.6686289790489061 -35 0.8649785198982682 -35 1.0613280607476305 -35 0 0 1 2 3 4 5 6 7 8 9 10 11 12 13 14 15 16 16
7 1 17 19 0 6.234955427211362 35 5.835712605839378 35 5.44495837003462 35 5.061908575452614 35 4.684829136855382 35 4.311415609211073 35 3.9390815067959157 35 3.56516684887944 35 3.187120731746921 35 2.8027215906221694 35 2.410383945921828 35 2.0095499854222494 35 1.6010653546547395 35 1.1873225937334573 35 0.7719394090067813 35 0.3589434196385566 35 6.234955427211362 35 0 0 1 2 3 4 5 6 7 8 9 10 11 12 13 14 15 16 16
7 1 17 19 0 0.5094682660472659 -35 0.705817806896628 -35 0.9021673477459903 -35 1.098516888595352 -35 1.294866429444714 -35 1.4912159702940764 -35 1.6875655111434382 -35 1.8839150519928005 -35 2.0802645928421626 -35 2.2766141336915244 -35 2.472963674540887 -35 5.810905868980042 -35 6.007255409829403 -35 6.203604950678766 -35 0.11676918434854158 -35 0.3131187251979035 -35 0.5094682660472658 -35 0 0 1 2 3 4 5 6 7 8 9 10 11 12 13 14 15 16 16
7 1 17 19 0 6.237657229022458 35 5.859611111889939 35 5.485696453973464 35 5.113362351558306 35 4.7399488239139975 35 4.362869385316765 35 3.97981959073476 35 3.589065354930001 35 3.1898225335580177 35 2.7826492339512376 35 2.3696532445830125 35 1.9542700598563365 35 1.5405272989350538 35 1.1320426681675444 35 0.7312087076679658 35 0.33887106296762465 35 6.237657229022459 35 0 0 1 2 3 4 5 6 7 8 9 10 11 12 13 14 15 16 16
1 2.122656121495 -2.5 -1.103719589401 0
7 1 17 19 0 2.110757564130642 0 2.061670178918302 0 1.9880391010997909 3.9024471243810708 1.9144080232812801 3.9024471243810708 1.8407769454627694 0 1.8738998189001788 4.975958216914242 1.7180584824319183 0 1.6444274046134073 0 1.5707963267948966 0 1.4971652489763858 0 1.4235341711578748 0 1.3744467859455345 0 1.3008157081270237 0 1.227184630308513 3.9024471243810708 1.1535535524900022 3.9024471243810708 1.2374844655814732 0 1.030835089459151 0 0 0 1 2 3 4 5 6 7 8 9 10 11 12 13 14 15 16 16
1 5.264248775085 1.570796326795 -5.264248775085 0
1 5.264248775085 67.5 -5.264248775085 0
1 0 0 6.28318530718 0
7 1 17 19 0 0 -2.5 0 -1.5432914190872755 0 -0.7322330470336311 0 -0.19030116872178304 0 0 0 -0.19030116872178304 0 -0.7322330470336311 0 -1.5432914190872753 0 -2.4999999999999996 0 -3.456708580912724 0 -4.267766952966369 0 -4.809698831278216 0 -5 0 -4.809698831278217 0 -4.267766952966369 0 -3.456708580912726 0 -2.5000000000000004 0 0 1 2 3 4 5 6 7 8 9 10 11 12 13 14 15 16 16
7 1 17 19 0 -6.129061917913 -35 -5.172353337000276 -35 -4.361294964946631 -35 -3.819363086634783 -35 -3.629061917913 -35 -3.819363086634783 -35 -4.361294964946631 -35 -5.172353337000275 -35 -6.129061917913 -35 -7.085770498825724 -35 -7.896828870879369 -35 -8.438760749191216 -35 -8.629061917912999 -35 -8.438760749191216 -35 -7.89682887087937 -35 -7.085770498825726 -35 -6.129061917913001 -35 0 0 1 2 3 4 5 6 7 8 9 10 11 12 13 14 15 16 16
1 0 35 6.28318530718 0
1 0 35 6.28318530718 0
7 1 17 19 0 6.129061917913 -35 7.085770498825724 -35 7.896828870879369 -35 8.438760749191218 -35 8.629061917912999 -35 8.438760749191218 -35 7.896828870879369 -35 7.085770498825725 -35 6.129061917913 -35 5.172353337000276 -35 4.361294964946631 -35 3.819363086634784 -35 3.629061917913 -35 3.8193630866347834 -35 4.36129496494663 -35 5.172353337000274 -35 6.129061917912999 -35 0 0 1 2 3 4 5 6 7 8 9 10 11 12 13 14 15 16 16
1 1.018936532094 1.570796326795 -1.018936532094 0
1 1.018936532094 2.5 -1.018936532094 0
7 1 17 19 0 0 3.141592653589793 1.0189365320948867 3.0434178831651115 1.018936532094893 2.9452431127404313 1.0189365320948907 2.84706834231575 1.0189365320948902 2.748893571891069 1.0189365320948902 2.650718801466388 1.0189365320948907 2.5525440310417067 1.0189365320948907 2.454369260617026 1.0189365320948915 2.3561944901923453 1.0189365320948904 2.2580197197676637 1.0189365320948907 2.1598449493429825 1.0189365320948909 2.061670178918302 1.0189365320948904 1.9634954084936207 1.0189365320948915 1.8653206380689396 1.0189365320948913 1.767145867644259 1.0189365320948909 1.6689710972195777 1.018936532094891 1.5707963267948966 0 0 1 2 3 4 5 6 7 8 9 10 11 12 13 14 15 16 16
1 5.25235021772 1.595340019401 0 -1.595340019401
7 1 17 19 0 0 3.141592653589793 2.1226561214949085 3.0434178831651115 2.1226561214949 2.9452431127404313 2.1226561214949027 2.84706834231575 2.122656121494903 2.748893571891069 2.122656121494903 2.650718801466388 2.122656121494903 2.552544031041707 2.1226561214949027 2.454369260617026 2.122656121494902 2.3561944901923453 2.1226561214949027 2.2580197197676637 2.1226561214949027 2.1598449493429825 2.1226561214949022 2.0616701789183023 2.1226561214949027 1.9634954084936207 2.122656121494902 1.8653206380689396 2.122656121494902 1.767145867644259 2.1226561214949022 1.668971097219578 2.1226561214949022 1.570796326794897 0 0 1 2 3 4 5 6 7 8 9 10 11 12 13 14 15 16 16
7 1 17 19 0 4.172427743048943 1.595340019401067 4.172427743048943 1.4726215563702154 4.172427743048943 1.3744467859455345 4.172427743048943 1.2762720155208536 4.172427743048943 1.2026409377023428 4.172427743048943 1.0799224746714913 4.172427743048943 0.9817477042468103 4.172427743048943 0.8835729338221293 4.172427743048943 0.8099418560036186 4.172427743048943 0.6872233929727672 4.172427743048943 0.5890486225480862 4.160529185684226 0.49087386303632913 4.160529185680069 0.39269891912173627 4.160529185684249 0.2945243112747588 4.16052918568425 0.19634954084984427 4.16052918568425 0.09817477042492337 4.16052918568425 0.0000000000000001610735418967069 0 0 1 2 3 4 5 6 7 8 9 10 11 12 13 14 15 16 16
7 1 17 19 0 22.50000000000323 6.129061917918266 19.92747132988302 7.593018469821944 17.26015375539635 8.876174540331933 14.510734892864281 9.972426547310734 11.69229288939891 10.876559954255905 8.818234214145583 11.58427407426006 5.902229887797419 12.09220252706706 2.9581504537187238 12.397929251916297 -0.0000000000000047281225494496176 12.500000000007 -2.958150453718733 12.397929251916297 -5.902229887797446 12.092202527067053 -8.81823421414561 11.58427407426006 -11.69229288939893 10.876559954255905 -14.510734892864301 9.972426547310734 -17.260153755396356 8.87617454033194 -19.92747132988304 7.593018469821944 -22.500000000003247 6.129061917918259 0 0 1 2 3 4 5 6 7 8 9 10 11 12 13 14 15 16 16
7 1 17 19 0 5.252350217720436 1.595340019401067 5.203262832508095 1.595340019401067 5.129631754689584 1.595340019401067 5.056000676871074 1.595340019401067 4.9823695990525625 1.595340019401067 4.908738521234052 1.595340019401067 4.859651136021712 1.5707963267948966 4.692445287522275 4.8500752577327555 4.71238898038469 1.5707963267948966 4.638757902566179 1.5707963267948966 4.565126824747668 1.5707963267948966 4.516039439535327 1.595340019401067 4.442408361716817 1.595340019401067 4.368777283898305 1.595340019401067 4.295146206079795 1.595340019401067 4.265367032989769 0.10753993225265307 4.037403599033316 3.794339330341286 0 0 1 2 3 4 5 6 7 8 9 10 11 12 13 14 15 16 16
1 2.122656121495 2.5 1.018936532095 0
1 2.122656121495 1.570796326795 1.018936532095 0
7 1 17 19 0 0 3.141592653589793 3.1415926535897896 3.0434178831651124 3.1415926535897913 2.9452431127404313 3.141592653589791 2.84706834231575 3.1415926535897913 2.748893571891069 3.141592653589791 2.6507188014663887 3.1415926535897913 2.5525440310417067 3.141592653589791 2.4543692606170255 3.1415926535897913 2.356194490192345 3.141592653589791 2.258019719767664 3.141592653589791 2.1598449493429825 3.1415926535897913 2.061670178918302 3.141592653589791 1.9634954084936207 3.141592653589791 1.8653206380689396 3.141592653589791 1.767145867644259 3.141592653589791 1.668971097219578 3.141592653589791 1.570796326794897 0 0 1 2 3 4 5 6 7 8 9 10 11 12 13 14 15 16 16
1 4.712388980385 -6.129061917913 -1.570796326795 0
7 1 17 19 0 5.497787143782138 0 5.6941366846315 0 5.890486225480862 0 6.086835766330224 0 0 0 3.3379421944391554 0 3.5342917352885173 0 3.7306412761378787 0 3.9269908169872414 0 4.123340357836603 0 4.319689898685965 0 4.516039439535327 0 4.71238898038469 0 4.908738521234052 0 5.105088062083414 0 5.301437602932775 0 5.497787143782138 0 0 0 1 2 3 4 5 6 7 8 9 10 11 12 13 14 15 16 16
7 1 17 19 0 -20.000000000000007 0.000000000000002101717277891 -20.19030116872179 0.000000000000002101717277891 -20.73223304703364 0.000000000000002101717277891 -21.543291419087282 0.000000000000002101717277891 -22.500000000000007 0.000000000000002101717277891 -23.456708580912732 0.000000000000002101717277891 -24.267766952966376 0.000000000000002101717277891 -24.809698831278226 0.000000000000002101717277891 -25.000000000000007 0.000000000000002101717277891 -24.809698831278226 0.000000000000002101717277891 -24.267766952966376 0.000000000000002101717277891 -23.456708580912732 0.000000000000002101717277891 -22.500000000000007 0.000000000000002101717277891 -21.543291419087282 0.000000000000002101717277891 -20.73223304703364 0.000000000000002101717277891 -20.190301168721792 0.000000000000002101717277891 -20.000000000000007 0.000000000000002101717277891 0 0 1 2 3 4 5 6 7 8 9 10 11 12 13 14 15 16 16
1 4.712388980385 6.129061917913 -1.570796326795 0
7 1 17 19 0 0 3.141592653589793 3.141592653589793 3.0434178831651124 3.141592653589793 2.9452431127404313 3.141592653589793 2.84706834231575 3.141592653589793 2.748893571891069 3.141592653589793 2.6507188014663887 3.141592653589793 2.5525440310417067 3.141592653589793 2.4543692606170255 3.141592653589793 2.356194490192345 3.141592653589793 2.258019719767664 3.141592653589793 2.1598449493429825 3.141592653589793 2.061670178918302 3.141592653589793 1.9634954084936207 3.141592653589793 1.8653206380689396 3.141592653589793 1.767145867644259 3.141592653589793 1.668971097219578 3.141592653589793 1.570796326794897 0 0 1 2 3 4 5 6 7 8 9 10 11 12 13 14 15 16 16
1 3.14159265359 1.570796326795 1.018936532095 0
1 3.14159265359 2.5 1.018936532095 0
7 1 17 19 0 0 3.141592653589793 4.160529185684679 3.0434178831651115 4.160529185684687 2.9452431127404313 4.160529185684684 2.84706834231575 4.160529185684683 2.748893571891069 4.160529185684683 2.650718801466388 4.160529185684683 2.552544031041707 4.160529185684684 2.454369260617026 4.160529185684685 2.3561944901923453 4.160529185684684 2.2580197197676637 4.160529185684684 2.1598449493429825 4.160529185684684 2.0616701789183023 4.160529185684684 1.9634954084936207 4.160529185684685 1.8653206380689396 4.160529185684685 1.767145867644259 4.160529185684684 1.668971097219578 4.160529185684684 1.570796326794897 0 0 1 2 3 4 5 6 7 8 9 10 11 12 13 14 15 16 16
1 2.110757564131 1.595340019401 0 -1.595340019401
7 1 17 19 0 0 3.141592653589793 5.2642487750847 3.0434178831651115 5.264248775084693 2.9452431127404313 5.264248775084695 2.84706834231575 5.264248775084696 2.748893571891069 5.264248775084696 2.650718801466388 5.264248775084695 2.5525440310417067 5.264248775084695 2.454369260617026 5.2642487750846945 2.3561944901923453 5.264248775084695 2.2580197197676637 5.264248775084695 2.1598449493429825 5.264248775084695 2.061670178918302 5.264248775084695 1.9634954084936207 5.2642487750846945 1.8653206380689396 5.2642487750846945 1.767145867644259 5.264248775084695 1.6689710972195777 5.264248775084695 1.5707963267948966 0 0 1 2 3 4 5 6 7 8 9 10 11 12 13 14 15 16 16
1 1.030835089459 1.595340019401 0 -1.595340019401
7 1 17 19 0 2.1314662906888664 5.672827784621421 2.061670178918302 1.595340019401067 2.121098368804765 0.9088729882398214 1.9144080232812801 1.595340019401067 1.8407769454627694 1.595340019401067 1.9754508943985538 0.035489048552399094 1.7180584824319183 1.5707963267948966 1.6444274046134073 1.5707963267948966 1.5707963267948966 1.5707963267948966 1.4971652489763858 1.5707963267948966 1.4235341711578748 1.5707963267948966 1.3744467859455345 1.595340019401067 1.3008157081270237 1.595340019401067 1.227184630308513 1.595340019401067 1.1535535524900022 1.595340019401067 1.0799224746714913 1.595340019401067 1.030835089459151 1.595340019401067 0 0 1 2 3 4 5 6 7 8 9 10 11 12 13 14 15 16 16
7 1 17 19 0 -22.500000000000128 -6.129061917913182 -19.927471329880213 -7.593018469816419 -17.260153755393837 -8.876174540326046 -14.51073489286215 -9.972426547304506 -11.692292889397187 -10.876559954249393 -8.818234214144258 -11.584274074253342 -5.902229887796542 -12.092202527060179 -2.9581504537182783 -12.397929251909323 -0.000000000000015239674242131144 -12.499999999999998 2.9581504537182473 -12.397929251909323 5.902229887796511 -12.092202527060179 8.818234214144228 -11.584274074253342 11.692292889397159 -10.8765599542494 14.510734892862121 -9.972426547304513 17.26015375539381 -8.876174540326046 19.92747132988015 -7.593018469816441 22.5000000000001 -6.129061917913189 0 0 1 2 3 4 5 6 7 8 9 10 11 12 13 14 15 16 16
1 5.264248775085 1.570796326795 -5.264248775085 0
1 5.264248775085 2.5 -5.264248775085 0
1 0 3.14159265359 0 -1.570796326795
1 1.570796326795 -6.129061917913 -1.570796326795 0
7 1 17 19 0 24.999999999999993 0.000000000000002101717277891 24.80969883127821 0.000000000000002101717277891 24.26776695296636 0.000000000000002101717277891 23.456708580912718 0.000000000000002101717277891 22.499999999999993 0.000000000000002101717277891 21.543291419087268 0.000000000000002101717277891 20.732233047033624 0.000000000000002101717277891 20.190301168721774 0.000000000000002101717277891 19.999999999999993 0.000000000000002101717277891 20.190301168721774 0.000000000000002101717277891 20.732233047033624 0.000000000000002101717277891 21.543291419087268 0.000000000000002101717277891 22.499999999999993 0.000000000000002101717277891 23.456708580912718 0.000000000000002101717277891 24.26776695296636 0.000000000000002101717277891 24.809698831278208 0.000000000000002101717277891 24.999999999999993 0.000000000000002101717277891 0 0 1 2 3 4 5 6 7 8 9 10 11 12 13 14 15 16 16
7 1 17 19 0 0.7853981633974483 0 0.98174770424681 0 1.1780972450961724 0 1.3744467859455345 0 1.5707963267948966 0 1.767145867644259 0 1.9634954084936207 0 2.159844949342983 0 2.356194490192345 0 2.552544031041707 0 2.748893571891069 0 2.9452431127404304 0 0 0 0.19634954084936232 0 0.3926990816987239 0 0.5890486225480861 0 0.7853981633974482 0 0 0 1 2 3 4 5 6 7 8 9 10 11 12 13 14 15 16 16
1 1.570796326795 6.129061917913 -1.570796326795 0
7 1 17 19 0 0 3.141592653589793 6.283185307179583 3.0434178831651115 6.283185307179583 2.9452431127404313 6.283185307179583 2.84706834231575 6.283185307179583 2.748893571891069 6.283185307179583 2.6507188014663887 6.283185307179582 2.5525440310417067 6.283185307179582 2.4543692606170255 6.283185307179582 2.356194490192345 6.283185307179582 2.258019719767664 6.283185307179582 2.1598449493429825 6.283185307179582 2.061670178918302 6.283185307179582 1.9634954084936203 6.283185307179582 1.8653206380689396 6.283185307179582 1.7671458676442586 6.283185307179582 1.6689710972195777 6.283185307179582 1.5707963267948966 0 0 1 2 3 4 5 6 7 8 9 10 11 12 13 14 15 16 16
1 6.276902121872 2.4999 0 65.0002
1 0 -67.5001 0 65.0002
1 6.276902121872 -6.129161917913 0 12.258323835826
1 6.276902121872 2.4999 0 65.0002
1 6.276902121872 -6.129161917913 0 12.258323835826
1 0 -0.0001 0 6.28338530718
1 0 -67.5001 0 65.0002
1 6.276902121872 1.570696326795 0 1.570996326795
1 6.276902121872 -0.0001 0 1.570996326795
1 0 -0.0001 0 6.28338530718
1 6.276902121872 -6.129161917913 0 12.258323835826
1 0 1.7499 0 3.525731485048
1 6.276902121872 -6.129161917913 0 12.258323835826
1 6.276902121872 -6.129161917913 0 12.258323835826
1 0 -67.5001 0 65.0002
1 0 -67.5001 0 65.0002
1 6.276902121872 -0.0001 0 1.570996326795
1 6.276902121872 2.4999 0 65.0002
1 6.276902121872 -6.129161917913 0 12.258323835826
1 6.276902121872 2.4999 0 65.0002
1 6.276902121872 1.570696326795 0 1.570996326795
Curves 137
2 -24.4 -6.129061917913 35  0 0 1  1 0 0  0 1 0  1.9
2 -22.5 -6.129061917913 2.5  0 0 1  1 0 0  0 1 0  1.9
2 -23.496116504851262 -7.74700873680505 35  0 0 1  1 0 0  0 1 0  1.9
2 -22.5 -6.129061917913 67.5  0 0 1  1 0 0  0 1 0  1.9
2 -24.4 0 2.5  0 -1 -0  1 0 0  0 -0 1  1.9
2 -24.4 6.129061917913 35  0 0 1  1 0 0  0 1 0  1.9
2 -24.4 0 67.5  0 -1 -0  1 0 0  0 -0 1  1.9
2 -22.5 -6.129061917913 2.5  0 1 -0  1 0 0  0 -0 -1  1.9
2 -22.5 -6.129061917913 2.5  -0.8515509573107958 0.5242718446598743 0  0.5242718446598743 0.8515509573107958 0  0 0 -1  1.9
2 -22.5 -6.129061917913 67.5  0 -1 -0  1 0 0  0 -0 1  1.9
2 -22.5 -6.129061917913 67.5  0.8515509573107958 -0.5242718446598743 0  0.5242718446598743 0.8515509573107958 0  -0 0 1  1.9
2 0 30.416666666667 67.5  0 0 1  1 0 0  0 1 0  44.816666666667
2 23.496116504854278 -7.747008736803451 35  -0 -0 -1  1 0 -0  0 -1 0  44.816666666667
2 0 30.416666666667 2.5  0 0 1  1 0 0  0 1 0  44.816666666667
2 -22.5 6.129061917913 2.5  0.00000000000000222044604925 1 -0.00000000000000000000000000000001383650868339  1 -0.00000000000000222044604925 0.00000000000000000000000000000000000000000000003072322104144664  0 -0.00000000000000000000000000000001383650868339 -1  1.9
2 -22.5 0 0.6000000000000003  0 -1 -0  1 0 0  0 -0 1  1.9
2 -23.496116504851262 7.74700873680505 35  0 0 1  1 0 0  0 1 0  1.9
2 -22.5 6.129061917913 2.5  0 0 1  1 0 0  0 1 0  1.9
2 -22.5 6.129061917913 67.5  0 0 1  1 0 0  0 1 0  1.9
2 -22.5 6.129061917913 67.5  -0.00000000000000222044604925 -1 -0.00000000000000000000000000000001383650868339  1 -0.00000000000000222044604925 -0.00000000000000000000000000000000000000000000003072322104144664  0 -0.00000000000000000000000000000001383650868339 1  1.9
2 -22.5 0 69.4  0 -1 -0  1 0 0  0 -0 1  1.9
2 22.5 -6.129061917913 2.5  -0.8515509573107958 -0.5242718446598743 0  0.5242718446598743 -0.8515509573107958 0  -0 0 1  1.9
2 0 30.416666666667 0.6  0 0 1  1 0 0  0 1 0  42.916666666667
2 22.5 -6.129061917913 67.5  0.8515509573107958 0.5242718446598743 0  0.5242718446598743 -0.8515509573107958 0  0 0 -1  1.9
2 0 30.416666666667 69.4  0 0 1  1 0 0  0 1 0  42.916666666667
2 22.5 -6.129061917913 2.5  -0 0 1  1 0 0  0 1 -0  1.9
2 24.4 -6.129061917913 35  0 0 1  1 0 0  0 1 0  1.9
2 22.5 -6.129061917913 67.5  -0 0 1  1 0 0  0 1 -0  1.9
2 -22.5 6.129061917913 2.5  0.8515509573107958 0.5242718446598743 -0.000000000000000000000000000000012325951644077045  0.5242718446598743 -0.8515509573107958 0.000000000000000000000000000000020020483703621097  0 -0.000000000000000000000000000000023510611469272412 -1  1.9
2 22.5 0 0.6000000000000003  -0 1 0  1 0 0  0 0 -1  1.9
2 0 -30.41666666666 0.6  0 -0 1  1 0 0  -0 1 0  42.916666666667
2 23.496116504857397 7.7470087368085245 35  -0 -0 -1  1 0 -0  0 -1 0  44.816666666667
2 0 -30.41666666666 67.5  0 -0 1  1 0 0  -0 1 0  44.816666666667
2 0 -30.41666666666 2.5  0 -0 1  1 0 0  -0 1 0  44.816666666667
2 -22.5 6.129061917913 67.5  -0.8515509573107958 -0.5242718446598743 -0.000000000000000000000000000000012325951644077045  0.5242718446598743 -0.8515509573107958 -0.000000000000000000000000000000020020483703621097  0 -0.000000000000000000000000000000023510611469272412 1  1.9
2 0 -30.41666666666 69.4  0 -0 1  1 0 0  -0 1 0  42.916666666667
2 22.5 0 69.4  -0 1 0  1 0 0  0 0 -1  1.9
2 0 0 69.4  0 -0 1  1 0 0  -0 1 0  7.5
2 22.5 -6.129061917913 2.5  0.0000000000000017763568394 -1 0.000000000000000000000000000000003673635960264  1 0.0000000000000017763568394 -0.000000000000000000000000000000000000000000000006525688363480743  -0 0.000000000000000000000000000000003673635960264 1  1.9
2 22.5 -6.129061917913 67.5  -0.0000000000000017763568394 1 0.000000000000000000000000000000003673635960264  1 0.0000000000000017763568394 0.000000000000000000000000000000000000000000000006525688363480743  0 0.000000000000000000000000000000003673635960264 -1  1.9
2 24.4 0 2.5  -0 1 0  1 0 0  0 0 -1  1.9
2 24.4 0 67.5  -0 1 0  1 0 0  0 0 -1  1.9
2 24.4 6.129061917913 35  0 0 1  1 0 0  0 1 0  1.9
2 22.5 6.129061917913 2.5  0.8515509573107958 -0.5242718446598743 0  0.5242718446598743 0.8515509573107958 0  -0 0 1  1.9
2 22.5 6.129061917913 2.5  -0.000000000000004107825191113 -1 0.0000000000000000000000000000000169269921078  1 -0.000000000000004107825191113 0.00000000000000000000000000000000000000000000006953312459019178  -0 0.0000000000000000000000000000000169269921078 1  1.9
2 22.5 6.129061917913 2.5  0 0 -1  1 0 0  0 -1 0  1.9
2 22.5 6.129061917913 67.5  0 0 -1  1 0 0  0 -1 0  1.9
2 22.5 6.129061917913 67.5  -0.8515509573107958 0.5242718446598743 0  0.5242718446598743 0.8515509573107958 0  0 0 -1  1.9
2 22.5 6.129061917913 67.5  0.000000000000004107825191113 1 0.0000000000000000000000000000000169269921078  1 -0.000000000000004107825191113 -0.00000000000000000000000000000000000000000000006953312459019178  0 0.0000000000000000000000000000000169269921078 -1  1.9
2 7.5 -0.000000000000001836970198721 70  0.0000000000000002449293598295 1 0  1 -0.0000000000000002449293598295 0  0 0 -1  0.6
2 0 0 70  0 0 1  1 0 0  0 1 0  6.9
2 0 0 77  0 0 1  1 0 0  0 1 0  6.9
1 6.9 0 70 0 0 1
2 0 0 77  0 0 1  1 0 0  0 1 0  7.5
7 8  121  18  0  -0.00000000000003641531520771 -7.5 75.25  -0.003585675934901 -7.5 75.252140259838  -0.007991792945887 -7.49999804056 75.254366947632  -0.01331959291313 -7.499992549717 75.256666735878  -0.01963444259752 -7.499981168099 75.25901182171  -0.02694426293564 -7.499960508474 75.261369269339  -0.03518583707748 -7.499926569126 75.263706393227  -0.04421899716705 -7.499875801054 75.265992181996  -0.0644878705245 -7.499730324388 75.270637891093  -0.07616027662388 -7.499629210848 75.273048479475  -0.0888522385487 -7.499497725977 75.275426186576  -0.102569948869 -7.499329238915 75.277770671324  -0.11731946234 -7.499116250334 75.280081593211  -0.133106695903 -7.498850392435 75.282358612295  -0.149937428683 -7.498522428951 75.284601389199  -0.193316074659 -7.497551560902 75.289958728538  -0.219014255568 -7.496877250997 75.292798759895  -0.244849574298 -7.496097987925 75.295406894643  -0.270785564375 -7.495213124621 75.297823534673  -0.296796804057 -7.494222346297 75.300077846147  -0.322866015215 -7.493125427311 75.30219329023  -0.34898496715 -7.491922041656 75.304186327886  -0.41418969115 -7.48865640362 75.30888412853  -0.453318082809 -7.486463634525 75.311455556973  -0.492510145952 -7.484032465204 75.313831124719  -0.53174741943 -7.481362492398 75.316040564974  -0.571016476445 -7.47845353806 75.31810497542  -0.610307280229 -7.475305505162 75.320041163256  -0.649612561181 -7.471918253995 75.321863384559  -0.781353403656 -7.459765543629 75.32762380788  -0.873820489154 -7.449917365027 75.331095266469  -0.96625569393 -7.438745697531 75.334141314011  -1.058606988242 -7.426251635978 75.336836929392  -1.15083184051 -7.412437565035 75.339235795104  -1.242894705446 -7.397306436065 75.341380693459  -1.334767663001 -7.380861206054 75.343301071135  -1.530287294068 -7.342983893367 75.346973535759  -1.633866235384 -7.321180813736 75.348668944809  -1.737123758625 -7.297700353197 75.350145051819  -1.840021631356 -7.272548899858 75.351428200128  -1.942523445412 -7.245733742669 75.35253863138  -2.044594196615 -7.217262943486 75.353492904037  -2.146200073501 -7.187145229498 75.354305079996  -2.448800316682 -7.092106930546 75.356344991164  -2.648314297088 -7.022321046128 75.357185100905  -2.845588641743 -6.94610725998 75.35759832419  -3.040371338304 -6.863552607783 75.357645888464  -3.232418304562 -6.774755278688 75.357371892229  -3.421492256257 -6.67982404279 75.356811506791  -3.607362254811 -6.578877981136 75.355994420482  -3.992424758048 -6.353398855506 75.353776394963  -4.190817927504 -6.227491144022 75.352321261009  -4.384674566034 -6.094501707201 75.350609875443  -4.573697285604 -5.954623151093 75.348667676242  -4.757600086912 -5.808062246378 75.346515062317  -4.936108258862 -5.655039810353 75.344168668397  -5.108958278029 -5.495790588902 75.341642639921  -5.400480714331 -5.207257742821 75.336940384788  -5.521772814794 -5.080622084104 75.334838010444  -5.639669427674 -4.9507592937 75.332647790214  -5.754070211656 -4.81777601578 75.33037431305  -5.864879065965 -4.681782407311 75.328021751538  -5.972004130365 -4.542892138056 75.325593861898  -6.07535778516 -4.401222390576 75.323093983979  -6.425955871316 -3.892660750263 75.314041957216  -6.652527207507 -3.511462124622 75.30711896093  -6.85319741074 -3.115271411918 75.299805730927  -7.026823395641 -2.706154606547 75.29214023443  -7.172465830016 -2.286258056191 75.284152300252  -7.289380705535 -1.857803191128 75.275866445059  -7.37702888955 -1.423088195373 75.267303953017  -7.4707394124 -0.715368699583 75.253072250293  -7.495242059825 -0.444763699731 75.247563096972  -7.508540138069 -0.173223666502 75.241961050709  -7.510593663226 0.09870946138301 75.236269969503  -7.501394120903 0.37049401666 75.230493348499  -7.480964457365 0.641588767276 75.224634401012  -7.449359070688 0.911453080133 75.218696139545  -7.383404050216 1.325600738135 75.209404746497  -7.356722592994 1.471947733982 75.206086984572  -7.326569841309 1.618484419273 75.202728325656  -7.292899890635 1.765103643033 75.199328923941  -7.255670829485 1.911694835516 75.195888929928  -7.214845048046 2.058144087327 75.192408487176  -7.170389546802 2.204334228533 75.188887729049  -7.074162957244 2.495955545457 75.181765822893  -7.022391751707 2.641387110652 75.178164595991  -6.96693465249 2.786318908275 75.174523695691  -6.907768515796 2.930627661756 75.170842037968  -6.844875190268 3.074187768777 75.167120467802  -6.778241797231 3.216871335818 75.163360044782  -6.707861057944 3.358548222605 75.159560113471  -6.371708884292 3.995841243201 75.142152257421  -6.067119184543 4.470274330102 75.128317388947  -5.722258122387 4.917963420616 75.114236679183  -5.339917033518 5.33495112134 75.099919932296  -4.923288424798 5.71767425242 75.085377525728  -4.475934877991 6.062939788746 75.070619862666  -4.001813224309 6.367955830648 75.055655564571  -3.013603521149 6.890398382995 75.025485639169  -2.499728721187 7.108741898224 75.010277255814  -1.96798481296 7.283168458593 74.994885878278  -1.422773890077 7.412027154943 74.979318891235  -0.868607791304 7.494197136241 74.963580633361  -0.310093115772 7.52905289814 74.947674700708  0.248069791849 7.516502111611 74.931606429139  1.328710096306 7.400415000855 74.899908780548  1.851848470118 7.301057616588 74.884287367697  2.366322795543 7.159448494405 74.86852918139  2.868158700552 6.976510004928 74.85263842557  3.353547329531 6.753582234237 74.836617102764  3.818840295855 6.492394765959 74.820466730154  4.260565910723 6.195090245084 74.804190312984  5.333309219385 5.339817520093 74.761798447645  5.924612897107 4.730438406219 74.735467088593  6.435375629991 4.046816042889 74.708854168352  6.855270252427 3.30168349286 74.681963878846  7.176091800536 2.508853968365 74.654793784338  7.392169109641 1.683358845995 74.627340931287  7.500000003139 0.841211970402 74.599602660006  7.5 0 74.571632751149 0 0.003971356288121 0.008376429942695 0.01465857578143 0.02403121098767 0.04606486624494 0.07103114700324 0.12078471152 0.176041318374 0.217278036324 0.321344626536 0.385201815131 0.419990268137 0.45477871123 0.577744152643 0.699539275759 0.815747307164 1 9 7 7 7 7 7 7 7 7 7 7 7 7 7 7 7 7 9
7 8  65  10  0  7.5 -0.0000000000000026645352591 73.937500002206  7.499999999997 0.396128713697 73.952210698918  7.476088666332 0.792279037086 73.966922190503  7.428261591834 1.186735361235 73.981633338451  7.356666798725 1.577812338154 73.996344051379  7.261590195657 1.963853011729 74.011054762248  7.143450539403 2.343228982176 74.025765905941  7.002803901208 2.714342604033 74.040477397181  6.574097015897 3.667808156229 74.079299979092  6.249146790363 4.233863116915 74.103420885052  5.868628569147 4.766662584304 74.127537005406  5.436617358367 5.259904488819 74.151649092033  4.957914637556 5.707973257129 74.175761186657  4.437973770753 6.105885234144 74.199877382839  3.882956798077 6.449357297264 74.223998454185  2.919714353667 6.921308370072 74.263832469879  2.527482919281 7.083071162971 74.279555865349  2.125090023022 7.219390192884 74.295278785381  1.714468660392 7.329534565003 74.311001107021  1.297595299359 7.412951477444 74.326723434781  0.87648648218 7.469259616385 74.342446374472  0.453198878375 7.498256627936 74.358169801196  -0.386289451371 7.501595891431 74.389345430843  -0.80254410582 7.476865046029 74.404799748035  -1.216938810295 7.42573432004 74.420253626823  -1.627519204264 7.34837688145 74.43570695201  -2.032366406986 7.245133369295 74.451160277453  -2.429597200082 7.116505175982 74.46661415945  -2.817366916541 6.963160519381 74.48206848551  -3.800862709602 6.5002686425 74.522434861521  -4.378908713926 6.152410432828 74.547358693542  -4.920164417877 5.745958305942 74.5722767773  -5.417799755193 5.285586190075 74.597190252036  -5.865739273412 4.776730821026 74.622103739532  -6.258698254766 4.225600178619 74.647021844008  -6.592172314817 3.639136236881 74.671945750545  -7.109021774232 2.46667468093 74.719529319349  -7.303377057536 1.884997059996 74.74220648202  -7.443193429546 1.286117166058 74.764880699911  -7.526785613791 0.676027181211 74.787551234485  -7.553246205573 0.06080589465886 74.810221764735  -7.522384913245 -0.553403543267 74.832895972849  -7.434792254166 -1.160404665635 74.855573128493  -7.159332021214 -2.305629145698 74.899315312145  -6.9789059867 -2.845960771541 74.920391566855  -6.751917060247 -3.369935667351 74.941465772818  -6.480151407618 -3.872891667317 74.962537417021  -6.165903533296 -4.350458037144 74.983609067125  -5.811935919508 -4.798543842837 75.004683292257  -5.421508672834 -5.213367833146 75.025759573936  -4.691584092186 -5.865874915361 75.062118038824  -4.367460973755 -6.120986755224 75.077405816803  -4.02754347276 -6.355576427372 75.09269316983  -3.673356872336 -6.568512623194 75.107979990547  -3.306507814324 -6.758806415191 75.123266805894  -2.928679982324 -6.925606670043 75.138554145997  -2.541635742619 -7.068206112922 75.15384191152  -1.886408184044 -7.263990806336 75.179237566234  -1.622356545054 -7.331105840076 75.189346529023  -1.355596913347 -7.387245567423 75.199455453468  -1.086662356454 -7.432283829369 75.209564324111  -0.816090733972 -7.466125908532 75.219673203668  -0.544424509475 -7.488708552971 75.229782152286  -0.272210562409 -7.5 75.239891146801  -0.0000000000000106581410364 -7.5 75.25 0 0.08967221799268 0.236651163689 0.332490345912 0.426689707165 0.578553234523 0.716747098673 0.845194458244 0.938379127424 1 9 7 7 7 7 7 7 7 7 9
1 7.5 0 70 0 0 1
7 6  92  19  0  7.5 0 74.571632751149  7.5 -0.592767166765 74.551923518838  7.443780209964 -1.185598083936 74.532075257497  7.331319093536 -1.771666474852 74.51209501131  7.163743560275 -2.344405935094 74.491981774603  6.943056058335 -2.897463051887 74.471734205045  6.416586188859 -3.923168616383 74.432102122658  6.116082332838 -4.398668949424 74.41272718988  5.773496491783 -4.846161739073 74.393239805736  5.392158874755 -5.261115398751 74.373639346593  4.975959274379 -5.639469100732 74.353924355925  4.108577223042 -6.296703856227 74.315409020762  3.660690475879 -6.58009290806 74.296617813655  3.189651194912 -6.825027980396 74.277728968616  2.699596370561 -7.029254712891 74.258740620787  2.194910777037 -7.191050697391 74.23965103663  1.372510234769 -7.380104453884 74.208990196029  1.061168291176 -7.435303315149 74.197480653325  0.74724026425 -7.474725053996 74.185936172835  0.431723919721 -7.498227810476 74.17435699452  0.115625386758 -7.505754277911 74.16274322387  -0.340465976304 -7.493584989579 74.145913068619  -0.480803764326 -7.486682208361 74.140724483059  -0.620968513798 -7.476625667219 74.13552898454  -0.760872576309 -7.463421055037 74.130326482231  -0.90042698647 -7.447077491129 74.125116903956  -1.172541532872 -7.408993309593 74.11491277486  -1.305140371103 -7.387521493439 74.109918843076  -1.437262440979 -7.363202602265 74.104918452659  -1.568831795685 -7.336050085866 74.099911662089  -1.699772077217 -7.306080318348 74.094898536511  -2.351150630747 -7.142189796456 74.06979363935  -2.861062827142 -6.966247372541 74.049605221096  -3.354824079862 -6.746708958788 74.029318709822  -3.827857207315 -6.485503760368 74.008929135102  -4.275867745507 -6.185120100455 73.988434093607  -4.9994873128 -5.604253905563 73.95286622813  -5.288783105032 -5.340733438242 73.937840525711  -5.561302564433 -5.059382117159 73.922760105333  -5.815696489293 -4.761546279978 73.907624542697  -6.050753198919 -4.448697151818 73.892433274076  -6.648422003851 -3.540342098897 73.849983793191  -6.966610285902 -2.915414417824 73.822597759852  -7.213783576185 -2.256976874466 73.795040379135  -7.385954298965 -1.575088174684 73.767301779316  -7.480677547527 -0.880287743182 73.739370687287  -7.512024412128 0.398726246435 73.687747729452  -7.471998952328 0.982598447875 73.664103462207  -7.377494951466 1.561382347123 73.640328604528  -7.229409701638 2.128814454187 73.616418290886  -7.02946791447 2.678807523422 73.592366936571  -6.562721465645 3.666091197523 73.547025829847  -6.307429257383 4.108937911382 73.525765078186  -6.016418361048 4.530162378897 73.504396563629  -5.692026161066 4.926239163916 73.48291660505  -5.33699925383 5.293951904286 73.461321047606  -4.628609171421 5.917305970007 73.421104572013  -4.282706753495 6.181504539883 73.40251344513  -3.91886192164 6.421307880308 73.38383676139  -3.539235612038 6.635236089525 73.365072046922  -3.146133894629 6.82204798111 73.346216619077  -2.386833610996 7.120298736623 73.310616306685  -2.023119139155 7.238130957534 73.293891336494  -1.652556499704 7.333619173474 73.277094273181  -1.276860171779 7.406291685605 73.260223198944  -0.897781675065 7.455842613777 73.243275997897  0.111580068714 7.525602466672 73.198134992457  0.744730260737 7.505666676783 73.169802552481  1.374130776225 7.421750038128 73.141255128487  1.991827676081 7.274761380046 73.112478426154  2.590075154179 7.066717846919 73.083456210938  3.611105795948 6.59210211299 73.03114930138  4.044203974209 6.34739468174 73.007954982407  4.457129284195 6.068674429883 72.984599548523  4.846608863795 5.758064799473 72.961074700008  5.209645277673 5.418061991398 72.937370472456  5.870830605315 4.692484609604 72.890067868901  6.170169490714 4.307916913265 72.866474203557  6.439080566555 3.900661613554 72.842692965819  6.67548774185 3.47374544802 72.818711806946  6.877683025181 3.030416078033 72.794518488615  7.121564111623 2.363020808871 72.758803125606  7.190552301409 2.150669002354 72.747539627146  7.251445327268 1.937571851797 72.736314218245  7.304356339495 1.724156661645 72.725128304789  7.349428199025 1.510830698261 72.713982991558  7.42446079109 1.083818772952 72.691706264804  7.454640285614 0.868354657089 72.680482698379  7.477311586252 0.651912750502 72.669206845055  7.492437522554 0.434820055564 72.657877160716  7.5 0.217405512622 72.646491827131  7.5 -0.0000000000000017763568394 72.635048751961 0 0.07530230790033 0.146473552728 0.213570660009 0.253696854925 0.27154700404 0.288612597619 0.356902012534 0.406535322368 0.495091784943 0.569148895363 0.633906768765 0.689105306128 0.737622849371 0.81775186969 0.880814918058 0.942616419111 0.971220147961 1 7 5 5 5 5 5 5 5 5 5 5 5 5 5 5 5 5 5 7
1 7.5 0 70 0 0 1
7 1  2  2  0  -0.00000000000000222044604925 -7.425 71.75  -0.0000000000000004440892098501 -7.875 71.75 0 1 2 2
7 8  72  11  0  7.5 -0.0000000000000017763568394 72.635048751961  7.5 -0.566663252713 72.605222598433  7.451068941405 -1.133408128325 72.575015900492  7.353184839683 -1.695100890024 72.544407124179  7.207010347263 -2.246806209933 72.513359369399  7.013769513946 -2.783758326892 72.481824820144  6.77520496798 -3.301357074267 72.449745609118  6.493615517814 -3.795188777794 72.41705109678  5.933231556868 -4.606880135215 72.358860312463  5.672364928099 -4.937373124814 72.333674827292  5.390553442339 -5.250857002291 72.308055726647  5.089114958196 -5.545785520045 72.281953703208  4.769492132063 -5.820746088918 72.25530205115  4.433246599442 -6.074454987574 72.228016985015  4.082066479298 -6.305763848715 72.199985781186  3.549724161311 -6.609607209758 72.157659857058  3.378863446241 -6.700558236513 72.144098061636  3.205387512039 -6.786436223985 72.130319172508  3.029478610344 -6.867152585612 72.116300369733  2.851323856302 -6.942626348924 72.102014661157  2.671115875615 -7.012784337945 72.087428649214  2.489054265905 -7.077561599316 72.072497629931  2.197519166155 -7.171732685755 72.048154255598  2.089124347664 -7.20469002383 72.039009672463  1.980205063904 -7.2357629607 72.029711478627  1.870804760457 -7.264941236869 72.020243917491  1.760968643315 -7.292215561441 72.010588430732  1.650744149674 -7.317577763602 72.000722221226  1.540181927712 -7.341020993145 71.9906152201  1.342620801102 -7.37937480765 71.972097285322  1.255734908523 -7.395031265958 71.963796403389  1.168703380114 -7.409507571927 71.955301927005  1.081553878881 -7.422801794087 71.94658968306  0.994320274469 -7.434912252408 71.937626810005  0.907042520022 -7.44583789143 71.928372081517  0.819769379111 -7.455578801896 71.918768826713  0.678079712093 -7.469484963096 71.902436342137  0.623631898258 -7.474369746143 71.895982139715  0.569232274618 -7.478793457556 71.88932735778  0.514895280561 -7.482757032693 71.882444389338  0.46065471348 -7.486261054756 71.875287112705  0.406558187338 -7.489306387371 71.867800235719  0.352673463443 -7.491895108321 71.859906648375  0.275020666102 -7.494994735326 71.847602034644  0.252010419243 -7.495824418372 71.843824977415  0.23010015575 -7.49653563471 71.840091943488  0.209285094308 -7.497141830029 71.836402856766  0.189560225685 -7.49765546797 71.83275763596  0.170920312727 -7.498088030131 71.829156194587  0.153359890362 -7.498450016062 71.825598440969  0.120386641899 -7.499051870455 71.818570115723  0.104973887629 -7.499291779917 71.815099549348  0.09062932108714 -7.499480184004 71.811672482086  0.07734713078922 -7.499625696092 71.808288812427  0.06512137547537 -7.499736030589 71.804948434371  0.05394598410771 -7.499818002932 71.801651237432  0.0438147558707 -7.499877529586 71.798397106632  0.02562796251251 -7.499961726515 71.79197473769  0.01757243273724 -7.499986443558 71.788806503728  0.01054844921331 -7.499998793988 71.785681098643  0.004549613189419 -7.50000298744 71.782598396508  -0.0004305512050313 -7.500002428374 71.779558267452  -0.00439859695991 -7.499999716076 71.776560577653  -0.007361154184366 -7.499996644655 71.773605189348  -0.01141809219857 -7.499991600562 71.767586790092  -0.01203305442648 -7.499990071925 71.765041242333  -0.01223054626268 -7.499990663672 71.762416425853  -0.01150314167081 -7.4999897484 71.759481695438  -0.009507791422377 -7.499996531032 71.756263616976  -0.005345965081215 -7.499999910332 71.7532436969  -0.001327187678116 -7.5 71.750792187174  -0.000000000000001535230276239 -7.5 71.75 0 0.367480738491 0.640248264426 0.766097383979 0.839966058254 0.897755382642 0.933866725724 0.950132126028 0.966397525286 0.982662928047 1 9 7 7 7 7 7 7 7 7 7 9
7 1  2  2  0  -0.0000000000000186517468137 -7.425 75.25  -0.00000000000001998401444325 -7.875 75.25 0 1 2 2
7 12  46  5  0  -0.0000000000000004440892098501 -7.875 71.75  -0.03535735187134 -7.875000000001 71.770008168275  0.115738166709 -7.87477286685 71.797177874893  0.470200191281 -7.87780178708 71.831978565719  1.042290058272 -7.866133734866 71.87480095204  1.847257142006 -7.802390058216 71.925923530684  2.889017659722 -7.602398660819 71.985476762933  4.149830528891 -7.161491273956 72.053409398619  5.56023359051 -6.325806752013 72.129462962839  6.925147323999 -4.929641388893 72.213164276498  7.903798753392 -2.96561223243 72.303841498141  8.203166013897 -0.64590523396 72.400658653994  7.182098359313 4.015792497125 72.604663650258  5.861581843573 6.357712327394 72.711851490537  3.602526264483 8.365990302395 72.823270081137  0.432829348499 9.560937605892 72.93784620511  -3.293153683607 9.410153832074 73.054433528599  -6.922418003807 7.548358568553 73.171868966815  -9.321878557665 4.073658938958 73.289032236695  -9.874007473424 0.05932670902835 73.404897091452  -8.732342767858 -3.588126743632 73.51856437975  -6.399204167967 -6.228235216491 73.629278489619  -3.506636153384 -7.630209416592 73.736430136135  2.307728695278 -8.07409320743 73.942669613967  5.384132398906 -7.12779166073 74.047248912966  8.100885874995 -4.867243959518 74.152592300626  9.793475193123 -1.416278638313 74.25788527148  9.853411669019 2.669821191684 74.362200796262  7.975539953531 6.513576252484 74.464516764108  4.58865471056 8.920603539011 74.563747305588  0.843942775393 9.590567146533 74.658788709336  -2.52580707207 8.800728877201 74.748577698575  -5.070827135715 7.045663904459 74.832149160344  -6.689938186048 4.820461673366 74.908683006763  -8.243668751744 0.18452422347 75.046386765785  -8.17835224244 -2.226113082018 75.107556678577  -7.356702108754 -4.351768208091 75.160400271296  -6.054747569723 -5.928133320995 75.204448933626  -4.63368870255 -6.914850245267 75.239440482946  -3.323170628994 -7.464764811596 75.26533375825  -2.21420578774 -7.736150719827 75.282301748585  -1.334542360022 -7.840708013921 75.29070306876  -0.687670068886 -7.871739684394 75.29104091947  -0.259036375541 -7.874774134926 75.283920299617  -0.03535735187128 -7.875 75.270008168261  -0.00000000000001998401444325 -7.875 75.25 0 0.785398163397 1.570796326795 2.356194490192 3.14159265359 13 11 11 11 13
7 7  80  14  0  7.5 -0.0000000000000026645352591 72.187500002206  7.499999999999 0.459030415844 72.204546626183  7.467223018116 0.918091376217 72.221594373198  7.401661485008 1.37432023764 72.238641301625  7.303630516682 1.824919190135 72.255687708202  7.173725910726 2.267149716805 72.272734635963  7.012823375582 2.698336028889 72.289782383036  6.51174701176 3.795427491722 72.334572454903  6.122261374602 4.439216787699 72.362328502025  5.65882909624 5.035614446799 72.390074114057  5.12856951382 5.574722617428 72.417816596655  4.539922890912 6.04796104308 72.445562196268  3.902666296278 6.448047339911 72.473318266664  2.804158280778 6.971911667062 72.518513945838  2.365151778059 7.143206175909 72.535967457928  1.914097669774 7.282174357376 72.553420052143  1.453854621626 7.387837298397 72.570872061973  0.987353591061 7.459522118024 72.588324659668  0.517593884066 7.496862853109 72.605778180353  -0.430251780989 7.502884967809 72.640978250438  -0.908414990333 7.470393419827 72.658727361079  -1.383605753032 7.402344169822 72.676475476436  -1.852666228201 7.29908866862 72.694222977182  -2.312508206607 7.161306183642 72.711971150907  -2.760117135174 6.990003681706 72.729720351414  -3.865751680372 6.469886411425 72.775095645165  -4.502588321715 6.075156238366 72.802735529104  -5.091654623417 5.607609332657 72.830365203244  -5.623249636665 5.074375826343 72.8579918013  -6.088982181445 4.483873966956 72.885621480468  -6.481751415009 3.845824218486 72.913261430449  -6.932053854433 2.880900525522 72.952804898265  -7.05323572407 2.5833547051 72.964721037944  -7.159497376625 2.279908266185 72.976637054982  -7.250498623192 1.971459873537 72.988552990453  -7.325968266549 1.658928793231 73.000469011177  -7.385704228716 1.343254289924 73.012385163768  -7.484796496976 0.625274106012 73.039300933119  -7.514881497054 0.221667516523 73.054301330205  -7.519559672076 -0.18350155207 73.069301291006  -7.498755440426 -0.588317369457 73.084300973783  -7.452566838805 -0.990872301543 73.099300932852  -7.381265437625 -1.3892684584 73.11430132717  -7.138633636734 -2.381426709212 73.152232013703  -6.934306337789 -2.967272824465 73.175167739031  -6.673973304063 -3.532274529613 73.198099918182  -6.360281445105 -4.070098645782 73.221029843154  -5.996664161181 -4.574858615171 73.243962031062  -5.587330715698 -5.041132707033 73.266897769891  -4.771344884765 -5.808339735275 73.30849092191  -4.378278892743 -6.12398700882 73.327154937237  -3.96100626984 -6.408454419802 73.345817667025  -3.522511824202 -6.659562243159 73.364479568848  -3.065985707208 -6.875483603185 73.383142281636  -2.594818231674 -7.054747423983 73.401806286833  -1.767971343655 -7.297486238021 73.433808027027  -1.417649075237 -7.379412859747 73.447147860296  -1.062970285752 -7.441698431432 73.460487455528  -0.705256414139 -7.484076072498 73.473826924872  -0.345842120743 -7.506387684723 73.487166547321  0.01392549686389 -7.50858402752 73.500506356107  1.124530917765 -7.453328087369 73.54180103161  1.872347020336 -7.327862996493 73.569769344539  2.603113947444 -7.114848843544 73.597726674192  3.304734442106 -6.817331352299 73.625680811877  3.965873541369 -6.440117025504 73.653638177119  4.575931939671 -5.989784315368 73.681606420511  5.573348989742 -5.056097429439 73.732343328069  5.981292998086 -4.594029295581 73.755129782384  6.344231236856 -4.093844670448 73.777912806006  6.658018301078 -3.5608463644 73.800693635906  6.91926382006 -3.000793174489 73.823476648195  7.1253427189 -2.41988253773 73.846263103998  7.338680502397 -1.569431128195 73.878824131145  7.392291145647 -1.311382692421 73.88860347886  7.43530958102 -1.051225025776 73.898382783981  7.467638449186 -0.789479999431 73.908162061139  7.489212775994 -0.526673598073 73.917941370731  7.500000000002 -0.263335723796 73.92772072635  7.5 -0.0000000000000026645352591 73.937500002206 0 0.06819130815305 0.179172876073 0.248986811666 0.319982989193 0.430501319686 0.478168577144 0.538172071997 0.629902168526 0.704556511145 0.757918205668 0.869746697064 0.960880172207 1 8 6 6 6 6 6 6 6 6 6 6 6 6 8
1 7.5 0 70 0 0 1
2 0 0 70  0 0 1  1 0 0  0 1 0  7.5
7 6  22  5  0  -0.00000000000003706757123467 -7.5 71.75  0.382815305657 -7.5 71.76421628791  0.765638517873 -7.476551811131 71.778432902155  1.146657780692 -7.429656395777 71.792649181802  1.524086589339 -7.359496557168 71.806865448597  1.896166386679 -7.26643658269 71.821082035615  2.811297611356 -6.977070036911 71.856724948407  3.34542654346 -6.752313730895 71.878153836318  3.857558107826 -6.478627944813 71.899580083981  4.342214227121 -6.158798180499 71.921006347403  4.794335593943 -5.79631320565 71.94243526023  5.715839918966 -4.906599127594 71.990003787123  6.167311771957 -4.360490609998 72.016151729582  6.555485661008 -3.765193172468 72.042292616991  6.874089220553 -3.129937638745 72.068433490117  7.118309970529 -2.464793016302 72.094581412603  7.356638305432 -1.489861781303 72.131852702874  7.413845577635 -1.195326675499 72.142982159495  7.456888329585 -0.898218439519 72.15411163883  7.485629371311 -0.599387508375 72.165241117713  7.500000000001 -0.299692456952 72.176370577127  7.5 -0.0000000000000026645352591 72.187500002206 0 0.194972817594 0.48883385702 0.847363056105 1 7 5 5 5 7
7 12  24  3  0  -0.00000000000002555059116002 -7.875 75.25  -4.123340357838 -7.874999999999 75.10416666668  -8.246595766548 -5.519740571278 74.958333333277  -10.89079172517 -0.809375955456 74.812500000137  -10.57164978191 5.223913569154 74.666666666434  -6.635647200213 10.509882107839 74.52083333363  0.00000000002693667511267 12.690641823762 74.374999999709  6.635647200165 10.509882107836 74.229166666891  10.571649781953 5.223913569157 74.083333333196  10.890791725153 -0.809375955459 73.937500000065  8.246595766555 -5.519740571277 73.791666666644  4.123340357836 -7.874999999999 73.645833333338  -4.123340357836 -7.875 73.354166666662  -8.246595766554 -5.519740571272 73.208333333353  -10.89079172515 -0.80937595547 73.062499999954  -10.57164978194 5.223913569179 72.916666666743  -6.635647200184 10.509882107805 72.770833333238  -0.00000000000328656832505 12.690641823798 72.625000000091  6.63564720019 10.509882107806 72.479166666602  10.571649781938 5.223913569177 72.333333333368  10.89079172516 -0.809375955469 72.187499999987  8.246595766553 -5.519740571273 72.04166666667  4.123340357837 -7.875 71.895833333333  -0.000000000000001753149708221 -7.875 71.75 -0 6.522339887215 13.04467977443 13 11 13
2 0 -30.41666666666 70  0 0 1  1 0 0  0 1 0  42.916666666667
2 -22.5 0 70  0 -1 -0  1 0 0  0 -0 1  2.5
2 0 30.416666666667 70  0 0 1  1 0 0  0 1 0  42.916666666667
2 22.5 0 70  -0 1 0  1 0 0  0 0 -1  2.5
2 22.5 6.129061917913 67.5  -0.8515509573107958 0.5242718446598743 0  0.5242718446598743 0.8515509573107958 0  0 0 -1  2.5
2 0 -30.41666666666 67.5  0 0 1  1 0 0  0 1 0  45.416666666667
2 -22.5 6.129061917913 67.5  -0.8515509573107958 -0.5242718446598743 0  0.5242718446598743 -0.8515509573107958 0  -0 0 1  2.5
2 -25 0 67.5  0 -1 -0  1 0 0  0 -0 1  2.5
2 -22.5 6.129061917913 67.5  -0.000000000000002164934898019 -1 0  1 -0.000000000000002164934898019 0  -0 0 1  2.5
2 -22.5 -6.129061917913 67.5  0 -1 0  1 0 0  -0 0 1  2.5
2 -22.5 -6.129061917913 67.5  0.8515509573107958 -0.5242718446598743 0  0.5242718446598743 0.8515509573107958 0  -0 0 1  2.5
2 0 30.416666666667 67.5  0 0 1  1 0 0  0 1 0  45.416666666667
2 22.5 -6.129061917913 67.5  0.8515509573107958 0.5242718446598743 0  0.5242718446598743 -0.8515509573107958 0  0 0 -1  2.5
2 25 0 67.5  -0 1 0  1 0 0  0 0 -1  2.5
2 22.5 -6.129061917913 67.5  -0.0000000000000017763568394 1 0  1 0.0000000000000017763568394 0  0 0 -1  2.5
2 22.5 6.129061917913 67.5  0.000000000000004107825191113 1 0  1 -0.000000000000004107825191113 0  0 0 -1  2.5
2 22.5 6.129061917913 67.5  0 -0 -1  1 0 0  0 -1 0  2.5
2 23.81067961165387 8.257939311194662 35  -0 -0 -1  1 0 -0  0 -1 0  45.416666666667
2 -23.810679611653146 8.257939311195116 35  -0 -0 -1  1 0 -0  0 -1 0  45.416666666667
2 0 -30.41666666666 2.5  0 0 1  1 0 0  0 1 0  45.416666666667
2 -22.5 6.129061917913 67.5  0 0 1  1 0 0  0 1 0  2.5
2 -25 0 2.5  0 -1 -0  1 0 0  0 -0 1  2.5
2 -25 6.129061917913 35  0 0 1  1 0 0  0 1 0  2.5
2 -25 -6.129061917913 35  0 0 1  1 0 0  0 1 0  2.5
2 -22.5 -6.129061917913 67.5  0 0 1  1 0 0  0 1 0  2.5
2 -23.81067961165002 -8.257939311190036 35  -0 -0 -1  1 0 -0  0 -1 0  45.416666666667
2 23.81067961165002 -8.257939311190036 35  -0 -0 -1  1 0 -0  0 -1 0  45.416666666667
2 0 30.416666666667 2.5  0 0 1  1 0 0  0 1 0  45.416666666667
2 22.5 -6.129061917913 67.5  0 0 1  1 0 0  0 1 0  2.5
2 25 0 2.5  -0 1 0  1 0 0  0 0 -1  2.5
2 25 -6.129061917913 35  0 0 1  1 0 0  0 1 0  2.5
2 25 6.129061917913 35  0 0 1  1 0 0  0 1 0  2.5
2 22.5 6.129061917913 2.5  0 -0 -1  1 0 0  0 -1 0  2.5
2 22.5 6.129061917913 2.5  0.8515509573107958 -0.5242718446598743 0  0.5242718446598743 0.8515509573107958 0  -0 0 1  2.5
2 -22.5 6.129061917913 2.5  0.8515509573107958 0.5242718446598743 -0  0.5242718446598743 -0.8515509573107958 0  0 -0 -1  2.5
2 0 -30.41666666666 0  0 0 1  1 0 0  0 1 0  42.916666666667
2 -22.5 6.129061917913 2.5  0 0 1  1 0 0  0 1 0  2.5
2 -22.5 6.129061917913 2.5  0.000000000000002164934898019 1 -0  1 -0.000000000000002164934898019 0  0 -0 -1  2.5
2 -22.5 0 0  0 -1 -0  1 0 0  0 -0 1  2.5
2 -22.5 -6.129061917913 2.5  0 1 -0  1 0 0  0 -0 -1  2.5
2 -22.5 -6.129061917913 2.5  0 0 1  1 0 0  0 1 0  2.5
2 -22.5 -6.129061917913 2.5  -0.8515509573107958 0.5242718446598743 0  0.5242718446598743 0.8515509573107958 0  0 0 -1  2.5
2 22.5 -6.129061917913 2.5  -0.8515509573107958 -0.5242718446598743 0  0.5242718446598743 -0.8515509573107958 0  -0 0 1  2.5
2 0 30.416666666667 0  0 0 1  1 0 0  0 1 0  42.916666666667
2 22.5 -6.129061917913 2.5  0 0 1  1 0 0  0 1 0  2.5
2 22.5 -6.129061917913 2.5  0.0000000000000017763568394 -1 0  1 0.0000000000000017763568394 0  -0 0 1  2.5
2 22.5 0 0  -0 1 0  1 0 0  0 0 -1  2.5
2 22.5 6.129061917913 2.5  -0.000000000000004107825191113 -1 0  1 -0.000000000000004107825191113 0  -0 0 1  2.5
7 1  49  51  0  -20.60003750437334 -6.140999891447562 2.4999  -20.60003750437334 -6.140999891447562 3.854070833333333  -20.60003750437334 -6.140999891447562 5.208241666666666  -20.60003750437334 -6.140999891447562 6.562412500000001  -20.60003750437334 -6.140999891447562 7.9165833333333335  -20.60003750437334 -6.140999891447562 9.270754166666668  -20.60003750437334 -6.140999891447562 10.624925000000001  -20.60003750437334 -6.140999891447562 11.979095833333336  -20.60003750437334 -6.140999891447562 13.333266666666667  -20.60003750437334 -6.140999891447562 14.687437500000001  -20.60003750437334 -6.140999891447562 16.041608333333336  -20.60003750437334 -6.140999891447562 17.395779166666667  -20.60003750437334 -6.140999891447562 18.749950000000002  -20.60003750437334 -6.140999891447562 20.104120833333333  -20.60003750437334 -6.140999891447562 21.45829166666667  -20.60003750437334 -6.140999891447562 22.812462500000002  -20.60003750437334 -6.140999891447562 24.166633333333333  -20.60003750437334 -6.140999891447562 25.52080416666667  -20.60003750437334 -6.140999891447562 26.874975000000003  -20.60003750437334 -6.140999891447562 28.229145833333334  -20.60003750437334 -6.140999891447562 29.583316666666672  -20.60003750437334 -6.140999891447562 30.937487500000003  -20.60003750437334 -6.140999891447562 32.29165833333333  -20.60003750437334 -6.140999891447562 33.64582916666667  -20.60003750437334 -6.140999891447562 35  -20.60003750437334 -6.140999891447562 36.354170833333335  -20.60003750437334 -6.140999891447562 37.70834166666666  -20.60003750437334 -6.140999891447562 39.0625125  -20.60003750437334 -6.140999891447562 40.41668333333334  -20.60003750437334 -6.140999891447562 41.770854166666666  -20.60003750437334 -6.140999891447562 43.125025  -20.60003750437334 -6.140999891447562 44.479195833333335  -20.60003750437334 -6.140999891447562 45.83336666666666  -20.60003750437334 -6.140999891447562 47.187537500000005  -20.60003750437334 -6.140999891447562 48.54170833333334  -20.60003750437334 -6.140999891447562 49.89587916666667  -20.60003750437334 -6.140999891447562 51.25005  -20.60003750437334 -6.140999891447562 52.604220833333336  -20.60003750437334 -6.140999891447562 53.958391666666664  -20.60003750437334 -6.140999891447562 55.3125625  -20.60003750437334 -6.140999891447562 56.66673333333334  -20.60003750437334 -6.140999891447562 58.02090416666667  -20.60003750437334 -6.140999891447562 59.375075  -20.60003750437334 -6.140999891447562 60.72924583333334  -20.60003750437334 -6.140999891447562 62.083416666666665  -20.60003750437334 -6.140999891447562 63.43758750000001  -20.60003750437334 -6.140999891447562 64.79175833333335  -20.60003750437334 -6.140999891447562 66.14592916666668  -20.60003750437334 -6.140999891447562 67.5001 0 0 1 2 3 4 5 6 7 8 9 10 11 12 13 14 15 16 17 18 19 20 21 22 23 24 25 26 27 28 29 30 31 32 33 34 35 36 37 38 39 40 41 42 43 44 45 46 47 48 48
7 1  49  51  0  44.816666666667 30.416666666667 67.5001  44.816666666667 30.416666666667 66.14592916666668  44.816666666667 30.416666666667 64.79175833333333  44.816666666667 30.416666666667 63.43758750000001  44.816666666667 30.416666666667 62.08341666666667  44.816666666667 30.416666666667 60.72924583333334  44.816666666667 30.416666666667 59.375075  44.816666666667 30.416666666667 58.02090416666667  44.816666666667 30.416666666667 56.66673333333334  44.816666666667 30.416666666667 55.3125625  44.816666666667 30.416666666667 53.95839166666667  44.816666666667 30.416666666667 52.604220833333336  44.816666666667 30.416666666667 51.25005  44.816666666667 30.416666666667 49.895879166666674  44.816666666667 30.416666666667 48.54170833333333  44.816666666667 30.416666666667 47.187537500000005  44.816666666667 30.416666666667 45.83336666666667  44.816666666667 30.416666666667 44.479195833333335  44.816666666667 30.416666666667 43.125025  44.816666666667 30.416666666667 41.770854166666666  44.816666666667 30.416666666667 40.41668333333333  44.816666666667 30.416666666667 39.0625125  44.816666666667 30.416666666667 37.70834166666667  44.816666666667 30.416666666667 36.35417083333333  44.816666666667 30.416666666667 35  44.816666666667 30.416666666667 33.645829166666665  44.816666666667 30.416666666667 32.29165833333334  44.816666666667 30.416666666667 30.937487500000003  44.816666666667 30.416666666667 29.58331666666666  44.816666666667 30.416666666667 28.229145833333334  44.816666666667 30.416666666667 26.874975  44.816666666667 30.416666666667 25.520804166666665  44.816666666667 30.416666666667 24.166633333333337  44.816666666667 30.416666666667 22.812462499999995  44.816666666667 30.416666666667 21.45829166666666  44.816666666667 30.416666666667 20.104120833333333  44.816666666667 30.416666666667 18.74995  44.816666666667 30.416666666667 17.395779166666664  44.816666666667 30.416666666667 16.041608333333336  44.816666666667 30.416666666667 14.687437500000001  44.816666666667 30.416666666667 13.33326666666666  44.816666666667 30.416666666667 11.979095833333332  44.816666666667 30.416666666667 10.624924999999998  44.816666666667 30.416666666667 9.270754166666663  44.816666666667 30.416666666667 7.916583333333335  44.816666666667 30.416666666667 6.5624124999999935  44.816666666667 30.416666666667 5.208241666666659  44.816666666667 30.416666666667 3.8540708333333313  44.816666666667 30.416666666667 2.4998999999999967 0 0 1 2 3 4 5 6 7 8 9 10 11 12 13 14 15 16 17 18 19 20 21 22 23 24 25 26 27 28 29 30 31 32 33 34 35 36 37 38 39 40 41 42 43 44 45 46 47 48 48
7 1  49  51  0  -20.60003750437334 6.129161917913004 2.488062026465438  -20.60003750437334 5.873780171333296 2.488062026465438  -20.60003750437334 5.618398424753587 2.488062026465438  -20.60003750437334 5.363016678173879 2.488062026465438  -20.60003750437334 5.107634931594171 2.488062026465438  -20.60003750437334 4.852253185014462 2.488062026465438  -20.60003750437334 4.5968714384347535 2.488062026465438  -20.60003750437334 4.341489691855045 2.488062026465438  -20.60003750437334 4.086107945275337 2.488062026465438  -20.60003750437334 3.8307261986956282 2.488062026465438  -20.60003750437334 3.5753444521159197 2.488062026465438  -20.60003750437334 3.3199627055362115 2.488062026465438  -20.60003750437334 3.064580958956503 2.488062026465438  -20.60003750437334 2.809199212376795 2.488062026465438  -20.60003750437334 2.553817465797086 2.488062026465438  -20.60003750437334 2.2984357192173777 2.488062026465438  -20.60003750437334 2.0430539726376695 2.488062026465438  -20.60003750437334 1.7876722260579605 2.488062026465438  -20.60003750437334 1.5322904794782524 2.488062026465438  -20.60003750437334 1.2769087328985442 2.488062026465438  -20.60003750437334 1.0215269863188352 2.488062026465438  -20.60003750437334 0.7661452397391271 2.488062026465438  -20.60003750437334 0.5107634931594189 2.488062026465438  -20.60003750437334 0.2553817465797099 2.488062026465438  -20.60003750437334 0.0000000000000017763568394002505 2.488062026465438  -20.60003750437334 -0.25538174657970725 2.488062026465438  -20.60003750437334 -0.5107634931594145 2.488062026465438  -20.60003750437334 -0.7661452397391235 2.488062026465438  -20.60003750437334 -1.0215269863188325 2.488062026465438  -20.60003750437334 -1.2769087328985398 2.488062026465438  -20.60003750437334 -1.5322904794782488 2.488062026465438  -20.60003750437334 -1.7876722260579578 2.488062026465438  -20.60003750437334 -2.043053972637665 2.488062026465438  -20.60003750437334 -2.298435719217375 2.488062026465438  -20.60003750437334 -2.553817465797083 2.488062026465438  -20.60003750437334 -2.8091992123767913 2.488062026465438  -20.60003750437334 -3.0645809589564994 2.488062026465438  -20.60003750437334 -3.3199627055362075 2.488062026465438  -20.60003750437334 -3.5753444521159157 2.488062026465438  -20.60003750437334 -3.830726198695624 2.488062026465438  -20.60003750437334 -4.086107945275334 2.488062026465438  -20.60003750437334 -4.341489691855042 2.488062026465438  -20.60003750437334 -4.59687143843475 2.488062026465438  -20.60003750437334 -4.852253185014458 2.488062026465438  -20.60003750437334 -5.107634931594166 2.488062026465438  -20.60003750437334 -5.363016678173876 2.488062026465438  -20.60003750437334 -5.618398424753584 2.488062026465438  -20.60003750437334 -5.873780171333292 2.488062026465438  -20.60003750437334 -6.129161917913001 2.488062026465438 0 0 1 2 3 4 5 6 7 8 9 10 11 12 13 14 15 16 17 18 19 20 21 22 23 24 25 26 27 28 29 30 31 32 33 34 35 36 37 38 39 40 41 42 43 44 45 46 47 48 48
7 1  49  51  0  -20.60003750437334 6.117123944378438 2.4999  -20.60003750437334 6.117123944378438 3.854070833333333  -20.60003750437334 6.117123944378438 5.208241666666666  -20.60003750437334 6.117123944378438 6.562412500000001  -20.60003750437334 6.117123944378438 7.9165833333333335  -20.60003750437334 6.117123944378438 9.270754166666668  -20.60003750437334 6.117123944378438 10.624925000000001  -20.60003750437334 6.117123944378438 11.979095833333336  -20.60003750437334 6.117123944378438 13.333266666666667  -20.60003750437334 6.117123944378438 14.687437500000001  -20.60003750437334 6.117123944378438 16.041608333333336  -20.60003750437334 6.117123944378438 17.395779166666667  -20.60003750437334 6.117123944378438 18.749950000000002  -20.60003750437334 6.117123944378438 20.104120833333333  -20.60003750437334 6.117123944378438 21.45829166666667  -20.60003750437334 6.117123944378438 22.812462500000002  -20.60003750437334 6.117123944378438 24.166633333333333  -20.60003750437334 6.117123944378438 25.52080416666667  -20.60003750437334 6.117123944378438 26.874975000000003  -20.60003750437334 6.117123944378438 28.229145833333334  -20.60003750437334 6.117123944378438 29.583316666666672  -20.60003750437334 6.117123944378438 30.937487500000003  -20.60003750437334 6.117123944378438 32.29165833333333  -20.60003750437334 6.117123944378438 33.64582916666667  -20.60003750437334 6.117123944378438 35  -20.60003750437334 6.117123944378438 36.354170833333335  -20.60003750437334 6.117123944378438 37.70834166666666  -20.60003750437334 6.117123944378438 39.0625125  -20.60003750437334 6.117123944378438 40.41668333333334  -20.60003750437334 6.117123944378438 41.770854166666666  -20.60003750437334 6.117123944378438 43.125025  -20.60003750437334 6.117123944378438 44.479195833333335  -20.60003750437334 6.117123944378438 45.83336666666666  -20.60003750437334 6.117123944378438 47.187537500000005  -20.60003750437334 6.117123944378438 48.54170833333334  -20.60003750437334 6.117123944378438 49.89587916666667  -20.60003750437334 6.117123944378438 51.25005  -20.60003750437334 6.117123944378438 52.604220833333336  -20.60003750437334 6.117123944378438 53.958391666666664  -20.60003750437334 6.117123944378438 55.3125625  -20.60003750437334 6.117123944378438 56.66673333333334  -20.60003750437334 6.117123944378438 58.02090416666667  -20.60003750437334 6.117123944378438 59.375075  -20.60003750437334 6.117123944378438 60.72924583333334  -20.60003750437334 6.117123944378438 62.083416666666665  -20.60003750437334 6.117123944378438 63.43758750000001  -20.60003750437334 6.117123944378438 64.79175833333335  -20.60003750437334 6.117123944378438 66.14592916666668  -20.60003750437334 6.117123944378438 67.5001 0 0 1 2 3 4 5 6 7 8 9 10 11 12 13 14 15 16 17 18 19 20 21 22 23 24 25 26 27 28 29 30 31 32 33 34 35 36 37 38 39 40 41 42 43 44 45 46 47 48 48
7 1  49  51  0  -20.60003750437334 6.129161917913004 67.48806202646544  -20.60003750437334 5.873780171333296 67.48806202646544  -20.60003750437334 5.618398424753587 67.48806202646544  -20.60003750437334 5.363016678173879 67.48806202646544  -20.60003750437334 5.107634931594171 67.48806202646544  -20.60003750437334 4.852253185014462 67.48806202646544  -20.60003750437334 4.5968714384347535 67.48806202646544  -20.60003750437334 4.341489691855045 67.48806202646544  -20.60003750437334 4.086107945275337 67.48806202646544  -20.60003750437334 3.8307261986956282 67.48806202646544  -20.60003750437334 3.5753444521159197 67.48806202646544  -20.60003750437334 3.3199627055362115 67.48806202646544  -20.60003750437334 3.064580958956503 67.48806202646544  -20.60003750437334 2.809199212376795 67.48806202646544  -20.60003750437334 2.553817465797086 67.48806202646544  -20.60003750437334 2.2984357192173777 67.48806202646544  -20.60003750437334 2.0430539726376695 67.48806202646544  -20.60003750437334 1.7876722260579605 67.48806202646544  -20.60003750437334 1.5322904794782524 67.48806202646544  -20.60003750437334 1.2769087328985442 67.48806202646544  -20.60003750437334 1.0215269863188352 67.48806202646544  -20.60003750437334 0.7661452397391271 67.48806202646544  -20.60003750437334 0.5107634931594189 67.48806202646544  -20.60003750437334 0.2553817465797099 67.48806202646544  -20.60003750437334 0.0000000000000017763568394002505 67.48806202646544  -20.60003750437334 -0.25538174657970725 67.48806202646544  -20.60003750437334 -0.5107634931594145 67.48806202646544  -20.60003750437334 -0.7661452397391235 67.48806202646544  -20.60003750437334 -1.0215269863188325 67.48806202646544  -20.60003750437334 -1.2769087328985398 67.48806202646544  -20.60003750437334 -1.5322904794782488 67.48806202646544  -20.60003750437334 -1.7876722260579578 67.48806202646544  -20.60003750437334 -2.043053972637665 67.48806202646544  -20.60003750437334 -2.298435719217375 67.48806202646544  -20.60003750437334 -2.553817465797083 67.48806202646544  -20.60003750437334 -2.8091992123767913 67.48806202646544  -20.60003750437334 -3.0645809589564994 67.48806202646544  -20.60003750437334 -3.3199627055362075 67.48806202646544  -20.60003750437334 -3.5753444521159157 67.48806202646544  -20.60003750437334 -3.830726198695624 67.48806202646544  -20.60003750437334 -4.086107945275334 67.48806202646544  -20.60003750437334 -4.341489691855042 67.48806202646544  -20.60003750437334 -4.59687143843475 67.48806202646544  -20.60003750437334 -4.852253185014458 67.48806202646544  -20.60003750437334 -5.107634931594166 67.48806202646544  -20.60003750437334 -5.363016678173876 67.48806202646544  -20.60003750437334 -5.618398424753584 67.48806202646544  -20.60003750437334 -5.873780171333292 67.48806202646544  -20.60003750437334 -6.129161917913001 67.48806202646544 0 0 1 2 3 4 5 6 7 8 9 10 11 12 13 14 15 16 17 18 19 20 21 22 23 24 25 26 27 28 29 30 31 32 33 34 35 36 37 38 39 40 41 42 43 44 45 46 47 48 48
7 1  49  51  0  44.816666657167 30.416666666667 67.49981000000032  44.80043566127119 30.416666666667 67.74781923849439  44.75197080655588 30.416666666667 67.99158795154756  44.67210139283921 30.416666666667 68.22694492373816  44.56219409481064 30.416666666667 68.44986287601262  44.42412957636158 30.416666666667 68.65652737792719  44.26027030985906 30.416666666667 68.84340211775961  44.073420151018865 30.416666666667 69.00728941362958  43.86677636110695 30.416666666667 69.14538493020059  43.64387489743497 30.416666666667 69.25532566468542  43.40852990830414 30.416666666667 69.33523038104926  43.164768467721544 30.416666666667 69.38373180052615  42.91676166666696 30.416666666667 69.399999997625  42.6687532400327 30.416666666667 69.38375660128756  42.42498695052697 30.416666666667 69.33527955819719  42.18963397210125 30.416666666667 69.25539837673175  41.96672151547034 30.416666666667 69.14547993294296  41.76006391704001 30.416666666667 69.00740508144138  41.57319737040451 30.416666666667 68.8435364714067  41.40931941724734 30.416666666667 68.65667811843528  41.271234233038435 30.416666666667 68.45002742400584  41.16130464376421 30.416666666667 68.22712046357576  41.081411694749704 30.416666666667 67.9917714795033  41.03292246340546 30.416666666667 67.74800761415443  41.016666666667 30.416666666667 67.5  41.03292246340546 30.416666666667 67.25199238584557  41.081411694749704 30.416666666667 67.0082285204967  41.16130464376421 30.416666666667 66.77287953642424  41.271234233038435 30.416666666667 66.54997257599416  41.40931941724733 30.416666666667 66.34332188156472  41.57319737040451 30.416666666667 66.1564635285933  41.76006391704001 30.416666666667 65.99259491855862  41.96672151547034 30.416666666667 65.85452006705704  42.18963397210124 30.416666666667 65.74460162326825  42.42498695052697 30.416666666667 65.66472044180281  42.6687532400327 30.416666666667 65.61624339871244  42.91676166666696 30.416666666667 65.600000002375  43.164768467721544 30.416666666667 65.61626819947385  43.40852990830414 30.416666666667 65.66476961895074  43.64387489743497 30.416666666667 65.74467433531458  43.86677636110695 30.416666666667 65.85461506979941  44.073420151018865 30.416666666667 65.99271058637042  44.26027030985906 30.416666666667 66.15659788224039  44.42412957636157 30.416666666667 66.3434726220728  44.56219409481064 30.416666666667 66.55013712398738  44.67210139283921 30.416666666667 66.77305507626184  44.75197080655588 30.416666666667 67.00841204845244  44.80043566127118 30.416666666667 67.25218076150561  44.816666657167 30.416666666667 67.50018999999968 0 0 1 2 3 4 5 6 7 8 9 10 11 12 13 14 15 16 17 18 19 20 21 22 23 24 25 26 27 28 29 30 31 32 33 34 35 36 37 38 39 40 41 42 43 44 45 46 47 48 48
7 1  49  51  0  44.816666666667 -30.41666666666 67.5001  44.816666666667 -30.41666666666 66.14592916666668  44.816666666667 -30.41666666666 64.79175833333333  44.816666666667 -30.41666666666 63.43758750000001  44.816666666667 -30.41666666666 62.08341666666667  44.816666666667 -30.41666666666 60.72924583333334  44.816666666667 -30.41666666666 59.375075  44.816666666667 -30.41666666666 58.02090416666667  44.816666666667 -30.41666666666 56.66673333333334  44.816666666667 -30.41666666666 55.3125625  44.816666666667 -30.41666666666 53.95839166666667  44.816666666667 -30.41666666666 52.604220833333336  44.816666666667 -30.41666666666 51.25005  44.816666666667 -30.41666666666 49.895879166666674  44.816666666667 -30.41666666666 48.54170833333333  44.816666666667 -30.41666666666 47.187537500000005  44.816666666667 -30.41666666666 45.83336666666667  44.816666666667 -30.41666666666 44.479195833333335  44.816666666667 -30.41666666666 43.125025  44.816666666667 -30.41666666666 41.770854166666666  44.816666666667 -30.41666666666 40.41668333333333  44.816666666667 -30.41666666666 39.0625125  44.816666666667 -30.41666666666 37.70834166666667  44.816666666667 -30.41666666666 36.35417083333333  44.816666666667 -30.41666666666 35  44.816666666667 -30.41666666666 33.645829166666665  44.816666666667 -30.41666666666 32.29165833333334  44.816666666667 -30.41666666666 30.937487500000003  44.816666666667 -30.41666666666 29.58331666666666  44.816666666667 -30.41666666666 28.229145833333334  44.816666666667 -30.41666666666 26.874975  44.816666666667 -30.41666666666 25.520804166666665  44.816666666667 -30.41666666666 24.166633333333337  44.816666666667 -30.41666666666 22.812462499999995  44.816666666667 -30.41666666666 21.45829166666666  44.816666666667 -30.41666666666 20.104120833333333  44.816666666667 -30.41666666666 18.74995  44.816666666667 -30.41666666666 17.395779166666664  44.816666666667 -30.41666666666 16.041608333333336  44.816666666667 -30.41666666666 14.687437500000001  44.816666666667 -30.41666666666 13.33326666666666  44.816666666667 -30.41666666666 11.979095833333332  44.816666666667 -30.41666666666 10.624924999999998  44.816666666667 -30.41666666666 9.270754166666663  44.816666666667 -30.41666666666 7.916583333333335  44.816666666667 -30.41666666666 6.5624124999999935  44.816666666667 -30.41666666666 5.208241666666659  44.816666666667 -30.41666666666 3.8540708333333313  44.816666666667 -30.41666666666 2.4998999999999967 0 0 1 2 3 4 5 6 7 8 9 10 11 12 13 14 15 16 17 18 19 20 21 22 23 24 25 26 27 28 29 30 31 32 33 34 35 36 37 38 39 40 41 42 43 44 45 46 47 48 48
7 1  49  51  0  24.39996248612685 -6.140999891387872 2.5001899999996833  24.39895118067414 -6.14099353708469 2.438015728767451  24.395905912934502 -6.140974402851375 2.375907848747038  24.390829944687276 -6.14094250918256 2.3139328835473547  24.383728712790496 -6.14089789023948 2.252157214412548  24.374609823357485 -6.140840593813384 2.1906470091212062  24.363483043609953 -6.1407706812743434 2.129468151114197  24.35036029141636 -6.14068822750552 2.0686861689270666  24.335255622526716 -6.1405933208229575 2.008366166002575  24.318185215517474 -6.140486062880988 1.9485727509585444  24.29916735446273 -6.140366568563349 1.8893699683857168  24.278222409350164 -6.140234965860131 1.8308212302497406  24.25537281426281 -6.140091395730691 1.7729892479707545  24.230643043349954 -6.139936011952667 1.7159359652533321  24.204059584612924 -6.139768980957271 1.6597224917387172  24.175650911533864 -6.139590481651021 1.604409037550431  24.145447452577837 -6.139400705224118 1.5500548488033408  24.113481558600977 -6.1391998549456614 1.496718144145284  24.07978746819956 -6.138988145945927 1.4444560523992063  24.04440127103711 -6.138765804985941 1.3933245513726094  24.00736086918886 -6.138533070214601 1.343378407899851  23.968705936544914 -6.138290190913591 1.2946711191815083  23.92847787631563 -6.138037427230376 1.2472548554836524  23.88671977668475 -6.137775049899563 1.2011804042583947  23.84347636465773 -6.137503339952914 1.15649711574556  23.798793958154754 -6.137222588418333 1.1132528501137586  23.752720416399715 -6.136933096008151 1.0714939261974712  23.70530508865831 -6.136635172797028 1.0312650718850451  23.656598761380145 -6.136329137889839 0.9926093762107591  23.6066536038015 -6.136015319079875 0.955568243202257  23.555523112066957 -6.13569405249775 0.9201813475327834  23.503262051929827 -6.1353656822513685 0.8864865920257381  23.449926400092657 -6.135030560057353 0.8545200670570439  23.39557328425072 -6.134689044864324 0.8243160118988262  23.34026092190266 -6.134341502468427 0.7959067780458107  23.284048557993888 -6.13398830512153 0.7693227945637076  23.22699640145942 -6.133629831132509 0.7445925354967096  23.169165560734253 -6.133266464462037 0.721742489369009  23.11061797830024 -6.132898594311326 0.7007971308129983  23.051416364339655 -6.1325266147052595 0.6817788943545473  22.991624129566446 -6.132150924070346 0.6647081503834351  22.93130531730717 -6.131771924807968 0.6496031833346694  22.87052453490433 -6.131390022863374 0.6364801721040723  22.8093468845156 -6.131005627290867 0.6253531727191002  22.74783789338305 -6.130619149815671 0.6162341032834646  22.686063443647065 -6.130231004392928 0.6091327312116808  22.624089701780136 -6.129841606764318 0.6040566627672093  22.5619830477161 -6.1294513740127545 0.6010113349154056  22.499810003750753 -6.129060724115648 0.6000000095 0 0 1 2 3 4 5 6 7 8 9 10 11 12 13 14 15 16 17 18 19 20 21 22 23 24 25 26 27 28 29 30 31 32 33 34 35 36 37 38 39 40 41 42 43 44 45 46 47 48 48
7 1  49  51  0  22.499810003750753 -6.129060724115648 69.3999999905  22.5619830477161 -6.1294513740127545 69.39898866508459  22.624089701780136 -6.129841606764318 69.3959433372328  22.686063443647065 -6.130231004392928 69.39086726878831  22.747837893383053 -6.130619149815671 69.38376589671654  22.8093468845156 -6.131005627290867 69.3746468272809  22.870524534904334 -6.131390022863374 69.36351982789593  22.93130531730717 -6.131771924807968 69.35039681666532  22.991624129566446 -6.132150924070346 69.33529184961657  23.05141636433966 -6.1325266147052595 69.31822110564545  23.11061797830024 -6.132898594311326 69.299202869187  23.169165560734253 -6.133266464462037 69.278257510631  23.22699640145942 -6.133629831132509 69.25540746450329  23.284048557993888 -6.13398830512153 69.2306772054363  23.34026092190266 -6.134341502468427 69.2040932219542  23.39557328425072 -6.134689044864324 69.17568398810117  23.449926400092657 -6.135030560057353 69.14547993294296  23.50326205192983 -6.1353656822513685 69.11351340797427  23.555523112066957 -6.13569405249775 69.07981865246721  23.6066536038015 -6.136015319079875 69.04443175679775  23.65659876138015 -6.136329137889839 69.00739062378923  23.70530508865831 -6.136635172797028 68.96873492811496  23.752720416399715 -6.136933096008151 68.92850607380252  23.798793958154754 -6.137222588418333 68.88674714988625  23.84347636465773 -6.137503339952914 68.84350288425443  23.88671977668475 -6.137775049899563 68.7988195957416  23.92847787631563 -6.138037427230376 68.75274514451635  23.96870593654491 -6.138290190913591 68.7053288808185  24.00736086918886 -6.138533070214601 68.65662159210015  24.04440127103711 -6.138765804985941 68.60667544862739  24.07978746819956 -6.138988145945927 68.5555439476008  24.113481558600977 -6.1391998549456614 68.50328185585471  24.145447452577837 -6.139400705224118 68.44994515119666  24.175650911533864 -6.139590481651021 68.39559096244957  24.204059584612924 -6.139768980957271 68.34027750826128  24.230643043349954 -6.139936011952667 68.28406403474666  24.25537281426281 -6.140091395730691 68.22701075202924  24.278222409350164 -6.140234965860131 68.16917876975026  24.29916735446273 -6.140366568563349 68.11063003161428  24.318185215517474 -6.140486062880988 68.05142724904145  24.335255622526716 -6.1405933208229575 67.99163383399743  24.35036029141636 -6.14068822750552 67.93131383107293  24.363483043609953 -6.1407706812743434 67.8705318488858  24.374609823357485 -6.140840593813384 67.80935299087879  24.383728712790496 -6.14089789023948 67.74784278558745  24.390829944687276 -6.14094250918256 67.68606711645265  24.395905912934502 -6.140974402851375 67.62409215125297  24.39895118067414 -6.14099353708469 67.56198427123255  24.39996248612685 -6.140999891387872 67.49981000000032 0 0 1 2 3 4 5 6 7 8 9 10 11 12 13 14 15 16 17 18 19 20 21 22 23 24 25 26 27 28 29 30 31 32 33 34 35 36 37 38 39 40 41 42 43 44 45 46 47 48 48
7 1  49  51  0  44.816666657167 -30.41666666666 2.5001899999996833  44.80043566127119 -30.41666666666 2.252180761505619  44.75197080655588 -30.41666666666 2.008412048452446  44.67210139283921 -30.41666666666 1.7730550762618376  44.56219409481064 -30.41666666666 1.5501371239873851  44.42412957636158 -30.41666666666 1.343472622072803  44.26027030985906 -30.41666666666 1.1565978822403862  44.073420151018865 -30.41666666666 0.9927105863704189  43.86677636110695 -30.41666666666 0.8546150697994048  43.64387489743497 -30.41666666666 0.7446743353145784  43.40852990830414 -30.41666666666 0.6647696189507424  43.164768467721544 -30.41666666666 0.6162681994738501  42.91676166666696 -30.41666666666 0.6000000023750001  42.6687532400327 -30.41666666666 0.6162433987124449  42.42498695052697 -30.41666666666 0.6647204418028125  42.18963397210125 -30.41666666666 0.7446016232682506  41.96672151547034 -30.41666666666 0.8545200670570434  41.76006391704001 -30.41666666666 0.9925949185586229  41.57319737040451 -30.41666666666 1.156463528593301  41.40931941724734 -30.41666666666 1.343321881564721  41.271234233038435 -30.41666666666 1.5499725759941585  41.16130464376421 -30.41666666666 1.7728795364242367  41.081411694749704 -30.41666666666 2.0082285204967016  41.03292246340546 -30.41666666666 2.251992385845568  41.016666666667 -30.41666666666 2.499999999999999  41.03292246340546 -30.41666666666 2.7480076141544316  41.081411694749704 -30.41666666666 2.9917714795032953  41.16130464376421 -30.41666666666 3.2271204635757607  41.271234233038435 -30.41666666666 3.4500274240058406  41.40931941724733 -30.41666666666 3.656678118435277  41.57319737040451 -30.41666666666 3.843536471406697  41.76006391704001 -30.41666666666 4.007405081441377  41.96672151547034 -30.41666666666 4.145479932942957  42.18963397210124 -30.41666666666 4.255398376731749  42.42498695052697 -30.41666666666 4.335279558197188  42.6687532400327 -30.41666666666 4.383756601287555  42.91676166666696 -30.41666666666 4.399999997625  43.164768467721544 -30.41666666666 4.383731800526149  43.40852990830414 -30.41666666666 4.335230381049258  43.64387489743497 -30.41666666666 4.255325664685422  43.86677636110695 -30.41666666666 4.145384930200596  44.073420151018865 -30.41666666666 4.007289413629582  44.26027030985906 -30.41666666666 3.8434021177596143  44.42412957636157 -30.41666666666 3.6565273779271976  44.56219409481064 -30.41666666666 3.4498628760126158  44.67210139283921 -30.41666666666 3.2269449237381633  44.75197080655588 -30.41666666666 2.991587951547555  44.80043566127118 -30.41666666666 2.747819238494382  44.816666657167 -30.41666666666 2.4998100000003176 0 0 1 2 3 4 5 6 7 8 9 10 11 12 13 14 15 16 17 18 19 20 21 22 23 24 25 26 27 28 29 30 31 32 33 34 35 36 37 38 39 40 41 42 43 44 45 46 47 48 48
7 1  49  51  0  24.39996249562666 -6.129161917913 67.51193797353456  24.39996249562666 -5.8737801713332916 67.51193797353456  24.39996249562666 -5.618398424753583 67.51193797353456  24.39996249562666 -5.363016678173874 67.51193797353456  24.39996249562666 -5.107634931594166 67.51193797353456  24.39996249562666 -4.852253185014458 67.51193797353456  24.39996249562666 -4.59687143843475 67.51193797353456  24.39996249562666 -4.341489691855042 67.51193797353456  24.39996249562666 -4.086107945275334 67.51193797353456  24.39996249562666 -3.8307261986956247 67.51193797353456  24.39996249562666 -3.5753444521159166 67.51193797353456  24.39996249562666 -3.3199627055362084 67.51193797353456  24.39996249562666 -3.0645809589565 67.51193797353456  24.39996249562666 -2.8091992123767917 67.51193797353456  24.39996249562666 -2.553817465797083 67.51193797353456  24.39996249562666 -2.298435719217375 67.51193797353456  24.39996249562666 -2.043053972637667 67.51193797353456  24.39996249562666 -1.7876722260579578 67.51193797353456  24.39996249562666 -1.5322904794782497 67.51193797353456  24.39996249562666 -1.2769087328985416 67.51193797353456  24.39996249562666 -1.0215269863188334 67.51193797353456  24.39996249562666 -0.7661452397391253 67.51193797353456  24.39996249562666 -0.5107634931594172 67.51193797353456  24.39996249562666 -0.25538174657970814 67.51193797353456  24.39996249562666 0 67.51193797353456  24.39996249562666 0.255381746579709 67.51193797353456  24.39996249562666 0.5107634931594163 67.51193797353456  24.39996249562666 0.7661452397391253 67.51193797353456  24.39996249562666 1.0215269863188334 67.51193797353456  24.39996249562666 1.2769087328985416 67.51193797353456  24.39996249562666 1.5322904794782497 67.51193797353456  24.39996249562666 1.7876722260579587 67.51193797353456  24.39996249562666 2.043053972637666 67.51193797353456  24.39996249562666 2.298435719217374 67.51193797353456  24.39996249562666 2.553817465797084 67.51193797353456  24.39996249562666 2.8091992123767904 67.51193797353456  24.39996249562666 3.0645809589565003 67.51193797353456  24.39996249562666 3.3199627055362084 67.51193797353456  24.39996249562666 3.5753444521159166 67.51193797353456  24.39996249562666 3.8307261986956247 67.51193797353456  24.39996249562666 4.086107945275333 67.51193797353456  24.39996249562666 4.341489691855041 67.51193797353456  24.39996249562666 4.596871438434749 67.51193797353456  24.39996249562666 4.852253185014459 67.51193797353456  24.39996249562666 5.107634931594165 67.51193797353456  24.39996249562666 5.363016678173875 67.51193797353456  24.39996249562666 5.618398424753583 67.51193797353456  24.39996249562666 5.8737801713332916 67.51193797353456  24.39996249562666 6.129161917913 67.51193797353456 0 0 1 2 3 4 5 6 7 8 9 10 11 12 13 14 15 16 17 18 19 20 21 22 23 24 25 26 27 28 29 30 31 32 33 34 35 36 37 38 39 40 41 42 43 44 45 46 47 48 48
7 1  49  51  0  7.875 0 71.7499  7.875 0 71.82335273927184  7.875 0 71.89680547854367  7.875 0 71.97025821781551  7.875 0 72.04371095708736  7.875 0 72.11716369635919  7.875 0 72.19061643563103  7.875 0 72.26406917490286  7.875 0 72.3375219141747  7.875 0 72.41097465344654  7.875 0 72.48442739271837  7.875 0 72.55788013199022  7.875 0 72.63133287126205  7.875 0 72.70478561053389  7.875 0 72.77823834980573  7.875 0 72.85169108907756  7.875 0 72.9251438283494  7.875 0 72.99859656762123  7.875 0 73.07204930689308  7.875 0 73.14550204616492  7.875 0 73.21895478543675  7.875 0 73.2924075247086  7.875 0 73.36586026398042  7.875 0 73.43931300325227  7.875 0 73.5127657425241  7.875 0 73.58621848179594  7.875 0 73.65967122106778  7.875 0 73.73312396033961  7.875 0 73.80657669961145  7.875 0 73.88002943888328  7.875 0 73.95348217815513  7.875 0 74.02693491742697  7.875 0 74.1003876566988  7.875 0 74.17384039597064  7.875 0 74.24729313524247  7.875 0 74.32074587451432  7.875 0 74.39419861378616  7.875 0 74.46765135305799  7.875 0 74.54110409232983  7.875 0 74.61455683160166  7.875 0 74.6880095708735  7.875 0 74.76146231014535  7.875 0 74.83491504941718  7.875 0 74.90836778868902  7.875 0 74.98182052796085  7.875 0 75.05527326723269  7.875 0 75.12872600650454  7.875 0 75.20217874577637  7.875 0 75.27563148504821 0 0 1 2 3 4 5 6 7 8 9 10 11 12 13 14 15 16 17 18 19 20 21 22 23 24 25 26 27 28 29 30 31 32 33 34 35 36 37 38 39 40 41 42 43 44 45 46 47 48 48
7 1  49  51  0  -20.000049347859658 6.129161917913005 67.4842921400861  -20.000049347859658 5.873780171333297 67.4842921400861  -20.000049347859658 5.618398424753588 67.4842921400861  -20.000049347859658 5.36301667817388 67.4842921400861  -20.000049347859658 5.107634931594172 67.4842921400861  -20.000049347859658 4.852253185014463 67.4842921400861  -20.000049347859658 4.596871438434754 67.4842921400861  -20.000049347859658 4.341489691855045 67.4842921400861  -20.000049347859658 4.086107945275337 67.4842921400861  -20.000049347859658 3.830726198695629 67.4842921400861  -20.000049347859658 3.5753444521159206 67.4842921400861  -20.000049347859658 3.3199627055362124 67.4842921400861  -20.000049347859658 3.064580958956504 67.4842921400861  -20.000049347859658 2.8091992123767957 67.4842921400861  -20.000049347859658 2.5538174657970867 67.4842921400861  -20.000049347859658 2.2984357192173785 67.4842921400861  -20.000049347859658 2.0430539726376704 67.4842921400861  -20.000049347859658 1.7876722260579614 67.4842921400861  -20.000049347859658 1.5322904794782533 67.4842921400861  -20.000049347859658 1.2769087328985451 67.4842921400861  -20.000049347859658 1.021526986318836 67.4842921400861  -20.000049347859658 0.766145239739128 67.4842921400861  -20.000049347859658 0.5107634931594198 67.4842921400861  -20.000049347859658 0.2553817465797108 67.4842921400861  -20.000049347859658 0.0000000000000026645352591003757 67.4842921400861  -20.000049347859658 -0.25538174657970636 67.4842921400861  -20.000049347859658 -0.5107634931594136 67.4842921400861  -20.000049347859658 -0.7661452397391226 67.4842921400861  -20.000049347859658 -1.0215269863188317 67.4842921400861  -20.000049347859658 -1.276908732898539 67.4842921400861  -20.000049347859658 -1.532290479478248 67.4842921400861  -20.000049347859658 -1.787672226057957 67.4842921400861  -20.000049347859658 -2.043053972637664 67.4842921400861  -20.000049347859658 -2.298435719217374 67.4842921400861  -20.000049347859658 -2.5538174657970822 67.4842921400861  -20.000049347859658 -2.8091992123767904 67.4842921400861  -20.000049347859658 -3.0645809589564985 67.4842921400861  -20.000049347859658 -3.3199627055362066 67.4842921400861  -20.000049347859658 -3.575344452115915 67.4842921400861  -20.000049347859658 -3.830726198695623 67.4842921400861  -20.000049347859658 -4.086107945275333 67.4842921400861  -20.000049347859658 -4.341489691855041 67.4842921400861  -20.000049347859658 -4.596871438434749 67.4842921400861  -20.000049347859658 -4.852253185014457 67.4842921400861  -20.000049347859658 -5.107634931594165 67.4842921400861  -20.000049347859658 -5.363016678173875 67.4842921400861  -20.000049347859658 -5.618398424753583 67.4842921400861  -20.000049347859658 -5.8737801713332916 67.4842921400861  -20.000049347859658 -6.129161917913 67.4842921400861 0 0 1 2 3 4 5 6 7 8 9 10 11 12 13 14 15 16 17 18 19 20 21 22 23 24 25 26 27 28 29 30 31 32 33 34 35 36 37 38 39 40 41 42 43 44 45 46 47 48 48
7 1  49  51  0  24.999950652140342 -6.129161917913 67.5157078599139  24.999950652140342 -5.8737801713332916 67.5157078599139  24.999950652140342 -5.618398424753583 67.5157078599139  24.999950652140342 -5.363016678173874 67.5157078599139  24.999950652140342 -5.107634931594166 67.5157078599139  24.999950652140342 -4.852253185014458 67.5157078599139  24.999950652140342 -4.59687143843475 67.5157078599139  24.999950652140342 -4.341489691855042 67.5157078599139  24.999950652140342 -4.086107945275334 67.5157078599139  24.999950652140342 -3.8307261986956247 67.5157078599139  24.999950652140342 -3.5753444521159166 67.5157078599139  24.999950652140342 -3.3199627055362084 67.5157078599139  24.999950652140342 -3.0645809589565 67.5157078599139  24.999950652140342 -2.8091992123767917 67.5157078599139  24.999950652140342 -2.553817465797083 67.5157078599139  24.999950652140342 -2.298435719217375 67.5157078599139  24.999950652140342 -2.043053972637667 67.5157078599139  24.999950652140342 -1.7876722260579578 67.5157078599139  24.999950652140342 -1.5322904794782497 67.5157078599139  24.999950652140342 -1.2769087328985416 67.5157078599139  24.999950652140342 -1.0215269863188334 67.5157078599139  24.999950652140342 -0.7661452397391253 67.5157078599139  24.999950652140342 -0.5107634931594172 67.5157078599139  24.999950652140342 -0.25538174657970814 67.5157078599139  24.999950652140342 0 67.5157078599139  24.999950652140342 0.255381746579709 67.5157078599139  24.999950652140342 0.5107634931594163 67.5157078599139  24.999950652140342 0.7661452397391253 67.5157078599139  24.999950652140342 1.0215269863188334 67.5157078599139  24.999950652140342 1.2769087328985416 67.5157078599139  24.999950652140342 1.5322904794782497 67.5157078599139  24.999950652140342 1.7876722260579587 67.5157078599139  24.999950652140342 2.043053972637666 67.5157078599139  24.999950652140342 2.298435719217374 67.5157078599139  24.999950652140342 2.553817465797084 67.5157078599139  24.999950652140342 2.8091992123767904 67.5157078599139  24.999950652140342 3.0645809589565003 67.5157078599139  24.999950652140342 3.3199627055362084 67.5157078599139  24.999950652140342 3.5753444521159166 67.5157078599139  24.999950652140342 3.8307261986956247 67.5157078599139  24.999950652140342 4.086107945275333 67.5157078599139  24.999950652140342 4.341489691855041 67.5157078599139  24.999950652140342 4.596871438434749 67.5157078599139  24.999950652140342 4.852253185014459 67.5157078599139  24.999950652140342 5.107634931594165 67.5157078599139  24.999950652140342 5.363016678173875 67.5157078599139  24.999950652140342 5.618398424753583 67.5157078599139  24.999950652140342 5.8737801713332916 67.5157078599139  24.999950652140342 6.129161917913 67.5157078599139 0 0 1 2 3 4 5 6 7 8 9 10 11 12 13 14 15 16 17 18 19 20 21 22 23 24 25 26 27 28 29 30 31 32 33 34 35 36 37 38 39 40 41 42 43 44 45 46 47 48 48
7 1  49  51  0  45.416666666667 -30.41666666666 67.5001  45.416666666667 -30.41666666666 66.14592916666668  45.416666666667 -30.41666666666 64.79175833333333  45.416666666667 -30.41666666666 63.43758750000001  45.416666666667 -30.41666666666 62.08341666666667  45.416666666667 -30.41666666666 60.72924583333334  45.416666666667 -30.41666666666 59.375075  45.416666666667 -30.41666666666 58.02090416666667  45.416666666667 -30.41666666666 56.66673333333334  45.416666666667 -30.41666666666 55.3125625  45.416666666667 -30.41666666666 53.95839166666667  45.416666666667 -30.41666666666 52.604220833333336  45.416666666667 -30.41666666666 51.25005  45.416666666667 -30.41666666666 49.895879166666674  45.416666666667 -30.41666666666 48.54170833333333  45.416666666667 -30.41666666666 47.187537500000005  45.416666666667 -30.41666666666 45.83336666666667  45.416666666667 -30.41666666666 44.479195833333335  45.416666666667 -30.41666666666 43.125025  45.416666666667 -30.41666666666 41.770854166666666  45.416666666667 -30.41666666666 40.41668333333333  45.416666666667 -30.41666666666 39.0625125  45.416666666667 -30.41666666666 37.70834166666667  45.416666666667 -30.41666666666 36.35417083333333  45.416666666667 -30.41666666666 35  45.416666666667 -30.41666666666 33.645829166666665  45.416666666667 -30.41666666666 32.29165833333334  45.416666666667 -30.41666666666 30.937487500000003  45.416666666667 -30.41666666666 29.58331666666666  45.416666666667 -30.41666666666 28.229145833333334  45.416666666667 -30.41666666666 26.874975  45.416666666667 -30.41666666666 25.520804166666665  45.416666666667 -30.41666666666 24.166633333333337  45.416666666667 -30.41666666666 22.812462499999995  45.416666666667 -30.41666666666 21.45829166666666  45.416666666667 -30.41666666666 20.104120833333333  45.416666666667 -30.41666666666 18.74995  45.416666666667 -30.41666666666 17.395779166666664  45.416666666667 -30.41666666666 16.041608333333336  45.416666666667 -30.41666666666 14.687437500000001  45.416666666667 -30.41666666666 13.33326666666666  45.416666666667 -30.41666666666 11.979095833333332  45.416666666667 -30.41666666666 10.624924999999998  45.416666666667 -30.41666666666 9.270754166666663  45.416666666667 -30.41666666666 7.916583333333335  45.416666666667 -30.41666666666 6.5624124999999935  45.416666666667 -30.41666666666 5.208241666666659  45.416666666667 -30.41666666666 3.8540708333333313  45.416666666667 -30.41666666666 2.4998999999999967 0 0 1 2 3 4 5 6 7 8 9 10 11 12 13 14 15 16 17 18 19 20 21 22 23 24 25 26 27 28 29 30 31 32 33 34 35 36 37 38 39 40 41 42 43 44 45 46 47 48 48
7 1  49  51  0  45.416666666667 30.416666666667 67.5001  45.416666666667 30.416666666667 66.14592916666668  45.416666666667 30.416666666667 64.79175833333333  45.416666666667 30.416666666667 63.43758750000001  45.416666666667 30.416666666667 62.08341666666667  45.416666666667 30.416666666667 60.72924583333334  45.416666666667 30.416666666667 59.375075  45.416666666667 30.416666666667 58.02090416666667  45.416666666667 30.416666666667 56.66673333333334  45.416666666667 30.416666666667 55.3125625  45.416666666667 30.416666666667 53.95839166666667  45.416666666667 30.416666666667 52.604220833333336  45.416666666667 30.416666666667 51.25005  45.416666666667 30.416666666667 49.895879166666674  45.416666666667 30.416666666667 48.54170833333333  45.416666666667 30.416666666667 47.187537500000005  45.416666666667 30.416666666667 45.83336666666667  45.416666666667 30.416666666667 44.479195833333335  45.416666666667 30.416666666667 43.125025  45.416666666667 30.416666666667 41.770854166666666  45.416666666667 30.416666666667 40.41668333333333  45.416666666667 30.416666666667 39.0625125  45.416666666667 30.416666666667 37.70834166666667  45.416666666667 30.416666666667 36.35417083333333  45.416666666667 30.416666666667 35  45.416666666667 30.416666666667 33.645829166666665  45.416666666667 30.416666666667 32.29165833333334  45.416666666667 30.416666666667 30.937487500000003  45.416666666667 30.416666666667 29.58331666666666  45.416666666667 30.416666666667 28.229145833333334  45.416666666667 30.416666666667 26.874975  45.416666666667 30.416666666667 25.520804166666665  45.416666666667 30.416666666667 24.166633333333337  45.416666666667 30.416666666667 22.812462499999995  45.416666666667 30.416666666667 21.45829166666666  45.416666666667 30.416666666667 20.104120833333333  45.416666666667 30.416666666667 18.74995  45.416666666667 30.416666666667 17.395779166666664  45.416666666667 30.416666666667 16.041608333333336  45.416666666667 30.416666666667 14.687437500000001  45.416666666667 30.416666666667 13.33326666666666  45.416666666667 30.416666666667 11.979095833333332  45.416666666667 30.416666666667 10.624924999999998  45.416666666667 30.416666666667 9.270754166666663  45.416666666667 30.416666666667 7.916583333333335  45.416666666667 30.416666666667 6.5624124999999935  45.416666666667 30.416666666667 5.208241666666659  45.416666666667 30.416666666667 3.8540708333333313  45.416666666667 30.416666666667 2.4998999999999967 0 0 1 2 3 4 5 6 7 8 9 10 11 12 13 14 15 16 17 18 19 20 21 22 23 24 25 26 27 28 29 30 31 32 33 34 35 36 37 38 39 40 41 42 43 44 45 46 47 48 48
7 1  49  51  0  22.4997500049352 -6.1290603471270115 69.9999999875  22.581556641731712 -6.129574360149519 69.99866929616394  22.663275923394917 -6.1300878242963135 69.99466228583262  22.744820320588243 -6.130600189597116 69.98798324840568  22.82610249129349 -6.13111090725862 69.97863933778491  22.907035374362636 -6.131619430252299 69.96664056221171  22.987532282768857 -6.132125213900334 69.95199977354727  23.067506996456807 -6.132627716459011 69.93473265350701  23.146873854692696 -6.13312639969898 69.9148576968639  23.22554784781534 -6.133620729481763 69.89239619163875  23.303444708289792 -6.13411017633185 69.86737219629869  23.380481000966125 -6.134594216003837 69.83981251398815  23.456574212446608 -6.135072330043933 69.80974666382012  23.531642839465643 -6.135544006345277 69.77720684925828  23.605606476187713 -6.136008739696456 69.74222792362393  23.678385900329893 -6.1364660323226365 69.7048473527647  23.749903158016654 -6.136915394418728 69.66510517492495  23.82008164727609 -6.137356344674011 69.62304395786087  23.888846200088103 -6.137788410787671 69.57870875324633  23.95612316289671 -6.138211129974678 69.53214704841808  24.021840475500195 -6.138624049461472 69.48340871551216  24.08592774823462 -6.139026726970932 69.43254595804599  24.148316337368048 -6.139418731196093 69.37961325500332  24.208939418624674 -6.139799642262123 69.3246673024819  24.267732058760167 -6.140169052176045 69.26776695296637  24.32463128511151 -6.140526565263741 69.20897315229159  24.37957615304688 -6.140871798593758 69.14834887436362  24.432507811243305 -6.141204382387461 69.08595905370854  24.483369564722185 -6.141523960415107 69.02187051592125  24.532106935575143 -6.141830190377396 68.95615190608868  24.578667721315206 -6.142122744272114 68.8888736152642  24.62300205079076 -6.142401308745449 68.82010770507199  24.665062437602415 -6.14266558542763 68.74992783052193  24.70480383096561 -6.142915291252502 68.67840916111786  24.742183663964376 -6.143150158760725 68.6056283003438  24.777161899144676 -6.143369936386247 68.53166320361403  24.809701071398436 -6.143574388725751 68.45659309477533  24.83976632809232 -6.143763296790803 68.38049838125035  24.867325466398327 -6.143936458242406 68.30346056791353  24.89234896778615 -6.144093687607721 68.22556216979139  24.914810029640414 -6.1442348164787335 68.14688662368083  24.9346845939689 -6.144359693692632 68.06751819878018  24.951951373170992 -6.144468185493715 67.98754190642869  24.966591872838794 -6.144560175676663 67.90704340905104  24.978590411566444 -6.144635565711 67.82610892840454  24.987934137746414 -6.144694274846631 67.74482515322717  24.99461304333487 -6.144736240200336 67.66327914638548  24.998619974571238 -6.144761416823119 67.58155825162177  24.999950639640588 -6.144769777748357 67.49975000000042 0 0 1 2 3 4 5 6 7 8 9 10 11 12 13 14 15 16 17 18 19 20 21 22 23 24 25 26 27 28 29 30 31 32 33 34 35 36 37 38 39 40 41 42 43 44 45 46 47 48 48
7 1  49  51  0  -20.000049347859658 6.113354057999103 2.4999  -20.000049347859658 6.113354057999103 3.854070833333333  -20.000049347859658 6.113354057999103 5.208241666666666  -20.000049347859658 6.113354057999103 6.562412500000001  -20.000049347859658 6.113354057999103 7.9165833333333335  -20.000049347859658 6.113354057999103 9.270754166666668  -20.000049347859658 6.113354057999103 10.624925000000001  -20.000049347859658 6.113354057999103 11.979095833333336  -20.000049347859658 6.113354057999103 13.333266666666667  -20.000049347859658 6.113354057999103 14.687437500000001  -20.000049347859658 6.113354057999103 16.041608333333336  -20.000049347859658 6.113354057999103 17.395779166666667  -20.000049347859658 6.113354057999103 18.749950000000002  -20.000049347859658 6.113354057999103 20.104120833333333  -20.000049347859658 6.113354057999103 21.45829166666667  -20.000049347859658 6.113354057999103 22.812462500000002  -20.000049347859658 6.113354057999103 24.166633333333333  -20.000049347859658 6.113354057999103 25.52080416666667  -20.000049347859658 6.113354057999103 26.874975000000003  -20.000049347859658 6.113354057999103 28.229145833333334  -20.000049347859658 6.113354057999103 29.583316666666672  -20.000049347859658 6.113354057999103 30.937487500000003  -20.000049347859658 6.113354057999103 32.29165833333333  -20.000049347859658 6.113354057999103 33.64582916666667  -20.000049347859658 6.113354057999103 35  -20.000049347859658 6.113354057999103 36.354170833333335  -20.000049347859658 6.113354057999103 37.70834166666666  -20.000049347859658 6.113354057999103 39.0625125  -20.000049347859658 6.113354057999103 40.41668333333334  -20.000049347859658 6.113354057999103 41.770854166666666  -20.000049347859658 6.113354057999103 43.125025  -20.000049347859658 6.113354057999103 44.479195833333335  -20.000049347859658 6.113354057999103 45.83336666666666  -20.000049347859658 6.113354057999103 47.187537500000005  -20.000049347859658 6.113354057999103 48.54170833333334  -20.000049347859658 6.113354057999103 49.89587916666667  -20.000049347859658 6.113354057999103 51.25005  -20.000049347859658 6.113354057999103 52.604220833333336  -20.000049347859658 6.113354057999103 53.958391666666664  -20.000049347859658 6.113354057999103 55.3125625  -20.000049347859658 6.113354057999103 56.66673333333334  -20.000049347859658 6.113354057999103 58.02090416666667  -20.000049347859658 6.113354057999103 59.375075  -20.000049347859658 6.113354057999103 60.72924583333334  -20.000049347859658 6.113354057999103 62.083416666666665  -20.000049347859658 6.113354057999103 63.43758750000001  -20.000049347859658 6.113354057999103 64.79175833333335  -20.000049347859658 6.113354057999103 66.14592916666668  -20.000049347859658 6.113354057999103 67.5001 0 0 1 2 3 4 5 6 7 8 9 10 11 12 13 14 15 16 17 18 19 20 21 22 23 24 25 26 27 28 29 30 31 32 33 34 35 36 37 38 39 40 41 42 43 44 45 46 47 48 48
7 1  49  51  0  -20.000049347859658 6.129161917913005 2.484292140086103  -20.000049347859658 5.873780171333297 2.484292140086103  -20.000049347859658 5.618398424753588 2.484292140086103  -20.000049347859658 5.36301667817388 2.484292140086103  -20.000049347859658 5.107634931594172 2.484292140086103  -20.000049347859658 4.852253185014463 2.484292140086103  -20.000049347859658 4.596871438434754 2.484292140086103  -20.000049347859658 4.341489691855045 2.484292140086103  -20.000049347859658 4.086107945275337 2.484292140086103  -20.000049347859658 3.830726198695629 2.484292140086103  -20.000049347859658 3.5753444521159206 2.484292140086103  -20.000049347859658 3.3199627055362124 2.484292140086103  -20.000049347859658 3.064580958956504 2.484292140086103  -20.000049347859658 2.8091992123767957 2.484292140086103  -20.000049347859658 2.5538174657970867 2.484292140086103  -20.000049347859658 2.2984357192173785 2.484292140086103  -20.000049347859658 2.0430539726376704 2.484292140086103  -20.000049347859658 1.7876722260579614 2.484292140086103  -20.000049347859658 1.5322904794782533 2.484292140086103  -20.000049347859658 1.2769087328985451 2.484292140086103  -20.000049347859658 1.021526986318836 2.484292140086103  -20.000049347859658 0.766145239739128 2.484292140086103  -20.000049347859658 0.5107634931594198 2.484292140086103  -20.000049347859658 0.2553817465797108 2.484292140086103  -20.000049347859658 0.0000000000000026645352591003757 2.484292140086103  -20.000049347859658 -0.25538174657970636 2.484292140086103  -20.000049347859658 -0.5107634931594136 2.484292140086103  -20.000049347859658 -0.7661452397391226 2.484292140086103  -20.000049347859658 -1.0215269863188317 2.484292140086103  -20.000049347859658 -1.276908732898539 2.484292140086103  -20.000049347859658 -1.532290479478248 2.484292140086103  -20.000049347859658 -1.787672226057957 2.484292140086103  -20.000049347859658 -2.043053972637664 2.484292140086103  -20.000049347859658 -2.298435719217374 2.484292140086103  -20.000049347859658 -2.5538174657970822 2.484292140086103  -20.000049347859658 -2.8091992123767904 2.484292140086103  -20.000049347859658 -3.0645809589564985 2.484292140086103  -20.000049347859658 -3.3199627055362066 2.484292140086103  -20.000049347859658 -3.575344452115915 2.484292140086103  -20.000049347859658 -3.830726198695623 2.484292140086103  -20.000049347859658 -4.086107945275333 2.484292140086103  -20.000049347859658 -4.341489691855041 2.484292140086103  -20.000049347859658 -4.596871438434749 2.484292140086103  -20.000049347859658 -4.852253185014457 2.484292140086103  -20.000049347859658 -5.107634931594165 2.484292140086103  -20.000049347859658 -5.363016678173875 2.484292140086103  -20.000049347859658 -5.618398424753583 2.484292140086103  -20.000049347859658 -5.8737801713332916 2.484292140086103  -20.000049347859658 -6.129161917913 2.484292140086103 0 0 1 2 3 4 5 6 7 8 9 10 11 12 13 14 15 16 17 18 19 20 21 22 23 24 25 26 27 28 29 30 31 32 33 34 35 36 37 38 39 40 41 42 43 44 45 46 47 48 48
7 1  49  51  0  -20.000049347859658 -6.144769777826897 2.4999  -20.000049347859658 -6.144769777826897 3.854070833333333  -20.000049347859658 -6.144769777826897 5.208241666666666  -20.000049347859658 -6.144769777826897 6.562412500000001  -20.000049347859658 -6.144769777826897 7.9165833333333335  -20.000049347859658 -6.144769777826897 9.270754166666668  -20.000049347859658 -6.144769777826897 10.624925000000001  -20.000049347859658 -6.144769777826897 11.979095833333336  -20.000049347859658 -6.144769777826897 13.333266666666667  -20.000049347859658 -6.144769777826897 14.687437500000001  -20.000049347859658 -6.144769777826897 16.041608333333336  -20.000049347859658 -6.144769777826897 17.395779166666667  -20.000049347859658 -6.144769777826897 18.749950000000002  -20.000049347859658 -6.144769777826897 20.104120833333333  -20.000049347859658 -6.144769777826897 21.45829166666667  -20.000049347859658 -6.144769777826897 22.812462500000002  -20.000049347859658 -6.144769777826897 24.166633333333333  -20.000049347859658 -6.144769777826897 25.52080416666667  -20.000049347859658 -6.144769777826897 26.874975000000003  -20.000049347859658 -6.144769777826897 28.229145833333334  -20.000049347859658 -6.144769777826897 29.583316666666672  -20.000049347859658 -6.144769777826897 30.937487500000003  -20.000049347859658 -6.144769777826897 32.29165833333333  -20.000049347859658 -6.144769777826897 33.64582916666667  -20.000049347859658 -6.144769777826897 35  -20.000049347859658 -6.144769777826897 36.354170833333335  -20.000049347859658 -6.144769777826897 37.70834166666666  -20.000049347859658 -6.144769777826897 39.0625125  -20.000049347859658 -6.144769777826897 40.41668333333334  -20.000049347859658 -6.144769777826897 41.770854166666666  -20.000049347859658 -6.144769777826897 43.125025  -20.000049347859658 -6.144769777826897 44.479195833333335  -20.000049347859658 -6.144769777826897 45.83336666666666  -20.000049347859658 -6.144769777826897 47.187537500000005  -20.000049347859658 -6.144769777826897 48.54170833333334  -20.000049347859658 -6.144769777826897 49.89587916666667  -20.000049347859658 -6.144769777826897 51.25005  -20.000049347859658 -6.144769777826897 52.604220833333336  -20.000049347859658 -6.144769777826897 53.958391666666664  -20.000049347859658 -6.144769777826897 55.3125625  -20.000049347859658 -6.144769777826897 56.66673333333334  -20.000049347859658 -6.144769777826897 58.02090416666667  -20.000049347859658 -6.144769777826897 59.375075  -20.000049347859658 -6.144769777826897 60.72924583333334  -20.000049347859658 -6.144769777826897 62.083416666666665  -20.000049347859658 -6.144769777826897 63.43758750000001  -20.000049347859658 -6.144769777826897 64.79175833333335  -20.000049347859658 -6.144769777826897 66.14592916666668  -20.000049347859658 -6.144769777826897 67.5001 0 0 1 2 3 4 5 6 7 8 9 10 11 12 13 14 15 16 17 18 19 20 21 22 23 24 25 26 27 28 29 30 31 32 33 34 35 36 37 38 39 40 41 42 43 44 45 46 47 48 48
7 1  49  51  0  24.999950639640588 -6.144769777748357 2.5002499999995833  24.998619974571238 -6.144761416823119 2.418441748378225  24.99461304333487 -6.144736240200336 2.3367208536145236  24.987934137746414 -6.144694274846631 2.2551748467728348  24.978590411566444 -6.144635565711 2.1738910715954582  24.966591872838794 -6.144560175676663 2.092956590948955  24.951951373170992 -6.144468185493715 2.0124580935713117  24.9346845939689 -6.144359693692632 1.9324818012198244  24.914810029640414 -6.1442348164787335 1.8531133763191776  24.89234896778615 -6.144093687607721 1.774437830208611  24.867325466398327 -6.143936458242406 1.6965394320864695  24.83976632809232 -6.143763296790803 1.6195016187496587  24.809701071398436 -6.143574388725751 1.543406905224677  24.777161899144676 -6.143369936386247 1.4683367963859633  24.742183663964376 -6.143150158760725 1.3943716996562068  24.70480383096561 -6.142915291252502 1.321590838882146  24.665062437602415 -6.14266558542763 1.2500721694780799  24.62300205079076 -6.142401308745449 1.1798922949280048  24.57866772131521 -6.142122744272114 1.1111263847357977  24.532106935575143 -6.141830190377396 1.0438480939113282  24.483369564722185 -6.141523960415107 0.9781294840787513  24.432507811243305 -6.141204382387461 0.9140409462914585  24.37957615304688 -6.140871798593758 0.8516511256363848  24.32463128511151 -6.140526565263741 0.7910268477084139  24.267732058760167 -6.140169052176045 0.7322330470336313  24.208939418624674 -6.139799642262123 0.6753326975181033  24.148316337368048 -6.139418731196093 0.6203867449966725  24.08592774823462 -6.139026726970932 0.5674540419540066  24.021840475500195 -6.138624049461472 0.5165912844878406  23.956123162896713 -6.138211129974678 0.467852951581917  23.888846200088103 -6.137788410787671 0.42129124675366203  23.82008164727609 -6.137356344674011 0.3769560421391289  23.749903158016657 -6.136915394418728 0.33489482507505786  23.678385900329893 -6.1364660323226365 0.29515264723529766  23.605606476187713 -6.136008739696456 0.2577720763760665  23.531642839465643 -6.135544006345277 0.22279315074172024  23.456574212446608 -6.135072330043933 0.1902533361798806  23.38048100096612 -6.134594216003837 0.16018748601185395  23.303444708289792 -6.13411017633185 0.13262780370131333  23.22554784781534 -6.133620729481763 0.1076038083612465  23.146873854692693 -6.13312639969898 0.08514230313609872  23.067506996456807 -6.132627716459011 0.06526734649298582  22.987532282768857 -6.132125213900334 0.04800022645272639  22.907035374362636 -6.131619430252299 0.03335943778828954  22.82610249129349 -6.13111090725862 0.021360662215085036  22.744820320588243 -6.130600189597116 0.012016751594316588  22.663275923394917 -6.1300878242963135 0.00533771416738027  22.581556641731712 -6.129574360149519 0.0013307038360599321  22.4997500049352 -6.1290603471270115 0.000000012500000146076218 0 0 1 2 3 4 5 6 7 8 9 10 11 12 13 14 15 16 17 18 19 20 21 22 23 24 25 26 27 28 29 30 31 32 33 34 35 36 37 38 39 40 41 42 43 44 45 46 47 48 48
Polygon3D 0
PolygonOnTriangulations 0
Surfaces 60
2 -22.5 -6.129061917913 0 0 0 1 1 0 0 0 1 0 1.9
1 -24.4 0 0 1 0 0 0 -1 0 0 0 -1
4 -22.5 -6.129061917913 2.5 0 0 1 1 0 0 0 1 0 1.9
4 -22.5 -6.129061917913 67.5 0 0 1 1 0 0 0 1 0 1.9
2 0 30.416666666667 0 -0 -0 -1 1 0 -0 0 -1 0 44.816666666667
2 -22.5 0 2.5 0 -1 -0 1 0 0 0 -0 1 1.9
2 -22.5 6.129061917913 0 0 0 1 1 0 0 0 1 0 1.9
2 -22.5 0 67.5 0 -1 -0 1 0 0 0 -0 1 1.9
5 0 30.416666666667 2.5 -0 -0 -1 1 0 -0 0 -1 0 42.916666666667 1.9
5 0 30.416666666667 67.5 0 0 1 1 0 0 0 1 0 42.916666666667 1.9
2 22.5 -6.129061917913 0 0 0 1 1 0 0 0 1 0 1.9
4 -22.5 6.129061917913 2.5 0 0 1 1 0 0 0 1 0 1.9
1 0 0 0.6 0 0 1 1 0 0 0 1 0
2 0 -30.41666666666 0 -0 -0 -1 1 0 -0 0 -1 0 44.816666666667
4 -22.5 6.129061917913 67.5 0 0 1 1 0 0 0 1 0 1.9
1 0 0 69.4 0 0 1 1 0 0 0 1 0
4 22.5 -6.129061917913 2.5 0 0 1 1 0 0 0 1 0 1.9
4 22.5 -6.129061917913 67.5 0 0 1 1 0 0 0 1 0 1.9
1 24.4 0 0 -1 0 0 0 1 0 0 0 -1
5 0 -30.41666666666 2.5 -0 -0 -1 1 0 -0 0 -1 0 42.916666666667 1.9
2 22.5 0 2.5 -0 1 0 1 0 0 0 0 -1 1.9
2 22.5 6.129061917913 0 0 0 1 1 0 0 0 1 0 1.9
5 0 -30.41666666666 67.5 0 0 1 1 0 0 0 1 0 42.916666666667 1.9
2 22.5 0 67.5 -0 1 0 1 0 0 0 0 -1 1.9
5 0 0 70 -0 -0 -1 1 0 -0 0 -1 0 7.5 0.6
4 22.5 6.129061917913 2.5 0 0 1 1 0 0 0 1 0 1.9
4 22.5 6.129061917913 67.5 0 0 1 1 0 0 0 1 0 1.9
2 0 0 70 0 0 1 1 0 0 0 1 0 6.9
1 0 0 77 0 0 1 1 0 0 0 1 0
2 0 0 70 0 0 1 1 0 0 0 1 0 7.5
8 12 1 5 2 0 0 -0.00000000000000222044604925 -7.425 71.75 -0.0000000000000004440892098501 -7.875 71.75 -0.06667386352885 -7.425000000001 71.790016336536 -0.03535735187134 -7.875000000001 71.770008168275 0.04156920957538 -7.424296262964 71.837726962171 0.115738166709 -7.87477286685 71.797177874893 0.340818252988 -7.428982279259 71.893488308254 0.470200191281 -7.87780178708 71.831978565719 0.844865439949 -7.425539478289 71.957552962547 1.042290058272 -7.866133734866 71.87480095204 1.568232807038 -7.382485326008 72.03003617017 1.847257142006 -7.802390058216 71.925923530684 2.51760236504 -7.224904145608 72.110882023684 2.889017659722 -7.602398660819 71.985476762933 3.680512698439 -6.857589499322 72.199834339266 4.149830528891 -7.161491273956 72.053409398619 5.000866700604 -6.138187088475 72.296418911162 5.56023359051 -6.325806752013 72.129462962839 6.310542136025 -4.906106683717 72.39994655035 6.925147323999 -4.929641388893 72.213164276498 7.299444914776 -3.133914879501 72.509540586516 7.903798753392 -2.96561223243 72.303841498141 7.685947366871 -0.997368095665 72.62418136388 8.203166013897 -0.64590523396 72.400658653994 6.970214337773 3.388899840665 72.861336978769 7.182098359313 4.015792497125 72.604663650258 5.867896494522 5.638567441719 72.983851815977 5.861581843573 6.357712327394 72.711851490537 3.881014087129 7.636638307852 73.10919397099 3.602526264483 8.365990302395 72.823270081137 1.003380642575 8.941319771219 73.236163662335 0.432829348499 9.560937605892 72.93784620511 -2.476291962921 9.038286220738 73.363523945696 -3.293153683607 9.410153832074 73.054433528599 -5.982846393775 7.547088702558 73.490061832264 -6.922418003807 7.548358568553 73.171868966815 -8.46778908974 4.469712910861 73.614648753192 -9.321878557665 4.073658938958 73.289032236695 -9.269648399341 0.750797285545 73.736288272899 -9.874007473424 0.05932670902835 73.404897091452 -8.460884895537 -2.750323640275 73.854142719951 -8.732342767858 -3.588126743632 73.51856437975 -6.460919956624 -5.396350438636 73.967542190905 -6.399204167967 -6.228235216491 73.629278489619 -3.844294386595 -6.921648113102 74.075980011188 -3.506636153384 -7.630209416592 73.736430136135 1.590056988575 -7.756257519288 74.282219489016 2.307728695278 -8.07409320743 73.942669613967 4.552288708152 -7.087735449715 74.385512614273 5.384132398906 -7.12779166073 74.047248912966 7.273438893422 -5.155439105608 74.488170640771 8.100885874995 -4.867243959518 74.152592300626 9.117981025582 -2.023984569743 74.589276453038 9.793475193123 -1.416278638313 74.25788527148 9.467028735756 1.829518440464 74.687817312593 9.853411669019 2.669821191684 74.362200796262 7.963224896901 5.600356526393 74.782709629751 7.975539953531 6.513576252484 74.464516764108 4.913288334533 8.11676986144 74.872837722508 4.58865471056 8.920603539011 74.563747305588 1.399028785403 8.996612845349 74.957106166686 0.843942775393 9.590567146533 74.658788709336 -1.854529893823 8.454494649118 75.034501588362 -2.52580707207 8.800728877201 74.748577698575 -4.379313027956 6.933358478493 75.10414948581 -5.070827135715 7.045663904459 74.832149160344 -6.043572857719 4.903765398301 75.165356335269 -6.689938186048 4.820461673366 74.908683006763 -7.762127833126 0.56662109945 75.269909475677 -8.243668751744 0.18452422347 75.046386765785 -7.816472083203 -1.740826127323 75.313255766929 -8.17835224244 -2.226113082018 75.107556678577 -7.123510698894 -3.817175115635 75.34718254521 -7.356702108754 -4.351768208091 75.160400271296 -5.932732212997 -5.388612694413 75.371404881823 -6.054747569723 -5.928133320995 75.204448933626 -4.592514991432 -6.392610967474 75.385865423785 -4.63368870255 -6.914850245267 75.239440482946 -3.336053437401 -6.965399368888 75.390739018775 -3.323170628994 -7.464764811596 75.26533375825 -2.260077066881 -7.257578497635 75.38641438828 -2.21420578774 -7.736150719827 75.282301748585 -1.395926342671 -7.37759561945 75.373455079118 -1.334542360022 -7.840708013921 75.29070306876 -0.75089337746 -7.417550242457 75.352550662086 -0.687670068886 -7.871739684394 75.29104091947 -0.311788762528 -7.424298767004 75.324469386864 -0.259036375541 -7.874774134926 75.283920299617 -0.06667386352887 -7.425 75.29001633653 -0.03535735187128 -7.875 75.270008168261 -0.0000000000000186517468137 -7.425 75.25 -0.00000000000001998401444325 -7.875 75.25 0 0.785398163397 1.570796326795 2.356194490192 3.14159265359 13 11 11 11 13 0 1 2 2
2 0 0 70 0 0 1 1 0 0 0 1 0 7.5
8 12 1 3 2 0 0 -0.00000000000000859733028695 -7.425 75.25 -0.00000000000002555059116002 -7.875 75.25 -3.887720908819 -7.424999999999 75.10416666668 -4.123340357838 -7.874999999999 75.10416666668 -7.775361722745 -5.204326824348 74.958333333277 -8.246595766548 -5.519740571278 74.958333333277 -10.26846076944 -0.763125900857 74.812500000137 -10.89079172517 -0.809375955456 74.812500000137 -9.967555508664 4.925404222343 74.666666666434 -10.57164978191 5.223913569154 74.666666666434 -6.256467360206 9.909317415965 74.52083333363 -6.635647200213 10.509882107839 74.52083333363 0.00000000003006306315001 11.965462290973 74.374999999709 0.00000000002693667511267 12.690641823762 74.374999999709 6.256467360152 9.909317415962 74.229166666891 6.635647200165 10.509882107836 74.229166666891 9.967555508701 4.925404222347 74.083333333196 10.571649781953 5.223913569157 74.083333333196 10.268460769428 -0.76312590086 73.937500000065 10.890791725153 -0.809375955459 73.937500000065 7.775361722753 -5.204326824347 73.791666666644 8.246595766555 -5.519740571277 73.791666666644 3.887720908817 -7.424999999999 73.645833333338 4.123340357836 -7.874999999999 73.645833333338 -3.887720908817 -7.425000000001 73.354166666662 -4.123340357836 -7.875 73.354166666662 -7.775361722751 -5.204326824342 73.208333333353 -8.246595766554 -5.519740571272 73.208333333353 -10.26846076943 -0.763125900873 73.062499999954 -10.89079172515 -0.80937595547 73.062499999954 -9.967555508689 4.925404222372 72.916666666743 -10.57164978194 5.223913569179 72.916666666743 -6.256467360172 9.909317415925 72.770833333238 -6.635647200184 10.509882107805 72.770833333238 -0.000000000004220332140217 11.965462291016 72.625000000091 -0.00000000000328656832505 12.690641823798 72.625000000091 6.25646736018 9.909317415925 72.479166666602 6.63564720019 10.509882107806 72.479166666602 9.967555508683 4.925404222372 72.333333333368 10.571649781938 5.223913569177 72.333333333368 10.268460769437 -0.763125900874 72.187499999987 10.89079172516 -0.809375955469 72.187499999987 7.775361722749 -5.204326824342 72.04166666667 8.246595766553 -5.519740571273 72.04166666667 3.887720908817 -7.425 71.895833333333 4.123340357837 -7.875 71.895833333333 -0.000000000000005851547409328 -7.425 71.75 -0.000000000000001753149708221 -7.875 71.75 -0 6.522339887215 13.04467977443 13 11 13 0 1 2 2
2 0 0 70 0 0 1 1 0 0 0 1 0 7.875
1 0 0 70 0 0 1 1 0 0 0 1 0
5 0 -30.41666666666 67.5 0 0 1 1 0 0 0 1 0 42.916666666667 2.5
2 -22.5 0 67.5 0 -1 -0 1 0 0 0 -0 1 2.5
5 0 30.416666666667 67.5 0 0 1 1 0 0 0 1 0 42.916666666667 2.5
2 22.5 0 67.5 -0 1 0 1 0 0 0 0 -1 2.5
4 22.5 6.129061917913 67.5 0 0 1 1 0 0 0 1 0 2.5
2 0 -30.41666666666 0 -0 -0 -1 1 0 -0 0 -1 0 45.416666666667
4 -22.5 6.129061917913 67.5 0 0 1 1 0 0 0 1 0 2.5
1 -25 0 0 1 0 0 0 -1 0 0 0 -1
4 -22.5 -6.129061917913 67.5 0 0 1 1 0 0 0 1 0 2.5
2 0 30.416666666667 0 -0 -0 -1 1 0 -0 0 -1 0 45.416666666667
4 22.5 -6.129061917913 67.5 0 0 1 1 0 0 0 1 0 2.5
1 25 0 0 -1 0 0 0 1 0 0 0 -1
2 22.5 6.129061917913 0 0 0 1 1 0 0 0 1 0 2.5
5 0 -30.41666666666 2.5 -0 -0 -1 1 0 -0 0 -1 0 42.916666666667 2.5
2 -22.5 6.129061917913 0 0 0 1 1 0 0 0 1 0 2.5
2 -22.5 0 2.5 0 -1 -0 1 0 0 0 -0 1 2.5
2 -22.5 -6.129061917913 0 0 0 1 1 0 0 0 1 0 2.5
5 0 30.416666666667 2.5 -0 -0 -1 1 0 -0 0 -1 0 42.916666666667 2.5
2 22.5 -6.129061917913 0 0 0 1 1 0 0 0 1 0 2.5
2 22.5 0 2.5 -0 1 0 1 0 0 0 0 -1 2.5
4 22.5 6.129061917913 2.5 0 0 1 1 0 0 0 1 0 2.5
1 0 0 0 0 0 1 1 0 0 0 1 0
4 -22.5 6.129061917913 2.5 0 0 1 1 0 0 0 1 0 2.5
4 -22.5 -6.129061917913 2.5 0 0 1 1 0 0 0 1 0 2.5
4 22.5 -6.129061917913 2.5 0 0 1 1 0 0 0 1 0 2.5
Triangulations 0

TShapes 363
Ve
1e-07
-24.4 -6.129061917913 67.5
0 0

0101101
*
Ve
1e-07
-24.4 -6.129061917913 2.5
0 0

0101101
*
Ve
1e-07
-23.49611650485 -7.747008736803 2.5
0 0

0101101
*
Ve
1e-07
-23.49611650485 -7.747008736803 67.5
0 0

0101101
*
Ve
1e-07
-24.4 6.129061917913 2.5
0 0

0101101
*
Ve
1e-07
-24.4 6.129061917913 67.5
0 0

0101101
*
Ve
1e-07
-22.5 -6.129061917913 0.6
0 0

0101101
*
Ve
1e-07
-22.5 -6.129061917913 69.4
0 0

0101101
*
Ve
1e-07
23.496116504854 -7.747008736803 67.5
0 0

0101101
*
Ve
1e-07
23.496116504854 -7.747008736803 2.5
0 0

0101101
*
Ve
1e-07
-22.5 6.129061917913 0.6
0 0

0101101
*
Ve
1e-07
-23.49611650485 7.747008736803 67.5
0 0

0101101
*
Ve
1e-07
-23.49611650485 7.747008736803 2.5
0 0

0101101
*
Ve
1e-07
-22.5 6.129061917913 69.4
0 0

0101101
*
Ve
1e-07
22.5 -6.129061917913 0.6
0 0

0101101
*
Ve
1e-07
22.5 -6.129061917913 69.4
0 0

0101101
*
Ve
1e-07
24.4 -6.129061917913 2.5
0 0

0101101
*
Ve
1e-07
24.4 -6.129061917913 67.5
0 0

0101101
*
Ve
1e-07
22.5 6.129061917913 0.6
0 0

0101101
*
Ve
1e-07
23.496116504854 7.747008736803 2.5
0 0

0101101
*
Ve
1e-07
23.496116504854 7.747008736803 67.5
0 0

0101101
*
Ve
1e-07
22.5 6.129061917913 69.4
0 0

0101101
*
Ve
1e-07
7.5 0 69.4
0 0

0101101
*
Ve
1e-07
24.4 6.129061917913 2.5
0 0

0101101
*
Ve
1e-07
24.4 6.129061917913 67.5
0 0

0101101
*
Ve
1e-07
6.9 0 70
0 0

0101101
*
Ve
1e-07
6.9 0 77
0 0

0101101
*
Ve
1e-07
7.5 0 77
0 0

0101101
*
Ve
1e-07
7.5 0 74.571632751149
0 0

0101101
*
Ve
1e-07
0 -7.5 75.25
0 0

0101101
*
Ve
1e-07
7.5 0 73.937500002206
0 0

0101101
*
Ve
1e-07
7.5 0 72.635048751961
0 0

0101101
*
Ve
1e-07
0 -7.875 71.75
0 0

0101101
*
Ve
1e-07
0 -7.5 71.75
0 0

0101101
*
Ve
1e-07
0 -7.875 75.25
0 0

0101101
*
Ve
1e-07
7.5 0 72.187500002206
0 0

0101101
*
Ve
1e-07
7.5 0 70
0 0

0101101
*
Ve
1e-07
22.5 6.129061917913 70
0 0

0101101
*
Ve
1e-07
-22.5 6.129061917913 70
0 0

0101101
*
Ve
1e-07
-22.5 -6.129061917913 70
0 0

0101101
*
Ve
1e-07
22.5 -6.129061917913 70
0 0

0101101
*
Ve
1e-07
23.810679611651 8.25793931119 67.5
0 0

0101101
*
Ve
1e-07
-23.81067961165 8.25793931119 67.5
0 0

0101101
*
Ve
1e-07
-25 -6.129061917913 67.5
0 0

0101101
*
Ve
1e-07
-25 6.129061917913 67.5
0 0

0101101
*
Ve
1e-07
-23.81067961165 -8.25793931119 67.5
0 0

0101101
*
Ve
1e-07
23.81067961165 -8.25793931119 67.5
0 0

0101101
*
Ve
1e-07
25 6.129061917913 67.5
0 0

0101101
*
Ve
1e-07
25 -6.129061917913 67.5
0 0

0101101
*
Ve
1e-07
23.810679611651 8.25793931119 2.5
0 0

0101101
*
Ve
1e-07
-23.81067961165 8.25793931119 2.5
0 0

0101101
*
Ve
1e-07
-25 -6.129061917913 2.5
0 0

0101101
*
Ve
1e-07
-25 6.129061917913 2.5
0 0

0101101
*
Ve
1e-07
-23.81067961165 -8.25793931119 2.5
0 0

0101101
*
Ve
1e-07
23.81067961165 -8.25793931119 2.5
0 0

0101101
*
Ve
1e-07
25 6.129061917913 2.5
0 0

0101101
*
Ve
1e-07
25 -6.129061917913 2.5
0 0

0101101
*
Ve
1e-07
22.5 6.129061917913 0
0 0

0101101
*
Ve
1e-07
-22.5 6.129061917913 0
0 0

0101101
*
Ve
1e-07
-22.5 -6.129061917913 0
0 0

0101101
*
Ve
1e-07
22.5 -6.129061917913 0
0 0

0101101
*
Ve
1e-07
-20.600037504373 -6.140999891448 2.4999
0 0

0101101
*
Ve
1e-07
-20.600037504373 -6.140999891448 67.5001
0 0

0101101
*
Ve
1e-07
44.816666666667 30.416666666667 67.5001
0 0

0101101
*
Ve
1e-07
44.816666666667 30.416666666667 2.4999
0 0

0101101
*
Ve
1e-07
-20.600037504373 6.129161917913 2.488062026465
0 0

0101101
*
Ve
1e-07
-20.600037504373 -6.129161917913 2.488062026465
0 0

0101101
*
Ve
1e-07
-20.600037504373 6.117123944378 2.4999
0 0

0101101
*
Ve
1e-07
-20.600037504373 6.117123944378 67.5001
0 0

0101101
*
Ve
1e-07
-20.600037504373 6.129161917913 67.488062026465
0 0

0101101
*
Ve
1e-07
-20.600037504373 -6.129161917913 67.488062026465
0 0

0101101
*
Ve
1e-07
44.816666657167 30.416666666667 67.49981
0 0

0101101
*
Ve
1e-07
44.816666666667 -30.41666666666 67.5001
0 0

0101101
*
Ve
1e-07
44.816666666667 -30.41666666666 2.4999
0 0

0101101
*
Ve
1e-07
24.399962486127 -6.140999891388 2.50019
0 0

0101101
*
Ve
1e-07
22.499810003751 -6.129060724116 0.6000000095
0 0

0101101
*
Ve
1e-07
22.499810003751 -6.129060724116 69.3999999905
0 0

0101101
*
Ve
1e-07
24.399962486127 -6.140999891388 67.49981
0 0

0101101
*
Ve
1e-07
44.816666657167 -30.41666666666 2.50019
0 0

0101101
*
Ve
1e-07
24.399962495627 -6.129161917913 67.511937973535
0 0

0101101
*
Ve
1e-07
24.399962495627 6.129161917913 67.511937973535
0 0

0101101
*
Ve
1e-07
7.875 0 71.7499
0 0

0101101
*
Ve
1e-07
7.875 0 75.275631485048
0 0

0101101
*
Ve
1e-07
-20.00004934786 6.129161917913 67.484292140086
0 0

0101101
*
Ve
1e-07
-20.00004934786 -6.129161917913 67.484292140086
0 0

0101101
*
Ve
1e-07
24.99995065214 -6.129161917913 67.515707859914
0 0

0101101
*
Ve
1e-07
24.99995065214 6.129161917913 67.515707859914
0 0

0101101
*
Ve
1e-07
45.416666666667 -30.41666666666 67.5001
0 0

0101101
*
Ve
1e-07
45.416666666667 -30.41666666666 2.4999
0 0

0101101
*
Ve
1e-07
45.416666666667 30.416666666667 67.5001
0 0

0101101
*
Ve
1e-07
45.416666666667 30.416666666667 2.4999
0 0

0101101
*
Ve
1e-07
22.499750004935 -6.129060347127 69.9999999875
0 0

0101101
*
Ve
1e-07
24.999950639641 -6.144769777748 67.49975
0 0

0101101
*
Ve
1e-07
-20.00004934786 6.113354057999 2.4999
0 0

0101101
*
Ve
1e-07
-20.00004934786 6.113354057999 67.5001
0 0

0101101
*
Ve
1e-07
-20.00004934786 6.129161917913 2.484292140086
0 0

0101101
*
Ve
1e-07
-20.00004934786 -6.129161917913 2.484292140086
0 0

0101101
*
Ve
1e-07
-20.00004934786 -6.144769777827 2.4999
0 0

0101101
*
Ve
1e-07
-20.00004934786 -6.144769777827 67.5001
0 0

0101101
*
Ve
1e-07
24.999950639641 -6.144769777748 2.50025
0 0

0101101
*
Ve
1e-07
22.499750004935 -6.129060347127 0.0000000125
0 0

0101101
*
Ed
 1e-07 1 1 0
2  1 0 0 0
4 C0 1 0 2 0
4 C0 2 0 2 0
0

0101000
+363 0 -362 0 *
Ed
 1e-07 1 1 0
2  2 0 0 1.0189365320964345
4 C0 3 0 2 0
4 C0 4 0 2 0
0

0101000
+362 0 -361 0 *
Ed
 1e-07 1 1 0
2  3 0 0 0
4 C0 5 0 2 0
4 C0 6 0 2 0
0

0101000
+361 0 -360 0 *
Ed
 1e-07 1 1 0
2  4 0 0 1.0189365320964345
4 C0 7 0 2 0
4 C0 8 0 2 0
0

0101000
+363 0 -360 0 *
Ed
 1e-07 1 1 0
2  5 0 0 0
4 C0 9 0 2 0
4 C0 10 0 2 0
0

0101000
+362 0 -359 0 *
Ed
 1e-07 1 1 0
2  6 0 0 0
4 C0 11 0 2 0
4 C0 12 0 2 0
0

0101000
+359 0 -358 0 *
Ed
 1e-07 1 1 0
2  7 0 0 0
4 C0 13 0 2 0
4 C0 14 0 2 0
0

0101000
+363 0 -358 0 *
Ed
 1e-07 1 1 0
2  8 0 0 1.5707963267948966
4 C0 15 0 2 0
4 C0 16 0 2 0
0

0101000
+362 0 -357 0 *
Ed
 1e-07 1 1 0
2  9 0 0 1.5707963267948966
4 C0 17 0 2 0
4 C0 18 0 2 0
0

0101000
+361 0 -357 0 *
Ed
 1e-07 1 1 0
2  10 0 0 1.5707963267948966
4 C0 19 0 2 0
4 C0 20 0 2 0
0

0101000
+363 0 -356 0 *
Ed
 1e-07 1 1 0
2  11 0 0 1.5707963267948966
4 C0 21 0 2 0
4 C0 22 0 2 0
0

0101000
+360 0 -356 0 *
Ed
 1e-07 1 1 0
2  12 0 0 1.103719589400673
4 C0 23 0 2 0
4 C0 24 0 2 0
0

0101000
+360 0 -355 0 *
Ed
 1e-07 1 1 0
2  13 0 0 0
4 C0 25 0 2 0
4 C0 26 0 2 0
0

0101000
+355 0 -354 0 *
Ed
 1e-07 1 1 0
2  14 0 0 1.103719589400673
4 C0 27 0 2 0
4 C0 28 0 2 0
0

0101000
+361 0 -354 0 *
Ed
 1e-07 1 1 0
2  15 0 0 1.5707963267948966
4 C0 29 0 2 0
4 C0 30 0 2 0
0

0101000
+359 0 -353 0 *
Ed
 1e-07 1 1 0
2  16 0 0 0
4 C0 31 0 2 0
4 C0 32 0 2 0
0

0101000
+357 0 -353 0 *
Ed
 1e-07 1 1 0
2  17 0 0 0
4 C0 33 0 2 0
4 C0 34 0 2 0
0

0101000
+352 0 -351 0 *
Ed
 1e-07 1 1 0
2  18 0 0 1.018936532096435
4 C0 35 0 2 0
4 C0 36 0 2 0
0

0101000
+359 0 -351 0 *
Ed
 1e-07 1 1 0
2  19 0 0 1.018936532096435
4 C0 37 0 2 0
4 C0 38 0 2 0
0

0101000
+358 0 -352 0 *
Ed
 1e-07 1 1 0
2  20 0 0 1.5707963267948966
4 C0 39 0 2 0
4 C0 40 0 2 0
0

0101000
+358 0 -350 0 *
Ed
 1e-07 1 1 0
2  21 0 0 0
4 C0 41 0 2 0
4 C0 42 0 2 0
0

0101000
+356 0 -350 0 *
Ed
 1e-07 1 1 0
2  22 0 0 1.5707963267948966
4 C0 43 0 2 0
4 C0 44 0 2 0
0

0101000
+354 0 -349 0 *
Ed
 1e-07 1 1 0
2  23 0 0 1.1037195894007592
4 C0 45 0 2 0
4 C0 46 0 2 0
0

0101000
+357 0 -349 0 *
Ed
 1e-07 1 1 0
2  24 0 0 1.5707963267948966
4 C0 47 0 2 0
4 C0 48 0 2 0
0

0101000
+355 0 -348 0 *
Ed
 1e-07 1 1 0
2  25 0 0 1.1037195894007592
4 C0 49 0 2 0
4 C0 50 0 2 0
0

0101000
+356 0 -348 0 *
Ed
 1e-07 1 1 0
2  26 0 0 1.0189365320946422
4 C0 51 0 2 0
4 C0 52 0 2 0
0

0101000
+354 0 -347 0 *
Ed
 1e-07 1 1 0
2  27 0 0 0
4 C0 53 0 2 0
4 C0 54 0 2 0
0

0101000
+347 0 -346 0 *
Ed
 1e-07 1 1 0
2  28 0 0 1.0189365320946422
4 C0 55 0 2 0
4 C0 56 0 2 0
0

0101000
+355 0 -346 0 *
Ed
 1e-07 1 1 0
2  29 0 0 1.5707963267948966
4 C0 57 0 2 0
4 C0 58 0 2 0
0

0101000
+353 0 -351 0 *
Ed
 1e-07 1 1 0
2  30 0 0 0
4 C0 59 0 2 0
4 C0 60 0 2 0
0

0101000
+349 0 -345 0 *
Ed
 1e-07 1 1 0
2  31 0 0 1.1037195894009304
4 C0 61 0 2 0
4 C0 62 0 2 0
0

0101000
+353 0 -345 0 *
Ed
 1e-07 1 1 0
2  32 0 0 0
4 C0 63 0 2 0
4 C0 64 0 2 0
0

0101000
+344 0 -343 0 *
Ed
 1e-07 1 1 0
2  33 0 0 1.1037195894008363
4 C0 65 0 2 0
4 C0 66 0 2 0
0

0101000
+352 0 -343 0 *
Ed
 1e-07 1 1 0
2  34 0 0 1.1037195894008363
4 C0 67 0 2 0
4 C0 68 0 2 0
0

0101000
+351 0 -344 0 *
Ed
 1e-07 1 1 0
2  35 0 0 1.5707963267948966
4 C0 69 0 2 0
4 C0 70 0 2 0
0

0101000
+352 0 -350 0 *
Ed
 1e-07 1 1 0
2  36 0 0 1.1037195894009304
4 C0 71 0 2 0
4 C0 72 0 2 0
0

0101000
+350 0 -342 0 *
Ed
 1e-07 1 1 0
2  37 0 0 0
4 C0 73 0 2 0
4 C0 74 0 2 0
0

0101000
+348 0 -342 0 *
Ed
 1e-07 1 1 0
2  38 0 0 6.283185307179586
4 C0 75 0 2 0
4 C0 76 0 2 0
0

0101000
+341 0 -341 0 *
Ed
 1e-07 1 1 0
2  39 0 0 1.5707963267948966
4 C0 77 0 2 0
4 C0 78 0 2 0
0

0101000
+349 0 -347 0 *
Ed
 1e-07 1 1 0
2  40 0 0 1.5707963267948966
4 C0 79 0 2 0
4 C0 80 0 2 0
0

0101000
+348 0 -346 0 *
Ed
 1e-07 1 1 0
2  41 0 0 0
4 C0 81 0 2 0
4 C0 82 0 2 0
0

0101000
+347 0 -340 0 *
Ed
 1e-07 1 1 0
2  42 0 0 0
4 C0 83 0 2 0
4 C0 84 0 2 0
0

0101000
+346 0 -339 0 *
Ed
 1e-07 1 1 0
2  43 0 0 0
4 C0 85 0 2 0
4 C0 86 0 2 0
0

0101000
+340 0 -339 0 *
Ed
 1e-07 1 1 0
2  44 0 0 1.5707963267948966
4 C0 87 0 2 0
4 C0 88 0 2 0
0

0101000
+345 0 -344 0 *
Ed
 1e-07 1 1 0
2  45 0 0 1.5707963267948966
4 C0 89 0 2 0
4 C0 90 0 2 0
0

0101000
+345 0 -340 0 *
Ed
 1e-07 1 1 0
2  46 0 0 1.0189365320946422
4 C0 91 0 2 0
4 C0 92 0 2 0
0

0101000
+344 0 -340 0 *
Ed
 1e-07 1 1 0
2  47 0 0 1.0189365320946422
4 C0 93 0 2 0
4 C0 94 0 2 0
0

0101000
+343 0 -339 0 *
Ed
 1e-07 1 1 0
2  48 0 0 1.5707963267948966
4 C0 95 0 2 0
4 C0 96 0 2 0
0

0101000
+343 0 -342 0 *
Ed
 1e-07 1 1 0
2  49 0 0 1.5707963267948966
4 C0 97 0 2 0
4 C0 98 0 2 0
0

0101000
+342 0 -339 0 *
Ed
 1e-07 1 1 0
2  50 0 0 1.5707963267948966
4 C0 99 0 2 0
0

0101000
+341 0 -338 0 *
Ed
 1e-07 1 1 0
2  51 0 0 6.283185307179586
4 C0 100 0 2 0
4 C0 101 0 2 0
0

0101000
+338 0 -338 0 *
Ed
 1e-07 1 1 0
2  52 0 0 6.283185307179586
4 C0 102 0 2 0
4 C0 103 0 2 0
0

0101000
+337 0 -337 0 *
Ed
 1e-07 1 1 0
1  53 0 0 7
4 C0 104 0 2 0
0

0101000
+338 0 -337 0 *
Ed
 1e-07 1 1 0
2  54 0 0 6.283185307179586
4 C0 105 0 2 0
4 C0 106 0 2 0
0

0101000
+336 0 -336 0 *
Ed
 1e-07 1 1 0
7  55 0 0 5.772593131607749
4 C0 107 0 2 0
4 C0 108 0 2 0
0

0101000
+335 0 -334 0 *
Ed
 1e-07 1 1 0
7  56 0 0 1.1836329805696437
4 C0 109 0 2 0
4 C0 110 0 2 0
0

0101000
+334 0 -333 0 *
Ed
 1e-07 1 1 0
1  57 0 0 1.3024512502449994
4 C0 111 0 2 0
4 C0 112 0 2 0
0

0101000
+333 0 -332 0 *
Ed
 1e-07 1 1 0
7  58 0 0 1.564602820338599
4 C0 113 0 2 0
4 C0 114 0 2 0
0

0101000
+335 0 -332 0 *
Ed
 1e-07 1 1 0
1  59 0 0 2.4283672488510035
4 C0 115 0 2 0
0

0101000
+336 0 -335 0 *
Ed
 1e-07 1 1 0
7  60 0 0 0.8333333333333338
4 C0 116 0 2 0
4 C0 117 0 2 0
0

0101000
+331 0 -330 0 *
Ed
 1e-07 1 1 0
7  61 0 0 3481.7472028071084
4 C0 118 0 2 0
4 C0 119 0 2 0
0

0101000
+332 0 -330 0 *
Ed
 1e-07 1 1 0
7  62 0 0 0.833333333333333
4 C0 120 0 2 0
4 C0 121 0 2 0
0

0101000
+334 0 -329 0 *
Ed
 1e-07 1 1 0
7  63 0 0 3.8825299916523313
4 C0 122 0 2 0
4 C0 123 0 2 0
0

0101000
+331 0 -329 0 *
Ed
 1e-07 1 1 0
7  64 0 0 1.5765908976599696
4 C0 124 0 2 0
4 C0 125 0 2 0
0

0101000
+333 0 -328 0 *
Ed
 1e-07 1 1 0
1  65 0 0 2.1875000022059936
4 C0 126 0 2 0
0

0101000
+328 0 -327 0 *
Ed
 1e-07 1 1 0
2  66 0 0 6.283185307179586
4 C0 127 0 2 0
4 C0 128 0 2 0
0

0101000
+327 0 -327 0 *
Ed
 1e-07 1 1 0
7  67 0 0 627.7478423610776
4 C0 129 0 2 0
4 C0 130 0 2 0
0

0101000
+330 0 -328 0 *
Ed
 1e-07 1 1 0
7  68 0 0 0.016297609023542086
4 C0 131 0 2 0
4 C0 132 0 2 0
0

0101000
+331 0 -329 0 *
Ed
 1e-07 1 1 0
2  69 0 0 1.1037195894009304
4 C0 133 0 2 0
4 C0 134 0 2 0
0

0101000
+326 0 -325 0 *
Ed
 1e-07 1 1 0
2  70 0 0 0
4 C0 135 0 2 0
4 C0 136 0 2 0
0

0101000
+325 0 -324 0 *
Ed
 1e-07 1 1 0
2  71 0 0 1.1037195894007592
4 C0 137 0 2 0
4 C0 138 0 2 0
0

0101000
+324 0 -323 0 *
Ed
 1e-07 1 1 0
2  72 0 0 0
4 C0 139 0 2 0
4 C0 140 0 2 0
0

0101000
+326 0 -323 0 *
Ed
 1e-07 1 1 0
2  73 0 0 1.5707963267948966
4 C0 141 0 2 0
4 C0 142 0 2 0
0

0101000
+326 0 -322 0 *
Ed
 1e-07 1 1 0
2  74 0 0 1.1037195894009102
4 C0 143 0 2 0
4 C0 144 0 2 0
0

0101000
+322 0 -321 0 *
Ed
 1e-07 1 1 0
2  75 0 0 1.5707963267948966
4 C0 145 0 2 0
4 C0 146 0 2 0
0

0101000
+325 0 -321 0 *
Ed
 1e-07 1 1 0
2  76 0 0 0
4 C0 147 0 2 0
4 C0 148 0 2 0
0

0101000
+320 0 -319 0 *
Ed
 1e-07 1 1 0
2  77 0 0 1.5707963267948966
4 C0 149 0 2 0
4 C0 150 0 2 0
0

0101000
+325 0 -319 0 *
Ed
 1e-07 1 1 0
2  78 0 0 1.5707963267948966
4 C0 151 0 2 0
4 C0 152 0 2 0
0

0101000
+324 0 -320 0 *
Ed
 1e-07 1 1 0
2  79 0 0 1.5707963267948966
4 C0 153 0 2 0
4 C0 154 0 2 0
0

0101000
+324 0 -318 0 *
Ed
 1e-07 1 1 0
2  80 0 0 1.103719589400729
4 C0 155 0 2 0
4 C0 156 0 2 0
0

0101000
+318 0 -317 0 *
Ed
 1e-07 1 1 0
2  81 0 0 1.5707963267948966
4 C0 157 0 2 0
4 C0 158 0 2 0
0

0101000
+323 0 -317 0 *
Ed
 1e-07 1 1 0
2  82 0 0 0
4 C0 159 0 2 0
4 C0 160 0 2 0
0

0101000
+316 0 -315 0 *
Ed
 1e-07 1 1 0
2  83 0 0 1.5707963267948966
4 C0 161 0 2 0
4 C0 162 0 2 0
0

0101000
+323 0 -315 0 *
Ed
 1e-07 1 1 0
2  84 0 0 1.5707963267948966
4 C0 163 0 2 0
4 C0 164 0 2 0
0

0101000
+326 0 -316 0 *
Ed
 1e-07 1 1 0
2  85 0 0 1.018936532094445
4 C0 165 0 2 0
4 C0 166 0 2 0
0

0101000
+322 0 -316 0 *
Ed
 1e-07 1 1 0
2  86 0 0 0
4 C0 167 0 2 0
4 C0 168 0 2 0
0

0101000
+322 0 -314 0 *
Ed
 1e-07 1 1 0
2  87 0 0 0
4 C0 169 0 2 0
4 C0 170 0 2 0
0

0101000
+321 0 -313 0 *
Ed
 1e-07 1 1 0
2  88 0 0 1.1037195894009102
4 C0 171 0 2 0
4 C0 172 0 2 0
0

0101000
+314 0 -313 0 *
Ed
 1e-07 1 1 0
2  89 0 0 1.0189365320947865
4 C0 173 0 2 0
4 C0 174 0 2 0
0

0101000
+321 0 -319 0 *
Ed
 1e-07 1 1 0
2  90 0 0 0
4 C0 175 0 2 0
4 C0 176 0 2 0
0

0101000
+312 0 -311 0 *
Ed
 1e-07 1 1 0
2  91 0 0 0
4 C0 177 0 2 0
4 C0 178 0 2 0
0

0101000
+319 0 -311 0 *
Ed
 1e-07 1 1 0
2  92 0 0 0
4 C0 179 0 2 0
4 C0 180 0 2 0
0

0101000
+320 0 -312 0 *
Ed
 1e-07 1 1 0
2  93 0 0 1.018936532094786
4 C0 181 0 2 0
4 C0 182 0 2 0
0

0101000
+320 0 -318 0 *
Ed
 1e-07 1 1 0
2  94 0 0 0
4 C0 183 0 2 0
4 C0 184 0 2 0
0

0101000
+318 0 -310 0 *
Ed
 1e-07 1 1 0
2  95 0 0 0
4 C0 185 0 2 0
4 C0 186 0 2 0
0

0101000
+317 0 -309 0 *
Ed
 1e-07 1 1 0
2  96 0 0 1.103719589400729
4 C0 187 0 2 0
4 C0 188 0 2 0
0

0101000
+310 0 -309 0 *
Ed
 1e-07 1 1 0
2  97 0 0 1.018936532094787
4 C0 189 0 2 0
4 C0 190 0 2 0
0

0101000
+317 0 -315 0 *
Ed
 1e-07 1 1 0
2  98 0 0 0
4 C0 191 0 2 0
4 C0 192 0 2 0
0

0101000
+308 0 -307 0 *
Ed
 1e-07 1 1 0
2  99 0 0 0
4 C0 193 0 2 0
4 C0 194 0 2 0
0

0101000
+315 0 -307 0 *
Ed
 1e-07 1 1 0
2  100 0 0 0
4 C0 195 0 2 0
4 C0 196 0 2 0
0

0101000
+316 0 -308 0 *
Ed
 1e-07 1 1 0
2  101 0 0 1.018936532094445
4 C0 197 0 2 0
4 C0 198 0 2 0
0

0101000
+314 0 -308 0 *
Ed
 1e-07 1 1 0
2  102 0 0 1.5707963267948966
4 C0 199 0 2 0
4 C0 200 0 2 0
0

0101000
+314 0 -306 0 *
Ed
 1e-07 1 1 0
2  103 0 0 1.5707963267948966
4 C0 201 0 2 0
4 C0 202 0 2 0
0

0101000
+313 0 -305 0 *
Ed
 1e-07 1 1 0
2  104 0 0 1.1037195894009304
4 C0 203 0 2 0
4 C0 204 0 2 0
0

0101000
+306 0 -305 0 *
Ed
 1e-07 1 1 0
2  105 0 0 1.0189365320947865
4 C0 205 0 2 0
4 C0 206 0 2 0
0

0101000
+313 0 -311 0 *
Ed
 1e-07 1 1 0
2  106 0 0 1.5707963267948966
4 C0 207 0 2 0
4 C0 208 0 2 0
0

0101000
+311 0 -305 0 *
Ed
 1e-07 1 1 0
2  107 0 0 0
4 C0 209 0 2 0
4 C0 210 0 2 0
0

0101000
+305 0 -304 0 *
Ed
 1e-07 1 1 0
2  108 0 0 1.5707963267948966
4 C0 211 0 2 0
4 C0 212 0 2 0
0

0101000
+312 0 -304 0 *
Ed
 1e-07 1 1 0
2  109 0 0 1.018936532094786
4 C0 213 0 2 0
4 C0 214 0 2 0
0

0101000
+312 0 -310 0 *
Ed
 1e-07 1 1 0
2  110 0 0 1.5707963267948966
4 C0 215 0 2 0
4 C0 216 0 2 0
0

0101000
+310 0 -304 0 *
Ed
 1e-07 1 1 0
2  111 0 0 1.5707963267948966
4 C0 217 0 2 0
4 C0 218 0 2 0
0

0101000
+309 0 -303 0 *
Ed
 1e-07 1 1 0
2  112 0 0 1.1037195894007592
4 C0 219 0 2 0
4 C0 220 0 2 0
0

0101000
+304 0 -303 0 *
Ed
 1e-07 1 1 0
2  113 0 0 1.018936532094787
4 C0 221 0 2 0
4 C0 222 0 2 0
0

0101000
+309 0 -307 0 *
Ed
 1e-07 1 1 0
2  114 0 0 1.5707963267948966
4 C0 223 0 2 0
4 C0 224 0 2 0
0

0101000
+307 0 -303 0 *
Ed
 1e-07 1 1 0
2  115 0 0 0
4 C0 225 0 2 0
4 C0 226 0 2 0
0

0101000
+306 0 -303 0 *
Ed
 1e-07 1 1 0
2  116 0 0 1.5707963267948966
4 C0 227 0 2 0
4 C0 228 0 2 0
0

0101000
+308 0 -306 0 *
Ed
 1e-07 1 1 0
7  117 0 0 1
4 C0 229 0 2 0
0

0101000
+302 0 -301 0 *
Ed
 1e-07 1 1 0
7  118 0 0 1.0000000000000042
4 C0 230 0 2 0
0

0101000
+300 0 -299 0 *
Ed
 1e-07 1 1 0
7  119 0 0 1.000000000000001
4 C0 231 0 2 0
0

0101000
+298 0 -297 0 *
Ed
 1e-07 1 1 0
7  120 0 0 1
4 C0 232 0 2 0
0

0101000
+296 0 -295 0 *
Ed
 1e-07 1 1 0
7  121 0 0 1.000000000000001
4 C0 233 0 2 0
0

0101000
+294 0 -293 0 *
Ed
 1e-07 1 1 0
7  122 0 0 0.9999924720925287
4 C0 234 0 2 0
0

0101000
+300 0 -292 0 *
Ed
 1e-07 1 1 0
7  123 0 0 1.0000000000000042
4 C0 235 0 2 0
0

0101000
+291 0 -290 0 *
Ed
 1e-07 1 1 0
7  124 0 0 0.9999999999999999
4 C0 236 0 2 0
0

0101000
+289 0 -288 0 *
Ed
 1e-07 1 1 0
7  125 0 0 1.0000000000000009
4 C0 237 0 2 0
0

0101000
+287 0 -286 0 *
Ed
 1e-07 1 1 0
7  126 0 0 0.9999924720925284
4 C0 238 0 2 0
0

0101000
+290 0 -285 0 *
Ed
 1e-07 1 1 0
7  127 0 0 1.0000000000000007
4 C0 239 0 2 0
0

0101000
+284 0 -283 0 *
Ed
 1e-07 1 1 0
7  128 0 0 1
4 C0 240 0 2 0
0

0101000
+282 0 -281 0 *
Ed
 1e-07 1 1 0
7  129 0 0 1.000000000000001
4 C0 241 0 2 0
0

0101000
+280 0 -279 0 *
Ed
 1e-07 1 1 0
7  130 0 0 1.0000000000000007
4 C0 242 0 2 0
0

0101000
+278 0 -277 0 *
Ed
 1e-07 1 1 0
7  131 0 0 1.0000000000000042
4 C0 243 0 2 0
0

0101000
+276 0 -275 0 *
Ed
 1e-07 1 1 0
7  132 0 0 1.0000000000000042
4 C0 244 0 2 0
0

0101000
+274 0 -273 0 *
Ed
 1e-07 1 1 0
7  133 0 0 1.0000000000000007
4 C0 245 0 2 0
0

0101000
+272 0 -271 0 *
Ed
 1e-07 1 1 0
7  134 0 0 1
4 C0 246 0 2 0
0

0101000
+270 0 -269 0 *
Ed
 1e-07 1 1 0
7  135 0 0 1.000000000000001
4 C0 247 0 2 0
0

0101000
+268 0 -267 0 *
Ed
 1e-07 1 1 0
7  136 0 0 1
4 C0 248 0 2 0
0

0101000
+266 0 -265 0 *
Ed
 1e-07 1 1 0
7  137 0 0 1.0000000000000002
4 C0 249 0 2 0
0

0101000
+264 0 -263 0 *
Wi

0101100
+262 0 +261 0 +260 0 -259 0 +146 0 *
Wi

0101100
+258 0 +257 0 -256 0 +262 0 *
Wi

0101100
+255 0 -254 0 -261 0 *
Wi

0101100
+253 0 -252 0 -259 0 *
Wi

0101100
+260 0 +251 0 +250 0 -249 0 +145 0 *
Wi

0101100
+258 0 +248 0 -247 0 -255 0 +144 0 *
Wi

0101100
+246 0 -245 0 +257 0 +244 0 +143 0 *
Wi

0101100
+256 0 +243 0 -242 0 -253 0 +142 0 *
Wi

0101100
-254 0 +249 0 +241 0 -240 0 *
Wi

0101100
-252 0 +251 0 +239 0 -238 0 +141 0 *
Wi

0101100
+250 0 +237 0 +236 0 -235 0 *
Wi

0101100
-234 0 -248 0 +245 0 *
Wi

0101100
-247 0 +240 0 +233 0 -232 0 *
Wi

0101100
+231 0 -230 0 +246 0 +229 0 +140 0 *
Wi

0101100
+228 0 -243 0 +244 0 *
Wi

0101100
-227 0 -242 0 +238 0 +226 0 *
Wi

0101100
+225 0 *
Wi

0101100
+241 0 +224 0 -237 0 +139 0 *
Wi

0101100
+239 0 +223 0 -235 0 +138 0 *
Wi

0101100
-222 0 +236 0 +221 0 -220 0 *
Wi

0101100
+219 0 -229 0 -234 0 +232 0 +137 0 *
Wi

0101100
-222 0 -224 0 +233 0 +218 0 *
Wi

0101100
-220 0 -217 0 +231 0 +216 0 *
Wi

0101100
-215 0 -230 0 +228 0 +227 0 *
Wi

0101100
-221 0 -223 0 +226 0 +214 0 +136 0 *
Wi

0101100
+225 0 +213 0 +212 0 -213 0 *
Wi

0101100
-219 0 +218 0 -217 0 *
Wi

0101100
+215 0 +214 0 -216 0 *
Wi

0101100
+211 0 -210 0 +212 0 +210 0 *
Wi

0101100
+209 0 *
Wi

0101100
+211 0 *
Wi

0101100
+208 0 +207 0 +206 0 -205 0 -204 0 +209 0 +204 0 *
Wi

0101100
+203 0 -202 0 -205 0 +208 0 +201 0 -200 0 *
Wi

0101100
+199 0 +198 0 +197 0 -198 0 -196 0 -202 0 -206 0 *
Wi

0101100
-201 0 +207 0 +199 0 -196 0 -203 0 +195 0 *
Wi

0101100
+200 0 -195 0 +135 0 *
Wi

0101100
+194 0 +193 0 +192 0 -191 0 *
Wi

0101100
+197 0 *
Wi

0101100
+190 0 +189 0 -188 0 -194 0 *
Wi

0101100
+187 0 -186 0 +193 0 +185 0 +134 0 *
Wi

0101100
+184 0 +183 0 -182 0 -192 0 *
Wi

0101100
+181 0 -180 0 -191 0 +179 0 +133 0 *
Wi

0101100
-190 0 +179 0 -178 0 *
Wi

0101100
-177 0 +189 0 +176 0 -175 0 +132 0 *
Wi

0101100
-188 0 +186 0 -174 0 *
Wi

0101100
+173 0 -172 0 -187 0 +171 0 *
Wi

0101100
-185 0 +184 0 -170 0 *
Wi

0101100
-169 0 +183 0 +168 0 -167 0 +131 0 *
Wi

0101100
-182 0 +180 0 -166 0 +130 0 *
Wi

0101100
+165 0 -164 0 -181 0 +163 0 *
Wi

0101100
+163 0 -162 0 -177 0 +178 0 *
Wi

0101100
-161 0 +175 0 +160 0 -159 0 *
Wi

0101100
+176 0 +158 0 -172 0 -174 0 +129 0 *
Wi

0101100
+173 0 +157 0 +156 0 -155 0 +128 0 *
Wi

0101100
+171 0 +154 0 -169 0 -170 0 +127 0 *
Wi

0101100
-153 0 +167 0 +152 0 -151 0 *
Wi

0101100
+168 0 +150 0 -164 0 -166 0 *
Wi

0101100
+165 0 +149 0 -148 0 -147 0 *
Wi

0101100
+161 0 -147 0 -162 0 *
Wi

0101100
+156 0 +151 0 -148 0 +159 0 *
Wi

0101100
+160 0 -157 0 -158 0 *
Wi

0101100
+155 0 -153 0 -154 0 *
Wi

0101100
+152 0 -149 0 -150 0 +126 0 *
Fa
0  0.0001  1 0

0101000
+125 0 *
Fa
0  0.0001  2 0

0101000
+124 0 *
Fa
0  0.0001  3 0

0101000
+123 0 *
Fa
0  0.0001  4 0

0101000
+122 0 *
Fa
0  0.0001  5 0

0101000
+121 0 *
Fa
0  0.0001  6 0

0101000
+120 0 *
Fa
0  0.0001  7 0

0101000
+119 0 *
Fa
0  0.0001  8 0

0101000
+118 0 *
Fa
0  0.0001  9 0

0101000
+117 0 *
Fa
0  0.0001  10 0

0101000
+116 0 *
Fa
0  0.0001  11 0

0101000
+115 0 *
Fa
0  0.0001  12 0

0101000
+114 0 *
Fa
0  0.0001  13 0

0101000
+113 0 *
Fa
0  0.0001  14 0

0101000
+112 0 *
Fa
0  0.0001  15 0

0101000
+111 0 *
Fa
0  0.0001  16 0

0101000
+110 0 -109 0 *
Fa
0  0.0001  17 0

0101000
+108 0 *
Fa
0  0.0001  18 0

0101000
+107 0 *
Fa
0  0.0001  19 0

0101000
+106 0 *
Fa
0  0.0001  20 0

0101000
+105 0 *
Fa
0  0.0001  21 0

0101000
+104 0 *
Fa
0  0.0001  22 0

0101000
+103 0 *
Fa
0  0.0001  23 0

0101000
+102 0 *
Fa
0  0.0001  24 0

0101000
+101 0 *
Fa
0  0.0001  25 0

0101000
+100 0 *
Fa
0  0.0001  26 0

0101000
+99 0 *
Fa
0  0.0001  27 0

0101000
+98 0 *
Fa
0  0.0001  28 0

0101000
+97 0 *
Fa
0  0.0001  29 0

0101000
+96 0 -95 0 *
Fa
0  0.0001  30 0

0101000
+94 0 *
Fa
0  0.0001  31 0

0101000
+93 0 *
Fa
0  0.0001  32 0

0101000
+92 0 *
Fa
0  0.0001  33 0

0101000
+91 0 *
Fa
0  0.0001  34 0

0101000
+90 0 *
Fa
0  0.0001  35 0

0101000
+89 0 -88 0 *
Fa
0  0.0001  36 0

0101000
+87 0 *
Fa
0  0.0001  37 0

0101000
+86 0 *
Fa
0  0.0001  38 0

0101000
+85 0 *
Fa
0  0.0001  39 0

0101000
+84 0 *
Fa
0  0.0001  40 0

0101000
+83 0 *
Fa
0  0.0001  41 0

0101000
+82 0 *
Fa
0  0.0001  42 0

0101000
+81 0 *
Fa
0  0.0001  43 0

0101000
+80 0 *
Fa
0  0.0001  44 0

0101000
+79 0 *
Fa
0  0.0001  45 0

0101000
+78 0 *
Fa
0  0.0001  46 0

0101000
+77 0 *
Fa
0  0.0001  47 0

0101000
+76 0 *
Fa
0  0.0001  48 0

0101000
+75 0 *
Fa
0  0.0001  49 0

0101000
+74 0 *
Fa
0  0.0001  50 0

0101000
+73 0 *
Fa
0  0.0001  51 0

0101000
+72 0 *
Fa
0  0.0001  52 0

0101000
+71 0 *
Fa
0  0.0001  53 0

0101000
+70 0 *
Fa
0  0.0001  54 0

0101000
+69 0 *
Fa
0  0.0001  55 0

0101000
+68 0 *
Fa
0  0.0001  56 0

0101000
+67 0 *
Fa
0  0.0001  57 0

0101000
+66 0 *
Fa
0  0.0001  58 0

0101000
+65 0 *
Fa
0  0.0001  59 0

0101000
+64 0 *
Fa
0  0.0001  60 0

0101000
+63 0 *
Sh

0101100
-62 0 -61 0 -60 0 -59 0 +58 0 -57 0 -56 0 -55 0 +54 0 +53 0 +52 0 -51 0 -50 0 +49 0 -48 0 +47 0 -46 0 -45 0 -44 0 +43 0 +42 0 +41 0 +40 0 +39 0 -38 0 -37 0 -36 0 +35 0 +34 0 +33 0 +32 0 +31 0 +30 0 +29 0 +28 0 -27 0 -26 0 +25 0 +24 0 -23 0 +22 0 -21 0 -20 0 -19 0 +18 0 -17 0 -16 0 +15 0 -14 0 +13 0 -12 0 -11 0 -10 0 +9 0 +8 0 -7 0 -6 0 -5 0 -4 0 -3 0 *
So

0100000
+2 0 *

+1 0
