DBRep_DrawableShape

CASCADE Topology V1, (c) Matra-Datavision
Locations 0
Curve2ds 164
1 0.7633373 0 0 150
7 1 17 19 0 0 0.04815860293481437 0.763337317515 15.316610647207085 0.763337317515 16.632311901719493 0 31.498105431276052 0.763337317515 35.794357699673384 0 66.43051086116208 0.3397362884177731 47.92588105039803 0.3397720125673488 58.828121857837026 0.763337317515 75.67358314272691 0.763337317515 84.62986123804166 0.763337317515 87.35408060515539 0.02683607756888672 104.8828125 0 118.77186865581696 0 97.34584416645353 0.3397271929866521 133.60669886819056 0.33972487894395414 149.09666643261332 0.3397075271390032 150 0 0 1 2 3 4 5 6 7 8 9 10 11 12 13 14 15 16 16
1 0.0677172 3.0071133 -0.0677172 4.2166772
1 10.8013795 23.4028786 -10.8013795 1.8618733
1 0 0.016532 0 0.0006984
1 0 -0.0501221 0 1.093384
1 0 0 0 150
7 1 17 19 0 0.763337317515 0.04702941754458624 0.763337317515 11.964314623752943 0 30.975447544820423 0.763337317515 49.781630633151494 0 71.46623848237046 0.763337317515 54.329729753656096 0.763337317515 55.53007238345697 0 89.95249536295407 0.33969892150409126 106.68330619565941 0.5933754929120508 90.234375 0.33969593104745327 116.72623126525981 0.33969240549511764 120.2068753852531 0.33970661669850555 115.81298555048366 0.763337317515 127.2899995143888 0.33972321087051116 119.45968882751069 0.33970071540441776 150 0.339705930000285 150 0 0 1 2 3 4 5 6 7 8 9 10 11 12 13 14 15 16 16
1 -51.9615242 30 -8.0384758 -30
7 1 17 19 0 0 150 0.0477085823446875 150 0.095417164689375 150 0.1431257470340625 150 0.3397223136288127 150 0.2385429117234375 150 0.286251494068125 150 0.3397223209090323 148.16681117369546 0.33973659261374767 150 0.33971163993654113 147.82430165824223 0.3396948980219552 150 0.33971312503837764 150 0.57250298813625 150 0.6202115704809374 150 0.667920152825625 150 0.7156287351703126 150 0.763337317515 150 0 0 1 2 3 4 5 6 7 8 9 10 11 12 13 14 15 16 16
1 0 0 0 150
7 1 17 19 0 0.763337317515 0.04702941754458727 0.763337317515 0.10671217998976429 0.763337317515 0.16635816047912558 0.6768655120152539 35.15625 0.7543919583253711 42.7734375 0 62.41531174329886 0.7573737447219141 60.9375 0.6172297840843946 72.0703125 0.763337317515 100 0.763337317515 100 0.763337317515 100 0.763337317515 100 0.763337317515 125 0.763337317515 125 0.763337317515 125 0.5218126193950197 145.3125 0 150 0 0 1 2 3 4 5 6 7 8 9 10 11 12 13 14 15 16 16
1 0.0677172 3.0071133 -0.0677172 4.2166772
1 10.8013795 23.4028786 -10.8013795 1.8618733
1 0 -0.0501221 0 1.093384
1 0 0.016532 0 4.1577102
7 1 17 19 0 0 150 0.0477085823446875 150 0.095417164689375 150 0.33871196306236145 147.05327617126255 0.33871287810313433 150 0.33872486879824293 150 0.286251494068125 150 0.3339600764128125 150 0.33873772785825795 150 0.4293772411021875 150 0.33851531942012797 150 0.5247944057915626 150 0.57250298813625 150 0.6202115704809374 150 0.667920152825625 150 0.7156287351703126 150 0.763337317515 150 0 0 1 2 3 4 5 6 7 8 9 10 11 12 13 14 15 16 16
1 -30 51.9615242 -21.9615242 -21.9615242
1 26.1745962 5.7321747 -26.1745962 -1.6212246
1 26.1745962 20.3351386 -15.3732167 3.0677399
1 26.1745962 5.7321747 -26.1745962 -1.6212246
1 26.1745962 20.3351386 -15.3732167 3.0677399
7 1 17 19 0 26.174596211357 0.06467654311120377 26.174596211357 0.06688993174670285 26.174596211357 0.06910320056636034 26.174596211357 0.07131635033747047 26.174596211357 0.07352938173540162 26.174596211357 0.07574229534891923 26.174596211357 0.0779550916850256 26.174596211357 0.08016777117368773 26.174596211357 0.08238033417237307 26.174596211357 0.6059083533427815 26.072351694906384 0.6059083533427814 26.174596211357 0.7152467566752502 26.072351694906388 0.7152467566752502 26.072351694906388 0.824585160007719 26.072351694906388 0.8245851600077189 26.072351694906388 0.9339235633401878 26.174596211357 1.0432619666726566 0 0 1 2 3 4 5 6 7 8 9 10 11 12 13 14 15 16 16
1 16.9825113 -34.4432552 19.2552672 24.1725563
1 -60 0 8.0384758 -30
1 0 150 0.7633373 0
1 0 150 0.7633373 0
1 -51.9615242 -30 21.9615242 -21.9615242
1 0 150 0.7633373 0
1 -30 -51.9615242 30 -8.0384758
1 0 -60 30 8.0384758
1 0 150 0.7633373 0
1 30 -51.9615242 21.9615242 21.9615242
1 0 150 0.7633373 0
1 0 150 0.7633373 0
1 51.9615242 -30 8.0384758 30
1 60 0 -8.0384758 30
7 1 17 19 0 0 150 0.0477085823446875 150 0.095417164689375 150 0.1431257470340625 150 0.3397207433641134 147.14992366240023 0.2385429117234375 150 0.33971821327580354 149.97593017791033 0.3339600764128125 150 0.33972052339283765 150 0.3397104791797426 150 0.477085823446875 150 0.3397237131120809 150 0.57250298813625 150 0.6202115704809374 150 0.667920152825625 150 0.7156287351703126 150 0.763337317515 150 0 0 1 2 3 4 5 6 7 8 9 10 11 12 13 14 15 16 16
1 51.9615242 30 -21.9615242 21.9615242
1 0.1451493 150 0.618188 0
7 1 17 19 0 0 150 0.0477085823446875 150 0.095417164689375 150 0.1431257470340625 150 0.19083432937875 150 0.4360878314654083 144.22458144901833 0.4359937537721535 150 0.4356305646674913 150 0.3816686587575 150 0.4353367578739917 150 0.43586962452615186 150 0.5247944057915626 150 0.57250298813625 150 0.435463700180717 150 0.667920152825625 150 0.7156287351703126 150 0.763337317515 150 0 0 1 2 3 4 5 6 7 8 9 10 11 12 13 14 15 16 16
1 30 51.9615242 -30 8.0384758
1 0 150 0.7633373 0
1 0 60 -30 -8.0384758
1 0 148 3.1415927 0
1 0 -51.9555496 0 103.9110992
1 0 51.9555496 0 -103.9110992
1 0 148 3.1415927 0
1 26.1745962 20.3351386 -15.3732167 3.0677399
1 26.1745962 5.7321747 -26.1745962 -1.6212246
1 10.8013795 23.4028786 -10.8013795 1.8618733
1 0.0677172 3.0071133 -0.0677172 4.2166772
7 1 17 19 0 26.174596211353 -0.18202993495254322 26.174596211353 0.06688993174736999 26.174596211353 -0.11269578148007278 26.174596211353 -0.11268985055839321 26.174596211353 0.0735293817360351 26.0723516949024 0.277893143344297 26.0723516949024 0.38723154667676185 26.174596211353 0.3872315466767618 26.174596211353 0.08238033417302247 26.174596211353 0.6059083533416915 26.0723516949024 0.6059083533416916 26.174596211353 0.7152467566741564 26.0723516949024 0.7152467566741564 26.0723516949024 0.8245851600066212 26.0723516949024 0.8245851600066213 26.0723516949024 0.933923563339086 26.174596211353 1.0432619666715508 0 0 1 2 3 4 5 6 7 8 9 10 11 12 13 14 15 16 16
1 31.9289138 -21.3374784 4.5892724 30.5616814
1 0 0.016532 0 0.0006984
1 0 -0.0501221 0 1.093384
1 0 0 0 150
7 1 17 19 0 0.763337317515 0.04702941754457133 0 19.40408941760303 0 44.06683142581699 0 35.09814108299645 0.763337317515 41.004616103641226 0.763337317515 57.8309200805516 0 70.3174186498816 0 80.35135380973723 0.763337317515 70.13207270102723 0.763337317515 60.94314858003946 0 130.1904094364521 0 96.7660615716817 0.7543919583253711 114.2578125 0.763337317515 100 0.760355531118457 132.421875 0.5218126193950197 145.3125 0.763337317515 150 0 0 1 2 3 4 5 6 7 8 9 10 11 12 13 14 15 16 16
7 1 17 19 0 0.763337317515 0.047029417544583674 0.763337317515 0.10671217998976175 0.763337317515 0.1663590345772991 0 53.62278643767331 0.7543919583253711 42.7734375 0.664938366429082 53.3203125 0.7573737447219141 60.9375 0.43606503497211174 56.03806639747088 0.7484283855322852 79.1015625 0 85.5116583359591 0.760355531118457 96.6796875 0.5695212017397071 108.984375 0.4353114703369268 92.90042520456372 0.43513134065975717 150 0.43582818490591196 150 0.5218126193950197 145.3125 0.43587816249849154 150 0 0 1 2 3 4 5 6 7 8 9 10 11 12 13 14 15 16 16
1 0 0 0 150
1 10.8013795 23.4028786 -10.8013795 1.8618733
1 0.0677172 3.0071133 -0.0677172 4.2166772
1 0 -0.0501221 0 1.093384
1 0 0.016532 0 0.0006984
1 26.1745962 5.7321747 -26.1745962 -1.6212246
1 26.1745962 20.3351386 -15.3732167 3.0677399
7 1 17 19 0 26.174596211354 0.06467654311158345 26.174596211354 0.06688993174729531 26.174596211354 0.06910320056715327 26.174596211354 -0.12765379001275712 26.072351694903396 0.2778931433432189 26.174596211354 0.07574229535017903 26.174596211354 0.07795509168640531 26.174596211354 0.3872315466756798 26.174596211354 0.08238033417402837 26.174596211354 0.6059083533406018 26.0723516949034 0.6059083533406018 26.174596211354 0.7152467566730627 26.072351694903396 0.7152467566730627 26.072351694903396 0.8245851600055236 26.168205929075835 0.8724207114634766 26.072351694903396 0.9339235633379848 26.174596211354 1.0432619666704457 0 0 1 2 3 4 5 6 7 8 9 10 11 12 13 14 15 16 16
1 -2.5143414 -38.3199896 28.7618287 11.3064142
1 38.3199896 -2.5143414 -11.3064142 28.7618287
7 1 17 19 0 26.168205929076834 -0.002286515194871497 26.072351694904395 0.05921633667964832 26.174596211355 -0.18917276160137014 26.168205929076834 0.1890556906369693 26.072351694904395 0.27789314334460924 26.168205929076834 0.3120613943860098 26.174596211355 0.07795509168650766 26.174596211355 0.3872315466770897 26.07235169490439 0.49656995000957016 26.174596211355 0.6059083533420506 26.072351694904395 0.6059083533420506 26.174596211355 0.7152467566745311 26.07235169490439 0.7152467566745311 26.07235169490439 0.8245851600070115 26.07235169490439 0.8245851600070115 26.07235169490439 0.933923563339492 26.174596211355 1.0432619666719725 0 0 1 2 3 4 5 6 7 8 9 10 11 12 13 14 15 16 16
1 34.4432552 16.9825113 -24.1725563 19.2552672
7 1 17 19 0 26.174596211354 0.06467654311148169 26.174596211354 -0.12133515516628134 26.174596211354 -0.12117248313590342 26.174596211354 0.07131635033772869 26.174596211354 0.07352938173568253 26.174596211354 -0.1208270101868556 26.072351694903396 0.38723154667751575 26.174596211354 0.3872315466775157 26.174596211354 0.08238033417280027 26.174596211354 0.605908353342422 26.0723516949034 0.605908353342422 26.174596211354 0.7152467566748751 26.072351694903396 0.7152467566748751 26.072351694903396 0.8245851600073283 26.072351694903396 0.8245851600073283 26.072351694903396 0.9339235633397813 26.174596211354 1.0432619666722345 0 0 1 2 3 4 5 6 7 8 9 10 11 12 13 14 15 16 16
1 21.3374784 31.9289138 -30.5616814 4.5892724
7 1 17 19 0 26.072351694903396 -0.050122066653097555 26.174596211354 -0.20805615912055292 26.072351694903396 0.16855474001183213 26.072351694903396 0.16855474001183213 26.174596211354 0.07352938334607595 26.174596211354 0.07574229535117802 26.072351694903396 0.38723154667676185 26.174596211354 0.0801677711759068 26.072351694903396 0.49656995000922666 26.174596211354 0.6059083533416915 26.0723516949034 0.6059083533416916 26.174596211354 0.7152467566741564 26.072351694903396 0.7152467566741564 26.072351694903396 0.8245851600066212 26.072351694903396 0.8245851600066213 26.072351694903396 0.933923563339086 26.174596211354 1.0432619666715508 0 0 1 2 3 4 5 6 7 8 9 10 11 12 13 14 15 16 16
1 2.5143414 38.3199896 -28.7618287 -11.3064142
7 1 17 19 0 26.174596211352 0.06467654310933517 26.174596211352 0.06688993174517882 26.174596211352 0.06910320056518321 26.174596211352 0.07131635033662606 26.174596211352 0.07352938173488245 26.174596211352 0.07574229534870944 26.174596211352 0.07795509168511383 26.174596211352 0.08016777117405294 26.174596211352 0.08238033417299924 26.174596211352 0.6059083533415118 26.072351694901407 0.6059083533415118 26.174596211352 0.7152467566739689 26.072351694901407 0.7152467566739689 26.072351694901407 0.8245851600064259 26.072351694901407 0.8245851600064259 26.072351694901407 0.9339235633388829 26.174596211352 1.04326196667134 0 0 1 2 3 4 5 6 7 8 9 10 11 12 13 14 15 16 16
7 1 17 19 0 26.0723516949024 -0.05012206665223051 26.174596211353 -0.1865627662021406 26.174596211353 0.06910320056703438 26.174596211353 0.07131635033810704 26.174596211353 0.44086509047767525 26.174596211353 0.0757422953495198 26.0723516949024 0.3872315466775976 26.174596211353 0.3872315466775976 26.072351694902398 0.49656995001005466 26.174596211353 0.6059083533425117 26.0723516949024 0.6059083533425117 26.174596211353 0.7152467566749687 26.0723516949024 0.7152467566749687 26.0723516949024 0.8245851600074258 26.0723516949024 0.8245851600074258 26.0723516949024 0.9339235633398828 26.174596211353 1.0432619666723397 0 0 1 2 3 4 5 6 7 8 9 10 11 12 13 14 15 16 16
1 -16.9825113 34.4432552 -19.2552672 -24.1725563
1 -31.9289138 21.3374784 -4.5892724 -30.5616814
7 1 17 19 0 26.174596211353 0.06467654311179363 26.174596211353 -0.10529410538822746 26.174596211353 0.06910320056711369 26.174596211353 -0.18643219464327332 26.174596211353 0.07352938173631948 26.174596211353 0.0757422953499177 26.174596211353 0.07795509168610393 26.174596211353 0.3872315466779258 26.174596211353 0.08238033417360499 26.174596211353 0.6059083533428711 26.0723516949024 0.6059083533428711 26.174596211353 0.7152467566753438 26.0723516949024 0.7152467566753438 26.0723516949024 0.8245851600078165 26.0723516949024 0.8245851600078165 26.0723516949024 0.9339235633402891 26.174596211353 1.0432619666727618 0 0 1 2 3 4 5 6 7 8 9 10 11 12 13 14 15 16 16
1 -38.3199896 2.5143414 11.3064142 -28.7618287
7 1 17 19 0 26.072351694903396 -0.050122066654097644 26.072351694903396 0.059216336678367204 26.072351694903396 0.16855474001083204 26.072351694903396 0.16855474001083204 26.072351694903396 0.2778931433432969 26.174596211354 0.07574229534748345 26.072351694903396 0.38723154667576176 26.174596211354 0.3872315466757617 26.174596211354 0.0823803341717479 26.174596211354 0.6059083533406914 26.0723516949034 0.6059083533406915 26.174596211354 0.7152467566731563 26.072351694903396 0.7152467566731563 26.072351694903396 0.8245851600056211 26.072351694903396 0.8245851600056212 26.072351694903396 0.9339235633380859 26.174596211354 1.299076965552151 0 0 1 2 3 4 5 6 7 8 9 10 11 12 13 14 15 16 16
1 -34.4432552 -16.9825113 24.1725563 -19.2552672
7 1 17 19 0 26.072351694904395 -0.050122066651964864 26.072351694904395 0.0592163366805078 26.072351694904395 0.16855474001298046 26.072351694904395 0.16855474001298046 26.072351694904395 0.2778931433454531 26.174596211355 0.03049187426760187 26.174596211355 0.07795509168774965 26.174596211355 0.08016777117637851 26.07235169490439 0.49656995001039844 26.174596211355 0.6059083533428711 26.072351694904395 0.6059083533428711 26.174596211355 0.7152467566753438 26.07235169490439 0.7152467566753438 26.07235169490439 0.8245851600078165 26.07235169490439 0.8245851600078165 26.07235169490439 0.9339235633402891 26.174596211355 1.0432619666727618 0 0 1 2 3 4 5 6 7 8 9 10 11 12 13 14 15 16 16
7 1 17 19 0 26.174596211351 0.06467654310964652 26.174596211351 -0.22073999376116996 26.174596211351 0.06910320056516994 26.174596211351 0.07131635033644201 26.174596211351 0.07352938173453125 26.072351694900405 0.27789314334306264 26.174596211351 0.07795509168442953 26.174596211351 0.08016777117321754 26.07235169490041 0.4965699500079689 26.174596211351 0.605908353340422 26.07235169490041 0.605908353340422 26.174596211351 0.7152467566728752 26.07235169490041 0.7152467566728752 26.07235169490041 0.8245851600053283 26.07235169490041 0.8245851600053283 26.07235169490041 0.9339235633377814 26.174596211351 1.0432619666702345 0 0 1 2 3 4 5 6 7 8 9 10 11 12 13 14 15 16 16
1 -21.3374784 -31.9289138 30.5616814 -4.5892724
1 10.8013795 23.4028786 -10.8013795 1.8618733
1 0.0677172 3.0071133 -0.0677172 4.2166772
1 0 0.016532 0 0.001202
1 0 -0.0501221 0 1.093384
7 1 17 19 0 0.763337317515 2.266859427095302 0.763337317515 28.401167936739757 0.763337317515 27.363594653586606 0.763337317515 41.54810235282629 0.763337317515 58.84981419585295 0.664938366429082 53.3203125 0.7573737447219141 60.9375 0 104.26072282424687 0.763337317515 103.71671958712592 0 104.5448690843907 0 130.0435249543558 0 102.37757241264666 0 130.04352504505917 0 142.96522204317117 0 150 0.5218126193950197 145.3125 0.763337317515 150 0 0 1 2 3 4 5 6 7 8 9 10 11 12 13 14 15 16 16
1 0 0 0 150
1 0 0 0 150
7 1 17 19 0 0.763337317515 0.047029417544600556 0.763337317515 5.584231423904351 0.11861674950943102 32.523671195418416 0.763337317515 6.401295367334933 0.763337317515 73.44710886470804 0.11943132084337008 69.21840563399755 0.6708971950565893 83.68519785271485 0.763337317515 79.46418109143353 0.38806425003376144 86.97683796941206 0.763337317515 75.78788246003843 0.11981335032095602 111.21987740630033 0.17971508958023819 119.45816697718575 0.1465329613329223 138.05048071303455 0.14636821380667414 119.27910335422752 0.3697198799931504 150 0.12098738120741287 150 0.763337317515 150 0 0 1 2 3 4 5 6 7 8 9 10 11 12 13 14 15 16 16
1 0.0677172 3.0071133 -0.0677172 4.2166772
1 10.8013795 23.4028786 -10.8013795 1.8618733
1 0 0.016532 0 0.0006984
1 0 -0.0501221 0 1.093384
1 10.8013795 23.4028786 -10.8013795 1.8618733
1 0.0677172 3.0071133 -0.0677172 4.2166772
1 0 2.6629203 0 -2.6456899
1 0 -0.0501221 0 1.093384
7 1 17 19 0 0.763337317515 0.04702941754460281 0.6778835964573594 12.01879944397798 0.6606818807165789 45.91651131324945 0.34402890251747337 11.724859741718792 0.38626744653754375 38.88197499311986 0.664938366429082 53.3203125 0 85.05261117301883 0.6172297840843946 72.0703125 0 70.46060047525515 0.5933754929120508 90.234375 0 97.26154078272984 0.5695212017397071 108.984375 0.763337317515 100 0.763337317515 100 0 150 0.5218126193950197 145.3125 0.763337317515 150 0 0 1 2 3 4 5 6 7 8 9 10 11 12 13 14 15 16 16
1 0 0 0 150
7 1 17 19 0 0.763337317515 0.047029417544593645 0.763337317515 16.766660495422226 0.763337317515 37.91385283045477 0.763337317515 35.6136255453985 0.763337317515 47.76636110033975 0.763337317515 53.757807197805484 0.763337317515 59.73118052755297 0.3397137889751393 96.70753193825188 0.763337317515 53.44095995763551 0.3397716133333785 93.25035427381087 0.33974844236879564 92.78649821365036 0.5695212017397071 108.984375 0.33968575989713773 131.3816673975306 0.33969335187950533 150 0.3397153801201707 150 0.5218126193950197 145.3125 0.33969390372737224 136.36297260906585 0 0 1 2 3 4 5 6 7 8 9 10 11 12 13 14 15 16 16
1 0 0 0 150
1 0.0677172 3.0071133 -0.0677172 4.2166772
1 10.8013795 23.4028786 -10.8013795 1.8618733
1 0 0.016532 0 0.0006984
7 1 17 19 0 1.634027284293286 -0.10344789811161365 0 0.0592163366805078 0 0.16855474001298046 0 0.16855474001298046 0 0.2778931433454531 0 0.2778931433454531 0.0000000000000004969278054786614 0.0815942628321394 0 0.3872315466779258 0 0.49656995001039844 0 0.6059083533428711 0 0.6059083533428711 0 0.7152467566753438 0 0.7152467566753438 0 0.8245851600078165 0 0.8245851600078165 0 0.9339235633402891 0 1.0432619666727618 0 0 1 2 3 4 5 6 7 8 9 10 11 12 13 14 15 16 16
1 0.0677172 3.0071133 -0.0677172 4.2166772
1 10.8013795 23.4028786 -10.8013795 1.8618733
1 0 -0.0501221 0 1.093384
1 0 0.016532 0 0.0006984
1 0 0 0 150
7 1 17 19 0 0.763337317515 1.8267486891895024 0.3428542415264141 14.130578092061304 0.763337317515 5.69742241222727 0.6607637483742514 50.443579263201755 0 59.79577766353832 0.664938366429082 53.3203125 0 49.028368206436795 0.6172297840843946 72.0703125 0.763337317515 57.77189243326221 0.6609728517080166 68.88963356536459 0.760355531118457 96.6796875 0.5695212017397071 108.984375 0 150 0 150 0 147.8405409886914 0.5218126193950197 145.3125 0 150 0 0 1 2 3 4 5 6 7 8 9 10 11 12 13 14 15 16 16
1 0 0 0 150
1 0.7633373 0.0470294 0 149.9529706
1 10.8013795 23.4028786 -10.8013795 1.8618733
1 0.0677172 3.0071133 -0.0677172 4.2166772
1 0 0.016532 0 0.0006984
1 0 -0.0501221 0 1.093384
1 0.0677172 3.0071133 -0.0677172 4.2166772
1 10.8013795 23.4028786 -10.8013795 1.8618733
7 1 17 19 0 0 -0.05012206665223051 0 0.05921633668022652 0 0.16855474001268356 0 0.16855474001268356 0 0.2778931433451406 0 0.2778931433451406 0 0.3872315466775976 0 0.3872315466775976 0 0.49656995001005466 0 0.6059083533425117 0 0.6059083533425117 0 0.7152467566749687 0 0.7152467566749687 0 0.8245851600074258 0.04004136480756389 1.195021277292644 0 0.9339235633398828 0 1.0432619666723397 0 0 1 2 3 4 5 6 7 8 9 10 11 12 13 14 15 16 16
7 1 17 19 0 0 0.01653202273262407 0 0.016571563583603875 0 0.016611663363015904 0 0.01665231972975642 0 0.016693530328085557 0.013337317515000002 0.017793068556255204 0 0.016777604723684187 0 0.016820463736738688 0 0.01686386741303497 0 0.01690781332434736 0 0.016952299028072045 0 0.016997322067260318 0 0.017042879970652767 0 3.257917580653663 0 0.017135590413616154 0 0.017182737939390028 0 3.0093066108861315 0 0 1 2 3 4 5 6 7 8 9 10 11 12 13 14 15 16 16
7 1 17 19 0 0.763337317515 0.047029417544626334 0.763337317515 0.10671217998980004 0.763337317515 22.788790960524988 0.763337317515 35.66258139245656 0.763337317515 38.439557503404394 0.763337317515 42.384802543485634 0.763337317515 32.80527293047445 0.763337317515 73.80879997349315 0 94.26803997367229 0 99.75059836504265 0 104.91494243286185 0 126.81658781051932 0 112.78050373429474 0.763337317515 100 0.760355531118457 132.421875 0.5218126193950197 145.3125 0.763337317515 150 0 0 1 2 3 4 5 6 7 8 9 10 11 12 13 14 15 16 16
1 0 0 0 150
1 0.0677172 3.0071133 -0.0677172 4.2166772
1 10.8013795 23.4028786 -10.8013795 1.8618733
1 0 -0.0501221 0 1.093384
1 0 0.016532 0 0.0006984
1 3.1415927 0.0211152 0 147.9788848
1 0 0.634748 0 147.365252
7 1 17 19 0 0 0.6347479518541796 0.1417756817338915 0.63369092988858 0.21624318668077383 0.6334236215037408 1.2769526092782222 0.8864389442141912 1.3262727439373398 0.8857847719724825 1.3704601767020361 0.8846377589981924 1.4133258795277321 0.8829526025970317 1.4586246123783342 0.8811554893223202 1.506808930809129 0.8803335799656745 1.570796326795 2.32625442992079 1.6011610219494086 0.8829345802125698 1.645247105249555 0.8845934467348687 1.6908780183088585 0.8857080092773166 2.282563412373985 2.890625 2.454369260617188 2.890625 3.14159265359 0.020593120131133773 3.14159265359 0.021115178855034087 0 0 1 2 3 4 5 6 7 8 9 10 11 12 13 14 15 16 16
7 1 17 19 0 0 108.81544857693 0.00000017368566311199311 109.21727436102628 0 132.61882795313562 0 138.56967279718702 0 144.09545729523472 0 148.77112110127516 0 153.02172456131186 0 158.1224487133559 0 163.2231728654 0 168.32389701744407 0 173.42462116948812 0 177.67522462952482 0 182.35088843556525 0 187.87667293361298 0 193.82751777766438 108.81544857693 217.63089715387 108.81544857693 217.63089715387 0 0 1 2 3 4 5 6 7 8 9 10 11 12 13 14 15 16 16
1 0 0.634748 0 147.365252
1 3.1415927 0.0211152 0 147.9788848
7 1 17 19 0 0.00000000000000002319503761993492 -0.000000000000000000000000030386922069113375 0 0.14330050960517263 0 23.803379376203413 0 29.754224220254272 0.0000000000731077368774304 50.05643865442268 0.000000002069878895289315 50.03211121625695 0.0000000050846851853883585 50.37825961143483 0.0000000032309331975091994 50.037299153315345 0.000000010037819162289237 49.62115592142326 0.00000000887939346698536 51.009188452002824 0.00000000914149348119736 49.42847032572694 0 68.8597760525885 0 73.53543985862846 0 79.0612243566757 0.000000007035850609932891 100.09946379452195 0.000000014647253000495097 104.6051197705677 108.81544857693 108.81544857693 0 0 1 2 3 4 5 6 7 8 9 10 11 12 13 14 15 16 16
1 0 2.9587376 3.1415927 0
1 26.1745962 5.7321747 -26.1745962 -1.6212246
1 26.1745962 20.3351386 -15.3732167 3.0677399
1 26.1745962 20.3351386 -15.3732167 3.0677399
1 26.1745962 5.7321747 -26.1745962 -1.6212246
1 26.1745962 5.7321747 -26.1745962 -1.6212246
1 26.1745962 20.3351386 -15.3732167 3.0677399
1 26.1745962 20.3351386 -15.3732167 3.0677399
1 26.1745962 5.7321747 -26.1745962 -1.6212246
1 26.1745962 20.3351386 -15.3732167 3.0677399
1 26.1745962 5.7321747 -26.1745962 -1.6212246
1 26.1745962 5.7321747 -26.1745962 -1.6212246
1 26.1745962 20.3351386 -15.3732167 3.0677399
1 26.1745962 5.7321747 -26.1745962 -1.6212246
1 26.1745962 20.3351386 -15.3732167 3.0677399
1 26.1745962 20.3351386 -15.3732167 3.0677399
1 26.1745962 5.7321747 -26.1745962 -1.6212246
1 0 108.8154486 108.8154486 0
1 0 108.8154486 108.8154486 0
7 1 17 19 0 0 108.81544857693 0.00000004553547551842469 108.82097144210951 92.23809508278832 132.61882795313562 92.66315542879195 138.56967279718702 95.63857785081737 144.09545729523472 99.88918131085371 148.77112110127516 107.11520719291546 153.02172456131186 108.81544857693 158.1224487133559 108.81544857693 163.2231728654 108.81544857693 168.32389701744407 107.11520719291546 173.42462116948812 100.31424165685735 177.67522462952482 102.4395433868755 182.35088843556525 93.51327612079922 187.87667293361298 92.66315542879195 193.82751777766438 108.81544857693 217.63089715387 108.81544857693 217.63089715387 0 0 1 2 3 4 5 6 7 8 9 10 11 12 13 14 15 16 16
1 -31.6578046 0 63.3156092 0
1 0 217.6308972 108.8154486 0
1 0 0 108.8154486 0
7 1 17 19 0 108.81544857693 -0.000000000000000895119581571049 108.81544857693 0.14330452378418765 92.66315542879195 23.803379376203413 93.51327612079922 29.754224220254272 0.00000001069981123706009 48.76277765679788 0.0000000009466598446408137 49.89435734775217 0.0000000008744370403582514 49.8636380876993 0.000000008549355085796143 50.46467536596092 0.0000000016398292408180591 49.97187032333979 0.000000000004388007719940455 49.906051366312056 0.0000000026559131869375992 50.41936801259944 99.88918131085371 68.8597760525885 95.63857785081737 73.53543985862846 92.66315542879195 79.0612243566757 0.000000006817696019273815 101.1476916865619 0.000000014381729977440696 99.37379659344231 108.81544857693 108.81544857693 0 0 1 2 3 4 5 6 7 8 9 10 11 12 13 14 15 16 16
1 31.6578046 0 -63.3156092 0
Curves 82
7 10  11  2  0  20 34.641016151378 0  9.117203814594 40.924201458557 15.000000000004  -3.292500050351 44.563002433019 29.999999999988  -17.26273869877 45.195130123462 45.000000000018  -32.6301897457 41.596035519225 59.999999999984  -47.93445762077 31.991744829653 75.00000000001  -59.6457572728 15.471390636755 89.999999999993  -63.66789584303 -5.498016872301 105  -58.69257658896 -26.25815912541 119.99999999999  -46.3241942781 -42.53674626629 135  -30 -51.96152422706 150 0 1 11 11
7 7  14  3  0  15.928547829178 35.572921283182 3.007113258859  15.97927721906 35.696255437146 3.278394545988  16.003875626379 35.824871049767 3.556838533135  16.003251424236 35.956822083844 3.840398215226  15.978803227918 36.090164976489 4.127009458557  15.932218051301 36.223073400869 4.414656471198  15.865321199941 36.353911589536 4.701432302089  15.675856736627 36.636642358529 5.332279879215  15.544303195762 36.786796451652 5.674992187763  15.388732180612 36.929160512983 6.010553180266  15.212734195756 37.061528838462 6.335839689206  15.020052665905 37.1822007648 6.647944093527  14.814442762713 37.290178833073 6.944495885603  14.599482279464 37.385119356503 7.223790440223 0 0.450444888767 1 8 6 8
7 13  50  5  0  21.773255648105 36.321374567569 2.220267356544  21.678908990212 36.303807403797 2.231678860441  21.58643600687 36.286589114574 2.242863737927  21.49583669808 36.2697196999 2.253821989002  21.407111063842 36.253199159775 2.264553613667  21.320259104155 36.237027494199 2.27505861192  21.23528081902 36.221204703171 2.285336983763  21.152176208437 36.205730786693 2.295388729195  21.070945272405 36.190605744763 2.305213848217  20.991588010925 36.175829577382 2.314812340827  20.914104423996 36.161402284549 2.324184207027  20.83849451162 36.147323866266 2.333329446816  20.764758273795 36.133594322531 2.342248060195  19.751496342851 35.944926926338 2.464805050889  18.803265174101 35.79931303094 2.586072303479  17.848857989602 35.682586839607 2.715011834645  16.888904913149 35.593879352751 2.851822791082  15.923885466017 35.532255173075 2.996641653215  14.954056772946 35.496742627162 3.14954390756  13.979424495362 35.4863741485 3.310539988526  12.999746066338 35.500234525768 3.479566302684  12.01455580997 35.537514634838 3.656472149693  11.023201517965 35.597568255363 3.841003352641  10.024882066444 35.67996959083 4.032783412037  9.018675646951 35.78456909528 4.231292996421  6.988420737914 36.038521347551 4.640404170495  5.964414465248 36.187868520728 4.850992544541  4.930245515742 36.359858643667 5.067033774043  3.886363334003 36.554583396167 5.287110347147  2.826897099602 36.774400226869 5.511928510011  1.762257781799 37.017414214242 5.736176568247  0.672541355893 37.291235553852 5.964953080644  -0.417683081298 37.591172986931 6.188254912057  -1.531077206087 37.927269283978 6.411260300062  -2.650767561452 38.298733653471 6.62743861102  -3.780886595817 38.71173609275 6.836372423076  -4.915329659094 39.169728916797 7.035652096408  -6.119811417014 39.707822102094 7.235535405356  -6.191597951635 39.739892197653 7.247448354626  -6.264396746 39.772414512655 7.259529288031  -6.338207800108 39.8053890471 7.271778205572  -6.413031113958 39.838815800988 7.284195107248  -6.488866687552 39.872694774319 7.29677999306  -6.565714520888 39.907025967092 7.309532863007  -6.643574613968 39.941809379308 7.322453717091  -6.72244696679 39.977045010967 7.335542555309  -6.802331579355 40.012732862069 7.348799377663  -6.883228451663 40.048872932613 7.362224184153  -6.965137583714 40.0854652226 7.375816974778  -7.048058975508 40.12250973203 7.389577749539 -1.908874923305 -0.909844309418 12.177453796258 25.264751901935 26.081756329806 14 12 12 12 14
7 10  11  2  0  0.000000000000003552713678801 40 0  -12.56637061436 39.999999999999 15.000000000004  -25.13288990207 36.946442150729 29.999999999988  -37.54753531376 30.508761464867 45.000000000021  -49.05659100969 19.708128583527 59.999999999975  -57.50833043104 3.73843492347 75.000000000021  -59.39043634458 -16.42426131308 89.999999999987  -52.38900676942 -36.59537020337 105  -37.70018277689 -52.08652115369 119.99999999999  -18.84955592154 -59.99999999999 135  -0.00000000000003907985046681 -60 150 0 1 11 11
7 6  7  2  0  -30 -51.96152422706 150  -24.70809638513 -51.32413184944 150  -19.34983251113 -51.50074795177 150  -14.06535460668 -52.49261801862 150  -8.992927462274 -54.2758722957 150  -4.264226776044 -56.80205020137 150  -0.00000000000003907985046681 -60 150 0 1 7 7
7 10  11  2  0  34.641016151378 20 0  28.357830844197 30.882796185406 15.000000000002  19.430112530944 40.238942201076 29.999999999996  7.647594809696 47.771500163653 44.999999999999  -7.460555490472 52.338318329217 60.000000000009  -25.51658560139 51.672892544257 74.999999999988  -43.91904570783 43.221495959703 90.000000000005  -57.88702364172 27.072525639671 105  -63.95834190231 6.606055435259 120  -61.38630218783 -13.67580572189 134.99999999999  -51.96152422706 -30 150 0 1 11 11
7 7  14  3  0  31.580987707055 22.842779603471 3.007113258859  31.686587677303 22.924225382697 3.278394425015  31.772198343039 23.023310547571 3.556838395112  31.837633309142 23.137895607726 3.84039812306  31.883132006769 23.265598064208 4.127009424443  31.909242271244 23.403992741851 4.414656469516  31.916726993196 23.55075036231 4.701432299874  31.894011339269 23.890334623538 5.332279879215  31.855159677483 24.086148653096 5.674992187763  31.791613256936 24.287225054371 6.010553180266  31.705378693776 24.489858379319 6.335839689206  31.598847557253 24.690704097978 6.647944093526  31.474773191956 24.887020799749 6.944495885603  31.336082214368 25.076721946512 7.223790440223 0 0.450444890696 1 8 6 8
7 13  50  5  0  37.016879798136 20.568605251832 2.220267356543  36.926389613753 20.60056497068 2.23167886044  36.837696516404 20.631889986474 2.242863737926  36.750800506089 20.662580299215 2.253821989002  36.665701582809 20.692635908901 2.264553613666  36.582399746564 20.722056815534 2.27505861192  36.500894997353 20.750843019113 2.285336983763  36.421187335177 20.778994519638 2.295388729195  36.343276760035 20.806511317109 2.305213848216  36.267163271928 20.833393411526 2.314812340827  36.192846870856 20.85964080289 2.324184207027  36.120327556818 20.8852534912 2.333329446816  36.049605329815 20.910231476456 2.342248060194  35.077761058833 21.253471683959 2.464805050889  34.183761830337 21.601481935772 2.586072303478  33.298857867341 21.977597681053 2.715011834647  32.423160373248 22.38075128212 2.851822791077  31.556616927093 22.809892900675 2.996641653224  30.698964368536 23.264052480177 3.149543907549  29.849723817578 23.742389253197 3.310539988538  29.008227599027 24.244231906384 3.479566302674  28.173667864074 24.769112556193 3.656472149701  27.345156673255 25.316797663086 3.841003352637  26.521787334906 25.887319038704 4.032783412039  25.702686766389 26.481008076513 4.231292996421  24.071410565147 27.716064632855 4.640404170496  23.259268705948 28.357406215109 4.850992544536  22.44964718542 29.023438505639 5.067033774058  21.64298107354 29.714016178668 5.287110347116  20.835364815784 30.434116255863 5.511928510058  20.034867113904 31.176892200728 5.736176568193  19.228055676507 31.958886650513 5.964953080695  18.433862334102 32.763752305127 6.188254912016  17.637682886504 33.611517299319 6.41126030009  16.853734778922 34.493060057313 6.627438611005  16.081524205594 35.415790178864 6.836372423082  15.328064105643 36.379645130835 7.035652096407  14.553998897544 37.447888377873 7.235535405357  14.507864982691 37.511555162641 7.247448354626  14.461080534908 37.576119710806 7.259529288032  14.413645554194 37.641582022367 7.271778205572  14.365560040548 37.707942097326 7.284195107249  14.316823993972 37.775199935681 7.296779993061  14.267437414464 37.843355537434 7.309532863008  14.217400302025 37.912408902583 7.322453717091  14.166712656654 37.982360031129 7.33554255531  14.115374478353 38.053208923073 7.348799377664  14.06338576712 38.124955578413 7.362224184154  14.010746522956 38.197599997151 7.375816974779  13.957456745861 38.271142179285 7.38957774954 -1.908874923304 -0.909844309418 12.17745379626 25.264751901939 26.081756329808 14 12 12 12 14
7 6  7  2  0  -51.96152422706 -30 150  -47.0599050734 -32.09395381623 150  -42.5078204895 -34.92603978457 150  -38.42726341194 -38.42726341194 150  -34.92603978457 -42.5078204895 150  -32.09395381623 -47.0599050734 150  -30 -51.96152422706 150 0 1 7 7
7 5  34  9  0  13.959605170526 30.858436735803 0.000000000000007827072325415  14.014087478344 30.986821658244 0.000000002180029461205  14.069144683115 31.116701299357 0.00401872058291  14.124676815416 31.247847235748 0.01222866491447  14.180570495706 31.379997207391 0.02477914873574  14.294589826222 31.649883774619 0.05932178166205  14.352730625454 31.787665861467 0.08159710762593  14.410988523657 31.925890311755 0.108735794178  14.469216251933 32.064209137092 0.140823324821  14.587758686546 32.346139426574 0.216533465118  14.648057652588 32.489727657231 0.260586231594  14.707985082951 32.632609347085 0.31009389712  14.767362049362 32.774352719003 0.365037750135  14.886756907331 33.059708928887 0.487786357756  14.946722091752 33.203208061261 0.555980175227  15.005713175816 33.34455080596 0.629827182063  15.063539167095 33.483266337664 0.709164775961  15.175466003794 33.752061604538 0.876804671908  15.229615960515 33.882253609649 0.964914479209  15.282307342728 34.009077483082 1.057880753739  15.333387870441 34.132149553995 1.155429832379  15.431100312077 34.367796093015 1.35706809321  15.47779975128 34.480528938013 1.460992051588  15.522701714609 34.589021305109 1.568718682054  15.565702969124 34.693006673665 1.679910889296  15.647222650975 34.890282509613 1.907058735568  15.685791163928 34.983692245573 2.022935936425  15.722352123448 35.072303146429 2.141499440269  15.75685087365 35.155968301519 2.262387477305  15.821236084591 35.312198217888 2.506484211362  15.85117689939 35.384893684738 2.629642148412  15.879046094347 35.452594747509 2.754362848936  15.904833570306 35.515266453554 2.880298066217  15.928547905577 35.57292117128 3.007113252462 0 0.117855835084 0.239399890332 0.366080077623 0.497281528401 0.62606051465 0.752319719332 0.876973392652 1 6 4 4 4 4 4 4 4 6
7 6  187  38  0  27.518591078112 19.744387542215 0.000000000000006772360450213  27.518801944666 19.744546494838 0.0000001075120310693  27.519223624169 19.744864310427 -0.0000001304964356887  27.520035223385 19.745476007785 -0.00000002193905746176  27.521186110756 19.746343438356 0.000000684916703092  27.522395916394 19.747255286228 0.000001801449584616  27.528893034266 19.752152277505 0.00000948576356473  27.534702078968 19.75653083415 0.00002680102033573  27.540510414733 19.760909032316 0.0000544233611622  27.546292117715 19.765267333284 0.00009235050752139  27.552066591686 19.769620365369 0.0001407989960457  27.565895766368 19.780045780801 0.0002816645613975  27.573953192801 19.786120381433 0.0003836230967287  27.582007496672 19.792192977384 0.0005060008049181  27.590039399337 19.798249026667 0.0006481047251098  27.598074097362 19.804307521522 0.0008100260995209  27.613377466673 19.815847560857 0.00115735719693  27.620642205485 19.821326065748 0.001338339407483  27.627908940654 19.826806361358 0.001536050434047  27.63515300052 19.832269835942 0.00174950489412  27.642392314881 19.837730006153 0.001978876431973  27.657779738456 19.849336396711 0.002501598017869  27.665930037803 19.855484334252 0.002798834585207  27.67407715679 19.861630230977 0.003116886508025  27.682202394254 19.86775997276 0.00345463310859  27.690330191541 19.873891992454 0.003812744290351  27.705808451851 19.885570253639 0.004534552892701  27.713155111587 19.891113549842 0.004893649091843  27.72050357307 19.896658497674 0.005269898743382  27.727829930794 19.902187053455 0.005661771240377  27.735151558797 19.907712321912 0.006069849385395  27.750711206979 19.919455031019 0.006973098102459  27.758951266015 19.925674077424 0.007472303386648  27.767188076138 19.931891038496 0.007992733252315  27.775403550197 19.938092255924 0.008532864526948  27.783621324841 19.944295565364 0.009093914363902  27.799268415559 19.956107702505 0.01020296295484  27.806694117252 19.9617137284 0.01074642414925  27.814121308103 19.967321169533 0.01130699870552  27.821526996292 19.972912670088 0.01188311344664  27.828928064383 19.97850097894 0.01247620571429  27.844653599456 19.990375447934 0.01377277799661  27.85297999434 19.996663136632 0.01448067216383  27.861303059742 20.002948686082 0.01521021298878  27.869605358773 20.009218921601 0.01595950282139  27.877909674109 20.015491043897 0.01673027094749  27.893718934579 20.027432249874 0.01823937138718  27.901220406599 20.033098635404 0.01897299406703  27.908723152056 20.03876628058 0.01972417205781  27.916205023765 20.044418457845 0.02049084818365  27.923682261574 20.050067437576 0.02127480936748  27.939566733156 20.062068636241 0.02297753634958  27.947975715442 20.068422250672 0.02390085238627  27.956381274319 20.074773661466 0.02484624969397  27.96476665893 20.081110205069 0.02581148701441  27.973153749155 20.087448409764 0.02679876684983  27.989117891982 20.099513394339 0.02872074761655  27.996691623232 20.105237587823 0.02965057032105  28.004266391807 20.110962869537 0.03059839420069  28.011820941845 20.11667317607 0.03156171753764  28.01937083587 20.122380272662 0.03254264624369  28.035406653514 20.134502676741 0.03466435932662  28.043894136191 20.14091923885 0.03580982460724  28.052378086752 20.147333521316 0.03697781786049  28.060842475444 20.153733398752 0.03816578798184  28.069308231266 20.160134690011 0.03937636790239  28.085419315424 20.172317657652 0.04172403784839  28.093061484865 20.178096867677 0.04285608524953  28.100704434011 20.183876977781 0.04400658249792  28.108327844153 20.189642624004 0.04517262654052  28.115946566604 20.195405040302 0.04635660886405  28.132125473296 20.207642609564 0.04891010176221  28.140687042762 20.214118891913 0.05028466200684  28.149244903287 20.220592758478 0.05168171979103  28.157783832399 20.227052695893 0.05309893952789  28.166323812963 20.233513824551 0.05453982648149  28.18257321711 20.245808452318 0.05732593488684  28.19027968144 20.251639637497 0.05866619868647  28.197986645227 20.257471516944 0.06002536256122  28.205674771578 20.263289460656 0.06140016911248  28.213358167661 20.269104145819 0.06279325914768  28.229671213193 20.281450301931 0.06579124608883  28.238302030143 20.287982739358 0.06740130093071  28.246929011551 20.294512670695 0.06903434088571  28.255537706931 20.301029160093 0.07068777812461  28.264147039313 20.30754653425 0.07236543230908  28.280525436367 20.319945950514 0.0756026251748  28.288291717993 20.325825809421 0.07715704317557  28.296058195074 20.331706138195 0.07873081162785  28.303806555724 20.337573074253 0.08032036956636  28.311550131221 20.343436713373 0.08192856802672  28.327987646828 20.355884318628 0.08538363806256  28.336682527205 20.362469080833 0.0872357671498  28.345373424992 20.369051230552 0.0891113806761  28.354046694206 20.375620434682 0.09100767906296  28.362720155023 20.382190192771 0.09292873978443  28.379217486512 20.394686955681 0.09662951189176  28.387038761939 20.400611917053 0.09840394515548  28.394859903958 20.406537104379 0.100198177824  28.402663667064 20.412449454665 0.102008399908  28.410462576347 20.418358458673 0.103837630768  28.427014149951 20.43089979508 0.107762197875  28.435767517999 20.437532745771 0.109862881726  28.444516734114 20.444162959999 0.111987559906  28.453248987797 20.450780731536 0.114133264451  28.461980955572 20.457398700927 0.116304270189  28.478586407868 20.46998477821 0.120480913031  28.486457496677 20.475950991559 0.122481121047  28.494328097268 20.481917166529 0.12450157425  28.502182069726 20.48787107031 0.126538271882  28.51003110437 20.4938215663 0.12859435696  28.526685557247 20.506448315681 0.133000605833  28.535491433633 20.513125002394 0.135356197039  28.544292964549 20.519798809558 0.1377363016  28.553078204155 20.526460680631 0.14013782934  28.561862647131 20.533122367207 0.142565188201  28.578564629037 20.54578911692 0.147229733506  28.586479983614 20.551792443678 0.149461347301  28.594394468168 20.557795446421 0.151713646968  28.602293085055 20.563786751276 0.153982502843  28.61018666323 20.569774573375 0.156271134254  28.626932028413 20.582477798699 0.161170961651  28.635784019291 20.589193443307 0.163787653761  28.644631445044 20.595906044614 0.166429385697  28.653463251572 20.602607217039 0.169092993967  28.662293716509 20.60930779548 0.171782951749  28.679079838795 20.622045948182 0.176947110497  28.687033535015 20.628081953546 0.179415603639  28.694985951419 20.634117327112 0.181905216124  28.702923266409 20.640141580558 0.184411754721  28.710855423261 20.646162261531 0.186938465154  28.727678926093 20.658932389839 0.192343416687  28.736570213355 20.665681879927 0.195227210723  28.745456687783 20.672428140728 0.19813657653  28.754328211706 20.679163477134 0.201068328806  28.763197813912 20.685897782116 0.204026934614  28.780054871259 20.698697424827 0.209702031484  28.788040600341 20.704761370472 0.212412688949  28.796024610907 20.710824353602 0.215144889697  28.803994287889 20.716876795616 0.217894445574  28.811958667132 20.72292555937 0.22066457636  28.828846708474 20.735752366676 0.226585778682  28.837770041434 20.742530247994 0.229742447263  28.846688283868 20.749304690243 0.23292522278  28.855592236543 20.756068706302 0.236130952055  28.864493651402 20.762831224821 0.239364021464  28.881407607267 20.775681787172 0.245560924673  28.889418669041 20.781768625034 0.248518809561  28.897427543869 20.787854146011 0.251498649631  28.905422850008 20.79392970265 0.254496333521  28.913412696986 20.800001457843 0.257515000484  28.930350839603 20.81287405644 0.263963088873  28.939298528395 20.819674526658 0.267398137969  28.948240817101 20.82647132269 0.270859829805  28.957169463939 20.833258180689 0.274345099528  28.966094920234 20.840043045745 0.277858175296  28.984301118503 20.85388373147 0.285083378009  28.99349587325 20.860874220264 0.288763896466  29.002234404648 20.867518302737 0.292291947847  29.010947503152 20.874143433208 0.295836021582  29.020912685047 20.881720848283 0.299905824501  29.045198115392 20.900189547898 0.309983145653  29.058984706104 20.910674672763 0.315747232392  29.071179304276 20.919950492447 0.320945521374  29.080254230076 20.926853796951 0.324846458029  29.087549260234 20.932403123519 0.327981431084  29.234076952097 21.043876710336 0.391648910523  29.370062090702 21.147430879661 0.457768110081  29.505254467652 21.250480384323 0.530796942  29.639240493365 21.352708302292 0.610896221999  29.771151862052 21.453446982715 0.697866308469  30.027031601824 21.649028352521 0.882874797098  30.150856484976 21.743759245228 0.980605385716  30.270967604828 21.835727920663 1.083834987829  30.387019477538 21.924659816373 1.192214260096  30.498713193285 22.010315361434 1.305354991604  30.712132185961 22.174092527858 1.539499359542  30.813922637721 22.252263349231 1.660441522128  30.910933014729 22.326813064021 1.785267016564  31.002973399143 22.397586014615 1.913549014112  31.089904743195 22.464466152466 2.044850851442  31.252984875229 22.589990181387 2.311993520798  31.328967926924 22.648506196984 2.447458306252  31.399872576227 22.703136331278 2.585206918009  31.465639474948 22.753828428165 2.724975218609  31.52606181667 22.800416917762 2.866011293753  31.580987717267 22.842779468361 3.007113252462 0 0.001402505167628 0.01201167002867 0.02655967064959 0.03947162066914 0.05379337672436 0.06651087956621 0.08062148081317 0.0931578345837 0.107071963886 0.119440117687 0.133172078671 0.145384657108 0.158948401857 0.171017729056 0.184426884282 0.196365006924 0.20963289871 0.221451606841 0.234591283858 0.246302131824 0.259326388054 0.270940713989 0.283862109994 0.295391054265 0.3082219373 0.319676459915 0.332428982858 0.343819879813 0.35650601893 0.367843937497 0.380475508993 0.393535185081 0.404240922921 0.555270246971 0.704453732032 0.85257743233 1 7 5 5 5 5 5 5 5 5 5 5 5 5 5 5 5 5 5 5 5 5 5 5 5 5 5 5 5 5 5 5 5 5 5 5 5 5 7
7 13  50  5  0  35.506809673502 16.676618157749 -0.0000000000001233483496002  35.424997792811 16.700148396921 -0.0000000000001133817650973  35.34318591212 16.723678636092 -0.0000000000001034151805943  35.261374031429 16.747208875264 -0.00000000000009344859609142  35.179562150738 16.770739114435 -0.00000000000008348201158849  35.097750270047 16.794269353607 -0.00000000000007351542708555  35.015938389357 16.817799592778 -0.00000000000006354884258262  34.934126508666 16.84132983195 -0.00000000000005358225807969  34.852314627975 16.864860071121 -0.00000000000004361567357676  34.770502747284 16.888390310293 -0.00000000000003364908907383  34.688690866593 16.911920549464 -0.0000000000000236825045709  34.606878985903 16.935450788636 -0.00000000000001371592006796  34.525067105212 16.958981027807 -0.000000000000003749335565031  33.371519827924 17.290757330969 0.0000000000001367794766338  32.305473462934 17.635815953956 -0.0000000000005431211036465  31.246114665954 18.017325103324 0.000000000001367350677129  30.19427823428 18.434979869484 -0.000000000002373656826644  29.150710709091 18.888507702871 0.00000000000311306536106  28.11611411907 19.377662187416 -0.00000000000309530179264  27.091167230269 19.902230134694 0.000000000002391420395055  26.076533536633 20.46204676784 -0.000000000001388666959195  25.072865242735 21.057013786076 0.0000000000006115108419653  24.080812468322 21.687115074111 -0.0000000000002007283228519  23.101046927973 22.352424848354 0.0000000000001016964290557  22.134309317539 23.053103007305 -0.0000000000000737188088351  20.22866999387 24.525641936787 0.0000000000002051692149508  19.289804886342 25.297413574091 -0.000000000001231903468123  18.365291641409 26.10588452659 0.000000000003657074643121  17.458484841012 26.946554163775 -0.000000000007465583706763  16.562747725135 27.83529310307 0.00000000001161115648081  15.69736199548 28.737501841939 -0.00000000001411804007024  14.83324407615 29.712127756595 0.00000000001366640134403  14.011392202972 30.687622808067 -0.00000000001053823694967  13.197523386863 31.728933170205 0.000000000006493472426455  12.418165882695 32.797327730757 -0.000000000003105515844475  11.666616019435 33.907819093684 0.000000000001108446667787  10.949586951822 35.055141220613 -0.0000000000002287059430727  10.228317835276 36.311607300669 0.00000000000002277011487211  10.185936704652 36.385436127998 0.00000000000003754662396692  10.143555574029 36.459264955326 0.00000000000005232313306173  10.101174443405 36.533093782655 0.00000000000006709964215654  10.058793312782 36.606922609983 0.00000000000008187615125135  10.016412182158 36.680751437312 0.00000000000009665266034616  9.974031051535 36.75458026464 0.000000000000111429169441  9.931649920911 36.828409091969 0.0000000000001262056785358  9.889268790288 36.902237919297 0.0000000000001409821876306  9.846887659664 36.976066746626 0.0000000000001557586967254  9.804506529041 37.049895573954 0.0000000000001705352058202  9.762125398417 37.123724401283 0.000000000000185311714915  9.719744267794 37.197553228612 0.0000000000002000882240098 -1.908874923304 -0.909844309418 12.17745379626 25.264751901939 26.081756329808 14 12 12 12 14
7 6  7  2  0  -0.00000000000003241851231905 -60 150  4.264226776044 -56.80205020137 150  8.992927462274 -54.2758722957 150  14.065354606686 -52.49261801862 150  19.349832511131 -51.50074795177 150  24.708096385133 -51.32413184944 150  30 -51.96152422706 150 0 1 7 7
7 6  7  2  0  30 -51.96152422706 150  32.093953816237 -47.0599050734 150  34.926039784572 -42.5078204895 150  38.42726341194 -38.42726341194 150  42.507820489502 -34.92603978457 150  47.059905073404 -32.09395381623 150  51.961524227066 -30 150 0 1 7 7
7 6  7  2  0  51.961524227066 -30 150  51.324131849448 -24.70809638513 150  51.500747951776 -19.34983251113 150  52.492618018626 -14.06535460668 150  54.275872295703 -8.992927462274 150  56.80205020137 -4.264226776044 150  60 -0.0000000000000310862446895 150 0 1 7 7
7 6  7  2  0  60 -0.00000000000004973799150321 150  56.80205020137 4.264226776044 150  54.275872295703 8.992927462274 150  52.492618018626 14.065354606686 150  51.500747951776 19.349832511131 150  51.324131849448 24.708096385133 150  51.961524227066 30 150 0 1 7 7
7 6  7  2  0  51.961524227066 30 150  47.059905073404 32.093953816237 150  42.507820489502 34.926039784572 150  38.42726341194 38.42726341194 150  34.926039784571 42.507820489502 150  32.093953816237 47.059905073404 150  30 51.961524227066 150 0 1 7 7
7 6  7  2  0  30 51.961524227066 150  24.708096385134 51.324131849448 150  19.349832511131 51.500747951776 150  14.065354606686 52.492618018626 150  8.992927462274 54.275872295703 150  4.264226776044 56.80205020137 150  0.0000000000000319744231092 60 150 0 1 7 7
7 6  7  2  0  0.00000000000004485301019486 60 150  -4.264226776044 56.802050201371 150  -8.992927462274 54.275872295703 150  -14.06535460668 52.492618018627 150  -19.34983251113 51.500747951776 150  -24.70809638513 51.324131849448 150  -30 51.961524227066 150 0 1 7 7
7 6  7  2  0  -30 51.961524227066 150  -32.09395381623 47.059905073404 150  -34.92603978457 42.507820489502 150  -38.42726341194 38.42726341194 150  -42.5078204895 34.926039784571 150  -47.0599050734 32.093953816237 150  -51.96152422706 30 150 0 1 7 7
7 6  7  2  0  -51.96152422706 30 150  -51.32413184944 24.708096385134 150  -51.50074795177 19.349832511131 150  -52.49261801862 14.065354606687 150  -54.2758722957 8.992927462274 150  -56.80205020137 4.264226776044 150  -60 0.0000000000000319744231092 150 0 1 7 7
7 6  7  2  0  -60 0.00000000000004618527782441 150  -56.80205020137 -4.264226776044 150  -54.2758722957 -8.992927462274 150  -52.49261801862 -14.06535460668 150  -51.50074795177 -19.34983251113 150  -51.32413184944 -24.70809638513 150  -51.96152422706 -30 150 0 1 7 7
7 6  7  2  0  51.955549577344 0.000000000000003181359874392 150  51.955549577344 -29.72107856754 150  32.45806974795 -55.78798421938 150  -0.000000000000003552713678801 -66.29850582554 150  -32.45806974795 -55.78798421938 150  -51.95554957734 -29.72107856754 150  -51.95554957734 -0.000000000000003181359874392 150 0 1 7 7
7 6  7  2  0  -51.95554957734 -0.000000000000003181359874392 150  -51.95554957734 29.721078567548 150  -32.45806974795 55.78798421938 150  0.000000000000003552713678801 66.298505825542 150  32.45806974795 55.78798421938 150  51.955549577344 29.721078567548 150  51.955549577344 0.000000000000003181359874392 150 0 1 7 7
7 5  34  9  0  -3.339845665533 33.703992718189 0.000000000000007382983114591  -3.356694179524 33.84110922302 0.000000002064761680642  -3.373787494555 33.979777842008 0.003943060680907  -3.391098724037 34.119757764341 0.01199683496257  -3.408595922967 34.26077346797 0.02430665766108  -3.444466433179 34.548904683199 0.05820703969263  -3.462849691152 34.696068954973 0.08008791523084  -3.481352321049 34.843680317756 0.106749906674  -3.499929113827 34.991373540005 0.138277575382  -3.537833917906 35.291709420957 0.212508545578  -3.557163888438 35.444329135726 0.255587990028  -3.576466701077 35.596198540738 0.303986318272  -3.595683820885 35.746871887828 0.357688233635  -3.634586443391 36.050874487477 0.477894422043  -3.654260157952 36.204070852899 0.54482324379  -3.67370961823 36.354999010452 0.617320828412  -3.692866555101 36.503167330429 0.695233177223  -3.730429591996 36.79279621678 0.861297916573  -3.748837048343 36.934268951424 0.949430920188  -3.76682311435 37.072079790632 1.042527191778  -3.784325989171 37.20580703526 1.140309787465  -3.817933732914 37.461911079981 1.342666292555  -3.834058835553 37.584455155693 1.447076316529  -3.849614123606 37.702371549291 1.555382975682  -3.864554167784 37.815367266339 1.667241655037  -3.892946384287 38.029670131723 1.895850944777  -3.9064152427 38.131109080202 2.012520196193  -3.91921335819 38.227308079837 2.131942403834  -3.931313627975 38.318106444906 2.253746564072  -3.953978140064 38.487924824998 2.500244928615  -3.964555403875 38.56704485429 2.624902744746  -3.974411842794 38.64066803453 2.751172226724  -3.983538290213 38.708757014196 2.878691537849  -3.991933454013 38.771327373938 3.007113252462 0 0.116741129226 0.237299712579 0.362398134264 0.492476117069 0.622310395602 0.749682188404 0.875414858307 1 6 4 4 4 4 4 4 4 6
7 7  14  3  0  -3.991933576128 38.771327432649 3.007113258859  -4.009667684954 38.903502430882 3.278394120734  -4.052672562864 39.027186032204 3.556838051613  -4.119188649123 39.141146974501 3.840397901271  -4.207032918618 39.244401288629 4.127009357392  -4.313831137449 39.336210799965 4.414656491386  -4.437184604127 39.41607156723 4.701432318006  -4.74263101926 39.566191360165 5.332279879216  -4.931636774169 39.630451848859 5.674992187764  -5.137547256046 39.675957234983 6.010553180266  -5.356150144686 39.702592575077 6.335839689207  -5.583353207545 39.710756763883 6.647944093527  -5.815405641116 39.701463562463 6.944495885603  -6.049037142135 39.676204225977 7.223790440223 0 0.450444874901 1 8 6 8
7 13  50  5  0  22.411490105717 32.195779810575 0.00000000000002165528453473  22.328873819122 32.175251655109 0.00000000000002060438616878  22.246257532526 32.154723499643 0.00000000000001955348780282  22.163641245931 32.134195344177 0.00000000000001850258943687  22.081024959335 32.113667188711 0.00000000000001745169107091  21.99840867274 32.093139033245 0.00000000000001640079270495  21.915792386145 32.07261087778 0.000000000000015349894339  21.833176099549 32.052082722314 0.00000000000001429899597304  21.750559812954 32.031554566848 0.00000000000001324809760708  21.667943526359 32.011026411382 0.00000000000001219719924113  21.585327239763 31.990498255917 0.00000000000001114630087517  21.502710953168 31.969970100451 0.00000000000001009540250921  21.420094666573 31.949441944985 0.000000000000009044504143258  20.255205268395 31.659995013252 -0.000000000000005773159728051  19.159452723204 31.425801364062 0.0000000000000737188088351  18.051266518621 31.226518580689 -0.0000000000001345590305846  16.931522065073 31.062300002396 0.0000000000002069455717899  15.801002161016 30.933282864754 -0.0000000000002282618538633  14.660437989106 30.839604779871 0.0000000000003326228181769  13.510523972239 30.781420503654 -0.0000000000004813927034786  12.351917101444 30.758919082771 0.0000000000006070699498639  11.185231352832 30.772341487893 -0.0000000000005431211036473  10.011037804282 30.821998823167 0.0000000000004010125564944  8.829881069463 30.908291218831 -0.000000000000234035013591  7.642322660559 31.031727499159 0.000000000000136335387424  5.255721131069 31.354163958308 -0.0000000000002322586567516  4.056754278578 31.553105248407 0.000000000001448619002531  2.851866846053 31.791005008902 -0.000000000004299227640553  1.646214302072 32.065642870976 0.00000000000912825370849  0.426113734789 32.387444811326 -0.00000000001489919299042  -0.774436660311 32.736087634506 0.00000000001939870486475  -2.010097688013 33.148079475437 -0.00000000002028954781954  -3.209589813715 33.581957035306 0.00000000001710231956059  -4.435076065121 34.076823853612 -0.00000000001143574124282  -5.644216742526 34.612401932533 0.000000000005919709167308  -6.850323697821 35.198340731734 -0.000000000002203570659275  -8.04495014908 35.833436306222 0.0000000000005040412531799  -9.297820567004 36.560933292261 -0.00000000000002344511226566  -9.37143811643 36.603680366947 -0.00000000000005443974109876  -9.445055665855 36.646427441633 -0.00000000000008543436993187  -9.518673215281 36.689174516319 -0.000000000000116428998765  -9.592290764707 36.731921591004 -0.0000000000001474236275981  -9.665908314132 36.77466866569 -0.0000000000001784182564312  -9.739525863558 36.817415740376 -0.0000000000002094128852643  -9.813143412984 36.860162815062 -0.0000000000002404075140974  -9.886760962409 36.902909889748 -0.0000000000002714021429305  -9.960378511835 36.945656964434 -0.0000000000003023967717636  -10.03399606126 36.98840403912 -0.0000000000003333914005967  -10.10761361068 37.031151113806 -0.0000000000003643860294298  -10.18123116011 37.073898188492 -0.0000000000003953806582629 -1.908874923305 -0.909844309418 12.177453796258 25.264751901935 26.081756329806 14 12 12 12 14
7 13  50  5  0  0.695505230568 42.341860899937 2.220267356544  0.622582209956 42.279473960892 2.231678860441  0.551107401829 42.218325993345 2.242863737927  0.481080806189 42.158416997296 2.253821989002  0.412502423034 42.099746972745 2.264553613667  0.345372252365 42.042315919691 2.275058611921  0.279690294182 41.986123838135 2.285336983764  0.215456548485 41.931170728077 2.295388729196  0.152671015273 41.877456589516 2.305213848217  0.09133369454707 41.824981422453 2.314812340828  0.0314445863069 41.773745226888 2.324184207027  -0.02699630944751 41.723748002821 2.333329446816  -0.08398899271616 41.674989750251 2.342248060195  -0.867165867505 41.004968026802 2.464805050889  -1.615551200604 40.404747109909 2.586072303482  -2.383728972265 39.826455670553 2.715011834638  -3.170718979495 39.269656195475 2.851822791095  -3.975638246002 38.733778366367 2.996641653195  -4.79777825859 38.218109253529 3.149543907585  -5.636650330964 37.721813748153 3.310539988502  -6.492006926702 37.243977973047 3.479566302703  -7.36384677079 36.783668365953 3.656472149681  -8.252411582094 36.339999181157 3.841003352647  -9.158182255929 35.912201105108 4.032783412035  -10.08188232889 35.499683723474 4.231292996422  -11.9671107824 34.704485370757 4.640404170494  -12.92859981477 34.321820680418 4.850992544546  -13.91021145826 33.953684021212 5.067033774029  -14.91160232258 33.600379513004 5.287110347177  -15.93903541115 33.261013354961 5.511928509961  -16.98254710024 32.939149983131 5.736176568312  -18.06317987744 32.631428005821 5.964953080579  -19.15731065274 32.346069224297 6.188254912105  -20.28958639754 32.080440092922 6.411260300035  -21.44499887451 31.842292496019 6.627438611032  -22.63021188717 31.634903582988 6.836372423072  -23.84166481115 31.464315471754 7.035652096409  -25.15382320455 31.328076960859 7.235535405357  -25.23202721496 31.319957211004 7.247448354626  -25.31133397774 31.311722964803 7.259529288031  -25.3917434929 31.303374222256 7.271778205572  -25.47325576044 31.294910983364 7.284195107248  -25.55587078035 31.286333248125 7.29677999306  -25.63958855263 31.27764101654 7.309532863007  -25.72440907728 31.26883428861 7.32245371709  -25.81033235431 31.259913064333 7.335542555309  -25.89735838372 31.250877343711 7.348799377663  -25.98548716549 31.241727126743 7.362224184153  -26.07471869965 31.232462413428 7.375816974778  -26.16505298617 31.223083203768 7.389577749539 -1.908874923305 -0.909844309418 12.177453796259 25.264751901936 26.08175632981 14 12 12 12 14
7 10  11  2  0  -20 34.641016151378 0.0000000000000284217094304  -30.8827961854 28.357830844197 15.000000000004  -40.23894220107 19.430112530946 29.999999999986  -47.77150016364 7.647594809694 45.000000000028  -52.33831832922 -7.460555490469 59.999999999962  -51.67289254424 -25.51658560139 75.000000000033  -43.22149595971 -43.91904570782 89.999999999983  -27.07252563966 -57.88702364172 105  -6.606055435261 -63.95834190231 120  13.67580572189 -61.38630218783 134.99999999999  30 -51.96152422706 150 0 1 11 11
7 10  11  2  0  40 -0.0000000000000106581410364 0  40 12.56637061436 15.000000000003  36.946442150726 25.132889902076 29.999999999993  30.508761464872 37.547535313763 45.000000000004  19.70812858352 49.056591009699 60.000000000002  3.738434923476 57.508330431043 74.999999999997  -16.42426131308 59.390436344585 89.999999999995  -36.59537020337 52.38900676942 105  -52.08652115369 37.7001827769 119.99999999999  -59.99999999999 18.849555921539 135  -60 0.0000000000000319744231092 150 0 1 11 11
7 7  14  3  0  38.771327432649 3.991933576128 3.007113258859  38.903502430882 4.009667684954 3.278394120734  39.027186032204 4.052672562864 3.556838051613  39.141146974501 4.119188649122 3.840397901271  39.244401288629 4.207032918618 4.127009357392  39.336210799965 4.313831137449 4.414656491386  39.41607156723 4.437184604127 4.701432318006  39.566191360165 4.74263101926 5.332279879216  39.630451848858 4.931636774168 5.674992187763  39.675957234983 5.137547256047 6.010553180266  39.702592575077 5.356150144685 6.335839689206  39.710756763883 5.583353207546 6.647944093527  39.701463562463 5.815405641116 6.944495885603  39.676204225977 6.049037142135 7.223790440223 0 0.450444874901 1 8 6 8
7 13  50  5  0  42.341860899938 -0.695505230567 2.220267356543  42.279473960893 -0.622582209955 2.23167886044  42.218325993346 -0.551107401829 2.242863737926  42.158416997297 -0.481080806188 2.253821989002  42.099746972746 -0.412502423034 2.264553613666  42.042315919692 -0.345372252365 2.27505861192  41.986123838136 -0.279690294181 2.285336983763  41.931170728078 -0.215456548484 2.295388729195  41.877456589517 -0.152671015272 2.305213848217  41.824981422454 -0.09133369454658 2.314812340827  41.773745226889 -0.03144458630651 2.324184207027  41.723748002821 0.02699630944779 2.333329446816  41.674989750251 0.08398899271631 2.342248060194  41.004968026798 0.867165867503 2.464805050888  40.404747109923 1.615551200613 2.586072303483  39.826455670519 2.383728972242 2.715011834635  39.269656195534 3.170718979538 2.8518227911  38.733778366293 3.97563824594 2.996641653188  38.218109253597 4.797778258661 3.149543907593  37.721813748107 5.636650330899 3.310539988496  37.243977973067 6.49200692675 3.479566302706  36.783668365953 7.363846770764 3.656472149681  36.339999181149 8.252411582103 3.841003352646  35.912201105117 9.158182255929 4.032783412036  35.499683723467 10.081882328887 4.231292996421  34.704485370771 11.967110782412 4.640404170497  34.321820680335 12.928599814736 4.850992544532  33.953684021448 13.910211458374 5.067033774068  33.600379512535 14.911602322372 5.287110347099  33.261013355671 15.93903541148 5.511928510083  32.939149982278 16.982547099854 5.736176568163  32.631428006649 18.063179877828 5.964953080725  32.346069223643 19.157310652437 6.188254911991  32.080440093339 20.289586397732 6.411260300106  31.842292495812 21.44499887442 6.627438610997  31.634903583064 22.630211887204 6.836372423085  31.464315471738 23.841664811144 7.035652096406  31.32807696086 25.153823204551 7.235535405357  31.319957211006 25.232027214963 7.247448354626  31.311722964807 25.311333977749 7.259529288031  31.303374222261 25.391743492909 7.271778205572  31.294910983369 25.473255760442 7.284195107249  31.286333248132 25.55587078035 7.296779993061  31.277641016548 25.639588552632 7.309532863008  31.268834288619 25.724409077288 7.322453717091  31.259913064344 25.810332354318 7.33554255531  31.250877343722 25.897358383722 7.348799377664  31.241727126755 25.985487165499 7.362224184154  31.232462413442 26.074718699651 7.37581697478  31.223083203783 26.165052986177 7.389577749541 -1.908874923306 -0.909844309418 12.177453796259 25.264751901936 26.081756329804 14 12 12 12 14
7 5  34  9  0  33.70399271918 3.339845660473 0.00000000000000571764857682  33.841590670068 3.356753349353 0.000000002096375508517  33.980751666462 3.37390752511 0.00397079932791  34.121232328023 3.391281088972 0.01208182376273  34.26275411347 3.408841685322 0.024479864216  34.551401820451 3.444778164706 0.0585634819223  34.698571140233 3.463162910808 0.08050858434529  34.846183925033 3.481666582417 0.10723565687  34.993874789817 3.500243942004 0.138828957182  35.29422150468 3.53815185966 0.213199948098  35.446854012943 3.557484347139 0.256355423172  35.598731640397 3.576789101906 0.304831305802  35.749408397214 3.59600754616 0.358611897327  36.052879274212 3.634843905539 0.478770700358  36.205552200646 3.654451054824 0.54553501712  36.355968540702 3.673834971113 0.617830717436  36.503641583535 3.692928062733 0.695505100094  36.79279621678 3.730429591996 0.861297916573  36.934268951423 3.748837048343 0.949430920188  37.072079790633 3.76682311435 1.042527191778  37.20580703526 3.784325989171 1.140309787465  37.461911079981 3.817933732914 1.342666292555  37.584455155693 3.834058835553 1.447076316529  37.702371549291 3.849614123606 1.555382975682  37.815367266339 3.864554167784 1.667241655037  38.029670131723 3.892946384287 1.895850944777  38.131109080202 3.9064152427 2.012520196193  38.227308079837 3.91921335819 2.131942403834  38.318106444906 3.931313627975 2.253746564072  38.487924824998 3.953978140064 2.500244928615  38.56704485429 3.964555403875 2.624902744746  38.64066803453 3.974411842793 2.751172226724  38.708757014196 3.983538290213 2.878691537849  38.771327373938 3.991933454013 3.007113252462 0 0.117151037323 0.237707873994 0.36282372789 0.492476117099 0.622310395625 0.749682188419 0.875414858314 1 6 4 4 4 4 4 4 4 6
7 13  50  5  0  39.088108263467 -3.311029862927 0.0000000000001529497813812  39.029022216043 -3.249746137702 0.0000000000001414576992502  38.96993616862 -3.188462412477 0.0000000000001299656171193  38.910850121197 -3.127178687252 0.0000000000001184735349883  38.851764073773 -3.065894962027 0.0000000000001069814528574  38.792678026349 -3.004611236802 0.00000000000009548937072642  38.733591978926 -2.943327511577 0.00000000000008399728859547  38.674505931502 -2.882043786352 0.00000000000007250520646451  38.615419884078 -2.820760061127 0.00000000000006101312433356  38.556333836654 -2.759476335902 0.00000000000004952104220261  38.497247789229 -2.698192610677 0.00000000000003802896007166  38.438161741805 -2.636908885452 0.0000000000000265368779407  38.37907569438 -2.575625160227 0.00000000000001504479580975  37.545962599353 -1.711524814672 -0.0000000000001469935284603  36.795268677208 -0.879672098868 0.0000000000007229772336367  36.068591621818 -0.01959608527127 -0.000000000002047695346613  35.366501934807 0.868021768119 0.000000000004320099833444  34.689509863509 1.78257215567 -0.000000000007074785202069  34.038100176972 2.723490660777 0.000000000009273026790957  33.412754106502 3.690253273419 -0.000000000009737988193519  32.813963869616 4.682385546101 0.000000000008232081683035  32.242245138705 5.699476245188 -0.000000000005525802038147  31.698152878488 6.741186354828 0.00000000000288435941798  31.182305917787 7.807244290868 -0.000000000001078692690725  30.695425667868 8.897418181616 0.0000000000002424727085781  29.781363067857 11.125493964446 -0.0000000000002144950883576  29.354167852651 12.263300362022 0.0000000000009632294961637  28.9577513727 13.42571336762 -0.000000000002605915483409  28.592768465724 14.607158029709 0.000000000005277556169821  28.261406838062 15.824697086581 -0.000000000008343103985543  27.963065181365 17.038725638559 0.00000000001063060750525  27.702030068853 18.314835399746 -0.00000000001092370638403  27.478032994141 19.570564831963 0.000000000009042100401664  27.293857105197 20.879300466999 -0.000000000005912159650773  27.153110988186 22.19423604971 0.00000000000299094082833  27.057495395877 23.531724712348 -0.000000000001081801315196  27.010191071529 24.883849354389 0.0000000000002460254222569  27.013786733665 26.332615456986 -0.000000000000007809698145212  27.013998011568 26.417743662296 -0.00000000000002272482364802  27.014209289471 26.502871867606 -0.00000000000003763994915084  27.014420567375 26.588000072916 -0.00000000000005255507465365  27.014631845278 26.673128278226 -0.00000000000006747020015646  27.014843123181 26.758256483536 -0.00000000000008238532565927  27.015054401084 26.843384688845 -0.00000000000009730045116209  27.015265678988 26.928512894155 -0.0000000000001122155766649  27.015476956891 27.013641099465 -0.0000000000001271307021677  27.015688234794 27.098769304775 -0.0000000000001420458276705  27.015899512698 27.183897510085 -0.0000000000001569609531733  27.016110790601 27.269025715395 -0.0000000000001718760786761  27.016322068504 27.354153920705 -0.000000000000186791204179 -1.908874923306 -0.909844309418 12.177453796259 25.264751901936 26.081756329804 14 12 12 12 14
7 13  50  5  0  3.311029862927 39.088108263466 0.0000000000002142408850832  3.249746137702 39.029022216043 0.000000000000198375709752  3.188462412477 38.969936168619 0.0000000000001825105344208  3.127178687252 38.910850121196 0.0000000000001666453590895  3.065894962027 38.851764073772 0.0000000000001507801837583  3.004611236802 38.792678026348 0.0000000000001349150084271  2.943327511577 38.733591978925 0.0000000000001190498330959  2.882043786352 38.674505931501 0.0000000000001031846577646  2.820760061127 38.615419884077 0.00000000000008731948243342  2.759476335902 38.556333836653 0.00000000000007145430710219  2.698192610677 38.497247789228 0.00000000000005558913177097  2.636908885452 38.438161741804 0.00000000000003972395643975  2.575625160227 38.37907569438 0.00000000000002385878110852  1.711524814672 37.545962599356 -0.0000000000001998401444325  0.879672098868 36.795268677194 0.0000000000009769962616708  0.01959608527176 36.068591621854 -0.000000000002704059198772  -0.868021768121 35.366501934744 0.000000000005533351554751  -1.782572155666 34.689509863592 -0.000000000008712586208003  -2.723490660785 34.038100176888 0.00000000001092370638396  -3.690253273409 33.412754106567 -0.00000000001091438051042  -4.682385546113 32.813963869578 0.000000000008698819442582  -5.699476245177 32.242245138719 -0.000000000005397460256503  -6.741186354836 31.698152878488 0.000000000002516209463014  -7.807244290862 31.182305917781 -0.0000000000007647216193614  -8.89741818162 30.695425667873 0.00000000000007993605777303  -11.12549396443 29.781363067846 0.00000000000008082423619269  -12.26330036206 29.354167852718 -0.0000000000007336353746733  -13.4257133675 28.957751372508 0.000000000002310152069631  -14.60715802993 28.592768466106 -0.000000000004728217817308  -15.82469708622 28.261406837484 0.000000000007342570995582  -17.03872563898 27.963065182057 -0.000000000008994138767208  -18.31483539932 27.702030068185 0.000000000008909761817113  -19.5705648323 27.478032994667 -0.000000000007104539179249  -20.87930046678 27.293857104863 0.000000000004547917598047  -22.19423604981 27.153110988352 -0.000000000002253308650786  -23.53172471231 27.057495395816 0.000000000000832667268468  -24.88384935439 27.010191071543 -0.0000000000001771915947302  -26.33261545698 27.013786733664 0.00000000000001813877673178  -26.41774366229 27.013998011566 0.00000000000002961621531581  -26.5028718676 27.014209289469 0.00000000000004109365389983  -26.58800007291 27.014420567371 0.00000000000005257109248386  -26.67312827822 27.014631845274 0.00000000000006404853106789  -26.75825648353 27.014843123176 0.00000000000007552596965192  -26.84338468884 27.015054401078 0.00000000000008700340823594  -26.92851289415 27.015265678981 0.00000000000009848084681997  -27.01364109946 27.015476956883 0.000000000000109958285404  -27.09876930477 27.015688234786 0.000000000000121435723988  -27.18389751008 27.015899512688 0.0000000000001329131625721  -27.26902571539 27.016110790591 0.0000000000001443906011561  -27.3541539207 27.016322068493 0.0000000000001558680397401 -1.908874923305 -0.909844309418 12.177453796259 25.264751901936 26.08175632981 14 12 12 12 14
7 13  50  5  0  -16.67661815775 35.506809673502 0.0000000000003680415560376  -16.70014839692 35.424997792811 0.0000000000003403113991552  -16.72367863609 35.34318591212 0.0000000000003125812422729  -16.74720887526 35.261374031429 0.0000000000002848510853906  -16.77073911443 35.179562150738 0.0000000000002571209285083  -16.7942693536 35.097750270047 0.000000000000229390771626  -16.81779959277 35.015938389356 0.0000000000002016606147437  -16.84132983195 34.934126508665 0.0000000000001739304578614  -16.86486007112 34.852314627974 0.000000000000146200300979  -16.88839031029 34.770502747284 0.0000000000001184701440967  -16.91192054946 34.688690866593 0.00000000000009073998721441  -16.93545078863 34.606878985902 0.00000000000006300983033209  -16.9589810278 34.525067105212 0.00000000000003527967344977  -17.29075733097 33.371519827926 -0.0000000000003557154570899  -17.63581595395 32.305473462925 0.000000000001669775429035  -18.01732510333 31.246114665978 -0.000000000004607425552201  -18.43497986947 30.194278234239 0.000000000009373390952277  -18.88850770288 29.15071070915 -0.00000000001482369782487  -19.3776621874 28.116114119008 0.00000000001881206301834  -19.90223013469 27.091167230323 -0.00000000001923261550031  -20.46204676784 26.076533536596 0.00000000001578515096404  -21.05701378607 25.072865242755 -0.00000000001016431383508  -21.68711507411 24.080812468312 0.00000000000495159468982  -22.35242484835 23.101046927976 -0.000000000001635136470669  -23.0531030073 22.134309317538 0.0000000000002389199948993  -24.52564193679 20.22866999387 -0.00000000000003019806626981  -25.29741357408 19.28980488634 -0.0000000000003868017017791  -26.10588452661 18.365291641409 0.000000000001497912904828  -26.94655416374 17.458484841012 -0.000000000003301359186009  -27.83529310309 16.562747725135 0.000000000005287326132516  -28.73750184193 15.697361995476 -0.000000000006467715252193  -29.71212775658 14.833244076154 0.000000000006231015703468  -30.68762280807 14.011392202972 -0.000000000004753086812988  -31.72893317021 13.197523386852 0.000000000002900790718755  -32.79732773075 12.418165882704 -0.000000000001380229264211  -33.90781909368 11.66661601943 0.0000000000004938272013537  -35.05514122061 10.949586951823 -0.0000000000001008082506359  -36.31160730066 10.228317835275 0.00000000000001053949734713  -36.38543612799 10.185936704652 0.00000000000001708219180562  -36.45926495532 10.143555574028 0.0000000000000236248862641  -36.53309378265 10.101174443405 0.00000000000003016758072259  -36.60692260998 10.058793312781 0.00000000000003671027518107  -36.68075143731 10.016412182158 0.00000000000004325296963955  -36.75458026464 9.974031051534 0.00000000000004979566409804  -36.82840909196 9.93164992091 0.00000000000005633835855652  -36.90223791929 9.889268790287 0.00000000000006288105301501  -36.97606674662 9.846887659663 0.00000000000006942374747349  -37.04989557395 9.80450652904 0.00000000000007596644193197  -37.12372440128 9.762125398416 0.00000000000008250913639046  -37.19755322861 9.719744267793 0.00000000000008905183084894 -1.908874923304 -0.909844309418 12.177453796259 25.264751901936 26.081756329804 14 12 12 12 14
7 13  50  5  0  -32.19577981057 22.411490105717 -0.0000000000001938670197515  -32.1752516551 22.328873819121 -0.0000000000001785442435769  -32.15472349964 22.246257532526 -0.0000000000001632214674023  -32.13419534417 22.163641245931 -0.0000000000001478986912277  -32.11366718871 22.081024959335 -0.0000000000001325759150531  -32.09313903324 21.99840867274 -0.0000000000001172531388785  -32.07261087778 21.915792386145 -0.0000000000001019303627039  -32.05208272231 21.833176099549 -0.00000000000008660758652934  -32.03155456684 21.750559812954 -0.00000000000007128481035475  -32.01102641138 21.667943526358 -0.00000000000005596203418016  -31.99049825591 21.585327239763 -0.00000000000004063925800557  -31.96997010045 21.502710953168 -0.00000000000002531648183098  -31.94944194498 21.420094666572 -0.00000000000000999370565639  -31.65999501325 20.255205268394 0.0000000000002060573933704  -31.42580136406 19.159452723204 -0.0000000000008593126210598  -31.22651858068 18.051266518622 0.000000000002238209617645  -31.06230000239 16.931522065067 -0.000000000004155342736562  -30.93328286477 15.801002161029 0.000000000005918820988897  -30.83960477983 14.660437989083 -0.000000000006488143355885  -30.78142050369 13.510523972267 0.000000000005476952225104  -30.75891908272 12.351917101419 -0.000000000003490097100199  -30.77234148792 11.185231352849 0.000000000001679989480867  -30.82199882315 10.011037804274 -0.0000000000005946354519885  -30.90829121883 8.829881069466 0.0000000000001532107773983  -31.03172749915 7.642322660559 -0.0000000000000150990331349  -31.35416395831 5.25572113107 0.0000000000000213162820728  -31.55310524839 4.056754278576 -0.0000000000000666133814775  -31.79100500894 2.85186684606 0.0000000000002442490654176  -32.06564287089 1.646214302055 -0.0000000000006212808045799  -32.38744481143 0.426113734823 0.000000000001254552017827  -32.73608763439 -0.774436660363 -0.000000000001873612376356  -33.14807947553 -2.010097687952 0.000000000002124078690714  -33.58195703523 -3.209589813767 -0.000000000001818545314336  -34.07682385366 -4.435076065091 0.00000000000121547216736  -34.6124019325 -5.644216742539 -0.0000000000006257216966787  -35.19834073174 -6.850323697817 0.0000000000002402522625289  -35.83343630621 -8.044950149081 -0.00000000000005018208071306  -36.56093329226 -9.297820567005 0.000000000000005019980787049  -36.60368036694 -9.37143811643 0.000000000000008263604734698  -36.64642744163 -9.445055665856 0.00000000000001150722868235  -36.68917451631 -9.518673215281 0.00000000000001475085262999  -36.731921591 -9.592290764707 0.00000000000001799447657764  -36.77466866569 -9.665908314132 0.00000000000002123810052529  -36.81741574037 -9.739525863558 0.00000000000002448172447294  -36.86016281506 -9.813143412983 0.00000000000002772534842059  -36.90290988974 -9.886760962409 0.00000000000003096897236824  -36.94565696443 -9.960378511834 0.00000000000003421259631589  -36.98840403912 -10.03399606126 0.00000000000003745622026354  -37.0311511138 -10.10761361068 0.00000000000004069984421118  -37.07389818849 -10.18123116011 0.00000000000004394346815883 -1.908874923305 -0.909844309418 12.177453796259 25.264751901936 26.081756329806 14 12 12 12 14
7 13  50  5  0  -39.08810826346 3.311029862926 0.0000000000003640379733592  -39.02902221604 3.249746137701 0.0000000000003362400165823  -38.96993616862 3.188462412476 0.0000000000003084420598053  -38.91085012119 3.127178687252 0.0000000000002806441030284  -38.85176407377 3.065894962027 0.0000000000002528461462515  -38.79267802634 3.004611236802 0.0000000000002250481894745  -38.73359197892 2.943327511577 0.0000000000001972502326976  -38.6745059315 2.882043786352 0.0000000000001694522759207  -38.61541988407 2.820760061127 0.0000000000001416543191438  -38.55633383665 2.759476335902 0.0000000000001138563623668  -38.49724778922 2.698192610677 0.00000000000008605840558989  -38.4381617418 2.636908885452 0.00000000000005826044881296  -38.37907569438 2.575625160227 0.00000000000003046249203603  -37.54596259935 1.711524814673 -0.0000000000003614886168179  -36.79526867718 0.879672098866 0.000000000001679101302444  -36.06859162187 0.01959608527649 -0.000000000004658939900532  -35.36650193469 -0.868021768129 0.000000000009532374889451  -34.68950986366 -1.782572155653 -0.00000000001520295000996  -34.03810017679 -2.723490660799 0.00000000001940136939999  -33.41275410665 -3.690253273396 -0.00000000001993960552221  -32.8139638695 -4.68238554612 0.00000000001649125280782  -32.24224513876 -5.699476245175 -0.00000000001078781508567  -31.69815287846 -6.741186354834 0.000000000005381028955756  -31.18230591779 -7.807244290865 -0.000000000001849631559025  -30.69542566786 -8.897418181617 0.0000000000002864375403533  -29.78136306785 -11.12549396444 -0.00000000000007327471962527  -29.35416785266 -12.26330036203 -0.0000000000002895461648221  -28.95775137265 -13.42571336758 0.000000000001316280417998  -28.59276846582 -14.60715802978 -0.000000000003084643651609  -28.26140683789 -15.82469708645 0.000000000005173195205567  -27.96306518157 -17.03872563871 -0.000000000006724398815514  -27.70203006863 -18.31483539958 0.000000000006985523270976  -27.47803299432 -19.57056483209 -0.000000000005813127756916  -27.29385710507 -20.87930046691 0.000000000003840483486792  -27.15311098825 -22.19423604975 -0.000000000001953992523338  -27.05749539585 -23.53172471233 0.0000000000007180922523278  -27.01019107153 -24.88384935439 -0.0000000000001558753126574  -27.01378673366 -26.33261545698 0.000000000000009259059351483  -27.01399801156 -26.41774366229 0.00000000000001896220791282  -27.01420928947 -26.5028718676 0.00000000000002866535647415  -27.01442056737 -26.58800007291 0.00000000000003836850503548  -27.01463184527 -26.67312827822 0.00000000000004807165359682  -27.01484312317 -26.75825648353 0.00000000000005777480215815  -27.01505440108 -26.84338468884 0.00000000000006747795071948  -27.01526567898 -26.92851289415 0.00000000000007718109928081  -27.01547695688 -27.01364109946 0.00000000000008688424784215  -27.01568823479 -27.09876930477 0.00000000000009658739640348  -27.01589951269 -27.18389751008 0.0000000000001062905449648  -27.01611079059 -27.26902571539 0.0000000000001159936935261  -27.01632206849 -27.3541539207 0.0000000000001256968420875 -1.908874923305 -0.909844309418 12.177453796258 25.264751901934 26.081756329804 14 12 12 12 14
7 13  50  5  0  -35.5068096735 -16.67661815774 -0.00000000000001409898817709  -35.42499779281 -16.70014839692 -0.00000000000001298028991656  -35.34318591211 -16.72367863609 -0.00000000000001186159165602  -35.26137403142 -16.74720887526 -0.00000000000001074289339549  -35.17956215073 -16.77073911443 -0.000000000000009624195134957  -35.09775027004 -16.7942693536 -0.000000000000008505496874423  -35.01593838935 -16.81779959277 -0.000000000000007386798613889  -34.93412650866 -16.84132983194 -0.000000000000006268100353355  -34.85231462797 -16.86486007112 -0.000000000000005149402092821  -34.77050274728 -16.88839031029 -0.000000000000004030703832287  -34.68869086659 -16.91192054946 -0.000000000000002912005571753  -34.6068789859 -16.93545078863 -0.000000000000001793307311218  -34.52506710521 -16.9589810278 -0.0000000000000006746090506842  -33.37151982792 -17.29075733097 0.0000000000000150990331349  -32.30547346291 -17.63581595395 -0.00000000000007149836278581  -31.24611466599 -18.01732510333 0.000000000000211386463889  -30.19427823421 -18.43497986946 -0.0000000000004916067553024  -29.15071070916 -18.88850770288 0.0000000000009650058530089  -28.11611411899 -19.3776621874 -0.000000000001568523089181  -27.09116723033 -19.90223013469 0.000000000002066347093445  -26.07653353659 -20.46204676784 -0.000000000002144506794355  -25.07286524276 -21.05701378607 0.000000000001741273791828  -24.08081246831 -21.68711507411 -0.000000000001078692690724  -23.10104692797 -22.35242484835 0.0000000000004818367926876  -22.13430931753 -23.0531030073 -0.0000000000001447730824111  -20.22866999387 -24.52564193678 0.0000000000001953992523341  -19.28980488634 -25.29741357408 -0.000000000001020072915025  -18.36529164139 -26.1058845266 0.000000000002873701276945  -17.45848484106 -26.94655416374 -0.000000000005711431327863  -16.56274772501 -27.83529310313 0.000000000008706368959149  -15.69736199568 -28.73750184184 -0.00000000001056621456991  -14.8332440759 -29.71212775669 0.00000000001036237762268  -14.01139220317 -30.687622808 -0.00000000000822630852324  -13.19752338674 -31.72893317019 0.000000000005229594535202  -12.41816588274 -32.79732773078 -0.000000000002595257342362  -11.66661601942 -33.90781909366 0.0000000000009476863738202  -10.94958695182 -35.05514122061 -0.0000000000002104982854689  -10.22831783527 -36.31160730066 0.00000000000001172539800585  -10.18593670465 -36.38543612799 0.00000000000002478306364126  -10.14355557402 -36.45926495532 0.00000000000003784072927666  -10.1011744434 -36.53309378265 0.00000000000005089839491206  -10.05879331278 -36.60692260998 0.00000000000006395606054747  -10.01641218215 -36.68075143731 0.00000000000007701372618287  -9.974031051533 -36.75458026463 0.00000000000009007139181827  -9.931649920909 -36.82840909196 0.0000000000001031290574537  -9.889268790285 -36.90223791929 0.0000000000001161867230891  -9.846887659661 -36.97606674662 0.0000000000001292443887245  -9.804506529038 -37.04989557395 0.0000000000001423020543599  -9.762125398414 -37.12372440128 0.0000000000001553597199953  -9.71974426779 -37.1975532286 0.0000000000001684173856307 -1.908874923304 -0.909844309418 12.177453796258 25.264751901935 26.081756329805 14 12 12 12 14
7 13  50  5  0  -22.41149010571 -32.19577981057 -0.00000000000002821153593457  -22.32887381912 -32.17525165511 -0.00000000000002610973920265  -22.24625753252 -32.15472349964 -0.00000000000002400794247074  -22.16364124593 -32.13419534417 -0.00000000000002190614573883  -22.08102495933 -32.11366718871 -0.00000000000001980434900692  -21.99840867273 -32.09313903324 -0.000000000000017702552275  -21.91579238614 -32.07261087778 -0.00000000000001560075554309  -21.83317609954 -32.05208272231 -0.00000000000001349895881118  -21.75055981295 -32.03155456684 -0.00000000000001139716207926  -21.66794352635 -32.01102641138 -0.000000000000009295365347352  -21.58532723976 -31.99049825591 -0.000000000000007193568615439  -21.50271095316 -31.96997010045 -0.000000000000005091771883526  -21.42009466657 -31.94944194498 -0.000000000000002989975151613  -20.25520526839 -31.65999501325 0.00000000000002664535259101  -19.15945272319 -31.42580136405 -0.0000000000001074695887837  -18.05126651864 -31.2265185807 0.0000000000002717825964286  -16.93152206503 -31.06230000236 -0.0000000000005457856389043  -15.80100216106 -30.93328286478 0.0000000000008157918784976  -14.66043798904 -30.83960477984 -0.000000000000909494701769  -13.51052397229 -30.78142050367 0.0000000000007398526236132  -12.3519171014 -30.75891908276 -0.0000000000004272138198744  -11.18523135285 -30.77234148789 0.0000000000001603162047562  -10.01103780426 -30.82199882317 -0.00000000000002398081733188  -8.829881069468 -30.90829121882 -0.00000000000001776356839401  -7.642322660558 -31.03172749916 0.0000000000000150990331349  -5.25572113107 -31.3541639583 -0.00000000000002353672812205  -4.056754278572 -31.55310524844 0.0000000000001376676550537  -2.851866846065 -31.79100500879 -0.0000000000003792521852103  -1.646214302054 -32.06564287118 0.0000000000007771561172444  -0.426113734802 -32.38744481103 -0.000000000001348698930297  0.774436660315 -32.73608763484 0.000000000001991740106208  2.01009768802 -33.14807947513 -0.000000000002419842104438  3.209589813715 -33.58195703552 0.000000000002337241511466  4.435076065104 -34.07682385347 -0.000000000001730171561564  5.644216742543 -34.6124019326 0.0000000000009467981954033  6.850323697814 -35.19834073171 -0.000000000000365929508916  8.044950149083 -35.83343630622 0.00000000000008437694987153  9.297820567005 -36.56093329226 -0.000000000000006211048487657  9.371438116431 -36.60368036694 -0.00000000000001153391855561  9.445055665856 -36.64642744163 -0.00000000000001685678862357  9.518673215282 -36.68917451631 -0.00000000000002217965869153  9.592290764708 -36.731921591 -0.00000000000002750252875948  9.665908314134 -36.77466866569 -0.00000000000003282539882744  9.739525863559 -36.81741574037 -0.0000000000000381482688954  9.813143412985 -36.86016281506 -0.00000000000004347113896335  9.886760962411 -36.90290988974 -0.00000000000004879400903131  9.960378511837 -36.94565696443 -0.00000000000005411687909926  10.033996061262 -36.98840403911 -0.00000000000005943974916722  10.107613610688 -37.0311511138 -0.00000000000006476261923518  10.181231160114 -37.07389818849 -0.00000000000007008548930313 -1.908874923304 -0.909844309418 12.177453796259 25.264751901935 26.081756329809 14 12 12 12 14
7 13  50  5  0  -3.311029862927 -39.08810826346 0.0000000000003225817287164  -3.249746137702 -39.02902221604 0.000000000000297665267459  -3.188462412477 -38.96993616862 0.0000000000002727488062016  -3.127178687252 -38.91085012119 0.0000000000002478323449442  -3.065894962027 -38.85176407377 0.0000000000002229158836868  -3.004611236802 -38.79267802634 0.0000000000001979994224295  -2.943327511577 -38.73359197892 0.0000000000001730829611721  -2.882043786352 -38.6745059315 0.0000000000001481664999147  -2.820760061127 -38.61541988407 0.0000000000001232500386573  -2.759476335902 -38.55633383665 0.00000000000009833357739995  -2.698192610677 -38.49724778922 0.00000000000007341711614257  -2.636908885451 -38.4381617418 0.0000000000000485006548852  -2.575625160226 -38.37907569438 0.00000000000002358419362782  -1.711524814672 -37.54596259935 -0.0000000000003277378368693  -0.879672098868 -36.7952686772 0.000000000001482369782481  -0.01959608527232 -36.06859162182 -0.000000000003980371587876  0.86802176812 -35.36650193479 0.000000000007748912622712  1.782572155668 -34.68950986352 -0.00000000001170663566078  2.723490660779 -34.03810017694 0.00000000001413003047912  3.690253273419 -33.41275410654 -0.00000000001379119041181  4.6823855461 -32.81396386957 0.00000000001091660095658  5.699476245189 -32.24224513873 -0.000000000006949552044927  6.741186354827 -31.69815287847 0.000000000003456790409476  7.807244290867 -31.18230591779 -0.000000000001251443393357  8.897418181617 -30.69542566786 0.0000000000002580158309229  11.125493964445 -29.78136306785 -0.0000000000002247091401841  12.26330036203 -29.35416785266 0.0000000000009419132140915  13.425713367592 -28.95775137265 -0.000000000002534861209829  14.607158029775 -28.59276846581 0.000000000005101696842739  15.82469708646 -28.26140683793 -0.000000000008113509864007  17.038725638727 -27.96306518151 0.00000000001037880892333  18.314835399564 -27.7020300687 -0.00000000001068256594302  19.570564832106 -27.47803299425 0.000000000008825828956511  20.879300466925 -27.29385710512 -0.000000000005794031920934  22.194236049736 -27.15311098822 0.00000000000294786417498  23.531724712339 -27.05749539586 -0.000000000001085354028874  24.88384935439 -27.01019107153 0.0000000000002438049762077  26.332615456985 -27.01378673366 -0.00000000000001427645661756  26.417743662295 -27.01399801156 -0.00000000000002944109165483  26.502871867605 -27.01420928947 -0.00000000000004460572669209  26.588000072915 -27.01442056737 -0.00000000000005977036172936  26.673128278225 -27.01463184527 -0.00000000000007493499676662  26.758256483535 -27.01484312318 -0.00000000000009009963180389  26.843384688845 -27.01505440108 -0.0000000000001052642668412  26.928512894154 -27.01526567898 -0.0000000000001204289018784  27.013641099464 -27.01547695688 -0.0000000000001355935369157  27.098769304774 -27.01568823479 -0.0000000000001507581719529  27.183897510084 -27.01589951269 -0.0000000000001659228069902  27.269025715394 -27.01611079059 -0.0000000000001810874420275  27.354153920704 -27.0163220685 -0.0000000000001962520770647 -1.908874923306 -0.909844309418 12.177453796259 25.264751901936 26.081756329805 14 12 12 12 14
7 13  50  5  0  16.67661815775 -35.5068096735 -0.00000000000008990605010528  16.700148396921 -35.42499779281 -0.00000000000008302436080563  16.723678636093 -35.34318591212 -0.00000000000007614267150598  16.747208875264 -35.26137403142 -0.00000000000006926098220633  16.770739114436 -35.17956215073 -0.00000000000006237929290668  16.794269353607 -35.09775027004 -0.00000000000005549760360704  16.817799592779 -35.01593838935 -0.00000000000004861591430739  16.84132983195 -34.93412650866 -0.00000000000004173422500774  16.864860071121 -34.85231462797 -0.00000000000003485253570809  16.888390310293 -34.77050274728 -0.00000000000002797084640844  16.911920549464 -34.68869086659 -0.00000000000002108915710879  16.935450788636 -34.6068789859 -0.00000000000001420746780915  16.958981027807 -34.52506710521 -0.000000000000007325778509498  17.290757330968 -33.37151982792 0.00000000000008970602038971  17.635815953963 -32.30547346294 -0.0000000000003597122599786  18.017325103305 -31.24611466593 0.0000000000008451017663447  18.434979869525 -30.19427823432 -0.000000000001356692536092  18.8885077028 -29.15071070902 0.000000000001547206807118  19.37766218751 -28.11611411916 -0.000000000001215916256568  19.902230134594 -27.09116723017 0.0000000000005710987238678  20.462046767926 -26.07653353671 -0.00000000000001820765760384  21.057013786016 -25.07286524268 -0.0000000000001971756091735  21.687115074145 -24.08081246835 0.0000000000001412203687323  22.352424848339 -23.10104692796 -0.000000000000008437694987151  23.053103007311 -22.13430931754 -0.00000000000006439293542826  24.525641936778 -20.22866999386 0.0000000000001856292897173  25.297413574143 -19.28980488637 -0.000000000001209699007633  26.105884526442 -18.36529164131 0.000000000003699263118038  26.946554164072 -17.4584848412 -0.000000000007867928530967  27.835293102619 -16.56274772483 0.00000000001286037942792  28.737501842482 -15.69736199584 -0.00000000001665023674509  29.712127756072 -14.8332440758 0.00000000001724753673198  30.687622808476 -14.01139220324 -0.00000000001428857032703  31.728933169951 -13.19752338669 0.000000000009421352586927  32.797327730882 -12.41816588277 -0.000000000004818367926883  33.907819093639 -11.6666160194 0.000000000001804778548829  35.055141220622 -10.94958695182 -0.0000000000004014566457045  36.311607300668 -10.22831783527 0.00000000000002930815899301  36.385436127996 -10.18593670465 0.00000000000005461951509737  36.459264955324 -10.14355557402 0.00000000000007993087120173  36.533093782653 -10.1011744434 0.0000000000001052422273061  36.606922609981 -10.05879331277 0.0000000000001305535834105  36.680751437309 -10.01641218215 0.0000000000001558649395148  36.754580264637 -9.974031051531 0.0000000000001811762956192  36.828409091966 -9.931649920907 0.0000000000002064876517235  36.902237919294 -9.889268790283 0.0000000000002317990078279  36.976066746622 -9.846887659659 0.0000000000002571103639323  37.04989557395 -9.804506529034 0.0000000000002824217200366  37.123724401278 -9.76212539841 0.000000000000307733076141  37.197553228607 -9.719744267786 0.0000000000003330444322453 -1.908874923304 -0.909844309418 12.177453796259 25.264751901937 26.081756329809 14 12 12 12 14
7 13  50  5  0  32.195779810576 -22.41149010571 -0.00000000000001056322397378  32.17525165511 -22.32887381912 -0.000000000000009614025449692  32.154723499645 -22.24625753252 -0.000000000000008664826925601  32.134195344179 -22.16364124593 -0.000000000000007715628401509  32.113667188713 -22.08102495933 -0.000000000000006766429877418  32.093139033248 -21.99840867274 -0.000000000000005817231353327  32.072610877782 -21.91579238614 -0.000000000000004868032829236  32.052082722316 -21.83317609955 -0.000000000000003918834305145  32.03155456685 -21.75055981295 -0.000000000000002969635781054  32.011026411384 -21.66794352635 -0.000000000000002020437256963  31.990498255918 -21.58532723976 -0.000000000000001071238732872  31.969970100452 -21.50271095316 -0.0000000000000001220402087814  31.949441944986 -21.42009466657 0.0000000000000008271583153094  31.659995013246 -20.25520526839 0.0000000000000142108547152  31.425801364095 -19.15945272321 -0.00000000000001509903313491  31.2265185806 -18.05126651858 -0.00000000000008926193117967  31.062300002574 -16.93152206514 0.0000000000005528910662657  30.933282864484 -15.80100216091 -0.00000000000157029944602  30.839604780195 -14.66043798923 0.000000000002972289081549  30.781420503341 -13.51052397212 -0.000000000004049649504595  30.758919083013 -12.35191710153 0.000000000004138467346614  30.772341487744 -11.18523135277 -0.000000000003174349671998  30.821998823238 -10.01103780431 0.000000000001791011783328  30.908291218808 -8.829881069454 -0.0000000000006732392421324  31.031727499163 -7.642322660561 0.000000000000115463194561  31.354163958308 -5.255721131068 -0.00000000000002353672812205  31.553105248402 -4.056754278582 -0.0000000000001505462421392  31.791005008926 -2.851866846039 0.0000000000007052136652415  32.065642870912 -1.646214302111 -0.00000000000169242397874  32.387444811445 -0.426113734708 0.000000000002885691685603  32.736087634336 0.774436660187 -0.000000000003717470775657  33.148079475624 2.010097688153 0.000000000003793854119748  33.581957035152 3.209589813606 -0.00000000000308020275952  34.076823853701 4.435076065168 0.000000000002012612299041  34.612401932493 5.644216742512 -0.00000000000100675023873  35.198340731748 6.850323697824 0.0000000000003725908470642  35.833436306219 8.04495014908 -0.00000000000007194245199571  36.560933292261 9.297820567004 0.00000000000000968110902581  36.603680366948 9.37143811643 0.00000000000001447723674327  36.646427441634 9.445055665856 0.00000000000001927336446073  36.68917451632 9.518673215281 0.00000000000002406949217819  36.731921591006 9.592290764707 0.00000000000002886561989565  36.774668665692 9.665908314132 0.00000000000003366174761311  36.817415740378 9.739525863558 0.00000000000003845787533057  36.860162815064 9.813143412983 0.00000000000004325400304803  36.90290988975 9.886760962409 0.00000000000004805013076549  36.945656964436 9.960378511834 0.00000000000005284625848295  36.988404039122 10.03399606126 0.00000000000005764238620041  37.031151113808 10.107613610685 0.00000000000006243851391787  37.073898188494 10.181231160111 0.00000000000006723464163533 -1.908874923306 -0.909844309418 12.177453796257 25.264751901933 26.081756329802 14 12 12 12 14
7 7  14  3  0  -22.84277960347 31.580987707054 3.007113258859  -22.92422538269 31.686587677302 3.278394425015  -23.02331054757 31.772198343039 3.556838395112  -23.13789560772 31.837633309142 3.84039812306  -23.2655980642 31.883132006769 4.127009424443  -23.40399274185 31.909242271244 4.414656469516  -23.55075036231 31.916726993196 4.701432299875  -23.89033462353 31.894011339269 5.332279879216  -24.08614865309 31.855159677483 5.674992187764  -24.28722505437 31.791613256936 6.010553180266  -24.48985837932 31.705378693778 6.335839689206  -24.69070409797 31.598847557255 6.647944093527  -24.88702079975 31.474773191958 6.944495885603  -25.07672194651 31.336082214368 7.223790440223 0 0.450444890696 1 8 6 8
7 13  50  5  0  -20.56860525183 37.016879798136 2.220267356542  -20.60056497068 36.926389613752 2.231678860439  -20.63188998647 36.837696516403 2.242863737925  -20.66258029921 36.750800506089 2.253821989001  -20.6926359089 36.665701582809 2.264553613665  -20.72205681553 36.582399746563 2.275058611919  -20.75084301911 36.500894997353 2.285336983762  -20.77899451963 36.421187335176 2.295388729194  -20.8065113171 36.343276760035 2.305213848215  -20.83339341152 36.267163271928 2.314812340826  -20.85964080289 36.192846870855 2.324184207026  -20.8852534912 36.120327556818 2.333329446815  -20.91023147645 36.049605329815 2.342248060193  -21.25347168396 35.077761058834 2.464805050889  -21.60148193576 34.183761830329 2.586072303477  -21.97759768106 33.29885786736 2.715011834649  -22.3807512821 32.423160373215 2.851822791073  -22.8098929007 31.556616927137 2.996641653228  -23.26405248015 30.698964368492 3.149543907544  -23.74238925321 29.849723817614 3.310539988542  -24.24423190637 29.008227599004 3.479566302671  -24.76911255619 28.173667864087 3.656472149702  -25.31679766308 27.345156673249 3.841003352636  -25.8873190387 26.521787334909 4.032783412039  -26.48100807651 25.702686766388 4.23129299642  -27.71606463285 24.071410565147 4.640404170497  -28.3574062151 23.259268705943 4.850992544533  -29.02343850566 22.449647185431 5.067033774065  -29.71401617863 21.642981073518 5.287110347107  -30.4341162559 20.835364815813 5.511928510068  -31.17689220069 20.034867113868 5.736176568182  -31.95888665054 19.228055676539 5.964953080706  -32.7637523051 18.433862334084 6.188254912005  -33.61151729933 17.637682886506 6.4112603001  -34.4930600573 16.853734778922 6.627438610999  -35.41579017886 16.081524205592 6.836372423085  -36.37964513083 15.328064105642 7.035652096406  -37.44788837787 14.553998897543 7.235535405357  -37.51155516264 14.507864982691 7.247448354626  -37.5761197108 14.461080534908 7.259529288032  -37.64158202236 14.413645554194 7.271778205572  -37.70794209732 14.365560040548 7.284195107249  -37.77519993568 14.316823993971 7.296779993061  -37.84335553743 14.267437414463 7.309532863008  -37.91240890258 14.217400302024 7.322453717091  -37.98236003113 14.166712656654 7.33554255531  -38.05320892307 14.115374478352 7.348799377664  -38.12495557841 14.06338576712 7.362224184154  -38.19759999715 14.010746522956 7.37581697478  -38.27114217928 13.957456745861 7.389577749541 -1.908874923304 -0.909844309418 12.177453796259 25.264751901936 26.081756329804 14 12 12 12 14
7 10  11  2  0  -34.64101615137 20 0  -40.92420145855 9.117203814594 15  -44.56300243301 -3.292500050352 29.999999999998  -45.19513012346 -17.26273869877 45.000000000006  -41.59603551922 -32.6301897457 59.99999999999  -31.99174482965 -47.93445762078 75.000000000006  -15.47139063676 -59.64575727279 90.000000000005  5.498016872309 -63.66789584304 104.99999999998  26.258159125408 -58.69257658896 120  42.536746266296 -46.3241942781 134.99999999999  51.961524227066 -30 150 0 1 11 11
7 10  11  2  0  34.641016151378 -20 0  40.924201458557 -9.117203814594 15.000000000003  44.563002433021 3.292500050351 29.999999999994  45.195130123456 17.262738698777 45.000000000004  41.596035519235 32.630189745703 60.000000000003  31.99174482964 47.934457620772 74.999999999993  15.471390636768 59.6457572728 90.000000000001  -5.49801687231 63.667895843038 105  -26.2581591254 58.692576588962 119.99999999999  -42.53674626629 46.324194278107 135  -51.96152422706 30 150 0 1 11 11
7 7  14  3  0  35.572921283182 -15.92854782917 3.007113258859  35.696255437146 -15.97927721906 3.278394545988  35.824871049767 -16.00387562637 3.556838533135  35.956822083844 -16.00325142423 3.840398215226  36.090164976489 -15.97880322791 4.127009458557  36.22307340087 -15.9322180513 4.414656471199  36.353911589537 -15.86532119994 4.701432302089  36.63664235853 -15.67585673662 5.332279879216  36.786796451652 -15.54430319576 5.674992187763  36.929160512983 -15.38873218061 6.010553180266  37.061528838463 -15.21273419575 6.335839689206  37.182200764801 -15.0200526659 6.647944093527  37.290178833073 -14.81444276271 6.944495885603  37.385119356503 -14.59948227946 7.223790440223 0 0.450444888767 1 8 6 8
7 13  50  5  0  36.321374567569 -21.7732556481 2.220267356544  36.303807403798 -21.67890899021 2.231678860441  36.286589114576 -21.58643600687 2.242863737927  36.269719699902 -21.49583669808 2.253821989002  36.253199159777 -21.40711106384 2.264553613667  36.237027494201 -21.32025910415 2.27505861192  36.221204703173 -21.23528081902 2.285336983763  36.205730786695 -21.15217620843 2.295388729195  36.190605744765 -21.0709452724 2.305213848217  36.175829577383 -20.99158801092 2.314812340827  36.161402284551 -20.91410442399 2.324184207027  36.147323866267 -20.83849451162 2.333329446816  36.133594322532 -20.76475827379 2.342248060194  35.94492692633 -19.75149634284 2.464805050889  35.799313030975 -18.80326517411 2.586072303482  35.682586839511 -17.84885798955 2.715011834636  35.593879352942 -16.88890491323 2.851822791099  35.532255172786 -15.92388546588 2.996641653188  35.496742627508 -14.9540567731 3.149543907592  35.486374148169 -13.97942449521 3.310539988495  35.500234526022 -12.99974606645 3.479566302708  35.537514634683 -12.0145558099 3.656472149679  35.597568255436 -11.02320151799 3.841003352647  35.679969590806 -10.02488206643 4.032783412035  35.784569095283 -9.018675646953 4.231292996421  36.03852134755 -6.988420737913 4.640404170495  36.187868520721 -5.964414465252 4.850992544538  36.359858643694 -4.93024551573 5.067033774053  36.554583396105 -3.886363334033 5.287110347122  36.774400226975 -2.826897099544 5.511928510054  37.017414214101 -1.762257781882 5.73617656819  37.291235554002 -0.672541355807 5.964953080702  37.591172986805 0.417683081235 6.188254912012  37.92726928406 1.531077206116 6.411260300086  38.298733653429 2.650767561442 6.62743861101  38.711736092766 3.78088659582 6.83637242308  39.169728916794 4.915329659094 7.035652096407  39.707822102094 6.119811417013 7.235535405357  39.739892197653 6.191597951635 7.247448354626  39.772414512656 6.264396746 7.259529288031  39.805389047101 6.338207800108 7.271778205572  39.838815800989 6.413031113958 7.284195107248  39.87269477432 6.488866687552 7.29677999306  39.907025967093 6.565714520888 7.309532863008  39.94180937931 6.643574613967 7.322453717091  39.977045010969 6.722446966789 7.33554255531  40.012732862071 6.802331579354 7.348799377664  40.048872932615 6.883228451662 7.362224184154  40.085465222603 6.965137583713 7.375816974779  40.122509732033 7.048058975507 7.38957774954 -1.908874923306 -0.909844309418 12.177453796257 25.264751901933 26.081756329802 14 12 12 12 14
7 7  14  3  0  -35.57292128318 15.928547829178 3.007113258859  -35.69625543714 15.97927721906 3.278394545988  -35.82487104976 16.003875626379 3.556838533135  -35.95682208384 16.003251424236 3.840398215226  -36.09016497648 15.978803227918 4.127009458557  -36.22307340086 15.932218051301 4.414656471199  -36.35391158953 15.86532119994 4.701432302089  -36.63664235853 15.675856736627 5.332279879216  -36.78679645165 15.544303195761 5.674992187764  -36.92916051298 15.388732180611 6.010553180266  -37.06152883846 15.212734195756 6.335839689206  -37.1822007648 15.020052665904 6.647944093526  -37.29017883307 14.814442762712 6.944495885603  -37.3851193565 14.599482279464 7.223790440223 0 0.450444888767 1 8 6 8
7 13  50  5  0  -36.32137456756 21.773255648105 2.220267356544  -36.30380740379 21.678908990212 2.231678860441  -36.28658911457 21.58643600687 2.242863737927  -36.2697196999 21.49583669808 2.253821989002  -36.25319915977 21.407111063842 2.264553613666  -36.23702749419 21.320259104155 2.27505861192  -36.22120470317 21.23528081902 2.285336983763  -36.20573078669 21.152176208437 2.295388729195  -36.19060574476 21.070945272405 2.305213848217  -36.17582957738 20.991588010925 2.314812340827  -36.16140228454 20.914104423997 2.324184207027  -36.14732386626 20.83849451162 2.333329446816  -36.13359432253 20.764758273795 2.342248060194  -35.94492692633 19.751496342849 2.464805050889  -35.79931303094 18.803265174107 2.586072303479  -35.6825868396 17.848857989586 2.715011834646  -35.59387935274 16.888904913175 2.851822791079  -35.5322551731 15.923885465983 2.996641653221  -35.49674262711 14.954056772979 3.149543907552  -35.48637414856 13.979424495337 3.310539988535  -35.5002345257 12.999746066352 3.479566302676  -35.53751463488 12.014555809963 3.656472149699  -35.59756825533 11.023201517967 3.841003352637  -35.67996959084 10.024882066444 4.032783412038  -35.78456909527 9.018675646951 4.231292996421  -36.03852134755 6.988420737915 4.640404170496  -36.1878685207 5.964414465246 4.850992544537  -36.35985864372 4.930245515747 5.067033774056  -36.55458339606 3.886363333994 5.287110347121  -36.77440022701 2.826897099614 5.51192851005  -37.01741421407 1.762257781785 5.736176568201  -37.291235554 0.67254135591 5.964953080687  -37.59117298682 -0.417683081313 6.188254912024  -37.92726928404 -1.531077206078 6.411260300081  -38.29873365343 -2.650767561457 6.627438611011  -38.71173609276 -3.780886595815 6.836372423079  -39.16972891679 -4.915329659095 7.035652096407  -39.70782210209 -6.119811417014 7.235535405357  -39.73989219765 -6.191597951636 7.247448354626  -39.77241451265 -6.264396746 7.259529288031  -39.8053890471 -6.338207800108 7.271778205572  -39.83881580098 -6.413031113958 7.284195107248  -39.87269477432 -6.488866687552 7.29677999306  -39.90702596709 -6.565714520888 7.309532863008  -39.9418093793 -6.643574613967 7.322453717091  -39.97704501096 -6.722446966789 7.335542555309  -40.01273286207 -6.802331579354 7.348799377664  -40.04887293261 -6.883228451662 7.362224184154  -40.0854652226 -6.965137583713 7.375816974779  -40.12250973203 -7.048058975507 7.38957774954 -1.908874923305 -0.909844309418 12.177453796259 25.264751901936 26.081756329806 14 12 12 12 14
7 10  11  2  0  -40 -0.0000000000000026645352591 0.0000000000000284217094304  -39.99999999999 -12.56637061435 15.000000000002  -36.94644215073 -25.13288990207 29.999999999992  -30.50876146486 -37.54753531375 45.000000000018  -19.70812858352 -49.05659100971 59.999999999974  -3.738434923473 -57.50833043102 75.000000000021  16.42426131309 -59.3904363446 89.999999999998  36.595370203371 -52.38900676941 104.99999999999  52.086521153701 -37.7001827769 120  59.999999999997 -18.84955592153 134.99999999999  60 -0.0000000000000310862446895 150 0 1 11 11
7 10  11  2  0  20 -34.64101615137 0  30.882796185406 -28.35783084419 15.000000000001  40.238942201079 -19.43011253094 29.999999999998  47.771500163648 -7.6475948097 44.999999999997  52.338318329225 7.460555490476 60.00000000001  51.672892544248 25.516585601388 74.999999999986  43.221495959712 43.91904570783 90.000000000009  27.072525639663 57.887023641721 104.99999999999  6.606055435263 63.958341902312 120  -13.67580572189 61.386302187833 134.99999999999  -30 51.961524227066 150 0 1 11 11
7 7  14  3  0  22.842779603471 -31.58098770705 3.007113258859  22.924225382698 -31.6865876773 3.278394425015  23.023310547571 -31.77219834303 3.556838395112  23.137895607726 -31.83763330914 3.84039812306  23.265598064208 -31.88313200676 4.127009424443  23.403992741851 -31.90924227124 4.414656469516  23.55075036231 -31.91672699319 4.701432299874  23.890334623538 -31.89401133926 5.332279879215  24.086148653097 -31.85515967748 5.674992187763  24.287225054371 -31.79161325693 6.010553180266  24.489858379319 -31.70537869377 6.335839689206  24.690704097978 -31.59884755725 6.647944093526  24.887020799749 -31.47477319195 6.944495885603  25.076721946513 -31.33608221436 7.223790440223 0 0.450444890696 1 8 6 8
7 13  50  5  0  20.568605251833 -37.01687979813 2.220267356543  20.600564970681 -36.92638961375 2.23167886044  20.631889986475 -36.8376965164 2.242863737926  20.662580299215 -36.75080050609 2.253821989002  20.692635908902 -36.66570158281 2.264553613666  20.722056815534 -36.58239974656 2.27505861192  20.750843019113 -36.50089499735 2.285336983763  20.778994519638 -36.42118733517 2.295388729195  20.80651131711 -36.34327676003 2.305213848216  20.833393411527 -36.26716327192 2.314812340827  20.85964080289 -36.19284687085 2.324184207027  20.8852534912 -36.12032755681 2.333329446816  20.910231476456 -36.04960532981 2.342248060194  21.253471683957 -35.07776105883 2.464805050889  21.60148193578 -34.18376183034 2.586072303479  21.97759768103 -33.29885786732 2.715011834644  22.38075128217 -32.42316037329 2.851822791083  22.809892900591 -31.55661692701 2.996641653213  23.264052480289 -30.69896436864 3.149543907564  23.742389253079 -29.84972381746 3.310539988523  24.244231906484 -29.00822759911 3.479566302687  24.769112556123 -28.17366786401 3.656472149691  25.316797663126 -27.34515667328 3.841003352642  25.887319038686 -26.52178733489 4.032783412036  26.481008076519 -25.70268676639 4.231292996422  27.716064632845 -24.07141056514 4.640404170494  28.357406215166 -23.25926870598 4.850992544545  29.023438505476 -22.44964718531 5.067033774032  29.714016178993 -21.64298107375 5.287110347168  30.434116255373 -20.83536481544 5.511928509979  31.176892201313 -20.0348671143 5.736176568286  31.958886649952 -19.22805567612 5.964953080606  32.763752305565 -18.4338623344 6.188254912085  33.611517299045 -17.63768288631 6.411260300048  34.493060057448 -16.85373477901 6.627438611026  35.415790178815 -16.08152420556 6.836372423074  36.379645130846 -15.32806410564 7.035652096408  37.447888377873 -14.55399889754 7.235535405356  37.51155516264 -14.50786498269 7.247448354626  37.576119710804 -14.4610805349 7.259529288031  37.641582022365 -14.41364555419 7.271778205572  37.707942097323 -14.36556004054 7.284195107248  37.775199935678 -14.31682399396 7.29677999306  37.84335553743 -14.26743741445 7.309532863007  37.912408902579 -14.21740030201 7.32245371709  37.982360031125 -14.16671265664 7.335542555309  38.053208923068 -14.11537447834 7.348799377663  38.124955578408 -14.06338576711 7.362224184153  38.197599997145 -14.01074652294 7.375816974778  38.271142179279 -13.95745674585 7.389577749539 -1.908874923304 -0.909844309418 12.177453796259 25.264751901937 26.081756329809 14 12 12 12 14
7 7  14  3  0  -38.77132743264 -3.991933576128 3.007113258859  -38.90350243088 -4.009667684954 3.278394120734  -39.0271860322 -4.052672562864 3.556838051613  -39.1411469745 -4.119188649123 3.840397901271  -39.24440128862 -4.207032918618 4.127009357392  -39.33621079996 -4.31383113745 4.414656491385  -39.41607156723 -4.437184604127 4.701432318006  -39.56619136016 -4.742631019261 5.332279879216  -39.63045184885 -4.931636774169 5.674992187763  -39.67595723498 -5.137547256047 6.010553180266  -39.70259257507 -5.356150144686 6.335839689206  -39.71075676388 -5.583353207547 6.647944093527  -39.70146356246 -5.815405641116 6.944495885603  -39.67620422597 -6.049037142135 7.223790440223 0 0.450444874901 1 8 6 8
7 13  50  5  0  -42.34186089993 0.695505230567 2.220267356543  -42.27947396089 0.622582209955 2.23167886044  -42.21832599334 0.551107401829 2.242863737926  -42.15841699729 0.481080806189 2.253821989002  -42.09974697274 0.412502423034 2.264553613666  -42.04231591969 0.345372252365 2.27505861192  -41.98612383813 0.279690294182 2.285336983763  -41.93117072807 0.215456548484 2.295388729195  -41.87745658951 0.152671015273 2.305213848217  -41.82498142245 0.09133369454679 2.314812340827  -41.77374522688 0.03144458630666 2.324184207027  -41.72374800282 -0.0269963094477 2.333329446816  -41.67498975025 -0.0839889927163 2.342248060194  -41.0049680268 -0.867165867504 2.464805050889  -40.40474710989 -1.615551200607 2.586072303481  -39.82645567058 -2.383728972257 2.71501183464  -39.2696561954 -3.170718979508 2.85182279109  -38.73377836647 -3.975638245985 2.996641653202  -38.2181092534 -4.797778258607 3.149543907576  -37.72181374828 -5.636650330951 3.310539988511  -37.24397797294 -6.492006926709 3.479566302696  -36.78366836602 -7.363846770789 3.656472149687  -36.33999918111 -8.252411582091 3.841003352643  -35.91220110512 -9.158182255932 4.032783412037  -35.49968372346 -10.08188232888 4.231292996421  -34.70448537076 -11.96711078241 4.640404170496  -34.32182068035 -12.92859981474 4.850992544534  -33.95368402138 -13.91021145835 5.067033774063  -33.60037951266 -14.91160232241 5.287110347107  -33.26101335546 -15.93903541142 5.511928510071  -32.93914998254 -16.98254709992 5.736176568177  -32.63142800637 -18.06317987774 5.964953080708  -32.34606922387 -19.1573106525 6.188254912009  -32.08044009318 -20.28958639768 6.411260300091  -31.84229249589 -21.44499887444 6.627438611006  -31.63490358303 -22.63021188719 6.836372423081  -31.46431547174 -23.84166481114 7.035652096407  -31.32807696086 -25.15382320455 7.235535405357  -31.319957211 -25.23202721496 7.247448354626  -31.3117229648 -25.31133397774 7.259529288031  -31.30337422225 -25.3917434929 7.271778205572  -31.29491098336 -25.47325576044 7.284195107249  -31.28633324812 -25.55587078035 7.29677999306  -31.27764101654 -25.63958855263 7.309532863008  -31.26883428861 -25.72440907728 7.322453717091  -31.25991306433 -25.81033235431 7.33554255531  -31.25087734371 -25.89735838372 7.348799377664  -31.24172712675 -25.98548716549 7.362224184154  -31.23246241343 -26.07471869965 7.375816974779  -31.22308320377 -26.16505298617 7.38957774954 -1.908874923305 -0.909844309418 12.177453796258 25.264751901934 26.081756329804 14 12 12 12 14
7 10  11  2  0  -34.64101615137 -20 0  -28.35783084419 -30.8827961854 15.000000000003  -19.43011253094 -40.23894220107 29.999999999988  -7.64759480969 -47.77150016364 45.000000000026  7.460555490463 -52.33831832922 59.999999999965  25.516585601403 -51.67289254425 75.00000000003  43.919045707816 -43.2214959597 89.99999999999  57.887023641731 -27.07252563967 104.99999999999  63.958341902308 -6.60605543526 120  61.386302187834 13.67580572189 134.99999999999  51.961524227066 30 150 0 1 11 11
7 10  11  2  0  -0.000000000000017763568394 -40 0.0000000000000284217094304  12.56637061436 -39.99999999999 15.000000000002  25.132889902074 -36.94644215072 29.999999999995  37.547535313769 -30.50876146486 45.000000000006  49.056591009689 -19.70812858353 59.999999999997  57.508330431055 -3.738434923462 74.999999999998  59.390436344574 16.424261313073 90.000000000006  52.389006769426 36.595370203387 104.99999999999  37.700182776898 52.086521153693 120  18.849555921539 60 134.99999999999  0.0000000000000319744231092 60 150 0 1 11 11
7 7  14  3  0  3.991933576128 -38.77132743264 3.007113258859  4.009667684954 -38.90350243088 3.278394120734  4.052672562864 -39.0271860322 3.556838051613  4.119188649123 -39.1411469745 3.840397901271  4.207032918618 -39.24440128862 4.127009357392  4.31383113745 -39.33621079996 4.414656491386  4.437184604127 -39.41607156723 4.701432318006  4.742631019261 -39.56619136016 5.332279879216  4.931636774168 -39.63045184885 5.674992187763  5.137547256048 -39.67595723498 6.010553180266  5.356150144684 -39.70259257507 6.335839689206  5.583353207546 -39.71075676388 6.647944093527  5.815405641116 -39.70146356246 6.944495885603  6.049037142135 -39.67620422597 7.223790440222 0 0.450444874901 1 8 6 8
7 13  50  5  0  -0.695505230567 -42.34186089993 2.220267356543  -0.622582209955 -42.27947396089 2.23167886044  -0.551107401829 -42.21832599334 2.242863737926  -0.481080806189 -42.15841699729 2.253821989002  -0.412502423034 -42.09974697274 2.264553613666  -0.345372252365 -42.04231591969 2.27505861192  -0.279690294182 -41.98612383813 2.285336983763  -0.215456548484 -41.93117072807 2.295388729195  -0.152671015273 -41.87745658951 2.305213848216  -0.09133369454681 -41.82498142245 2.314812340827  -0.03144458630668 -41.77374522688 2.324184207027  0.02699630944767 -41.72374800282 2.333329446816  0.08398899271627 -41.67498975025 2.342248060194  0.867165867504 -41.0049680268 2.464805050888  1.615551200609 -40.40474710992 2.586072303482  2.383728972253 -39.82645567052 2.715011834635  3.170718979515 -39.26965619552 2.851822791099  3.975638245977 -38.73377836631 2.99664165319  4.797778258613 -38.21810925357 3.149543907589  5.636650330949 -37.72181374814 3.3105399885  6.492006926708 -37.24397797303 3.479566302702  7.363846770791 -36.78366836597 3.656472149684  8.25241158209 -36.33999918113 3.841003352645  9.158182255933 -35.91220110511 4.032783412036  10.081882328887 -35.49968372346 4.231292996421  11.967110782411 -34.70448537076 4.640404170496  12.928599814742 -34.32182068035 4.850992544535  13.910211458355 -33.95368402139 5.067033774063  14.911602322411 -33.60037951264 5.287110347107  15.939035411416 -33.2610133555 5.511928510071  16.982547099938 -32.93914998247 5.736176568176  18.06317987774 -32.63142800646 5.964953080712  19.157310652507 -32.34606922379 6.188254912002  20.289586397692 -32.08044009323 6.4112603001  21.444998874438 -31.84229249586 6.627438611001  22.630211887197 -31.63490358304 6.836372423083  23.841664811146 -31.46431547174 7.035652096406  25.153823204551 -31.32807696086 7.235535405357  25.232027214963 -31.319957211 7.247448354626  25.311333977749 -31.3117229648 7.259529288031  25.391743492909 -31.30337422226 7.271778205572  25.473255760442 -31.29491098336 7.284195107248  25.55587078035 -31.28633324813 7.29677999306  25.639588552632 -31.27764101654 7.309532863008  25.724409077288 -31.26883428861 7.322453717091  25.810332354318 -31.25991306434 7.33554255531  25.897358383721 -31.25087734371 7.348799377664  25.985487165499 -31.24172712675 7.362224184154  26.074718699651 -31.23246241343 7.375816974779  26.165052986176 -31.22308320377 7.38957774954 -1.908874923306 -0.909844309418 12.177453796259 25.264751901936 26.081756329805 14 12 12 12 14
7 7  14  3  0  -31.58098770705 -22.84277960347 3.007113258859  -31.6865876773 -22.92422538269 3.278394425015  -31.77219834303 -23.02331054757 3.556838395112  -31.83763330914 -23.13789560772 3.84039812306  -31.88313200676 -23.2655980642 4.127009424443  -31.90924227124 -23.40399274185 4.414656469516  -31.91672699319 -23.55075036231 4.701432299875  -31.89401133926 -23.89033462353 5.332279879216  -31.85515967748 -24.08614865309 5.674992187763  -31.79161325693 -24.28722505437 6.010553180266  -31.70537869377 -24.48985837932 6.335839689206  -31.59884755725 -24.69070409797 6.647944093527  -31.47477319195 -24.88702079975 6.944495885603  -31.33608221436 -25.07672194651 7.223790440223 0 0.450444890696 1 8 6 8
7 13  50  5  0  -37.01687979813 -20.56860525183 2.220267356543  -36.92638961375 -20.60056497068 2.23167886044  -36.8376965164 -20.63188998647 2.242863737926  -36.75080050608 -20.66258029921 2.253821989002  -36.6657015828 -20.6926359089 2.264553613666  -36.58239974656 -20.72205681553 2.27505861192  -36.50089499735 -20.75084301911 2.285336983763  -36.42118733517 -20.77899451963 2.295388729195  -36.34327676003 -20.8065113171 2.305213848216  -36.26716327192 -20.83339341152 2.314812340827  -36.19284687085 -20.85964080289 2.324184207027  -36.12032755681 -20.88525349119 2.333329446816  -36.04960532981 -20.91023147645 2.342248060194  -35.07776105883 -21.25347168396 2.464805050889  -34.18376183032 -21.60148193576 2.586072303477  -33.29885786737 -21.97759768107 2.715011834649  -32.4231603732 -22.38075128209 2.851822791074  -31.55661692713 -22.8098929007 2.996641653225  -30.6989643685 -23.26405248015 3.149543907548  -29.8497238176 -23.74238925321 3.310539988538  -29.00822759901 -24.24423190637 3.479566302674  -28.17366786408 -24.76911255619 3.656472149701  -27.34515667325 -25.31679766308 3.841003352636  -26.5217873349 -25.8873190387 4.032783412039  -25.70268676638 -26.48100807651 4.23129299642  -24.07141056514 -27.71606463285 4.640404170496  -23.25926870594 -28.3574062151 4.850992544534  -22.44964718541 -29.02343850565 5.067033774064  -21.64298107356 -29.71401617865 5.287110347103  -20.8353648157 -30.43411625587 5.511928510079  -20.03486711404 -31.17689220072 5.736176568163  -19.22805567633 -31.95888665049 5.964953080724  -18.43386233424 -32.76375230516 6.188254911998  -17.63768288641 -33.61151729926 6.411260300094  -16.85373477896 -34.49306005734 6.627438611007  -16.08152420558 -35.41579017884 6.836372423081  -15.32806410564 -36.37964513083 7.035652096407  -14.55399889754 -37.44788837787 7.235535405357  -14.50786498269 -37.51155516264 7.247448354626  -14.4610805349 -37.5761197108 7.259529288031  -14.41364555419 -37.64158202236 7.271778205572  -14.36556004054 -37.70794209732 7.284195107248  -14.31682399397 -37.77519993568 7.29677999306  -14.26743741446 -37.84335553743 7.309532863008  -14.21740030202 -37.91240890258 7.322453717091  -14.16671265665 -37.98236003112 7.33554255531  -14.11537447835 -38.05320892307 7.348799377664  -14.06338576711 -38.12495557841 7.362224184154  -14.01074652295 -38.19759999714 7.375816974779  -13.95745674585 -38.27114217928 7.38957774954 -1.908874923304 -0.909844309418 12.177453796258 25.264751901935 26.081756329805 14 12 12 12 14
7 10  11  2  0  -20 -34.64101615137 -0.0000000000000142108547152  -9.117203814593 -40.92420145855 15.000000000003  3.292500050348 -44.56300243301 29.999999999988  17.262738698786 -45.19513012346 45.000000000022  32.630189745689 -41.59603551922 59.999999999973  47.93445762079 -31.99174482965 75.000000000021  59.645757272784 -15.47139063675 89.999999999994  63.667895843048 5.498016872303 104.99999999999  58.692576588958 26.258159125412 120  46.324194278108 42.536746266294 134.99999999999  30 51.961524227066 150 0 1 11 11
7 7  14  3  0  -15.92854782917 -35.57292128318 3.007113258859  -15.97927721906 -35.69625543714 3.278394545988  -16.00387562637 -35.82487104976 3.556838533134  -16.00325142423 -35.95682208384 3.840398215226  -15.97880322791 -36.09016497648 4.127009458557  -15.9322180513 -36.22307340086 4.414656471198  -15.86532119994 -36.35391158953 4.701432302089  -15.67585673662 -36.63664235853 5.332279879215  -15.54430319576 -36.78679645165 5.674992187764  -15.38873218061 -36.92916051298 6.010553180265  -15.21273419575 -37.06152883846 6.335839689206  -15.0200526659 -37.1822007648 6.647944093526  -14.81444276271 -37.29017883307 6.944495885603  -14.59948227946 -37.3851193565 7.223790440223 0 0.450444888767 1 8 6 8
7 13  50  5  0  -21.7732556481 -36.32137456756 2.220267356543  -21.67890899021 -36.30380740379 2.23167886044  -21.58643600687 -36.28658911457 2.242863737926  -21.49583669807 -36.2697196999 2.253821989001  -21.40711106384 -36.25319915977 2.264553613666  -21.32025910415 -36.23702749419 2.27505861192  -21.23528081901 -36.22120470317 2.285336983762  -21.15217620843 -36.20573078669 2.295388729195  -21.0709452724 -36.19060574476 2.305213848216  -20.99158801092 -36.17582957738 2.314812340827  -20.91410442399 -36.16140228454 2.324184207027  -20.83849451161 -36.14732386626 2.333329446816  -20.76475827379 -36.13359432253 2.342248060194  -19.75149634285 -35.94492692634 2.464805050889  -18.80326517409 -35.79931303092 2.586072303478  -17.84885798961 -35.68258683963 2.715011834647  -16.88890491312 -35.59387935269 2.851822791077  -15.92388546604 -35.53225517314 2.996641653221  -14.95405677291 -35.49674262709 3.149543907555  -13.97942449539 -35.48637414856 3.31053998853  -12.99974606631 -35.50023452572 3.479566302682  -12.01455580998 -35.53751463485 3.656472149694  -11.02320151795 -35.59756825535 3.841003352641  -10.02488206644 -35.67996959082 4.032783412036  -9.01867564695 -35.78456909528 4.231292996422  -6.988420737914 -36.03852134754 4.640404170494  -5.964414465247 -36.18786852077 4.850992544547  -4.930245515739 -36.35985864354 5.067033774027  -3.886363334013 -36.5545833964 5.287110347176  -2.826897099578 -36.77440022651 5.511928509971  -1.762257781833 -37.01741421465 5.736176568292  -0.672541355858 -37.29123555347 5.964953080603  0.417683081277 -37.5911729872 6.188254912088  1.531077206093 -37.92726928381 6.41126030004  2.650767561454 -38.29873365354 6.627438611032  3.780886595816 -38.71173609272 6.836372423072  4.915329659095 -39.1697289168 7.035652096409  6.119811417014 -39.70782210209 7.235535405356  6.191597951636 -39.73989219765 7.247448354626  6.264396746001 -39.77241451265 7.259529288031  6.338207800109 -39.80538904709 7.271778205572  6.413031113959 -39.83881580098 7.284195107248  6.488866687553 -39.87269477431 7.29677999306  6.56571452089 -39.90702596709 7.309532863007  6.643574613969 -39.9418093793 7.32245371709  6.722446966791 -39.97704501096 7.335542555309  6.802331579357 -40.01273286206 7.348799377663  6.883228451665 -40.04887293261 7.362224184153  6.965137583716 -40.08546522259 7.375816974778  7.04805897551 -40.12250973202 7.389577749539 -1.908874923304 -0.909844309418 12.177453796259 25.264751901935 26.081756329809 14 12 12 12 14
7 3  4  2  0  34.637033051563 0.000000000000002120906582928 2  34.637033051563 0.000000000000002120906582928 51.333333333333  51.955549577344 0.000000000000003181359874392 100.66666666666  51.955549577344 0.000000000000003181359874392 150 0 1 4 4
7 9  18  10  0  34.657520805973 0.000000000000002122161096071 4.958737553013  34.657520805973 -5.939285796722 4.958737553013  33.512661302181 -11.87813891132 4.958713321592  31.221568012643 -17.6821798026 4.958734642855  27.73562802177 -23.03195841016 4.958749099937  23.203248121421 -27.5882378546 4.958735835477  17.886430277851 -31.11033139793 4.958736581899  12.063593549958 -33.48754515349 4.958734188456  5.99825157737 -34.66633739793 4.958734734226  -6.09970634205 -34.64862990797 4.958736187911  -12.13249536932 -33.45212459715 4.958737322996  -17.89074986375 -31.07755090948 4.958737964888  -23.12707205978 -27.59829231636 4.958737262445  -27.60228959659 -23.12975744349 4.958737697389  -31.09453280736 -17.87979769274 4.958737504825  -33.47055587235 -12.09665370151 4.958737561397  -34.65752080597 -6.047195304018 4.958737553013  -34.65752080597 -0.000000000000009410691946302 4.958737553013 0 0.1111111111111111 0.2222222222222222 0.3333333333333333 0.4444444444444444 0.5555555555555556 0.6666666666666666 0.7777777777777778 0.8888888888888888 1 10 1 1 1 1 1 1 1 1 10
7 3  4  2  0  -34.63703305156 -0.000000000000002120906582928 2  -34.63703305156 -0.000000000000002120906582928 51.333333333333  -51.95554957734 -0.000000000000003181359874392 100.66666666666  -51.95554957734 -0.000000000000003181359874392 150 0 1 4 4
7 9  18  10  0  -34.65752080597 -0.000000000000002122161096071 4.958737553013  -34.65752080597 6.047195304018 4.958737553013  -33.47055587235 12.096653701513 4.958737561397  -31.09453280736 17.879797692747 4.958737504825  -27.60228959659 23.129757443491 4.958737697389  -23.12707205978 27.598292316366 4.958737262444  -17.89074986375 31.077550909484 4.958737964888  -12.13249536932 33.45212459715 4.958737322996  -6.09970634205 34.64862990797 4.958736187911  5.99825157737 34.666337397933 4.958734734226  12.063593549958 33.487545153492 4.958734188456  17.886430277853 31.110331397938 4.9587365819  23.203248121418 27.588237854603 4.958735835476  27.735628021772 23.031958410164 4.958749099938  31.221568012642 17.682179802602 4.958734642854  33.512661302182 11.878138911328 4.958713321592  34.657520805973 5.939285796721 4.958737553013  34.657520805973 0.000000000000009410691946302 4.958737553013 0 0.1111111111111111 0.2222222222222222 0.3333333333333333 0.4444444444444444 0.5555555555555556 0.6666666666666666 0.7777777777777778 0.8888888888888888 1 10 1 1 1 1 1 1 1 1 10
7 5  34  9  0  -19.74438755111 27.518591068306 0.000000000000006439293542985  -19.82753704019 27.628913191494 0.000000002044123071764  -19.91167460106 27.740457076012 0.003943060653731  -19.9966565224 27.853027633591 0.01199683492916  -20.08231739441 27.966402214949 0.02430665764163  -20.25744777521 28.197995911989 0.05820703969265  -20.34695027951 28.316252280887 0.08008791523087  -20.43677970843 28.434836155997 0.106749906674  -20.52671429402 28.553453842042 0.138277575382  -20.70970875775 28.794599942575 0.212508545578  -20.80275886067 28.917107507417 0.255587990028  -20.89541028929 29.038978863895 0.303986318272  -20.98738947677 29.159857250245 0.357688233635  -21.17308143596 29.403679913105 0.477894422043  -21.26671755527 29.526515000046 0.54482324379  -21.35902536074 29.647497888495 0.617320828412  -21.44969991471 29.766236949196 0.695233177224  -21.62704490208 29.998281403997 0.861297916573  -21.71372259422 30.111596657968 0.949430920188  -21.7982044039 30.221951312637 1.042527191778  -21.88022596045 30.329011066251 1.140309787465  -22.03738314266 30.533999803121 1.342666292555  -22.11261992904 30.63206353445 1.447076316529  -22.18504940045 30.726404482803 1.555382975682  -22.25448571677 30.816791622196 1.667241655037  -22.38622553022 30.988187239471 1.895850944777  -22.44860937801 31.06930151658 2.012520196193  -22.50779237096 31.146213236338 2.131942403834  -22.56367069452 31.218796792217 2.253746564072  -22.6682079278 31.354531567362 2.500244928615  -22.71692812161 31.417762890771 2.624902744746  -22.76227563822 31.476594215708 2.751172226723  -22.80422386337 31.530997778106 2.878691537849  -22.84277946836 31.580987717267 3.007113252462 0 0.116741129347 0.237299712683 0.362398134351 0.492476117138 0.622310395654 0.749682188438 0.875414858324 1 6 4 4 4 4 4 4 4 6
7 6  192  39  0  30.858436732728 -13.95960517914 0.000000000000002942091015257  30.858677819163 -13.95970747404 0.000000107477469628  30.85916395398 -13.95991377144 -0.0000001306494169034  30.860100025697 -13.96031100699 -0.00000002244958043026  30.861426951441 -13.96087410194 0.0000006839589548538  30.862821676954 -13.96146596314 0.00000180040906434  30.870312168871 -13.96464456698 0.000009485763561071  30.877008632509 -13.96748606894 0.00002680102033199  30.883704431226 -13.97032713619 0.00005442336115875  30.890369682073 -13.97315508736 0.00009235050751869  30.897026755427 -13.97597941247 0.0001407989960436  30.912970017377 -13.98274312134 0.0002816645613942  30.922259489059 -13.98668375701 0.0003836230967246  30.931545663354 -13.99062269079 0.0005060008049148  30.940806307213 -13.9945504979 0.0006481047251072  30.950070466678 -13.99847950307 0.000810026099517  30.967716118559 -14.00596258999 0.001157357196925  30.976093012375 -14.00951478591 0.001338339407482  30.984472455178 -14.01306781537 0.001536050434043  30.992825992894 -14.01660961794 0.001749504894115  31.001174296186 -14.02014896298 0.00197887643197  31.018919437043 -14.02767166742 0.002501598017866  31.028318856807 -14.03165606493 0.002798834585204  31.037714918995 -14.03563872858 0.003116886508021  31.047086049829 -14.03961051974 0.003454633108585  31.056460433304 -14.04358338882 0.003812744290348  31.074313234317 -14.05114882486 0.004534552892697  31.082787199518 -14.05473957073 0.004893649091838  31.091263495944 -14.05833105113 0.005269898743377  31.099714544559 -14.06191158515 0.005661771240373  31.108160381407 -14.06548966677 0.006069849385391  31.126109689894 -14.07309336281 0.006973098102455  31.135615571586 -14.07711994007 0.007472303386644  31.14511802287 -14.08114474634 0.00799273325231  31.154596171726 -14.08515894687 0.008532864526942  31.164077282612 -14.08917409375 0.009093914363897  31.182130438808 -14.09681880324 0.01020296295484  31.190698250493 -14.1004466366 0.01074642414925  31.19926803239 -14.10407505199 0.01130699870552  31.20781325801 -14.10769281582 0.01188311344663  31.216353409486 -14.11130817437 0.01247620571428  31.234499768827 -14.11898965274 0.0137727779966  31.244108264413 -14.12305667788 0.01448067216383  31.253713242615 -14.12712188923 0.01521021298877  31.263294575377 -14.13117677334 0.01595950282138  31.272878550289 -14.13523246023 0.01673027094749  31.291124568252 -14.14295307843 0.01823937138717  31.299782538079 -14.146616351 0.01897299406702  31.308442235509 -14.15028009657 0.01972417205781  31.317078100462 -14.15393349891 0.02049084818365  31.325708879319 -14.15758448694 0.02127480936747  31.34404445803 -14.16534024352 0.02297753634958  31.353751340676 -14.16944582858 0.02390085238626  31.363454603212 -14.17354955071 0.02484624969397  31.37313490325 -14.177643235 0.02581148701442  31.382817494643 -14.18173756585 0.02679876684982  31.401248149194 -14.1895304268 0.02872074761655  31.409992311793 -14.19322737372 0.02965057032105  31.418737935489 -14.19692467488 0.03059839420068  31.427460481029 -14.20061195386 0.03156171753763  31.436177918671 -14.20429680558 0.03254264624368  31.45469413738 -14.212123029 0.03466435932662  31.464494784511 -14.21626512355 0.03580982460724  31.474291691354 -14.22040529903 0.03697781786048  31.48406634214 -14.22453573595 0.03816578798183  31.493842900899 -14.22866664992 0.03937636790238  31.512449202448 -14.23652777426 0.04172403784838  31.521275229864 -14.24025648213 0.04285608524952  31.530102426624 -14.2439854152 0.04400658249791  31.538907327793 -14.24770465893 0.04517262654051  31.54770708792 -14.25142145797 0.04635660886404  31.566394587128 -14.25931401754 0.0489101017622  31.576283996897 -14.26349041302 0.05028466200683  31.586169460065 -14.26766480435 0.05168171979102  31.59603339453 -14.27182976518 0.05309893952788  31.605898886367 -14.27599504096 0.05453982648148  31.624671048416 -14.28392012387 0.05732593488683  31.633574235081 -14.28767852516 0.05866619868646  31.642478272727 -14.29143701186 0.06002536256121  31.651360822954 -14.29518615274 0.06140016911247  31.660238186062 -14.29893282635 0.06279325914766  31.679086793661 -14.30688726014 0.06579124608882  31.689059458896 -14.31109554816 0.06740130093069  31.699028036022 -14.31530176755 0.06903434088569  31.708975829074 -14.31949887174 0.0706877781246  31.718924706852 -14.32369608521 0.07236543230907  31.737852114856 -14.331680485 0.07560262517478  31.746827362853 -14.33546635273 0.07715704317556  31.755803115494 -14.33925215479 0.07873081162783  31.764758211488 -14.34302896393 0.08032036956634  31.773708059672 -14.34680327746 0.08192856802671  31.792706759843 -14.35481478093 0.08538363806255  31.802756771379 -14.35905238711 0.08723576714978  31.812802529141 -14.36328785052 0.08911138067608  31.822828261407 -14.36751451993 0.09100767906294  31.832854569217 -14.37174107829 0.09292873978441  31.851925749107 -14.379779805 0.09662951189174  31.860967553885 -14.38359074752 0.09840394515546  31.870009487641 -14.38740146153 0.100198177824  31.879031614738 -14.39120354349 0.102008399908  31.888048416962 -14.39500309504 0.103837630768  31.907185319689 -14.40306651005 0.107762197875  31.917306307514 -14.40733067381 0.109862881726  31.927422849525 -14.41159261011 0.111987559906  31.937520134634 -14.41584607786 0.114133264451  31.947617448136 -14.42009919909 0.116304270189  31.966820036945 -14.42818690397 0.120480913031  31.975922473674 -14.43202036016 0.122481121047  31.985024633056 -14.43585341273 0.12450157425  31.994107851212 -14.43967820051 0.126538271882  32.003185649226 -14.44350041591 0.12859435696  32.022447961396 -14.4516102205 0.133000605833  32.032633079895 -14.4558979898 0.135356197039  32.042813531898 -14.46018343558 0.1377363016  32.052975501286 -14.46446074072 0.14013782934  32.063136912582 -14.46873744821 0.142565188201  32.082457630569 -14.47686841398 0.147229733506  32.091614341338 -14.48072164874 0.149461347301  32.100770336488 -14.48457429205 0.151713646968  32.109908267138 -14.4884190425 0.153982502843  32.119040662278 -14.49226117068 0.156271134254  32.138414660709 -14.50041146966 0.161170961651  32.148656574981 -14.50471969633 0.163787653761  32.158893571116 -14.50902549114 0.166429385696  32.169112859935 -14.51332347374 0.169092993967  32.179330963553 -14.51762059148 0.171782951749  32.198755588533 -14.52578872346 0.176947110497  32.207959770626 -14.52965882376 0.179415603639  32.217162765657 -14.53352813161 0.181905216124  32.226348579675 -14.5373899213 0.184411754721  32.235528720773 -14.54124903016 0.186938465154  32.254999727712 -14.54943354683 0.192343416687  32.265290601222 -14.55375888243 0.195227210723  32.275576271671 -14.55808166464 0.19813657653  32.285845006063 -14.56239696152 0.201068328806  32.296111886356 -14.56671110986 0.204026934614  32.315625230777 -14.5749099284 0.209702031484  32.324869626294 -14.57879379983 0.212412688949  32.334112328991 -14.58267666424 0.215144889697  32.343338736021 -14.58655238596 0.217894445574  32.352559308715 -14.59042535883 0.22066457636  32.372111670361 -14.598637428 0.226585778682  32.382443154247 -14.60297632037 0.229742447263  32.392769114548 -14.60731252375 0.23292522278  32.403078900624 -14.61164156494 0.236130952055  32.413386120885 -14.61596915707 0.239364021464  32.432972012267 -14.62419179136 0.245560924673  32.44224889937 -14.62808615543 0.248518809561  32.451523552546 -14.631979284 0.251498649631  32.460782792007 -14.63586564391 0.254496333521  32.470036009739 -14.63974917677 0.257515000484  32.489653078445 -14.64798173927 0.263963088873  32.500016302807 -14.65233042996 0.267398137969  32.510373645188 -14.65667628113 0.270859829805  32.520715560046 -14.66101528711 0.274345099528  32.531054153693 -14.66535252648 0.277858175296  32.5506954191 -14.67359171001 0.284587221878  32.559996605206 -14.67749310226 0.287797140012  32.569294980028 -14.6813930163 0.29102941047  32.578578814115 -14.68528653196 0.294280073202  32.587856411149 -14.68917713143 0.297552130323  32.607520531989 -14.69742273053 0.304537171737  32.617906099532 -14.70177725316 0.308255800074  32.628285386627 -14.70612876999 0.312001604703  32.638649971795 -14.71047375008 0.315771667313  32.649010436023 -14.71481662872 0.319569977698  32.665105502075 -14.72156274772 0.325516881649  32.670841709862 -14.72396691963 0.32764543329  32.676575118012 -14.72636980493 0.32978200457  32.682294861977 -14.7287668499 0.331922594305  32.688009080771 -14.73116146526 0.334070284233  32.850486812128 -14.79924658915 0.395396467409  33.006330738218 -14.86446669805 0.461075096781  33.161344991048 -14.92925618223 0.533510525287  33.315065085582 -14.99342231374 0.612858955653  33.466501488616 -15.05655634024 0.698921328202  33.762124321445 -15.17965799115 0.882874797098  33.906076122628 -15.23952803923 0.980605385715  34.045778891833 -15.29756298258 1.083834987829  34.18082210908 -15.35360090465 1.192214260096  34.310848844952 -15.4075027274 1.305354991604  34.559393527972 -15.51044041349 1.539499359542  34.677986670996 -15.55950811989 1.660441522128  34.791053806353 -15.60624671342 1.785267016564  34.898365171675 -15.6505695492 1.913549014111  34.999750742089 -15.69241423261 2.044850851442  35.189997805937 -15.77088375534 2.311993520798  35.27866568782 -15.80742900057 2.447458306252  35.361429096582 -15.84151916096 2.585206918009  35.438213189618 -15.87312891754 2.724975218609  35.508771175993 -15.90216195563 2.866011293753  35.57292117128 -15.92854790557 3.007113252462 0 0.001206708839344 0.01032421081445 0.02282674293031 0.03392325536548 0.04623135320659 0.05716075799953 0.06928738968328 0.08006111520861 0.09201889916835 0.102648073867 0.114449302618 0.124944776059 0.136601440006 0.146973803526 0.158497613445 0.168757219945 0.180159628255 0.190316610085 0.201608830795 0.211673117745 0.222866145986 0.232847482033 0.243952112335 0.253860071496 0.264886915073 0.274730916362 0.285690417383 0.295479738867 0.306382189717 0.316125981644 0.326981537155 0.336688834162 0.347507524788 0.353454554214 0.515967678645 0.678335112103 0.83954910333 1 7 5 5 5 5 5 5 5 5 5 5 5 5 5 5 5 5 5 5 5 5 5 5 5 5 5 5 5 5 5 5 5 5 5 5 5 5 5 7
7 5  34  9  0  -30.85843673594 13.959605173444 0.000000000000004551914402271  -30.98731657898 14.014297500354 0.000000002305127005942  -31.11770266895 14.069569178127 0.004049763917077  -31.24936396731 14.125319051647 0.0123237981116  -31.38203500711 14.18143239051 0.02497306017839  -31.65302902429 14.295917570624 0.05979467951013  -31.79139812341 14.354304752594 0.08225558635655  -31.93020813518 14.412807820985 0.109622250801  -32.06910637086 14.471277535523 0.141980713383  -32.3516383213 14.59006846291 0.218180367569  -32.49525021619 14.650375066642 0.262413205308  -32.63814532957 14.710305830216 0.312104186603  -32.77989137285 14.769681642645 0.367233614064  -33.06527205283 14.889082200503 0.490380387771  -33.20879121114 14.94905345676 0.558790174499  -33.35014038408 15.008044963297 0.632856493548  -33.48884822332 15.065865548402 0.712415345475  -33.7587450833 15.178246876896 0.881210949341  -33.88999562861 15.232834524077 0.970342822056  -34.01780191707 15.285931100168 1.064412321314  -34.14177063467 15.337380545631 1.163136709569  -34.37699138754 15.434909804064 1.365489793555  -34.48854215969 15.481116945176 1.468809211738  -34.59590884566 15.525550950943 1.575854880554  -34.69883286992 15.568111702762 1.686297149041  -34.8945036895 15.648965714275 1.912254510647  -34.98733392004 15.687294007307 2.027715034176  -35.07540368024 15.723630969894 2.145829216324  -35.15856885335 15.757923010807 2.266239964739  -35.31380482649 15.821897789925 2.509207905858  -35.38601603703 15.851638915499 2.631710735578  -35.45328752813 15.879331151981 2.755755287653  -35.51558518515 15.904964669863 2.880999136459  -35.57292117128 15.928547905577 3.007113252462 0 0.118310159376 0.240362359448 0.367079813057 0.498357429871 0.628319711113 0.753550860875 0.877653518593 1 6 4 4 4 4 4 4 4 6
7 5  34  9  0  -33.7039927193 -3.339845663797 0.000000000000003941291738225  -33.84092624967 -3.356671700192 0.000000002022861680679  -33.97940777019 -3.373741872897 0.003932544490234  -34.11919740167 -3.391029426311 0.01196461597911  -34.26002079418 -3.408502531966 0.02424099828385  -34.54707309916 -3.444238093874 0.05796816238086  -34.69334341216 -3.462508986692 0.0796649318513  -34.8400587898 -3.480898222368 0.106084276904  -34.98686081453 -3.499361446401 0.137309584376  -35.28585555931 -3.537093231414 0.210913764492  -35.43802440116 -3.556363975971 0.253695151177  -35.58945808596 -3.575609096948 0.301762508505  -35.73971514266 -3.594770649422 0.355101684835  -36.04243700567 -3.633504088808 0.474318206443  -36.1947816359 -3.65306536145 0.540582863342  -36.34490324756 -3.672407506612 0.612352014411  -36.49231884494 -3.691463502256 0.689476228755  -36.7818146876 -3.729001706287 0.854570810498  -36.92385208816 -3.747479163438 0.942611261452  -37.06222938448 -3.765536030382 1.035651052272  -37.19652037556 -3.783109895207 1.133412798482  -37.4538629453 -3.816875246668 1.335902807631  -37.57707293778 -3.833085879796 1.440474897534  -37.6956343963 -3.848724487033 1.548983718929  -37.8092497685 -3.863744965918 1.661081737902  -38.02471898176 -3.892289220757 1.8902261156  -38.12670603896 -3.905829855972 2.007189838377  -38.22342188511 -3.918695933134 2.126935737997  -38.31470307703 -3.930859913169 2.249089100382  -38.48571114582 -3.95368220564 2.496760170161  -38.56550025218 -3.964348618967 2.622255207662  -38.63971593586 -3.974284226718 2.749389652812  -38.70831967269 -3.983479611415 2.877793922018  -38.77132737393 -3.991933454013 3.007113252462 0 0.11658535005 0.236417666362 0.361131003183 0.490406384687 0.620558544511 0.748377926491 0.874544058337 1 6 4 4 4 4 4 4 4 6
7 5  34  9  0  19.744387552285 -27.51859106603 0.000000000000001221245326927  19.827171610766 -27.6284283315 0.000000297520912175  19.910935478228 -27.73947722549 0.00390789538937  19.995536307061 -27.85154372407 0.01189128819431  20.080812019892 -27.96440979834 0.02409081070825  20.254726392975 -28.19439884399 0.05760428286746  20.343392952766 -28.31155338872 0.07916094523564  20.432384954297 -28.4290354379 0.105408674735  20.521487023871 -28.54655972655 0.136430433853  20.706242714504 -28.79003824578 0.210827095245  20.801877937735 -28.91595208845 0.254963548105  20.897095620171 -29.0411985626 0.304717958492  20.991598665285 -29.16539022518 0.360073675253  21.178597766986 -29.41091657062 0.481829854447  21.271093594036 -29.53225091789 0.548232044447  21.36228247356 -29.65176385966 0.620070588678  21.451870186496 -29.76907757833 0.697195712616  21.627804967081 -29.99927491293 0.862080640588  21.714130077149 -30.11212868247 0.949900101998  21.798275473705 -30.22204373593 1.042643036835  21.879979930463 -30.32868974913 1.140035701824  22.036879184547 -30.53334286081 1.34197561177  22.112152619324 -30.63145470722 1.446395421103  22.184617847931 -30.72584252891 1.554715446782  22.254088774633 -30.81627497669 1.666590845198  22.38589426351 -30.98775646955 1.895238783053  22.448309248208 -31.06891140956 2.011929847472  22.50752188507 -31.14586179854 2.13137656757  22.563428194717 -31.21848182558 2.25320763576  22.668045902674 -31.35432128354 2.49983040577  22.716815017509 -31.41761615582 2.624587830444  22.762205889835 -31.47650375749 2.750960204738  22.804191810759 -31.53095621973 2.878584776425  22.842779468362 -31.58098771726 3.007113252462 0 0.116228211277 0.235675922827 0.364231161716 0.492806024882 0.62213325847 0.749542454445 0.87531128635 1 6 4 4 4 4 4 4 4 6
7 5  34  9  0  -27.51859106871 -19.7443875509 0.0000000000000008326672684874  -27.62996660425 -19.82833099566 0.000000002182637784485  -27.74258734688 -19.91328146953 0.00401872058913  -27.85625256363 -19.99909111045 0.01222866491798  -27.97073289316 -20.08558950445 0.02477914873967  -28.20441981349 -20.26230846253 0.05932178166203  -28.32366226605 -20.35256085031 0.08159710762596  -28.44322731101 -20.44313778658 0.108735794178  -28.56281341557 -20.53381153901 0.140823324822  -28.80643932011 -20.71869911449 0.216533465118  -28.93045387185 -20.8129006869 0.260586231594  -29.05379339386 -20.90667614487 0.31009389712  -29.17608704113 -20.99974102256 0.365037750135  -29.42216412615 -21.18716932047 0.487786357756  -29.54584506539 -21.28146062231 0.555980175226  -29.66760421514 -21.37437148783 0.629827182063  -29.78704075843 -21.46558966655 0.709164775961  -30.01836987582 -21.64240977773 0.876804671908  -30.13036111651 -21.72808438316 0.964914479209  -30.23940512878 -21.81157138825 1.057880753739  -30.34517819887 -21.8926146643 1.155429832379  -30.54762292511 -22.04783433259 1.35706809321  -30.6444322483 -22.1221141206 1.460992051588  -30.73756467277 -22.19362028496 1.568718682054  -30.82679753585 -22.26217362849 1.679910889296  -30.99603356922 -22.39225967305 1.907058735568  -31.0761397492 -22.45387062087 2.022935936425  -31.15210791936 -22.51232943231 2.141499440269  -31.22381729098 -22.56753620693 2.262387477305  -31.35769147747 -22.67064267786 2.506484211362  -31.41996871712 -22.7186283915 2.629642148412  -31.47795467932 -22.76332463424 2.754362848936  -31.53162314162 -22.80470618579 2.880298066217  -31.58098771726 -22.84277946836 3.007113252462 0 0.11785583506 0.239399890311 0.366080077606 0.497281528387 0.62606051464 0.752319719325 0.876973392648 1 6 4 4 4 4 4 4 4 6
7 5  34  9  0  3.339845666881 -33.70399271732 0.000000000000000666133814822  3.356694176374 -33.8411092223 0.000000002043813267065  3.373787497564 -33.97977784151 0.003943060653033  3.391098722707 -34.11975776395 0.01199683492872  3.408595922946 -34.2607734678 0.02430665764118  3.444466433179 -34.54890468319 0.05820703969263  3.462849691152 -34.69606895497 0.08008791523087  3.481352321049 -34.84368031775 0.106749906674  3.499929113827 -34.99137354 0.138277575382  3.537833917906 -35.29170942095 0.212508545578  3.557163888438 -35.44432913572 0.255587990028  3.576466701077 -35.59619854073 0.303986318273  3.595683820885 -35.74687188782 0.357688233635  3.634586443391 -36.05087448747 0.477894422043  3.654260157952 -36.20407085289 0.54482324379  3.67370961823 -36.35499901045 0.617320828412  3.692866555101 -36.50316733042 0.695233177223  3.730429591996 -36.79279621678 0.861297916573  3.748837048343 -36.93426895142 0.949430920188  3.76682311435 -37.07207979063 1.042527191778  3.784325989171 -37.20580703526 1.140309787465  3.817933732914 -37.46191107998 1.342666292555  3.834058835554 -37.58445515569 1.447076316529  3.849614123606 -37.70237154929 1.555382975682  3.864554167784 -37.81536726633 1.667241655037  3.892946384287 -38.02967013172 1.895850944777  3.9064152427 -38.1311090802 2.012520196193  3.919213358191 -38.22730807983 2.131942403834  3.931313627975 -38.3181064449 2.253746564072  3.953978140064 -38.48792482499 2.500244928615  3.964555403875 -38.56704485429 2.624902744746  3.974411842794 -38.64066803453 2.751172226724  3.983538290213 -38.70875701419 2.878691537849  3.991933454013 -38.77132737393 3.007113252462 0 0.116741129349 0.237299712685 0.362398134352 0.49247611714 0.622310395655 0.749682188439 0.875414858324 1 6 4 4 4 4 4 4 4 6
7 5  34  9  0  -13.9596051682 -30.85843673569 -0.0000000000000008881784197766  -14.01429750946 -30.987316575 0.000000002264237817205  -14.06956916808 -31.1177026708 0.004049763864114  -14.12531905539 -31.24936396549 0.01232379804514  -14.18143239038 -31.38203500681 0.02497306014027  -14.29591757062 -31.65302902429 0.05979467951014  -14.35430475259 -31.7913981234 0.08225558635647  -14.41280782098 -31.93020813518 0.109622250801  -14.47127753552 -32.06910637086 0.141980713383  -14.59006846291 -32.3516383213 0.218180367569  -14.65037506664 -32.49525021619 0.262413205308  -14.71030583021 -32.63814532957 0.312104186603  -14.76968164264 -32.77989137285 0.367233614064  -14.8890822005 -33.06527205283 0.490380387771  -14.94905345676 -33.20879121114 0.558790174499  -15.00804496329 -33.35014038408 0.632856493547  -15.0658655484 -33.48884822332 0.712415345475  -15.17824687689 -33.7587450833 0.881210949341  -15.23283452407 -33.88999562861 0.970342822056  -15.28593110016 -34.01780191707 1.064412321314  -15.33738054563 -34.14177063467 1.163136709568  -15.43490980406 -34.37699138754 1.365489793554  -15.48111694517 -34.48854215969 1.468809211737  -15.52555095094 -34.59590884566 1.575854880553  -15.56811170276 -34.69883286992 1.686297149041  -15.64896571427 -34.8945036895 1.912254510647  -15.6872940073 -34.98733392004 2.027715034176  -15.72363096989 -35.07540368024 2.145829216324  -15.7579230108 -35.15856885335 2.266239964739  -15.82189778992 -35.31380482649 2.509207905858  -15.85163891549 -35.38601603703 2.631710735578  -15.87933115198 -35.45328752813 2.755755287652  -15.90496466986 -35.51558518515 2.880999136459  -15.92854790557 -35.57292117128 3.007113252462 0 0.118310159608 0.240362359648 0.367079813223 0.498357430003 0.62831971121 0.75355086094 0.877653518625 1 6 4 4 4 4 4 4 4 6
7 2  3  2  0  34.657520805973 0.000000000000009410691946302 4.958737553013  34.616822039021 0.0000000000000142108547152 2  31.657804584317 0.00000000000001500807988202 2 0 1 3 3
7 9  18  10  0  31.657804584317 0.00000000000001500807988202 2  31.657804584317 -5.356853462909 2  30.640250188621 -10.76832368745 2  28.561801553838 -16.1068308938 2  25.360989981208 -21.03320735039 2  21.19144137203 -25.21878672694 2  16.311695758392 -28.43672353187 2  10.98361794981 -30.60202209699 2  5.443406735414 -31.67132185225 2  -5.596907213579 -31.64443882318 2  -11.09723427415 -30.54821555443 2  -16.34624655141 -28.38080172317 2  -21.12465467838 -25.20844077932 2  -25.21356145378 -21.1278488616 2  -28.40308960734 -16.33221788136 2  -30.57359582 -11.04965709266 2  -31.65780458431 -5.523791741757 2  -31.65780458431 -0.00000000000001500807988202 2 0 0.1111111111111111 0.2222222222222222 0.3333333333333333 0.4444444444444444 0.5555555555555556 0.6666666666666666 0.7777777777777778 0.8888888888888888 1 10 1 1 1 1 1 1 1 1 10
7 2  3  2  0  -34.65752080597 -0.000000000000002122161096071 4.958737553013  -34.61682203902 -0.00000000000003907985046681 2  -31.65780458431 -0.00000000000001500807988202 2 0 1 3 3
7 9  18  10  0  -31.65780458431 -0.00000000000001500807988202 2  -31.65780458431 5.523791741757 2  -30.57359582 11.049657092669 2  -28.40308960734 16.332217881361 2  -25.21356145378 21.127848861609 2  -21.12465467838 25.208440779324 2  -16.34624655141 28.380801723179 2  -11.09723427415 30.548215554433 2  -5.596907213579 31.644438823186 2  5.443406735414 31.671321852252 2  10.98361794981 30.60202209699 2  16.311695758393 28.436723531871 2  21.191441372028 25.218786726948 2  25.360989981209 21.03320735039 2  28.561801553837 16.106830893809 2  30.640250188621 10.768323687454 2  31.657804584317 5.356853462909 2  31.657804584317 0.00000000000001500807988202 2 0 0.1111111111111111 0.2222222222222222 0.3333333333333333 0.4444444444444444 0.5555555555555556 0.6666666666666666 0.7777777777777778 0.8888888888888888 1 10 1 1 1 1 1 1 1 1 10
Polygon3D 0
PolygonOnTriangulations 0
Surfaces 31
8 6 10 2 2 2 2 20 34.641016151378 0 1.00731395893 9.117203814594 40.924201458557 15.000000000004 1.00731395893 -3.292500050351 44.563002433019 29.999999999988 1.00731395893 -17.26273869877 45.195130123462 45.000000000018 1.007313958931 -32.6301897457 41.596035519225 59.999999999984 1.00731395893 -47.93445762077 31.991744829653 75.00000000001 1.007313958931 -59.6457572728 15.471390636755 89.999999999993 1.00731395893 -63.66789584303 -5.498016872301 105 1.007313958931 -58.69257658896 -26.25815912541 119.99999999999 1.00731395893 -46.3241942781 -42.53674626629 135 1.00731395893 -30 -51.96152422706 150 1.00731395893 16.472064256756 34.216087899632 0 1.002414195399 5.722763218747 39.39093950548 15 1.002414195399 -6.284125022393 41.953832240823 30.000000000003 1.002414195399 -19.55468723668 41.559396959051 44.999999999987 1.002414195399 -33.84727674087 37.059959482006 60.000000000026 1.002414195399 -47.65325871779 26.879888302683 74.999999999968 1.002414195399 -57.56624695203 10.40772787325 90.000000000024 1.002414195399 -59.88370375218 -9.729882943628 104.99999999998 1.002414195399 -53.69813227702 -29.0299288247 120 1.002414195399 -40.83204794214 -43.56185444067 134.99999999999 1.002414195399 -24.70809638513 -51.32413184944 150 1.002414195399 12.899888340754 34.33383196785 0 0.999512632189 2.113596912775 38.386451412194 15.000000000002 0.999512632189 -9.657586010796 39.818110250755 29.999999999997 0.999512632189 -22.38977879895 38.296042567505 45.000000000001 0.999512632189 -35.75170236274 32.737003039764 60.000000000004 0.999512632189 -48.15639901722 21.755145942727 74.999999999993 0.999512632189 -56.27430997426 5.055554230853 90.000000000006 0.999512632189 -56.76978861989 -14.51617384388 104.99999999999 0.999512632189 -49.15755118901 -32.55004292082 120 0.999512632189 -35.52926965309 -45.42181878525 134.99999999999 0.999512632189 -19.34983251113 -51.50074795177 150 0.999512632189 9.376903071124 34.995078679084 0.0000000000000284217094304 0.998551138584 -1.617125137877 37.940919659251 15 0.998551138584 -13.32710631714 38.215308062147 30.000000000003 0.998551138584 -25.69753133586 35.493402676537 44.999999999989 0.998551138584 -38.29845126678 28.742160232384 60.000000000024 0.998551138584 -49.43634015555 16.751921612949 74.999999999968 0.998551138585 -55.80954247528 -0.446748798564 90.000000000029 0.998551138584 -54.41271632659 -19.73528052719 104.99999999998 0.998551138584 -45.19327806659 -36.73152365577 120 0.998551138584 -30.55639692018 -48.07385654837 134.99999999999 0.998551138584 -14.06535460668 -52.49261801862 150 0.998551138584 5.995284974849 36.183914863802 0.0000000000000284217094304 0.999512632189 -5.372227136575 38.067389187118 15.000000000001 0.999512632189 -17.19754747494 37.188643862669 29.999999999998 0.999512632189 -29.39270254817 33.225865043852 44.999999999999 0.999512632189 -41.4225916356 25.180637244723 60.000000000005 0.999512632189 -51.46158873875 12.001251008914 74.999999999992 0.999512632189 -56.18616548724 -5.955787059672 90.000000000007 0.999512632189 -52.87597584682 -25.25191836791 104.99999999999 0.999512632189 -41.91034354035 -41.46677269063 120 0.999512632189 -26.0441956294 -51.45066081072 134.99999999999 0.999512632189 -8.992927462274 -54.2758722957 150 0.999512632189 2.842817850696 37.86803346758 0 1.002414195399 -9.053775724069 38.761131035104 15.000000000002 1.002414195399 -21.16752776707 36.763433398122 29.999999999995 1.002414195399 -33.37801180479 31.551190096147 45.000000000006 1.002414195399 -45.04125026048 22.144175635015 59.999999999998 1.002414195398 -54.17749229734 7.626322177799 74.999999999997 1.002414195399 -57.39225535989 -11.32795711209 90.000000000006 1.002414195398 -52.19756583362 -30.92155749988 104.99999999999 1.002414195399 -39.39260688114 -46.63098434213 120 1.002414195399 -22.10911713819 -55.46240385008 134.99999999999 1.002414195399 -4.264226776044 -56.80205020137 150 1.002414195399 0.000000000000003552713678801 40 0 1.00731395893 -12.56637061436 39.999999999999 15.000000000004 1.00731395893 -25.13288990207 36.946442150729 29.999999999988 1.00731395893 -37.54753531376 30.508761464867 45.000000000021 1.007313958931 -49.05659100969 19.708128583527 59.999999999975 1.00731395893 -57.50833043104 3.73843492347 75.000000000021 1.007313958931 -59.39043634458 -16.42426131308 89.999999999987 1.00731395893 -52.38900676942 -36.59537020337 105 1.007313958931 -37.70018277689 -52.08652115369 119.99999999999 1.00731395893 -18.84955592154 -59.99999999999 135 1.00731395893 -0.00000000000003907985046681 -60 150 1.00731395893 0 0.763337317515 7 7 0 150 11 11
8 6 10 2 2 2 2 34.641016151378 20 0.00000000000005684341886081 1.00731395893 28.357830844197 30.882796185406 15.000000000004 1.00731395893 19.430112530946 40.238942201078 29.999999999988 1.00731395893 7.647594809692 47.771500163649 45.000000000016 1.007313958931 -7.460555490465 52.338318329222 59.999999999986 1.00731395893 -25.51658560139 51.672892544253 75.000000000011 1.007313958931 -43.91904570782 43.221495959705 89.999999999989 1.00731395893 -57.88702364172 27.072525639669 105 1.007313958931 -63.9583419023 6.60605543526 119.99999999999 1.00731395893 -61.38630218783 -13.67580572189 135 1.00731395893 -51.96152422706 -30 150 1.00731395893 31.373270048936 21.395969210825 0.0000000000000284217094304 1.002414195399 24.651528080019 31.252172681308 15.000000000003 1.002414195399 15.534704210457 39.475147017859 29.999999999994 1.002414195399 3.844842569508 45.768837150842 45.000000000004 1.002414195399 -10.78262176553 49.018504745076 60.000000000005 1.002414195399 -27.82898847135 47.105295479911 74.99999999999 1.002414195399 -44.64996832439 37.796480209925 90.000000000005 1.002414195399 -56.72575019389 21.515526071065 105 1.002414195399 -61.01891110003 1.708410306259 119.99999999999 1.002414195399 -57.14251802677 -17.30964861051 135 1.002414195399 -47.0599050734 -32.09395381623 150 1.002414195399 28.338546993001 23.284026523048 0 0.999512632189 21.02365432592 32.18684362771 15.000000000003 0.999512632189 11.545340300797 39.312288013241 29.999999999991 0.999512632189 -0.242095941261 44.360235127348 45.000000000011 0.999512632189 -14.59338095478 46.226927457575 59.999999999993 0.999512632189 -30.82709193234 42.918708558055 75.000000000003 0.999512632189 -46.20720490271 32.515393381258 89.999999999996 0.999512632189 -56.42216603425 15.813518995394 105 0.999512632189 -58.84670957792 -3.610388469203 119.99999999999 0.999512632189 -53.48015949012 -21.57181412757 135 0.999512632189 -42.5078204895 -34.92603978457 150 0.999512632189 25.61817560796 25.61817560796 0 0.998551138584 17.569988379125 33.666362836794 15.000000000001 0.998551138584 7.566041401494 39.758980753837 30 0.998551138584 -4.508013613142 43.586954052567 44.999999999994 0.998551138584 -18.79635160643 44.040666554273 60.000000000015 0.998551138584 -34.43716563836 39.225759756798 74.999999999983 0.998551138584 -48.55585595646 27.517875428975 90.000000000008 0.998551138584 -56.99043489135 10.115103875934 105 0.998551138584 -57.50428871384 -9.21379357231 119.99999999999 0.998551138584 -50.49954425519 -26.35498256868 135 0.998551138584 -38.42726341194 -38.42726341194 150 0.998551138584 23.284026523048 28.338546993001 0.0000000000000284217094304 0.999512632189 14.381209418384 35.653439660081 15.000000000004 0.999512632189 3.700808935248 40.805084054834 29.99999999999 0.999512632189 -8.841894570679 43.470794464782 45.000000000012 0.999512632189 -23.28269802465 42.518367355208 59.999999999992 0.999512632188 -38.5664176624 36.124182620298 75.000000000003 0.99951263219 -51.63654018302 22.935219850407 89.999999999996 0.999512632189 -58.4178975172 4.569185122521 105 0.999512632189 -57.02880853259 -14.95610679287 119.99999999999 0.999512632189 -48.28026544156 -31.53548148888 135 0.999512632189 -34.92603978457 -42.5078204895 150 0.999512632189 21.395969210825 31.373270048936 0.0000000000000284217094304 1.002414195399 11.539765740341 38.095012017852 15.000000000002 1.002414195399 0.05009991746348 42.421831136649 29.999999999996 1.002414195399 -13.1306111027 44.013138045293 45 1.002414195399 -27.93477912627 41.698043776032 60.00000000001 1.002414195399 -43.10592355394 33.693334892082 74.999999999984 1.002414195399 -55.36712967818 18.885829047908 90.000000000012 1.002414195399 -60.66519677757 -0.680071402678 104.99999999999 1.002414195399 -57.43049045143 -20.68731360318 120 1.002414195399 -46.87825902196 -36.97729212002 134.99999999999 1.002414195399 -32.09395381623 -47.0599050734 150 1.002414195399 20 34.641016151378 0 1.00731395893 9.117203814594 40.924201458557 15.000000000005 1.00731395893 -3.292500050351 44.56300243302 29.999999999985 1.00731395893 -17.26273869877 45.195130123459 45.000000000024 1.007313958931 -32.6301897457 41.59603551923 59.999999999973 1.00731395893 -47.93445762077 31.991744829647 75.000000000024 1.007313958931 -59.6457572728 15.471390636762 89.999999999981 1.00731395893 -63.66789584303 -5.498016872305 105.00000000001 1.007313958931 -58.69257658896 -26.25815912541 119.99999999999 1.00731395893 -46.3241942781 -42.53674626629 135 1.00731395893 -30 -51.96152422706 150 1.00731395893 0 0.763337317515 7 7 0 150 11 11
8 2 13 2 5 2 2 37.016879798136 20.568605251832 2.220267356543 1 36.926389613753 20.60056497068 2.23167886044 1 36.837696516404 20.631889986474 2.242863737926 1 36.750800506089 20.662580299215 2.253821989002 1 36.665701582809 20.692635908901 2.264553613666 1 36.582399746564 20.722056815534 2.27505861192 1 36.500894997353 20.750843019113 2.285336983763 1 36.421187335177 20.778994519638 2.295388729195 1 36.343276760035 20.806511317109 2.305213848216 1 36.267163271928 20.833393411526 2.314812340827 1 36.192846870856 20.85964080289 2.324184207027 1 36.120327556818 20.8852534912 2.333329446816 1 36.049605329815 20.910231476456 2.342248060194 1 35.077761058833 21.253471683959 2.464805050889 1 34.183761830337 21.601481935772 2.586072303478 1 33.298857867341 21.977597681053 2.715011834647 1 32.423160373248 22.38075128212 2.851822791077 1 31.556616927093 22.809892900675 2.996641653224 1 30.698964368536 23.264052480177 3.149543907549 1 29.849723817578 23.742389253197 3.310539988538 1 29.008227599027 24.244231906384 3.479566302674 1 28.173667864074 24.769112556193 3.656472149701 1 27.345156673255 25.316797663086 3.841003352637 1 26.521787334906 25.887319038704 4.032783412039 1 25.702686766389 26.481008076513 4.231292996421 1 24.071410565147 27.716064632855 4.640404170496 1 23.259268705948 28.357406215109 4.850992544536 1 22.44964718542 29.023438505639 5.067033774058 1 21.64298107354 29.714016178668 5.287110347116 1 20.835364815784 30.434116255863 5.511928510058 1 20.034867113904 31.176892200728 5.736176568193 1 19.228055676507 31.958886650513 5.964953080695 1 18.433862334102 32.763752305127 6.188254912016 1 17.637682886504 33.611517299319 6.41126030009 1 16.853734778922 34.493060057313 6.627438611005 1 16.081524205594 35.415790178864 6.836372423082 1 15.328064105643 36.379645130835 7.035652096407 1 14.553998897544 37.447888377873 7.235535405357 1 14.507864982691 37.511555162641 7.247448354626 1 14.461080534908 37.576119710806 7.259529288032 1 14.413645554194 37.641582022367 7.271778205572 1 14.365560040548 37.707942097326 7.284195107249 1 14.316823993972 37.775199935681 7.296779993061 1 14.267437414464 37.843355537434 7.309532863008 1 14.217400302025 37.912408902583 7.322453717091 1 14.166712656654 37.982360031129 7.33554255531 1 14.115374478353 38.053208923073 7.348799377664 1 14.06338576712 38.124955578413 7.362224184154 1 14.010746522956 38.197599997151 7.375816974779 1 13.957456745861 38.271142179285 7.38957774954 1 36.484886572584 19.178494246646 -0.0000000000002497481795921 0.874589043656 36.397108208439 19.211295713407 -0.0000000000002279991976903 0.875085962011 36.310759069464 19.243563100018 -0.0000000000002066043371331 0.87550006064 36.225812632563 19.275306317764 -0.0000000000001855570262522 0.875831339542 36.142243215399 19.306534963752 -0.0000000000001648509016944 0.87607979872 36.060025950522 19.337258330579 -0.0000000000001444798020134 0.876245438171 35.979136760718 19.367485415539 -0.0000000000001244377615604 0.876328257897 35.899552335506 19.397224929412 -0.0000000000001047190046608 0.876328257897 35.821250108741 19.426485304831 -0.00000000000008531794006615 0.876245438171 35.744208237284 19.455274704251 -0.00000000000006622915566781 0.87607979872 35.668405580688 19.483601027542 -0.00000000000004744741346425 0.875831339542 35.593821681863 19.511471919213 -0.00000000000002896764477067 0.87550006064 35.520436748689 19.538894775286 -0.00000000000001078494566225 0.875085962011 34.494710324077 19.922193456578 0.0000000000002433608869978 0.868079414674 33.554239510687 20.314800909415 -0.000000000001059152765492 0.861094084584 32.628323291769 20.743019264575 0.000000000002942979193676 0.853605149568 31.718516263499 21.206037633565 -0.000000000005861977570021 0.845586424404 30.826373076454 21.702947876471 0.000000000009068745754348 0.837012985144 29.953429419821 22.232762701184 -0.00000000001111422065492 0.82786090927 29.101206188381 22.794421813911 0.00000000001099742519273 0.818107256915 28.271228593887 23.386789477537 -0.000000000008754330593774 0.807730336354 27.465051738789 24.008646430262 0.00000000000562883073485 0.796710297525 26.684283619794 24.658678704303 -0.000000000002794653397586 0.78503009664 25.930595537294 25.33546547899 0.000000000001012967487668 0.772676875697 25.205708340702 26.037467716051 -0.0000000000001891820033961 0.759643800025 23.790967790867 27.51574325129 0.0000000000001492139745096 0.732220994994 23.099769883433 28.297656549067 -0.0000000000005009326287109 0.717832363837 22.440030768038 29.107500815801 0.000000000001347366662685 0.702759255871 21.813383472715 29.944303515533 -0.000000000002855493619336 0.687059540841 21.224221523641 30.805625517526 0.000000000005151434834261 0.670608415352 20.67131559591 31.690427216477 -0.000000000007746248087415 0.653780274354 20.162504748237 32.597043912806 0.000000000009502620912372 0.636086655076 19.695671177241 33.518589614123 -0.000000000009097611552988 0.618285962692 19.274771657114 34.459845004751 0.000000000006639133687258 0.599915281657 18.902293131521 35.408890745309 -0.000000000003579359031392 0.581472751908 18.577050237406 36.368091594433 0.000000000001369571123178 0.563006344079 18.299096237071 37.333451864589 -0.0000000000002864375403533 0.544750892277 18.051892707305 38.366943372571 0.000000000000025618793001 0.525782941587 18.036015857839 38.433320212386 0.00000000000004566086697283 0.524854158352 18.01929211265 38.503237695568 0.0000000000000667720161896 0.524111131764 18.001735666728 38.576636476677 0.00000000000008893432166423 0.523553861823 17.983362559534 38.65344949904 0.0000000000001121275360521 0.523182348529 17.964190627855 38.733602191848 0.0000000000001363291431604 0.522996591882 17.944239448835 38.817012708316 0.0000000000001615144298621 0.522996591882 17.923530273561 38.903592203373 0.0000000000001876565699401 0.523182348529 17.902085951656 38.993245148878 0.0000000000002147267192667 0.523553861823 17.87993084747 39.085869684041 0.0000000000002426941216094 0.524111131764 17.857090748482 39.181357998336 0.0000000000002715262242509 0.524854158352 17.833592766659 39.279596743927 0.0000000000003011888025165 0.525782941587 17.809465233526 39.380467474311 0.0000000000003316460922218 0.526897481468 35.506809673502 16.676618157749 -0.0000000000001233483496002 1 35.424997792811 16.700148396921 -0.0000000000001133817650973 1 35.34318591212 16.723678636092 -0.0000000000001034151805943 1 35.261374031429 16.747208875264 -0.00000000000009344859609142 1 35.179562150738 16.770739114435 -0.00000000000008348201158849 1 35.097750270047 16.794269353607 -0.00000000000007351542708555 1 35.015938389357 16.817799592778 -0.00000000000006354884258262 1 34.934126508666 16.84132983195 -0.00000000000005358225807969 1 34.852314627975 16.864860071121 -0.00000000000004361567357676 1 34.770502747284 16.888390310293 -0.00000000000003364908907383 1 34.688690866593 16.911920549464 -0.0000000000000236825045709 1 34.606878985903 16.935450788636 -0.00000000000001371592006796 1 34.525067105212 16.958981027807 -0.000000000000003749335565031 1 33.371519827924 17.290757330969 0.0000000000001367794766338 1 32.305473462934 17.635815953956 -0.0000000000005431211036465 1 31.246114665954 18.017325103324 0.000000000001367350677129 1 30.19427823428 18.434979869484 -0.000000000002373656826644 1 29.150710709091 18.888507702871 0.00000000000311306536106 1 28.11611411907 19.377662187416 -0.00000000000309530179264 1 27.091167230269 19.902230134694 0.000000000002391420395055 1 26.076533536633 20.46204676784 -0.000000000001388666959195 1 25.072865242735 21.057013786076 0.0000000000006115108419653 1 24.080812468322 21.687115074111 -0.0000000000002007283228519 1 23.101046927973 22.352424848354 0.0000000000001016964290557 1 22.134309317539 23.053103007305 -0.0000000000000737188088351 1 20.22866999387 24.525641936787 0.0000000000002051692149508 1 19.289804886342 25.297413574091 -0.000000000001231903468123 1 18.365291641409 26.10588452659 0.000000000003657074643121 1 17.458484841012 26.946554163775 -0.000000000007465583706763 1 16.562747725135 27.83529310307 0.00000000001161115648081 1 15.69736199548 28.737501841939 -0.00000000001411804007024 1 14.83324407615 29.712127756595 0.00000000001366640134403 1 14.011392202972 30.687622808067 -0.00000000001053823694967 1 13.197523386863 31.728933170205 0.000000000006493472426455 1 12.418165882695 32.797327730757 -0.000000000003105515844475 1 11.666616019435 33.907819093684 0.000000000001108446667787 1 10.949586951822 35.055141220613 -0.0000000000002287059430727 1 10.228317835276 36.311607300669 0.00000000000002277011487211 1 10.185936704652 36.385436127998 0.00000000000003754662396692 1 10.143555574029 36.459264955326 0.00000000000005232313306173 1 10.101174443405 36.533093782655 0.00000000000006709964215654 1 10.058793312782 36.606922609983 0.00000000000008187615125135 1 10.016412182158 36.680751437312 0.00000000000009665266034616 1 9.974031051535 36.75458026464 0.000000000000111429169441 1 9.931649920911 36.828409091969 0.0000000000001262056785358 1 9.889268790288 36.902237919297 0.0000000000001409821876306 1 9.846887659664 36.976066746626 0.0000000000001557586967254 1 9.804506529041 37.049895573954 0.0000000000001705352058202 1 9.762125398417 37.123724401283 0.000000000000185311714915 1 9.719744267794 37.197553228612 0.0000000000002000882240098 1 0 26.174596211357 3 3 -1.908874923304 -0.909844309418 12.17745379626 25.264751901939 26.081756329808 14 12 12 12 14
1 0 0 150 0 0 1 0 1 0 -1 0 0
8 2 13 2 5 2 2 21.773255648105 36.321374567569 2.220267356544 1 21.678908990212 36.303807403797 2.231678860441 1 21.58643600687 36.286589114574 2.242863737927 1 21.49583669808 36.2697196999 2.253821989002 1 21.407111063842 36.253199159775 2.264553613667 1 21.320259104155 36.237027494199 2.27505861192 1 21.23528081902 36.221204703171 2.285336983763 1 21.152176208437 36.205730786693 2.295388729195 1 21.070945272405 36.190605744763 2.305213848217 1 20.991588010925 36.175829577382 2.314812340827 1 20.914104423996 36.161402284549 2.324184207027 1 20.83849451162 36.147323866266 2.333329446816 1 20.764758273795 36.133594322531 2.342248060195 1 19.751496342851 35.944926926338 2.464805050889 1 18.803265174101 35.79931303094 2.586072303479 1 17.848857989602 35.682586839607 2.715011834645 1 16.888904913149 35.593879352751 2.851822791082 1 15.923885466017 35.532255173075 2.996641653215 1 14.954056772946 35.496742627162 3.14954390756 1 13.979424495362 35.4863741485 3.310539988526 1 12.999746066338 35.500234525768 3.479566302684 1 12.01455580997 35.537514634838 3.656472149693 1 11.023201517965 35.597568255363 3.841003352641 1 10.024882066444 35.67996959083 4.032783412037 1 9.018675646951 35.78456909528 4.231292996421 1 6.988420737914 36.038521347551 4.640404170495 1 5.964414465248 36.187868520728 4.850992544541 1 4.930245515742 36.359858643667 5.067033774043 1 3.886363334003 36.554583396167 5.287110347147 1 2.826897099602 36.774400226869 5.511928510011 1 1.762257781799 37.017414214242 5.736176568247 1 0.672541355893 37.291235553852 5.964953080644 1 -0.417683081298 37.591172986931 6.188254912057 1 -1.531077206087 37.927269283978 6.411260300062 1 -2.650767561452 38.298733653471 6.62743861102 1 -3.780886595817 38.71173609275 6.836372423076 1 -4.915329659094 39.169728916797 7.035652096408 1 -6.119811417014 39.707822102094 7.235535405356 1 -6.191597951635 39.739892197653 7.247448354626 1 -6.264396746 39.772414512655 7.259529288031 1 -6.338207800108 39.8053890471 7.271778205572 1 -6.413031113958 39.838815800988 7.284195107248 1 -6.488866687552 39.872694774319 7.29677999306 1 -6.565714520888 39.907025967092 7.309532863007 1 -6.643574613968 39.941809379308 7.322453717091 1 -6.72244696679 39.977045010967 7.335542555309 1 -6.802331579355 40.012732862069 7.348799377663 1 -6.883228451663 40.048872932613 7.362224184153 1 -6.965137583714 40.0854652226 7.375816974778 1 -7.048058975508 40.12250973203 7.389577749539 1 22.007591502728 34.851506510221 -0.0000000000001572040067631 0.874589043656 21.915172476096 34.836024231645 -0.0000000000001431407553078 0.875085962011 21.824258234843 34.820794038676 -0.0000000000001293064845715 0.87550006064 21.734820853653 34.805811253192 -0.0000000000001156969452049 0.875831339542 21.646833292415 34.791071345361 -0.0000000000001023080225585 0.87607979872 21.560269368989 34.776569929084 -0.00000000000008913573253926 0.876245438171 21.475103733247 34.76230275764 -0.00000000000007617621765981 0.876328257897 21.391311842331 34.748265719545 -0.00000000000006342574327362 0.876328257897 21.30886993707 34.734454834599 -0.00000000000005088069398683 0.876245438171 21.227755019523 34.720866250128 -0.00000000000003853757024053 0.87607979872 21.147944831591 34.707496237396 -0.00000000000002639298505626 0.875831339542 21.06941783466 34.694341188197 -0.0000000000000144436609386 0.87550006064 20.99215319024 34.681397611614 -0.000000000000002686426928625 0.875085962011 19.912198708548 34.500480794543 0.0000000000001616484723854 0.868079414674 18.901423366212 34.370253415719 -0.0000000000007123190925995 0.861094084584 17.885447221287 34.2781432802 0.000000000002083666572616 0.853605149568 16.866022037737 34.22422543602 -0.000000000004342304293914 0.845586424404 15.844948252543 34.20849073627 0.000000000007001954571706 0.837012985143 14.824049457398 34.230852005435 -0.000000000008724576616714 0.827860909271 13.805172932991 34.291151449628 0.000000000008629541525806 0.818107256914 12.790207419704 34.389168097439 -0.000000000006780798145201 0.807730336356 11.781109306935 34.524623588486 0.000000000004251266005895 0.796710297524 10.779928144369 34.697183991578 -0.000000000002057909398445 0.785030096641 9.788821731065 34.906454490157 0.0000000000007407408020299 0.772676875697 8.810049885403 35.151962662668 -0.0000000000001354472090043 0.759643800025 6.845710861864 35.72481655506 0.0000000000001127986593019 0.732220994994 5.85615926609 36.056374380776 -0.0000000000003721467578544 0.717832363837 4.879886298936 36.427850531179 0.000000000001175060049263 0.702759255869 3.918792472076 36.839219279439 -0.00000000000293276514185 0.687059540845 2.977902256283 37.290565039478 0.000000000005840217198738 0.670608415347 2.056670827442 37.780372824185 -0.000000000009029221814671 0.653780274361 1.162719359508 38.311120490917 0.00000000001096811530488 0.636086655069 0.297656777009 38.875785693445 -0.00000000001036237762264 0.618285962698 -0.537480595171 39.480487013167 0.00000000000761080087841 0.599915281654 -1.334579330976 40.116145471014 -0.000000000004202416192811 0.581472751909 -2.095848364245 40.784216326646 0.000000000001685318551381 0.563006344079 -2.819243724695 41.481265844233 -0.0000000000003987921104454 0.544750892277 -3.550074015369 42.252693979859 0.00000000000003714113099813 0.525782941587 -3.597012190246 42.302239584628 0.00000000000006513930100127 0.524854158352 -3.646454120018 42.354428028638 0.00000000000009463093672534 0.524111131764 -3.698357838741 42.409215014724 0.0000000000001255910058884 0.523553861823 -3.752675927499 42.466550489836 0.0000000000001579912235636 0.523182348529 -3.809355653777 42.526378792149 0.0000000000001918001353118 0.522996591882 -3.868339139877 42.588638828843 0.0000000000002269832176435 0.522996591882 -3.929563559285 42.653264283372 0.0000000000002635029951464 0.523182348529 -3.992961359574 42.720183850752 0.000000000000301319173448 0.523553861823 -4.058460510204 42.789321499123 0.0000000000003403887870237 0.524111131764 -4.125984773299 42.860596755574 0.0000000000003806663607135 0.524854158352 -4.195453995292 42.933925013979 0.0000000000004221040836845 0.525782941587 -4.266784417107 43.009217862424 0.0000000000004646519944544 0.526897481468 22.411490105717 32.195779810575 0.00000000000002165528453473 1 22.328873819122 32.175251655109 0.00000000000002060438616878 1 22.246257532526 32.154723499643 0.00000000000001955348780282 1 22.163641245931 32.134195344177 0.00000000000001850258943687 1 22.081024959335 32.113667188711 0.00000000000001745169107091 1 21.99840867274 32.093139033245 0.00000000000001640079270495 1 21.915792386145 32.07261087778 0.000000000000015349894339 1 21.833176099549 32.052082722314 0.00000000000001429899597304 1 21.750559812954 32.031554566848 0.00000000000001324809760708 1 21.667943526359 32.011026411382 0.00000000000001219719924113 1 21.585327239763 31.990498255917 0.00000000000001114630087517 1 21.502710953168 31.969970100451 0.00000000000001009540250921 1 21.420094666573 31.949441944985 0.000000000000009044504143258 1 20.255205268395 31.659995013252 -0.000000000000005773159728051 1 19.159452723204 31.425801364062 0.0000000000000737188088351 1 18.051266518621 31.226518580689 -0.0000000000001345590305846 1 16.931522065073 31.062300002396 0.0000000000002069455717899 1 15.801002161016 30.933282864754 -0.0000000000002282618538633 1 14.660437989106 30.839604779871 0.0000000000003326228181769 1 13.510523972239 30.781420503654 -0.0000000000004813927034786 1 12.351917101444 30.758919082771 0.0000000000006070699498639 1 11.185231352832 30.772341487893 -0.0000000000005431211036473 1 10.011037804282 30.821998823167 0.0000000000004010125564944 1 8.829881069463 30.908291218831 -0.000000000000234035013591 1 7.642322660559 31.031727499159 0.000000000000136335387424 1 5.255721131069 31.354163958308 -0.0000000000002322586567516 1 4.056754278578 31.553105248407 0.000000000001448619002531 1 2.851866846053 31.791005008902 -0.000000000004299227640553 1 1.646214302072 32.065642870976 0.00000000000912825370849 1 0.426113734789 32.387444811326 -0.00000000001489919299042 1 -0.774436660311 32.736087634506 0.00000000001939870486475 1 -2.010097688013 33.148079475437 -0.00000000002028954781954 1 -3.209589813715 33.581957035306 0.00000000001710231956059 1 -4.435076065121 34.076823853612 -0.00000000001143574124282 1 -5.644216742526 34.612401932533 0.000000000005919709167308 1 -6.850323697821 35.198340731734 -0.000000000002203570659275 1 -8.04495014908 35.833436306222 0.0000000000005040412531799 1 -9.297820567004 36.560933292261 -0.00000000000002344511226566 1 -9.37143811643 36.603680366947 -0.00000000000005443974109876 1 -9.445055665855 36.646427441633 -0.00000000000008543436993187 1 -9.518673215281 36.689174516319 -0.000000000000116428998765 1 -9.592290764707 36.731921591004 -0.0000000000001474236275981 1 -9.665908314132 36.77466866569 -0.0000000000001784182564312 1 -9.739525863558 36.817415740376 -0.0000000000002094128852643 1 -9.813143412984 36.860162815062 -0.0000000000002404075140974 1 -9.886760962409 36.902909889748 -0.0000000000002714021429305 1 -9.960378511835 36.945656964434 -0.0000000000003023967717636 1 -10.03399606126 36.98840403912 -0.0000000000003333914005967 1 -10.10761361068 37.031151113806 -0.0000000000003643860294298 1 -10.18123116011 37.073898188492 -0.0000000000003953806582629 1 0 26.174596211353 3 3 -1.908874923305 -0.909844309418 12.177453796258 25.264751901935 26.081756329806 14 12 12 12 14
8 6 10 2 2 2 2 0.000000000000009769962616701 40 0 1.00731395893 -12.56637061436 39.999999999999 15.000000000004 1.00731395893 -25.13288990207 36.946442150728 29.999999999988 1.00731395893 -37.54753531376 30.508761464869 45.000000000021 1.007313958931 -49.0565910097 19.708128583523 59.999999999976 1.00731395893 -57.50833043103 3.738434923477 75.000000000019 1.007313958931 -59.39043634459 -16.42426131309 89.999999999991 1.00731395893 -52.38900676941 -36.59537020336 105 1.007313958931 -37.7001827769 -52.0865211537 120 1.00731395893 -18.84955592153 -59.99999999999 134.99999999999 1.00731395893 -0.00000000000003241851231905 -60 150 1.00731395893 -2.842817850696 37.86803346758 0 1.002414195399 -14.73941142546 36.974935900056 14.999999999999 1.002414195399 -26.41912803036 33.191021995462 30.000000000004 1.002414195399 -37.71455438954 26.214149914167 44.999999999989 1.002414195399 -47.84258124753 15.171228004185 60.000000000018 1.002414195399 -54.70887677405 -0.547963237865 74.999999999979 1.002414195399 -55.05769619762 -19.76976674212 90.000000000019 1.002414195399 -46.99586725027 -38.36817768111 104.99999999998 1.002414195399 -31.98898227532 -51.98972197076 120 1.002414195399 -13.5806635861 -58.14169655265 134.99999999999 1.002414195399 4.264226776044 -56.80205020137 150 1.002414195399 -5.995284974849 36.183914863802 0 0.999512632189 -17.36279708627 34.300440540485 15.000000000003 0.999512632189 -28.27276994996 29.654702002445 29.999999999992 0.999512632189 -38.53813850876 21.970456328394 45.000000000014 0.999512632189 -47.33038399456 10.475225094827 59.999999999983 0.999512632189 -52.58223787506 -5.237690459171 75.000000000014 0.999512632189 -51.26275913357 -23.758916593 89.999999999994 0.999512632189 -41.90599219036 -40.9562696245 105 0.999512632189 -26.2966666571 -52.76793965821 120 0.999512632189 -8.058340704862 -57.10108378067 134.99999999999 0.999512632189 8.992927462274 -54.2758722957 150 0.999512632189 -9.376903071124 34.995078679084 0 0.998551138584 -20.37093128012 32.049237698917 15.000000000001 0.998551138584 -30.64926666065 26.431874436697 29.999999999998 0.998551138584 -40.00141628968 17.889422716697 45.000000000003 0.998551138584 -47.53851183881 5.742215287501 59.999999999999 0.998551138584 -51.18908725132 -10.21058039875 74.999999999997 0.998551138584 -48.10910715789 -28.2916670463 90.000000000008 0.998551138584 -37.25515436415 -44.29761245066 104.99999999999 0.998551138584 -20.77276505807 -54.4070716389 120 0.998551138584 -2.425687706816 -56.91137948887 134.99999999999 0.998551138584 14.065354606686 -52.49261801862 150 0.998551138584 -12.89988834075 34.33383196785 0 0.999512632189 -23.68617976873 30.281212523506 15.000000000003 0.999512632189 -33.48783492741 23.607536579893 29.99999999999 0.999512632189 -42.06775961453 14.078091916601 45.00000000002 0.999512632189 -48.46333526937 1.095775719606 59.999999999972 0.999512632189 -50.56766867133 -15.33740611845 75.000000000027 0.999512632189 -45.68075312334 -33.25094563683 89.999999999984 0.999512632189 -33.1659791493 -48.30679072431 105 0.999512632189 -15.56203584195 -56.86645033322 119.99999999999 0.999512632189 3.170395369162 -57.57967711829 135 0.999512632189 19.349832511131 -51.50074795177 150 0.999512632189 -16.47206425675 34.216087899632 0 1.002414195399 -27.22136529476 29.041236293782 15 1.002414195399 -36.71333348065 21.254303369576 30.000000000001 1.002414195399 -44.68180119885 10.635126240489 44.999999999998 1.002414195399 -50.07895476128 -3.343206484441 60.000000000004 1.002414195399 -50.73224573174 -20.48415740527 74.999999999993 1.002414195399 -44.0391725661 -38.50642631197 90.000000000011 1.002414195399 -29.74363927768 -52.8776372363 104.99999999998 1.002414195399 -10.79950610929 -60.07992048433 120 1.002414195399 8.584144828122 -59.08640925822 134.99999999999 1.002414195399 24.708096385133 -51.32413184944 150 1.002414195399 -20 34.641016151378 0.0000000000000284217094304 1.00731395893 -30.8827961854 28.357830844197 15.000000000004 1.00731395893 -40.23894220107 19.430112530946 29.999999999986 1.00731395893 -47.77150016364 7.647594809694 45.000000000028 1.007313958931 -52.33831832922 -7.460555490469 59.999999999962 1.00731395893 -51.67289254424 -25.51658560139 75.000000000033 1.007313958931 -43.22149595971 -43.91904570782 89.999999999983 1.00731395893 -27.07252563966 -57.88702364172 105 1.007313958931 -6.606055435261 -63.95834190231 120 1.00731395893 13.67580572189 -61.38630218783 134.99999999999 1.00731395893 30 -51.96152422706 150 1.00731395893 0 0.763337317515 7 7 0 150 11 11
8 6 10 2 2 2 2 40 -0.0000000000000239808173319 -0.0000000000000284217094304 1.00731395893 39.999999999999 12.56637061436 15.000000000002 1.00731395893 36.946442150729 25.132889902075 29.999999999996 1.00731395893 30.508761464868 37.547535313765 44.999999999997 1.007313958931 19.708128583525 49.056591009698 60.000000000014 1.00731395893 3.738434923475 57.508330431043 74.999999999983 1.007313958931 -16.42426131309 59.390436344584 90.000000000008 1.00731395893 -36.59537020336 52.389006769422 105 1.007313958931 -52.0865211537 37.700182776898 120 1.00731395893 -59.99999999999 18.849555921539 134.99999999999 1.00731395893 -60 0.00000000000004618527782441 150 1.00731395893 37.86803346758 2.842817850696 0.0000000000000284217094304 1.002414195399 36.974935900056 14.739411425461 15.000000000001 1.002414195399 33.191021995464 26.419128030364 30.000000000003 1.002414195399 26.214149914163 37.714554389547 44.999999999983 1.002414195399 15.17122800419 47.842581247535 60.000000000037 1.002414195398 -0.547963237868 54.708876774049 74.999999999955 1.002414195399 -19.76976674212 55.057696197629 90.000000000033 1.002414195399 -38.36817768111 46.995867250274 104.99999999998 1.002414195399 -51.98972197076 31.988982275326 120 1.002414195399 -58.14169655265 13.580663586103 134.99999999999 1.002414195399 -56.80205020137 -4.264226776044 150 1.002414195399 36.183914863802 5.995284974849 0 0.999512632189 34.300440540485 17.362797086274 15.000000000002 0.999512632189 29.654702002446 28.27276994996 29.999999999996 0.999512632189 21.970456328391 38.538138508762 44.999999999998 0.999512632189 10.475225094833 47.330383994559 60.000000000015 0.999512632189 -5.237690459178 52.582237875063 74.999999999978 0.999512632189 -23.75891659299 51.262759133576 90.000000000015 0.999512632189 -40.9562696245 41.905992190364 104.99999999999 0.999512632189 -52.76793965821 26.296666657103 120 0.999512632189 -57.10108378067 8.058340704862 134.99999999999 0.999512632189 -54.2758722957 -8.992927462274 150 0.999512632189 34.995078679084 9.376903071124 0.0000000000000284217094304 0.998551138584 32.049237698917 20.370931280126 15 0.998551138584 26.431874436699 30.649266660652 30.000000000004 0.998551138584 17.889422716692 40.00141628968 44.999999999982 0.998551138584 5.742215287509 47.538511838816 60.000000000036 0.998551138584 -10.21058039876 51.189087251318 74.999999999958 0.998551138585 -28.29166704629 48.109107157896 90.000000000029 0.998551138584 -44.29761245067 37.255154364156 104.99999999998 0.998551138584 -54.4070716389 20.772765058077 120 0.998551138584 -56.91137948887 2.425687706816 134.99999999999 0.998551138584 -52.49261801862 -14.06535460668 150 0.998551138584 34.333831967851 12.899888340754 0.0000000000000284217094304 0.999512632189 30.281212523506 23.686179768733 15.000000000001 0.999512632189 23.607536579892 33.48783492742 30.000000000002 0.999512632189 14.078091916604 42.067759614535 44.999999999986 0.999512632189 1.095775719601 48.463335269372 60.000000000032 0.999512632189 -15.33740611845 50.567668671337 74.99999999996 0.999512632189 -33.25094563684 45.680753123342 90.000000000029 0.999512632189 -48.30679072431 33.1659791493 104.99999999998 0.999512632189 -56.86645033322 15.562035841954 120 0.999512632189 -57.57967711829 -3.170395369162 134.99999999999 0.999512632189 -51.50074795177 -19.34983251113 150 0.999512632189 34.216087899632 16.472064256756 -0.0000000000000284217094304 1.002414195399 29.041236293783 27.221365294763 14.999999999999 1.002414195399 21.254303369573 36.713333480659 30.000000000007 1.002414195399 10.635126240496 44.68180119885 44.999999999976 1.002414195399 -3.34320648445 50.078954761292 60.000000000045 1.002414195399 -20.48415740526 50.732245731739 74.999999999949 1.002414195399 -38.50642631198 44.039172566107 90.000000000037 1.002414195399 -52.8776372363 29.743639277686 104.99999999998 1.002414195399 -60.07992048433 10.799506109298 120 1.002414195399 -59.08640925822 -8.584144828123 134.99999999999 1.002414195399 -51.32413184944 -24.70809638513 150 1.002414195399 34.641016151378 20 0 1.00731395893 28.357830844197 30.882796185406 15.000000000002 1.00731395893 19.430112530944 40.238942201076 29.999999999996 1.00731395893 7.647594809696 47.771500163653 44.999999999999 1.007313958931 -7.460555490472 52.338318329217 60.000000000009 1.00731395893 -25.51658560139 51.672892544257 74.999999999988 1.007313958931 -43.91904570783 43.221495959703 90.000000000005 1.00731395893 -57.88702364172 27.072525639671 105 1.007313958931 -63.95834190231 6.606055435259 120 1.00731395893 -61.38630218783 -13.67580572189 134.99999999999 1.00731395893 -51.96152422706 -30 150 1.00731395893 0 0.763337317515 7 7 0 150 11 11
8 2 13 2 5 2 2 42.341860899938 -0.695505230567 2.220267356543 1 42.279473960893 -0.622582209955 2.23167886044 1 42.218325993346 -0.551107401829 2.242863737926 1 42.158416997297 -0.481080806188 2.253821989002 1 42.099746972746 -0.412502423034 2.264553613666 1 42.042315919692 -0.345372252365 2.27505861192 1 41.986123838136 -0.279690294181 2.285336983763 1 41.931170728078 -0.215456548484 2.295388729195 1 41.877456589517 -0.152671015272 2.305213848217 1 41.824981422454 -0.09133369454658 2.314812340827 1 41.773745226889 -0.03144458630651 2.324184207027 1 41.723748002821 0.02699630944779 2.333329446816 1 41.674989750251 0.08398899271631 2.342248060194 1 41.004968026798 0.867165867503 2.464805050888 1 40.404747109923 1.615551200613 2.586072303483 1 39.826455670519 2.383728972242 2.715011834635 1 39.269656195534 3.170718979538 2.8518227911 1 38.733778366293 3.97563824594 2.996641653188 1 38.218109253597 4.797778258661 3.149543907593 1 37.721813748107 5.636650330899 3.310539988496 1 37.243977973067 6.49200692675 3.479566302706 1 36.783668365953 7.363846770764 3.656472149681 1 36.339999181149 8.252411582103 3.841003352646 1 35.912201105117 9.158182255929 4.032783412036 1 35.499683723467 10.081882328887 4.231292996421 1 34.704485370771 11.967110782412 4.640404170497 1 34.321820680335 12.928599814736 4.850992544532 1 33.953684021448 13.910211458374 5.067033774068 1 33.600379512535 14.911602322372 5.287110347099 1 33.261013355671 15.93903541148 5.511928510083 1 32.939149982278 16.982547099854 5.736176568163 1 32.631428006649 18.063179877828 5.964953080725 1 32.346069223643 19.157310652437 6.188254911991 1 32.080440093339 20.289586397732 6.411260300106 1 31.842292495812 21.44499887442 6.627438610997 1 31.634903583064 22.630211887204 6.836372423085 1 31.464315471738 23.841664811144 7.035652096406 1 31.32807696086 25.153823204551 7.235535405357 1 31.319957211006 25.232027214963 7.247448354626 1 31.311722964807 25.311333977749 7.259529288031 1 31.303374222261 25.391743492909 7.271778205572 1 31.294910983369 25.473255760442 7.284195107249 1 31.286333248132 25.55587078035 7.296779993061 1 31.277641016548 25.639588552632 7.309532863008 1 31.268834288619 25.724409077288 7.322453717091 1 31.259913064344 25.810332354318 7.33554255531 1 31.250877343722 25.897358383722 7.348799377664 1 31.241727126755 25.985487165499 7.362224184154 1 31.232462413442 26.074718699651 7.37581697478 1 31.223083203783 26.165052986177 7.389577749541 1 41.186085749374 -1.633380062363 0.000000000000305152547804 0.874589043656 41.126468189503 -1.561083976794 0.0000000000002797651084036 0.875085962011 41.067821334861 -1.489965030788 0.0000000000002547910324524 0.87550006064 41.010127171417 -1.420001379372 0.0000000000002302226488864 0.875831339543 40.953368256167 -1.351171870037 0.0000000000002060525298068 0.87607979872 40.897527699567 -1.283456021438 0.0000000000001822734829986 0.876245438171 40.842589148786 -1.216834003078 0.0000000000001588785448005 0.876328257897 40.788536771743 -1.151286615961 0.0000000000001358609733069 0.876328257897 40.735355241901 -1.086795274141 0.0000000000001132142418909 0.876245438171 40.683029723774 -1.023341987156 0.00000000000009093203303485 0.87607979872 40.631545859133 -0.960909343292 0.0000000000000690082324551 0.875831339543 40.580889753874 -0.899480493666 0.00000000000004743692351011 0.87550006064 40.531047965526 -0.839039137076 0.00000000000002621238188163 0.875085962011 39.834392165126 0.005770470464448 -0.0000000000002704503287987 0.868079414674 39.216224275625 0.816013905039 0.00000000000127231558622 0.861094084585 38.628466485865 1.649819988413 -0.000000000003512745649914 0.853605149565 38.0720596713 2.50570917255 0.000000000007164935311721 0.845586424409 37.547896129011 3.382117659778 -0.00000000001147704153937 0.837012985136 37.05681215859 4.277422585651 0.00000000001492495016464 0.82786090928 36.599594746888 5.18994526122 -0.00000000001577671326913 0.818107256906 36.176996897254 6.117939503565 0.00000000001344035993611 0.807730336361 35.789755737186 7.059571849693 -0.000000000009030998171511 0.796710297521 35.438606848678 8.012900371784 0.000000000004604316927725 0.785030096642 35.124287210053 8.975858952865 -0.0000000000016004975123 0.772676875696 34.847517601454 9.946254321966 0.0000000000002593480985524 0.759643800025 34.361454113153 11.933848764195 -0.00000000000008570921750106 0.732220994994 34.15381581516 12.956604497341 -0.0000000000001412203687323 0.717832363836 33.987387114727 13.987819763143 0.000000000001022737450285 0.702759255873 33.863095987626 15.025835806729 -0.0000000000028448354783 0.687059540838 33.78352777379 16.066343515815 0.000000000005587086349124 0.670608415357 33.747098043932 17.109057228323 -0.000000000008475886659198 0.653780274348 33.759763272313 18.148615742615 0.00000000001025490803386 0.636086655081 33.816246391124 19.180114516271 -0.000000000009777512133269 0.618285962688 33.92236440959 20.205715356004 0.000000000007360778653265 0.59991528166 34.074311414326 21.213852339523 -0.000000000004245048756957 0.581472751906 34.272243230191 22.207166089229 0.000000000001783462266758 0.56300634408 34.514208139894 23.182169607165 -0.0000000000004276579090856 0.544750892277 34.816869357203 24.200801272554 0.00000000000003380721417766 0.525782941587 34.83630802214 24.266223726789 0.00000000000006344519023297 0.524854158352 34.856783575551 24.335135915988 0.000000000000094664101802 0.524111131764 34.878278637937 24.407479347996 0.0000000000001274374505039 0.523553861823 34.900773571542 24.483187930301 0.0000000000001617352948108 0.523182348529 34.924246538072 24.562188164294 0.0000000000001975243380498 0.522996591882 34.94867356844 24.644399380007 0.0000000000002347680347481 0.522996591882 34.97402864409 24.729734009811 0.0000000000002734267146212 0.523182348529 35.000283789306 24.818097899095 0.0000000000003134577233224 0.523553861823 35.027409173839 24.909390651653 0.0000000000003548155789081 0.524111131764 35.055373225038 25.003506007091 0.0000000000003974521428144 0.524854158352 35.084142748637 25.10033224732 0.0000000000004413168040073 0.525782941587 35.113683057206 25.199752628898 0.0000000000004863566748444 0.526897481468 39.088108263467 -3.311029862927 0.0000000000001529497813812 1 39.029022216043 -3.249746137702 0.0000000000001414576992502 1 38.96993616862 -3.188462412477 0.0000000000001299656171193 1 38.910850121197 -3.127178687252 0.0000000000001184735349883 1 38.851764073773 -3.065894962027 0.0000000000001069814528574 1 38.792678026349 -3.004611236802 0.00000000000009548937072642 1 38.733591978926 -2.943327511577 0.00000000000008399728859547 1 38.674505931502 -2.882043786352 0.00000000000007250520646451 1 38.615419884078 -2.820760061127 0.00000000000006101312433356 1 38.556333836654 -2.759476335902 0.00000000000004952104220261 1 38.497247789229 -2.698192610677 0.00000000000003802896007166 1 38.438161741805 -2.636908885452 0.0000000000000265368779407 1 38.37907569438 -2.575625160227 0.00000000000001504479580975 1 37.545962599353 -1.711524814672 -0.0000000000001469935284603 1 36.795268677208 -0.879672098868 0.0000000000007229772336367 1 36.068591621818 -0.01959608527127 -0.000000000002047695346613 1 35.366501934807 0.868021768119 0.000000000004320099833444 1 34.689509863509 1.78257215567 -0.000000000007074785202069 1 34.038100176972 2.723490660777 0.000000000009273026790957 1 33.412754106502 3.690253273419 -0.000000000009737988193519 1 32.813963869616 4.682385546101 0.000000000008232081683035 1 32.242245138705 5.699476245188 -0.000000000005525802038147 1 31.698152878488 6.741186354828 0.00000000000288435941798 1 31.182305917787 7.807244290868 -0.000000000001078692690725 1 30.695425667868 8.897418181616 0.0000000000002424727085781 1 29.781363067857 11.125493964446 -0.0000000000002144950883576 1 29.354167852651 12.263300362022 0.0000000000009632294961637 1 28.9577513727 13.42571336762 -0.000000000002605915483409 1 28.592768465724 14.607158029709 0.000000000005277556169821 1 28.261406838062 15.824697086581 -0.000000000008343103985543 1 27.963065181365 17.038725638559 0.00000000001063060750525 1 27.702030068853 18.314835399746 -0.00000000001092370638403 1 27.478032994141 19.570564831963 0.000000000009042100401664 1 27.293857105197 20.879300466999 -0.000000000005912159650773 1 27.153110988186 22.19423604971 0.00000000000299094082833 1 27.057495395877 23.531724712348 -0.000000000001081801315196 1 27.010191071529 24.883849354389 0.0000000000002460254222569 1 27.013786733665 26.332615456986 -0.000000000000007809698145212 1 27.013998011568 26.417743662296 -0.00000000000002272482364802 1 27.014209289471 26.502871867606 -0.00000000000003763994915084 1 27.014420567375 26.588000072916 -0.00000000000005255507465365 1 27.014631845278 26.673128278226 -0.00000000000006747020015646 1 27.014843123181 26.758256483536 -0.00000000000008238532565927 1 27.015054401084 26.843384688845 -0.00000000000009730045116209 1 27.015265678988 26.928512894155 -0.0000000000001122155766649 1 27.015476956891 27.013641099465 -0.0000000000001271307021677 1 27.015688234794 27.098769304775 -0.0000000000001420458276705 1 27.015899512698 27.183897510085 -0.0000000000001569609531733 1 27.016110790601 27.269025715395 -0.0000000000001718760786761 1 27.016322068504 27.354153920705 -0.000000000000186791204179 1 0 26.174596211354 3 3 -1.908874923306 -0.909844309418 12.177453796259 25.264751901936 26.081756329804 14 12 12 12 14
1 0 0 0 0 0 1 0 1 0 -1 0 0
8 6 10 2 2 2 2 -20 34.641016151378 0 1.00731395893 -30.8827961854 28.357830844196 15.000000000001 1.00731395893 -40.23894220107 19.430112530948 29.999999999998 1.00731395893 -47.77150016366 7.647594809686 45.000000000003 1.007313958931 -52.3383183292 -7.46055549045 59.999999999997 1.00731395893 -51.67289254427 -25.51658560142 75 1.007313958931 -43.22149595968 -43.91904570779 90.000000000006 1.00731395893 -27.07252563967 -57.88702364175 104.99999999999 1.007313958931 -6.606055435258 -63.95834190229 120 1.00731395893 13.67580572189 -61.38630218783 134.99999999999 1.00731395893 30 -51.96152422706 150 1.00731395893 -21.39596921082 31.373270048936 -0.0000000000000142108547152 1.002414195399 -31.2521726813 24.651528080019 15.000000000002 1.002414195399 -39.47514701786 15.534704210456 29.999999999993 1.002414195399 -45.76883715083 3.844842569511 45.000000000015 1.002414195399 -49.01850474508 -10.78262176554 59.99999999998 1.002414195398 -47.1052954799 -27.82898847134 75.000000000016 1.002414195399 -37.79648020993 -44.6499683244 89.999999999996 1.002414195398 -21.51552607106 -56.72575019388 104.99999999999 1.002414195399 -1.708410306259 -61.01891110004 120 1.002414195399 17.309648610512 -57.14251802677 134.99999999999 1.002414195399 32.093953816237 -47.0599050734 150 1.002414195399 -23.28402652304 28.338546993001 0.0000000000000142108547152 0.999512632189 -32.18684362771 21.02365432592 15.000000000002 0.999512632189 -39.31228801324 11.545340300796 29.999999999994 0.999512632189 -44.36023512734 -0.242095941258 45.000000000011 0.999512632189 -46.22692745757 -14.59338095479 59.999999999987 0.999512632189 -42.91870855805 -30.82709193233 75.000000000007 0.999512632189 -32.51539338125 -46.20720490272 90.000000000005 0.999512632189 -15.81351899539 -56.42216603425 104.99999999999 0.999512632189 3.610388469204 -58.84670957792 120 0.999512632189 21.571814127577 -53.48015949012 134.99999999999 0.999512632189 34.926039784572 -42.5078204895 150 0.999512632189 -25.61817560796 25.61817560796 0 0.998551138584 -33.66636283679 17.569988379124 15.000000000002 0.998551138584 -39.75898075383 7.566041401498 29.999999999993 0.998551138584 -43.58695405256 -4.508013613153 45.000000000015 0.998551138584 -44.04066655427 -18.79635160641 59.999999999979 0.998551138584 -39.22575975679 -34.43716563838 75.000000000019 0.998551138584 -27.51787542898 -48.55585595644 89.999999999993 0.998551138584 -10.11510387593 -56.99043489136 104.99999999999 0.998551138584 9.213793572308 -57.50428871384 120 0.998551138584 26.354982568688 -50.49954425519 135 0.998551138584 38.42726341194 -38.42726341194 150 0.998551138584 -28.338546993 23.284026523048 0.0000000000000142108547152 0.999512632189 -35.65343966008 14.381209418384 15.000000000002 0.999512632189 -40.80508405483 3.70080893525 29.999999999992 0.999512632189 -43.47079446478 -8.841894570683 45.000000000018 0.999512632189 -42.5183673552 -23.28269802465 59.999999999975 0.999512632189 -36.12418262029 -38.56641766242 75.000000000021 0.999512632189 -22.9352198504 -51.63654018301 89.999999999994 0.999512632189 -4.569185122519 -58.41789751721 104.99999999999 0.999512632189 14.956106792875 -57.02880853259 120 0.999512632189 31.535481488881 -48.28026544156 134.99999999999 0.999512632189 42.507820489502 -34.92603978457 150 0.999512632189 -31.37327004893 21.395969210825 0 1.002414195399 -38.09501201785 11.539765740341 15.000000000001 1.002414195399 -42.42183113664 0.05009991746437 29.999999999995 1.002414195399 -44.01313804529 -13.1306111027 45.000000000011 1.002414195399 -41.69804377602 -27.93477912627 59.999999999985 1.002414195399 -33.69333489209 -43.10592355394 75.000000000012 1.002414195399 -18.8858290479 -55.36712967818 90 1.002414195399 0.680071402672 -60.66519677757 104.99999999999 1.002414195399 20.687313603191 -57.43049045143 120 1.002414195399 36.977292120028 -46.87825902196 134.99999999999 1.002414195399 47.059905073404 -32.09395381623 150 1.002414195399 -34.64101615137 20 0 1.00731395893 -40.92420145855 9.117203814594 15 1.00731395893 -44.56300243301 -3.292500050352 29.999999999998 1.00731395893 -45.19513012346 -17.26273869877 45.000000000006 1.007313958931 -41.59603551922 -32.6301897457 59.99999999999 1.00731395893 -31.99174482965 -47.93445762078 75.000000000006 1.007313958931 -15.47139063676 -59.64575727279 90.000000000005 1.00731395893 5.498016872309 -63.66789584304 104.99999999998 1.007313958931 26.258159125408 -58.69257658896 120 1.00731395893 42.536746266296 -46.3241942781 134.99999999999 1.00731395893 51.961524227066 -30 150 1.00731395893 0 0.763337317515 7 7 0 150 11 11
8 6 10 2 2 2 2 34.641016151378 -20 0 1.00731395893 40.924201458557 -9.117203814593 15.000000000002 1.00731395893 44.563002433019 3.29250005035 29.999999999998 1.00731395893 45.195130123462 17.262738698781 44.999999999997 1.007313958931 41.596035519226 32.630189745696 60.000000000013 1.00731395893 31.99174482965 47.934457620782 74.999999999985 1.007313958931 15.471390636761 59.645757272791 90.000000000007 1.00731395893 -5.498016872306 63.667895843044 105 1.007313958931 -26.25815912541 58.69257658896 120 1.00731395893 -42.53674626629 46.324194278107 134.99999999999 1.00731395893 -51.96152422706 30 150 1.00731395893 34.216087899632 -16.47206425675 -0.0000000000000284217094304 1.002414195399 39.39093950548 -5.722763218748 14.999999999999 1.002414195399 41.95383224082 6.284125022396 30.000000000007 1.002414195399 41.559396959057 19.554687236678 44.999999999976 1.002414195399 37.059959481995 33.847276740886 60.000000000045 1.002414195399 26.879888302697 47.653258717781 74.999999999949 1.002414195399 10.407727873238 57.566246952048 90.000000000037 1.002414195399 -9.72988294362 59.883703752179 104.99999999998 1.002414195399 -29.02992882471 53.698132277024 120 1.002414195399 -43.56185444067 40.832047942144 134.99999999999 1.002414195399 -51.32413184944 24.708096385134 150 1.002414195399 34.33383196785 -12.89988834075 0 0.999512632189 38.386451412195 -2.113596912774 15.000000000002 0.999512632189 39.818110250754 9.657586010794 29.999999999996 0.999512632189 38.296042567508 22.38977879896 45 0.999512632189 32.737003039759 35.751702362736 60.000000000009 0.999512632189 21.75514594273 48.156399017242 74.999999999988 0.999512632189 5.055554230852 56.274309974247 90.000000000005 0.999512632189 -14.51617384388 56.769788619909 105 0.999512632189 -32.55004292082 49.157551189005 120 0.999512632189 -45.42181878525 35.5292696531 135 0.999512632189 -51.50074795177 19.349832511131 150 0.999512632189 34.995078679084 -9.376903071124 0 0.998551138584 37.940919659251 1.617125137878 15.000000000002 0.998551138584 38.215308062148 13.327106317139 29.999999999999 0.998551138584 35.493402676534 25.697531335872 44.999999999992 0.998551138584 28.74216023239 38.298451266771 60.000000000022 0.998551138584 16.751921612942 49.436340155557 74.999999999972 0.998551138585 -0.446748798559 55.809542475282 90.000000000019 0.998551138584 -19.7352805272 54.4127163266 104.99999999999 0.998551138584 -36.73152365577 45.193278066593 120 0.998551138584 -48.07385654837 30.556396920187 134.99999999999 0.998551138584 -52.49261801862 14.065354606687 150 0.998551138584 36.183914863802 -5.995284974849 0 0.999512632189 38.067389187118 5.372227136575 15.000000000003 0.999512632189 37.18864386267 17.197547474941 29.999999999995 0.999512632189 33.225865043852 29.39270254818 45 0.999512632189 25.180637244722 41.422591635604 60.000000000013 0.999512632189 12.001251008918 51.461588738752 74.999999999979 0.999512632189 -5.955787059678 56.186165487244 90.000000000014 0.999512632189 -25.2519183679 52.875975846832 104.99999999999 0.999512632189 -41.46677269064 41.91034354035 120 0.999512632189 -51.45066081072 26.04419562941 134.99999999999 0.999512632189 -54.2758722957 8.992927462274 150 0.999512632189 37.86803346758 -2.842817850696 -0.0000000000000284217094304 1.002414195399 38.761131035104 9.05377572407 15 1.002414195399 36.763433398121 21.167527767072 30.000000000003 1.002414195399 31.55119009615 33.378011804806 44.999999999987 1.002414195399 22.144175635012 45.041250260471 60.000000000025 1.002414195399 7.626322177796 54.177492297358 74.999999999974 1.002414195399 -11.32795711208 57.392255359883 90.000000000011 1.002414195399 -30.92155749989 52.19756583363 105 1.002414195399 -46.63098434213 39.392606881143 119.99999999999 1.002414195399 -55.46240385008 22.109117138191 135 1.002414195399 -56.80205020137 4.264226776044 150 1.002414195399 40 -0.0000000000000106581410364 0 1.00731395893 40 12.56637061436 15.000000000003 1.00731395893 36.946442150726 25.132889902076 29.999999999993 1.00731395893 30.508761464872 37.547535313763 45.000000000004 1.007313958931 19.70812858352 49.056591009699 60.000000000002 1.00731395893 3.738434923476 57.508330431043 74.999999999997 1.007313958931 -16.42426131308 59.390436344585 89.999999999995 1.00731395893 -36.59537020337 52.38900676942 105 1.007313958931 -52.08652115369 37.7001827769 119.99999999999 1.00731395893 -59.99999999999 18.849555921539 135 1.00731395893 -60 0.0000000000000319744231092 150 1.00731395893 0 0.763337317515 7 7 0 150 11 11
8 6 10 2 2 2 2 -34.64101615137 20 0.0000000000000142108547152 1.00731395893 -40.92420145855 9.117203814593 15.000000000003 1.00731395893 -44.56300243302 -3.292500050351 29.999999999989 1.00731395893 -45.19513012345 -17.26273869877 45.000000000024 1.007313958931 -41.59603551923 -32.6301897457 59.999999999967 1.00731395893 -31.99174482963 -47.93445762077 75.000000000027 1.007313958931 -15.47139063676 -59.6457572728 89.999999999992 1.00731395893 5.498016872309 -63.66789584303 104.99999999999 1.007313958931 26.258159125409 -58.69257658896 120 1.00731395893 42.536746266295 -46.3241942781 134.99999999999 1.00731395893 51.961524227066 -30 150 1.00731395893 -34.21608789963 16.472064256756 0 1.002414195399 -39.39093950548 5.722763218748 15.000000000001 1.002414195399 -41.95383224081 -6.284125022397 29.999999999995 1.002414195399 -41.55939695905 -19.55468723667 45.000000000012 1.002414195399 -37.05995948199 -33.84727674089 59.999999999983 1.002414195399 -26.8798883027 -47.65325871777 75.000000000013 1.002414195399 -10.40772787323 -57.56624695205 90.000000000001 1.002414195399 9.729882943615 -59.88370375217 104.99999999999 1.002414195399 29.029928824713 -53.69813227702 120 1.002414195399 43.561854440673 -40.83204794214 134.99999999999 1.002414195399 51.324131849448 -24.70809638513 150 1.002414195399 -34.33383196785 12.899888340754 0 0.999512632189 -38.38645141219 2.113596912775 15.000000000002 0.999512632189 -39.81811025075 -9.657586010795 29.999999999991 0.999512632189 -38.2960425675 -22.38977879895 45.00000000002 0.999512632189 -32.73700303976 -35.75170236274 59.999999999972 0.999512632188 -21.75514594272 -48.15639901722 75.000000000022 0.99951263219 -5.055554230855 -56.27430997426 89.999999999996 0.999512632189 14.516173843884 -56.7697886199 104.99999999999 0.999512632189 32.550042920825 -49.157551189 120 0.999512632189 45.421818785257 -35.52926965309 134.99999999999 0.999512632189 51.500747951776 -19.34983251113 150 0.999512632189 -34.99507867908 9.376903071124 0 0.998551138584 -37.94091965925 -1.617125137878 15.000000000001 0.998551138584 -38.21530806214 -13.32710631713 29.999999999996 0.998551138584 -35.49340267653 -25.69753133587 45.000000000011 0.998551138584 -28.74216023238 -38.29845126676 59.999999999984 0.998551138584 -16.75192161294 -49.43634015556 75.000000000013 0.998551138584 0.446748798557 -55.80954247527 89.999999999999 0.998551138584 19.735280527203 -54.4127163266 104.99999999999 0.998551138584 36.731523655769 -45.19327806659 120 0.998551138584 48.073856548375 -30.55639692018 134.99999999999 0.998551138584 52.492618018626 -14.06535460668 150 0.998551138584 -36.1839148638 5.995284974849 0.0000000000000142108547152 0.999512632189 -38.06738918711 -5.372227136576 15 0.999512632189 -37.18864386266 -17.19754747493 29.999999999999 0.999512632189 -33.22586504385 -29.39270254818 45.000000000005 0.999512632189 -25.18063724471 -41.42259163558 59.999999999991 0.999512632189 -12.00125100891 -51.46158873877 75.000000000007 0.999512632189 5.955787059673 -56.18616548722 90.000000000003 0.999512632189 25.251918367913 -52.87597584684 104.99999999999 0.999512632189 41.466772690637 -41.91034354034 120 0.999512632189 51.450660810728 -26.04419562941 134.99999999999 0.999512632189 54.275872295703 -8.992927462274 150 0.999512632189 -37.86803346758 2.842817850696 0.0000000000000142108547152 1.002414195399 -38.7611310351 -9.053775724069 15.000000000001 1.002414195399 -36.76343339812 -21.16752776707 29.999999999995 1.002414195399 -31.55119009614 -33.37801180479 45.000000000013 1.002414195399 -22.14417563501 -45.04125026048 59.99999999998 1.002414195399 -7.626322177791 -54.17749229734 75.000000000016 1.002414195399 11.32795711208 -57.39225535989 89.999999999999 1.002414195399 30.921557499891 -52.19756583362 104.99999999999 1.002414195399 46.630984342134 -39.39260688114 120 1.002414195399 55.462403850083 -22.10911713819 134.99999999999 1.002414195399 56.80205020137 -4.264226776044 150 1.002414195399 -40 -0.0000000000000026645352591 0.0000000000000284217094304 1.00731395893 -39.99999999999 -12.56637061435 15.000000000002 1.00731395893 -36.94644215073 -25.13288990207 29.999999999992 1.00731395893 -30.50876146486 -37.54753531375 45.000000000018 1.007313958931 -19.70812858352 -49.05659100971 59.999999999974 1.00731395893 -3.738434923473 -57.50833043102 75.000000000021 1.007313958931 16.42426131309 -59.3904363446 89.999999999998 1.00731395893 36.595370203371 -52.38900676941 104.99999999999 1.007313958931 52.086521153701 -37.7001827769 120 1.00731395893 59.999999999997 -18.84955592153 134.99999999999 1.00731395893 60 -0.0000000000000310862446895 150 1.00731395893 0 0.763337317515 7 7 0 150 11 11
8 6 10 2 2 2 2 20 -34.64101615137 0 1.00731395893 30.882796185405 -28.35783084419 15.000000000001 1.00731395893 40.238942201081 -19.43011253094 29.999999999999 1.00731395893 47.771500163641 -7.647594809694 44.999999999996 1.007313958931 52.338318329234 7.460555490467 60.000000000012 1.00731395893 51.672892544238 25.516585601399 74.999999999983 1.007313958931 43.221495959719 43.91904570782 90.000000000012 1.00731395893 27.07252563966 57.887023641729 104.99999999999 1.007313958931 6.606055435264 63.958341902309 120 1.00731395893 -13.67580572189 61.386302187834 134.99999999999 1.00731395893 -30 51.961524227066 150 1.00731395893 21.395969210825 -31.37327004893 -0.0000000000000284217094304 1.002414195399 31.252172681307 -24.65152808001 15.000000000003 1.002414195399 39.475147017862 -15.53470421045 29.999999999993 1.002414195399 45.768837150837 -3.844842569506 45.000000000006 1.002414195399 49.018504745085 10.782621765534 60.000000000002 1.002414195398 47.105295479901 27.828988471358 74.999999999989 1.002414195399 37.796480209932 44.649968324388 90.000000000011 1.002414195399 21.515526071062 56.725750193896 104.99999999999 1.002414195399 1.70841030626 61.018911100036 120 1.002414195399 -17.30964861051 57.142518026778 134.99999999999 1.002414195399 -32.09395381623 47.059905073404 150 1.002414195399 23.284026523048 -28.338546993 0 0.999512632189 32.186843627709 -21.02365432592 15.000000000005 0.999512632189 39.312288013244 -11.54534030079 29.999999999984 0.999512632189 44.360235127342 0.242095941255 45.000000000028 0.999512632189 46.226927457585 14.5933809548 59.999999999966 0.999512632188 42.918708558044 30.82709193233 75.000000000032 0.99951263219 32.515393381265 46.20720490273 89.999999999973 0.999512632189 15.813518995392 56.422166034244 105.00000000001 0.999512632189 -3.610388469202 58.84670957793 119.99999999999 0.999512632189 -21.57181412757 53.480159490119 135 0.999512632189 -34.92603978457 42.507820489502 150 0.999512632189 25.61817560796 -25.61817560796 0 0.998551138584 33.666362836794 -17.56998837912 14.999999999999 0.998551138584 39.758980753838 -7.566041401496 30.000000000007 0.998551138584 43.586954052567 4.508013613148 44.999999999978 0.998551138584 44.040666554276 18.796351606423 60.000000000039 0.998551138584 39.225759756795 34.437165638382 74.999999999955 0.998551138584 27.517875428978 48.555855956447 90.000000000033 0.998551138584 10.115103875931 56.990434891363 104.99999999998 0.998551138584 -9.213793572308 57.504288713844 120 0.998551138584 -26.35498256868 50.499544255191 134.99999999999 0.998551138584 -38.42726341194 38.42726341194 150 0.998551138584 28.338546993001 -23.28402652304 0 0.999512632189 35.65343966008 -14.38120941838 15.000000000005 0.999512632189 40.805084054835 -3.700808935249 29.999999999987 0.999512632189 43.470794464779 8.841894570682 45.00000000002 0.999512632189 42.518367355211 23.282698024652 59.99999999998 0.999512632189 36.124182620293 38.566417662419 75.000000000017 0.999512632189 22.93521985041 51.636540183018 89.999999999983 0.999512632189 4.569185122518 58.41789751721 105.00000000001 0.999512632189 -14.95610679287 57.028808532593 119.99999999999 0.999512632189 -31.53548148888 48.280265441565 135 0.999512632189 -42.5078204895 34.926039784571 150 0.999512632189 31.373270048936 -21.39596921082 0 1.002414195399 38.095012017852 -11.53976574034 15.000000000001 1.002414195399 42.421831136649 -0.05009991746601 29.999999999999 1.002414195399 44.013138045294 13.130611102708 44.999999999993 1.002414195399 41.698043776032 27.934779126268 60.00000000002 1.002414195399 33.693334892083 43.105923553955 74.999999999973 1.002414195399 18.885829047906 55.367129678181 90.00000000002 1.002414195399 -0.680071402676 60.665196777582 104.99999999999 1.002414195399 -20.68731360319 57.43049045143 120 1.002414195399 -36.97729212002 46.878259021961 134.99999999999 1.002414195399 -47.0599050734 32.093953816237 150 1.002414195399 34.641016151378 -20 0 1.00731395893 40.924201458557 -9.117203814594 15.000000000003 1.00731395893 44.563002433021 3.292500050351 29.999999999994 1.00731395893 45.195130123456 17.262738698777 45.000000000004 1.007313958931 41.596035519235 32.630189745703 60.000000000003 1.00731395893 31.99174482964 47.934457620772 74.999999999993 1.007313958931 15.471390636768 59.6457572728 90.000000000001 1.00731395893 -5.49801687231 63.667895843038 105 1.007313958931 -26.2581591254 58.692576588962 119.99999999999 1.00731395893 -42.53674626629 46.324194278107 135 1.00731395893 -51.96152422706 30 150 1.00731395893 0 0.763337317515 7 7 0 150 11 11
8 6 10 2 2 2 2 -40 0.000000000000006217248937901 0 1.00731395893 -39.99999999999 -12.56637061436 15.000000000003 1.00731395893 -36.94644215072 -25.13288990207 29.999999999989 1.00731395893 -30.50876146486 -37.54753531376 45.000000000025 1.007313958931 -19.70812858352 -49.05659100969 59.999999999964 1.00731395893 -3.738434923471 -57.50833043105 75.000000000031 1.007313958931 16.424261313086 -59.39043634457 89.999999999989 1.00731395893 36.595370203375 -52.38900676942 104.99999999999 1.007313958931 52.0865211537 -37.70018277689 120 1.00731395893 59.999999999998 -18.84955592154 134.99999999999 1.00731395893 60 -0.00000000000004973799150321 150 1.00731395893 -37.86803346758 -2.842817850696 0.0000000000000142108547152 1.002414195399 -36.97493590005 -14.73941142546 15.000000000001 1.002414195399 -33.19102199546 -26.41912803036 29.999999999997 1.002414195399 -26.21414991416 -37.71455438955 45.000000000009 1.002414195399 -15.17122800418 -47.84258124752 59.999999999986 1.002414195399 0.547963237868 -54.70887677405 75.000000000011 1.002414195399 19.769766742125 -55.05769619762 90.000000000003 1.002414195399 38.368177681112 -46.99586725027 104.99999999999 1.002414195399 51.989721970766 -31.98898227532 120 1.002414195399 58.141696552655 -13.5806635861 134.99999999999 1.002414195399 56.80205020137 4.264226776044 150 1.002414195399 -36.1839148638 -5.995284974849 0 0.999512632189 -34.30044054048 -17.36279708627 15.000000000002 0.999512632189 -29.65470200244 -28.27276994996 29.999999999991 0.999512632189 -21.97045632838 -38.53813850876 45.00000000002 0.999512632189 -10.47522509483 -47.33038399456 59.999999999972 0.999512632188 5.237690459184 -52.58223787505 75.000000000024 0.99951263219 23.758916592996 -51.26275913358 89.999999999995 0.999512632189 40.956269624508 -41.90599219036 104.99999999999 0.999512632189 52.767939658211 -26.2966666571 120 0.999512632189 57.101083780676 -8.058340704862 134.99999999999 0.999512632189 54.275872295703 8.992927462274 150 0.999512632189 -34.99507867908 -9.376903071124 0 0.998551138584 -32.04923769891 -20.37093128012 15.000000000001 0.998551138584 -26.43187443669 -30.64926666065 29.999999999996 0.998551138584 -17.88942271669 -40.00141628968 45.000000000011 0.998551138584 -5.742215287509 -47.53851183881 59.999999999984 0.998551138584 10.210580398771 -51.18908725132 75.000000000013 0.998551138584 28.291667046295 -48.10910715789 89.999999999999 0.998551138584 44.297612450676 -37.25515436415 104.99999999999 0.998551138584 54.407071638899 -20.77276505807 120 0.998551138584 56.911379488876 -2.425687706816 134.99999999999 0.998551138584 52.492618018626 14.065354606686 150 0.998551138584 -34.33383196785 -12.89988834075 0 0.999512632189 -30.2812125235 -23.68617976873 15.000000000001 0.999512632189 -23.60753657989 -33.48783492742 29.999999999995 0.999512632189 -14.07809191659 -42.06775961453 45.000000000013 0.999512632189 -1.095775719612 -48.46333526937 59.999999999981 0.999512632189 15.337406118466 -50.56766867133 75.000000000016 0.999512632189 33.250945636827 -45.68075312334 89.999999999998 0.999512632189 48.306790724319 -33.16597914929 104.99999999999 0.999512632189 56.866450333223 -15.56203584195 120 0.999512632189 57.579677118291 3.170395369163 134.99999999999 0.999512632189 51.500747951776 19.349832511131 150 0.999512632189 -34.21608789963 -16.47206425675 -0.0000000000000142108547152 1.002414195399 -29.04123629378 -27.22136529476 15.000000000001 1.002414195399 -21.25430336957 -36.71333348066 29.999999999997 1.002414195399 -10.63512624049 -44.68180119884 45.000000000008 1.002414195399 3.343206484444 -50.07895476129 59.999999999988 1.002414195399 20.48415740527 -50.73224573173 75.000000000009 1.002414195399 38.50642631198 -44.03917256611 90.000000000003 1.002414195399 52.877637236307 -29.74363927768 104.99999999999 1.002414195399 60.079920484332 -10.79950610929 120 1.002414195399 59.08640925822 8.584144828123 134.99999999999 1.002414195399 51.324131849448 24.708096385133 150 1.002414195399 -34.64101615137 -20 0 1.00731395893 -28.35783084419 -30.8827961854 15.000000000003 1.00731395893 -19.43011253094 -40.23894220107 29.999999999988 1.00731395893 -7.64759480969 -47.77150016364 45.000000000026 1.007313958931 7.460555490463 -52.33831832922 59.999999999965 1.00731395893 25.516585601403 -51.67289254425 75.00000000003 1.007313958931 43.919045707816 -43.2214959597 89.99999999999 1.00731395893 57.887023641731 -27.07252563967 104.99999999999 1.007313958931 63.958341902308 -6.60605543526 120 1.00731395893 61.386302187834 13.67580572189 134.99999999999 1.00731395893 51.961524227066 30 150 1.00731395893 0 0.763337317515 7 7 0 150 11 11
8 6 10 2 2 2 2 0.0000000000000026645352591 -40 0 1.00731395893 12.566370614361 -39.99999999999 15.000000000002 1.00731395893 25.132889902073 -36.94644215072 29.999999999994 1.00731395893 37.547535313771 -30.50876146487 45.000000000009 1.007313958931 49.056591009688 -19.70812858352 59.99999999999 1.00731395893 57.508330431054 -3.738434923477 75.000000000007 1.007313958931 59.390436344575 16.42426131309 89.999999999997 1.00731395893 52.389006769426 36.595370203373 105 1.007313958931 37.700182776897 52.0865211537 120 1.00731395893 18.84955592154 59.999999999998 134.99999999999 1.00731395893 0.00000000000004485301019486 60 150 1.00731395893 2.842817850696 -37.86803346758 0.0000000000000284217094304 1.002414195399 14.739411425461 -36.97493590005 15 1.002414195399 26.419128030364 -33.19102199546 30.000000000001 1.002414195399 37.714554389546 -26.21414991416 44.999999999993 1.002414195399 47.842581247536 -15.17122800419 60.000000000014 1.002414195399 54.708876774046 0.547963237868 74.999999999981 1.002414195399 55.057696197633 19.769766742126 90.000000000018 1.002414195399 46.995867250272 38.368177681111 104.99999999998 1.002414195399 31.988982275328 51.989721970767 120 1.002414195399 13.580663586103 58.141696552655 134.99999999999 1.002414195399 -4.264226776044 56.802050201371 150 1.002414195399 5.995284974849 -36.1839148638 0.0000000000000284217094304 0.999512632189 17.362797086274 -34.30044054048 15.000000000001 0.999512632189 28.27276994996 -29.65470200244 29.999999999998 0.999512632189 38.538138508762 -21.97045632839 44.999999999998 0.999512632189 47.330383994558 -10.47522509483 60.00000000001 0.999512632189 52.582237875066 5.237690459183 74.999999999984 0.999512632189 51.262759133572 23.75891659299 90.000000000015 0.999512632189 41.905992190367 40.956269624515 104.99999999999 0.999512632189 26.296666657103 52.767939658206 120 0.999512632189 8.058340704862 57.101083780677 134.99999999999 0.999512632189 -8.992927462274 54.275872295703 150 0.999512632189 9.376903071124 -34.99507867908 0 0.998551138584 20.370931280126 -32.04923769891 15.000000000002 0.998551138584 30.649266660653 -26.4318744367 29.999999999997 0.998551138584 40.001416289678 -17.88942271668 44.999999999999 0.998551138584 47.538511838821 -5.742215287514 60.000000000011 0.998551138584 51.189087251312 10.210580398776 74.999999999981 0.998551138585 48.109107157901 28.291667046292 90.000000000021 0.998551138584 37.255154364153 44.297612450678 104.99999999998 0.998551138584 20.772765058078 54.407071638898 120 0.998551138584 2.425687706816 56.911379488876 134.99999999999 0.998551138584 -14.06535460668 52.492618018627 150 0.998551138584 12.899888340754 -34.33383196785 0 0.999512632189 23.686179768734 -30.2812125235 15.000000000003 0.999512632189 33.48783492742 -23.60753657989 29.999999999993 0.999512632189 42.067759614537 -14.07809191659 45.00000000001 0.999512632189 48.463335269369 -1.095775719617 59.999999999991 0.999512632189 50.56766867134 15.337406118474 75.000000000007 0.999512632189 45.68075312334 33.250945636819 89.999999999994 0.999512632189 33.165979149301 48.306790724325 105 0.999512632189 15.562035841954 56.86645033322 119.99999999999 0.999512632189 -3.170395369162 57.579677118292 135 0.999512632189 -19.34983251113 51.500747951776 150 0.999512632189 16.472064256756 -34.21608789963 0.0000000000000284217094304 1.002414195399 27.221365294763 -29.04123629378 15.000000000003 1.002414195399 36.713333480662 -21.25430336957 29.999999999994 1.002414195399 44.681801198842 -10.63512624049 45.000000000006 1.002414195399 50.078954761308 3.343206484455 59.999999999999 1.002414195398 50.73224573172 20.484157405251 74.999999999996 1.002414195399 44.039172566121 38.506426312002 90.000000000004 1.002414195398 29.74363927768 52.87763723629 104.99999999999 1.002414195399 10.799506109299 60.079920484339 120 1.002414195399 -8.584144828122 59.086409258218 134.99999999999 1.002414195399 -24.70809638513 51.324131849448 150 1.002414195399 20 -34.64101615137 0 1.00731395893 30.882796185406 -28.35783084419 15.000000000001 1.00731395893 40.238942201079 -19.43011253094 29.999999999998 1.00731395893 47.771500163648 -7.6475948097 44.999999999997 1.007313958931 52.338318329225 7.460555490476 60.00000000001 1.00731395893 51.672892544248 25.516585601388 74.999999999986 1.007313958931 43.221495959712 43.91904570783 90.000000000009 1.00731395893 27.072525639663 57.887023641721 104.99999999999 1.007313958931 6.606055435263 63.958341902312 120 1.00731395893 -13.67580572189 61.386302187833 134.99999999999 1.00731395893 -30 51.961524227066 150 1.00731395893 0 0.763337317515 7 7 0 150 11 11
8 6 10 2 2 2 2 -34.64101615137 -20 -0.0000000000000142108547152 1.00731395893 -28.35783084419 -30.8827961854 15.000000000003 1.00731395893 -19.43011253094 -40.23894220107 29.999999999988 1.00731395893 -7.647594809695 -47.77150016365 45.000000000027 1.007313958931 7.460555490468 -52.33831832921 59.999999999962 1.00731395893 25.516585601398 -51.67289254425 75.000000000035 1.007313958931 43.919045707819 -43.2214959597 89.999999999984 1.00731395893 57.88702364173 -27.07252563967 105 1.007313958931 63.958341902308 -6.60605543526 120 1.00731395893 61.386302187834 13.67580572189 134.99999999999 1.00731395893 51.961524227066 30 150 1.00731395893 -31.37327004893 -21.39596921082 0.0000000000000142108547152 1.002414195399 -24.65152808001 -31.2521726813 15.000000000001 1.002414195399 -15.53470421045 -39.47514701785 29.999999999994 1.002414195399 -3.844842569508 -45.76883715084 45.000000000015 1.002414195399 10.782621765537 -49.01850474507 59.999999999977 1.002414195399 27.828988471354 -47.10529547991 75.000000000019 1.002414195399 44.649968324393 -37.79648020992 89.999999999995 1.002414195399 56.725750193892 -21.51552607106 104.99999999999 1.002414195399 61.018911100038 -1.708410306259 120 1.002414195399 57.142518026777 17.309648610512 134.99999999999 1.002414195399 47.059905073404 32.093953816237 150 1.002414195399 -28.338546993 -23.28402652304 -0.0000000000000142108547152 0.999512632189 -21.02365432592 -32.18684362771 15.000000000001 0.999512632189 -11.54534030079 -39.31228801323 29.999999999995 0.999512632189 0.242095941259 -44.36023512735 45.00000000001 0.999512632189 14.593380954791 -46.22692745756 59.999999999986 0.999512632189 30.827091932345 -42.91870855806 75.000000000011 0.999512632189 46.207204902714 -32.51539338125 90.000000000001 0.999512632189 56.422166034254 -15.81351899539 104.99999999999 0.999512632189 58.846709577925 3.610388469204 120 0.999512632189 53.48015949012 21.571814127577 134.99999999999 0.999512632189 42.507820489502 34.926039784572 150 0.999512632189 -25.61817560796 -25.61817560796 -0.0000000000000142108547152 0.998551138584 -17.56998837912 -33.66636283679 15.000000000001 0.998551138584 -7.566041401495 -39.75898075383 29.999999999997 0.998551138584 4.508013613145 -43.58695405256 45.000000000006 0.998551138584 18.796351606427 -44.04066655427 59.999999999993 0.998551138584 34.437165638376 -39.22575975679 75.000000000003 0.998551138584 48.555855956452 -27.51787542897 90.000000000005 0.998551138584 56.99043489136 -10.11510387593 104.99999999999 0.998551138584 57.504288713846 9.213793572309 120 0.998551138584 50.499544255191 26.354982568688 134.99999999999 0.998551138584 38.42726341194 38.42726341194 150 0.998551138584 -23.28402652304 -28.338546993 -0.0000000000000142108547152 0.999512632189 -14.38120941838 -35.65343966008 15.000000000002 0.999512632189 -3.70080893525 -40.80508405483 29.999999999994 0.999512632189 8.841894570686 -43.47079446478 45.000000000013 0.999512632189 23.282698024645 -42.5183673552 59.999999999983 0.999512632189 38.566417662427 -36.12418262029 75.000000000012 0.999512632189 51.636540183012 -22.9352198504 89.999999999999 0.999512632189 58.417897517212 -4.569185122519 104.99999999999 0.999512632189 57.028808532592 14.956106792875 120 0.999512632189 48.280265441565 31.535481488881 134.99999999999 0.999512632189 34.926039784571 42.507820489502 150 0.999512632189 -21.39596921082 -31.37327004893 0.0000000000000142108547152 1.002414195399 -11.53976574034 -38.09501201785 15.000000000001 1.002414195399 -0.05009991746537 -42.42183113664 29.999999999998 1.002414195399 13.130611102706 -44.01313804529 45.000000000003 1.002414195399 27.934779126271 -41.69804377603 59.999999999998 1.002414195399 43.10592355395 -33.69333489208 74.999999999997 1.002414195399 55.367129678184 -18.8858290479 90.000000000011 1.002414195399 60.66519677758 0.680071402676 104.99999999998 1.002414195399 57.43049045143 20.68731360319 120 1.002414195399 46.878259021961 36.977292120028 134.99999999999 1.002414195399 32.093953816237 47.059905073404 150 1.002414195399 -20 -34.64101615137 -0.0000000000000142108547152 1.00731395893 -9.117203814593 -40.92420145855 15.000000000003 1.00731395893 3.292500050348 -44.56300243301 29.999999999988 1.00731395893 17.262738698786 -45.19513012346 45.000000000022 1.007313958931 32.630189745689 -41.59603551922 59.999999999973 1.00731395893 47.93445762079 -31.99174482965 75.000000000021 1.007313958931 59.645757272784 -15.47139063675 89.999999999994 1.00731395893 63.667895843048 5.498016872303 104.99999999999 1.007313958931 58.692576588958 26.258159125412 120 1.00731395893 46.324194278108 42.536746266294 134.99999999999 1.00731395893 30 51.961524227066 150 1.00731395893 0 0.763337317515 7 7 0 150 11 11
8 6 10 2 2 2 2 -20 -34.64101615137 0 1.00731395893 -9.117203814594 -40.92420145855 15 1.00731395893 3.29250005035 -44.56300243301 29.999999999999 1.00731395893 17.262738698781 -45.19513012346 45.000000000001 1.007313958931 32.630189745695 -41.59603551922 60.000000000001 1.00731395893 47.934457620786 -31.99174482965 74.999999999993 1.007313958931 59.645757272786 -15.47139063675 90.000000000013 1.00731395893 63.667895843047 5.498016872306 104.99999999998 1.007313958931 58.692576588958 26.258159125409 120 1.00731395893 46.324194278108 42.536746266295 134.99999999999 1.00731395893 30 51.961524227066 150 1.00731395893 -16.47206425675 -34.21608789963 -0.0000000000000284217094304 1.002414195399 -5.722763218748 -39.39093950548 14.999999999999 1.002414195399 6.284125022397 -41.95383224082 30.000000000003 1.002414195399 19.554687236675 -41.55939695905 44.999999999994 1.002414195399 33.847276740891 -37.059959482 60.00000000001 1.002414195399 47.653258717775 -26.87988830268 74.999999999986 1.002414195399 57.566246952054 -10.40772787324 90.000000000016 1.002414195399 59.883703752175 9.729882943624 104.99999999998 1.002414195399 53.698132277026 29.029928824708 120 1.002414195399 40.832047942143 43.561854440675 134.99999999999 1.002414195399 24.708096385134 51.324131849448 150 1.002414195399 -12.89988834075 -34.33383196785 0.0000000000000284217094304 0.999512632189 -2.113596912775 -38.38645141219 15.000000000001 0.999512632189 9.657586010795 -39.81811025075 29.999999999996 0.999512632189 22.389778798958 -38.2960425675 45.000000000008 0.999512632189 35.751702362741 -32.73700303976 59.999999999991 0.999512632189 48.156399017235 -21.75514594272 75.000000000006 0.999512632189 56.274309974254 -5.055554230855 90.000000000001 0.999512632189 56.769788619904 14.516173843887 104.99999999999 0.999512632189 49.157551189007 32.550042920823 120 0.999512632189 35.529269653099 45.421818785258 134.99999999999 0.999512632189 19.349832511131 51.500747951776 150 0.999512632189 -9.376903071124 -34.99507867908 0.0000000000000284217094304 0.998551138584 1.617125137877 -37.94091965925 15.000000000001 0.998551138584 13.32710631714 -38.21530806214 29.999999999998 0.998551138584 25.697531335871 -35.49340267653 45.000000000002 0.998551138584 38.298451266771 -28.74216023238 60 0.998551138584 49.436340155562 -16.75192161295 74.999999999995 0.998551138584 55.809542475275 0.446748798565 90.00000000001 0.998551138584 54.412716326607 19.735280527199 104.99999999999 0.998551138584 45.19327806659 36.73152365577 120 0.998551138584 30.556396920188 48.073856548375 134.99999999999 0.998551138584 14.065354606686 52.492618018626 150 0.998551138584 -5.995284974849 -36.1839148638 0 0.999512632189 5.372227136576 -38.06738918711 15.000000000003 0.999512632189 17.197547474938 -37.18864386266 29.99999999999 0.999512632189 29.392702548186 -33.22586504385 45.000000000018 0.999512632189 41.422591635594 -25.18063724472 59.99999999998 0.999512632189 51.461588738762 -12.00125100891 75.000000000016 0.999512632189 56.186165487237 5.955787059677 89.999999999992 0.999512632189 52.875975846836 25.251918367908 105 0.999512632189 41.910343540349 41.46677269064 120 0.999512632189 26.04419562941 51.450660810727 135 0.999512632189 8.992927462274 54.275872295703 150 0.999512632189 -2.842817850696 -37.86803346758 -0.00000000000005684341886081 1.002414195399 9.053775724069 -38.7611310351 15.000000000001 1.002414195399 21.167527767076 -36.76343339812 29.999999999998 1.002414195399 33.378011804794 -31.55119009615 45 1.002414195399 45.041250260492 -22.14417563501 60.000000000006 1.002414195398 54.177492297331 -7.626322177801 74.999999999988 1.002414195399 57.392255359906 11.327957112091 90.000000000014 1.002414195399 52.197565833617 30.921557499884 104.99999999998 1.002414195399 39.392606881148 46.630984342138 120 1.002414195399 22.10911713819 55.462403850082 134.99999999999 1.002414195399 4.264226776044 56.80205020137 150 1.002414195399 -0.000000000000017763568394 -40 0.0000000000000284217094304 1.00731395893 12.56637061436 -39.99999999999 15.000000000002 1.00731395893 25.132889902074 -36.94644215072 29.999999999995 1.00731395893 37.547535313769 -30.50876146486 45.000000000006 1.007313958931 49.056591009689 -19.70812858353 59.999999999997 1.00731395893 57.508330431055 -3.738434923462 74.999999999998 1.007313958931 59.390436344574 16.424261313073 90.000000000006 1.00731395893 52.389006769426 36.595370203387 104.99999999999 1.007313958931 37.700182776898 52.086521153693 120 1.00731395893 18.849555921539 60 134.99999999999 1.00731395893 0.0000000000000319744231092 60 150 1.00731395893 0 0.763337317515 7 7 0 150 11 11
8 6 3 2 2 2 2 34.637033051563 0.000000000000002120906582928 2 1.132556574715 34.637033051563 0.000000000000002120906582928 51.333333333333 1.132556574715 51.955549577344 0.000000000000003181359874392 100.66666666666 1.132556574715 51.955549577344 0.000000000000003181359874392 150 1.132556574715 34.637033051563 -19.81405237836 2 1.036346631341 34.637033051563 -19.81405237836 51.333333333333 1.036346631341 51.955549577344 -29.72107856754 100.66666666666 1.036346631341 51.955549577344 -29.72107856754 150 1.036346631341 21.6387131653 -37.19198947958 2 0.992316309354 21.6387131653 -37.19198947958 51.333333333333 0.992316309354 32.45806974795 -55.78798421938 100.66666666666 0.992316309354 32.45806974795 -55.78798421938 150 0.992316309354 -0.000000000000003552713678801 -44.19900388369 2 0.976461899693 0.000000000000003552713678801 -44.19900388369 51.333333333333 0.976461899693 -0.0000000000000142108547152 -66.29850582554 100.66666666666 0.976461899693 -0.000000000000003552713678801 -66.29850582554 150 0.976461899693 -21.6387131653 -37.19198947958 2 0.992316309354 -21.6387131653 -37.19198947958 51.333333333333 0.992316309354 -32.45806974795 -55.78798421938 100.66666666666 0.992316309354 -32.45806974795 -55.78798421938 150 0.992316309354 -34.63703305156 -19.81405237836 2 1.036346631341 -34.63703305156 -19.81405237836 51.333333333333 1.036346631341 -51.95554957734 -29.72107856754 100.66666666666 1.036346631341 -51.95554957734 -29.72107856754 150 1.036346631341 -34.63703305156 -0.000000000000002120906582928 2 1.132556574715 -34.63703305156 -0.000000000000002120906582928 51.333333333333 1.132556574715 -51.95554957734 -0.000000000000003181359874392 100.66666666666 1.132556574715 -51.95554957734 -0.000000000000003181359874392 150 1.132556574715 0 3.14159265359 7 7 0 148 4 4
8 6 3 2 2 2 2 -34.63703305156 -0.000000000000002120906582928 2 1.132556574715 -34.63703305156 -0.000000000000002120906582928 51.333333333333 1.132556574715 -51.95554957734 -0.000000000000003181359874392 100.66666666666 1.132556574715 -51.95554957734 -0.000000000000003181359874392 150 1.132556574715 -34.63703305156 19.814052378366 2 1.036346631341 -34.63703305156 19.814052378366 51.333333333333 1.036346631341 -51.95554957734 29.721078567548 100.66666666666 1.036346631341 -51.95554957734 29.721078567548 150 1.036346631341 -21.6387131653 37.191989479586 2 0.992316309354 -21.6387131653 37.191989479586 51.333333333333 0.992316309354 -32.45806974795 55.78798421938 100.66666666666 0.992316309354 -32.45806974795 55.78798421938 150 0.992316309354 0.000000000000003552713678801 44.199003883694 2 0.976461899693 -0.000000000000003552713678801 44.199003883694 51.333333333333 0.976461899693 0.0000000000000142108547152 66.298505825542 100.66666666666 0.976461899693 0.000000000000003552713678801 66.298505825542 150 0.976461899693 21.6387131653 37.191989479586 2 0.992316309354 21.6387131653 37.191989479586 51.333333333333 0.992316309354 32.45806974795 55.78798421938 100.66666666666 0.992316309354 32.45806974795 55.78798421938 150 0.992316309354 34.637033051563 19.814052378366 2 1.036346631341 34.637033051563 19.814052378366 51.333333333333 1.036346631341 51.955549577344 29.721078567548 100.66666666666 1.036346631341 51.955549577344 29.721078567548 150 1.036346631341 34.637033051563 0.000000000000002120906582928 2 1.132556574715 34.637033051563 0.000000000000002120906582928 51.333333333333 1.132556574715 51.955549577344 0.000000000000003181359874392 100.66666666666 1.132556574715 51.955549577344 0.000000000000003181359874392 150 1.132556574715 0 3.14159265359 7 7 0 148 4 4
8 2 13 2 5 2 2 0.695505230568 42.341860899937 2.220267356544 1 0.622582209956 42.279473960892 2.231678860441 1 0.551107401829 42.218325993345 2.242863737927 1 0.481080806189 42.158416997296 2.253821989002 1 0.412502423034 42.099746972745 2.264553613667 1 0.345372252365 42.042315919691 2.275058611921 1 0.279690294182 41.986123838135 2.285336983764 1 0.215456548485 41.931170728077 2.295388729196 1 0.152671015273 41.877456589516 2.305213848217 1 0.09133369454707 41.824981422453 2.314812340828 1 0.0314445863069 41.773745226888 2.324184207027 1 -0.02699630944751 41.723748002821 2.333329446816 1 -0.08398899271616 41.674989750251 2.342248060195 1 -0.867165867505 41.004968026802 2.464805050889 1 -1.615551200604 40.404747109909 2.586072303482 1 -2.383728972265 39.826455670553 2.715011834638 1 -3.170718979495 39.269656195475 2.851822791095 1 -3.975638246002 38.733778366367 2.996641653195 1 -4.79777825859 38.218109253529 3.149543907585 1 -5.636650330964 37.721813748153 3.310539988502 1 -6.492006926702 37.243977973047 3.479566302703 1 -7.36384677079 36.783668365953 3.656472149681 1 -8.252411582094 36.339999181157 3.841003352647 1 -9.158182255929 35.912201105108 4.032783412035 1 -10.08188232889 35.499683723474 4.231292996422 1 -11.9671107824 34.704485370757 4.640404170494 1 -12.92859981477 34.321820680418 4.850992544546 1 -13.91021145826 33.953684021212 5.067033774029 1 -14.91160232258 33.600379513004 5.287110347177 1 -15.93903541115 33.261013354961 5.511928509961 1 -16.98254710024 32.939149983131 5.736176568312 1 -18.06317987744 32.631428005821 5.964953080579 1 -19.15731065274 32.346069224297 6.188254912105 1 -20.28958639754 32.080440092922 6.411260300035 1 -21.44499887451 31.842292496019 6.627438611032 1 -22.63021188717 31.634903582988 6.836372423072 1 -23.84166481115 31.464315471754 7.035652096409 1 -25.15382320455 31.328076960859 7.235535405357 1 -25.23202721496 31.319957211004 7.247448354626 1 -25.31133397774 31.311722964803 7.259529288031 1 -25.3917434929 31.303374222256 7.271778205572 1 -25.47325576044 31.294910983364 7.284195107248 1 -25.55587078035 31.286333248125 7.29677999306 1 -25.63958855263 31.27764101654 7.309532863007 1 -25.72440907728 31.26883428861 7.32245371709 1 -25.81033235431 31.259913064333 7.335542555309 1 -25.89735838372 31.250877343711 7.348799377663 1 -25.98548716549 31.241727126743 7.362224184153 1 -26.07471869965 31.232462413428 7.375816974778 1 -26.16505298617 31.223083203768 7.389577749539 1 1.633380062363 41.186085749375 0.0000000000002861294624514 0.874589043656 1.561083976794 41.126468189503 0.0000000000002625408110279 0.875085962011 1.489965030788 41.067821334861 0.0000000000002393362348219 0.87550006064 1.420001379372 41.010127171417 0.0000000000002165086062913 0.875831339542 1.351171870037 40.953368256167 0.0000000000001940510238291 0.87607979872 1.283456021437 40.897527699567 0.0000000000001719568048142 0.876245438171 1.216834003078 40.842589148786 0.0000000000001502194789844 0.876328257897 1.151286615961 40.788536771743 0.0000000000001288327821215 0.876328257897 1.086795274141 40.735355241901 0.0000000000001077906500329 0.876245438171 1.023341987156 40.683029723774 0.00000000000008708721281883 0.87607979872 0.960909343292 40.631545859133 0.00000000000006671678941381 0.875831339542 0.899480493666 40.580889753874 0.00000000000004667388239085 0.87550006064 0.839039137076 40.531047965526 0.00000000000002695317301946 0.875085962011 -0.005770470464276 39.834392165126 -0.000000000000248689957516 0.868079414674 -0.81601390504 39.216224275625 0.000000000001207922650792 0.861094084585 -1.64981998841 38.628466485866 -0.000000000003351541266738 0.853605149565 -2.505709172558 38.072059671297 0.000000000006877165503738 0.845586424409 -3.382117659766 37.547896129016 -0.00000000001094413448754 0.837012985136 -4.277422585666 37.056812158583 0.00000000001403233085284 0.827860909281 -5.189945261205 36.599594746896 -0.00000000001450040088002 0.818107256904 -6.117939503577 36.176996897249 0.00000000001206945654531 0.807730336363 -7.059571849686 35.789755737189 -0.000000000007946088231847 0.796710297519 -8.012900371789 35.438606848676 0.000000000004024780508871 0.785030096643 -8.975858952862 35.124287210053 -0.000000000001411759598113 0.772676875696 -9.946254321967 34.847517601454 0.0000000000002597921877623 0.759643800025 -11.93384876419 34.361454113153 -0.0000000000001532107773983 0.732220994993 -12.95660449734 34.153815815159 0.000000000000405897537803 0.717832363838 -13.98781976312 33.987387114729 -0.0000000000005413447468072 0.702759255868 -15.02583580674 33.863095987623 0.00000000000009059419880941 0.687059540847 -16.0663435158 33.783527773795 0.000000000001349143019524 0.670608415343 -17.10905722831 33.747098043926 -0.000000000003116618074728 0.653780274364 -18.14861574265 33.759763272321 0.000000000004127365116346 0.636086655066 -19.18011451622 33.816246391118 -0.000000000003771205570047 0.618285962701 -20.20571535604 33.922364409594 0.000000000002640554441768 0.599915281652 -21.21385233949 34.074311414324 -0.000000000001425526363619 0.58147275191 -22.20716608924 34.272243230192 0.0000000000005972999872483 0.563006344078 -23.18216960716 34.514208139894 -0.0000000000001558753126574 0.544750892277 -24.20080127255 34.816869357203 0.00000000000001764692119272 0.525782941587 -24.26622372679 34.836308022141 0.00000000000002879152899226 0.524854158352 -24.33513591599 34.856783575552 0.00000000000004053060742041 0.524111131764 -24.40747934799 34.878278637937 0.00000000000005285419243435 0.523553861823 -24.4831879303 34.900773571543 0.00000000000006575102528337 0.523182348529 -24.56218816429 34.924246538073 0.00000000000007920858559964 0.522996591882 -24.64439938001 34.948673568441 0.00000000000009321313138676 0.522996591882 -24.72973400981 34.97402864409 0.0000000000001077497456422 0.523182348529 -24.81809789909 35.000283789307 0.0000000000001228023892829 0.523553861823 -24.90939065165 35.027409173839 0.0000000000001383539599794 0.524111131764 -25.00350600709 35.055373225038 0.0000000000001543863564482 0.524854158352 -25.10033224732 35.084142748636 0.0000000000001708805476958 0.525782941587 -25.19975262889 35.113683057205 0.0000000000001878166466681 0.526897481468 3.311029862927 39.088108263466 0.0000000000002142408850832 1 3.249746137702 39.029022216043 0.000000000000198375709752 1 3.188462412477 38.969936168619 0.0000000000001825105344208 1 3.127178687252 38.910850121196 0.0000000000001666453590895 1 3.065894962027 38.851764073772 0.0000000000001507801837583 1 3.004611236802 38.792678026348 0.0000000000001349150084271 1 2.943327511577 38.733591978925 0.0000000000001190498330959 1 2.882043786352 38.674505931501 0.0000000000001031846577646 1 2.820760061127 38.615419884077 0.00000000000008731948243342 1 2.759476335902 38.556333836653 0.00000000000007145430710219 1 2.698192610677 38.497247789228 0.00000000000005558913177097 1 2.636908885452 38.438161741804 0.00000000000003972395643975 1 2.575625160227 38.37907569438 0.00000000000002385878110852 1 1.711524814672 37.545962599356 -0.0000000000001998401444325 1 0.879672098868 36.795268677194 0.0000000000009769962616708 1 0.01959608527176 36.068591621854 -0.000000000002704059198772 1 -0.868021768121 35.366501934744 0.000000000005533351554751 1 -1.782572155666 34.689509863592 -0.000000000008712586208003 1 -2.723490660785 34.038100176888 0.00000000001092370638396 1 -3.690253273409 33.412754106567 -0.00000000001091438051042 1 -4.682385546113 32.813963869578 0.000000000008698819442582 1 -5.699476245177 32.242245138719 -0.000000000005397460256503 1 -6.741186354836 31.698152878488 0.000000000002516209463014 1 -7.807244290862 31.182305917781 -0.0000000000007647216193614 1 -8.89741818162 30.695425667873 0.00000000000007993605777303 1 -11.12549396443 29.781363067846 0.00000000000008082423619269 1 -12.26330036206 29.354167852718 -0.0000000000007336353746733 1 -13.4257133675 28.957751372508 0.000000000002310152069631 1 -14.60715802993 28.592768466106 -0.000000000004728217817308 1 -15.82469708622 28.261406837484 0.000000000007342570995582 1 -17.03872563898 27.963065182057 -0.000000000008994138767208 1 -18.31483539932 27.702030068185 0.000000000008909761817113 1 -19.5705648323 27.478032994667 -0.000000000007104539179249 1 -20.87930046678 27.293857104863 0.000000000004547917598047 1 -22.19423604981 27.153110988352 -0.000000000002253308650786 1 -23.53172471231 27.057495395816 0.000000000000832667268468 1 -24.88384935439 27.010191071543 -0.0000000000001771915947302 1 -26.33261545698 27.013786733664 0.00000000000001813877673178 1 -26.41774366229 27.013998011566 0.00000000000002961621531581 1 -26.5028718676 27.014209289469 0.00000000000004109365389983 1 -26.58800007291 27.014420567371 0.00000000000005257109248386 1 -26.67312827822 27.014631845274 0.00000000000006404853106789 1 -26.75825648353 27.014843123176 0.00000000000007552596965192 1 -26.84338468884 27.015054401078 0.00000000000008700340823594 1 -26.92851289415 27.015265678981 0.00000000000009848084681997 1 -27.01364109946 27.015476956883 0.000000000000109958285404 1 -27.09876930477 27.015688234786 0.000000000000121435723988 1 -27.18389751008 27.015899512688 0.0000000000001329131625721 1 -27.26902571539 27.016110790591 0.0000000000001443906011561 1 -27.3541539207 27.016322068493 0.0000000000001558680397401 1 0 26.174596211355 3 3 -1.908874923305 -0.909844309418 12.177453796259 25.264751901936 26.08175632981 14 12 12 12 14
8 2 13 2 5 2 2 36.321374567569 -21.7732556481 2.220267356544 1 36.303807403798 -21.67890899021 2.231678860441 1 36.286589114576 -21.58643600687 2.242863737927 1 36.269719699902 -21.49583669808 2.253821989002 1 36.253199159777 -21.40711106384 2.264553613667 1 36.237027494201 -21.32025910415 2.27505861192 1 36.221204703173 -21.23528081902 2.285336983763 1 36.205730786695 -21.15217620843 2.295388729195 1 36.190605744765 -21.0709452724 2.305213848217 1 36.175829577383 -20.99158801092 2.314812340827 1 36.161402284551 -20.91410442399 2.324184207027 1 36.147323866267 -20.83849451162 2.333329446816 1 36.133594322532 -20.76475827379 2.342248060194 1 35.94492692633 -19.75149634284 2.464805050889 1 35.799313030975 -18.80326517411 2.586072303482 1 35.682586839511 -17.84885798955 2.715011834636 1 35.593879352942 -16.88890491323 2.851822791099 1 35.532255172786 -15.92388546588 2.996641653188 1 35.496742627508 -14.9540567731 3.149543907592 1 35.486374148169 -13.97942449521 3.310539988495 1 35.500234526022 -12.99974606645 3.479566302708 1 35.537514634683 -12.0145558099 3.656472149679 1 35.597568255436 -11.02320151799 3.841003352647 1 35.679969590806 -10.02488206643 4.032783412035 1 35.784569095283 -9.018675646953 4.231292996421 1 36.03852134755 -6.988420737913 4.640404170495 1 36.187868520721 -5.964414465252 4.850992544538 1 36.359858643694 -4.93024551573 5.067033774053 1 36.554583396105 -3.886363334033 5.287110347122 1 36.774400226975 -2.826897099544 5.511928510054 1 37.017414214101 -1.762257781882 5.73617656819 1 37.291235554002 -0.672541355807 5.964953080702 1 37.591172986805 0.417683081235 6.188254912012 1 37.92726928406 1.531077206116 6.411260300086 1 38.298733653429 2.650767561442 6.62743861101 1 38.711736092766 3.78088659582 6.83637242308 1 39.169728916794 4.915329659094 7.035652096407 1 39.707822102094 6.119811417013 7.235535405357 1 39.739892197653 6.191597951635 7.247448354626 1 39.772414512656 6.264396746 7.259529288031 1 39.805389047101 6.338207800108 7.271778205572 1 39.838815800989 6.413031113958 7.284195107248 1 39.87269477432 6.488866687552 7.29677999306 1 39.907025967093 6.565714520888 7.309532863008 1 39.94180937931 6.643574613967 7.322453717091 1 39.977045010969 6.722446966789 7.33554255531 1 40.012732862071 6.802331579354 7.348799377664 1 40.048872932615 6.883228451662 7.362224184154 1 40.085465222603 6.965137583713 7.375816974779 1 40.122509732033 7.048058975507 7.38957774954 1 34.851506510221 -22.00759150272 -0.0000000000001349174236535 0.874589043656 34.836024231645 -21.91517247609 -0.0000000000001228164863548 0.875085962011 34.820794038676 -21.82425823484 -0.000000000000110912578977 0.87550006064 34.805811253192 -21.73482085365 -0.00000000000009920204510346 0.875831339542 34.791071345361 -21.64683329241 -0.0000000000000876813442217 0.87607979872 34.776569929084 -21.56026936898 -0.00000000000007634704815859 0.876245438171 34.76230275764 -21.47510373324 -0.00000000000006519583768093 0.876328257897 34.748265719545 -21.39131184233 -0.00000000000005422449925561 0.876328257897 34.734454834599 -21.30886993707 -0.00000000000004342992196232 0.876245438171 34.720866250128 -21.22775501952 -0.0000000000000328090945527 0.87607979872 34.707496237396 -21.14794483159 -0.00000000000002235910264996 0.875831339542 34.694341188197 -21.06941783466 -0.00000000000001207712608359 0.87550006064 34.681397611614 -20.99215319024 -0.000000000000001960436354065 0.875085962011 34.500480794543 -19.91219870854 0.0000000000001394440118929 0.868079414674 34.370253415719 -18.90142336621 -0.0000000000005897504706809 0.861094084585 34.2781432802 -17.88544722128 0.000000000001631139667779 0.853605149566 34.224225436019 -16.86602203774 -0.000000000003255173908201 0.845586424408 34.208490736271 -15.84494825252 0.00000000000509325914777 0.837012985138 34.230852005433 -14.82404945742 -0.000000000006385114659224 0.827860909278 34.29115144963 -13.80517293296 0.000000000006497025140106 0.818107256908 34.389168097437 -12.79020741973 -0.00000000000533262323188 0.80773033636 34.524623588488 -11.78110930691 0.000000000003477218513126 0.796710297521 34.697183991577 -10.77992814438 -0.000000000001706634833454 0.785030096642 34.906454490158 -9.788821731061 0.0000000000005795364188543 0.772676875696 35.151962662667 -8.810049885404 -0.00000000000007460698725481 0.759643800025 35.72481655506 -6.845710861864 -0.000000000000005329070518201 0.732220994994 36.056374380775 -5.856159266092 0.0000000000003357314426466 0.717832363837 36.427850531178 -4.879886298932 -0.000000000001127098414599 0.70275925587 36.839219279439 -3.918792472082 0.000000000002258637721297 0.687059540844 37.290565039476 -2.977902256278 -0.000000000003094413614235 0.670608415349 37.780372824184 -2.056670827446 0.000000000003149480676257 0.653780274359 38.311120490921 -1.162719359505 -0.000000000002421174372103 0.636086655071 38.875785693441 -0.29765677701 0.000000000001311395436687 0.618285962696 39.480487013168 0.537480595167 -0.000000000000275335310107 0.599915281655 40.116145471016 1.33457933098 -0.0000000000002455813330471 0.581472751908 40.784216326644 2.095848364242 0.0000000000002464695114668 0.563006344079 41.481265844233 2.819243724696 -0.00000000000006616929226766 0.544750892277 42.252693979859 3.550074015369 0.000000000000007116664807975 0.525782941587 42.302239584628 3.597012190246 0.00000000000001182351551349 0.524854158352 42.354428028638 3.646454120018 0.00000000000001678143692046 0.524111131764 42.409215014724 3.69835783874 0.00000000000002198622078193 0.523553861823 42.466550489836 3.752675927498 0.00000000000002743311203968 0.523182348529 42.526378792149 3.809355653776 0.00000000000003311682279996 0.522996591882 42.588638828844 3.868339139876 0.00000000000003903154922233 0.522996591882 42.653264283372 3.929563559284 0.00000000000004517099121034 0.523182348529 42.720183850752 3.992961359573 0.00000000000005152837476432 0.523553861823 42.789321499123 4.058460510203 0.00000000000005809647682964 0.524111131764 42.860596755574 4.125984773298 0.00000000000006486765244997 0.524854158352 42.933925013979 4.195453995291 0.00000000000007183386401234 0.525782941587 43.009217862424 4.266784417106 0.0000000000000789867123522 0.526897481468 32.195779810576 -22.41149010571 -0.00000000000001056322397378 1 32.17525165511 -22.32887381912 -0.000000000000009614025449692 1 32.154723499645 -22.24625753252 -0.000000000000008664826925601 1 32.134195344179 -22.16364124593 -0.000000000000007715628401509 1 32.113667188713 -22.08102495933 -0.000000000000006766429877418 1 32.093139033248 -21.99840867274 -0.000000000000005817231353327 1 32.072610877782 -21.91579238614 -0.000000000000004868032829236 1 32.052082722316 -21.83317609955 -0.000000000000003918834305145 1 32.03155456685 -21.75055981295 -0.000000000000002969635781054 1 32.011026411384 -21.66794352635 -0.000000000000002020437256963 1 31.990498255918 -21.58532723976 -0.000000000000001071238732872 1 31.969970100452 -21.50271095316 -0.0000000000000001220402087814 1 31.949441944986 -21.42009466657 0.0000000000000008271583153094 1 31.659995013246 -20.25520526839 0.0000000000000142108547152 1 31.425801364095 -19.15945272321 -0.00000000000001509903313491 1 31.2265185806 -18.05126651858 -0.00000000000008926193117967 1 31.062300002574 -16.93152206514 0.0000000000005528910662657 1 30.933282864484 -15.80100216091 -0.00000000000157029944602 1 30.839604780195 -14.66043798923 0.000000000002972289081549 1 30.781420503341 -13.51052397212 -0.000000000004049649504595 1 30.758919083013 -12.35191710153 0.000000000004138467346614 1 30.772341487744 -11.18523135277 -0.000000000003174349671998 1 30.821998823238 -10.01103780431 0.000000000001791011783328 1 30.908291218808 -8.829881069454 -0.0000000000006732392421324 1 31.031727499163 -7.642322660561 0.000000000000115463194561 1 31.354163958308 -5.255721131068 -0.00000000000002353672812205 1 31.553105248402 -4.056754278582 -0.0000000000001505462421392 1 31.791005008926 -2.851866846039 0.0000000000007052136652415 1 32.065642870912 -1.646214302111 -0.00000000000169242397874 1 32.387444811445 -0.426113734708 0.000000000002885691685603 1 32.736087634336 0.774436660187 -0.000000000003717470775657 1 33.148079475624 2.010097688153 0.000000000003793854119748 1 33.581957035152 3.209589813606 -0.00000000000308020275952 1 34.076823853701 4.435076065168 0.000000000002012612299041 1 34.612401932493 5.644216742512 -0.00000000000100675023873 1 35.198340731748 6.850323697824 0.0000000000003725908470642 1 35.833436306219 8.04495014908 -0.00000000000007194245199571 1 36.560933292261 9.297820567004 0.00000000000000968110902581 1 36.603680366948 9.37143811643 0.00000000000001447723674327 1 36.646427441634 9.445055665856 0.00000000000001927336446073 1 36.68917451632 9.518673215281 0.00000000000002406949217819 1 36.731921591006 9.592290764707 0.00000000000002886561989565 1 36.774668665692 9.665908314132 0.00000000000003366174761311 1 36.817415740378 9.739525863558 0.00000000000003845787533057 1 36.860162815064 9.813143412983 0.00000000000004325400304803 1 36.90290988975 9.886760962409 0.00000000000004805013076549 1 36.945656964436 9.960378511834 0.00000000000005284625848295 1 36.988404039122 10.03399606126 0.00000000000005764238620041 1 37.031151113808 10.107613610685 0.00000000000006243851391787 1 37.073898188494 10.181231160111 0.00000000000006723464163533 1 0 26.174596211351 3 3 -1.908874923306 -0.909844309418 12.177453796257 25.264751901933 26.081756329802 14 12 12 12 14
8 2 13 2 5 2 2 -20.56860525183 37.016879798136 2.220267356542 1 -20.60056497068 36.926389613752 2.231678860439 1 -20.63188998647 36.837696516403 2.242863737925 1 -20.66258029921 36.750800506089 2.253821989001 1 -20.6926359089 36.665701582809 2.264553613665 1 -20.72205681553 36.582399746563 2.275058611919 1 -20.75084301911 36.500894997353 2.285336983762 1 -20.77899451963 36.421187335176 2.295388729194 1 -20.8065113171 36.343276760035 2.305213848215 1 -20.83339341152 36.267163271928 2.314812340826 1 -20.85964080289 36.192846870855 2.324184207026 1 -20.8852534912 36.120327556818 2.333329446815 1 -20.91023147645 36.049605329815 2.342248060193 1 -21.25347168396 35.077761058834 2.464805050889 1 -21.60148193576 34.183761830329 2.586072303477 1 -21.97759768106 33.29885786736 2.715011834649 1 -22.3807512821 32.423160373215 2.851822791073 1 -22.8098929007 31.556616927137 2.996641653228 1 -23.26405248015 30.698964368492 3.149543907544 1 -23.74238925321 29.849723817614 3.310539988542 1 -24.24423190637 29.008227599004 3.479566302671 1 -24.76911255619 28.173667864087 3.656472149702 1 -25.31679766308 27.345156673249 3.841003352636 1 -25.8873190387 26.521787334909 4.032783412039 1 -26.48100807651 25.702686766388 4.23129299642 1 -27.71606463285 24.071410565147 4.640404170497 1 -28.3574062151 23.259268705943 4.850992544533 1 -29.02343850566 22.449647185431 5.067033774065 1 -29.71401617863 21.642981073518 5.287110347107 1 -30.4341162559 20.835364815813 5.511928510068 1 -31.17689220069 20.034867113868 5.736176568182 1 -31.95888665054 19.228055676539 5.964953080706 1 -32.7637523051 18.433862334084 6.188254912005 1 -33.61151729933 17.637682886506 6.4112603001 1 -34.4930600573 16.853734778922 6.627438610999 1 -35.41579017886 16.081524205592 6.836372423085 1 -36.37964513083 15.328064105642 7.035652096406 1 -37.44788837787 14.553998897543 7.235535405357 1 -37.51155516264 14.507864982691 7.247448354626 1 -37.5761197108 14.461080534908 7.259529288032 1 -37.64158202236 14.413645554194 7.271778205572 1 -37.70794209732 14.365560040548 7.284195107249 1 -37.77519993568 14.316823993971 7.296779993061 1 -37.84335553743 14.267437414463 7.309532863008 1 -37.91240890258 14.217400302024 7.322453717091 1 -37.98236003113 14.166712656654 7.33554255531 1 -38.05320892307 14.115374478352 7.348799377664 1 -38.12495557841 14.06338576712 7.362224184154 1 -38.19759999715 14.010746522956 7.37581697478 1 -38.27114217928 13.957456745861 7.389577749541 1 -19.17849424664 36.484886572584 -0.00000000000004760669703068 0.874589043656 -19.2112957134 36.397108208439 -0.00000000000004282355627409 0.875085962011 -19.24356310001 36.310759069464 -0.00000000000003811829558763 0.87550006064 -19.27530631776 36.225812632563 -0.0000000000000334894696984 0.875831339543 -19.30653496375 36.142243215399 -0.00000000000002893567914717 0.87607979872 -19.33725833057 36.060025950522 -0.00000000000002445556887898 0.876245438171 -19.36748541553 35.979136760718 -0.00000000000002004782689963 0.876328257897 -19.39722492941 35.899552335506 -0.00000000000001571118299503 0.876328257897 -19.42648530483 35.82125010874 -0.00000000000001144440751086 0.876245438171 -19.45527470425 35.744208237284 -0.000000000000007246310190173 0.87607979872 -19.48360102754 35.668405580687 -0.000000000000003115739066456 0.875831339543 -19.51147191921 35.593821681863 0.0000000000000009484205898406 0.87550006064 -19.53889477528 35.520436748689 0.000000000000004947247273462 0.875085962011 -19.92219345657 34.494710324077 0.00000000000006084022174946 0.868079414674 -20.31480090941 33.554239510684 -0.0000000000002051692149507 0.861094084584 -20.74301926457 32.628323291777 0.0000000000005262457136723 0.853605149568 -21.20603763356 31.718516263482 -0.0000000000008930634010085 0.845586424403 -21.70294787646 30.826373076484 0.000000000001285194173306 0.837012985145 -22.23276270119 29.953429419782 -0.000000000001591615728103 0.827860909269 -22.7944218139 29.101206188422 0.000000000001832312079841 0.818107256916 -23.38678947754 28.271228593854 -0.000000000001841637953248 0.807730336354 -24.00864643026 27.46505173881 0.000000000001555644502105 0.796710297525 -24.6586787043 26.684283619783 -0.000000000001027178342383 0.78503009664 -25.33546547899 25.930595537298 0.0000000000005444533712762 0.772676875697 -26.03746771605 25.205708340701 -0.000000000000198507876803 0.759643800025 -27.51574325129 23.790967790867 0.0000000000003255173908201 0.732220994994 -28.29765654906 23.099769883432 -0.000000000001799005389103 0.717832363836 -29.1075008158 22.44003076804 0.000000000005334399588719 0.702759255873 -29.94430351554 21.813383472706 -0.00000000001123545700921 0.687059540837 -30.8056255175 21.22422152366 0.00000000001837729968202 0.67060841536 -31.69042721652 20.671315595874 -0.00000000002408029331491 0.653780274344 -32.59704391275 20.162504748283 0.00000000002563194101413 0.636086655085 -33.51858961417 19.695671177195 -0.00000000002197753090627 0.618285962685 -34.45984500471 19.274771657147 0.00000000001496847090721 0.599915281662 -35.40889074533 18.902293131501 -0.000000000007855049943828 0.581472751906 -36.36809159442 18.577050237413 0.000000000003010924842783 0.56300634408 -37.33345186459 18.299096237069 -0.0000000000006954437026252 0.544750892277 -38.36694337257 18.051892707305 0.00000000000004687212065691 0.525782941587 -38.43332021238 18.036015857839 0.00000000000009454796328687 0.524854158352 -38.50323769556 18.019292112649 0.000000000000144766909151 0.524111131764 -38.57663647667 18.001735666728 0.0000000000001974863327801 0.523553861823 -38.65344949904 17.983362559534 0.0000000000002526580700362 0.523182348529 -38.73360219184 17.964190627855 0.0000000000003102285596728 0.522996591882 -38.81701270831 17.944239448835 0.0000000000003701390144027 0.522996591882 -38.90359220337 17.923530273561 0.0000000000004323256203462 0.523182348529 -38.99324514887 17.902085951657 0.0000000000004967197634416 0.523553861823 -39.08586968404 17.87993084747 0.0000000000005632482811359 0.524111131764 -39.18135799833 17.857090748483 0.0000000000006318337374197 0.524854158352 -39.27959674392 17.833592766659 0.000000000000702394719052 0.525782941587 -39.38046747431 17.809465233526 0.0000000000007748461506241 0.526897481468 -16.67661815775 35.506809673502 0.0000000000003680415560376 1 -16.70014839692 35.424997792811 0.0000000000003403113991552 1 -16.72367863609 35.34318591212 0.0000000000003125812422729 1 -16.74720887526 35.261374031429 0.0000000000002848510853906 1 -16.77073911443 35.179562150738 0.0000000000002571209285083 1 -16.7942693536 35.097750270047 0.000000000000229390771626 1 -16.81779959277 35.015938389356 0.0000000000002016606147437 1 -16.84132983195 34.934126508665 0.0000000000001739304578614 1 -16.86486007112 34.852314627974 0.000000000000146200300979 1 -16.88839031029 34.770502747284 0.0000000000001184701440967 1 -16.91192054946 34.688690866593 0.00000000000009073998721441 1 -16.93545078863 34.606878985902 0.00000000000006300983033209 1 -16.9589810278 34.525067105212 0.00000000000003527967344977 1 -17.29075733097 33.371519827926 -0.0000000000003557154570899 1 -17.63581595395 32.305473462925 0.000000000001669775429035 1 -18.01732510333 31.246114665978 -0.000000000004607425552201 1 -18.43497986947 30.194278234239 0.000000000009373390952277 1 -18.88850770288 29.15071070915 -0.00000000001482369782487 1 -19.3776621874 28.116114119008 0.00000000001881206301834 1 -19.90223013469 27.091167230323 -0.00000000001923261550031 1 -20.46204676784 26.076533536596 0.00000000001578515096404 1 -21.05701378607 25.072865242755 -0.00000000001016431383508 1 -21.68711507411 24.080812468312 0.00000000000495159468982 1 -22.35242484835 23.101046927976 -0.000000000001635136470669 1 -23.0531030073 22.134309317538 0.0000000000002389199948993 1 -24.52564193679 20.22866999387 -0.00000000000003019806626981 1 -25.29741357408 19.28980488634 -0.0000000000003868017017791 1 -26.10588452661 18.365291641409 0.000000000001497912904828 1 -26.94655416374 17.458484841012 -0.000000000003301359186009 1 -27.83529310309 16.562747725135 0.000000000005287326132516 1 -28.73750184193 15.697361995476 -0.000000000006467715252193 1 -29.71212775658 14.833244076154 0.000000000006231015703468 1 -30.68762280807 14.011392202972 -0.000000000004753086812988 1 -31.72893317021 13.197523386852 0.000000000002900790718755 1 -32.79732773075 12.418165882704 -0.000000000001380229264211 1 -33.90781909368 11.66661601943 0.0000000000004938272013537 1 -35.05514122061 10.949586951823 -0.0000000000001008082506359 1 -36.31160730066 10.228317835275 0.00000000000001053949734713 1 -36.38543612799 10.185936704652 0.00000000000001708219180562 1 -36.45926495532 10.143555574028 0.0000000000000236248862641 1 -36.53309378265 10.101174443405 0.00000000000003016758072259 1 -36.60692260998 10.058793312781 0.00000000000003671027518107 1 -36.68075143731 10.016412182158 0.00000000000004325296963955 1 -36.75458026464 9.974031051534 0.00000000000004979566409804 1 -36.82840909196 9.93164992091 0.00000000000005633835855652 1 -36.90223791929 9.889268790287 0.00000000000006288105301501 1 -36.97606674662 9.846887659663 0.00000000000006942374747349 1 -37.04989557395 9.80450652904 0.00000000000007596644193197 1 -37.12372440128 9.762125398416 0.00000000000008250913639046 1 -37.19755322861 9.719744267793 0.00000000000008905183084894 1 0 26.174596211354 3 3 -1.908874923304 -0.909844309418 12.177453796259 25.264751901936 26.081756329804 14 12 12 12 14
8 2 13 2 5 2 2 -36.32137456756 21.773255648105 2.220267356544 1 -36.30380740379 21.678908990212 2.231678860441 1 -36.28658911457 21.58643600687 2.242863737927 1 -36.2697196999 21.49583669808 2.253821989002 1 -36.25319915977 21.407111063842 2.264553613666 1 -36.23702749419 21.320259104155 2.27505861192 1 -36.22120470317 21.23528081902 2.285336983763 1 -36.20573078669 21.152176208437 2.295388729195 1 -36.19060574476 21.070945272405 2.305213848217 1 -36.17582957738 20.991588010925 2.314812340827 1 -36.16140228454 20.914104423997 2.324184207027 1 -36.14732386626 20.83849451162 2.333329446816 1 -36.13359432253 20.764758273795 2.342248060194 1 -35.94492692633 19.751496342849 2.464805050889 1 -35.79931303094 18.803265174107 2.586072303479 1 -35.6825868396 17.848857989586 2.715011834646 1 -35.59387935274 16.888904913175 2.851822791079 1 -35.5322551731 15.923885465983 2.996641653221 1 -35.49674262711 14.954056772979 3.149543907552 1 -35.48637414856 13.979424495337 3.310539988535 1 -35.5002345257 12.999746066352 3.479566302676 1 -35.53751463488 12.014555809963 3.656472149699 1 -35.59756825533 11.023201517967 3.841003352637 1 -35.67996959084 10.024882066444 4.032783412038 1 -35.78456909527 9.018675646951 4.231292996421 1 -36.03852134755 6.988420737915 4.640404170496 1 -36.1878685207 5.964414465246 4.850992544537 1 -36.35985864372 4.930245515747 5.067033774056 1 -36.55458339606 3.886363333994 5.287110347121 1 -36.77440022701 2.826897099614 5.51192851005 1 -37.01741421407 1.762257781785 5.736176568201 1 -37.291235554 0.67254135591 5.964953080687 1 -37.59117298682 -0.417683081313 6.188254912024 1 -37.92726928404 -1.531077206078 6.411260300081 1 -38.29873365343 -2.650767561457 6.627438611011 1 -38.71173609276 -3.780886595815 6.836372423079 1 -39.16972891679 -4.915329659095 7.035652096407 1 -39.70782210209 -6.119811417014 7.235535405357 1 -39.73989219765 -6.191597951636 7.247448354626 1 -39.77241451265 -6.264396746 7.259529288031 1 -39.8053890471 -6.338207800108 7.271778205572 1 -39.83881580098 -6.413031113958 7.284195107248 1 -39.87269477432 -6.488866687552 7.29677999306 1 -39.90702596709 -6.565714520888 7.309532863008 1 -39.9418093793 -6.643574613967 7.322453717091 1 -39.97704501096 -6.722446966789 7.335542555309 1 -40.01273286207 -6.802331579354 7.348799377664 1 -40.04887293261 -6.883228451662 7.362224184154 1 -40.0854652226 -6.965137583713 7.375816974779 1 -40.12250973203 -7.048058975507 7.38957774954 1 -34.85150651022 22.007591502728 0.000000000000199417698326 0.874589043656 -34.83602423164 21.915172476096 0.000000000000182983317265 0.875085962011 -34.82079403867 21.824258234843 0.0000000000001668165241371 0.87550006064 -34.80581125319 21.734820853653 0.0000000000001509123531331 0.875831339542 -34.79107134536 21.646833292415 0.0000000000001352659958545 0.87607979872 -34.77656992908 21.560269368989 0.0000000000001198727964716 0.876245438171 -34.76230275764 21.475103733247 0.0000000000001047282471066 0.876328257897 -34.74826571954 21.391311842331 0.00000000000008982798343442 0.876328257897 -34.73445483459 21.30886993707 0.00000000000007516778048882 0.876245438171 -34.72086625012 21.227755019523 0.00000000000006074354866902 0.87607979872 -34.70749623739 21.147944831591 0.00000000000004655132993625 0.875831339542 -34.69434118819 21.069417834661 0.0000000000000325872941941 0.87550006064 -34.68139761161 20.99215319024 0.00000000000001884773584524 0.875085962011 -34.50048079454 19.912198708547 -0.0000000000001731947918415 0.868079414674 -34.37025341571 18.901423366216 0.0000000000008211209490128 0.861094084584 -34.2781432802 17.885447221275 -0.000000000002182698466413 0.853605149567 -34.22422543601 16.86602203776 0.000000000004314326673693 0.845586424405 -34.20849073627 15.844948252506 -0.000000000006648015471455 0.837012985142 -34.23085200543 14.824049457443 0.000000000008354206215699 0.827860909272 -34.29115144963 13.805172932946 -0.000000000008522071937023 0.818107256913 -34.38916809743 12.790207419739 0.000000000007006395463804 0.807730336356 -34.52462358848 11.781109306912 -0.000000000004507061390768 0.796710297524 -34.69718399157 10.77992814438 0.000000000002177813485105 0.78503009664 -34.90645449015 9.788821731061 -0.0000000000006852296507986 0.772676875697 -35.15196266266 8.810049885404 0.00000000000006794564910706 0.759643800025 -35.72481655506 6.845710861863 0.00000000000007682743330406 0.732220994994 -36.05637438077 5.856159266092 -0.0000000000007736034035588 0.717832363837 -36.42785053117 4.879886298931 0.000000000002587263736586 0.702759255871 -36.83921927944 3.918792472082 -0.000000000005752287535188 0.687059540841 -37.29056503946 2.977902256282 0.00000000000965627577898 0.670608415352 -37.78037282421 2.056670827433 -0.00000000001266764471097 0.653780274354 -38.31112049088 1.162719359526 0.00000000001326228016296 0.636086655075 -38.87578569347 0.297656776988 -0.00000000001122435477896 0.618285962694 -39.48048701315 -0.537480595153 0.000000000007741807195316 0.599915281656 -40.11614547102 -1.334579330986 -0.000000000004261924146931 0.581472751908 -40.78421632664 -2.095848364241 0.0000000000017763568394 0.563006344079 -41.48126584423 -2.819243724696 -0.0000000000004507505479978 0.544750892277 -42.25269397985 -3.550074015369 0.0000000000000319911434488 0.525782941587 -42.30223958462 -3.597012190246 0.00000000000006299562454772 0.524854158352 -42.35442802863 -3.646454120018 0.0000000000000956539326543 0.524111131764 -42.40921501472 -3.698357838741 0.0000000000001299383476386 0.523553861823 -42.46655048983 -3.752675927499 0.0000000000001658175474719 0.523182348529 -42.52637879214 -3.809355653776 0.0000000000002032567002864 0.522996591882 -42.58863882884 -3.868339139877 0.0000000000002422175756234 0.522996591882 -42.65326428337 -3.929563559284 0.0000000000002826586741381 0.523182348529 -42.72018385075 -3.992961359573 0.0000000000003245353748388 0.523553861823 -42.78932149912 -4.058460510203 0.0000000000003678000987659 0.524111131764 -42.86059675557 -4.125984773299 0.000000000000412402487852 0.524854158352 -42.93392501397 -4.195453995291 0.0000000000004582895975629 0.525782941587 -43.00921786242 -4.266784417107 0.0000000000005054061017887 0.526897481468 -32.19577981057 22.411490105717 -0.0000000000001938670197515 1 -32.1752516551 22.328873819121 -0.0000000000001785442435769 1 -32.15472349964 22.246257532526 -0.0000000000001632214674023 1 -32.13419534417 22.163641245931 -0.0000000000001478986912277 1 -32.11366718871 22.081024959335 -0.0000000000001325759150531 1 -32.09313903324 21.99840867274 -0.0000000000001172531388785 1 -32.07261087778 21.915792386145 -0.0000000000001019303627039 1 -32.05208272231 21.833176099549 -0.00000000000008660758652934 1 -32.03155456684 21.750559812954 -0.00000000000007128481035475 1 -32.01102641138 21.667943526358 -0.00000000000005596203418016 1 -31.99049825591 21.585327239763 -0.00000000000004063925800557 1 -31.96997010045 21.502710953168 -0.00000000000002531648183098 1 -31.94944194498 21.420094666572 -0.00000000000000999370565639 1 -31.65999501325 20.255205268394 0.0000000000002060573933704 1 -31.42580136406 19.159452723204 -0.0000000000008593126210598 1 -31.22651858068 18.051266518622 0.000000000002238209617645 1 -31.06230000239 16.931522065067 -0.000000000004155342736562 1 -30.93328286477 15.801002161029 0.000000000005918820988897 1 -30.83960477983 14.660437989083 -0.000000000006488143355885 1 -30.78142050369 13.510523972267 0.000000000005476952225104 1 -30.75891908272 12.351917101419 -0.000000000003490097100199 1 -30.77234148792 11.185231352849 0.000000000001679989480867 1 -30.82199882315 10.011037804274 -0.0000000000005946354519885 1 -30.90829121883 8.829881069466 0.0000000000001532107773983 1 -31.03172749915 7.642322660559 -0.0000000000000150990331349 1 -31.35416395831 5.25572113107 0.0000000000000213162820728 1 -31.55310524839 4.056754278576 -0.0000000000000666133814775 1 -31.79100500894 2.85186684606 0.0000000000002442490654176 1 -32.06564287089 1.646214302055 -0.0000000000006212808045799 1 -32.38744481143 0.426113734823 0.000000000001254552017827 1 -32.73608763439 -0.774436660363 -0.000000000001873612376356 1 -33.14807947553 -2.010097687952 0.000000000002124078690714 1 -33.58195703523 -3.209589813767 -0.000000000001818545314336 1 -34.07682385366 -4.435076065091 0.00000000000121547216736 1 -34.6124019325 -5.644216742539 -0.0000000000006257216966787 1 -35.19834073174 -6.850323697817 0.0000000000002402522625289 1 -35.83343630621 -8.044950149081 -0.00000000000005018208071306 1 -36.56093329226 -9.297820567005 0.000000000000005019980787049 1 -36.60368036694 -9.37143811643 0.000000000000008263604734698 1 -36.64642744163 -9.445055665856 0.00000000000001150722868235 1 -36.68917451631 -9.518673215281 0.00000000000001475085262999 1 -36.731921591 -9.592290764707 0.00000000000001799447657764 1 -36.77466866569 -9.665908314132 0.00000000000002123810052529 1 -36.81741574037 -9.739525863558 0.00000000000002448172447294 1 -36.86016281506 -9.813143412983 0.00000000000002772534842059 1 -36.90290988974 -9.886760962409 0.00000000000003096897236824 1 -36.94565696443 -9.960378511834 0.00000000000003421259631589 1 -36.98840403912 -10.03399606126 0.00000000000003745622026354 1 -37.0311511138 -10.10761361068 0.00000000000004069984421118 1 -37.07389818849 -10.18123116011 0.00000000000004394346815883 1 0 26.174596211354 3 3 -1.908874923305 -0.909844309418 12.177453796259 25.264751901936 26.081756329806 14 12 12 12 14
8 2 13 2 5 2 2 20.568605251833 -37.01687979813 2.220267356543 1 20.600564970681 -36.92638961375 2.23167886044 1 20.631889986475 -36.8376965164 2.242863737926 1 20.662580299215 -36.75080050609 2.253821989002 1 20.692635908902 -36.66570158281 2.264553613666 1 20.722056815534 -36.58239974656 2.27505861192 1 20.750843019113 -36.50089499735 2.285336983763 1 20.778994519638 -36.42118733517 2.295388729195 1 20.80651131711 -36.34327676003 2.305213848216 1 20.833393411527 -36.26716327192 2.314812340827 1 20.85964080289 -36.19284687085 2.324184207027 1 20.8852534912 -36.12032755681 2.333329446816 1 20.910231476456 -36.04960532981 2.342248060194 1 21.253471683957 -35.07776105883 2.464805050889 1 21.60148193578 -34.18376183034 2.586072303479 1 21.97759768103 -33.29885786732 2.715011834644 1 22.38075128217 -32.42316037329 2.851822791083 1 22.809892900591 -31.55661692701 2.996641653213 1 23.264052480289 -30.69896436864 3.149543907564 1 23.742389253079 -29.84972381746 3.310539988523 1 24.244231906484 -29.00822759911 3.479566302687 1 24.769112556123 -28.17366786401 3.656472149691 1 25.316797663126 -27.34515667328 3.841003352642 1 25.887319038686 -26.52178733489 4.032783412036 1 26.481008076519 -25.70268676639 4.231292996422 1 27.716064632845 -24.07141056514 4.640404170494 1 28.357406215166 -23.25926870598 4.850992544545 1 29.023438505476 -22.44964718531 5.067033774032 1 29.714016178993 -21.64298107375 5.287110347168 1 30.434116255373 -20.83536481544 5.511928509979 1 31.176892201313 -20.0348671143 5.736176568286 1 31.958886649952 -19.22805567612 5.964953080606 1 32.763752305565 -18.4338623344 6.188254912085 1 33.611517299045 -17.63768288631 6.411260300048 1 34.493060057448 -16.85373477901 6.627438611026 1 35.415790178815 -16.08152420556 6.836372423074 1 36.379645130846 -15.32806410564 7.035652096408 1 37.447888377873 -14.55399889754 7.235535405356 1 37.51155516264 -14.50786498269 7.247448354626 1 37.576119710804 -14.4610805349 7.259529288031 1 37.641582022365 -14.41364555419 7.271778205572 1 37.707942097323 -14.36556004054 7.284195107248 1 37.775199935678 -14.31682399396 7.29677999306 1 37.84335553743 -14.26743741445 7.309532863007 1 37.912408902579 -14.21740030201 7.32245371709 1 37.982360031125 -14.16671265664 7.335542555309 1 38.053208923068 -14.11537447834 7.348799377663 1 38.124955578408 -14.06338576711 7.362224184153 1 38.197599997145 -14.01074652294 7.375816974778 1 38.271142179279 -13.95745674585 7.389577749539 1 19.178494246646 -36.48488657258 0.00000000000007887068864903 0.874589043656 19.211295713407 -36.39710820844 0.00000000000007249316764025 0.875085962011 19.243563100018 -36.31075906946 0.00000000000006621948672497 0.87550006064 19.275306317764 -36.22581263256 0.00000000000006004771887267 0.875831339542 19.306534963752 -36.14224321539 0.00000000000005397599813769 0.87607979872 19.337258330579 -36.06002595052 0.00000000000004800251778011 0.876245438171 19.367485415539 -35.97913676071 0.00000000000004212552847432 0.876328257897 19.397224929412 -35.8995523355 0.00000000000003634333660151 0.876328257897 19.426485304831 -35.82125010874 0.00000000000003065430262262 0.876245438171 19.455274704251 -35.74420823728 0.00000000000002505683952837 0.87607979872 19.483601027542 -35.66840558068 0.00000000000001954941136341 0.875831339542 19.511471919213 -35.59382168186 0.00000000000001413053182168 0.87550006064 19.538894775286 -35.52043674868 0.000000000000008798762910188 0.875085962011 19.922193456578 -34.49471032407 -0.00000000000006572520305781 0.868079414674 20.314800909415 -33.55423951068 0.000000000000346389583683 0.861094084584 20.743019264575 -32.62832329177 -0.000000000001041833286308 0.853605149567 21.206037633566 -31.71851626348 0.000000000002328359727244 0.845586424405 21.70294787647 -30.82637307647 -0.000000000004001687869959 0.837012985142 22.232762701185 -29.9534294198 0.00000000000544853051565 0.827860909273 22.79442181391 -29.1012061884 -0.000000000005933031843597 0.818107256912 23.386789477537 -28.27122859387 0.000000000005140776693224 0.807730336356 24.008646430261 -27.46505173879 -0.000000000003441691376338 0.796710297523 24.658678704304 -26.68428361978 0.000000000001683542194542 0.785030096641 25.33546547899 -25.93059553729 -0.0000000000004942712905631 0.772676875697 26.037467716051 -25.2057083407 0.00000000000000222044604925 0.759643800025 27.515743251289 -23.79096779086 0.0000000000001696420781627 0.732220994993 28.297656549071 -23.09976988342 -0.000000000001340261235327 0.717832363838 29.107500815792 -22.44003076804 0.00000000000441247038907 0.702759255868 29.944303515545 -21.81338347269 -0.00000000001007371963624 0.687059540847 30.805625517519 -21.22422152365 0.00000000001766764512467 0.670608415344 31.690427216474 -20.67131559589 -0.00000000002463274029196 0.653780274363 32.59704391282 -20.16250474824 0.00000000002762723383398 0.636086655067 33.51858961411 -19.69567117723 -0.00000000002480504690539 0.618285962699 34.459845004761 -19.27477165712 0.00000000001763966750445 0.599915281653 35.408890745305 -18.90229313151 -0.000000000009666489830806 0.58147275191 36.368091594435 -18.5770502374 0.000000000003852029806239 0.563006344078 37.333451864589 -18.29909623707 -0.0000000000009348077867344 0.544750892277 38.366943372572 -18.0518927073 0.00000000000007842967141474 0.525782941587 38.433320212387 -18.03601585783 0.000000000000143505678266 0.524854158352 38.50323769557 -18.01929211264 0.0000000000002120529400412 0.524111131764 38.576636476678 -18.00173566672 0.0000000000002840132743324 0.523553861823 38.653449499042 -17.98336255953 0.0000000000003593209386252 0.523182348529 38.733602191849 -17.96419062785 0.0000000000004379028235238 0.522996591882 38.817012708318 -17.94423944883 0.0000000000005196786862537 0.522996591882 38.903592203374 -17.92353027356 0.0000000000006045614229009 0.523182348529 38.99324514888 -17.90208595165 0.0000000000006924573774567 0.523553861823 39.085869684042 -17.87993084746 0.0000000000007832666853662 0.524111131764 39.181357998337 -17.85709074848 0.0000000000008768836489426 0.524854158352 39.279596743928 -17.83359276665 0.0000000000009731971417048 0.525782941587 39.380467474312 -17.80946523352 0.000000000001072091038429 0.526897481468 16.67661815775 -35.5068096735 -0.00000000000008990605010528 1 16.700148396921 -35.42499779281 -0.00000000000008302436080563 1 16.723678636093 -35.34318591212 -0.00000000000007614267150598 1 16.747208875264 -35.26137403142 -0.00000000000006926098220633 1 16.770739114436 -35.17956215073 -0.00000000000006237929290668 1 16.794269353607 -35.09775027004 -0.00000000000005549760360704 1 16.817799592779 -35.01593838935 -0.00000000000004861591430739 1 16.84132983195 -34.93412650866 -0.00000000000004173422500774 1 16.864860071121 -34.85231462797 -0.00000000000003485253570809 1 16.888390310293 -34.77050274728 -0.00000000000002797084640844 1 16.911920549464 -34.68869086659 -0.00000000000002108915710879 1 16.935450788636 -34.6068789859 -0.00000000000001420746780915 1 16.958981027807 -34.52506710521 -0.000000000000007325778509498 1 17.290757330968 -33.37151982792 0.00000000000008970602038971 1 17.635815953963 -32.30547346294 -0.0000000000003597122599786 1 18.017325103305 -31.24611466593 0.0000000000008451017663447 1 18.434979869525 -30.19427823432 -0.000000000001356692536092 1 18.8885077028 -29.15071070902 0.000000000001547206807118 1 19.37766218751 -28.11611411916 -0.000000000001215916256568 1 19.902230134594 -27.09116723017 0.0000000000005710987238678 1 20.462046767926 -26.07653353671 -0.00000000000001820765760384 1 21.057013786016 -25.07286524268 -0.0000000000001971756091735 1 21.687115074145 -24.08081246835 0.0000000000001412203687323 1 22.352424848339 -23.10104692796 -0.000000000000008437694987151 1 23.053103007311 -22.13430931754 -0.00000000000006439293542826 1 24.525641936778 -20.22866999386 0.0000000000001856292897173 1 25.297413574143 -19.28980488637 -0.000000000001209699007633 1 26.105884526442 -18.36529164131 0.000000000003699263118038 1 26.946554164072 -17.4584848412 -0.000000000007867928530967 1 27.835293102619 -16.56274772483 0.00000000001286037942792 1 28.737501842482 -15.69736199584 -0.00000000001665023674509 1 29.712127756072 -14.8332440758 0.00000000001724753673198 1 30.687622808476 -14.01139220324 -0.00000000001428857032703 1 31.728933169951 -13.19752338669 0.000000000009421352586927 1 32.797327730882 -12.41816588277 -0.000000000004818367926883 1 33.907819093639 -11.6666160194 0.000000000001804778548829 1 35.055141220622 -10.94958695182 -0.0000000000004014566457045 1 36.311607300668 -10.22831783527 0.00000000000002930815899301 1 36.385436127996 -10.18593670465 0.00000000000005461951509737 1 36.459264955324 -10.14355557402 0.00000000000007993087120173 1 36.533093782653 -10.1011744434 0.0000000000001052422273061 1 36.606922609981 -10.05879331277 0.0000000000001305535834105 1 36.680751437309 -10.01641218215 0.0000000000001558649395148 1 36.754580264637 -9.974031051531 0.0000000000001811762956192 1 36.828409091966 -9.931649920907 0.0000000000002064876517235 1 36.902237919294 -9.889268790283 0.0000000000002317990078279 1 36.976066746622 -9.846887659659 0.0000000000002571103639323 1 37.04989557395 -9.804506529034 0.0000000000002824217200366 1 37.123724401278 -9.76212539841 0.000000000000307733076141 1 37.197553228607 -9.719744267786 0.0000000000003330444322453 1 0 26.174596211355 3 3 -1.908874923304 -0.909844309418 12.177453796259 25.264751901937 26.081756329809 14 12 12 12 14
8 2 13 2 5 2 2 -42.34186089993 0.695505230567 2.220267356543 1 -42.27947396089 0.622582209955 2.23167886044 1 -42.21832599334 0.551107401829 2.242863737926 1 -42.15841699729 0.481080806189 2.253821989002 1 -42.09974697274 0.412502423034 2.264553613666 1 -42.04231591969 0.345372252365 2.27505861192 1 -41.98612383813 0.279690294182 2.285336983763 1 -41.93117072807 0.215456548484 2.295388729195 1 -41.87745658951 0.152671015273 2.305213848217 1 -41.82498142245 0.09133369454679 2.314812340827 1 -41.77374522688 0.03144458630666 2.324184207027 1 -41.72374800282 -0.0269963094477 2.333329446816 1 -41.67498975025 -0.0839889927163 2.342248060194 1 -41.0049680268 -0.867165867504 2.464805050889 1 -40.40474710989 -1.615551200607 2.586072303481 1 -39.82645567058 -2.383728972257 2.71501183464 1 -39.2696561954 -3.170718979508 2.85182279109 1 -38.73377836647 -3.975638245985 2.996641653202 1 -38.2181092534 -4.797778258607 3.149543907576 1 -37.72181374828 -5.636650330951 3.310539988511 1 -37.24397797294 -6.492006926709 3.479566302696 1 -36.78366836602 -7.363846770789 3.656472149687 1 -36.33999918111 -8.252411582091 3.841003352643 1 -35.91220110512 -9.158182255932 4.032783412037 1 -35.49968372346 -10.08188232888 4.231292996421 1 -34.70448537076 -11.96711078241 4.640404170496 1 -34.32182068035 -12.92859981474 4.850992544534 1 -33.95368402138 -13.91021145835 5.067033774063 1 -33.60037951266 -14.91160232241 5.287110347107 1 -33.26101335546 -15.93903541142 5.511928510071 1 -32.93914998254 -16.98254709992 5.736176568177 1 -32.63142800637 -18.06317987774 5.964953080708 1 -32.34606922387 -19.1573106525 6.188254912009 1 -32.08044009318 -20.28958639768 6.411260300091 1 -31.84229249589 -21.44499887444 6.627438611006 1 -31.63490358303 -22.63021188719 6.836372423081 1 -31.46431547174 -23.84166481114 7.035652096407 1 -31.32807696086 -25.15382320455 7.235535405357 1 -31.319957211 -25.23202721496 7.247448354626 1 -31.3117229648 -25.31133397774 7.259529288031 1 -31.30337422225 -25.3917434929 7.271778205572 1 -31.29491098336 -25.47325576044 7.284195107249 1 -31.28633324812 -25.55587078035 7.29677999306 1 -31.27764101654 -25.63958855263 7.309532863008 1 -31.26883428861 -25.72440907728 7.322453717091 1 -31.25991306433 -25.81033235431 7.33554255531 1 -31.25087734371 -25.89735838372 7.348799377664 1 -31.24172712675 -25.98548716549 7.362224184154 1 -31.23246241343 -26.07471869965 7.375816974779 1 -31.22308320377 -26.16505298617 7.38957774954 1 -41.18608574937 1.633380062363 0.00000000000001649289272728 0.874589043656 -41.1264681895 1.561083976795 0.00000000000001502115710987 0.875085962011 -41.06782133486 1.489965030788 0.00000000000001357338459096 0.87550006064 -41.01012717141 1.420001379372 0.0000000000000121491304712 0.875831339542 -40.95336825616 1.351171870038 0.00000000000001074796414774 0.87607979872 -40.89752769956 1.283456021438 0.000000000000009369468680608 0.876245438171 -40.84258914878 1.216834003078 0.000000000000008013240379271 0.876328257897 -40.78853677174 1.151286615961 0.000000000000006678888408624 0.876328257897 -40.7353552419 1.086795274142 0.000000000000005366034413495 0.876245438171 -40.68302972377 1.023341987156 0.000000000000004074312160974 0.87607979872 -40.63154585913 0.960909343292 0.000000000000002803367199829 0.875831339542 -40.58088975387 0.899480493666 0.000000000000001552856536352 0.87550006064 -40.53104796552 0.839039137076 0.0000000000000003224483260058 0.875085962011 -39.83439216512 -0.005770470465468 -0.0000000000000168753899743 0.868079414674 -39.21622427562 -0.816013905035 0.0000000000001532107773983 0.861094084585 -38.62846648586 -1.649819988421 -0.0000000000006434852650727 0.853605149566 -38.0720596713 -2.505709172538 0.000000000001816324868287 0.845586424406 -37.547896129 -3.38211765979 -0.000000000003650857394177 0.83701298514 -37.05681215859 -4.277422585643 0.000000000005530687019473 0.827860909276 -36.59959474688 -5.18994526122 -0.000000000006387779194483 0.818107256909 -36.17699689725 -6.117939503569 0.000000000005668798763736 0.807730336359 -35.78975573718 -7.059571849688 -0.000000000003767208767158 0.796710297522 -35.43860684867 -8.012900371787 0.000000000001785238623597 0.785030096641 -35.12428721005 -8.975858952863 -0.0000000000004907185768843 0.772676875697 -34.84751760145 -9.946254321966 -0.0000000000000284217094304 0.759643800025 -34.36145411315 -11.93384876419 0.000000000000251798581985 0.732220994994 -34.15381581516 -12.95660449734 -0.000000000001873612376357 0.717832363836 -33.98738711472 -13.98781976313 0.000000000005920153256511 0.702759255872 -33.86309598762 -15.02583580674 -0.00000000001277600247818 0.687059540839 -33.78352777379 -16.06634351579 0.0000000000209507966531 0.670608415355 -33.74709804392 -17.10905722833 -0.00000000002712097213475 0.653780274351 -33.75976327232 -18.1486157426 0.00000000002827027500985 0.636086655078 -33.81624639111 -19.18011451627 -0.00000000002380273755875 0.618285962691 -33.92236440959 -20.205715356 0.00000000001599920196327 0.599915281658 -34.07431141432 -21.21385233951 -0.000000000008284928298963 0.581472751907 -34.27224323019 -22.20716608923 0.000000000003084643651619 0.563006344079 -34.51420813989 -23.18216960716 -0.0000000000006834532939592 0.544750892277 -34.8168693572 -24.20080127255 0.00000000000004467815053414 0.525782941587 -34.83630802214 -24.26622372678 0.00000000000009144298980182 0.524854158352 -34.85678357555 -24.33513591598 0.0000000000001407023379743 0.524111131764 -34.87827863793 -24.40747934799 0.0000000000001924143840818 0.523553861823 -34.90077357154 -24.4831879303 0.0000000000002465318843203 0.523182348529 -34.92424653807 -24.56218816429 0.0000000000003030023009063 0.522996591882 -34.94867356844 -24.64439938 0.000000000000361767969877 0.522996591882 -34.97402864409 -24.72973400981 0.0000000000004227662967258 0.523182348529 -35.0002837893 -24.81809789909 0.0000000000004859299784879 0.523553861823 -35.02740917383 -24.90939065165 0.0000000000005511872506209 0.524111131764 -35.05537322503 -25.00350600709 0.0000000000006184621567844 0.524854158352 -35.08414274863 -25.10033224732 0.0000000000006876748394042 0.525782941587 -35.1136830572 -25.19975262889 0.0000000000007587418487165 0.526897481468 -39.08810826346 3.311029862926 0.0000000000003640379733592 1 -39.02902221604 3.249746137701 0.0000000000003362400165823 1 -38.96993616862 3.188462412476 0.0000000000003084420598053 1 -38.91085012119 3.127178687252 0.0000000000002806441030284 1 -38.85176407377 3.065894962027 0.0000000000002528461462515 1 -38.79267802634 3.004611236802 0.0000000000002250481894745 1 -38.73359197892 2.943327511577 0.0000000000001972502326976 1 -38.6745059315 2.882043786352 0.0000000000001694522759207 1 -38.61541988407 2.820760061127 0.0000000000001416543191438 1 -38.55633383665 2.759476335902 0.0000000000001138563623668 1 -38.49724778922 2.698192610677 0.00000000000008605840558989 1 -38.4381617418 2.636908885452 0.00000000000005826044881296 1 -38.37907569438 2.575625160227 0.00000000000003046249203603 1 -37.54596259935 1.711524814673 -0.0000000000003614886168179 1 -36.79526867718 0.879672098866 0.000000000001679101302444 1 -36.06859162187 0.01959608527649 -0.000000000004658939900532 1 -35.36650193469 -0.868021768129 0.000000000009532374889451 1 -34.68950986366 -1.782572155653 -0.00000000001520295000996 1 -34.03810017679 -2.723490660799 0.00000000001940136939999 1 -33.41275410665 -3.690253273396 -0.00000000001993960552221 1 -32.8139638695 -4.68238554612 0.00000000001649125280782 1 -32.24224513876 -5.699476245175 -0.00000000001078781508567 1 -31.69815287846 -6.741186354834 0.000000000005381028955756 1 -31.18230591779 -7.807244290865 -0.000000000001849631559025 1 -30.69542566786 -8.897418181617 0.0000000000002864375403533 1 -29.78136306785 -11.12549396444 -0.00000000000007327471962527 1 -29.35416785266 -12.26330036203 -0.0000000000002895461648221 1 -28.95775137265 -13.42571336758 0.000000000001316280417998 1 -28.59276846582 -14.60715802978 -0.000000000003084643651609 1 -28.26140683789 -15.82469708645 0.000000000005173195205567 1 -27.96306518157 -17.03872563871 -0.000000000006724398815514 1 -27.70203006863 -18.31483539958 0.000000000006985523270976 1 -27.47803299432 -19.57056483209 -0.000000000005813127756916 1 -27.29385710507 -20.87930046691 0.000000000003840483486792 1 -27.15311098825 -22.19423604975 -0.000000000001953992523338 1 -27.05749539585 -23.53172471233 0.0000000000007180922523278 1 -27.01019107153 -24.88384935439 -0.0000000000001558753126574 1 -27.01378673366 -26.33261545698 0.000000000000009259059351483 1 -27.01399801156 -26.41774366229 0.00000000000001896220791282 1 -27.01420928947 -26.5028718676 0.00000000000002866535647415 1 -27.01442056737 -26.58800007291 0.00000000000003836850503548 1 -27.01463184527 -26.67312827822 0.00000000000004807165359682 1 -27.01484312317 -26.75825648353 0.00000000000005777480215815 1 -27.01505440108 -26.84338468884 0.00000000000006747795071948 1 -27.01526567898 -26.92851289415 0.00000000000007718109928081 1 -27.01547695688 -27.01364109946 0.00000000000008688424784215 1 -27.01568823479 -27.09876930477 0.00000000000009658739640348 1 -27.01589951269 -27.18389751008 0.0000000000001062905449648 1 -27.01611079059 -27.26902571539 0.0000000000001159936935261 1 -27.01632206849 -27.3541539207 0.0000000000001256968420875 1 0 26.174596211352 3 3 -1.908874923305 -0.909844309418 12.177453796258 25.264751901934 26.081756329804 14 12 12 12 14
8 2 13 2 5 2 2 -0.695505230567 -42.34186089993 2.220267356543 1 -0.622582209955 -42.27947396089 2.23167886044 1 -0.551107401829 -42.21832599334 2.242863737926 1 -0.481080806189 -42.15841699729 2.253821989002 1 -0.412502423034 -42.09974697274 2.264553613666 1 -0.345372252365 -42.04231591969 2.27505861192 1 -0.279690294182 -41.98612383813 2.285336983763 1 -0.215456548484 -41.93117072807 2.295388729195 1 -0.152671015273 -41.87745658951 2.305213848216 1 -0.09133369454681 -41.82498142245 2.314812340827 1 -0.03144458630668 -41.77374522688 2.324184207027 1 0.02699630944767 -41.72374800282 2.333329446816 1 0.08398899271627 -41.67498975025 2.342248060194 1 0.867165867504 -41.0049680268 2.464805050888 1 1.615551200609 -40.40474710992 2.586072303482 1 2.383728972253 -39.82645567052 2.715011834635 1 3.170718979515 -39.26965619552 2.851822791099 1 3.975638245977 -38.73377836631 2.99664165319 1 4.797778258613 -38.21810925357 3.149543907589 1 5.636650330949 -37.72181374814 3.3105399885 1 6.492006926708 -37.24397797303 3.479566302702 1 7.363846770791 -36.78366836597 3.656472149684 1 8.25241158209 -36.33999918113 3.841003352645 1 9.158182255933 -35.91220110511 4.032783412036 1 10.081882328887 -35.49968372346 4.231292996421 1 11.967110782411 -34.70448537076 4.640404170496 1 12.928599814742 -34.32182068035 4.850992544535 1 13.910211458355 -33.95368402139 5.067033774063 1 14.911602322411 -33.60037951264 5.287110347107 1 15.939035411416 -33.2610133555 5.511928510071 1 16.982547099938 -32.93914998247 5.736176568176 1 18.06317987774 -32.63142800646 5.964953080712 1 19.157310652507 -32.34606922379 6.188254912002 1 20.289586397692 -32.08044009323 6.4112603001 1 21.444998874438 -31.84229249586 6.627438611001 1 22.630211887197 -31.63490358304 6.836372423083 1 23.841664811146 -31.46431547174 7.035652096406 1 25.153823204551 -31.32807696086 7.235535405357 1 25.232027214963 -31.319957211 7.247448354626 1 25.311333977749 -31.3117229648 7.259529288031 1 25.391743492909 -31.30337422226 7.271778205572 1 25.473255760442 -31.29491098336 7.284195107248 1 25.55587078035 -31.28633324813 7.29677999306 1 25.639588552632 -31.27764101654 7.309532863008 1 25.724409077288 -31.26883428861 7.322453717091 1 25.810332354318 -31.25991306434 7.33554255531 1 25.897358383721 -31.25087734371 7.348799377664 1 25.985487165499 -31.24172712675 7.362224184154 1 26.074718699651 -31.23246241343 7.375816974779 1 26.165052986176 -31.22308320377 7.38957774954 1 -1.633380062363 -41.18608574937 -0.0000000000001286385827528 0.874589043656 -1.561083976794 -41.1264681895 -0.0000000000001180093810715 0.875085962011 -1.489965030788 -41.06782133486 -0.0000000000001075532462127 0.87550006064 -1.420001379372 -41.01012717141 -0.00000000000009726696645884 0.875831339543 -1.351171870037 -40.95336825616 -0.00000000000008714743190053 0.87607979872 -1.283456021438 -40.89752769956 -0.00000000000007719163130454 0.876245438171 -1.216834003078 -40.84258914878 -0.00000000000006739664912821 0.876328257897 -1.151286615961 -40.78853677174 -0.00000000000005775966267353 0.876328257897 -1.086795274141 -40.7353552419 -0.00000000000004827793937537 0.876245438171 -1.023341987156 -40.68302972377 -0.00000000000003894883421827 0.87607979872 -0.960909343292 -40.63154585913 -0.00000000000002976978727667 0.875831339543 -0.899480493666 -40.58088975387 -0.00000000000002073832137378 0.87550006064 -0.839039137076 -40.53104796552 -0.00000000000001185203985461 0.875085962011 0.005770470464736 -39.83439216512 0.0000000000001123545700921 0.868079414674 0.816013905038 -39.21622427562 -0.0000000000005262457136723 0.861094084585 1.649819988414 -38.62846648586 0.000000000001459277143567 0.853605149566 2.505709172549 -38.0720596713 -0.000000000002918110197925 0.845586424408 3.382117659779 -37.547896129 0.000000000004581224288813 0.837012985138 4.277422585652 -37.05681215859 -0.000000000005790479207235 0.827860909278 5.189945261216 -36.59959474688 0.000000000005914824185993 0.818107256907 6.11793950357 -36.17699689725 -0.00000000000494759788694 0.80773033636 7.059571849689 -35.78975573718 0.000000000003417710559006 0.796710297521 8.012900371787 -35.43860684867 -0.000000000001885158695814 0.785030096642 8.975858952863 -35.12428721005 0.0000000000007585043704239 0.772676875697 9.946254321966 -34.84751760145 -0.0000000000001785238623597 0.759643800025 11.933848764194 -34.36145411315 0.0000000000001727507026317 0.732220994994 12.956604497341 -34.15381581516 -0.0000000000007709388682997 0.717832363836 13.987819763143 -33.98738711472 0.000000000002036149027163 0.702759255872 15.025835806728 -33.86309598762 -0.000000000003811173598933 0.687059540839 16.066343515816 -33.78352777379 0.000000000005410338843603 0.670608415356 17.10905722832 -33.74709804393 -0.000000000006113776152006 0.653780274349 18.148615742616 -33.75976327231 0.000000000005845546269256 0.636086655081 19.180114516269 -33.81624639112 -0.000000000004990230451085 0.618285962689 20.205715356008 -33.92236440958 0.000000000003797850922638 0.599915281659 21.213852339518 -34.07431141432 -0.000000000002394529019512 0.581472751907 22.207166089231 -34.27224323019 0.00000000000109601216991 0.563006344079 23.182169607164 -34.51420813989 -0.0000000000002828848266745 0.544750892277 24.200801272554 -34.8168693572 0.00000000000001687837839614 0.525782941587 24.266223726789 -34.83630802214 0.00000000000003613091612061 0.524854158352 24.335135915989 -34.85678357555 0.0000000000000564104140046 0.524111131764 24.407479347996 -34.87827863793 0.00000000000007769965896053 0.523553861823 24.483187930301 -34.90077357154 0.00000000000009997920126647 0.523182348529 24.562188164294 -34.92424653807 0.0000000000001232274117311 0.522996591882 24.644399380008 -34.94867356844 0.0000000000001474205507749 0.522996591882 24.729734009811 -34.97402864408 0.0000000000001725328489711 0.523182348529 24.818097899095 -35.0002837893 0.0000000000001985365984758 0.523553861823 24.909390651653 -35.02740917383 0.0000000000002254022546656 0.524111131764 25.003506007091 -35.05537322503 0.000000000000253098547203 0.524854158352 25.100332247321 -35.08414274863 0.0000000000002815925996582 0.525782941587 25.199752628898 -35.1136830572 0.0000000000003108500567388 0.526897481468 -3.311029862927 -39.08810826346 0.0000000000003225817287164 1 -3.249746137702 -39.02902221604 0.000000000000297665267459 1 -3.188462412477 -38.96993616862 0.0000000000002727488062016 1 -3.127178687252 -38.91085012119 0.0000000000002478323449442 1 -3.065894962027 -38.85176407377 0.0000000000002229158836868 1 -3.004611236802 -38.79267802634 0.0000000000001979994224295 1 -2.943327511577 -38.73359197892 0.0000000000001730829611721 1 -2.882043786352 -38.6745059315 0.0000000000001481664999147 1 -2.820760061127 -38.61541988407 0.0000000000001232500386573 1 -2.759476335902 -38.55633383665 0.00000000000009833357739995 1 -2.698192610677 -38.49724778922 0.00000000000007341711614257 1 -2.636908885451 -38.4381617418 0.0000000000000485006548852 1 -2.575625160226 -38.37907569438 0.00000000000002358419362782 1 -1.711524814672 -37.54596259935 -0.0000000000003277378368693 1 -0.879672098868 -36.7952686772 0.000000000001482369782481 1 -0.01959608527232 -36.06859162182 -0.000000000003980371587876 1 0.86802176812 -35.36650193479 0.000000000007748912622712 1 1.782572155668 -34.68950986352 -0.00000000001170663566078 1 2.723490660779 -34.03810017694 0.00000000001413003047912 1 3.690253273419 -33.41275410654 -0.00000000001379119041181 1 4.6823855461 -32.81396386957 0.00000000001091660095658 1 5.699476245189 -32.24224513873 -0.000000000006949552044927 1 6.741186354827 -31.69815287847 0.000000000003456790409476 1 7.807244290867 -31.18230591779 -0.000000000001251443393357 1 8.897418181617 -30.69542566786 0.0000000000002580158309229 1 11.125493964445 -29.78136306785 -0.0000000000002247091401841 1 12.26330036203 -29.35416785266 0.0000000000009419132140915 1 13.425713367592 -28.95775137265 -0.000000000002534861209829 1 14.607158029775 -28.59276846581 0.000000000005101696842739 1 15.82469708646 -28.26140683793 -0.000000000008113509864007 1 17.038725638727 -27.96306518151 0.00000000001037880892333 1 18.314835399564 -27.7020300687 -0.00000000001068256594302 1 19.570564832106 -27.47803299425 0.000000000008825828956511 1 20.879300466925 -27.29385710512 -0.000000000005794031920934 1 22.194236049736 -27.15311098822 0.00000000000294786417498 1 23.531724712339 -27.05749539586 -0.000000000001085354028874 1 24.88384935439 -27.01019107153 0.0000000000002438049762077 1 26.332615456985 -27.01378673366 -0.00000000000001427645661756 1 26.417743662295 -27.01399801156 -0.00000000000002944109165483 1 26.502871867605 -27.01420928947 -0.00000000000004460572669209 1 26.588000072915 -27.01442056737 -0.00000000000005977036172936 1 26.673128278225 -27.01463184527 -0.00000000000007493499676662 1 26.758256483535 -27.01484312318 -0.00000000000009009963180389 1 26.843384688845 -27.01505440108 -0.0000000000001052642668412 1 26.928512894154 -27.01526567898 -0.0000000000001204289018784 1 27.013641099464 -27.01547695688 -0.0000000000001355935369157 1 27.098769304774 -27.01568823479 -0.0000000000001507581719529 1 27.183897510084 -27.01589951269 -0.0000000000001659228069902 1 27.269025715394 -27.01611079059 -0.0000000000001810874420275 1 27.354153920704 -27.0163220685 -0.0000000000001962520770647 1 0 26.174596211354 3 3 -1.908874923306 -0.909844309418 12.177453796259 25.264751901936 26.081756329805 14 12 12 12 14
8 2 13 2 5 2 2 -37.01687979813 -20.56860525183 2.220267356543 1 -36.92638961375 -20.60056497068 2.23167886044 1 -36.8376965164 -20.63188998647 2.242863737926 1 -36.75080050608 -20.66258029921 2.253821989002 1 -36.6657015828 -20.6926359089 2.264553613666 1 -36.58239974656 -20.72205681553 2.27505861192 1 -36.50089499735 -20.75084301911 2.285336983763 1 -36.42118733517 -20.77899451963 2.295388729195 1 -36.34327676003 -20.8065113171 2.305213848216 1 -36.26716327192 -20.83339341152 2.314812340827 1 -36.19284687085 -20.85964080289 2.324184207027 1 -36.12032755681 -20.88525349119 2.333329446816 1 -36.04960532981 -20.91023147645 2.342248060194 1 -35.07776105883 -21.25347168396 2.464805050889 1 -34.18376183032 -21.60148193576 2.586072303477 1 -33.29885786737 -21.97759768107 2.715011834649 1 -32.4231603732 -22.38075128209 2.851822791074 1 -31.55661692713 -22.8098929007 2.996641653225 1 -30.6989643685 -23.26405248015 3.149543907548 1 -29.8497238176 -23.74238925321 3.310539988538 1 -29.00822759901 -24.24423190637 3.479566302674 1 -28.17366786408 -24.76911255619 3.656472149701 1 -27.34515667325 -25.31679766308 3.841003352636 1 -26.5217873349 -25.8873190387 4.032783412039 1 -25.70268676638 -26.48100807651 4.23129299642 1 -24.07141056514 -27.71606463285 4.640404170496 1 -23.25926870594 -28.3574062151 4.850992544534 1 -22.44964718541 -29.02343850565 5.067033774064 1 -21.64298107356 -29.71401617865 5.287110347103 1 -20.8353648157 -30.43411625587 5.511928510079 1 -20.03486711404 -31.17689220072 5.736176568163 1 -19.22805567633 -31.95888665049 5.964953080724 1 -18.43386233424 -32.76375230516 6.188254911998 1 -17.63768288641 -33.61151729926 6.411260300094 1 -16.85373477896 -34.49306005734 6.627438611007 1 -16.08152420558 -35.41579017884 6.836372423081 1 -15.32806410564 -36.37964513083 7.035652096407 1 -14.55399889754 -37.44788837787 7.235535405357 1 -14.50786498269 -37.51155516264 7.247448354626 1 -14.4610805349 -37.5761197108 7.259529288031 1 -14.41364555419 -37.64158202236 7.271778205572 1 -14.36556004054 -37.70794209732 7.284195107248 1 -14.31682399397 -37.77519993568 7.29677999306 1 -14.26743741446 -37.84335553743 7.309532863008 1 -14.21740030202 -37.91240890258 7.322453717091 1 -14.16671265665 -37.98236003112 7.33554255531 1 -14.11537447835 -38.05320892307 7.348799377664 1 -14.06338576711 -38.12495557841 7.362224184154 1 -14.01074652295 -38.19759999714 7.375816974779 1 -13.95745674585 -38.27114217928 7.38957774954 1 -36.48488657258 -19.17849424664 -0.000000000000006199061270163 0.874589043656 -36.39710820843 -19.2112957134 -0.000000000000005749364275954 0.875085962011 -36.31075906946 -19.24356310001 -0.000000000000005306989339621 0.87550006064 -36.22581263256 -19.27530631776 -0.000000000000004871800580805 0.875831339542 -36.14224321539 -19.30653496375 -0.000000000000004443666426416 0.87607979872 -36.06002595052 -19.33725833057 -0.000000000000004022459478125 0.876245438171 -35.97913676071 -19.36748541553 -0.00000000000000360805638605 0.876328257897 -35.8995523355 -19.39722492941 -0.000000000000003200337728353 0.876328257897 -35.82125010874 -19.42648530483 -0.000000000000002799187896508 0.876245438171 -35.74420823728 -19.45527470425 -0.000000000000002404494986016 0.87607979872 -35.66840558068 -19.48360102754 -0.000000000000002016150692333 0.875831339542 -35.59382168186 -19.51147191921 -0.000000000000001634050211827 0.87550006064 -35.52043674868 -19.53889477528 -0.000000000000001258092147554 0.875085962011 -34.49471032407 -19.92219345657 0.000000000000003996802888651 0.868079414674 -33.55423951068 -20.31480090941 0.00000000000003508304757815 0.861094084584 -32.62832329177 -20.74301926457 -0.0000000000002935429677109 0.853605149568 -31.71851626349 -21.20603763356 0.000000000001089350831762 0.845586424403 -30.82637307647 -21.70294787646 -0.000000000002585931468957 0.837012985145 -29.95342941979 -22.23276270118 0.000000000004349853810481 0.827860909269 -29.1012061884 -22.7944218139 -0.000000000005467182262464 0.818107256915 -28.27122859387 -23.38678947754 0.000000000005248246282008 0.807730336354 -27.4650517388 -24.00864643026 -0.000000000003869349285424 0.796710297525 -26.68428361978 -24.6586787043 0.000000000002130740028861 0.78503009664 -25.93059553729 -25.33546547899 -0.0000000000007833733661755 0.772676875697 -25.2057083407 -26.03746771605 0.0000000000001194599974497 0.759643800025 -23.79096779086 -27.51574325128 -0.0000000000000133226762955 0.732220994994 -23.09976988343 -28.29765654906 -0.000000000000349498208152 0.717832363836 -22.44003076804 -29.10750081579 0.000000000001485478406948 0.702759255872 -21.81338347269 -29.94430351554 -0.000000000003898659173274 0.68705954084 -21.22422152367 -30.8056255175 0.000000000007486899988862 0.670608415354 -20.67131559586 -31.6904272165 -0.00000000001116706727089 0.653780274353 -20.16250474828 -32.59704391278 0.00000000001319344633544 0.636086655076 -19.6956711772 -33.51858961414 -0.00000000001232081103808 0.618285962692 -19.27477165714 -34.45984500473 0.000000000008993694677883 0.599915281658 -18.9022931315 -35.40889074532 -0.000000000005040412531798 0.581472751907 -18.57705023741 -36.36809159442 0.000000000002035260848743 0.563006344079 -18.29909623706 -37.33345186459 -0.0000000000004929390229336 0.544750892277 -18.0518927073 -38.36694337257 0.0000000000000271548659903 0.525782941587 -18.03601585783 -38.43332021238 0.00000000000006055832261009 0.524854158352 -18.01929211264 -38.50323769556 0.00000000000009574357130476 0.524111131764 -18.00173566672 -38.57663647667 0.0000000000001326807470959 0.523553861823 -17.98336255953 -38.65344949904 0.000000000000171336104409 0.523182348529 -17.96419062785 -38.73360219184 0.0000000000002116721162563 0.522996591882 -17.94423944883 -38.81701270831 0.0000000000002536475940925 0.522996591882 -17.92353027356 -38.90359220337 0.0000000000002972178275559 0.523182348529 -17.90208595165 -38.99324514887 0.0000000000003423347431003 0.523553861823 -17.87993084747 -39.08586968404 0.0000000000003889470803382 0.524111131764 -17.85709074848 -39.18135799833 0.0000000000004370005847407 0.524854158352 -17.83359276665 -39.27959674392 0.0000000000004864382151834 0.525782941587 -17.80946523352 -39.38046747431 0.0000000000005372003646923 0.526897481468 -35.5068096735 -16.67661815774 -0.00000000000001409898817709 1 -35.42499779281 -16.70014839692 -0.00000000000001298028991656 1 -35.34318591211 -16.72367863609 -0.00000000000001186159165602 1 -35.26137403142 -16.74720887526 -0.00000000000001074289339549 1 -35.17956215073 -16.77073911443 -0.000000000000009624195134957 1 -35.09775027004 -16.7942693536 -0.000000000000008505496874423 1 -35.01593838935 -16.81779959277 -0.000000000000007386798613889 1 -34.93412650866 -16.84132983194 -0.000000000000006268100353355 1 -34.85231462797 -16.86486007112 -0.000000000000005149402092821 1 -34.77050274728 -16.88839031029 -0.000000000000004030703832287 1 -34.68869086659 -16.91192054946 -0.000000000000002912005571753 1 -34.6068789859 -16.93545078863 -0.000000000000001793307311218 1 -34.52506710521 -16.9589810278 -0.0000000000000006746090506842 1 -33.37151982792 -17.29075733097 0.0000000000000150990331349 1 -32.30547346291 -17.63581595395 -0.00000000000007149836278581 1 -31.24611466599 -18.01732510333 0.000000000000211386463889 1 -30.19427823421 -18.43497986946 -0.0000000000004916067553024 1 -29.15071070916 -18.88850770288 0.0000000000009650058530089 1 -28.11611411899 -19.3776621874 -0.000000000001568523089181 1 -27.09116723033 -19.90223013469 0.000000000002066347093445 1 -26.07653353659 -20.46204676784 -0.000000000002144506794355 1 -25.07286524276 -21.05701378607 0.000000000001741273791828 1 -24.08081246831 -21.68711507411 -0.000000000001078692690724 1 -23.10104692797 -22.35242484835 0.0000000000004818367926876 1 -22.13430931753 -23.0531030073 -0.0000000000001447730824111 1 -20.22866999387 -24.52564193678 0.0000000000001953992523341 1 -19.28980488634 -25.29741357408 -0.000000000001020072915025 1 -18.36529164139 -26.1058845266 0.000000000002873701276945 1 -17.45848484106 -26.94655416374 -0.000000000005711431327863 1 -16.56274772501 -27.83529310313 0.000000000008706368959149 1 -15.69736199568 -28.73750184184 -0.00000000001056621456991 1 -14.8332440759 -29.71212775669 0.00000000001036237762268 1 -14.01139220317 -30.687622808 -0.00000000000822630852324 1 -13.19752338674 -31.72893317019 0.000000000005229594535202 1 -12.41816588274 -32.79732773078 -0.000000000002595257342362 1 -11.66661601942 -33.90781909366 0.0000000000009476863738202 1 -10.94958695182 -35.05514122061 -0.0000000000002104982854689 1 -10.22831783527 -36.31160730066 0.00000000000001172539800585 1 -10.18593670465 -36.38543612799 0.00000000000002478306364126 1 -10.14355557402 -36.45926495532 0.00000000000003784072927666 1 -10.1011744434 -36.53309378265 0.00000000000005089839491206 1 -10.05879331278 -36.60692260998 0.00000000000006395606054747 1 -10.01641218215 -36.68075143731 0.00000000000007701372618287 1 -9.974031051533 -36.75458026463 0.00000000000009007139181827 1 -9.931649920909 -36.82840909196 0.0000000000001031290574537 1 -9.889268790285 -36.90223791929 0.0000000000001161867230891 1 -9.846887659661 -36.97606674662 0.0000000000001292443887245 1 -9.804506529038 -37.04989557395 0.0000000000001423020543599 1 -9.762125398414 -37.12372440128 0.0000000000001553597199953 1 -9.71974426779 -37.1975532286 0.0000000000001684173856307 1 0 26.174596211353 3 3 -1.908874923304 -0.909844309418 12.177453796258 25.264751901935 26.081756329805 14 12 12 12 14
8 2 13 2 5 2 2 -21.7732556481 -36.32137456756 2.220267356543 1 -21.67890899021 -36.30380740379 2.23167886044 1 -21.58643600687 -36.28658911457 2.242863737926 1 -21.49583669807 -36.2697196999 2.253821989001 1 -21.40711106384 -36.25319915977 2.264553613666 1 -21.32025910415 -36.23702749419 2.27505861192 1 -21.23528081901 -36.22120470317 2.285336983762 1 -21.15217620843 -36.20573078669 2.295388729195 1 -21.0709452724 -36.19060574476 2.305213848216 1 -20.99158801092 -36.17582957738 2.314812340827 1 -20.91410442399 -36.16140228454 2.324184207027 1 -20.83849451161 -36.14732386626 2.333329446816 1 -20.76475827379 -36.13359432253 2.342248060194 1 -19.75149634285 -35.94492692634 2.464805050889 1 -18.80326517409 -35.79931303092 2.586072303478 1 -17.84885798961 -35.68258683963 2.715011834647 1 -16.88890491312 -35.59387935269 2.851822791077 1 -15.92388546604 -35.53225517314 2.996641653221 1 -14.95405677291 -35.49674262709 3.149543907555 1 -13.97942449539 -35.48637414856 3.31053998853 1 -12.99974606631 -35.50023452572 3.479566302682 1 -12.01455580998 -35.53751463485 3.656472149694 1 -11.02320151795 -35.59756825535 3.841003352641 1 -10.02488206644 -35.67996959082 4.032783412036 1 -9.01867564695 -35.78456909528 4.231292996422 1 -6.988420737914 -36.03852134754 4.640404170494 1 -5.964414465247 -36.18786852077 4.850992544547 1 -4.930245515739 -36.35985864354 5.067033774027 1 -3.886363334013 -36.5545833964 5.287110347176 1 -2.826897099578 -36.77440022651 5.511928509971 1 -1.762257781833 -37.01741421465 5.736176568292 1 -0.672541355858 -37.29123555347 5.964953080603 1 0.417683081277 -37.5911729872 6.188254912088 1 1.531077206093 -37.92726928381 6.41126030004 1 2.650767561454 -38.29873365354 6.627438611032 1 3.780886595816 -38.71173609272 6.836372423072 1 4.915329659095 -39.1697289168 7.035652096409 1 6.119811417014 -39.70782210209 7.235535405356 1 6.191597951636 -39.73989219765 7.247448354626 1 6.264396746001 -39.77241451265 7.259529288031 1 6.338207800109 -39.80538904709 7.271778205572 1 6.413031113959 -39.83881580098 7.284195107248 1 6.488866687553 -39.87269477431 7.29677999306 1 6.56571452089 -39.90702596709 7.309532863007 1 6.643574613969 -39.9418093793 7.32245371709 1 6.722446966791 -39.97704501096 7.335542555309 1 6.802331579357 -40.01273286206 7.348799377663 1 6.883228451665 -40.04887293261 7.362224184153 1 6.965137583716 -40.08546522259 7.375816974778 1 7.04805897551 -40.12250973202 7.389577749539 1 -22.00759150272 -34.85150651022 0.0000000000002741185231307 0.874589043656 -21.91517247609 -34.83602423164 0.0000000000002510204502464 0.875085962011 -21.82425823484 -34.82079403867 0.0000000000002282984648801 0.87550006064 -21.73482085365 -34.80581125319 0.0000000000002059455877228 0.875831339542 -21.64683329241 -34.79107134536 0.0000000000001839550607019 0.87607979872 -21.56026936898 -34.77656992908 0.000000000000162320340176 0.876245438171 -21.47510373324 -34.76230275764 0.0000000000001410350904467 0.876328257897 -21.39131184233 -34.74826571954 0.000000000000120093177574 0.876328257897 -21.30886993707 -34.73445483459 0.00000000000009948866348381 0.876245438171 -21.22775501952 -34.72086625012 0.00000000000007921580035398 0.87607979872 -21.14794483159 -34.70749623739 0.00000000000005926902526936 0.875831339542 -21.06941783466 -34.69434118819 0.00000000000003964295513424 0.87550006064 -20.99215319024 -34.68139761161 0.00000000000002033238183298 0.875085962011 -19.91219870854 -34.50048079454 -0.0000000000002495781359357 0.868079414674 -18.90142336621 -34.37025341571 0.000000000001117772541193 0.861094084584 -17.88544722128 -34.27814328019 -0.000000000002965627743379 0.853605149568 -16.86602203773 -34.22422543602 0.000000000005637268429837 0.845586424403 -15.84494825254 -34.20849073626 -0.000000000008242739824027 0.837012985144 -14.82404945739 -34.23085200543 0.000000000009563017044911 0.82786090927 -13.80517293299 -34.29115144962 -0.000000000008882672375421 0.818107256914 -12.79020741969 -34.38916809744 0.000000000006553868558967 0.807730336355 -11.78110930694 -34.52462358848 -0.000000000003715250329606 0.796710297524 -10.77992814436 -34.69718399158 0.000000000001488587031417 0.78503009664 -9.788821731067 -34.90645449015 -0.0000000000002993161274389 0.772676875697 -8.810049885402 -35.15196266266 -0.00000000000008348877145181 0.759643800025 -6.845710861865 -35.72481655506 0.0000000000002970956813897 0.732220994993 -5.856159266085 -36.05637438077 -0.000000000002083222483407 0.717832363838 -4.879886298944 -36.42785053117 0.000000000006418865439173 0.702759255867 -3.918792472068 -36.83921927944 -0.00000000001369260260731 0.68705954085 -2.977902256283 -37.29056503947 0.00000000002224620487823 0.670608415338 -2.056670827457 -37.78037282418 -0.00000000002849098734714 0.653780274372 -1.162719359476 -38.31112049092 0.00000000002912692309565 0.636086655058 -0.297656777047 -38.87578569342 -0.0000000000239310793404 0.618285962706 0.537480595202 -39.48048701318 0.00000000001586153430821 0.599915281649 1.334579330959 -40.116145471 -0.000000000008355982572539 0.581472751912 2.095848364253 -40.78421632665 0.000000000003265832049237 0.563006344078 2.819243724694 -41.48126584423 -0.0000000000007691625114603 0.544750892277 3.55007401537 -42.25269397985 0.00000000000004454801839262 0.525782941587 3.597012190247 -42.30223958462 0.00000000000009680924461334 0.524854158352 3.646454120019 -42.35442802863 0.0000000000001518581655257 0.524111131764 3.698357838742 -42.40921501472 0.0000000000002096480560134 0.523553861823 3.752675927501 -42.46655048983 0.0000000000002701261195914 0.523182348529 3.809355653778 -42.52637879215 0.0000000000003332336435812 0.522996591882 3.868339139879 -42.58863882884 0.0000000000003989061866319 0.522996591882 3.929563559286 -42.65326428337 0.0000000000004670737973502 0.523182348529 3.992961359575 -42.72018385075 0.0000000000005376612624879 0.523553861823 4.058460510205 -42.78932149912 0.0000000000006105883828385 0.524111131764 4.125984773301 -42.86059675557 0.0000000000006857702747257 0.524854158352 4.195453995293 -42.93392501397 0.0000000000007631176947176 0.525782941587 4.266784417108 -43.00921786242 0.0000000000008425373849937 0.526897481468 -22.41149010571 -32.19577981057 -0.00000000000002821153593457 1 -22.32887381912 -32.17525165511 -0.00000000000002610973920265 1 -22.24625753252 -32.15472349964 -0.00000000000002400794247074 1 -22.16364124593 -32.13419534417 -0.00000000000002190614573883 1 -22.08102495933 -32.11366718871 -0.00000000000001980434900692 1 -21.99840867273 -32.09313903324 -0.000000000000017702552275 1 -21.91579238614 -32.07261087778 -0.00000000000001560075554309 1 -21.83317609954 -32.05208272231 -0.00000000000001349895881118 1 -21.75055981295 -32.03155456684 -0.00000000000001139716207926 1 -21.66794352635 -32.01102641138 -0.000000000000009295365347352 1 -21.58532723976 -31.99049825591 -0.000000000000007193568615439 1 -21.50271095316 -31.96997010045 -0.000000000000005091771883526 1 -21.42009466657 -31.94944194498 -0.000000000000002989975151613 1 -20.25520526839 -31.65999501325 0.00000000000002664535259101 1 -19.15945272319 -31.42580136405 -0.0000000000001074695887837 1 -18.05126651864 -31.2265185807 0.0000000000002717825964286 1 -16.93152206503 -31.06230000236 -0.0000000000005457856389043 1 -15.80100216106 -30.93328286478 0.0000000000008157918784976 1 -14.66043798904 -30.83960477984 -0.000000000000909494701769 1 -13.51052397229 -30.78142050367 0.0000000000007398526236132 1 -12.3519171014 -30.75891908276 -0.0000000000004272138198744 1 -11.18523135285 -30.77234148789 0.0000000000001603162047562 1 -10.01103780426 -30.82199882317 -0.00000000000002398081733188 1 -8.829881069468 -30.90829121882 -0.00000000000001776356839401 1 -7.642322660558 -31.03172749916 0.0000000000000150990331349 1 -5.25572113107 -31.3541639583 -0.00000000000002353672812205 1 -4.056754278572 -31.55310524844 0.0000000000001376676550537 1 -2.851866846065 -31.79100500879 -0.0000000000003792521852103 1 -1.646214302054 -32.06564287118 0.0000000000007771561172444 1 -0.426113734802 -32.38744481103 -0.000000000001348698930297 1 0.774436660315 -32.73608763484 0.000000000001991740106208 1 2.01009768802 -33.14807947513 -0.000000000002419842104438 1 3.209589813715 -33.58195703552 0.000000000002337241511466 1 4.435076065104 -34.07682385347 -0.000000000001730171561564 1 5.644216742543 -34.6124019326 0.0000000000009467981954033 1 6.850323697814 -35.19834073171 -0.000000000000365929508916 1 8.044950149083 -35.83343630622 0.00000000000008437694987153 1 9.297820567005 -36.56093329226 -0.000000000000006211048487657 1 9.371438116431 -36.60368036694 -0.00000000000001153391855561 1 9.445055665856 -36.64642744163 -0.00000000000001685678862357 1 9.518673215282 -36.68917451631 -0.00000000000002217965869153 1 9.592290764708 -36.731921591 -0.00000000000002750252875948 1 9.665908314134 -36.77466866569 -0.00000000000003282539882744 1 9.739525863559 -36.81741574037 -0.0000000000000381482688954 1 9.813143412985 -36.86016281506 -0.00000000000004347113896335 1 9.886760962411 -36.90290988974 -0.00000000000004879400903131 1 9.960378511837 -36.94565696443 -0.00000000000005411687909926 1 10.033996061262 -36.98840403911 -0.00000000000005943974916722 1 10.107613610688 -37.0311511138 -0.00000000000006476261923518 1 10.181231160114 -37.07389818849 -0.00000000000007008548930313 1 0 26.174596211353 3 3 -1.908874923304 -0.909844309418 12.177453796259 25.264751901935 26.081756329809 14 12 12 12 14
8 2 9 2 3 2 2 34.657520805973 0.000000000000002122161096071 4.958737553013 1 34.657520805973 -5.939285796722 4.958737553013 1 33.512661302181 -11.87813891132 4.958713321592 1 31.221568012643 -17.6821798026 4.958734642855 1 27.73562802177 -23.03195841016 4.958749099937 1 23.203248121421 -27.5882378546 4.958735835477 1 17.886430277851 -31.11033139793 4.958736581899 1 12.063593549958 -33.48754515349 4.958734188456 1 5.99825157737 -34.66633739793 4.958734734226 1 -6.09970634205 -34.64862990797 4.958736187911 1 -12.13249536932 -33.45212459715 4.958737322996 1 -17.89074986375 -31.07755090948 4.958737964888 1 -23.12707205978 -27.59829231636 4.958737262445 1 -27.60228959659 -23.12975744349 4.958737697389 1 -31.09453280736 -17.87979769274 4.958737504825 1 -33.47055587235 -12.09665370151 4.958737561397 1 -34.65752080597 -6.047195304018 4.958737553013 1 -34.65752080597 -0.000000000000009410691946302 4.958737553013 1 34.616822039021 0 2 0.711953000203 34.616822039021 -5.931383623293 2 0.711953000203 33.473672235429 -11.86303266797 2 0.711955836464 31.185472654789 -17.66088059915 2 0.71195334083 27.703390242385 -23.00482302336 2 0.711951648656 23.175985675616 -27.5560815937 2 0.711953201232 17.865056741052 -31.07405930957 2 0.711953113874 12.048941563892 -33.44839178505 2 0.71195339402 5.99072259373 -34.62569966717 2 0.711953330139 -6.092884969926 -34.60786909582 2 0.711953159987 -12.1184511629 -33.4127251621 2 0.711953027126 -17.86979509145 -31.04096228942 2 0.711952951993 -23.09990291819 -27.56586864419 2 0.711953034213 -27.56988146603 -23.10259590473 2 0.711952983304 -31.05801609601 -17.85880109528 2 0.711953005843 -33.4312513462 -12.08244847972 2 0.711952999222 -34.61682203902 -6.040094005752 2 0.711953000203 -34.61682203902 -0.00000000000003552713678801 2 0.711953000203 31.657804584317 0.00000000000001500807988202 2 1 31.657804584317 -5.356853462909 2 1 30.640250188621 -10.76832368745 2 1 28.561801553838 -16.1068308938 2 1 25.360989981208 -21.03320735039 2 1 21.19144137203 -25.21878672694 2 1 16.311695758392 -28.43672353187 2 1 10.98361794981 -30.60202209699 2 1 5.443406735414 -31.67132185225 2 1 -5.596907213579 -31.64443882318 2 1 -11.09723427415 -30.54821555443 2 1 -16.34624655141 -28.38080172317 2 1 -21.12465467838 -25.20844077932 2 1 -25.21356145378 -21.1278488616 2 1 -28.40308960734 -16.33221788136 2 1 -30.57359582 -11.04965709266 2 1 -31.65780458431 -5.523791741757 2 1 -31.65780458431 -0.00000000000001500807988202 2 1 0 108.81544857693 3 3 108.81544857693 163.2231728654 217.63089715387 10 8 10
8 2 9 2 3 2 2 -34.65752080597 -0.000000000000002122161096071 4.958737553013 1 -34.65752080597 6.047195304018 4.958737553013 1 -33.47055587235 12.096653701513 4.958737561397 1 -31.09453280736 17.879797692747 4.958737504825 1 -27.60228959659 23.129757443491 4.958737697389 1 -23.12707205978 27.598292316366 4.958737262444 1 -17.89074986375 31.077550909484 4.958737964888 1 -12.13249536932 33.45212459715 4.958737322996 1 -6.09970634205 34.64862990797 4.958736187911 1 5.99825157737 34.666337397933 4.958734734226 1 12.063593549958 33.487545153492 4.958734188456 1 17.886430277853 31.110331397938 4.9587365819 1 23.203248121418 27.588237854603 4.958735835476 1 27.735628021772 23.031958410164 4.958749099938 1 31.221568012642 17.682179802602 4.958734642854 1 33.512661302182 11.878138911328 4.958713321592 1 34.657520805973 5.939285796721 4.958737553013 1 34.657520805973 0.000000000000009410691946302 4.958737553013 1 -34.61682203902 -0.00000000000003907985046681 2 0.711953000203 -34.61682203902 6.040094005752 2 0.711953000203 -33.4312513462 12.082448479722 2 0.711952999222 -31.05801609601 17.858801095285 2 0.711953005843 -27.56988146603 23.102595904736 2 0.711952983304 -23.09990291819 27.565868644198 2 0.711953034213 -17.86979509145 31.040962289428 2 0.711952951993 -12.1184511629 33.412725162104 2 0.711953027126 -6.092884969926 34.607869095824 2 0.711953159987 5.99072259373 34.625699667179 2 0.711953330139 12.048941563892 33.448391785053 2 0.71195339402 17.865056741051 31.074059309578 2 0.711953113874 23.175985675617 27.556081593704 2 0.711953201232 27.703390242383 23.004823023365 2 0.711951648656 31.185472654791 17.660880599152 2 0.71195334083 33.473672235427 11.863032667975 2 0.711955836464 34.616822039021 5.931383623293 2 0.711953000203 34.616822039021 0.0000000000000142108547152 2 0.711953000203 -31.65780458431 -0.00000000000001500807988202 2 1 -31.65780458431 5.523791741757 2 1 -30.57359582 11.049657092669 2 1 -28.40308960734 16.332217881361 2 1 -25.21356145378 21.127848861609 2 1 -21.12465467838 25.208440779324 2 1 -16.34624655141 28.380801723179 2 1 -11.09723427415 30.548215554433 2 1 -5.596907213579 31.644438823186 2 1 5.443406735414 31.671321852252 2 1 10.98361794981 30.60202209699 2 1 16.311695758393 28.436723531871 2 1 21.191441372028 25.218786726948 2 1 25.360989981209 21.03320735039 2 1 28.561801553837 16.106830893809 2 1 30.640250188621 10.768323687454 2 1 31.657804584317 5.356853462909 2 1 31.657804584317 0.00000000000001500807988202 2 1 0 108.81544857693 3 3 -0.0000000000000308250927289 54.407724288468 108.81544857693 10 8 10
1 0 0 2 0 0 -1 -1 0 0 0 1 0
Triangulations 0

TShapes 202
Ve
0.0001
-30 -51.9615242 150
0 0

0101101
*
Ve
0.0001
14.5994823 37.3851194 7.2237904
0 0

0101101
*
Ve
0.0001
15.9285479 35.5729212 3.0071133
0 0

0101101
*
Ve
0.0001
-6.0490371 39.6762042 7.2237904
0 0

0101101
*
Ve
0.0001
0 -60 150
0 0

0101101
*
Ve
0.0001
-51.9615242 -30 150
0 0

0101101
*
Ve
0.0001
31.3360822 25.0767219 7.2237904
0 0

0101101
*
Ve
0.0001
31.5809877 22.8427795 3.0071133
0 0

0101101
*
Ve
0.0001
13.9596052 30.8584367 0
0 0

0101101
*
Ve
0.0001
27.5185911 19.7443876 0
0 0

0101101
*
Ve
0.0001
30 -51.9615242 150
0 0

0101101
*
Ve
0.0001
51.9615242 -30 150
0 0

0101101
*
Ve
0.0001
60 0 150
0 0

0101101
*
Ve
0.0001
51.9615242 30 150
0 0

0101101
*
Ve
0.0001
30 51.9615242 150
0 0

0101101
*
Ve
0.0001
0 60 150
0 0

0101101
*
Ve
0.0001
-30 51.9615242 150
0 0

0101101
*
Ve
0.0001
-51.9615242 30 150
0 0

0101101
*
Ve
0.0001
-60 0 150
0 0

0101101
*
Ve
0.0001
51.9555496 0 150
0 0

0101101
*
Ve
0.0001
-51.9555496 0 150
0 0

0101101
*
Ve
0.0001
-3.3398457 33.7039927 0
0 0

0101101
*
Ve
0.0001
-3.9919335 38.7713274 3.0071133
0 0

0101101
*
Ve
0.0001
-25.0767219 31.3360822 7.2237904
0 0

0101101
*
Ve
0.0001
39.6762042 6.0490371 7.2237904
0 0

0101101
*
Ve
0.0001
38.7713274 3.9919335 3.0071133
0 0

0101101
*
Ve
0.0001
33.7039927 3.3398457 0
0 0

0101101
*
Ve
0.0001
-19.7443876 27.5185911 0
0 0

0101101
*
Ve
0.0001
-30.8584367 13.9596052 0
0 0

0101101
*
Ve
0.0001
-33.7039927 -3.3398457 0
0 0

0101101
*
Ve
0.0001
-27.5185911 -19.7443876 0
0 0

0101101
*
Ve
0.0001
-13.9596052 -30.8584367 0
0 0

0101101
*
Ve
0.0001
3.3398457 -33.7039927 0
0 0

0101101
*
Ve
0.0001
19.7443876 -27.5185911 0
0 0

0101101
*
Ve
0.0001
30.8584367 -13.9596052 0
0 0

0101101
*
Ve
0.0001
-22.8427795 31.5809877 3.0071133
0 0

0101101
*
Ve
0.0001
-37.3851194 14.5994823 7.2237904
0 0

0101101
*
Ve
0.0001
37.3851194 -14.5994823 7.2237904
0 0

0101101
*
Ve
0.0001
35.5729212 -15.9285479 3.0071133
0 0

0101101
*
Ve
0.0001
-35.5729212 15.9285479 3.0071133
0 0

0101101
*
Ve
0.0001
-39.6762042 -6.0490371 7.2237904
0 0

0101101
*
Ve
0.0001
25.0767219 -31.3360822 7.2237904
0 0

0101101
*
Ve
0.0001
22.8427795 -31.5809877 3.0071133
0 0

0101101
*
Ve
0.0001
-38.7713274 -3.9919335 3.0071133
0 0

0101101
*
Ve
0.0001
-31.3360822 -25.0767219 7.2237904
0 0

0101101
*
Ve
0.0001
6.0490371 -39.6762042 7.2237904
0 0

0101101
*
Ve
0.0001
3.9919335 -38.7713274 3.0071133
0 0

0101101
*
Ve
0.0001
-31.5809877 -22.8427795 3.0071133
0 0

0101101
*
Ve
0.0001
-14.5994823 -37.3851194 7.2237904
0 0

0101101
*
Ve
0.0001
-15.9285479 -35.5729212 3.0071133
0 0

0101101
*
Ve
0.0001
34.6575208 0 4.9587376
0 0

0101101
*
Ve
0.0001
-34.6575208 0 4.9587376
0 0

0101101
*
Ve
0.0001
31.6578046 0 2
0 0

0101101
*
Ve
0.0001
-31.6578046 0 2
0 0

0101101
*
Ed
 0.0001 1 1 0
7  1 0 0 231.9703525745296
4 C0 1 0 2 0
4 C0 2 0 2 0
0

0101000
+202 0 -201 0 *
Ed
 0.0001 1 1 0
7  2 0 0 4.912666045590264
4 C0 3 0 2 0
4 C0 4 0 2 0
0

0101000
+201 0 -200 0 *
Ed
 0.0001 1 1 0
7  3 0 0 1.0721548865966797
4 C0 5 0 2 0
4 C0 6 0 2 0
0

0101000
+200 0 -199 0 *
Ed
 0.0001 1 1 0
7  4 0 0 231.97035257452657
4 C0 7 0 2 0
4 C0 8 0 2 0
0

0101000
+199 0 -198 0 *
Ed
 0.0001 1 1 0
7  5 0 0 32.1361637583084
4 C0 9 0 2 0
4 C0 10 0 2 0
0

0101000
+202 0 -198 0 *
Ed
 0.0001 1 1 0
7  6 0 0 231.97035257453965
4 C0 11 0 2 0
4 C0 12 0 2 0
0

0101000
+197 0 -196 0 *
Ed
 0.0001 1 1 0
7  7 0 0 4.912666046610623
4 C0 13 0 2 0
4 C0 14 0 2 0
0

0101000
+196 0 -195 0 *
Ed
 0.0001 1 1 0
7  8 0 0 1.0721548865966635
4 C0 15 0 2 0
4 C0 16 0 2 0
0

0101000
+201 0 -195 0 *
Ed
 0.0001 1 1 0
7  9 0 0 32.13616375829701
4 C0 17 0 2 0
4 C0 18 0 2 0
0

0101000
+202 0 -197 0 *
Ed
 0.0001 1 1 0
7  10 0 0 6.241845420941923
4 C0 19 0 2 0
4 C0 20 0 2 0
0

0101000
+200 0 -194 0 *
Ed
 0.0001 1 1 0
7  11 0 0 6.241985123994166
4 C0 21 0 2 0
4 C0 22 0 2 0
0

0101000
+195 0 -193 0 *
Ed
 0.0001 1 1 0
7  12 0 0 1.2110984718126185
4 C0 23 0 2 0
4 C0 24 0 2 0
0

0101000
+194 0 -193 0 *
Ed
 0.0001 1 1 0
7  13 0 0 32.13616375830823
4 C0 25 0 2 0
4 C0 26 0 2 0
0

0101000
+198 0 -192 0 *
Ed
 0.0001 1 1 0
7  14 0 0 32.13616375830087
4 C0 27 0 2 0
4 C0 28 0 2 0
0

0101000
+192 0 -191 0 *
Ed
 0.0001 1 1 0
7  15 0 0 32.13616375830569
4 C0 29 0 2 0
4 C0 30 0 2 0
0

0101000
+191 0 -190 0 *
Ed
 0.0001 1 1 0
7  16 0 0 32.13616375830552
4 C0 31 0 2 0
4 C0 32 0 2 0
0

0101000
+190 0 -189 0 *
Ed
 0.0001 1 1 0
7  17 0 0 32.136163758304846
4 C0 33 0 2 0
4 C0 34 0 2 0
0

0101000
+189 0 -188 0 *
Ed
 0.0001 1 1 0
7  18 0 0 32.136163758305464
4 C0 35 0 2 0
4 C0 36 0 2 0
0

0101000
+188 0 -187 0 *
Ed
 0.0001 1 1 0
7  19 0 0 32.13616375830548
4 C0 37 0 2 0
4 C0 38 0 2 0
0

0101000
+187 0 -186 0 *
Ed
 0.0001 1 1 0
7  20 0 0 32.136163758300995
4 C0 39 0 2 0
4 C0 40 0 2 0
0

0101000
+186 0 -185 0 *
Ed
 0.0001 1 1 0
7  21 0 0 32.136163758308136
4 C0 41 0 2 0
4 C0 42 0 2 0
0

0101000
+185 0 -184 0 *
Ed
 0.0001 1 1 0
7  22 0 0 32.13616375830847
4 C0 43 0 2 0
4 C0 44 0 2 0
0

0101000
+197 0 -184 0 *
Ed
 0.0001 1 1 0
7  23 0 0 192.78104752153638
4 C0 45 0 2 0
4 C0 46 0 2 0
0

0101000
+183 0 -182 0 *
Ed
 0.0001 1 1 0
7  24 0 0 192.7810475215408
4 C0 47 0 2 0
4 C0 48 0 2 0
0

0101000
+183 0 -182 0 *
Ed
 0.0001 1 1 0
7  25 0 0 6.2418511155336915
4 C0 49 0 2 0
4 C0 50 0 2 0
0

0101000
+181 0 -180 0 *
Ed
 0.0001 1 1 0
7  26 0 0 4.91266604938089
4 C0 51 0 2 0
4 C0 52 0 2 0
0

0101000
+199 0 -180 0 *
Ed
 0.0001 1 1 0
7  27 0 0 1.2110984718122442
4 C0 53 0 2 0
4 C0 54 0 2 0
0

0101000
+194 0 -181 0 *
Ed
 0.0001 1 1 0
7  28 0 0 1.0721548865963337
4 C0 55 0 2 0
4 C0 56 0 2 0
0

0101000
+180 0 -179 0 *
Ed
 0.0001 1 1 0
7  29 0 0 231.9703525745306
4 C0 57 0 2 0
4 C0 58 0 2 0
0

0101000
+192 0 -179 0 *
Ed
 0.0001 1 1 0
7  30 0 0 231.97035257453268
4 C0 59 0 2 0
4 C0 60 0 2 0
0

0101000
+184 0 -178 0 *
Ed
 0.0001 1 1 0
7  31 0 0 4.9126660493808805
4 C0 61 0 2 0
4 C0 62 0 2 0
0

0101000
+178 0 -177 0 *
Ed
 0.0001 1 1 0
7  32 0 0 1.0721548865967878
4 C0 63 0 2 0
4 C0 64 0 2 0
0

0101000
+196 0 -177 0 *
Ed
 0.0001 1 1 0
7  33 0 0 6.24185004880736
4 C0 65 0 2 0
4 C0 66 0 2 0
0

0101000
+177 0 -176 0 *
Ed
 0.0001 1 1 0
7  34 0 0 1.2110984718128173
4 C0 67 0 2 0
4 C0 68 0 2 0
0

0101000
+193 0 -176 0 *
Ed
 0.0001 1 1 0
7  35 0 0 1.2110984718117201
4 C0 69 0 2 0
4 C0 70 0 2 0
0

0101000
+181 0 -175 0 *
Ed
 0.0001 1 1 0
7  36 0 0 1.2110984718128135
4 C0 71 0 2 0
4 C0 72 0 2 0
0

0101000
+175 0 -174 0 *
Ed
 0.0001 1 1 0
7  37 0 0 1.2110984718123965
4 C0 73 0 2 0
4 C0 74 0 2 0
0

0101000
+174 0 -173 0 *
Ed
 0.0001 1 1 0
7  38 0 0 1.2110984718124058
4 C0 75 0 2 0
4 C0 76 0 2 0
0

0101000
+173 0 -172 0 *
Ed
 0.0001 1 1 0
7  39 0 0 1.2110984718125553
4 C0 77 0 2 0
4 C0 78 0 2 0
0

0101000
+172 0 -171 0 *
Ed
 0.0001 1 1 0
7  40 0 0 1.2110984718117737
4 C0 79 0 2 0
4 C0 80 0 2 0
0

0101000
+171 0 -170 0 *
Ed
 0.0001 1 1 0
7  41 0 0 1.2110984718125102
4 C0 81 0 2 0
4 C0 82 0 2 0
0

0101000
+170 0 -169 0 *
Ed
 0.0001 1 1 0
7  42 0 0 1.2110984718119762
4 C0 83 0 2 0
4 C0 84 0 2 0
0

0101000
+169 0 -168 0 *
Ed
 0.0001 1 1 0
7  43 0 0 1.211098471812313
4 C0 85 0 2 0
4 C0 86 0 2 0
0

0101000
+176 0 -168 0 *
Ed
 0.0001 1 1 0
7  44 0 0 4.912666046611664
4 C0 87 0 2 0
4 C0 88 0 2 0
0

0101000
+179 0 -167 0 *
Ed
 0.0001 1 1 0
7  45 0 0 1.072154886596779
4 C0 89 0 2 0
4 C0 90 0 2 0
0

0101000
+167 0 -166 0 *
Ed
 0.0001 1 1 0
7  46 0 0 231.97035257453422
4 C0 91 0 2 0
4 C0 92 0 2 0
0

0101000
+191 0 -166 0 *
Ed
 0.0001 1 1 0
7  47 0 0 231.97035257453336
4 C0 93 0 2 0
4 C0 94 0 2 0
0

0101000
+185 0 -165 0 *
Ed
 0.0001 1 1 0
7  48 0 0 4.912666045590847
4 C0 95 0 2 0
4 C0 96 0 2 0
0

0101000
+165 0 -164 0 *
Ed
 0.0001 1 1 0
7  49 0 0 1.072154886596648
4 C0 97 0 2 0
4 C0 98 0 2 0
0

0101000
+178 0 -164 0 *
Ed
 0.0001 1 1 0
7  50 0 0 4.912666045589721
4 C0 99 0 2 0
4 C0 100 0 2 0
0

0101000
+166 0 -163 0 *
Ed
 0.0001 1 1 0
7  51 0 0 1.0721548865967
4 C0 101 0 2 0
4 C0 102 0 2 0
0

0101000
+163 0 -162 0 *
Ed
 0.0001 1 1 0
7  52 0 0 231.97035257453123
4 C0 103 0 2 0
4 C0 104 0 2 0
0

0101000
+190 0 -162 0 *
Ed
 0.0001 1 1 0
7  53 0 0 231.97035257453527
4 C0 105 0 2 0
4 C0 106 0 2 0
0

0101000
+186 0 -161 0 *
Ed
 0.0001 1 1 0
7  54 0 0 4.912666046611837
4 C0 107 0 2 0
4 C0 108 0 2 0
0

0101000
+161 0 -160 0 *
Ed
 0.0001 1 1 0
7  55 0 0 1.0721548865964692
4 C0 109 0 2 0
4 C0 110 0 2 0
0

0101000
+165 0 -160 0 *
Ed
 0.0001 1 1 0
7  56 0 0 4.912666049382867
4 C0 111 0 2 0
4 C0 112 0 2 0
0

0101000
+162 0 -159 0 *
Ed
 0.0001 1 1 0
7  57 0 0 1.0721548865965214
4 C0 113 0 2 0
4 C0 114 0 2 0
0

0101000
+159 0 -158 0 *
Ed
 0.0001 1 1 0
7  58 0 0 231.97035257452956
4 C0 115 0 2 0
4 C0 116 0 2 0
0

0101000
+189 0 -158 0 *
Ed
 0.0001 1 1 0
7  59 0 0 231.970352574535
4 C0 117 0 2 0
4 C0 118 0 2 0
0

0101000
+187 0 -157 0 *
Ed
 0.0001 1 1 0
7  60 0 0 4.912666049382209
4 C0 119 0 2 0
4 C0 120 0 2 0
0

0101000
+157 0 -156 0 *
Ed
 0.0001 1 1 0
7  61 0 0 1.0721548865966357
4 C0 121 0 2 0
4 C0 122 0 2 0
0

0101000
+161 0 -156 0 *
Ed
 0.0001 1 1 0
7  62 0 0 4.912666046611804
4 C0 123 0 2 0
4 C0 124 0 2 0
0

0101000
+158 0 -155 0 *
Ed
 0.0001 1 1 0
7  63 0 0 1.072154886596821
4 C0 125 0 2 0
4 C0 126 0 2 0
0

0101000
+155 0 -154 0 *
Ed
 0.0001 1 1 0
7  64 0 0 231.9703525745357
4 C0 127 0 2 0
4 C0 128 0 2 0
0

0101000
+188 0 -154 0 *
Ed
 0.0001 1 1 0
7  65 0 0 4.912666045590413
4 C0 129 0 2 0
4 C0 130 0 2 0
0

0101000
+154 0 -153 0 *
Ed
 0.0001 1 1 0
7  66 0 0 1.07215488659637
4 C0 131 0 2 0
4 C0 132 0 2 0
0

0101000
+157 0 -153 0 *
Ed
 0.0001 1 1 0
7  67 0 0 150.95154777422553
4 C0 133 0 2 0
4 C0 134 0 2 0
0

0101000
+183 0 -152 0 *
Ed
 0.0001 1 1 0
7  68 0 0 111.74268899035589
4 C0 135 0 2 0
4 C0 136 0 2 0
0

0101000
+152 0 -151 0 *
Ed
 0.0001 1 1 0
7  69 0 0 150.9515477742252
4 C0 137 0 2 0
4 C0 138 0 2 0
0

0101000
+182 0 -151 0 *
Ed
 0.0001 1 1 0
7  70 0 0 111.74268899036247
4 C0 139 0 2 0
4 C0 140 0 2 0
0

0101000
+152 0 -151 0 *
Ed
 0.0001 1 1 0
7  71 0 0 6.241851116438504
4 C0 141 0 2 0
4 C0 142 0 2 0
0

0101000
+175 0 -167 0 *
Ed
 0.0001 1 1 0
7  72 0 0 6.241963372658511
4 C0 143 0 2 0
4 C0 144 0 2 0
0

0101000
+168 0 -164 0 *
Ed
 0.0001 1 1 0
7  73 0 0 6.241844165914776
4 C0 145 0 2 0
4 C0 146 0 2 0
0

0101000
+174 0 -163 0 *
Ed
 0.0001 1 1 0
7  74 0 0 6.2418533880928955
4 C0 147 0 2 0
4 C0 148 0 2 0
0

0101000
+173 0 -159 0 *
Ed
 0.0001 1 1 0
7  75 0 0 6.24185187560532
4 C0 149 0 2 0
4 C0 150 0 2 0
0

0101000
+169 0 -160 0 *
Ed
 0.0001 1 1 0
7  76 0 0 6.241845422733069
4 C0 151 0 2 0
4 C0 152 0 2 0
0

0101000
+172 0 -155 0 *
Ed
 0.0001 1 1 0
7  77 0 0 6.241851116227173
4 C0 153 0 2 0
4 C0 154 0 2 0
0

0101000
+170 0 -156 0 *
Ed
 0.0001 1 1 0
7  78 0 0 6.241844168194506
4 C0 155 0 2 0
4 C0 156 0 2 0
0

0101000
+171 0 -153 0 *
Ed
 0.0001 1 1 0
7  79 0 0 5.918034909407637
4 C0 157 0 2 0
4 C0 158 0 2 0
0

0101000
+152 0 -150 0 *
Ed
 0.0001 1 1 0
7  80 0 0 102.07944100897669
4 C0 159 0 2 0
4 C0 160 0 2 0
0

0101000
+150 0 -149 0 *
Ed
 0.0001 1 1 0
7  81 0 0 5.918034909413606
4 C0 161 0 2 0
4 C0 162 0 2 0
0

0101000
+151 0 -149 0 *
Ed
 0.0001 1 1 0
7  82 0 0 102.07944100898497
4 C0 163 0 2 0
4 C0 164 0 2 0
0

0101000
+150 0 -149 0 *
Wi

0101100
+148 0 +147 0 +146 0 +145 0 -144 0 *
Wi

0101100
+143 0 +142 0 -141 0 -148 0 +140 0 *
Wi

0101100
-139 0 -147 0 +141 0 +138 0 -137 0 *
Wi

0101100
+144 0 +136 0 +135 0 +134 0 +133 0 +132 0 +131 0 +130 0 +129 0 +128 0 -127 0 -140 0 *
Wi

0101100
+126 0 -125 0 *
Wi

0101100
+124 0 -123 0 -146 0 +139 0 +122 0 *
Wi

0101100
-145 0 +123 0 +121 0 -120 0 -136 0 *
Wi

0101100
+119 0 +118 0 -117 0 -143 0 +127 0 *
Wi

0101100
-138 0 -142 0 +117 0 +116 0 -115 0 *
Wi

0101100
+122 0 +114 0 +113 0 +112 0 +111 0 +110 0 +109 0 +108 0 +107 0 -106 0 -115 0 -137 0 *
Wi

0101100
+120 0 +105 0 +104 0 -103 0 -135 0 *
Wi

0101100
+102 0 +101 0 -100 0 -119 0 -128 0 *
Wi

0101100
+103 0 +99 0 +98 0 -97 0 -134 0 *
Wi

0101100
+96 0 +95 0 -94 0 -102 0 -129 0 *
Wi

0101100
+97 0 +93 0 +92 0 -91 0 -133 0 *
Wi

0101100
+90 0 +89 0 -88 0 -96 0 -130 0 *
Wi

0101100
+91 0 +87 0 +86 0 -85 0 -132 0 *
Wi

0101100
+85 0 +84 0 -83 0 -90 0 -131 0 *
Wi

0101100
+82 0 +81 0 -80 0 -126 0 *
Wi

0101100
+80 0 -79 0 -82 0 +125 0 *
Wi

0101100
+78 0 -105 0 -121 0 -124 0 +114 0 *
Wi

0101100
-116 0 -118 0 +100 0 -77 0 -106 0 *
Wi

0101100
+76 0 -99 0 -104 0 -78 0 +113 0 *
Wi

0101100
+75 0 -93 0 -98 0 -76 0 +112 0 *
Wi

0101100
+77 0 -101 0 +94 0 -74 0 +107 0 *
Wi

0101100
+73 0 -87 0 -92 0 -75 0 +111 0 *
Wi

0101100
+74 0 -95 0 +88 0 -72 0 +108 0 *
Wi

0101100
+71 0 -84 0 -86 0 -73 0 +110 0 *
Wi

0101100
+72 0 -89 0 +83 0 -71 0 +109 0 *
Wi

0101100
+70 0 +69 0 -68 0 -81 0 *
Wi

0101100
+68 0 -67 0 -70 0 +79 0 *
Wi

0101100
-67 0 +69 0 *
Fa
0  0.0001  1 0

0101000
+66 0 *
Fa
0  0.0001  2 0

0101000
+65 0 *
Fa
0  0.0001  3 0

0101000
+64 0 *
Fa
0  0.0001  4 0

0101000
+63 0 -62 0 *
Fa
0  0.0001  5 0

0101000
+61 0 *
Fa
0  0.0001  6 0

0101000
+60 0 *
Fa
0  0.0001  7 0

0101000
+59 0 *
Fa
0  0.0001  8 0

0101000
+58 0 *
Fa
0  0.0001  9 0

0101000
+57 0 *
Fa
0  0.0001  10 0

0101000
+56 0 *
Fa
0  0.0001  11 0

0101000
+55 0 *
Fa
0  0.0001  12 0

0101000
+54 0 *
Fa
0  0.0001  13 0

0101000
+53 0 *
Fa
0  0.0001  14 0

0101000
+52 0 *
Fa
0  0.0001  15 0

0101000
+51 0 *
Fa
0  0.0001  16 0

0101000
+50 0 *
Fa
0  0.0001  17 0

0101000
+49 0 *
Fa
0  0.0001  18 0

0101000
+48 0 *
Fa
0  0.0001  19 0

0101000
+47 0 *
Fa
0  0.0001  20 0

0101000
+46 0 *
Fa
0  0.0001  21 0

0101000
+45 0 *
Fa
0  0.0001  22 0

0101000
+44 0 *
Fa
0  0.0001  23 0

0101000
+43 0 *
Fa
0  0.0001  24 0

0101000
+42 0 *
Fa
0  0.0001  25 0

0101000
+41 0 *
Fa
0  0.0001  26 0

0101000
+40 0 *
Fa
0  0.0001  27 0

0101000
+39 0 *
Fa
0  0.0001  28 0

0101000
+38 0 *
Fa
0  0.0001  29 0

0101000
+37 0 *
Fa
0  0.0001  30 0

0101000
+36 0 *
Fa
0  0.0001  31 0

0101000
+35 0 *
Sh

0101100
+34 0 +33 0 +32 0 +31 0 +30 0 +29 0 +28 0 +27 0 -26 0 +25 0 +24 0 +23 0 +22 0 +21 0 +20 0 +19 0 +18 0 -17 0 -16 0 +15 0 +14 0 +13 0 +12 0 +11 0 +10 0 +9 0 +8 0 +7 0 -6 0 -5 0 +4 0 *
So

0100000
+3 0 *
Co

1100000
+2 0 *

+1 0
