ISO-10303-21;
HEADER;
FILE_DESCRIPTION(('Open CASCADE Model'),'2;1');
FILE_NAME('Open CASCADE Shape Model','2025-07-14T14:35:54',('Author'),(
    'Open CASCADE'),'Open CASCADE STEP processor 7.6','Open CASCADE 7.6'
  ,'Unknown');
FILE_SCHEMA((
'AP242_MANAGED_MODEL_BASED_3D_ENGINEERING_MIM_LF. {1 0 10303 442 1 1 4 
}'));
ENDSEC;
DATA;
#1 = APPLICATION_PROTOCOL_DEFINITION('international standard',
  'ap242_managed_model_based_3d_engineering',2013,#2);
#2 = APPLICATION_CONTEXT('Managed model based 3d engineering');
#3 = SHAPE_DEFINITION_REPRESENTATION(#4,#10);
#4 = PRODUCT_DEFINITION_SHAPE('','',#5);
#5 = PRODUCT_DEFINITION('design','',#6,#9);
#6 = PRODUCT_DEFINITION_FORMATION('','',#7);
#7 = PRODUCT('Open CASCADE STEP translator 7.6 1',
  'Open CASCADE STEP translator 7.6 1','',(#8));
#8 = PRODUCT_CONTEXT('',#2,'mechanical');
#9 = PRODUCT_DEFINITION_CONTEXT('part definition',#2,'design');
#10 = ADVANCED_BREP_SHAPE_REPRESENTATION('',(#11,#15),#4718);
#11 = AXIS2_PLACEMENT_3D('',#12,#13,#14);
#12 = CARTESIAN_POINT('',(0.,0.,0.));
#13 = DIRECTION('',(0.,0.,1.));
#14 = DIRECTION('',(1.,0.,-0.));
#15 = MANIFOLD_SOLID_BREP('',#16);
#16 = CLOSED_SHELL('',(#17,#139,#225,#280,#335,#413,#473,#556,#611,#667,
    #723,#801,#833,#888,#971,#998,#1084,#1111,#1138,#1209,#1242,#1270,
    #1324,#1352,#1380,#1436,#1442,#1448,#1503,#1538,#2610,#2965,#3353,
    #3403,#3408,#3528,#3613,#3692,#3772,#3846,#3878,#3960,#3987,#4068,
    #4095,#4177,#4204,#4280,#4313,#4393,#4421,#4493,#4521,#4594,#4622,
    #4687,#4693,#4700,#4706,#4712));
#17 = ADVANCED_FACE('',(#18),#32,.F.);
#18 = FACE_BOUND('',#19,.F.);
#19 = EDGE_LOOP('',(#20,#55,#84,#112));
#20 = ORIENTED_EDGE('',*,*,#21,.F.);
#21 = EDGE_CURVE('',#22,#24,#26,.T.);
#22 = VERTEX_POINT('',#23);
#23 = CARTESIAN_POINT('',(-24.4,-6.129061917913,2.5));
#24 = VERTEX_POINT('',#25);
#25 = CARTESIAN_POINT('',(-24.4,-6.129061917913,67.5));
#26 = SURFACE_CURVE('',#27,(#31,#43),.PCURVE_S1.);
#27 = LINE('',#28,#29);
#28 = CARTESIAN_POINT('',(-24.4,-6.129061917913,0.));
#29 = VECTOR('',#30,1.);
#30 = DIRECTION('',(0.,0.,1.));
#31 = PCURVE('',#32,#37);
#32 = CYLINDRICAL_SURFACE('',#33,1.9);
#33 = AXIS2_PLACEMENT_3D('',#34,#35,#36);
#34 = CARTESIAN_POINT('',(-22.5,-6.129061917913,0.));
#35 = DIRECTION('',(0.,0.,1.));
#36 = DIRECTION('',(-1.,0.,0.));
#37 = DEFINITIONAL_REPRESENTATION('',(#38),#42);
#38 = LINE('',#39,#40);
#39 = CARTESIAN_POINT('',(0.,0.));
#40 = VECTOR('',#41,1.);
#41 = DIRECTION('',(0.,1.));
#42 = ( GEOMETRIC_REPRESENTATION_CONTEXT(2) 
PARAMETRIC_REPRESENTATION_CONTEXT() REPRESENTATION_CONTEXT('2D SPACE',''
  ) );
#43 = PCURVE('',#44,#49);
#44 = PLANE('',#45);
#45 = AXIS2_PLACEMENT_3D('',#46,#47,#48);
#46 = CARTESIAN_POINT('',(-24.4,0.,0.));
#47 = DIRECTION('',(1.,0.,-0.));
#48 = DIRECTION('',(0.,-1.,0.));
#49 = DEFINITIONAL_REPRESENTATION('',(#50),#54);
#50 = LINE('',#51,#52);
#51 = CARTESIAN_POINT('',(6.129061917913,0.));
#52 = VECTOR('',#53,1.);
#53 = DIRECTION('',(0.,-1.));
#54 = ( GEOMETRIC_REPRESENTATION_CONTEXT(2) 
PARAMETRIC_REPRESENTATION_CONTEXT() REPRESENTATION_CONTEXT('2D SPACE',''
  ) );
#55 = ORIENTED_EDGE('',*,*,#56,.T.);
#56 = EDGE_CURVE('',#22,#57,#59,.T.);
#57 = VERTEX_POINT('',#58);
#58 = CARTESIAN_POINT('',(-23.49611650485,-7.747008736803,2.5));
#59 = SURFACE_CURVE('',#60,(#65,#72),.PCURVE_S1.);
#60 = CIRCLE('',#61,1.9);
#61 = AXIS2_PLACEMENT_3D('',#62,#63,#64);
#62 = CARTESIAN_POINT('',(-22.5,-6.129061917913,2.5));
#63 = DIRECTION('',(0.,0.,1.));
#64 = DIRECTION('',(-1.,0.,0.));
#65 = PCURVE('',#32,#66);
#66 = DEFINITIONAL_REPRESENTATION('',(#67),#71);
#67 = LINE('',#68,#69);
#68 = CARTESIAN_POINT('',(0.,2.5));
#69 = VECTOR('',#70,1.);
#70 = DIRECTION('',(1.,0.));
#71 = ( GEOMETRIC_REPRESENTATION_CONTEXT(2) 
PARAMETRIC_REPRESENTATION_CONTEXT() REPRESENTATION_CONTEXT('2D SPACE',''
  ) );
#72 = PCURVE('',#73,#78);
#73 = SPHERICAL_SURFACE('',#74,1.9);
#74 = AXIS2_PLACEMENT_3D('',#75,#76,#77);
#75 = CARTESIAN_POINT('',(-22.5,-6.129061917913,2.5));
#76 = DIRECTION('',(0.,0.,1.));
#77 = DIRECTION('',(-1.,0.,0.));
#78 = DEFINITIONAL_REPRESENTATION('',(#79),#83);
#79 = LINE('',#80,#81);
#80 = CARTESIAN_POINT('',(0.,0.));
#81 = VECTOR('',#82,1.);
#82 = DIRECTION('',(1.,0.));
#83 = ( GEOMETRIC_REPRESENTATION_CONTEXT(2) 
PARAMETRIC_REPRESENTATION_CONTEXT() REPRESENTATION_CONTEXT('2D SPACE',''
  ) );
#84 = ORIENTED_EDGE('',*,*,#85,.T.);
#85 = EDGE_CURVE('',#57,#86,#88,.T.);
#86 = VERTEX_POINT('',#87);
#87 = CARTESIAN_POINT('',(-23.49611650485,-7.747008736803,67.5));
#88 = SURFACE_CURVE('',#89,(#93,#100),.PCURVE_S1.);
#89 = LINE('',#90,#91);
#90 = CARTESIAN_POINT('',(-23.49611650485,-7.747008736803,0.));
#91 = VECTOR('',#92,1.);
#92 = DIRECTION('',(0.,0.,1.));
#93 = PCURVE('',#32,#94);
#94 = DEFINITIONAL_REPRESENTATION('',(#95),#99);
#95 = LINE('',#96,#97);
#96 = CARTESIAN_POINT('',(1.018936532095,0.));
#97 = VECTOR('',#98,1.);
#98 = DIRECTION('',(0.,1.));
#99 = ( GEOMETRIC_REPRESENTATION_CONTEXT(2) 
PARAMETRIC_REPRESENTATION_CONTEXT() REPRESENTATION_CONTEXT('2D SPACE',''
  ) );
#100 = PCURVE('',#101,#106);
#101 = CYLINDRICAL_SURFACE('',#102,44.816666666667);
#102 = AXIS2_PLACEMENT_3D('',#103,#104,#105);
#103 = CARTESIAN_POINT('',(0.,30.416666666667,0.));
#104 = DIRECTION('',(-0.,-0.,-1.));
#105 = DIRECTION('',(-0.550458715596,-0.834862385321,0.));
#106 = DEFINITIONAL_REPRESENTATION('',(#107),#111);
#107 = LINE('',#108,#109);
#108 = CARTESIAN_POINT('',(-3.105379425535E-02,0.));
#109 = VECTOR('',#110,1.);
#110 = DIRECTION('',(-0.,-1.));
#111 = ( GEOMETRIC_REPRESENTATION_CONTEXT(2) 
PARAMETRIC_REPRESENTATION_CONTEXT() REPRESENTATION_CONTEXT('2D SPACE',''
  ) );
#112 = ORIENTED_EDGE('',*,*,#113,.F.);
#113 = EDGE_CURVE('',#24,#86,#114,.T.);
#114 = SURFACE_CURVE('',#115,(#120,#127),.PCURVE_S1.);
#115 = CIRCLE('',#116,1.9);
#116 = AXIS2_PLACEMENT_3D('',#117,#118,#119);
#117 = CARTESIAN_POINT('',(-22.5,-6.129061917913,67.5));
#118 = DIRECTION('',(0.,0.,1.));
#119 = DIRECTION('',(-1.,0.,0.));
#120 = PCURVE('',#32,#121);
#121 = DEFINITIONAL_REPRESENTATION('',(#122),#126);
#122 = LINE('',#123,#124);
#123 = CARTESIAN_POINT('',(0.,67.5));
#124 = VECTOR('',#125,1.);
#125 = DIRECTION('',(1.,0.));
#126 = ( GEOMETRIC_REPRESENTATION_CONTEXT(2) 
PARAMETRIC_REPRESENTATION_CONTEXT() REPRESENTATION_CONTEXT('2D SPACE',''
  ) );
#127 = PCURVE('',#128,#133);
#128 = SPHERICAL_SURFACE('',#129,1.9);
#129 = AXIS2_PLACEMENT_3D('',#130,#131,#132);
#130 = CARTESIAN_POINT('',(-22.5,-6.129061917913,67.5));
#131 = DIRECTION('',(-0.,-0.,-1.));
#132 = DIRECTION('',(-1.,0.,0.));
#133 = DEFINITIONAL_REPRESENTATION('',(#134),#138);
#134 = LINE('',#135,#136);
#135 = CARTESIAN_POINT('',(-0.,0.));
#136 = VECTOR('',#137,1.);
#137 = DIRECTION('',(-1.,0.));
#138 = ( GEOMETRIC_REPRESENTATION_CONTEXT(2) 
PARAMETRIC_REPRESENTATION_CONTEXT() REPRESENTATION_CONTEXT('2D SPACE',''
  ) );
#139 = ADVANCED_FACE('',(#140),#44,.T.);
#140 = FACE_BOUND('',#141,.T.);
#141 = EDGE_LOOP('',(#142,#170,#198,#224));
#142 = ORIENTED_EDGE('',*,*,#143,.F.);
#143 = EDGE_CURVE('',#144,#22,#146,.T.);
#144 = VERTEX_POINT('',#145);
#145 = CARTESIAN_POINT('',(-24.4,6.129061917913,2.5));
#146 = SURFACE_CURVE('',#147,(#151,#158),.PCURVE_S1.);
#147 = LINE('',#148,#149);
#148 = CARTESIAN_POINT('',(-24.4,6.129061917913,2.5));
#149 = VECTOR('',#150,1.);
#150 = DIRECTION('',(0.,-1.,-0.));
#151 = PCURVE('',#44,#152);
#152 = DEFINITIONAL_REPRESENTATION('',(#153),#157);
#153 = LINE('',#154,#155);
#154 = CARTESIAN_POINT('',(-6.129061917913,-2.5));
#155 = VECTOR('',#156,1.);
#156 = DIRECTION('',(1.,0.));
#157 = ( GEOMETRIC_REPRESENTATION_CONTEXT(2) 
PARAMETRIC_REPRESENTATION_CONTEXT() REPRESENTATION_CONTEXT('2D SPACE',''
  ) );
#158 = PCURVE('',#159,#164);
#159 = CYLINDRICAL_SURFACE('',#160,1.9);
#160 = AXIS2_PLACEMENT_3D('',#161,#162,#163);
#161 = CARTESIAN_POINT('',(-22.5,0.,2.5));
#162 = DIRECTION('',(0.,-1.,-0.));
#163 = DIRECTION('',(-1.,-0.,0.));
#164 = DEFINITIONAL_REPRESENTATION('',(#165),#169);
#165 = LINE('',#166,#167);
#166 = CARTESIAN_POINT('',(0.,-6.129061917913));
#167 = VECTOR('',#168,1.);
#168 = DIRECTION('',(0.,1.));
#169 = ( GEOMETRIC_REPRESENTATION_CONTEXT(2) 
PARAMETRIC_REPRESENTATION_CONTEXT() REPRESENTATION_CONTEXT('2D SPACE',''
  ) );
#170 = ORIENTED_EDGE('',*,*,#171,.T.);
#171 = EDGE_CURVE('',#144,#172,#174,.T.);
#172 = VERTEX_POINT('',#173);
#173 = CARTESIAN_POINT('',(-24.4,6.129061917913,67.5));
#174 = SURFACE_CURVE('',#175,(#179,#186),.PCURVE_S1.);
#175 = LINE('',#176,#177);
#176 = CARTESIAN_POINT('',(-24.4,6.129061917913,0.));
#177 = VECTOR('',#178,1.);
#178 = DIRECTION('',(0.,0.,1.));
#179 = PCURVE('',#44,#180);
#180 = DEFINITIONAL_REPRESENTATION('',(#181),#185);
#181 = LINE('',#182,#183);
#182 = CARTESIAN_POINT('',(-6.129061917913,0.));
#183 = VECTOR('',#184,1.);
#184 = DIRECTION('',(0.,-1.));
#185 = ( GEOMETRIC_REPRESENTATION_CONTEXT(2) 
PARAMETRIC_REPRESENTATION_CONTEXT() REPRESENTATION_CONTEXT('2D SPACE',''
  ) );
#186 = PCURVE('',#187,#192);
#187 = CYLINDRICAL_SURFACE('',#188,1.9);
#188 = AXIS2_PLACEMENT_3D('',#189,#190,#191);
#189 = CARTESIAN_POINT('',(-22.5,6.129061917913,0.));
#190 = DIRECTION('',(0.,0.,1.));
#191 = DIRECTION('',(-0.52427184466,0.851550957311,0.));
#192 = DEFINITIONAL_REPRESENTATION('',(#193),#197);
#193 = LINE('',#194,#195);
#194 = CARTESIAN_POINT('',(1.018936532095,0.));
#195 = VECTOR('',#196,1.);
#196 = DIRECTION('',(0.,1.));
#197 = ( GEOMETRIC_REPRESENTATION_CONTEXT(2) 
PARAMETRIC_REPRESENTATION_CONTEXT() REPRESENTATION_CONTEXT('2D SPACE',''
  ) );
#198 = ORIENTED_EDGE('',*,*,#199,.F.);
#199 = EDGE_CURVE('',#24,#172,#200,.T.);
#200 = SURFACE_CURVE('',#201,(#205,#212),.PCURVE_S1.);
#201 = LINE('',#202,#203);
#202 = CARTESIAN_POINT('',(-24.4,-6.129061917913,67.5));
#203 = VECTOR('',#204,1.);
#204 = DIRECTION('',(-0.,1.,0.));
#205 = PCURVE('',#44,#206);
#206 = DEFINITIONAL_REPRESENTATION('',(#207),#211);
#207 = LINE('',#208,#209);
#208 = CARTESIAN_POINT('',(6.129061917913,-67.5));
#209 = VECTOR('',#210,1.);
#210 = DIRECTION('',(-1.,0.));
#211 = ( GEOMETRIC_REPRESENTATION_CONTEXT(2) 
PARAMETRIC_REPRESENTATION_CONTEXT() REPRESENTATION_CONTEXT('2D SPACE',''
  ) );
#212 = PCURVE('',#213,#218);
#213 = CYLINDRICAL_SURFACE('',#214,1.9);
#214 = AXIS2_PLACEMENT_3D('',#215,#216,#217);
#215 = CARTESIAN_POINT('',(-22.5,0.,67.5));
#216 = DIRECTION('',(0.,-1.,-0.));
#217 = DIRECTION('',(-1.,-0.,0.));
#218 = DEFINITIONAL_REPRESENTATION('',(#219),#223);
#219 = LINE('',#220,#221);
#220 = CARTESIAN_POINT('',(-0.,6.129061917913));
#221 = VECTOR('',#222,1.);
#222 = DIRECTION('',(-0.,-1.));
#223 = ( GEOMETRIC_REPRESENTATION_CONTEXT(2) 
PARAMETRIC_REPRESENTATION_CONTEXT() REPRESENTATION_CONTEXT('2D SPACE',''
  ) );
#224 = ORIENTED_EDGE('',*,*,#21,.F.);
#225 = ADVANCED_FACE('',(#226),#73,.F.);
#226 = FACE_BOUND('',#227,.F.);
#227 = EDGE_LOOP('',(#228,#252,#279));
#228 = ORIENTED_EDGE('',*,*,#229,.F.);
#229 = EDGE_CURVE('',#230,#22,#232,.T.);
#230 = VERTEX_POINT('',#231);
#231 = CARTESIAN_POINT('',(-22.5,-6.129061917913,0.6));
#232 = SURFACE_CURVE('',#233,(#238,#245),.PCURVE_S1.);
#233 = CIRCLE('',#234,1.9);
#234 = AXIS2_PLACEMENT_3D('',#235,#236,#237);
#235 = CARTESIAN_POINT('',(-22.5,-6.129061917913,2.5));
#236 = DIRECTION('',(0.,1.,-0.));
#237 = DIRECTION('',(-1.,0.,2.449293598295E-16));
#238 = PCURVE('',#73,#239);
#239 = DEFINITIONAL_REPRESENTATION('',(#240),#244);
#240 = LINE('',#241,#242);
#241 = CARTESIAN_POINT('',(0.,-6.28318530718));
#242 = VECTOR('',#243,1.);
#243 = DIRECTION('',(0.,1.));
#244 = ( GEOMETRIC_REPRESENTATION_CONTEXT(2) 
PARAMETRIC_REPRESENTATION_CONTEXT() REPRESENTATION_CONTEXT('2D SPACE',''
  ) );
#245 = PCURVE('',#159,#246);
#246 = DEFINITIONAL_REPRESENTATION('',(#247),#251);
#247 = LINE('',#248,#249);
#248 = CARTESIAN_POINT('',(6.28318530718,6.129061917913));
#249 = VECTOR('',#250,1.);
#250 = DIRECTION('',(-1.,-0.));
#251 = ( GEOMETRIC_REPRESENTATION_CONTEXT(2) 
PARAMETRIC_REPRESENTATION_CONTEXT() REPRESENTATION_CONTEXT('2D SPACE',''
  ) );
#252 = ORIENTED_EDGE('',*,*,#253,.T.);
#253 = EDGE_CURVE('',#230,#57,#254,.T.);
#254 = SURFACE_CURVE('',#255,(#260,#267),.PCURVE_S1.);
#255 = CIRCLE('',#256,1.9);
#256 = AXIS2_PLACEMENT_3D('',#257,#258,#259);
#257 = CARTESIAN_POINT('',(-22.5,-6.129061917913,2.5));
#258 = DIRECTION('',(-0.851550957311,0.52427184466,0.));
#259 = DIRECTION('',(-0.52427184466,-0.851550957311,2.449293598295E-16)
  );
#260 = PCURVE('',#73,#261);
#261 = DEFINITIONAL_REPRESENTATION('',(#262),#266);
#262 = LINE('',#263,#264);
#263 = CARTESIAN_POINT('',(1.018936532095,-6.28318530718));
#264 = VECTOR('',#265,1.);
#265 = DIRECTION('',(0.,1.));
#266 = ( GEOMETRIC_REPRESENTATION_CONTEXT(2) 
PARAMETRIC_REPRESENTATION_CONTEXT() REPRESENTATION_CONTEXT('2D SPACE',''
  ) );
#267 = PCURVE('',#268,#273);
#268 = TOROIDAL_SURFACE('',#269,42.916666666667,1.9);
#269 = AXIS2_PLACEMENT_3D('',#270,#271,#272);
#270 = CARTESIAN_POINT('',(0.,30.416666666667,2.5));
#271 = DIRECTION('',(-0.,-0.,-1.));
#272 = DIRECTION('',(-0.550458715596,-0.834862385321,0.));
#273 = DEFINITIONAL_REPRESENTATION('',(#274),#278);
#274 = LINE('',#275,#276);
#275 = CARTESIAN_POINT('',(-3.105379425535E-02,6.28318530718));
#276 = VECTOR('',#277,1.);
#277 = DIRECTION('',(-0.,-1.));
#278 = ( GEOMETRIC_REPRESENTATION_CONTEXT(2) 
PARAMETRIC_REPRESENTATION_CONTEXT() REPRESENTATION_CONTEXT('2D SPACE',''
  ) );
#279 = ORIENTED_EDGE('',*,*,#56,.F.);
#280 = ADVANCED_FACE('',(#281),#128,.F.);
#281 = FACE_BOUND('',#282,.T.);
#282 = EDGE_LOOP('',(#283,#307,#334));
#283 = ORIENTED_EDGE('',*,*,#284,.F.);
#284 = EDGE_CURVE('',#285,#24,#287,.T.);
#285 = VERTEX_POINT('',#286);
#286 = CARTESIAN_POINT('',(-22.5,-6.129061917913,69.4));
#287 = SURFACE_CURVE('',#288,(#293,#300),.PCURVE_S1.);
#288 = CIRCLE('',#289,1.9);
#289 = AXIS2_PLACEMENT_3D('',#290,#291,#292);
#290 = CARTESIAN_POINT('',(-22.5,-6.129061917913,67.5));
#291 = DIRECTION('',(0.,-1.,-0.));
#292 = DIRECTION('',(-1.,0.,-2.449293598295E-16));
#293 = PCURVE('',#128,#294);
#294 = DEFINITIONAL_REPRESENTATION('',(#295),#299);
#295 = LINE('',#296,#297);
#296 = CARTESIAN_POINT('',(-0.,-6.28318530718));
#297 = VECTOR('',#298,1.);
#298 = DIRECTION('',(-0.,1.));
#299 = ( GEOMETRIC_REPRESENTATION_CONTEXT(2) 
PARAMETRIC_REPRESENTATION_CONTEXT() REPRESENTATION_CONTEXT('2D SPACE',''
  ) );
#300 = PCURVE('',#213,#301);
#301 = DEFINITIONAL_REPRESENTATION('',(#302),#306);
#302 = LINE('',#303,#304);
#303 = CARTESIAN_POINT('',(-6.28318530718,6.129061917913));
#304 = VECTOR('',#305,1.);
#305 = DIRECTION('',(1.,-0.));
#306 = ( GEOMETRIC_REPRESENTATION_CONTEXT(2) 
PARAMETRIC_REPRESENTATION_CONTEXT() REPRESENTATION_CONTEXT('2D SPACE',''
  ) );
#307 = ORIENTED_EDGE('',*,*,#308,.T.);
#308 = EDGE_CURVE('',#285,#86,#309,.T.);
#309 = SURFACE_CURVE('',#310,(#315,#322),.PCURVE_S1.);
#310 = CIRCLE('',#311,1.9);
#311 = AXIS2_PLACEMENT_3D('',#312,#313,#314);
#312 = CARTESIAN_POINT('',(-22.5,-6.129061917913,67.5));
#313 = DIRECTION('',(0.851550957311,-0.52427184466,0.));
#314 = DIRECTION('',(-0.52427184466,-0.851550957311,-2.449293598295E-16)
  );
#315 = PCURVE('',#128,#316);
#316 = DEFINITIONAL_REPRESENTATION('',(#317),#321);
#317 = LINE('',#318,#319);
#318 = CARTESIAN_POINT('',(-1.018936532095,-6.28318530718));
#319 = VECTOR('',#320,1.);
#320 = DIRECTION('',(-0.,1.));
#321 = ( GEOMETRIC_REPRESENTATION_CONTEXT(2) 
PARAMETRIC_REPRESENTATION_CONTEXT() REPRESENTATION_CONTEXT('2D SPACE',''
  ) );
#322 = PCURVE('',#323,#328);
#323 = TOROIDAL_SURFACE('',#324,42.916666666667,1.9);
#324 = AXIS2_PLACEMENT_3D('',#325,#326,#327);
#325 = CARTESIAN_POINT('',(0.,30.416666666667,67.5));
#326 = DIRECTION('',(0.,0.,1.));
#327 = DIRECTION('',(-0.550458715596,-0.834862385321,0.));
#328 = DEFINITIONAL_REPRESENTATION('',(#329),#333);
#329 = LINE('',#330,#331);
#330 = CARTESIAN_POINT('',(3.105379425535E-02,6.28318530718));
#331 = VECTOR('',#332,1.);
#332 = DIRECTION('',(-0.,-1.));
#333 = ( GEOMETRIC_REPRESENTATION_CONTEXT(2) 
PARAMETRIC_REPRESENTATION_CONTEXT() REPRESENTATION_CONTEXT('2D SPACE',''
  ) );
#334 = ORIENTED_EDGE('',*,*,#113,.F.);
#335 = ADVANCED_FACE('',(#336),#101,.F.);
#336 = FACE_BOUND('',#337,.T.);
#337 = EDGE_LOOP('',(#338,#339,#363,#391));
#338 = ORIENTED_EDGE('',*,*,#85,.T.);
#339 = ORIENTED_EDGE('',*,*,#340,.T.);
#340 = EDGE_CURVE('',#86,#341,#343,.T.);
#341 = VERTEX_POINT('',#342);
#342 = CARTESIAN_POINT('',(23.496116504854,-7.747008736803,67.5));
#343 = SURFACE_CURVE('',#344,(#349,#356),.PCURVE_S1.);
#344 = CIRCLE('',#345,44.816666666667);
#345 = AXIS2_PLACEMENT_3D('',#346,#347,#348);
#346 = CARTESIAN_POINT('',(0.,30.416666666667,67.5));
#347 = DIRECTION('',(0.,0.,1.));
#348 = DIRECTION('',(-0.550458715596,-0.834862385321,0.));
#349 = PCURVE('',#101,#350);
#350 = DEFINITIONAL_REPRESENTATION('',(#351),#355);
#351 = LINE('',#352,#353);
#352 = CARTESIAN_POINT('',(-0.,-67.5));
#353 = VECTOR('',#354,1.);
#354 = DIRECTION('',(-1.,0.));
#355 = ( GEOMETRIC_REPRESENTATION_CONTEXT(2) 
PARAMETRIC_REPRESENTATION_CONTEXT() REPRESENTATION_CONTEXT('2D SPACE',''
  ) );
#356 = PCURVE('',#323,#357);
#357 = DEFINITIONAL_REPRESENTATION('',(#358),#362);
#358 = LINE('',#359,#360);
#359 = CARTESIAN_POINT('',(0.,0.));
#360 = VECTOR('',#361,1.);
#361 = DIRECTION('',(1.,0.));
#362 = ( GEOMETRIC_REPRESENTATION_CONTEXT(2) 
PARAMETRIC_REPRESENTATION_CONTEXT() REPRESENTATION_CONTEXT('2D SPACE',''
  ) );
#363 = ORIENTED_EDGE('',*,*,#364,.F.);
#364 = EDGE_CURVE('',#365,#341,#367,.T.);
#365 = VERTEX_POINT('',#366);
#366 = CARTESIAN_POINT('',(23.496116504854,-7.747008736803,2.5));
#367 = SURFACE_CURVE('',#368,(#372,#379),.PCURVE_S1.);
#368 = LINE('',#369,#370);
#369 = CARTESIAN_POINT('',(23.496116504854,-7.747008736803,0.));
#370 = VECTOR('',#371,1.);
#371 = DIRECTION('',(0.,0.,1.));
#372 = PCURVE('',#101,#373);
#373 = DEFINITIONAL_REPRESENTATION('',(#374),#378);
#374 = LINE('',#375,#376);
#375 = CARTESIAN_POINT('',(-1.134773383656,0.));
#376 = VECTOR('',#377,1.);
#377 = DIRECTION('',(-0.,-1.));
#378 = ( GEOMETRIC_REPRESENTATION_CONTEXT(2) 
PARAMETRIC_REPRESENTATION_CONTEXT() REPRESENTATION_CONTEXT('2D SPACE',''
  ) );
#379 = PCURVE('',#380,#385);
#380 = CYLINDRICAL_SURFACE('',#381,1.9);
#381 = AXIS2_PLACEMENT_3D('',#382,#383,#384);
#382 = CARTESIAN_POINT('',(22.5,-6.129061917913,0.));
#383 = DIRECTION('',(0.,0.,1.));
#384 = DIRECTION('',(0.52427184466,-0.851550957311,0.));
#385 = DEFINITIONAL_REPRESENTATION('',(#386),#390);
#386 = LINE('',#387,#388);
#387 = CARTESIAN_POINT('',(0.,0.));
#388 = VECTOR('',#389,1.);
#389 = DIRECTION('',(0.,1.));
#390 = ( GEOMETRIC_REPRESENTATION_CONTEXT(2) 
PARAMETRIC_REPRESENTATION_CONTEXT() REPRESENTATION_CONTEXT('2D SPACE',''
  ) );
#391 = ORIENTED_EDGE('',*,*,#392,.F.);
#392 = EDGE_CURVE('',#57,#365,#393,.T.);
#393 = SURFACE_CURVE('',#394,(#399,#406),.PCURVE_S1.);
#394 = CIRCLE('',#395,44.816666666667);
#395 = AXIS2_PLACEMENT_3D('',#396,#397,#398);
#396 = CARTESIAN_POINT('',(0.,30.416666666667,2.5));
#397 = DIRECTION('',(0.,0.,1.));
#398 = DIRECTION('',(-0.550458715596,-0.834862385321,0.));
#399 = PCURVE('',#101,#400);
#400 = DEFINITIONAL_REPRESENTATION('',(#401),#405);
#401 = LINE('',#402,#403);
#402 = CARTESIAN_POINT('',(-0.,-2.5));
#403 = VECTOR('',#404,1.);
#404 = DIRECTION('',(-1.,0.));
#405 = ( GEOMETRIC_REPRESENTATION_CONTEXT(2) 
PARAMETRIC_REPRESENTATION_CONTEXT() REPRESENTATION_CONTEXT('2D SPACE',''
  ) );
#406 = PCURVE('',#268,#407);
#407 = DEFINITIONAL_REPRESENTATION('',(#408),#412);
#408 = LINE('',#409,#410);
#409 = CARTESIAN_POINT('',(-0.,0.));
#410 = VECTOR('',#411,1.);
#411 = DIRECTION('',(-1.,0.));
#412 = ( GEOMETRIC_REPRESENTATION_CONTEXT(2) 
PARAMETRIC_REPRESENTATION_CONTEXT() REPRESENTATION_CONTEXT('2D SPACE',''
  ) );
#413 = ADVANCED_FACE('',(#414),#159,.F.);
#414 = FACE_BOUND('',#415,.F.);
#415 = EDGE_LOOP('',(#416,#417,#446,#472));
#416 = ORIENTED_EDGE('',*,*,#143,.F.);
#417 = ORIENTED_EDGE('',*,*,#418,.F.);
#418 = EDGE_CURVE('',#419,#144,#421,.T.);
#419 = VERTEX_POINT('',#420);
#420 = CARTESIAN_POINT('',(-22.5,6.129061917913,0.6));
#421 = SURFACE_CURVE('',#422,(#427,#434),.PCURVE_S1.);
#422 = CIRCLE('',#423,1.9);
#423 = AXIS2_PLACEMENT_3D('',#424,#425,#426);
#424 = CARTESIAN_POINT('',(-22.5,6.129061917913,2.5));
#425 = DIRECTION('',(2.22044604925E-15,1.,-1.383650868339E-32));
#426 = DIRECTION('',(-1.,2.22044604925E-15,2.449293598295E-16));
#427 = PCURVE('',#159,#428);
#428 = DEFINITIONAL_REPRESENTATION('',(#429),#433);
#429 = LINE('',#430,#431);
#430 = CARTESIAN_POINT('',(6.28318530718,-6.129061917913));
#431 = VECTOR('',#432,1.);
#432 = DIRECTION('',(-1.,-0.));
#433 = ( GEOMETRIC_REPRESENTATION_CONTEXT(2) 
PARAMETRIC_REPRESENTATION_CONTEXT() REPRESENTATION_CONTEXT('2D SPACE',''
  ) );
#434 = PCURVE('',#435,#440);
#435 = SPHERICAL_SURFACE('',#436,1.9);
#436 = AXIS2_PLACEMENT_3D('',#437,#438,#439);
#437 = CARTESIAN_POINT('',(-22.5,6.129061917913,2.5));
#438 = DIRECTION('',(0.,0.,1.));
#439 = DIRECTION('',(-0.52427184466,0.851550957311,0.));
#440 = DEFINITIONAL_REPRESENTATION('',(#441),#445);
#441 = LINE('',#442,#443);
#442 = CARTESIAN_POINT('',(1.018936532095,-6.28318530718));
#443 = VECTOR('',#444,1.);
#444 = DIRECTION('',(0.,1.));
#445 = ( GEOMETRIC_REPRESENTATION_CONTEXT(2) 
PARAMETRIC_REPRESENTATION_CONTEXT() REPRESENTATION_CONTEXT('2D SPACE',''
  ) );
#446 = ORIENTED_EDGE('',*,*,#447,.T.);
#447 = EDGE_CURVE('',#419,#230,#448,.T.);
#448 = SURFACE_CURVE('',#449,(#453,#460),.PCURVE_S1.);
#449 = LINE('',#450,#451);
#450 = CARTESIAN_POINT('',(-22.5,6.129061917913,0.6));
#451 = VECTOR('',#452,1.);
#452 = DIRECTION('',(0.,-1.,-0.));
#453 = PCURVE('',#159,#454);
#454 = DEFINITIONAL_REPRESENTATION('',(#455),#459);
#455 = LINE('',#456,#457);
#456 = CARTESIAN_POINT('',(1.570796326795,-6.129061917913));
#457 = VECTOR('',#458,1.);
#458 = DIRECTION('',(0.,1.));
#459 = ( GEOMETRIC_REPRESENTATION_CONTEXT(2) 
PARAMETRIC_REPRESENTATION_CONTEXT() REPRESENTATION_CONTEXT('2D SPACE',''
  ) );
#460 = PCURVE('',#461,#466);
#461 = PLANE('',#462);
#462 = AXIS2_PLACEMENT_3D('',#463,#464,#465);
#463 = CARTESIAN_POINT('',(7.35601047262E-15,-2.101717277891E-15,0.6));
#464 = DIRECTION('',(0.,0.,1.));
#465 = DIRECTION('',(1.,0.,-0.));
#466 = DEFINITIONAL_REPRESENTATION('',(#467),#471);
#467 = LINE('',#468,#469);
#468 = CARTESIAN_POINT('',(-22.5,6.129061917913));
#469 = VECTOR('',#470,1.);
#470 = DIRECTION('',(-1.159300958738E-15,-1.));
#471 = ( GEOMETRIC_REPRESENTATION_CONTEXT(2) 
PARAMETRIC_REPRESENTATION_CONTEXT() REPRESENTATION_CONTEXT('2D SPACE',''
  ) );
#472 = ORIENTED_EDGE('',*,*,#229,.T.);
#473 = ADVANCED_FACE('',(#474),#187,.F.);
#474 = FACE_BOUND('',#475,.F.);
#475 = EDGE_LOOP('',(#476,#506,#528,#529));
#476 = ORIENTED_EDGE('',*,*,#477,.F.);
#477 = EDGE_CURVE('',#478,#480,#482,.T.);
#478 = VERTEX_POINT('',#479);
#479 = CARTESIAN_POINT('',(-23.49611650485,7.747008736803,2.5));
#480 = VERTEX_POINT('',#481);
#481 = CARTESIAN_POINT('',(-23.49611650485,7.747008736803,67.5));
#482 = SURFACE_CURVE('',#483,(#487,#494),.PCURVE_S1.);
#483 = LINE('',#484,#485);
#484 = CARTESIAN_POINT('',(-23.49611650485,7.747008736803,0.));
#485 = VECTOR('',#486,1.);
#486 = DIRECTION('',(0.,0.,1.));
#487 = PCURVE('',#187,#488);
#488 = DEFINITIONAL_REPRESENTATION('',(#489),#493);
#489 = LINE('',#490,#491);
#490 = CARTESIAN_POINT('',(0.,0.));
#491 = VECTOR('',#492,1.);
#492 = DIRECTION('',(0.,1.));
#493 = ( GEOMETRIC_REPRESENTATION_CONTEXT(2) 
PARAMETRIC_REPRESENTATION_CONTEXT() REPRESENTATION_CONTEXT('2D SPACE',''
  ) );
#494 = PCURVE('',#495,#500);
#495 = CYLINDRICAL_SURFACE('',#496,44.816666666667);
#496 = AXIS2_PLACEMENT_3D('',#497,#498,#499);
#497 = CARTESIAN_POINT('',(0.,-30.41666666666,0.));
#498 = DIRECTION('',(-0.,-0.,-1.));
#499 = DIRECTION('',(-0.550458715596,0.834862385321,0.));
#500 = DEFINITIONAL_REPRESENTATION('',(#501),#505);
#501 = LINE('',#502,#503);
#502 = CARTESIAN_POINT('',(-6.252131512924,0.));
#503 = VECTOR('',#504,1.);
#504 = DIRECTION('',(-0.,-1.));
#505 = ( GEOMETRIC_REPRESENTATION_CONTEXT(2) 
PARAMETRIC_REPRESENTATION_CONTEXT() REPRESENTATION_CONTEXT('2D SPACE',''
  ) );
#506 = ORIENTED_EDGE('',*,*,#507,.T.);
#507 = EDGE_CURVE('',#478,#144,#508,.T.);
#508 = SURFACE_CURVE('',#509,(#514,#521),.PCURVE_S1.);
#509 = CIRCLE('',#510,1.9);
#510 = AXIS2_PLACEMENT_3D('',#511,#512,#513);
#511 = CARTESIAN_POINT('',(-22.5,6.129061917913,2.5));
#512 = DIRECTION('',(0.,0.,1.));
#513 = DIRECTION('',(-0.52427184466,0.851550957311,0.));
#514 = PCURVE('',#187,#515);
#515 = DEFINITIONAL_REPRESENTATION('',(#516),#520);
#516 = LINE('',#517,#518);
#517 = CARTESIAN_POINT('',(1.42108547152E-15,2.5));
#518 = VECTOR('',#519,1.);
#519 = DIRECTION('',(1.,0.));
#520 = ( GEOMETRIC_REPRESENTATION_CONTEXT(2) 
PARAMETRIC_REPRESENTATION_CONTEXT() REPRESENTATION_CONTEXT('2D SPACE',''
  ) );
#521 = PCURVE('',#435,#522);
#522 = DEFINITIONAL_REPRESENTATION('',(#523),#527);
#523 = LINE('',#524,#525);
#524 = CARTESIAN_POINT('',(0.,0.));
#525 = VECTOR('',#526,1.);
#526 = DIRECTION('',(1.,0.));
#527 = ( GEOMETRIC_REPRESENTATION_CONTEXT(2) 
PARAMETRIC_REPRESENTATION_CONTEXT() REPRESENTATION_CONTEXT('2D SPACE',''
  ) );
#528 = ORIENTED_EDGE('',*,*,#171,.T.);
#529 = ORIENTED_EDGE('',*,*,#530,.F.);
#530 = EDGE_CURVE('',#480,#172,#531,.T.);
#531 = SURFACE_CURVE('',#532,(#537,#544),.PCURVE_S1.);
#532 = CIRCLE('',#533,1.9);
#533 = AXIS2_PLACEMENT_3D('',#534,#535,#536);
#534 = CARTESIAN_POINT('',(-22.5,6.129061917913,67.5));
#535 = DIRECTION('',(0.,0.,1.));
#536 = DIRECTION('',(-0.52427184466,0.851550957311,0.));
#537 = PCURVE('',#187,#538);
#538 = DEFINITIONAL_REPRESENTATION('',(#539),#543);
#539 = LINE('',#540,#541);
#540 = CARTESIAN_POINT('',(1.42108547152E-15,67.5));
#541 = VECTOR('',#542,1.);
#542 = DIRECTION('',(1.,0.));
#543 = ( GEOMETRIC_REPRESENTATION_CONTEXT(2) 
PARAMETRIC_REPRESENTATION_CONTEXT() REPRESENTATION_CONTEXT('2D SPACE',''
  ) );
#544 = PCURVE('',#545,#550);
#545 = SPHERICAL_SURFACE('',#546,1.9);
#546 = AXIS2_PLACEMENT_3D('',#547,#548,#549);
#547 = CARTESIAN_POINT('',(-22.5,6.129061917913,67.5));
#548 = DIRECTION('',(-0.,-0.,-1.));
#549 = DIRECTION('',(-0.52427184466,0.851550957311,0.));
#550 = DEFINITIONAL_REPRESENTATION('',(#551),#555);
#551 = LINE('',#552,#553);
#552 = CARTESIAN_POINT('',(-0.,0.));
#553 = VECTOR('',#554,1.);
#554 = DIRECTION('',(-1.,0.));
#555 = ( GEOMETRIC_REPRESENTATION_CONTEXT(2) 
PARAMETRIC_REPRESENTATION_CONTEXT() REPRESENTATION_CONTEXT('2D SPACE',''
  ) );
#556 = ADVANCED_FACE('',(#557),#213,.F.);
#557 = FACE_BOUND('',#558,.T.);
#558 = EDGE_LOOP('',(#559,#560,#584,#610));
#559 = ORIENTED_EDGE('',*,*,#199,.T.);
#560 = ORIENTED_EDGE('',*,*,#561,.F.);
#561 = EDGE_CURVE('',#562,#172,#564,.T.);
#562 = VERTEX_POINT('',#563);
#563 = CARTESIAN_POINT('',(-22.5,6.129061917913,69.4));
#564 = SURFACE_CURVE('',#565,(#570,#577),.PCURVE_S1.);
#565 = CIRCLE('',#566,1.9);
#566 = AXIS2_PLACEMENT_3D('',#567,#568,#569);
#567 = CARTESIAN_POINT('',(-22.5,6.129061917913,67.5));
#568 = DIRECTION('',(-2.22044604925E-15,-1.,-1.383650868339E-32));
#569 = DIRECTION('',(-1.,2.22044604925E-15,-2.449293598295E-16));
#570 = PCURVE('',#213,#571);
#571 = DEFINITIONAL_REPRESENTATION('',(#572),#576);
#572 = LINE('',#573,#574);
#573 = CARTESIAN_POINT('',(-6.28318530718,-6.129061917913));
#574 = VECTOR('',#575,1.);
#575 = DIRECTION('',(1.,-0.));
#576 = ( GEOMETRIC_REPRESENTATION_CONTEXT(2) 
PARAMETRIC_REPRESENTATION_CONTEXT() REPRESENTATION_CONTEXT('2D SPACE',''
  ) );
#577 = PCURVE('',#545,#578);
#578 = DEFINITIONAL_REPRESENTATION('',(#579),#583);
#579 = LINE('',#580,#581);
#580 = CARTESIAN_POINT('',(-1.018936532095,-6.28318530718));
#581 = VECTOR('',#582,1.);
#582 = DIRECTION('',(-0.,1.));
#583 = ( GEOMETRIC_REPRESENTATION_CONTEXT(2) 
PARAMETRIC_REPRESENTATION_CONTEXT() REPRESENTATION_CONTEXT('2D SPACE',''
  ) );
#584 = ORIENTED_EDGE('',*,*,#585,.F.);
#585 = EDGE_CURVE('',#285,#562,#586,.T.);
#586 = SURFACE_CURVE('',#587,(#591,#598),.PCURVE_S1.);
#587 = LINE('',#588,#589);
#588 = CARTESIAN_POINT('',(-22.5,-6.129061917913,69.4));
#589 = VECTOR('',#590,1.);
#590 = DIRECTION('',(-0.,1.,0.));
#591 = PCURVE('',#213,#592);
#592 = DEFINITIONAL_REPRESENTATION('',(#593),#597);
#593 = LINE('',#594,#595);
#594 = CARTESIAN_POINT('',(-1.570796326795,6.129061917913));
#595 = VECTOR('',#596,1.);
#596 = DIRECTION('',(-0.,-1.));
#597 = ( GEOMETRIC_REPRESENTATION_CONTEXT(2) 
PARAMETRIC_REPRESENTATION_CONTEXT() REPRESENTATION_CONTEXT('2D SPACE',''
  ) );
#598 = PCURVE('',#599,#604);
#599 = PLANE('',#600);
#600 = AXIS2_PLACEMENT_3D('',#601,#602,#603);
#601 = CARTESIAN_POINT('',(7.35601047262E-15,-2.101717277891E-15,69.4));
#602 = DIRECTION('',(0.,0.,1.));
#603 = DIRECTION('',(1.,0.,-0.));
#604 = DEFINITIONAL_REPRESENTATION('',(#605),#609);
#605 = LINE('',#606,#607);
#606 = CARTESIAN_POINT('',(-22.5,-6.129061917913));
#607 = VECTOR('',#608,1.);
#608 = DIRECTION('',(1.159300958738E-15,1.));
#609 = ( GEOMETRIC_REPRESENTATION_CONTEXT(2) 
PARAMETRIC_REPRESENTATION_CONTEXT() REPRESENTATION_CONTEXT('2D SPACE',''
  ) );
#610 = ORIENTED_EDGE('',*,*,#284,.T.);
#611 = ADVANCED_FACE('',(#612),#268,.F.);
#612 = FACE_BOUND('',#613,.T.);
#613 = EDGE_LOOP('',(#614,#615,#616,#645));
#614 = ORIENTED_EDGE('',*,*,#253,.T.);
#615 = ORIENTED_EDGE('',*,*,#392,.T.);
#616 = ORIENTED_EDGE('',*,*,#617,.F.);
#617 = EDGE_CURVE('',#618,#365,#620,.T.);
#618 = VERTEX_POINT('',#619);
#619 = CARTESIAN_POINT('',(22.5,-6.129061917913,0.6));
#620 = SURFACE_CURVE('',#621,(#626,#633),.PCURVE_S1.);
#621 = CIRCLE('',#622,1.9);
#622 = AXIS2_PLACEMENT_3D('',#623,#624,#625);
#623 = CARTESIAN_POINT('',(22.5,-6.129061917913,2.5));
#624 = DIRECTION('',(-0.851550957311,-0.52427184466,0.));
#625 = DIRECTION('',(0.52427184466,-0.851550957311,2.449293598295E-16));
#626 = PCURVE('',#268,#627);
#627 = DEFINITIONAL_REPRESENTATION('',(#628),#632);
#628 = LINE('',#629,#630);
#629 = CARTESIAN_POINT('',(-1.134773383656,6.28318530718));
#630 = VECTOR('',#631,1.);
#631 = DIRECTION('',(-0.,-1.));
#632 = ( GEOMETRIC_REPRESENTATION_CONTEXT(2) 
PARAMETRIC_REPRESENTATION_CONTEXT() REPRESENTATION_CONTEXT('2D SPACE',''
  ) );
#633 = PCURVE('',#634,#639);
#634 = SPHERICAL_SURFACE('',#635,1.9);
#635 = AXIS2_PLACEMENT_3D('',#636,#637,#638);
#636 = CARTESIAN_POINT('',(22.5,-6.129061917913,2.5));
#637 = DIRECTION('',(0.,0.,1.));
#638 = DIRECTION('',(0.52427184466,-0.851550957311,0.));
#639 = DEFINITIONAL_REPRESENTATION('',(#640),#644);
#640 = LINE('',#641,#642);
#641 = CARTESIAN_POINT('',(0.,-6.28318530718));
#642 = VECTOR('',#643,1.);
#643 = DIRECTION('',(0.,1.));
#644 = ( GEOMETRIC_REPRESENTATION_CONTEXT(2) 
PARAMETRIC_REPRESENTATION_CONTEXT() REPRESENTATION_CONTEXT('2D SPACE',''
  ) );
#645 = ORIENTED_EDGE('',*,*,#646,.F.);
#646 = EDGE_CURVE('',#230,#618,#647,.T.);
#647 = SURFACE_CURVE('',#648,(#653,#660),.PCURVE_S1.);
#648 = CIRCLE('',#649,42.916666666667);
#649 = AXIS2_PLACEMENT_3D('',#650,#651,#652);
#650 = CARTESIAN_POINT('',(0.,30.416666666667,0.6));
#651 = DIRECTION('',(0.,0.,1.));
#652 = DIRECTION('',(-0.550458715596,-0.834862385321,0.));
#653 = PCURVE('',#268,#654);
#654 = DEFINITIONAL_REPRESENTATION('',(#655),#659);
#655 = LINE('',#656,#657);
#656 = CARTESIAN_POINT('',(-0.,1.570796326795));
#657 = VECTOR('',#658,1.);
#658 = DIRECTION('',(-1.,0.));
#659 = ( GEOMETRIC_REPRESENTATION_CONTEXT(2) 
PARAMETRIC_REPRESENTATION_CONTEXT() REPRESENTATION_CONTEXT('2D SPACE',''
  ) );
#660 = PCURVE('',#461,#661);
#661 = DEFINITIONAL_REPRESENTATION('',(#662),#666);
#662 = CIRCLE('',#663,42.916666666667);
#663 = AXIS2_PLACEMENT_2D('',#664,#665);
#664 = CARTESIAN_POINT('',(-7.35601047262E-15,30.416666666667));
#665 = DIRECTION('',(-0.550458715596,-0.834862385321));
#666 = ( GEOMETRIC_REPRESENTATION_CONTEXT(2) 
PARAMETRIC_REPRESENTATION_CONTEXT() REPRESENTATION_CONTEXT('2D SPACE',''
  ) );
#667 = ADVANCED_FACE('',(#668),#323,.F.);
#668 = FACE_BOUND('',#669,.F.);
#669 = EDGE_LOOP('',(#670,#671,#672,#701));
#670 = ORIENTED_EDGE('',*,*,#308,.T.);
#671 = ORIENTED_EDGE('',*,*,#340,.T.);
#672 = ORIENTED_EDGE('',*,*,#673,.F.);
#673 = EDGE_CURVE('',#674,#341,#676,.T.);
#674 = VERTEX_POINT('',#675);
#675 = CARTESIAN_POINT('',(22.5,-6.129061917913,69.4));
#676 = SURFACE_CURVE('',#677,(#682,#689),.PCURVE_S1.);
#677 = CIRCLE('',#678,1.9);
#678 = AXIS2_PLACEMENT_3D('',#679,#680,#681);
#679 = CARTESIAN_POINT('',(22.5,-6.129061917913,67.5));
#680 = DIRECTION('',(0.851550957311,0.52427184466,0.));
#681 = DIRECTION('',(0.52427184466,-0.851550957311,-2.449293598295E-16)
  );
#682 = PCURVE('',#323,#683);
#683 = DEFINITIONAL_REPRESENTATION('',(#684),#688);
#684 = LINE('',#685,#686);
#685 = CARTESIAN_POINT('',(1.134773383656,6.28318530718));
#686 = VECTOR('',#687,1.);
#687 = DIRECTION('',(-0.,-1.));
#688 = ( GEOMETRIC_REPRESENTATION_CONTEXT(2) 
PARAMETRIC_REPRESENTATION_CONTEXT() REPRESENTATION_CONTEXT('2D SPACE',''
  ) );
#689 = PCURVE('',#690,#695);
#690 = SPHERICAL_SURFACE('',#691,1.9);
#691 = AXIS2_PLACEMENT_3D('',#692,#693,#694);
#692 = CARTESIAN_POINT('',(22.5,-6.129061917913,67.5));
#693 = DIRECTION('',(-0.,-0.,-1.));
#694 = DIRECTION('',(0.52427184466,-0.851550957311,0.));
#695 = DEFINITIONAL_REPRESENTATION('',(#696),#700);
#696 = LINE('',#697,#698);
#697 = CARTESIAN_POINT('',(-0.,-6.28318530718));
#698 = VECTOR('',#699,1.);
#699 = DIRECTION('',(-0.,1.));
#700 = ( GEOMETRIC_REPRESENTATION_CONTEXT(2) 
PARAMETRIC_REPRESENTATION_CONTEXT() REPRESENTATION_CONTEXT('2D SPACE',''
  ) );
#701 = ORIENTED_EDGE('',*,*,#702,.F.);
#702 = EDGE_CURVE('',#285,#674,#703,.T.);
#703 = SURFACE_CURVE('',#704,(#709,#716),.PCURVE_S1.);
#704 = CIRCLE('',#705,42.916666666667);
#705 = AXIS2_PLACEMENT_3D('',#706,#707,#708);
#706 = CARTESIAN_POINT('',(0.,30.416666666667,69.4));
#707 = DIRECTION('',(0.,0.,1.));
#708 = DIRECTION('',(-0.550458715596,-0.834862385321,0.));
#709 = PCURVE('',#323,#710);
#710 = DEFINITIONAL_REPRESENTATION('',(#711),#715);
#711 = LINE('',#712,#713);
#712 = CARTESIAN_POINT('',(0.,1.570796326795));
#713 = VECTOR('',#714,1.);
#714 = DIRECTION('',(1.,0.));
#715 = ( GEOMETRIC_REPRESENTATION_CONTEXT(2) 
PARAMETRIC_REPRESENTATION_CONTEXT() REPRESENTATION_CONTEXT('2D SPACE',''
  ) );
#716 = PCURVE('',#599,#717);
#717 = DEFINITIONAL_REPRESENTATION('',(#718),#722);
#718 = CIRCLE('',#719,42.916666666667);
#719 = AXIS2_PLACEMENT_2D('',#720,#721);
#720 = CARTESIAN_POINT('',(-7.35601047262E-15,30.416666666667));
#721 = DIRECTION('',(-0.550458715596,-0.834862385321));
#722 = ( GEOMETRIC_REPRESENTATION_CONTEXT(2) 
PARAMETRIC_REPRESENTATION_CONTEXT() REPRESENTATION_CONTEXT('2D SPACE',''
  ) );
#723 = ADVANCED_FACE('',(#724),#380,.F.);
#724 = FACE_BOUND('',#725,.F.);
#725 = EDGE_LOOP('',(#726,#727,#751,#779));
#726 = ORIENTED_EDGE('',*,*,#364,.F.);
#727 = ORIENTED_EDGE('',*,*,#728,.T.);
#728 = EDGE_CURVE('',#365,#729,#731,.T.);
#729 = VERTEX_POINT('',#730);
#730 = CARTESIAN_POINT('',(24.4,-6.129061917913,2.5));
#731 = SURFACE_CURVE('',#732,(#737,#744),.PCURVE_S1.);
#732 = CIRCLE('',#733,1.9);
#733 = AXIS2_PLACEMENT_3D('',#734,#735,#736);
#734 = CARTESIAN_POINT('',(22.5,-6.129061917913,2.5));
#735 = DIRECTION('',(-0.,0.,1.));
#736 = DIRECTION('',(0.52427184466,-0.851550957311,0.));
#737 = PCURVE('',#380,#738);
#738 = DEFINITIONAL_REPRESENTATION('',(#739),#743);
#739 = LINE('',#740,#741);
#740 = CARTESIAN_POINT('',(0.,2.5));
#741 = VECTOR('',#742,1.);
#742 = DIRECTION('',(1.,0.));
#743 = ( GEOMETRIC_REPRESENTATION_CONTEXT(2) 
PARAMETRIC_REPRESENTATION_CONTEXT() REPRESENTATION_CONTEXT('2D SPACE',''
  ) );
#744 = PCURVE('',#634,#745);
#745 = DEFINITIONAL_REPRESENTATION('',(#746),#750);
#746 = LINE('',#747,#748);
#747 = CARTESIAN_POINT('',(0.,0.));
#748 = VECTOR('',#749,1.);
#749 = DIRECTION('',(1.,0.));
#750 = ( GEOMETRIC_REPRESENTATION_CONTEXT(2) 
PARAMETRIC_REPRESENTATION_CONTEXT() REPRESENTATION_CONTEXT('2D SPACE',''
  ) );
#751 = ORIENTED_EDGE('',*,*,#752,.T.);
#752 = EDGE_CURVE('',#729,#753,#755,.T.);
#753 = VERTEX_POINT('',#754);
#754 = CARTESIAN_POINT('',(24.4,-6.129061917913,67.5));
#755 = SURFACE_CURVE('',#756,(#760,#767),.PCURVE_S1.);
#756 = LINE('',#757,#758);
#757 = CARTESIAN_POINT('',(24.4,-6.129061917913,0.));
#758 = VECTOR('',#759,1.);
#759 = DIRECTION('',(0.,0.,1.));
#760 = PCURVE('',#380,#761);
#761 = DEFINITIONAL_REPRESENTATION('',(#762),#766);
#762 = LINE('',#763,#764);
#763 = CARTESIAN_POINT('',(1.018936532095,0.));
#764 = VECTOR('',#765,1.);
#765 = DIRECTION('',(0.,1.));
#766 = ( GEOMETRIC_REPRESENTATION_CONTEXT(2) 
PARAMETRIC_REPRESENTATION_CONTEXT() REPRESENTATION_CONTEXT('2D SPACE',''
  ) );
#767 = PCURVE('',#768,#773);
#768 = PLANE('',#769);
#769 = AXIS2_PLACEMENT_3D('',#770,#771,#772);
#770 = CARTESIAN_POINT('',(24.4,0.,0.));
#771 = DIRECTION('',(-1.,-0.,0.));
#772 = DIRECTION('',(-0.,1.,0.));
#773 = DEFINITIONAL_REPRESENTATION('',(#774),#778);
#774 = LINE('',#775,#776);
#775 = CARTESIAN_POINT('',(-6.129061917913,-0.));
#776 = VECTOR('',#777,1.);
#777 = DIRECTION('',(0.,-1.));
#778 = ( GEOMETRIC_REPRESENTATION_CONTEXT(2) 
PARAMETRIC_REPRESENTATION_CONTEXT() REPRESENTATION_CONTEXT('2D SPACE',''
  ) );
#779 = ORIENTED_EDGE('',*,*,#780,.F.);
#780 = EDGE_CURVE('',#341,#753,#781,.T.);
#781 = SURFACE_CURVE('',#782,(#787,#794),.PCURVE_S1.);
#782 = CIRCLE('',#783,1.9);
#783 = AXIS2_PLACEMENT_3D('',#784,#785,#786);
#784 = CARTESIAN_POINT('',(22.5,-6.129061917913,67.5));
#785 = DIRECTION('',(-0.,0.,1.));
#786 = DIRECTION('',(0.52427184466,-0.851550957311,0.));
#787 = PCURVE('',#380,#788);
#788 = DEFINITIONAL_REPRESENTATION('',(#789),#793);
#789 = LINE('',#790,#791);
#790 = CARTESIAN_POINT('',(0.,67.5));
#791 = VECTOR('',#792,1.);
#792 = DIRECTION('',(1.,0.));
#793 = ( GEOMETRIC_REPRESENTATION_CONTEXT(2) 
PARAMETRIC_REPRESENTATION_CONTEXT() REPRESENTATION_CONTEXT('2D SPACE',''
  ) );
#794 = PCURVE('',#690,#795);
#795 = DEFINITIONAL_REPRESENTATION('',(#796),#800);
#796 = LINE('',#797,#798);
#797 = CARTESIAN_POINT('',(-0.,0.));
#798 = VECTOR('',#799,1.);
#799 = DIRECTION('',(-1.,0.));
#800 = ( GEOMETRIC_REPRESENTATION_CONTEXT(2) 
PARAMETRIC_REPRESENTATION_CONTEXT() REPRESENTATION_CONTEXT('2D SPACE',''
  ) );
#801 = ADVANCED_FACE('',(#802),#435,.F.);
#802 = FACE_BOUND('',#803,.F.);
#803 = EDGE_LOOP('',(#804,#831,#832));
#804 = ORIENTED_EDGE('',*,*,#805,.F.);
#805 = EDGE_CURVE('',#419,#478,#806,.T.);
#806 = SURFACE_CURVE('',#807,(#812,#819),.PCURVE_S1.);
#807 = CIRCLE('',#808,1.9);
#808 = AXIS2_PLACEMENT_3D('',#809,#810,#811);
#809 = CARTESIAN_POINT('',(-22.5,6.129061917913,2.5));
#810 = DIRECTION('',(0.851550957311,0.52427184466,-1.232595164408E-32));
#811 = DIRECTION('',(-0.52427184466,0.851550957311,2.449293598295E-16));
#812 = PCURVE('',#435,#813);
#813 = DEFINITIONAL_REPRESENTATION('',(#814),#818);
#814 = LINE('',#815,#816);
#815 = CARTESIAN_POINT('',(0.,-6.28318530718));
#816 = VECTOR('',#817,1.);
#817 = DIRECTION('',(0.,1.));
#818 = ( GEOMETRIC_REPRESENTATION_CONTEXT(2) 
PARAMETRIC_REPRESENTATION_CONTEXT() REPRESENTATION_CONTEXT('2D SPACE',''
  ) );
#819 = PCURVE('',#820,#825);
#820 = TOROIDAL_SURFACE('',#821,42.916666666667,1.9);
#821 = AXIS2_PLACEMENT_3D('',#822,#823,#824);
#822 = CARTESIAN_POINT('',(0.,-30.41666666666,2.5));
#823 = DIRECTION('',(-0.,-0.,-1.));
#824 = DIRECTION('',(0.550458715596,0.834862385321,-0.));
#825 = DEFINITIONAL_REPRESENTATION('',(#826),#830);
#826 = LINE('',#827,#828);
#827 = CARTESIAN_POINT('',(-1.134773383656,6.28318530718));
#828 = VECTOR('',#829,1.);
#829 = DIRECTION('',(-0.,-1.));
#830 = ( GEOMETRIC_REPRESENTATION_CONTEXT(2) 
PARAMETRIC_REPRESENTATION_CONTEXT() REPRESENTATION_CONTEXT('2D SPACE',''
  ) );
#831 = ORIENTED_EDGE('',*,*,#418,.T.);
#832 = ORIENTED_EDGE('',*,*,#507,.F.);
#833 = ADVANCED_FACE('',(#834),#461,.T.);
#834 = FACE_BOUND('',#835,.T.);
#835 = EDGE_LOOP('',(#836,#837,#838,#866));
#836 = ORIENTED_EDGE('',*,*,#447,.T.);
#837 = ORIENTED_EDGE('',*,*,#646,.T.);
#838 = ORIENTED_EDGE('',*,*,#839,.F.);
#839 = EDGE_CURVE('',#840,#618,#842,.T.);
#840 = VERTEX_POINT('',#841);
#841 = CARTESIAN_POINT('',(22.5,6.129061917913,0.6));
#842 = SURFACE_CURVE('',#843,(#847,#854),.PCURVE_S1.);
#843 = LINE('',#844,#845);
#844 = CARTESIAN_POINT('',(22.5,6.129061917913,0.6));
#845 = VECTOR('',#846,1.);
#846 = DIRECTION('',(0.,-1.,-0.));
#847 = PCURVE('',#461,#848);
#848 = DEFINITIONAL_REPRESENTATION('',(#849),#853);
#849 = LINE('',#850,#851);
#850 = CARTESIAN_POINT('',(22.5,6.129061917913));
#851 = VECTOR('',#852,1.);
#852 = DIRECTION('',(-2.028776677791E-15,-1.));
#853 = ( GEOMETRIC_REPRESENTATION_CONTEXT(2) 
PARAMETRIC_REPRESENTATION_CONTEXT() REPRESENTATION_CONTEXT('2D SPACE',''
  ) );
#854 = PCURVE('',#855,#860);
#855 = CYLINDRICAL_SURFACE('',#856,1.9);
#856 = AXIS2_PLACEMENT_3D('',#857,#858,#859);
#857 = CARTESIAN_POINT('',(22.5,0.,2.5));
#858 = DIRECTION('',(-0.,1.,0.));
#859 = DIRECTION('',(1.,0.,-0.));
#860 = DEFINITIONAL_REPRESENTATION('',(#861),#865);
#861 = LINE('',#862,#863);
#862 = CARTESIAN_POINT('',(1.570796326795,6.129061917913));
#863 = VECTOR('',#864,1.);
#864 = DIRECTION('',(-0.,-1.));
#865 = ( GEOMETRIC_REPRESENTATION_CONTEXT(2) 
PARAMETRIC_REPRESENTATION_CONTEXT() REPRESENTATION_CONTEXT('2D SPACE',''
  ) );
#866 = ORIENTED_EDGE('',*,*,#867,.T.);
#867 = EDGE_CURVE('',#840,#419,#868,.T.);
#868 = SURFACE_CURVE('',#869,(#874,#881),.PCURVE_S1.);
#869 = CIRCLE('',#870,42.916666666667);
#870 = AXIS2_PLACEMENT_3D('',#871,#872,#873);
#871 = CARTESIAN_POINT('',(0.,-30.41666666666,0.6));
#872 = DIRECTION('',(0.,-0.,1.));
#873 = DIRECTION('',(0.550458715596,0.834862385321,0.));
#874 = PCURVE('',#461,#875);
#875 = DEFINITIONAL_REPRESENTATION('',(#876),#880);
#876 = CIRCLE('',#877,42.916666666667);
#877 = AXIS2_PLACEMENT_2D('',#878,#879);
#878 = CARTESIAN_POINT('',(-7.35601047262E-15,-30.41666666666));
#879 = DIRECTION('',(0.550458715596,0.834862385321));
#880 = ( GEOMETRIC_REPRESENTATION_CONTEXT(2) 
PARAMETRIC_REPRESENTATION_CONTEXT() REPRESENTATION_CONTEXT('2D SPACE',''
  ) );
#881 = PCURVE('',#820,#882);
#882 = DEFINITIONAL_REPRESENTATION('',(#883),#887);
#883 = LINE('',#884,#885);
#884 = CARTESIAN_POINT('',(-0.,1.570796326795));
#885 = VECTOR('',#886,1.);
#886 = DIRECTION('',(-1.,0.));
#887 = ( GEOMETRIC_REPRESENTATION_CONTEXT(2) 
PARAMETRIC_REPRESENTATION_CONTEXT() REPRESENTATION_CONTEXT('2D SPACE',''
  ) );
#888 = ADVANCED_FACE('',(#889),#495,.F.);
#889 = FACE_BOUND('',#890,.T.);
#890 = EDGE_LOOP('',(#891,#921,#948,#949));
#891 = ORIENTED_EDGE('',*,*,#892,.T.);
#892 = EDGE_CURVE('',#893,#895,#897,.T.);
#893 = VERTEX_POINT('',#894);
#894 = CARTESIAN_POINT('',(23.496116504854,7.747008736803,2.5));
#895 = VERTEX_POINT('',#896);
#896 = CARTESIAN_POINT('',(23.496116504854,7.747008736803,67.5));
#897 = SURFACE_CURVE('',#898,(#902,#909),.PCURVE_S1.);
#898 = LINE('',#899,#900);
#899 = CARTESIAN_POINT('',(23.496116504854,7.747008736803,0.));
#900 = VECTOR('',#901,1.);
#901 = DIRECTION('',(0.,0.,1.));
#902 = PCURVE('',#495,#903);
#903 = DEFINITIONAL_REPRESENTATION('',(#904),#908);
#904 = LINE('',#905,#906);
#905 = CARTESIAN_POINT('',(-5.148411923523,-0.));
#906 = VECTOR('',#907,1.);
#907 = DIRECTION('',(-0.,-1.));
#908 = ( GEOMETRIC_REPRESENTATION_CONTEXT(2) 
PARAMETRIC_REPRESENTATION_CONTEXT() REPRESENTATION_CONTEXT('2D SPACE',''
  ) );
#909 = PCURVE('',#910,#915);
#910 = CYLINDRICAL_SURFACE('',#911,1.9);
#911 = AXIS2_PLACEMENT_3D('',#912,#913,#914);
#912 = CARTESIAN_POINT('',(22.5,6.129061917913,0.));
#913 = DIRECTION('',(0.,0.,1.));
#914 = DIRECTION('',(1.,0.,-0.));
#915 = DEFINITIONAL_REPRESENTATION('',(#916),#920);
#916 = LINE('',#917,#918);
#917 = CARTESIAN_POINT('',(1.018936532095,0.));
#918 = VECTOR('',#919,1.);
#919 = DIRECTION('',(0.,1.));
#920 = ( GEOMETRIC_REPRESENTATION_CONTEXT(2) 
PARAMETRIC_REPRESENTATION_CONTEXT() REPRESENTATION_CONTEXT('2D SPACE',''
  ) );
#921 = ORIENTED_EDGE('',*,*,#922,.T.);
#922 = EDGE_CURVE('',#895,#480,#923,.T.);
#923 = SURFACE_CURVE('',#924,(#929,#936),.PCURVE_S1.);
#924 = CIRCLE('',#925,44.816666666667);
#925 = AXIS2_PLACEMENT_3D('',#926,#927,#928);
#926 = CARTESIAN_POINT('',(0.,-30.41666666666,67.5));
#927 = DIRECTION('',(0.,-0.,1.));
#928 = DIRECTION('',(0.550458715596,0.834862385321,0.));
#929 = PCURVE('',#495,#930);
#930 = DEFINITIONAL_REPRESENTATION('',(#931),#935);
#931 = LINE('',#932,#933);
#932 = CARTESIAN_POINT('',(-5.117358129268,-67.5));
#933 = VECTOR('',#934,1.);
#934 = DIRECTION('',(-1.,0.));
#935 = ( GEOMETRIC_REPRESENTATION_CONTEXT(2) 
PARAMETRIC_REPRESENTATION_CONTEXT() REPRESENTATION_CONTEXT('2D SPACE',''
  ) );
#936 = PCURVE('',#937,#942);
#937 = TOROIDAL_SURFACE('',#938,42.916666666667,1.9);
#938 = AXIS2_PLACEMENT_3D('',#939,#940,#941);
#939 = CARTESIAN_POINT('',(0.,-30.41666666666,67.5));
#940 = DIRECTION('',(0.,0.,1.));
#941 = DIRECTION('',(0.550458715596,0.834862385321,-0.));
#942 = DEFINITIONAL_REPRESENTATION('',(#943),#947);
#943 = LINE('',#944,#945);
#944 = CARTESIAN_POINT('',(0.,0.));
#945 = VECTOR('',#946,1.);
#946 = DIRECTION('',(1.,0.));
#947 = ( GEOMETRIC_REPRESENTATION_CONTEXT(2) 
PARAMETRIC_REPRESENTATION_CONTEXT() REPRESENTATION_CONTEXT('2D SPACE',''
  ) );
#948 = ORIENTED_EDGE('',*,*,#477,.F.);
#949 = ORIENTED_EDGE('',*,*,#950,.F.);
#950 = EDGE_CURVE('',#893,#478,#951,.T.);
#951 = SURFACE_CURVE('',#952,(#957,#964),.PCURVE_S1.);
#952 = CIRCLE('',#953,44.816666666667);
#953 = AXIS2_PLACEMENT_3D('',#954,#955,#956);
#954 = CARTESIAN_POINT('',(0.,-30.41666666666,2.5));
#955 = DIRECTION('',(0.,-0.,1.));
#956 = DIRECTION('',(0.550458715596,0.834862385321,0.));
#957 = PCURVE('',#495,#958);
#958 = DEFINITIONAL_REPRESENTATION('',(#959),#963);
#959 = LINE('',#960,#961);
#960 = CARTESIAN_POINT('',(-5.117358129268,-2.5));
#961 = VECTOR('',#962,1.);
#962 = DIRECTION('',(-1.,0.));
#963 = ( GEOMETRIC_REPRESENTATION_CONTEXT(2) 
PARAMETRIC_REPRESENTATION_CONTEXT() REPRESENTATION_CONTEXT('2D SPACE',''
  ) );
#964 = PCURVE('',#820,#965);
#965 = DEFINITIONAL_REPRESENTATION('',(#966),#970);
#966 = LINE('',#967,#968);
#967 = CARTESIAN_POINT('',(-0.,0.));
#968 = VECTOR('',#969,1.);
#969 = DIRECTION('',(-1.,0.));
#970 = ( GEOMETRIC_REPRESENTATION_CONTEXT(2) 
PARAMETRIC_REPRESENTATION_CONTEXT() REPRESENTATION_CONTEXT('2D SPACE',''
  ) );
#971 = ADVANCED_FACE('',(#972),#545,.F.);
#972 = FACE_BOUND('',#973,.T.);
#973 = EDGE_LOOP('',(#974,#996,#997));
#974 = ORIENTED_EDGE('',*,*,#975,.F.);
#975 = EDGE_CURVE('',#562,#480,#976,.T.);
#976 = SURFACE_CURVE('',#977,(#982,#989),.PCURVE_S1.);
#977 = CIRCLE('',#978,1.9);
#978 = AXIS2_PLACEMENT_3D('',#979,#980,#981);
#979 = CARTESIAN_POINT('',(-22.5,6.129061917913,67.5));
#980 = DIRECTION('',(-0.851550957311,-0.52427184466,-1.232595164408E-32)
  );
#981 = DIRECTION('',(-0.52427184466,0.851550957311,-2.449293598295E-16)
  );
#982 = PCURVE('',#545,#983);
#983 = DEFINITIONAL_REPRESENTATION('',(#984),#988);
#984 = LINE('',#985,#986);
#985 = CARTESIAN_POINT('',(-0.,-6.28318530718));
#986 = VECTOR('',#987,1.);
#987 = DIRECTION('',(-0.,1.));
#988 = ( GEOMETRIC_REPRESENTATION_CONTEXT(2) 
PARAMETRIC_REPRESENTATION_CONTEXT() REPRESENTATION_CONTEXT('2D SPACE',''
  ) );
#989 = PCURVE('',#937,#990);
#990 = DEFINITIONAL_REPRESENTATION('',(#991),#995);
#991 = LINE('',#992,#993);
#992 = CARTESIAN_POINT('',(1.134773383656,6.28318530718));
#993 = VECTOR('',#994,1.);
#994 = DIRECTION('',(-0.,-1.));
#995 = ( GEOMETRIC_REPRESENTATION_CONTEXT(2) 
PARAMETRIC_REPRESENTATION_CONTEXT() REPRESENTATION_CONTEXT('2D SPACE',''
  ) );
#996 = ORIENTED_EDGE('',*,*,#561,.T.);
#997 = ORIENTED_EDGE('',*,*,#530,.F.);
#998 = ADVANCED_FACE('',(#999,#1053),#599,.F.);
#999 = FACE_BOUND('',#1000,.F.);
#1000 = EDGE_LOOP('',(#1001,#1025,#1026,#1027));
#1001 = ORIENTED_EDGE('',*,*,#1002,.T.);
#1002 = EDGE_CURVE('',#1003,#562,#1005,.T.);
#1003 = VERTEX_POINT('',#1004);
#1004 = CARTESIAN_POINT('',(22.5,6.129061917913,69.4));
#1005 = SURFACE_CURVE('',#1006,(#1011,#1018),.PCURVE_S1.);
#1006 = CIRCLE('',#1007,42.916666666667);
#1007 = AXIS2_PLACEMENT_3D('',#1008,#1009,#1010);
#1008 = CARTESIAN_POINT('',(0.,-30.41666666666,69.4));
#1009 = DIRECTION('',(0.,-0.,1.));
#1010 = DIRECTION('',(0.550458715596,0.834862385321,0.));
#1011 = PCURVE('',#599,#1012);
#1012 = DEFINITIONAL_REPRESENTATION('',(#1013),#1017);
#1013 = CIRCLE('',#1014,42.916666666667);
#1014 = AXIS2_PLACEMENT_2D('',#1015,#1016);
#1015 = CARTESIAN_POINT('',(-7.35601047262E-15,-30.41666666666));
#1016 = DIRECTION('',(0.550458715596,0.834862385321));
#1017 = ( GEOMETRIC_REPRESENTATION_CONTEXT(2) 
PARAMETRIC_REPRESENTATION_CONTEXT() REPRESENTATION_CONTEXT('2D SPACE',''
  ) );
#1018 = PCURVE('',#937,#1019);
#1019 = DEFINITIONAL_REPRESENTATION('',(#1020),#1024);
#1020 = LINE('',#1021,#1022);
#1021 = CARTESIAN_POINT('',(0.,1.570796326795));
#1022 = VECTOR('',#1023,1.);
#1023 = DIRECTION('',(1.,0.));
#1024 = ( GEOMETRIC_REPRESENTATION_CONTEXT(2) 
PARAMETRIC_REPRESENTATION_CONTEXT() REPRESENTATION_CONTEXT('2D SPACE',''
  ) );
#1025 = ORIENTED_EDGE('',*,*,#585,.F.);
#1026 = ORIENTED_EDGE('',*,*,#702,.T.);
#1027 = ORIENTED_EDGE('',*,*,#1028,.T.);
#1028 = EDGE_CURVE('',#674,#1003,#1029,.T.);
#1029 = SURFACE_CURVE('',#1030,(#1034,#1041),.PCURVE_S1.);
#1030 = LINE('',#1031,#1032);
#1031 = CARTESIAN_POINT('',(22.5,-6.129061917913,69.4));
#1032 = VECTOR('',#1033,1.);
#1033 = DIRECTION('',(-0.,1.,0.));
#1034 = PCURVE('',#599,#1035);
#1035 = DEFINITIONAL_REPRESENTATION('',(#1036),#1040);
#1036 = LINE('',#1037,#1038);
#1037 = CARTESIAN_POINT('',(22.5,-6.129061917913));
#1038 = VECTOR('',#1039,1.);
#1039 = DIRECTION('',(2.028776677791E-15,1.));
#1040 = ( GEOMETRIC_REPRESENTATION_CONTEXT(2) 
PARAMETRIC_REPRESENTATION_CONTEXT() REPRESENTATION_CONTEXT('2D SPACE',''
  ) );
#1041 = PCURVE('',#1042,#1047);
#1042 = CYLINDRICAL_SURFACE('',#1043,1.9);
#1043 = AXIS2_PLACEMENT_3D('',#1044,#1045,#1046);
#1044 = CARTESIAN_POINT('',(22.5,0.,67.5));
#1045 = DIRECTION('',(-0.,1.,0.));
#1046 = DIRECTION('',(1.,0.,-0.));
#1047 = DEFINITIONAL_REPRESENTATION('',(#1048),#1052);
#1048 = LINE('',#1049,#1050);
#1049 = CARTESIAN_POINT('',(-1.570796326795,-6.129061917913));
#1050 = VECTOR('',#1051,1.);
#1051 = DIRECTION('',(-0.,1.));
#1052 = ( GEOMETRIC_REPRESENTATION_CONTEXT(2) 
PARAMETRIC_REPRESENTATION_CONTEXT() REPRESENTATION_CONTEXT('2D SPACE',''
  ) );
#1053 = FACE_BOUND('',#1054,.F.);
#1054 = EDGE_LOOP('',(#1055));
#1055 = ORIENTED_EDGE('',*,*,#1056,.F.);
#1056 = EDGE_CURVE('',#1057,#1057,#1059,.T.);
#1057 = VERTEX_POINT('',#1058);
#1058 = CARTESIAN_POINT('',(7.5,0.,69.4));
#1059 = SURFACE_CURVE('',#1060,(#1065,#1072),.PCURVE_S1.);
#1060 = CIRCLE('',#1061,7.5);
#1061 = AXIS2_PLACEMENT_3D('',#1062,#1063,#1064);
#1062 = CARTESIAN_POINT('',(0.,0.,69.4));
#1063 = DIRECTION('',(0.,-0.,1.));
#1064 = DIRECTION('',(1.,0.,0.));
#1065 = PCURVE('',#599,#1066);
#1066 = DEFINITIONAL_REPRESENTATION('',(#1067),#1071);
#1067 = CIRCLE('',#1068,7.5);
#1068 = AXIS2_PLACEMENT_2D('',#1069,#1070);
#1069 = CARTESIAN_POINT('',(-7.35601047262E-15,2.101717277891E-15));
#1070 = DIRECTION('',(1.,0.));
#1071 = ( GEOMETRIC_REPRESENTATION_CONTEXT(2) 
PARAMETRIC_REPRESENTATION_CONTEXT() REPRESENTATION_CONTEXT('2D SPACE',''
  ) );
#1072 = PCURVE('',#1073,#1078);
#1073 = TOROIDAL_SURFACE('',#1074,7.5,0.6);
#1074 = AXIS2_PLACEMENT_3D('',#1075,#1076,#1077);
#1075 = CARTESIAN_POINT('',(0.,0.,70.));
#1076 = DIRECTION('',(-0.,-0.,-1.));
#1077 = DIRECTION('',(1.,0.,-0.));
#1078 = DEFINITIONAL_REPRESENTATION('',(#1079),#1083);
#1079 = LINE('',#1080,#1081);
#1080 = CARTESIAN_POINT('',(-0.,1.570796326795));
#1081 = VECTOR('',#1082,1.);
#1082 = DIRECTION('',(-1.,0.));
#1083 = ( GEOMETRIC_REPRESENTATION_CONTEXT(2) 
PARAMETRIC_REPRESENTATION_CONTEXT() REPRESENTATION_CONTEXT('2D SPACE',''
  ) );
#1084 = ADVANCED_FACE('',(#1085),#634,.F.);
#1085 = FACE_BOUND('',#1086,.F.);
#1086 = EDGE_LOOP('',(#1087,#1088,#1110));
#1087 = ORIENTED_EDGE('',*,*,#617,.F.);
#1088 = ORIENTED_EDGE('',*,*,#1089,.T.);
#1089 = EDGE_CURVE('',#618,#729,#1090,.T.);
#1090 = SURFACE_CURVE('',#1091,(#1096,#1103),.PCURVE_S1.);
#1091 = CIRCLE('',#1092,1.9);
#1092 = AXIS2_PLACEMENT_3D('',#1093,#1094,#1095);
#1093 = CARTESIAN_POINT('',(22.5,-6.129061917913,2.5));
#1094 = DIRECTION('',(1.7763568394E-15,-1.,3.673635960264E-33));
#1095 = DIRECTION('',(1.,1.7763568394E-15,2.449293598295E-16));
#1096 = PCURVE('',#634,#1097);
#1097 = DEFINITIONAL_REPRESENTATION('',(#1098),#1102);
#1098 = LINE('',#1099,#1100);
#1099 = CARTESIAN_POINT('',(1.018936532095,-6.28318530718));
#1100 = VECTOR('',#1101,1.);
#1101 = DIRECTION('',(0.,1.));
#1102 = ( GEOMETRIC_REPRESENTATION_CONTEXT(2) 
PARAMETRIC_REPRESENTATION_CONTEXT() REPRESENTATION_CONTEXT('2D SPACE',''
  ) );
#1103 = PCURVE('',#855,#1104);
#1104 = DEFINITIONAL_REPRESENTATION('',(#1105),#1109);
#1105 = LINE('',#1106,#1107);
#1106 = CARTESIAN_POINT('',(6.28318530718,-6.129061917913));
#1107 = VECTOR('',#1108,1.);
#1108 = DIRECTION('',(-1.,-0.));
#1109 = ( GEOMETRIC_REPRESENTATION_CONTEXT(2) 
PARAMETRIC_REPRESENTATION_CONTEXT() REPRESENTATION_CONTEXT('2D SPACE',''
  ) );
#1110 = ORIENTED_EDGE('',*,*,#728,.F.);
#1111 = ADVANCED_FACE('',(#1112),#690,.F.);
#1112 = FACE_BOUND('',#1113,.T.);
#1113 = EDGE_LOOP('',(#1114,#1115,#1137));
#1114 = ORIENTED_EDGE('',*,*,#673,.F.);
#1115 = ORIENTED_EDGE('',*,*,#1116,.T.);
#1116 = EDGE_CURVE('',#674,#753,#1117,.T.);
#1117 = SURFACE_CURVE('',#1118,(#1123,#1130),.PCURVE_S1.);
#1118 = CIRCLE('',#1119,1.9);
#1119 = AXIS2_PLACEMENT_3D('',#1120,#1121,#1122);
#1120 = CARTESIAN_POINT('',(22.5,-6.129061917913,67.5));
#1121 = DIRECTION('',(-1.7763568394E-15,1.,3.673635960264E-33));
#1122 = DIRECTION('',(1.,1.7763568394E-15,-2.449293598295E-16));
#1123 = PCURVE('',#690,#1124);
#1124 = DEFINITIONAL_REPRESENTATION('',(#1125),#1129);
#1125 = LINE('',#1126,#1127);
#1126 = CARTESIAN_POINT('',(-1.018936532095,-6.28318530718));
#1127 = VECTOR('',#1128,1.);
#1128 = DIRECTION('',(-0.,1.));
#1129 = ( GEOMETRIC_REPRESENTATION_CONTEXT(2) 
PARAMETRIC_REPRESENTATION_CONTEXT() REPRESENTATION_CONTEXT('2D SPACE',''
  ) );
#1130 = PCURVE('',#1042,#1131);
#1131 = DEFINITIONAL_REPRESENTATION('',(#1132),#1136);
#1132 = LINE('',#1133,#1134);
#1133 = CARTESIAN_POINT('',(-6.28318530718,-6.129061917913));
#1134 = VECTOR('',#1135,1.);
#1135 = DIRECTION('',(1.,-0.));
#1136 = ( GEOMETRIC_REPRESENTATION_CONTEXT(2) 
PARAMETRIC_REPRESENTATION_CONTEXT() REPRESENTATION_CONTEXT('2D SPACE',''
  ) );
#1137 = ORIENTED_EDGE('',*,*,#780,.F.);
#1138 = ADVANCED_FACE('',(#1139),#768,.T.);
#1139 = FACE_BOUND('',#1140,.T.);
#1140 = EDGE_LOOP('',(#1141,#1164,#1165,#1188));
#1141 = ORIENTED_EDGE('',*,*,#1142,.T.);
#1142 = EDGE_CURVE('',#1143,#729,#1145,.T.);
#1143 = VERTEX_POINT('',#1144);
#1144 = CARTESIAN_POINT('',(24.4,6.129061917913,2.5));
#1145 = SURFACE_CURVE('',#1146,(#1150,#1157),.PCURVE_S1.);
#1146 = LINE('',#1147,#1148);
#1147 = CARTESIAN_POINT('',(24.4,6.129061917913,2.5));
#1148 = VECTOR('',#1149,1.);
#1149 = DIRECTION('',(0.,-1.,-0.));
#1150 = PCURVE('',#768,#1151);
#1151 = DEFINITIONAL_REPRESENTATION('',(#1152),#1156);
#1152 = LINE('',#1153,#1154);
#1153 = CARTESIAN_POINT('',(6.129061917913,-2.5));
#1154 = VECTOR('',#1155,1.);
#1155 = DIRECTION('',(-1.,-0.));
#1156 = ( GEOMETRIC_REPRESENTATION_CONTEXT(2) 
PARAMETRIC_REPRESENTATION_CONTEXT() REPRESENTATION_CONTEXT('2D SPACE',''
  ) );
#1157 = PCURVE('',#855,#1158);
#1158 = DEFINITIONAL_REPRESENTATION('',(#1159),#1163);
#1159 = LINE('',#1160,#1161);
#1160 = CARTESIAN_POINT('',(0.,6.129061917913));
#1161 = VECTOR('',#1162,1.);
#1162 = DIRECTION('',(-0.,-1.));
#1163 = ( GEOMETRIC_REPRESENTATION_CONTEXT(2) 
PARAMETRIC_REPRESENTATION_CONTEXT() REPRESENTATION_CONTEXT('2D SPACE',''
  ) );
#1164 = ORIENTED_EDGE('',*,*,#752,.T.);
#1165 = ORIENTED_EDGE('',*,*,#1166,.T.);
#1166 = EDGE_CURVE('',#753,#1167,#1169,.T.);
#1167 = VERTEX_POINT('',#1168);
#1168 = CARTESIAN_POINT('',(24.4,6.129061917913,67.5));
#1169 = SURFACE_CURVE('',#1170,(#1174,#1181),.PCURVE_S1.);
#1170 = LINE('',#1171,#1172);
#1171 = CARTESIAN_POINT('',(24.4,-6.129061917913,67.5));
#1172 = VECTOR('',#1173,1.);
#1173 = DIRECTION('',(-0.,1.,0.));
#1174 = PCURVE('',#768,#1175);
#1175 = DEFINITIONAL_REPRESENTATION('',(#1176),#1180);
#1176 = LINE('',#1177,#1178);
#1177 = CARTESIAN_POINT('',(-6.129061917913,-67.5));
#1178 = VECTOR('',#1179,1.);
#1179 = DIRECTION('',(1.,0.));
#1180 = ( GEOMETRIC_REPRESENTATION_CONTEXT(2) 
PARAMETRIC_REPRESENTATION_CONTEXT() REPRESENTATION_CONTEXT('2D SPACE',''
  ) );
#1181 = PCURVE('',#1042,#1182);
#1182 = DEFINITIONAL_REPRESENTATION('',(#1183),#1187);
#1183 = LINE('',#1184,#1185);
#1184 = CARTESIAN_POINT('',(-0.,-6.129061917913));
#1185 = VECTOR('',#1186,1.);
#1186 = DIRECTION('',(-0.,1.));
#1187 = ( GEOMETRIC_REPRESENTATION_CONTEXT(2) 
PARAMETRIC_REPRESENTATION_CONTEXT() REPRESENTATION_CONTEXT('2D SPACE',''
  ) );
#1188 = ORIENTED_EDGE('',*,*,#1189,.F.);
#1189 = EDGE_CURVE('',#1143,#1167,#1190,.T.);
#1190 = SURFACE_CURVE('',#1191,(#1195,#1202),.PCURVE_S1.);
#1191 = LINE('',#1192,#1193);
#1192 = CARTESIAN_POINT('',(24.4,6.129061917913,0.));
#1193 = VECTOR('',#1194,1.);
#1194 = DIRECTION('',(0.,0.,1.));
#1195 = PCURVE('',#768,#1196);
#1196 = DEFINITIONAL_REPRESENTATION('',(#1197),#1201);
#1197 = LINE('',#1198,#1199);
#1198 = CARTESIAN_POINT('',(6.129061917913,0.));
#1199 = VECTOR('',#1200,1.);
#1200 = DIRECTION('',(0.,-1.));
#1201 = ( GEOMETRIC_REPRESENTATION_CONTEXT(2) 
PARAMETRIC_REPRESENTATION_CONTEXT() REPRESENTATION_CONTEXT('2D SPACE',''
  ) );
#1202 = PCURVE('',#910,#1203);
#1203 = DEFINITIONAL_REPRESENTATION('',(#1204),#1208);
#1204 = LINE('',#1205,#1206);
#1205 = CARTESIAN_POINT('',(0.,0.));
#1206 = VECTOR('',#1207,1.);
#1207 = DIRECTION('',(0.,1.));
#1208 = ( GEOMETRIC_REPRESENTATION_CONTEXT(2) 
PARAMETRIC_REPRESENTATION_CONTEXT() REPRESENTATION_CONTEXT('2D SPACE',''
  ) );
#1209 = ADVANCED_FACE('',(#1210),#820,.F.);
#1210 = FACE_BOUND('',#1211,.T.);
#1211 = EDGE_LOOP('',(#1212,#1239,#1240,#1241));
#1212 = ORIENTED_EDGE('',*,*,#1213,.T.);
#1213 = EDGE_CURVE('',#840,#893,#1214,.T.);
#1214 = SURFACE_CURVE('',#1215,(#1220,#1227),.PCURVE_S1.);
#1215 = CIRCLE('',#1216,1.9);
#1216 = AXIS2_PLACEMENT_3D('',#1217,#1218,#1219);
#1217 = CARTESIAN_POINT('',(22.5,6.129061917913,2.5));
#1218 = DIRECTION('',(0.851550957311,-0.52427184466,0.));
#1219 = DIRECTION('',(0.52427184466,0.851550957311,2.449293598295E-16));
#1220 = PCURVE('',#820,#1221);
#1221 = DEFINITIONAL_REPRESENTATION('',(#1222),#1226);
#1222 = LINE('',#1223,#1224);
#1223 = CARTESIAN_POINT('',(-3.105379425535E-02,6.28318530718));
#1224 = VECTOR('',#1225,1.);
#1225 = DIRECTION('',(-0.,-1.));
#1226 = ( GEOMETRIC_REPRESENTATION_CONTEXT(2) 
PARAMETRIC_REPRESENTATION_CONTEXT() REPRESENTATION_CONTEXT('2D SPACE',''
  ) );
#1227 = PCURVE('',#1228,#1233);
#1228 = SPHERICAL_SURFACE('',#1229,1.9);
#1229 = AXIS2_PLACEMENT_3D('',#1230,#1231,#1232);
#1230 = CARTESIAN_POINT('',(22.5,6.129061917913,2.5));
#1231 = DIRECTION('',(0.,0.,1.));
#1232 = DIRECTION('',(0.52427184466,0.851550957311,-0.));
#1233 = DEFINITIONAL_REPRESENTATION('',(#1234),#1238);
#1234 = LINE('',#1235,#1236);
#1235 = CARTESIAN_POINT('',(-0.,-6.28318530718));
#1236 = VECTOR('',#1237,1.);
#1237 = DIRECTION('',(-0.,1.));
#1238 = ( GEOMETRIC_REPRESENTATION_CONTEXT(2) 
PARAMETRIC_REPRESENTATION_CONTEXT() REPRESENTATION_CONTEXT('2D SPACE',''
  ) );
#1239 = ORIENTED_EDGE('',*,*,#950,.T.);
#1240 = ORIENTED_EDGE('',*,*,#805,.F.);
#1241 = ORIENTED_EDGE('',*,*,#867,.F.);
#1242 = ADVANCED_FACE('',(#1243),#855,.F.);
#1243 = FACE_BOUND('',#1244,.F.);
#1244 = EDGE_LOOP('',(#1245,#1246,#1247,#1248));
#1245 = ORIENTED_EDGE('',*,*,#1142,.T.);
#1246 = ORIENTED_EDGE('',*,*,#1089,.F.);
#1247 = ORIENTED_EDGE('',*,*,#839,.F.);
#1248 = ORIENTED_EDGE('',*,*,#1249,.T.);
#1249 = EDGE_CURVE('',#840,#1143,#1250,.T.);
#1250 = SURFACE_CURVE('',#1251,(#1256,#1263),.PCURVE_S1.);
#1251 = CIRCLE('',#1252,1.9);
#1252 = AXIS2_PLACEMENT_3D('',#1253,#1254,#1255);
#1253 = CARTESIAN_POINT('',(22.5,6.129061917913,2.5));
#1254 = DIRECTION('',(-4.107825191113E-15,-1.,1.69269921078E-32));
#1255 = DIRECTION('',(1.,-4.107825191113E-15,2.449293598295E-16));
#1256 = PCURVE('',#855,#1257);
#1257 = DEFINITIONAL_REPRESENTATION('',(#1258),#1262);
#1258 = LINE('',#1259,#1260);
#1259 = CARTESIAN_POINT('',(6.28318530718,6.129061917913));
#1260 = VECTOR('',#1261,1.);
#1261 = DIRECTION('',(-1.,-0.));
#1262 = ( GEOMETRIC_REPRESENTATION_CONTEXT(2) 
PARAMETRIC_REPRESENTATION_CONTEXT() REPRESENTATION_CONTEXT('2D SPACE',''
  ) );
#1263 = PCURVE('',#1228,#1264);
#1264 = DEFINITIONAL_REPRESENTATION('',(#1265),#1269);
#1265 = LINE('',#1266,#1267);
#1266 = CARTESIAN_POINT('',(-1.018936532095,-6.28318530718));
#1267 = VECTOR('',#1268,1.);
#1268 = DIRECTION('',(-0.,1.));
#1269 = ( GEOMETRIC_REPRESENTATION_CONTEXT(2) 
PARAMETRIC_REPRESENTATION_CONTEXT() REPRESENTATION_CONTEXT('2D SPACE',''
  ) );
#1270 = ADVANCED_FACE('',(#1271),#910,.F.);
#1271 = FACE_BOUND('',#1272,.F.);
#1272 = EDGE_LOOP('',(#1273,#1274,#1296,#1297));
#1273 = ORIENTED_EDGE('',*,*,#1189,.F.);
#1274 = ORIENTED_EDGE('',*,*,#1275,.F.);
#1275 = EDGE_CURVE('',#893,#1143,#1276,.T.);
#1276 = SURFACE_CURVE('',#1277,(#1282,#1289),.PCURVE_S1.);
#1277 = CIRCLE('',#1278,1.9);
#1278 = AXIS2_PLACEMENT_3D('',#1279,#1280,#1281);
#1279 = CARTESIAN_POINT('',(22.5,6.129061917913,2.5));
#1280 = DIRECTION('',(0.,0.,-1.));
#1281 = DIRECTION('',(0.52427184466,0.851550957311,0.));
#1282 = PCURVE('',#910,#1283);
#1283 = DEFINITIONAL_REPRESENTATION('',(#1284),#1288);
#1284 = LINE('',#1285,#1286);
#1285 = CARTESIAN_POINT('',(1.018936532095,2.5));
#1286 = VECTOR('',#1287,1.);
#1287 = DIRECTION('',(-1.,-0.));
#1288 = ( GEOMETRIC_REPRESENTATION_CONTEXT(2) 
PARAMETRIC_REPRESENTATION_CONTEXT() REPRESENTATION_CONTEXT('2D SPACE',''
  ) );
#1289 = PCURVE('',#1228,#1290);
#1290 = DEFINITIONAL_REPRESENTATION('',(#1291),#1295);
#1291 = LINE('',#1292,#1293);
#1292 = CARTESIAN_POINT('',(-0.,0.));
#1293 = VECTOR('',#1294,1.);
#1294 = DIRECTION('',(-1.,0.));
#1295 = ( GEOMETRIC_REPRESENTATION_CONTEXT(2) 
PARAMETRIC_REPRESENTATION_CONTEXT() REPRESENTATION_CONTEXT('2D SPACE',''
  ) );
#1296 = ORIENTED_EDGE('',*,*,#892,.T.);
#1297 = ORIENTED_EDGE('',*,*,#1298,.T.);
#1298 = EDGE_CURVE('',#895,#1167,#1299,.T.);
#1299 = SURFACE_CURVE('',#1300,(#1305,#1312),.PCURVE_S1.);
#1300 = CIRCLE('',#1301,1.9);
#1301 = AXIS2_PLACEMENT_3D('',#1302,#1303,#1304);
#1302 = CARTESIAN_POINT('',(22.5,6.129061917913,67.5));
#1303 = DIRECTION('',(0.,0.,-1.));
#1304 = DIRECTION('',(0.52427184466,0.851550957311,0.));
#1305 = PCURVE('',#910,#1306);
#1306 = DEFINITIONAL_REPRESENTATION('',(#1307),#1311);
#1307 = LINE('',#1308,#1309);
#1308 = CARTESIAN_POINT('',(1.018936532095,67.5));
#1309 = VECTOR('',#1310,1.);
#1310 = DIRECTION('',(-1.,-0.));
#1311 = ( GEOMETRIC_REPRESENTATION_CONTEXT(2) 
PARAMETRIC_REPRESENTATION_CONTEXT() REPRESENTATION_CONTEXT('2D SPACE',''
  ) );
#1312 = PCURVE('',#1313,#1318);
#1313 = SPHERICAL_SURFACE('',#1314,1.9);
#1314 = AXIS2_PLACEMENT_3D('',#1315,#1316,#1317);
#1315 = CARTESIAN_POINT('',(22.5,6.129061917913,67.5));
#1316 = DIRECTION('',(-0.,-0.,-1.));
#1317 = DIRECTION('',(0.52427184466,0.851550957311,-0.));
#1318 = DEFINITIONAL_REPRESENTATION('',(#1319),#1323);
#1319 = LINE('',#1320,#1321);
#1320 = CARTESIAN_POINT('',(0.,0.));
#1321 = VECTOR('',#1322,1.);
#1322 = DIRECTION('',(1.,0.));
#1323 = ( GEOMETRIC_REPRESENTATION_CONTEXT(2) 
PARAMETRIC_REPRESENTATION_CONTEXT() REPRESENTATION_CONTEXT('2D SPACE',''
  ) );
#1324 = ADVANCED_FACE('',(#1325),#937,.F.);
#1325 = FACE_BOUND('',#1326,.F.);
#1326 = EDGE_LOOP('',(#1327,#1349,#1350,#1351));
#1327 = ORIENTED_EDGE('',*,*,#1328,.T.);
#1328 = EDGE_CURVE('',#1003,#895,#1329,.T.);
#1329 = SURFACE_CURVE('',#1330,(#1335,#1342),.PCURVE_S1.);
#1330 = CIRCLE('',#1331,1.9);
#1331 = AXIS2_PLACEMENT_3D('',#1332,#1333,#1334);
#1332 = CARTESIAN_POINT('',(22.5,6.129061917913,67.5));
#1333 = DIRECTION('',(-0.851550957311,0.52427184466,0.));
#1334 = DIRECTION('',(0.52427184466,0.851550957311,-2.449293598295E-16)
  );
#1335 = PCURVE('',#937,#1336);
#1336 = DEFINITIONAL_REPRESENTATION('',(#1337),#1341);
#1337 = LINE('',#1338,#1339);
#1338 = CARTESIAN_POINT('',(3.105379425535E-02,6.28318530718));
#1339 = VECTOR('',#1340,1.);
#1340 = DIRECTION('',(-0.,-1.));
#1341 = ( GEOMETRIC_REPRESENTATION_CONTEXT(2) 
PARAMETRIC_REPRESENTATION_CONTEXT() REPRESENTATION_CONTEXT('2D SPACE',''
  ) );
#1342 = PCURVE('',#1313,#1343);
#1343 = DEFINITIONAL_REPRESENTATION('',(#1344),#1348);
#1344 = LINE('',#1345,#1346);
#1345 = CARTESIAN_POINT('',(0.,-6.28318530718));
#1346 = VECTOR('',#1347,1.);
#1347 = DIRECTION('',(0.,1.));
#1348 = ( GEOMETRIC_REPRESENTATION_CONTEXT(2) 
PARAMETRIC_REPRESENTATION_CONTEXT() REPRESENTATION_CONTEXT('2D SPACE',''
  ) );
#1349 = ORIENTED_EDGE('',*,*,#922,.T.);
#1350 = ORIENTED_EDGE('',*,*,#975,.F.);
#1351 = ORIENTED_EDGE('',*,*,#1002,.F.);
#1352 = ADVANCED_FACE('',(#1353),#1042,.F.);
#1353 = FACE_BOUND('',#1354,.T.);
#1354 = EDGE_LOOP('',(#1355,#1356,#1357,#1358));
#1355 = ORIENTED_EDGE('',*,*,#1166,.F.);
#1356 = ORIENTED_EDGE('',*,*,#1116,.F.);
#1357 = ORIENTED_EDGE('',*,*,#1028,.T.);
#1358 = ORIENTED_EDGE('',*,*,#1359,.T.);
#1359 = EDGE_CURVE('',#1003,#1167,#1360,.T.);
#1360 = SURFACE_CURVE('',#1361,(#1366,#1373),.PCURVE_S1.);
#1361 = CIRCLE('',#1362,1.9);
#1362 = AXIS2_PLACEMENT_3D('',#1363,#1364,#1365);
#1363 = CARTESIAN_POINT('',(22.5,6.129061917913,67.5));
#1364 = DIRECTION('',(4.107825191113E-15,1.,1.69269921078E-32));
#1365 = DIRECTION('',(1.,-4.107825191113E-15,-2.449293598295E-16));
#1366 = PCURVE('',#1042,#1367);
#1367 = DEFINITIONAL_REPRESENTATION('',(#1368),#1372);
#1368 = LINE('',#1369,#1370);
#1369 = CARTESIAN_POINT('',(-6.28318530718,6.129061917913));
#1370 = VECTOR('',#1371,1.);
#1371 = DIRECTION('',(1.,-0.));
#1372 = ( GEOMETRIC_REPRESENTATION_CONTEXT(2) 
PARAMETRIC_REPRESENTATION_CONTEXT() REPRESENTATION_CONTEXT('2D SPACE',''
  ) );
#1373 = PCURVE('',#1313,#1374);
#1374 = DEFINITIONAL_REPRESENTATION('',(#1375),#1379);
#1375 = LINE('',#1376,#1377);
#1376 = CARTESIAN_POINT('',(1.018936532095,-6.28318530718));
#1377 = VECTOR('',#1378,1.);
#1378 = DIRECTION('',(0.,1.));
#1379 = ( GEOMETRIC_REPRESENTATION_CONTEXT(2) 
PARAMETRIC_REPRESENTATION_CONTEXT() REPRESENTATION_CONTEXT('2D SPACE',''
  ) );
#1380 = ADVANCED_FACE('',(#1381),#1073,.T.);
#1381 = FACE_BOUND('',#1382,.T.);
#1382 = EDGE_LOOP('',(#1383,#1384,#1408,#1435));
#1383 = ORIENTED_EDGE('',*,*,#1056,.F.);
#1384 = ORIENTED_EDGE('',*,*,#1385,.T.);
#1385 = EDGE_CURVE('',#1057,#1386,#1388,.T.);
#1386 = VERTEX_POINT('',#1387);
#1387 = CARTESIAN_POINT('',(6.9,-1.690012582823E-15,70.));
#1388 = SEAM_CURVE('',#1389,(#1394,#1401),.PCURVE_S1.);
#1389 = CIRCLE('',#1390,0.6);
#1390 = AXIS2_PLACEMENT_3D('',#1391,#1392,#1393);
#1391 = CARTESIAN_POINT('',(7.5,-1.836970198721E-15,70.));
#1392 = DIRECTION('',(2.449293598295E-16,1.,0.));
#1393 = DIRECTION('',(1.,-2.449293598295E-16,0.));
#1394 = PCURVE('',#1073,#1395);
#1395 = DEFINITIONAL_REPRESENTATION('',(#1396),#1400);
#1396 = LINE('',#1397,#1398);
#1397 = CARTESIAN_POINT('',(-6.28318530718,0.));
#1398 = VECTOR('',#1399,1.);
#1399 = DIRECTION('',(-0.,1.));
#1400 = ( GEOMETRIC_REPRESENTATION_CONTEXT(2) 
PARAMETRIC_REPRESENTATION_CONTEXT() REPRESENTATION_CONTEXT('2D SPACE',''
  ) );
#1401 = PCURVE('',#1073,#1402);
#1402 = DEFINITIONAL_REPRESENTATION('',(#1403),#1407);
#1403 = LINE('',#1404,#1405);
#1404 = CARTESIAN_POINT('',(-0.,0.));
#1405 = VECTOR('',#1406,1.);
#1406 = DIRECTION('',(-0.,1.));
#1407 = ( GEOMETRIC_REPRESENTATION_CONTEXT(2) 
PARAMETRIC_REPRESENTATION_CONTEXT() REPRESENTATION_CONTEXT('2D SPACE',''
  ) );
#1408 = ORIENTED_EDGE('',*,*,#1409,.T.);
#1409 = EDGE_CURVE('',#1386,#1386,#1410,.T.);
#1410 = SURFACE_CURVE('',#1411,(#1416,#1423),.PCURVE_S1.);
#1411 = CIRCLE('',#1412,6.9);
#1412 = AXIS2_PLACEMENT_3D('',#1413,#1414,#1415);
#1413 = CARTESIAN_POINT('',(0.,0.,70.));
#1414 = DIRECTION('',(0.,0.,1.));
#1415 = DIRECTION('',(1.,0.,0.));
#1416 = PCURVE('',#1073,#1417);
#1417 = DEFINITIONAL_REPRESENTATION('',(#1418),#1422);
#1418 = LINE('',#1419,#1420);
#1419 = CARTESIAN_POINT('',(-0.,3.14159265359));
#1420 = VECTOR('',#1421,1.);
#1421 = DIRECTION('',(-1.,0.));
#1422 = ( GEOMETRIC_REPRESENTATION_CONTEXT(2) 
PARAMETRIC_REPRESENTATION_CONTEXT() REPRESENTATION_CONTEXT('2D SPACE',''
  ) );
#1423 = PCURVE('',#1424,#1429);
#1424 = CYLINDRICAL_SURFACE('',#1425,6.9);
#1425 = AXIS2_PLACEMENT_3D('',#1426,#1427,#1428);
#1426 = CARTESIAN_POINT('',(0.,0.,70.));
#1427 = DIRECTION('',(0.,0.,1.));
#1428 = DIRECTION('',(1.,0.,-0.));
#1429 = DEFINITIONAL_REPRESENTATION('',(#1430),#1434);
#1430 = LINE('',#1431,#1432);
#1431 = CARTESIAN_POINT('',(0.,0.));
#1432 = VECTOR('',#1433,1.);
#1433 = DIRECTION('',(1.,0.));
#1434 = ( GEOMETRIC_REPRESENTATION_CONTEXT(2) 
PARAMETRIC_REPRESENTATION_CONTEXT() REPRESENTATION_CONTEXT('2D SPACE',''
  ) );
#1435 = ORIENTED_EDGE('',*,*,#1385,.F.);
#1436 = ADVANCED_FACE('',(#1437),#1228,.F.);
#1437 = FACE_BOUND('',#1438,.T.);
#1438 = EDGE_LOOP('',(#1439,#1440,#1441));
#1439 = ORIENTED_EDGE('',*,*,#1213,.F.);
#1440 = ORIENTED_EDGE('',*,*,#1249,.T.);
#1441 = ORIENTED_EDGE('',*,*,#1275,.F.);
#1442 = ADVANCED_FACE('',(#1443),#1313,.F.);
#1443 = FACE_BOUND('',#1444,.F.);
#1444 = EDGE_LOOP('',(#1445,#1446,#1447));
#1445 = ORIENTED_EDGE('',*,*,#1328,.F.);
#1446 = ORIENTED_EDGE('',*,*,#1359,.T.);
#1447 = ORIENTED_EDGE('',*,*,#1298,.F.);
#1448 = ADVANCED_FACE('',(#1449),#1424,.F.);
#1449 = FACE_BOUND('',#1450,.F.);
#1450 = EDGE_LOOP('',(#1451,#1480,#1501,#1502));
#1451 = ORIENTED_EDGE('',*,*,#1452,.F.);
#1452 = EDGE_CURVE('',#1453,#1453,#1455,.T.);
#1453 = VERTEX_POINT('',#1454);
#1454 = CARTESIAN_POINT('',(6.9,0.,77.));
#1455 = SURFACE_CURVE('',#1456,(#1461,#1468),.PCURVE_S1.);
#1456 = CIRCLE('',#1457,6.9);
#1457 = AXIS2_PLACEMENT_3D('',#1458,#1459,#1460);
#1458 = CARTESIAN_POINT('',(0.,0.,77.));
#1459 = DIRECTION('',(0.,0.,1.));
#1460 = DIRECTION('',(1.,0.,0.));
#1461 = PCURVE('',#1424,#1462);
#1462 = DEFINITIONAL_REPRESENTATION('',(#1463),#1467);
#1463 = LINE('',#1464,#1465);
#1464 = CARTESIAN_POINT('',(0.,7.));
#1465 = VECTOR('',#1466,1.);
#1466 = DIRECTION('',(1.,0.));
#1467 = ( GEOMETRIC_REPRESENTATION_CONTEXT(2) 
PARAMETRIC_REPRESENTATION_CONTEXT() REPRESENTATION_CONTEXT('2D SPACE',''
  ) );
#1468 = PCURVE('',#1469,#1474);
#1469 = PLANE('',#1470);
#1470 = AXIS2_PLACEMENT_3D('',#1471,#1472,#1473);
#1471 = CARTESIAN_POINT('',(0.,0.,77.));
#1472 = DIRECTION('',(0.,0.,1.));
#1473 = DIRECTION('',(1.,0.,-0.));
#1474 = DEFINITIONAL_REPRESENTATION('',(#1475),#1479);
#1475 = CIRCLE('',#1476,6.9);
#1476 = AXIS2_PLACEMENT_2D('',#1477,#1478);
#1477 = CARTESIAN_POINT('',(0.,0.));
#1478 = DIRECTION('',(1.,0.));
#1479 = ( GEOMETRIC_REPRESENTATION_CONTEXT(2) 
PARAMETRIC_REPRESENTATION_CONTEXT() REPRESENTATION_CONTEXT('2D SPACE',''
  ) );
#1480 = ORIENTED_EDGE('',*,*,#1481,.F.);
#1481 = EDGE_CURVE('',#1386,#1453,#1482,.T.);
#1482 = SEAM_CURVE('',#1483,(#1487,#1494),.PCURVE_S1.);
#1483 = LINE('',#1484,#1485);
#1484 = CARTESIAN_POINT('',(6.9,-1.690012582823E-15,70.));
#1485 = VECTOR('',#1486,1.);
#1486 = DIRECTION('',(0.,0.,1.));
#1487 = PCURVE('',#1424,#1488);
#1488 = DEFINITIONAL_REPRESENTATION('',(#1489),#1493);
#1489 = LINE('',#1490,#1491);
#1490 = CARTESIAN_POINT('',(0.,-0.));
#1491 = VECTOR('',#1492,1.);
#1492 = DIRECTION('',(0.,1.));
#1493 = ( GEOMETRIC_REPRESENTATION_CONTEXT(2) 
PARAMETRIC_REPRESENTATION_CONTEXT() REPRESENTATION_CONTEXT('2D SPACE',''
  ) );
#1494 = PCURVE('',#1424,#1495);
#1495 = DEFINITIONAL_REPRESENTATION('',(#1496),#1500);
#1496 = LINE('',#1497,#1498);
#1497 = CARTESIAN_POINT('',(6.28318530718,-0.));
#1498 = VECTOR('',#1499,1.);
#1499 = DIRECTION('',(0.,1.));
#1500 = ( GEOMETRIC_REPRESENTATION_CONTEXT(2) 
PARAMETRIC_REPRESENTATION_CONTEXT() REPRESENTATION_CONTEXT('2D SPACE',''
  ) );
#1501 = ORIENTED_EDGE('',*,*,#1409,.T.);
#1502 = ORIENTED_EDGE('',*,*,#1481,.T.);
#1503 = ADVANCED_FACE('',(#1504,#1535),#1469,.T.);
#1504 = FACE_BOUND('',#1505,.T.);
#1505 = EDGE_LOOP('',(#1506));
#1506 = ORIENTED_EDGE('',*,*,#1507,.T.);
#1507 = EDGE_CURVE('',#1508,#1508,#1510,.T.);
#1508 = VERTEX_POINT('',#1509);
#1509 = CARTESIAN_POINT('',(7.5,-1.836970198721E-15,77.));
#1510 = SURFACE_CURVE('',#1511,(#1516,#1523),.PCURVE_S1.);
#1511 = CIRCLE('',#1512,7.5);
#1512 = AXIS2_PLACEMENT_3D('',#1513,#1514,#1515);
#1513 = CARTESIAN_POINT('',(0.,0.,77.));
#1514 = DIRECTION('',(0.,0.,1.));
#1515 = DIRECTION('',(1.,0.,-0.));
#1516 = PCURVE('',#1469,#1517);
#1517 = DEFINITIONAL_REPRESENTATION('',(#1518),#1522);
#1518 = CIRCLE('',#1519,7.5);
#1519 = AXIS2_PLACEMENT_2D('',#1520,#1521);
#1520 = CARTESIAN_POINT('',(0.,0.));
#1521 = DIRECTION('',(1.,0.));
#1522 = ( GEOMETRIC_REPRESENTATION_CONTEXT(2) 
PARAMETRIC_REPRESENTATION_CONTEXT() REPRESENTATION_CONTEXT('2D SPACE',''
  ) );
#1523 = PCURVE('',#1524,#1529);
#1524 = CYLINDRICAL_SURFACE('',#1525,7.5);
#1525 = AXIS2_PLACEMENT_3D('',#1526,#1527,#1528);
#1526 = CARTESIAN_POINT('',(0.,0.,70.));
#1527 = DIRECTION('',(0.,0.,1.));
#1528 = DIRECTION('',(1.,0.,-0.));
#1529 = DEFINITIONAL_REPRESENTATION('',(#1530),#1534);
#1530 = LINE('',#1531,#1532);
#1531 = CARTESIAN_POINT('',(0.,7.));
#1532 = VECTOR('',#1533,1.);
#1533 = DIRECTION('',(1.,0.));
#1534 = ( GEOMETRIC_REPRESENTATION_CONTEXT(2) 
PARAMETRIC_REPRESENTATION_CONTEXT() REPRESENTATION_CONTEXT('2D SPACE',''
  ) );
#1535 = FACE_BOUND('',#1536,.T.);
#1536 = EDGE_LOOP('',(#1537));
#1537 = ORIENTED_EDGE('',*,*,#1452,.F.);
#1538 = ADVANCED_FACE('',(#1539),#1524,.T.);
#1539 = FACE_BOUND('',#1540,.T.);
#1540 = EDGE_LOOP('',(#1541,#2013,#2271,#2299,#2587,#2608,#2609));
#1541 = ORIENTED_EDGE('',*,*,#1542,.F.);
#1542 = EDGE_CURVE('',#1543,#1545,#1547,.T.);
#1543 = VERTEX_POINT('',#1544);
#1544 = CARTESIAN_POINT('',(-1.887379141863E-14,-7.5,75.25));
#1545 = VERTEX_POINT('',#1546);
#1546 = CARTESIAN_POINT('',(7.5,-1.836970198721E-15,74.571632751149));
#1547 = SURFACE_CURVE('',#1548,(#1670,#1795),.PCURVE_S1.);
#1548 = B_SPLINE_CURVE_WITH_KNOTS('',8,(#1549,#1550,#1551,#1552,#1553,
    #1554,#1555,#1556,#1557,#1558,#1559,#1560,#1561,#1562,#1563,#1564,
    #1565,#1566,#1567,#1568,#1569,#1570,#1571,#1572,#1573,#1574,#1575,
    #1576,#1577,#1578,#1579,#1580,#1581,#1582,#1583,#1584,#1585,#1586,
    #1587,#1588,#1589,#1590,#1591,#1592,#1593,#1594,#1595,#1596,#1597,
    #1598,#1599,#1600,#1601,#1602,#1603,#1604,#1605,#1606,#1607,#1608,
    #1609,#1610,#1611,#1612,#1613,#1614,#1615,#1616,#1617,#1618,#1619,
    #1620,#1621,#1622,#1623,#1624,#1625,#1626,#1627,#1628,#1629,#1630,
    #1631,#1632,#1633,#1634,#1635,#1636,#1637,#1638,#1639,#1640,#1641,
    #1642,#1643,#1644,#1645,#1646,#1647,#1648,#1649,#1650,#1651,#1652,
    #1653,#1654,#1655,#1656,#1657,#1658,#1659,#1660,#1661,#1662,#1663,
    #1664,#1665,#1666,#1667,#1668,#1669),.UNSPECIFIED.,.F.,.F.,(9,7,7,7,
    7,7,7,7,7,7,7,7,7,7,7,7,7,9),(0.,3.971356288121E-03,
    8.376429942695E-03,1.465857578143E-02,2.403121098767E-02,
    4.606486624494E-02,7.103114700324E-02,0.12078471152,0.176041318374,
    0.217278036324,0.321344626536,0.385201815131,0.419990268137,
    0.45477871123,0.577744152643,0.699539275759,0.815747307164,1.),
  .UNSPECIFIED.);
#1549 = CARTESIAN_POINT('',(-3.641531520771E-14,-7.5,75.25));
#1550 = CARTESIAN_POINT('',(-3.585675934901E-03,-7.5,75.252140259838));
#1551 = CARTESIAN_POINT('',(-7.991792945887E-03,-7.49999804056,
    75.254366947632));
#1552 = CARTESIAN_POINT('',(-1.331959291313E-02,-7.499992549717,
    75.256666735878));
#1553 = CARTESIAN_POINT('',(-1.963444259752E-02,-7.499981168099,
    75.25901182171));
#1554 = CARTESIAN_POINT('',(-2.694426293564E-02,-7.499960508474,
    75.261369269339));
#1555 = CARTESIAN_POINT('',(-3.518583707748E-02,-7.499926569126,
    75.263706393227));
#1556 = CARTESIAN_POINT('',(-4.421899716705E-02,-7.499875801054,
    75.265992181996));
#1557 = CARTESIAN_POINT('',(-6.44878705245E-02,-7.499730324388,
    75.270637891093));
#1558 = CARTESIAN_POINT('',(-7.616027662388E-02,-7.499629210848,
    75.273048479475));
#1559 = CARTESIAN_POINT('',(-8.88522385487E-02,-7.499497725977,
    75.275426186576));
#1560 = CARTESIAN_POINT('',(-0.102569948869,-7.499329238915,
    75.277770671324));
#1561 = CARTESIAN_POINT('',(-0.11731946234,-7.499116250334,
    75.280081593211));
#1562 = CARTESIAN_POINT('',(-0.133106695903,-7.498850392435,
    75.282358612295));
#1563 = CARTESIAN_POINT('',(-0.149937428683,-7.498522428951,
    75.284601389199));
#1564 = CARTESIAN_POINT('',(-0.193316074659,-7.497551560902,
    75.289958728538));
#1565 = CARTESIAN_POINT('',(-0.219014255568,-7.496877250997,
    75.292798759895));
#1566 = CARTESIAN_POINT('',(-0.244849574298,-7.496097987925,
    75.295406894643));
#1567 = CARTESIAN_POINT('',(-0.270785564375,-7.495213124621,
    75.297823534673));
#1568 = CARTESIAN_POINT('',(-0.296796804057,-7.494222346297,
    75.300077846147));
#1569 = CARTESIAN_POINT('',(-0.322866015215,-7.493125427311,
    75.30219329023));
#1570 = CARTESIAN_POINT('',(-0.34898496715,-7.491922041656,
    75.304186327886));
#1571 = CARTESIAN_POINT('',(-0.41418969115,-7.48865640362,75.30888412853
    ));
#1572 = CARTESIAN_POINT('',(-0.453318082809,-7.486463634525,
    75.311455556973));
#1573 = CARTESIAN_POINT('',(-0.492510145952,-7.484032465204,
    75.313831124719));
#1574 = CARTESIAN_POINT('',(-0.53174741943,-7.481362492398,
    75.316040564974));
#1575 = CARTESIAN_POINT('',(-0.571016476445,-7.47845353806,
    75.31810497542));
#1576 = CARTESIAN_POINT('',(-0.610307280229,-7.475305505162,
    75.320041163256));
#1577 = CARTESIAN_POINT('',(-0.649612561181,-7.471918253995,
    75.321863384559));
#1578 = CARTESIAN_POINT('',(-0.781353403656,-7.459765543629,
    75.32762380788));
#1579 = CARTESIAN_POINT('',(-0.873820489154,-7.449917365027,
    75.331095266469));
#1580 = CARTESIAN_POINT('',(-0.96625569393,-7.438745697531,
    75.334141314011));
#1581 = CARTESIAN_POINT('',(-1.058606988242,-7.426251635978,
    75.336836929392));
#1582 = CARTESIAN_POINT('',(-1.15083184051,-7.412437565035,
    75.339235795104));
#1583 = CARTESIAN_POINT('',(-1.242894705446,-7.397306436065,
    75.341380693459));
#1584 = CARTESIAN_POINT('',(-1.334767663001,-7.380861206054,
    75.343301071135));
#1585 = CARTESIAN_POINT('',(-1.530287294068,-7.342983893367,
    75.346973535759));
#1586 = CARTESIAN_POINT('',(-1.633866235384,-7.321180813736,
    75.348668944809));
#1587 = CARTESIAN_POINT('',(-1.737123758625,-7.297700353197,
    75.350145051819));
#1588 = CARTESIAN_POINT('',(-1.840021631356,-7.272548899858,
    75.351428200128));
#1589 = CARTESIAN_POINT('',(-1.942523445412,-7.245733742669,
    75.35253863138));
#1590 = CARTESIAN_POINT('',(-2.044594196615,-7.217262943486,
    75.353492904037));
#1591 = CARTESIAN_POINT('',(-2.146200073501,-7.187145229498,
    75.354305079996));
#1592 = CARTESIAN_POINT('',(-2.448800316682,-7.092106930546,
    75.356344991164));
#1593 = CARTESIAN_POINT('',(-2.648314297088,-7.022321046128,
    75.357185100905));
#1594 = CARTESIAN_POINT('',(-2.845588641743,-6.94610725998,
    75.35759832419));
#1595 = CARTESIAN_POINT('',(-3.040371338304,-6.863552607783,
    75.357645888464));
#1596 = CARTESIAN_POINT('',(-3.232418304562,-6.774755278688,
    75.357371892229));
#1597 = CARTESIAN_POINT('',(-3.421492256257,-6.67982404279,
    75.356811506791));
#1598 = CARTESIAN_POINT('',(-3.607362254811,-6.578877981136,
    75.355994420482));
#1599 = CARTESIAN_POINT('',(-3.992424758048,-6.353398855506,
    75.353776394963));
#1600 = CARTESIAN_POINT('',(-4.190817927504,-6.227491144022,
    75.352321261009));
#1601 = CARTESIAN_POINT('',(-4.384674566034,-6.094501707201,
    75.350609875443));
#1602 = CARTESIAN_POINT('',(-4.573697285604,-5.954623151093,
    75.348667676242));
#1603 = CARTESIAN_POINT('',(-4.757600086912,-5.808062246378,
    75.346515062317));
#1604 = CARTESIAN_POINT('',(-4.936108258862,-5.655039810353,
    75.344168668397));
#1605 = CARTESIAN_POINT('',(-5.108958278029,-5.495790588902,
    75.341642639921));
#1606 = CARTESIAN_POINT('',(-5.400480714331,-5.207257742821,
    75.336940384788));
#1607 = CARTESIAN_POINT('',(-5.521772814794,-5.080622084104,
    75.334838010444));
#1608 = CARTESIAN_POINT('',(-5.639669427674,-4.9507592937,
    75.332647790214));
#1609 = CARTESIAN_POINT('',(-5.754070211656,-4.81777601578,
    75.33037431305));
#1610 = CARTESIAN_POINT('',(-5.864879065965,-4.681782407311,
    75.328021751538));
#1611 = CARTESIAN_POINT('',(-5.972004130365,-4.542892138056,
    75.325593861898));
#1612 = CARTESIAN_POINT('',(-6.07535778516,-4.401222390576,
    75.323093983979));
#1613 = CARTESIAN_POINT('',(-6.425955871316,-3.892660750263,
    75.314041957216));
#1614 = CARTESIAN_POINT('',(-6.652527207507,-3.511462124622,
    75.30711896093));
#1615 = CARTESIAN_POINT('',(-6.85319741074,-3.115271411918,
    75.299805730927));
#1616 = CARTESIAN_POINT('',(-7.026823395641,-2.706154606547,
    75.29214023443));
#1617 = CARTESIAN_POINT('',(-7.172465830016,-2.286258056191,
    75.284152300252));
#1618 = CARTESIAN_POINT('',(-7.289380705535,-1.857803191128,
    75.275866445059));
#1619 = CARTESIAN_POINT('',(-7.37702888955,-1.423088195373,
    75.267303953017));
#1620 = CARTESIAN_POINT('',(-7.4707394124,-0.715368699583,
    75.253072250293));
#1621 = CARTESIAN_POINT('',(-7.495242059825,-0.444763699731,
    75.247563096972));
#1622 = CARTESIAN_POINT('',(-7.508540138069,-0.173223666502,
    75.241961050709));
#1623 = CARTESIAN_POINT('',(-7.510593663226,9.870946138301E-02,
    75.236269969503));
#1624 = CARTESIAN_POINT('',(-7.501394120903,0.37049401666,
    75.230493348499));
#1625 = CARTESIAN_POINT('',(-7.480964457365,0.641588767276,
    75.224634401012));
#1626 = CARTESIAN_POINT('',(-7.449359070688,0.911453080133,
    75.218696139545));
#1627 = CARTESIAN_POINT('',(-7.383404050216,1.325600738135,
    75.209404746497));
#1628 = CARTESIAN_POINT('',(-7.356722592994,1.471947733982,
    75.206086984572));
#1629 = CARTESIAN_POINT('',(-7.326569841309,1.618484419273,
    75.202728325656));
#1630 = CARTESIAN_POINT('',(-7.292899890635,1.765103643033,
    75.199328923941));
#1631 = CARTESIAN_POINT('',(-7.255670829485,1.911694835516,
    75.195888929928));
#1632 = CARTESIAN_POINT('',(-7.214845048046,2.058144087327,
    75.192408487176));
#1633 = CARTESIAN_POINT('',(-7.170389546802,2.204334228533,
    75.188887729049));
#1634 = CARTESIAN_POINT('',(-7.074162957244,2.495955545457,
    75.181765822893));
#1635 = CARTESIAN_POINT('',(-7.022391751707,2.641387110652,
    75.178164595991));
#1636 = CARTESIAN_POINT('',(-6.96693465249,2.786318908275,
    75.174523695691));
#1637 = CARTESIAN_POINT('',(-6.907768515796,2.930627661756,
    75.170842037968));
#1638 = CARTESIAN_POINT('',(-6.844875190268,3.074187768777,
    75.167120467802));
#1639 = CARTESIAN_POINT('',(-6.778241797231,3.216871335818,
    75.163360044782));
#1640 = CARTESIAN_POINT('',(-6.707861057944,3.358548222605,
    75.159560113471));
#1641 = CARTESIAN_POINT('',(-6.371708884292,3.995841243201,
    75.142152257421));
#1642 = CARTESIAN_POINT('',(-6.067119184543,4.470274330102,
    75.128317388947));
#1643 = CARTESIAN_POINT('',(-5.722258122387,4.917963420616,
    75.114236679183));
#1644 = CARTESIAN_POINT('',(-5.339917033518,5.33495112134,
    75.099919932296));
#1645 = CARTESIAN_POINT('',(-4.923288424798,5.71767425242,
    75.085377525728));
#1646 = CARTESIAN_POINT('',(-4.475934877991,6.062939788746,
    75.070619862666));
#1647 = CARTESIAN_POINT('',(-4.001813224309,6.367955830648,
    75.055655564571));
#1648 = CARTESIAN_POINT('',(-3.013603521149,6.890398382995,
    75.025485639169));
#1649 = CARTESIAN_POINT('',(-2.499728721187,7.108741898224,
    75.010277255814));
#1650 = CARTESIAN_POINT('',(-1.96798481296,7.283168458593,
    74.994885878278));
#1651 = CARTESIAN_POINT('',(-1.422773890077,7.412027154943,
    74.979318891235));
#1652 = CARTESIAN_POINT('',(-0.868607791304,7.494197136241,
    74.963580633361));
#1653 = CARTESIAN_POINT('',(-0.310093115772,7.52905289814,
    74.947674700708));
#1654 = CARTESIAN_POINT('',(0.248069791849,7.516502111611,
    74.931606429139));
#1655 = CARTESIAN_POINT('',(1.328710096306,7.400415000855,
    74.899908780548));
#1656 = CARTESIAN_POINT('',(1.851848470118,7.301057616588,
    74.884287367697));
#1657 = CARTESIAN_POINT('',(2.366322795543,7.159448494405,74.86852918139
    ));
#1658 = CARTESIAN_POINT('',(2.868158700552,6.976510004928,74.85263842557
    ));
#1659 = CARTESIAN_POINT('',(3.353547329531,6.753582234237,
    74.836617102764));
#1660 = CARTESIAN_POINT('',(3.818840295855,6.492394765959,
    74.820466730154));
#1661 = CARTESIAN_POINT('',(4.260565910723,6.195090245084,
    74.804190312984));
#1662 = CARTESIAN_POINT('',(5.333309219385,5.339817520093,
    74.761798447645));
#1663 = CARTESIAN_POINT('',(5.924612897107,4.730438406219,
    74.735467088593));
#1664 = CARTESIAN_POINT('',(6.435375629991,4.046816042889,
    74.708854168352));
#1665 = CARTESIAN_POINT('',(6.855270252427,3.30168349286,74.681963878846
    ));
#1666 = CARTESIAN_POINT('',(7.176091800536,2.508853968365,
    74.654793784338));
#1667 = CARTESIAN_POINT('',(7.392169109641,1.683358845995,
    74.627340931287));
#1668 = CARTESIAN_POINT('',(7.500000003139,0.841211970402,
    74.599602660006));
#1669 = CARTESIAN_POINT('',(7.5,0.,74.571632751149));
#1670 = PCURVE('',#1524,#1671);
#1671 = DEFINITIONAL_REPRESENTATION('',(#1672),#1794);
#1672 = B_SPLINE_CURVE_WITH_KNOTS('',8,(#1673,#1674,#1675,#1676,#1677,
    #1678,#1679,#1680,#1681,#1682,#1683,#1684,#1685,#1686,#1687,#1688,
    #1689,#1690,#1691,#1692,#1693,#1694,#1695,#1696,#1697,#1698,#1699,
    #1700,#1701,#1702,#1703,#1704,#1705,#1706,#1707,#1708,#1709,#1710,
    #1711,#1712,#1713,#1714,#1715,#1716,#1717,#1718,#1719,#1720,#1721,
    #1722,#1723,#1724,#1725,#1726,#1727,#1728,#1729,#1730,#1731,#1732,
    #1733,#1734,#1735,#1736,#1737,#1738,#1739,#1740,#1741,#1742,#1743,
    #1744,#1745,#1746,#1747,#1748,#1749,#1750,#1751,#1752,#1753,#1754,
    #1755,#1756,#1757,#1758,#1759,#1760,#1761,#1762,#1763,#1764,#1765,
    #1766,#1767,#1768,#1769,#1770,#1771,#1772,#1773,#1774,#1775,#1776,
    #1777,#1778,#1779,#1780,#1781,#1782,#1783,#1784,#1785,#1786,#1787,
    #1788,#1789,#1790,#1791,#1792,#1793),.UNSPECIFIED.,.F.,.F.,(9,7,7,7,
    7,7,7,7,7,7,7,7,7,7,7,7,7,9),(0.,3.971356288121E-03,
    8.376429942695E-03,1.465857578143E-02,2.403121098767E-02,
    4.606486624494E-02,7.103114700324E-02,0.12078471152,0.176041318374,
    0.217278036324,0.321344626536,0.385201815131,0.419990268137,
    0.45477871123,0.577744152643,0.699539275759,0.815747307164,1.),
  .UNSPECIFIED.);
#1673 = CARTESIAN_POINT('',(4.712388980385,5.25));
#1674 = CARTESIAN_POINT('',(4.71191089026,5.252140259838));
#1675 = CARTESIAN_POINT('',(4.711323408046,5.254366947632));
#1676 = CARTESIAN_POINT('',(4.710613034416,5.256666735878));
#1677 = CARTESIAN_POINT('',(4.709771053695,5.25901182171));
#1678 = CARTESIAN_POINT('',(4.708796408431,5.261369269339));
#1679 = CARTESIAN_POINT('',(4.707697524317,5.263706393227));
#1680 = CARTESIAN_POINT('',(4.706493085478,5.265992181996));
#1681 = CARTESIAN_POINT('',(4.703790499423,5.270637891093));
#1682 = CARTESIAN_POINT('',(4.702234119899,5.273048479475));
#1683 = CARTESIAN_POINT('',(4.70054177158,5.275426186576));
#1684 = CARTESIAN_POINT('',(4.698712614833,5.277770671324));
#1685 = CARTESIAN_POINT('',(4.696745820358,5.280081593211));
#1686 = CARTESIAN_POINT('',(4.694640569189,5.282358612295));
#1687 = CARTESIAN_POINT('',(4.692396052691,5.284601389199));
#1688 = CARTESIAN_POINT('',(4.686610784794,5.289958728538));
#1689 = CARTESIAN_POINT('',(4.683183206788,5.292798759895));
#1690 = CARTESIAN_POINT('',(4.679736975246,5.295406894643));
#1691 = CARTESIAN_POINT('',(4.676276885397,5.297823534673));
#1692 = CARTESIAN_POINT('',(4.672806259854,5.300077846147));
#1693 = CARTESIAN_POINT('',(4.669327335472,5.30219329023));
#1694 = CARTESIAN_POINT('',(4.66584114213,5.304186327886));
#1695 = CARTESIAN_POINT('',(4.657136282263,5.30888412853));
#1696 = CARTESIAN_POINT('',(4.651911069783,5.311455556973));
#1697 = CARTESIAN_POINT('',(4.646675572651,5.313831124719));
#1698 = CARTESIAN_POINT('',(4.64143202634,5.316040564974));
#1699 = CARTESIAN_POINT('',(4.636181995169,5.31810497542));
#1700 = CARTESIAN_POINT('',(4.630926591545,5.320041163256));
#1701 = CARTESIAN_POINT('',(4.625666558359,5.321863384559));
#1702 = CARTESIAN_POINT('',(4.608026534199,5.32762380788));
#1703 = CARTESIAN_POINT('',(4.595629097153,5.331095266469));
#1704 = CARTESIAN_POINT('',(4.583216794757,5.334141314011));
#1705 = CARTESIAN_POINT('',(4.57079361857,5.336836929392));
#1706 = CARTESIAN_POINT('',(4.558362303619,5.339235795104));
#1707 = CARTESIAN_POINT('',(4.545924663446,5.341380693459));
#1708 = CARTESIAN_POINT('',(4.533481497199,5.343301071135));
#1709 = CARTESIAN_POINT('',(4.506927529695,5.346973535759));
#1710 = CARTESIAN_POINT('',(4.492816186477,5.348668944809));
#1711 = CARTESIAN_POINT('',(4.478700103882,5.350145051819));
#1712 = CARTESIAN_POINT('',(4.464580157317,5.351428200128));
#1713 = CARTESIAN_POINT('',(4.450457000661,5.35253863138));
#1714 = CARTESIAN_POINT('',(4.436331124541,5.353492904037));
#1715 = CARTESIAN_POINT('',(4.422202885332,5.354305079996));
#1716 = CARTESIAN_POINT('',(4.379913052471,5.356344991164));
#1717 = CARTESIAN_POINT('',(4.351745395786,5.357185100905));
#1718 = CARTESIAN_POINT('',(4.323571799611,5.35759832419));
#1719 = CARTESIAN_POINT('',(4.295393696785,5.357645888464));
#1720 = CARTESIAN_POINT('',(4.267212005837,5.357371892229));
#1721 = CARTESIAN_POINT('',(4.239027360209,5.356811506791));
#1722 = CARTESIAN_POINT('',(4.210840249066,5.355994420482));
#1723 = CARTESIAN_POINT('',(4.151343998204,5.353776394963));
#1724 = CARTESIAN_POINT('',(4.120034214264,5.352321261009));
#1725 = CARTESIAN_POINT('',(4.088722510943,5.350609875443));
#1726 = CARTESIAN_POINT('',(4.057409295157,5.348667676242));
#1727 = CARTESIAN_POINT('',(4.026094745096,5.346515062317));
#1728 = CARTESIAN_POINT('',(3.994778967639,5.344168668397));
#1729 = CARTESIAN_POINT('',(3.963462155772,5.341642639921));
#1730 = CARTESIAN_POINT('',(3.908773292939,5.336940384788));
#1731 = CARTESIAN_POINT('',(3.8854013811,5.334838010444));
#1732 = CARTESIAN_POINT('',(3.862029072025,5.332647790214));
#1733 = CARTESIAN_POINT('',(3.838656421205,5.33037431305));
#1734 = CARTESIAN_POINT('',(3.815283478076,5.328021751538));
#1735 = CARTESIAN_POINT('',(3.791910286023,5.325593861898));
#1736 = CARTESIAN_POINT('',(3.768536882379,5.323093983979));
#1737 = CARTESIAN_POINT('',(3.686176810066,5.314041957216));
#1738 = CARTESIAN_POINT('',(3.627184217868,5.30711896093));
#1739 = CARTESIAN_POINT('',(3.568193033269,5.299805730927));
#1740 = CARTESIAN_POINT('',(3.509204062319,5.29214023443));
#1741 = CARTESIAN_POINT('',(3.450214751838,5.284152300252));
#1742 = CARTESIAN_POINT('',(3.391222523477,5.275866445059));
#1743 = CARTESIAN_POINT('',(3.33222809569,5.267303953017));
#1744 = CARTESIAN_POINT('',(3.237041864491,5.253072250293));
#1745 = CARTESIAN_POINT('',(3.200844546787,5.247563096972));
#1746 = CARTESIAN_POINT('',(3.164647474758,5.241961050709));
#1747 = CARTESIAN_POINT('',(3.128450713004,5.236269969503));
#1748 = CARTESIAN_POINT('',(3.092254040567,5.230493348499));
#1749 = CARTESIAN_POINT('',(3.056057235032,5.224634401012));
#1750 = CARTESIAN_POINT('',(3.019860356636,5.218696139545));
#1751 = CARTESIAN_POINT('',(2.963944809626,5.209404746497));
#1752 = CARTESIAN_POINT('',(2.944115208083,5.206086984572));
#1753 = CARTESIAN_POINT('',(2.924176155141,5.202728325656));
#1754 = CARTESIAN_POINT('',(2.904128561369,5.199328923941));
#1755 = CARTESIAN_POINT('',(2.883973334938,5.195888929928));
#1756 = CARTESIAN_POINT('',(2.863711396044,5.192408487176));
#1757 = CARTESIAN_POINT('',(2.843343691338,5.188887729049));
#1758 = CARTESIAN_POINT('',(2.802398731204,5.181765822894));
#1759 = CARTESIAN_POINT('',(2.781821422453,5.178164595991));
#1760 = CARTESIAN_POINT('',(2.761140320456,5.174523695691));
#1761 = CARTESIAN_POINT('',(2.740356429878,5.170842037968));
#1762 = CARTESIAN_POINT('',(2.719470715073,5.167120467802));
#1763 = CARTESIAN_POINT('',(2.698484128576,5.163360044782));
#1764 = CARTESIAN_POINT('',(2.677397644623,5.159560113471));
#1765 = CARTESIAN_POINT('',(2.58132908781,5.142152257421));
#1766 = CARTESIAN_POINT('',(2.506430460611,5.128317388947));
#1767 = CARTESIAN_POINT('',(2.431540878196,5.114236679183));
#1768 = CARTESIAN_POINT('',(2.356659702732,5.099919932296));
#1769 = CARTESIAN_POINT('',(2.281779333471,5.085377525728));
#1770 = CARTESIAN_POINT('',(2.206892182992,5.070619862666));
#1771 = CARTESIAN_POINT('',(2.131997682126,5.055655564571));
#1772 = CARTESIAN_POINT('',(1.98295602424,5.025485639169));
#1773 = CARTESIAN_POINT('',(1.90877717223,5.010277255814));
#1774 = CARTESIAN_POINT('',(1.834606029601,4.994885878278));
#1775 = CARTESIAN_POINT('',(1.760444265841,4.979318891235));
#1776 = CARTESIAN_POINT('',(1.686283368206,4.963580633361));
#1777 = CARTESIAN_POINT('',(1.612114846451,4.947674700708));
#1778 = CARTESIAN_POINT('',(1.537940441535,4.931606429139));
#1779 = CARTESIAN_POINT('',(1.393026080011,4.899908780548));
#1780 = CARTESIAN_POINT('',(1.322258566669,4.884287367697));
#1781 = CARTESIAN_POINT('',(1.251497303709,4.86852918139));
#1782 = CARTESIAN_POINT('',(1.180743620971,4.85263842557));
#1783 = CARTESIAN_POINT('',(1.109990767437,4.836617102764));
#1784 = CARTESIAN_POINT('',(1.039232005555,4.820466730154));
#1785 = CARTESIAN_POINT('',(0.968468705176,4.804190312984));
#1786 = CARTESIAN_POINT('',(0.785540928759,4.761798447645));
#1787 = CARTESIAN_POINT('',(0.673244043986,4.735467088593));
#1788 = CARTESIAN_POINT('',(0.561020061235,4.708854168352));
#1789 = CARTESIAN_POINT('',(0.448841590554,4.681963878846));
#1790 = CARTESIAN_POINT('',(0.336665231817,4.654793784338));
#1791 = CARTESIAN_POINT('',(0.224447596156,4.627340931287));
#1792 = CARTESIAN_POINT('',(0.112161596054,4.599602660006));
#1793 = CARTESIAN_POINT('',(0.,4.571632751149));
#1794 = ( GEOMETRIC_REPRESENTATION_CONTEXT(2) 
PARAMETRIC_REPRESENTATION_CONTEXT() REPRESENTATION_CONTEXT('2D SPACE',''
  ) );
#1795 = PCURVE('',#1796,#1889);
#1796 = B_SPLINE_SURFACE_WITH_KNOTS('',12,1,(
    (#1797,#1798)
    ,(#1799,#1800)
    ,(#1801,#1802)
    ,(#1803,#1804)
    ,(#1805,#1806)
    ,(#1807,#1808)
    ,(#1809,#1810)
    ,(#1811,#1812)
    ,(#1813,#1814)
    ,(#1815,#1816)
    ,(#1817,#1818)
    ,(#1819,#1820)
    ,(#1821,#1822)
    ,(#1823,#1824)
    ,(#1825,#1826)
    ,(#1827,#1828)
    ,(#1829,#1830)
    ,(#1831,#1832)
    ,(#1833,#1834)
    ,(#1835,#1836)
    ,(#1837,#1838)
    ,(#1839,#1840)
    ,(#1841,#1842)
    ,(#1843,#1844)
    ,(#1845,#1846)
    ,(#1847,#1848)
    ,(#1849,#1850)
    ,(#1851,#1852)
    ,(#1853,#1854)
    ,(#1855,#1856)
    ,(#1857,#1858)
    ,(#1859,#1860)
    ,(#1861,#1862)
    ,(#1863,#1864)
    ,(#1865,#1866)
    ,(#1867,#1868)
    ,(#1869,#1870)
    ,(#1871,#1872)
    ,(#1873,#1874)
    ,(#1875,#1876)
    ,(#1877,#1878)
    ,(#1879,#1880)
    ,(#1881,#1882)
    ,(#1883,#1884)
    ,(#1885,#1886)
    ,(#1887,#1888
    )),.UNSPECIFIED.,.F.,.F.,.F.,(13,11,11,11,13),(2,2),(0.,
    0.785398163397,1.570796326795,2.356194490192,3.14159265359),(0.,1.),
  .UNSPECIFIED.);
#1797 = CARTESIAN_POINT('',(-2.22044604925E-15,-7.425,71.75));
#1798 = CARTESIAN_POINT('',(-4.440892098501E-16,-7.875,71.75));
#1799 = CARTESIAN_POINT('',(-6.667386352885E-02,-7.425000000001,
    71.790016336536));
#1800 = CARTESIAN_POINT('',(-3.535735187134E-02,-7.875000000001,
    71.770008168275));
#1801 = CARTESIAN_POINT('',(4.156920957538E-02,-7.424296262964,
    71.837726962171));
#1802 = CARTESIAN_POINT('',(0.115738166709,-7.87477286685,
    71.797177874893));
#1803 = CARTESIAN_POINT('',(0.340818252988,-7.428982279259,
    71.893488308254));
#1804 = CARTESIAN_POINT('',(0.470200191281,-7.87780178708,
    71.831978565719));
#1805 = CARTESIAN_POINT('',(0.844865439949,-7.425539478289,
    71.957552962547));
#1806 = CARTESIAN_POINT('',(1.042290058272,-7.866133734866,
    71.87480095204));
#1807 = CARTESIAN_POINT('',(1.568232807038,-7.382485326008,
    72.03003617017));
#1808 = CARTESIAN_POINT('',(1.847257142006,-7.802390058216,
    71.925923530684));
#1809 = CARTESIAN_POINT('',(2.51760236504,-7.224904145608,
    72.110882023684));
#1810 = CARTESIAN_POINT('',(2.889017659722,-7.602398660819,
    71.985476762933));
#1811 = CARTESIAN_POINT('',(3.680512698439,-6.857589499322,
    72.199834339266));
#1812 = CARTESIAN_POINT('',(4.149830528891,-7.161491273956,
    72.053409398619));
#1813 = CARTESIAN_POINT('',(5.000866700604,-6.138187088475,
    72.296418911162));
#1814 = CARTESIAN_POINT('',(5.56023359051,-6.325806752013,
    72.129462962839));
#1815 = CARTESIAN_POINT('',(6.310542136025,-4.906106683717,
    72.39994655035));
#1816 = CARTESIAN_POINT('',(6.925147323999,-4.929641388893,
    72.213164276498));
#1817 = CARTESIAN_POINT('',(7.299444914776,-3.133914879501,
    72.509540586516));
#1818 = CARTESIAN_POINT('',(7.903798753392,-2.96561223243,
    72.303841498141));
#1819 = CARTESIAN_POINT('',(7.685947366871,-0.997368095665,
    72.62418136388));
#1820 = CARTESIAN_POINT('',(8.203166013897,-0.64590523396,
    72.400658653994));
#1821 = CARTESIAN_POINT('',(6.970214337773,3.388899840665,
    72.861336978769));
#1822 = CARTESIAN_POINT('',(7.182098359313,4.015792497125,
    72.604663650258));
#1823 = CARTESIAN_POINT('',(5.867896494522,5.638567441719,
    72.983851815977));
#1824 = CARTESIAN_POINT('',(5.861581843573,6.357712327394,
    72.711851490537));
#1825 = CARTESIAN_POINT('',(3.881014087129,7.636638307852,73.10919397099
    ));
#1826 = CARTESIAN_POINT('',(3.602526264483,8.365990302395,
    72.823270081137));
#1827 = CARTESIAN_POINT('',(1.003380642575,8.941319771219,
    73.236163662335));
#1828 = CARTESIAN_POINT('',(0.432829348499,9.560937605892,72.93784620511
    ));
#1829 = CARTESIAN_POINT('',(-2.476291962921,9.038286220738,
    73.363523945696));
#1830 = CARTESIAN_POINT('',(-3.293153683607,9.410153832074,
    73.054433528599));
#1831 = CARTESIAN_POINT('',(-5.982846393775,7.547088702558,
    73.490061832264));
#1832 = CARTESIAN_POINT('',(-6.922418003807,7.548358568553,
    73.171868966815));
#1833 = CARTESIAN_POINT('',(-8.46778908974,4.469712910861,
    73.614648753192));
#1834 = CARTESIAN_POINT('',(-9.321878557665,4.073658938958,
    73.289032236695));
#1835 = CARTESIAN_POINT('',(-9.269648399341,0.750797285545,
    73.736288272899));
#1836 = CARTESIAN_POINT('',(-9.874007473424,5.932670902835E-02,
    73.404897091452));
#1837 = CARTESIAN_POINT('',(-8.460884895537,-2.750323640275,
    73.854142719951));
#1838 = CARTESIAN_POINT('',(-8.732342767858,-3.588126743632,
    73.51856437975));
#1839 = CARTESIAN_POINT('',(-6.460919956624,-5.396350438636,
    73.967542190905));
#1840 = CARTESIAN_POINT('',(-6.399204167967,-6.228235216491,
    73.629278489619));
#1841 = CARTESIAN_POINT('',(-3.844294386595,-6.921648113102,
    74.075980011188));
#1842 = CARTESIAN_POINT('',(-3.506636153384,-7.630209416592,
    73.736430136135));
#1843 = CARTESIAN_POINT('',(1.590056988575,-7.756257519288,
    74.282219489016));
#1844 = CARTESIAN_POINT('',(2.307728695278,-8.07409320743,
    73.942669613967));
#1845 = CARTESIAN_POINT('',(4.552288708152,-7.087735449715,
    74.385512614273));
#1846 = CARTESIAN_POINT('',(5.384132398906,-7.12779166073,
    74.047248912966));
#1847 = CARTESIAN_POINT('',(7.273438893422,-5.155439105608,
    74.488170640771));
#1848 = CARTESIAN_POINT('',(8.100885874995,-4.867243959518,
    74.152592300626));
#1849 = CARTESIAN_POINT('',(9.117981025582,-2.023984569743,
    74.589276453038));
#1850 = CARTESIAN_POINT('',(9.793475193123,-1.416278638313,
    74.25788527148));
#1851 = CARTESIAN_POINT('',(9.467028735756,1.829518440464,
    74.687817312593));
#1852 = CARTESIAN_POINT('',(9.853411669019,2.669821191684,
    74.362200796262));
#1853 = CARTESIAN_POINT('',(7.963224896901,5.600356526393,
    74.782709629751));
#1854 = CARTESIAN_POINT('',(7.975539953531,6.513576252484,
    74.464516764108));
#1855 = CARTESIAN_POINT('',(4.913288334533,8.11676986144,74.872837722508
    ));
#1856 = CARTESIAN_POINT('',(4.58865471056,8.920603539011,74.563747305588
    ));
#1857 = CARTESIAN_POINT('',(1.399028785403,8.996612845349,
    74.957106166686));
#1858 = CARTESIAN_POINT('',(0.843942775393,9.590567146533,
    74.658788709336));
#1859 = CARTESIAN_POINT('',(-1.854529893823,8.454494649118,
    75.034501588362));
#1860 = CARTESIAN_POINT('',(-2.52580707207,8.800728877201,
    74.748577698575));
#1861 = CARTESIAN_POINT('',(-4.379313027956,6.933358478493,
    75.10414948581));
#1862 = CARTESIAN_POINT('',(-5.070827135715,7.045663904459,
    74.832149160344));
#1863 = CARTESIAN_POINT('',(-6.043572857719,4.903765398301,
    75.165356335269));
#1864 = CARTESIAN_POINT('',(-6.689938186048,4.820461673366,
    74.908683006763));
#1865 = CARTESIAN_POINT('',(-7.762127833126,0.56662109945,
    75.269909475677));
#1866 = CARTESIAN_POINT('',(-8.243668751744,0.18452422347,
    75.046386765785));
#1867 = CARTESIAN_POINT('',(-7.816472083203,-1.740826127323,
    75.313255766929));
#1868 = CARTESIAN_POINT('',(-8.17835224244,-2.226113082018,
    75.107556678577));
#1869 = CARTESIAN_POINT('',(-7.123510698894,-3.817175115635,
    75.34718254521));
#1870 = CARTESIAN_POINT('',(-7.356702108754,-4.351768208091,
    75.160400271296));
#1871 = CARTESIAN_POINT('',(-5.932732212997,-5.388612694413,
    75.371404881823));
#1872 = CARTESIAN_POINT('',(-6.054747569723,-5.928133320995,
    75.204448933626));
#1873 = CARTESIAN_POINT('',(-4.592514991432,-6.392610967474,
    75.385865423785));
#1874 = CARTESIAN_POINT('',(-4.63368870255,-6.914850245267,
    75.239440482946));
#1875 = CARTESIAN_POINT('',(-3.336053437401,-6.965399368888,
    75.390739018775));
#1876 = CARTESIAN_POINT('',(-3.323170628994,-7.464764811596,
    75.26533375825));
#1877 = CARTESIAN_POINT('',(-2.260077066881,-7.257578497635,
    75.38641438828));
#1878 = CARTESIAN_POINT('',(-2.21420578774,-7.736150719827,
    75.282301748585));
#1879 = CARTESIAN_POINT('',(-1.395926342671,-7.37759561945,
    75.373455079118));
#1880 = CARTESIAN_POINT('',(-1.334542360022,-7.840708013921,
    75.29070306876));
#1881 = CARTESIAN_POINT('',(-0.75089337746,-7.417550242457,
    75.352550662086));
#1882 = CARTESIAN_POINT('',(-0.687670068886,-7.871739684394,
    75.29104091947));
#1883 = CARTESIAN_POINT('',(-0.311788762528,-7.424298767004,
    75.324469386864));
#1884 = CARTESIAN_POINT('',(-0.259036375541,-7.874774134926,
    75.283920299617));
#1885 = CARTESIAN_POINT('',(-6.667386352887E-02,-7.425,75.29001633653));
#1886 = CARTESIAN_POINT('',(-3.535735187128E-02,-7.875,75.270008168261)
  );
#1887 = CARTESIAN_POINT('',(-1.86517468137E-14,-7.425,75.25));
#1888 = CARTESIAN_POINT('',(-1.998401444325E-14,-7.875,75.25));
#1889 = DEFINITIONAL_REPRESENTATION('',(#1890),#2012);
#1890 = B_SPLINE_CURVE_WITH_KNOTS('',8,(#1891,#1892,#1893,#1894,#1895,
    #1896,#1897,#1898,#1899,#1900,#1901,#1902,#1903,#1904,#1905,#1906,
    #1907,#1908,#1909,#1910,#1911,#1912,#1913,#1914,#1915,#1916,#1917,
    #1918,#1919,#1920,#1921,#1922,#1923,#1924,#1925,#1926,#1927,#1928,
    #1929,#1930,#1931,#1932,#1933,#1934,#1935,#1936,#1937,#1938,#1939,
    #1940,#1941,#1942,#1943,#1944,#1945,#1946,#1947,#1948,#1949,#1950,
    #1951,#1952,#1953,#1954,#1955,#1956,#1957,#1958,#1959,#1960,#1961,
    #1962,#1963,#1964,#1965,#1966,#1967,#1968,#1969,#1970,#1971,#1972,
    #1973,#1974,#1975,#1976,#1977,#1978,#1979,#1980,#1981,#1982,#1983,
    #1984,#1985,#1986,#1987,#1988,#1989,#1990,#1991,#1992,#1993,#1994,
    #1995,#1996,#1997,#1998,#1999,#2000,#2001,#2002,#2003,#2004,#2005,
    #2006,#2007,#2008,#2009,#2010,#2011),.UNSPECIFIED.,.F.,.F.,(9,7,7,7,
    7,7,7,7,7,7,7,7,7,7,7,7,7,9),(0.,3.971356288121E-03,
    8.376429942695E-03,1.465857578143E-02,2.403121098767E-02,
    4.606486624494E-02,7.103114700324E-02,0.12078471152,0.176041318374,
    0.217278036324,0.321344626536,0.385201815131,0.419990268137,
    0.45477871123,0.577744152643,0.699539275759,0.815747307164,1.),
  .UNSPECIFIED.);
#1891 = CARTESIAN_POINT('',(3.14159265359,0.166666666667));
#1892 = CARTESIAN_POINT('',(3.137773858359,0.166666666667));
#1893 = CARTESIAN_POINT('',(3.133764905986,0.166667241571));
#1894 = CARTESIAN_POINT('',(3.129582885668,0.166668278455));
#1895 = CARTESIAN_POINT('',(3.125271270709,0.16666962529));
#1896 = CARTESIAN_POINT('',(3.120885251281,0.166671152242));
#1897 = CARTESIAN_POINT('',(3.11648337747,0.166672779839));
#1898 = CARTESIAN_POINT('',(3.112125512616,0.166674474015));
#1899 = CARTESIAN_POINT('',(3.103164705843,0.166678131374));
#1900 = CARTESIAN_POINT('',(3.098452316438,0.166680147552));
#1901 = CARTESIAN_POINT('',(3.093739928304,0.166682291199));
#1902 = CARTESIAN_POINT('',(3.089027540928,0.166684599947));
#1903 = CARTESIAN_POINT('',(3.084315153701,0.166687114406));
#1904 = CARTESIAN_POINT('',(3.079602765916,0.166689878162));
#1905 = CARTESIAN_POINT('',(3.074890376774,0.166692937779));
#1906 = CARTESIAN_POINT('',(3.063457568793,0.166701198746));
#1907 = CARTESIAN_POINT('',(3.057246766118,0.166706372549));
#1908 = CARTESIAN_POINT('',(3.0514182245,0.166711875408));
#1909 = CARTESIAN_POINT('',(3.045905580439,0.166717666103));
#1910 = CARTESIAN_POINT('',(3.040660898208,0.166723699101));
#1911 = CARTESIAN_POINT('',(3.035645452316,0.16672993484));
#1912 = CARTESIAN_POINT('',(3.030831874952,0.166736335995));
#1913 = CARTESIAN_POINT('',(3.019278741427,0.166752627212));
#1914 = CARTESIAN_POINT('',(3.012759399972,0.166762680619));
#1915 = CARTESIAN_POINT('',(3.006562513559,0.16677292929));
#1916 = CARTESIAN_POINT('',(3.000638873596,0.166783296284));
#1917 = CARTESIAN_POINT('',(2.994953593428,0.166793727597));
#1918 = CARTESIAN_POINT('',(2.98947884335,0.166804187349));
#1919 = CARTESIAN_POINT('',(2.984190941602,0.166814652758));
#1920 = CARTESIAN_POINT('',(2.967037472755,0.166849689648));
#1921 = CARTESIAN_POINT('',(2.955936560681,0.166874215299));
#1922 = CARTESIAN_POINT('',(2.945529067419,0.166898495757));
#1923 = CARTESIAN_POINT('',(2.935691000435,0.166922589644));
#1924 = CARTESIAN_POINT('',(2.926333661524,0.166946587713));
#1925 = CARTESIAN_POINT('',(2.917386260881,0.166970562445));
#1926 = CARTESIAN_POINT('',(2.908800027634,0.16699458236));
#1927 = CARTESIAN_POINT('',(2.891163493453,0.167046005406));
#1928 = CARTESIAN_POINT('',(2.882204394428,0.167073431613));
#1929 = CARTESIAN_POINT('',(2.873595032922,0.167101032028));
#1930 = CARTESIAN_POINT('',(2.865291983787,0.167128834064));
#1931 = CARTESIAN_POINT('',(2.85726195287,0.167156836532));
#1932 = CARTESIAN_POINT('',(2.849477735552,0.167185017949));
#1933 = CARTESIAN_POINT('',(2.841916236089,0.167213345353));
#1934 = CARTESIAN_POINT('',(2.819895922477,0.167298456205));
#1935 = CARTESIAN_POINT('',(2.80604222235,0.167355570444));
#1936 = CARTESIAN_POINT('',(2.792847794997,0.167412827936));
#1937 = CARTESIAN_POINT('',(2.780212793314,0.167469898991));
#1938 = CARTESIAN_POINT('',(2.768065598425,0.167526545657));
#1939 = CARTESIAN_POINT('',(2.756349193337,0.167582672048));
#1940 = CARTESIAN_POINT('',(2.745015487317,0.167638301961));
#1941 = CARTESIAN_POINT('',(2.7218243675,0.167754769008));
#1942 = CARTESIAN_POINT('',(2.710046961443,0.167815498584));
#1943 = CARTESIAN_POINT('',(2.698644279751,0.167875774374));
#1944 = CARTESIAN_POINT('',(2.687575413832,0.167935748695));
#1945 = CARTESIAN_POINT('',(2.676807614791,0.167995586146));
#1946 = CARTESIAN_POINT('',(2.666314268652,0.168055425466));
#1947 = CARTESIAN_POINT('',(2.656072871577,0.168115341384));
#1948 = CARTESIAN_POINT('',(2.638592874993,0.168220057019));
#1949 = CARTESIAN_POINT('',(2.631251648222,0.168264844645));
#1950 = CARTESIAN_POINT('',(2.624031393501,0.168309657432));
#1951 = CARTESIAN_POINT('',(2.61692485438,0.168354473285));
#1952 = CARTESIAN_POINT('',(2.609925449228,0.168399259927));
#1953 = CARTESIAN_POINT('',(2.603027271232,0.168443974906));
#1954 = CARTESIAN_POINT('',(2.5962250884,0.16848856559));
#1955 = CARTESIAN_POINT('',(2.57257884606,0.168645027774));
#1956 = CARTESIAN_POINT('',(2.556223458835,0.168755953132));
#1957 = CARTESIAN_POINT('',(2.540373706841,0.16886489097));
#1958 = CARTESIAN_POINT('',(2.524970943667,0.168971166043));
#1959 = CARTESIAN_POINT('',(2.509967658074,0.169074958629));
#1960 = CARTESIAN_POINT('',(2.495324359754,0.169177322003));
#1961 = CARTESIAN_POINT('',(2.481008044318,0.169279540878));
#1962 = CARTESIAN_POINT('',(2.458391878676,0.169444597813));
#1963 = CARTESIAN_POINT('',(2.449904100379,0.169507382493));
#1964 = CARTESIAN_POINT('',(2.441522524971,0.169570326425));
#1965 = CARTESIAN_POINT('',(2.433241275565,0.169633357867));
#1966 = CARTESIAN_POINT('',(2.425054962978,0.169696252717));
#1967 = CARTESIAN_POINT('',(2.416958672686,0.169758695471));
#1968 = CARTESIAN_POINT('',(2.408947951764,0.16982034018));
#1969 = CARTESIAN_POINT('',(2.396699108825,0.169913847927));
#1970 = CARTESIAN_POINT('',(2.392379414714,0.169946684553));
#1971 = CARTESIAN_POINT('',(2.388059722318,0.169979339972));
#1972 = CARTESIAN_POINT('',(2.38374003327,0.170011778417));
#1973 = CARTESIAN_POINT('',(2.37942034528,0.170043991822));
#1974 = CARTESIAN_POINT('',(2.375100655384,0.170076021977));
#1975 = CARTESIAN_POINT('',(2.370780963198,0.170107982693));
#1976 = CARTESIAN_POINT('',(2.362141586375,0.170172181197));
#1977 = CARTESIAN_POINT('',(2.357821883389,0.170204679525));
#1978 = CARTESIAN_POINT('',(2.35350222408,0.170235989663));
#1979 = CARTESIAN_POINT('',(2.349182524295,0.17027100466));
#1980 = CARTESIAN_POINT('',(2.344862816062,0.170307027095));
#1981 = CARTESIAN_POINT('',(2.340543146698,0.170340576047));
#1982 = CARTESIAN_POINT('',(2.336223454724,0.170374969906));
#1983 = CARTESIAN_POINT('',(2.316635089869,0.17052739458));
#1984 = CARTESIAN_POINT('',(2.30161511672,0.170637666632));
#1985 = CARTESIAN_POINT('',(2.286825188269,0.170739239166));
#1986 = CARTESIAN_POINT('',(2.272244381164,0.170845986973));
#1987 = CARTESIAN_POINT('',(2.257853308236,0.170957052382));
#1988 = CARTESIAN_POINT('',(2.243634882398,0.171065485612));
#1989 = CARTESIAN_POINT('',(2.229574840029,0.171172600084));
#1990 = CARTESIAN_POINT('',(2.201887202539,0.171379112372));
#1991 = CARTESIAN_POINT('',(2.188250937153,0.171478857263));
#1992 = CARTESIAN_POINT('',(2.174747708572,0.17157467374));
#1993 = CARTESIAN_POINT('',(2.161366499477,0.171667219794));
#1994 = CARTESIAN_POINT('',(2.148095532011,0.171757525538));
#1995 = CARTESIAN_POINT('',(2.134924029,0.171846278753));
#1996 = CARTESIAN_POINT('',(2.121843802195,0.171933592691));
#1997 = CARTESIAN_POINT('',(2.096453565234,0.172100990015));
#1998 = CARTESIAN_POINT('',(2.084131182848,0.172181259972));
#1999 = CARTESIAN_POINT('',(2.071879683581,0.172259927637));
#2000 = CARTESIAN_POINT('',(2.059692815989,0.17233663421));
#2001 = CARTESIAN_POINT('',(2.04756336669,0.172411107034));
#2002 = CARTESIAN_POINT('',(2.035484534995,0.172483292246));
#2003 = CARTESIAN_POINT('',(2.023451229469,0.172553313512));
#2004 = CARTESIAN_POINT('',(1.99245073034,0.172728983882));
#2005 = CARTESIAN_POINT('',(1.973523413305,0.172831666271));
#2006 = CARTESIAN_POINT('',(1.954691926239,0.172929334631));
#2007 = CARTESIAN_POINT('',(1.935932274374,0.173023233054));
#2008 = CARTESIAN_POINT('',(1.917219867786,0.1731113157));
#2009 = CARTESIAN_POINT('',(1.898531057565,0.1731927451));
#2010 = CARTESIAN_POINT('',(1.879845231002,0.173267610599));
#2011 = CARTESIAN_POINT('',(1.861179009271,0.173337339852));
#2012 = ( GEOMETRIC_REPRESENTATION_CONTEXT(2) 
PARAMETRIC_REPRESENTATION_CONTEXT() REPRESENTATION_CONTEXT('2D SPACE',''
  ) );
#2013 = ORIENTED_EDGE('',*,*,#2014,.F.);
#2014 = EDGE_CURVE('',#2015,#1543,#2017,.T.);
#2015 = VERTEX_POINT('',#2016);
#2016 = CARTESIAN_POINT('',(7.5,-1.836970198721E-15,73.937500002206));
#2017 = SURFACE_CURVE('',#2018,(#2084,#2153),.PCURVE_S1.);
#2018 = B_SPLINE_CURVE_WITH_KNOTS('',8,(#2019,#2020,#2021,#2022,#2023,
    #2024,#2025,#2026,#2027,#2028,#2029,#2030,#2031,#2032,#2033,#2034,
    #2035,#2036,#2037,#2038,#2039,#2040,#2041,#2042,#2043,#2044,#2045,
    #2046,#2047,#2048,#2049,#2050,#2051,#2052,#2053,#2054,#2055,#2056,
    #2057,#2058,#2059,#2060,#2061,#2062,#2063,#2064,#2065,#2066,#2067,
    #2068,#2069,#2070,#2071,#2072,#2073,#2074,#2075,#2076,#2077,#2078,
    #2079,#2080,#2081,#2082,#2083),.UNSPECIFIED.,.F.,.F.,(9,7,7,7,7,7,7,
    7,7,9),(0.,8.967221799268E-02,0.236651163689,0.332490345912,
    0.426689707165,0.578553234523,0.716747098673,0.845194458244,
    0.938379127424,1.),.UNSPECIFIED.);
#2019 = CARTESIAN_POINT('',(7.5,-2.6645352591E-15,73.937500002206));
#2020 = CARTESIAN_POINT('',(7.499999999997,0.396128713697,
    73.952210698918));
#2021 = CARTESIAN_POINT('',(7.476088666332,0.792279037086,
    73.966922190503));
#2022 = CARTESIAN_POINT('',(7.428261591834,1.186735361235,
    73.981633338451));
#2023 = CARTESIAN_POINT('',(7.356666798725,1.577812338154,
    73.996344051379));
#2024 = CARTESIAN_POINT('',(7.261590195657,1.963853011729,
    74.011054762248));
#2025 = CARTESIAN_POINT('',(7.143450539403,2.343228982176,
    74.025765905941));
#2026 = CARTESIAN_POINT('',(7.002803901208,2.714342604033,
    74.040477397181));
#2027 = CARTESIAN_POINT('',(6.574097015897,3.667808156229,
    74.079299979092));
#2028 = CARTESIAN_POINT('',(6.249146790363,4.233863116915,
    74.103420885052));
#2029 = CARTESIAN_POINT('',(5.868628569147,4.766662584304,
    74.127537005406));
#2030 = CARTESIAN_POINT('',(5.436617358367,5.259904488819,
    74.151649092033));
#2031 = CARTESIAN_POINT('',(4.957914637556,5.707973257129,
    74.175761186657));
#2032 = CARTESIAN_POINT('',(4.437973770753,6.105885234144,
    74.199877382839));
#2033 = CARTESIAN_POINT('',(3.882956798077,6.449357297264,
    74.223998454185));
#2034 = CARTESIAN_POINT('',(2.919714353667,6.921308370072,
    74.263832469879));
#2035 = CARTESIAN_POINT('',(2.527482919281,7.083071162971,
    74.279555865349));
#2036 = CARTESIAN_POINT('',(2.125090023022,7.219390192884,
    74.295278785381));
#2037 = CARTESIAN_POINT('',(1.714468660392,7.329534565003,
    74.311001107021));
#2038 = CARTESIAN_POINT('',(1.297595299359,7.412951477444,
    74.326723434781));
#2039 = CARTESIAN_POINT('',(0.87648648218,7.469259616385,74.342446374472
    ));
#2040 = CARTESIAN_POINT('',(0.453198878375,7.498256627936,
    74.358169801196));
#2041 = CARTESIAN_POINT('',(-0.386289451371,7.501595891431,
    74.389345430843));
#2042 = CARTESIAN_POINT('',(-0.80254410582,7.476865046029,
    74.404799748035));
#2043 = CARTESIAN_POINT('',(-1.216938810295,7.42573432004,
    74.420253626823));
#2044 = CARTESIAN_POINT('',(-1.627519204264,7.34837688145,74.43570695201
    ));
#2045 = CARTESIAN_POINT('',(-2.032366406986,7.245133369295,
    74.451160277453));
#2046 = CARTESIAN_POINT('',(-2.429597200082,7.116505175982,
    74.46661415945));
#2047 = CARTESIAN_POINT('',(-2.817366916541,6.963160519381,
    74.48206848551));
#2048 = CARTESIAN_POINT('',(-3.800862709602,6.5002686425,74.522434861521
    ));
#2049 = CARTESIAN_POINT('',(-4.378908713926,6.152410432828,
    74.547358693542));
#2050 = CARTESIAN_POINT('',(-4.920164417877,5.745958305942,74.5722767773
    ));
#2051 = CARTESIAN_POINT('',(-5.417799755193,5.285586190075,
    74.597190252036));
#2052 = CARTESIAN_POINT('',(-5.865739273412,4.776730821026,
    74.622103739532));
#2053 = CARTESIAN_POINT('',(-6.258698254766,4.225600178619,
    74.647021844008));
#2054 = CARTESIAN_POINT('',(-6.592172314817,3.639136236881,
    74.671945750545));
#2055 = CARTESIAN_POINT('',(-7.109021774232,2.46667468093,
    74.719529319349));
#2056 = CARTESIAN_POINT('',(-7.303377057536,1.884997059996,
    74.74220648202));
#2057 = CARTESIAN_POINT('',(-7.443193429546,1.286117166058,
    74.764880699911));
#2058 = CARTESIAN_POINT('',(-7.526785613791,0.676027181211,
    74.787551234485));
#2059 = CARTESIAN_POINT('',(-7.553246205573,6.080589465886E-02,
    74.810221764735));
#2060 = CARTESIAN_POINT('',(-7.522384913245,-0.553403543267,
    74.832895972849));
#2061 = CARTESIAN_POINT('',(-7.434792254166,-1.160404665635,
    74.855573128493));
#2062 = CARTESIAN_POINT('',(-7.159332021214,-2.305629145698,
    74.899315312145));
#2063 = CARTESIAN_POINT('',(-6.9789059867,-2.845960771541,
    74.920391566855));
#2064 = CARTESIAN_POINT('',(-6.751917060247,-3.369935667351,
    74.941465772818));
#2065 = CARTESIAN_POINT('',(-6.480151407618,-3.872891667317,
    74.962537417021));
#2066 = CARTESIAN_POINT('',(-6.165903533296,-4.350458037144,
    74.983609067125));
#2067 = CARTESIAN_POINT('',(-5.811935919508,-4.798543842837,
    75.004683292257));
#2068 = CARTESIAN_POINT('',(-5.421508672834,-5.213367833146,
    75.025759573936));
#2069 = CARTESIAN_POINT('',(-4.691584092186,-5.865874915361,
    75.062118038824));
#2070 = CARTESIAN_POINT('',(-4.367460973755,-6.120986755224,
    75.077405816803));
#2071 = CARTESIAN_POINT('',(-4.02754347276,-6.355576427372,
    75.09269316983));
#2072 = CARTESIAN_POINT('',(-3.673356872336,-6.568512623194,
    75.107979990547));
#2073 = CARTESIAN_POINT('',(-3.306507814324,-6.758806415191,
    75.123266805894));
#2074 = CARTESIAN_POINT('',(-2.928679982324,-6.925606670043,
    75.138554145997));
#2075 = CARTESIAN_POINT('',(-2.541635742619,-7.068206112922,
    75.15384191152));
#2076 = CARTESIAN_POINT('',(-1.886408184044,-7.263990806336,
    75.179237566234));
#2077 = CARTESIAN_POINT('',(-1.622356545054,-7.331105840076,
    75.189346529023));
#2078 = CARTESIAN_POINT('',(-1.355596913347,-7.387245567423,
    75.199455453468));
#2079 = CARTESIAN_POINT('',(-1.086662356454,-7.432283829369,
    75.209564324111));
#2080 = CARTESIAN_POINT('',(-0.816090733972,-7.466125908532,
    75.219673203668));
#2081 = CARTESIAN_POINT('',(-0.544424509475,-7.488708552971,
    75.229782152286));
#2082 = CARTESIAN_POINT('',(-0.272210562409,-7.5,75.239891146801));
#2083 = CARTESIAN_POINT('',(-1.06581410364E-14,-7.5,75.25));
#2084 = PCURVE('',#1524,#2085);
#2085 = DEFINITIONAL_REPRESENTATION('',(#2086),#2152);
#2086 = B_SPLINE_CURVE_WITH_KNOTS('',8,(#2087,#2088,#2089,#2090,#2091,
    #2092,#2093,#2094,#2095,#2096,#2097,#2098,#2099,#2100,#2101,#2102,
    #2103,#2104,#2105,#2106,#2107,#2108,#2109,#2110,#2111,#2112,#2113,
    #2114,#2115,#2116,#2117,#2118,#2119,#2120,#2121,#2122,#2123,#2124,
    #2125,#2126,#2127,#2128,#2129,#2130,#2131,#2132,#2133,#2134,#2135,
    #2136,#2137,#2138,#2139,#2140,#2141,#2142,#2143,#2144,#2145,#2146,
    #2147,#2148,#2149,#2150,#2151),.UNSPECIFIED.,.F.,.F.,(9,7,7,7,7,7,7,
    7,7,9),(0.,8.967221799268E-02,0.236651163689,0.332490345912,
    0.426689707165,0.578553234523,0.716747098673,0.845194458244,
    0.938379127424,1.),.UNSPECIFIED.);
#2087 = CARTESIAN_POINT('',(0.,3.937500002206));
#2088 = CARTESIAN_POINT('',(5.281716182633E-02,3.952210698918));
#2089 = CARTESIAN_POINT('',(0.105637174672,3.966922190503));
#2090 = CARTESIAN_POINT('',(0.158455950409,3.981633338451));
#2091 = CARTESIAN_POINT('',(0.21127316153,3.996344051379));
#2092 = CARTESIAN_POINT('',(0.264090363909,4.011054762248));
#2093 = CARTESIAN_POINT('',(0.316909120733,4.025765905941));
#2094 = CARTESIAN_POINT('',(0.369729127592,4.040477397181));
#2095 = CARTESIAN_POINT('',(0.509117388072,4.079299979092));
#2096 = CARTESIAN_POINT('',(0.595720888126,4.103420885052));
#2097 = CARTESIAN_POINT('',(0.68230722017,4.127537005406));
#2098 = CARTESIAN_POINT('',(0.768879085937,4.151649092033));
#2099 = CARTESIAN_POINT('',(0.855450990227,4.175761186657));
#2100 = CARTESIAN_POINT('',(0.942037619073,4.199877382839));
#2101 = CARTESIAN_POINT('',(1.028641740609,4.223998454185));
#2102 = CARTESIAN_POINT('',(1.171661479532,4.263832469879));
#2103 = CARTESIAN_POINT('',(1.228114629343,4.279555865349));
#2104 = CARTESIAN_POINT('',(1.28456606441,4.295278785381));
#2105 = CARTESIAN_POINT('',(1.341015342972,4.311001107021));
#2106 = CARTESIAN_POINT('',(1.397464636323,4.326723434781));
#2107 = CARTESIAN_POINT('',(1.453916121484,4.342446374472));
#2108 = CARTESIAN_POINT('',(1.510369352613,4.358169801196));
#2109 = CARTESIAN_POINT('',(1.622302015423,4.389345430843));
#2110 = CARTESIAN_POINT('',(1.677789038169,4.404799748035));
#2111 = CARTESIAN_POINT('',(1.733274489148,4.420253626823));
#2112 = CARTESIAN_POINT('',(1.788757957254,4.43570695201));
#2113 = CARTESIAN_POINT('',(1.844241432975,4.451160277453));
#2114 = CARTESIAN_POINT('',(1.899726914592,4.46661415945));
#2115 = CARTESIAN_POINT('',(1.955213998103,4.48206848551));
#2116 = CARTESIAN_POINT('',(2.100145115207,4.522434861521));
#2117 = CARTESIAN_POINT('',(2.18963146149,4.547358693543));
#2118 = CARTESIAN_POINT('',(2.279097182018,4.5722767773));
#2119 = CARTESIAN_POINT('',(2.368546357281,4.597190252036));
#2120 = CARTESIAN_POINT('',(2.457995567651,4.622103739532));
#2121 = CARTESIAN_POINT('',(2.547461337136,4.647021844008));
#2122 = CARTESIAN_POINT('',(2.636947923026,4.671945750545));
#2123 = CARTESIAN_POINT('',(2.807791553357,4.719529319349));
#2124 = CARTESIAN_POINT('',(2.889211432881,4.74220648202));
#2125 = CARTESIAN_POINT('',(2.970620735653,4.764880699911));
#2126 = CARTESIAN_POINT('',(3.052016818707,4.787551234485));
#2127 = CARTESIAN_POINT('',(3.133412896919,4.810221764735));
#2128 = CARTESIAN_POINT('',(3.214822190188,4.832895972849));
#2129 = CARTESIAN_POINT('',(3.296242069817,4.855573128493));
#2130 = CARTESIAN_POINT('',(3.453293650852,4.899315312145));
#2131 = CARTESIAN_POINT('',(3.528965660924,4.920391566855));
#2132 = CARTESIAN_POINT('',(3.604630307048,4.941465772818));
#2133 = CARTESIAN_POINT('',(3.680285739407,4.962537417021));
#2134 = CARTESIAN_POINT('',(3.755941177018,4.983609067125));
#2135 = CARTESIAN_POINT('',(3.83160585557,5.004683292257));
#2136 = CARTESIAN_POINT('',(3.907277931728,5.025759573936));
#2137 = CARTESIAN_POINT('',(4.037819054122,5.062118038824));
#2138 = CARTESIAN_POINT('',(4.092708175633,5.077405816803));
#2139 = CARTESIAN_POINT('',(4.147595788401,5.09269316983));
#2140 = CARTESIAN_POINT('',(4.202481510833,5.107979990547));
#2141 = CARTESIAN_POINT('',(4.257367231294,5.123266805894));
#2142 = CARTESIAN_POINT('',(4.312254839959,5.138554145997));
#2143 = CARTESIAN_POINT('',(4.367143961013,5.15384191152));
#2144 = CARTESIAN_POINT('',(4.458324348738,5.179237566234));
#2145 = CARTESIAN_POINT('',(4.494619486908,5.189346529023));
#2146 = CARTESIAN_POINT('',(4.530914471099,5.199455453468));
#2147 = CARTESIAN_POINT('',(4.567209241914,5.209564324111));
#2148 = CARTESIAN_POINT('',(4.603504024424,5.219673203668));
#2149 = CARTESIAN_POINT('',(4.63979904343,5.229782152286));
#2150 = CARTESIAN_POINT('',(4.67609423873,5.239891146801));
#2151 = CARTESIAN_POINT('',(4.712388980385,5.25));
#2152 = ( GEOMETRIC_REPRESENTATION_CONTEXT(2) 
PARAMETRIC_REPRESENTATION_CONTEXT() REPRESENTATION_CONTEXT('2D SPACE',''
  ) );
#2153 = PCURVE('',#2154,#2203);
#2154 = B_SPLINE_SURFACE_WITH_KNOTS('',12,1,(
    (#2155,#2156)
    ,(#2157,#2158)
    ,(#2159,#2160)
    ,(#2161,#2162)
    ,(#2163,#2164)
    ,(#2165,#2166)
    ,(#2167,#2168)
    ,(#2169,#2170)
    ,(#2171,#2172)
    ,(#2173,#2174)
    ,(#2175,#2176)
    ,(#2177,#2178)
    ,(#2179,#2180)
    ,(#2181,#2182)
    ,(#2183,#2184)
    ,(#2185,#2186)
    ,(#2187,#2188)
    ,(#2189,#2190)
    ,(#2191,#2192)
    ,(#2193,#2194)
    ,(#2195,#2196)
    ,(#2197,#2198)
    ,(#2199,#2200)
    ,(#2201,#2202
    )),.UNSPECIFIED.,.F.,.F.,.F.,(13,11,13),(2,2),(-0.,6.522339887215,
    13.04467977443),(0.,1.),.UNSPECIFIED.);
#2155 = CARTESIAN_POINT('',(-8.59733028695E-15,-7.425,75.25));
#2156 = CARTESIAN_POINT('',(-2.555059116002E-14,-7.875,75.25));
#2157 = CARTESIAN_POINT('',(-3.887720908819,-7.424999999999,
    75.10416666668));
#2158 = CARTESIAN_POINT('',(-4.123340357838,-7.874999999999,
    75.10416666668));
#2159 = CARTESIAN_POINT('',(-7.775361722745,-5.204326824348,
    74.958333333277));
#2160 = CARTESIAN_POINT('',(-8.246595766548,-5.519740571278,
    74.958333333277));
#2161 = CARTESIAN_POINT('',(-10.26846076944,-0.763125900857,
    74.812500000137));
#2162 = CARTESIAN_POINT('',(-10.89079172517,-0.809375955456,
    74.812500000137));
#2163 = CARTESIAN_POINT('',(-9.967555508664,4.925404222343,
    74.666666666434));
#2164 = CARTESIAN_POINT('',(-10.57164978191,5.223913569154,
    74.666666666434));
#2165 = CARTESIAN_POINT('',(-6.256467360206,9.909317415965,
    74.52083333363));
#2166 = CARTESIAN_POINT('',(-6.635647200213,10.509882107839,
    74.52083333363));
#2167 = CARTESIAN_POINT('',(3.006306315001E-11,11.965462290973,
    74.374999999709));
#2168 = CARTESIAN_POINT('',(2.693667511267E-11,12.690641823762,
    74.374999999709));
#2169 = CARTESIAN_POINT('',(6.256467360152,9.909317415962,
    74.229166666891));
#2170 = CARTESIAN_POINT('',(6.635647200165,10.509882107836,
    74.229166666891));
#2171 = CARTESIAN_POINT('',(9.967555508701,4.925404222347,
    74.083333333196));
#2172 = CARTESIAN_POINT('',(10.571649781953,5.223913569157,
    74.083333333196));
#2173 = CARTESIAN_POINT('',(10.268460769428,-0.76312590086,
    73.937500000065));
#2174 = CARTESIAN_POINT('',(10.890791725153,-0.809375955459,
    73.937500000065));
#2175 = CARTESIAN_POINT('',(7.775361722753,-5.204326824347,
    73.791666666644));
#2176 = CARTESIAN_POINT('',(8.246595766555,-5.519740571277,
    73.791666666644));
#2177 = CARTESIAN_POINT('',(3.887720908817,-7.424999999999,
    73.645833333338));
#2178 = CARTESIAN_POINT('',(4.123340357836,-7.874999999999,
    73.645833333338));
#2179 = CARTESIAN_POINT('',(-3.887720908817,-7.425000000001,
    73.354166666662));
#2180 = CARTESIAN_POINT('',(-4.123340357836,-7.875,73.354166666662));
#2181 = CARTESIAN_POINT('',(-7.775361722751,-5.204326824342,
    73.208333333353));
#2182 = CARTESIAN_POINT('',(-8.246595766554,-5.519740571272,
    73.208333333353));
#2183 = CARTESIAN_POINT('',(-10.26846076943,-0.763125900873,
    73.062499999954));
#2184 = CARTESIAN_POINT('',(-10.89079172515,-0.80937595547,
    73.062499999954));
#2185 = CARTESIAN_POINT('',(-9.967555508689,4.925404222372,
    72.916666666743));
#2186 = CARTESIAN_POINT('',(-10.57164978194,5.223913569179,
    72.916666666743));
#2187 = CARTESIAN_POINT('',(-6.256467360172,9.909317415925,
    72.770833333238));
#2188 = CARTESIAN_POINT('',(-6.635647200184,10.509882107805,
    72.770833333238));
#2189 = CARTESIAN_POINT('',(-4.220332140217E-12,11.965462291016,
    72.625000000091));
#2190 = CARTESIAN_POINT('',(-3.28656832505E-12,12.690641823798,
    72.625000000091));
#2191 = CARTESIAN_POINT('',(6.25646736018,9.909317415925,72.479166666602
    ));
#2192 = CARTESIAN_POINT('',(6.63564720019,10.509882107806,
    72.479166666602));
#2193 = CARTESIAN_POINT('',(9.967555508683,4.925404222372,
    72.333333333368));
#2194 = CARTESIAN_POINT('',(10.571649781938,5.223913569177,
    72.333333333368));
#2195 = CARTESIAN_POINT('',(10.268460769437,-0.763125900874,
    72.187499999987));
#2196 = CARTESIAN_POINT('',(10.89079172516,-0.809375955469,
    72.187499999987));
#2197 = CARTESIAN_POINT('',(7.775361722749,-5.204326824342,
    72.04166666667));
#2198 = CARTESIAN_POINT('',(8.246595766553,-5.519740571273,
    72.04166666667));
#2199 = CARTESIAN_POINT('',(3.887720908817,-7.425,71.895833333333));
#2200 = CARTESIAN_POINT('',(4.123340357837,-7.875,71.895833333333));
#2201 = CARTESIAN_POINT('',(-5.851547409328E-15,-7.425,71.75));
#2202 = CARTESIAN_POINT('',(-1.753149708221E-15,-7.875,71.75));
#2203 = DEFINITIONAL_REPRESENTATION('',(#2204),#2270);
#2204 = B_SPLINE_CURVE_WITH_KNOTS('',8,(#2205,#2206,#2207,#2208,#2209,
    #2210,#2211,#2212,#2213,#2214,#2215,#2216,#2217,#2218,#2219,#2220,
    #2221,#2222,#2223,#2224,#2225,#2226,#2227,#2228,#2229,#2230,#2231,
    #2232,#2233,#2234,#2235,#2236,#2237,#2238,#2239,#2240,#2241,#2242,
    #2243,#2244,#2245,#2246,#2247,#2248,#2249,#2250,#2251,#2252,#2253,
    #2254,#2255,#2256,#2257,#2258,#2259,#2260,#2261,#2262,#2263,#2264,
    #2265,#2266,#2267,#2268,#2269),.UNSPECIFIED.,.F.,.F.,(9,7,7,7,7,7,7,
    7,7,9),(0.,8.967221799268E-02,0.236651163689,0.332490345912,
    0.426689707165,0.578553234523,0.716747098673,0.845194458244,
    0.938379127424,1.),.UNSPECIFIED.);
#2205 = CARTESIAN_POINT('',(4.891754907171,0.166667646039));
#2206 = CARTESIAN_POINT('',(4.836927384926,0.166667148437));
#2207 = CARTESIAN_POINT('',(4.782096900189,0.166666599533));
#2208 = CARTESIAN_POINT('',(4.727267696142,0.166666050115));
#2209 = CARTESIAN_POINT('',(4.67244011343,0.166665557007));
#2210 = CARTESIAN_POINT('',(4.617612538425,0.166665165626));
#2211 = CARTESIAN_POINT('',(4.562783350284,0.166664900902));
#2212 = CARTESIAN_POINT('',(4.507952866775,0.166664766572));
#2213 = CARTESIAN_POINT('',(4.363259109904,0.166664730299));
#2214 = CARTESIAN_POINT('',(4.27335925444,0.166665030543));
#2215 = CARTESIAN_POINT('',(4.183477235178,0.166665609855));
#2216 = CARTESIAN_POINT('',(4.093610249826,0.166666300393));
#2217 = CARTESIAN_POINT('',(4.003743234662,0.166666897445));
#2218 = CARTESIAN_POINT('',(3.913860932787,0.166667275109));
#2219 = CARTESIAN_POINT('',(3.823960460923,0.166667442725));
#2220 = CARTESIAN_POINT('',(3.675497038389,0.166667462019));
#2221 = CARTESIAN_POINT('',(3.616895135856,0.16666740373));
#2222 = CARTESIAN_POINT('',(3.558295005302,0.166667294729));
#2223 = CARTESIAN_POINT('',(3.499697104987,0.166667162686));
#2224 = CARTESIAN_POINT('',(3.441099181862,0.166667037627));
#2225 = CARTESIAN_POINT('',(3.382498978038,0.166666944162));
#2226 = CARTESIAN_POINT('',(3.323896959019,0.166666896075));
#2227 = CARTESIAN_POINT('',(3.207703786016,0.16666689052));
#2228 = CARTESIAN_POINT('',(3.150104752043,0.166666931533));
#2229 = CARTESIAN_POINT('',(3.092507352026,0.166667017358));
#2230 = CARTESIAN_POINT('',(3.034912015309,0.166667136238));
#2231 = CARTESIAN_POINT('',(2.977316677634,0.166667265902));
#2232 = CARTESIAN_POINT('',(2.919719265655,0.166667378253));
#2233 = CARTESIAN_POINT('',(2.862120198632,0.166667446439));
#2234 = CARTESIAN_POINT('',(2.711672641856,0.166667467043));
#2235 = CARTESIAN_POINT('',(2.618780239723,0.166667322674));
#2236 = CARTESIAN_POINT('',(2.525909261659,0.166666950845));
#2237 = CARTESIAN_POINT('',(2.433055461666,0.166666341245));
#2238 = CARTESIAN_POINT('',(2.340201614103,0.166665610352));
#2239 = CARTESIAN_POINT('',(2.247330558826,0.166665007523));
#2240 = CARTESIAN_POINT('',(2.154437878967,0.166664707563));
#2241 = CARTESIAN_POINT('',(1.977091473949,0.166664799623));
#2242 = CARTESIAN_POINT('',(1.892572523881,0.16666512941));
#2243 = CARTESIAN_POINT('',(1.808064549159,0.166665789589));
#2244 = CARTESIAN_POINT('',(1.72357030235,0.166666712115));
#2245 = CARTESIAN_POINT('',(1.639076071658,0.166667709892));
#2246 = CARTESIAN_POINT('',(1.554568133376,0.166668527104));
#2247 = CARTESIAN_POINT('',(1.470049209495,0.16666894643));
#2248 = CARTESIAN_POINT('',(1.307019844247,0.166668959364));
#2249 = CARTESIAN_POINT('',(1.22846756038,0.166668609309));
#2250 = CARTESIAN_POINT('',(1.149922912298,0.16666786308));
#2251 = CARTESIAN_POINT('',(1.071387812026,0.166666825353));
#2252 = CARTESIAN_POINT('',(0.992852689763,0.16666574054));
#2253 = CARTESIAN_POINT('',(0.914307970236,0.16666491928));
#2254 = CARTESIAN_POINT('',(0.835755585851,0.16666459622));
#2255 = CARTESIAN_POINT('',(0.700245719693,0.166664808238));
#2256 = CARTESIAN_POINT('',(0.643267385924,0.166665134056));
#2257 = CARTESIAN_POINT('',(0.586290635971,0.166665689506));
#2258 = CARTESIAN_POINT('',(0.529315869965,0.166666402562));
#2259 = CARTESIAN_POINT('',(0.472341123973,0.166667133634));
#2260 = CARTESIAN_POINT('',(0.415364422189,0.16666771064));
#2261 = CARTESIAN_POINT('',(0.358386134844,0.166668001699));
#2262 = CARTESIAN_POINT('',(0.263735225301,0.166668041192));
#2263 = CARTESIAN_POINT('',(0.226058601749,0.166667945629));
#2264 = CARTESIAN_POINT('',(0.188382121107,0.166667722582));
#2265 = CARTESIAN_POINT('',(0.150705840987,0.166667411068));
#2266 = CARTESIAN_POINT('',(0.113029527644,0.166667081631));
#2267 = CARTESIAN_POINT('',(7.535295690797E-02,0.166666812653));
#2268 = CARTESIAN_POINT('',(3.767621510684E-02,0.166666666667));
#2269 = CARTESIAN_POINT('',(0.,0.166666666667));
#2270 = ( GEOMETRIC_REPRESENTATION_CONTEXT(2) 
PARAMETRIC_REPRESENTATION_CONTEXT() REPRESENTATION_CONTEXT('2D SPACE',''
  ) );
#2271 = ORIENTED_EDGE('',*,*,#2272,.F.);
#2272 = EDGE_CURVE('',#2273,#2015,#2275,.T.);
#2273 = VERTEX_POINT('',#2274);
#2274 = CARTESIAN_POINT('',(7.5,-1.836970198721E-15,72.635048751961));
#2275 = SURFACE_CURVE('',#2276,(#2280,#2287),.PCURVE_S1.);
#2276 = LINE('',#2277,#2278);
#2277 = CARTESIAN_POINT('',(7.5,-1.836970198721E-15,70.));
#2278 = VECTOR('',#2279,1.);
#2279 = DIRECTION('',(0.,0.,1.));
#2280 = PCURVE('',#1524,#2281);
#2281 = DEFINITIONAL_REPRESENTATION('',(#2282),#2286);
#2282 = LINE('',#2283,#2284);
#2283 = CARTESIAN_POINT('',(0.,-0.));
#2284 = VECTOR('',#2285,1.);
#2285 = DIRECTION('',(0.,1.));
#2286 = ( GEOMETRIC_REPRESENTATION_CONTEXT(2) 
PARAMETRIC_REPRESENTATION_CONTEXT() REPRESENTATION_CONTEXT('2D SPACE',''
  ) );
#2287 = PCURVE('',#2288,#2293);
#2288 = CYLINDRICAL_SURFACE('',#2289,7.5);
#2289 = AXIS2_PLACEMENT_3D('',#2290,#2291,#2292);
#2290 = CARTESIAN_POINT('',(0.,0.,70.));
#2291 = DIRECTION('',(0.,0.,1.));
#2292 = DIRECTION('',(1.,0.,-0.));
#2293 = DEFINITIONAL_REPRESENTATION('',(#2294),#2298);
#2294 = LINE('',#2295,#2296);
#2295 = CARTESIAN_POINT('',(6.28318530718,-0.));
#2296 = VECTOR('',#2297,1.);
#2297 = DIRECTION('',(0.,1.));
#2298 = ( GEOMETRIC_REPRESENTATION_CONTEXT(2) 
PARAMETRIC_REPRESENTATION_CONTEXT() REPRESENTATION_CONTEXT('2D SPACE',''
  ) );
#2299 = ORIENTED_EDGE('',*,*,#2300,.F.);
#2300 = EDGE_CURVE('',#1545,#2273,#2301,.T.);
#2301 = SURFACE_CURVE('',#2302,(#2395,#2491),.PCURVE_S1.);
#2302 = B_SPLINE_CURVE_WITH_KNOTS('',6,(#2303,#2304,#2305,#2306,#2307,
    #2308,#2309,#2310,#2311,#2312,#2313,#2314,#2315,#2316,#2317,#2318,
    #2319,#2320,#2321,#2322,#2323,#2324,#2325,#2326,#2327,#2328,#2329,
    #2330,#2331,#2332,#2333,#2334,#2335,#2336,#2337,#2338,#2339,#2340,
    #2341,#2342,#2343,#2344,#2345,#2346,#2347,#2348,#2349,#2350,#2351,
    #2352,#2353,#2354,#2355,#2356,#2357,#2358,#2359,#2360,#2361,#2362,
    #2363,#2364,#2365,#2366,#2367,#2368,#2369,#2370,#2371,#2372,#2373,
    #2374,#2375,#2376,#2377,#2378,#2379,#2380,#2381,#2382,#2383,#2384,
    #2385,#2386,#2387,#2388,#2389,#2390,#2391,#2392,#2393,#2394),
  .UNSPECIFIED.,.F.,.F.,(7,5,5,5,5,5,5,5,5,5,5,5,5,5,5,5,5,5,7),(0.,
    7.530230790033E-02,0.146473552728,0.213570660009,0.253696854925,
    0.27154700404,0.288612597619,0.356902012534,0.406535322368,
    0.495091784943,0.569148895363,0.633906768765,0.689105306128,
    0.737622849371,0.81775186969,0.880814918058,0.942616419111,
    0.971220147961,1.),.UNSPECIFIED.);
#2303 = CARTESIAN_POINT('',(7.5,0.,74.571632751149));
#2304 = CARTESIAN_POINT('',(7.5,-0.592767166765,74.551923518838));
#2305 = CARTESIAN_POINT('',(7.443780209964,-1.185598083936,
    74.532075257497));
#2306 = CARTESIAN_POINT('',(7.331319093536,-1.771666474852,
    74.51209501131));
#2307 = CARTESIAN_POINT('',(7.163743560275,-2.344405935094,
    74.491981774603));
#2308 = CARTESIAN_POINT('',(6.943056058335,-2.897463051887,
    74.471734205045));
#2309 = CARTESIAN_POINT('',(6.416586188859,-3.923168616383,
    74.432102122658));
#2310 = CARTESIAN_POINT('',(6.116082332838,-4.398668949424,
    74.41272718988));
#2311 = CARTESIAN_POINT('',(5.773496491783,-4.846161739073,
    74.393239805736));
#2312 = CARTESIAN_POINT('',(5.392158874755,-5.261115398751,
    74.373639346593));
#2313 = CARTESIAN_POINT('',(4.975959274379,-5.639469100732,
    74.353924355925));
#2314 = CARTESIAN_POINT('',(4.108577223042,-6.296703856227,
    74.315409020762));
#2315 = CARTESIAN_POINT('',(3.660690475879,-6.58009290806,
    74.296617813655));
#2316 = CARTESIAN_POINT('',(3.189651194912,-6.825027980396,
    74.277728968616));
#2317 = CARTESIAN_POINT('',(2.699596370561,-7.029254712891,
    74.258740620787));
#2318 = CARTESIAN_POINT('',(2.194910777037,-7.191050697391,
    74.23965103663));
#2319 = CARTESIAN_POINT('',(1.372510234769,-7.380104453884,
    74.208990196029));
#2320 = CARTESIAN_POINT('',(1.061168291176,-7.435303315149,
    74.197480653325));
#2321 = CARTESIAN_POINT('',(0.74724026425,-7.474725053996,
    74.185936172835));
#2322 = CARTESIAN_POINT('',(0.431723919721,-7.498227810476,
    74.17435699452));
#2323 = CARTESIAN_POINT('',(0.115625386758,-7.505754277911,
    74.16274322387));
#2324 = CARTESIAN_POINT('',(-0.340465976304,-7.493584989579,
    74.145913068619));
#2325 = CARTESIAN_POINT('',(-0.480803764326,-7.486682208361,
    74.140724483059));
#2326 = CARTESIAN_POINT('',(-0.620968513798,-7.476625667219,
    74.13552898454));
#2327 = CARTESIAN_POINT('',(-0.760872576309,-7.463421055037,
    74.130326482231));
#2328 = CARTESIAN_POINT('',(-0.90042698647,-7.447077491129,
    74.125116903956));
#2329 = CARTESIAN_POINT('',(-1.172541532872,-7.408993309593,
    74.11491277486));
#2330 = CARTESIAN_POINT('',(-1.305140371103,-7.387521493439,
    74.109918843076));
#2331 = CARTESIAN_POINT('',(-1.437262440979,-7.363202602265,
    74.104918452659));
#2332 = CARTESIAN_POINT('',(-1.568831795685,-7.336050085866,
    74.099911662089));
#2333 = CARTESIAN_POINT('',(-1.699772077217,-7.306080318348,
    74.094898536511));
#2334 = CARTESIAN_POINT('',(-2.351150630747,-7.142189796456,
    74.06979363935));
#2335 = CARTESIAN_POINT('',(-2.861062827142,-6.966247372541,
    74.049605221096));
#2336 = CARTESIAN_POINT('',(-3.354824079862,-6.746708958788,
    74.029318709822));
#2337 = CARTESIAN_POINT('',(-3.827857207315,-6.485503760368,
    74.008929135102));
#2338 = CARTESIAN_POINT('',(-4.275867745507,-6.185120100455,
    73.988434093607));
#2339 = CARTESIAN_POINT('',(-4.9994873128,-5.604253905563,73.95286622813
    ));
#2340 = CARTESIAN_POINT('',(-5.288783105032,-5.340733438242,
    73.937840525711));
#2341 = CARTESIAN_POINT('',(-5.561302564433,-5.059382117159,
    73.922760105333));
#2342 = CARTESIAN_POINT('',(-5.815696489293,-4.761546279978,
    73.907624542697));
#2343 = CARTESIAN_POINT('',(-6.050753198919,-4.448697151818,
    73.892433274076));
#2344 = CARTESIAN_POINT('',(-6.648422003851,-3.540342098897,
    73.849983793191));
#2345 = CARTESIAN_POINT('',(-6.966610285902,-2.915414417824,
    73.822597759852));
#2346 = CARTESIAN_POINT('',(-7.213783576185,-2.256976874466,
    73.795040379135));
#2347 = CARTESIAN_POINT('',(-7.385954298965,-1.575088174684,
    73.767301779316));
#2348 = CARTESIAN_POINT('',(-7.480677547527,-0.880287743182,
    73.739370687287));
#2349 = CARTESIAN_POINT('',(-7.512024412128,0.398726246435,
    73.687747729452));
#2350 = CARTESIAN_POINT('',(-7.471998952328,0.982598447875,
    73.664103462207));
#2351 = CARTESIAN_POINT('',(-7.377494951466,1.561382347123,
    73.640328604528));
#2352 = CARTESIAN_POINT('',(-7.229409701638,2.128814454187,
    73.616418290886));
#2353 = CARTESIAN_POINT('',(-7.02946791447,2.678807523422,
    73.592366936571));
#2354 = CARTESIAN_POINT('',(-6.562721465645,3.666091197523,
    73.547025829847));
#2355 = CARTESIAN_POINT('',(-6.307429257383,4.108937911382,
    73.525765078186));
#2356 = CARTESIAN_POINT('',(-6.016418361048,4.530162378897,
    73.504396563629));
#2357 = CARTESIAN_POINT('',(-5.692026161066,4.926239163916,
    73.48291660505));
#2358 = CARTESIAN_POINT('',(-5.33699925383,5.293951904286,
    73.461321047606));
#2359 = CARTESIAN_POINT('',(-4.628609171421,5.917305970007,
    73.421104572013));
#2360 = CARTESIAN_POINT('',(-4.282706753495,6.181504539883,
    73.40251344513));
#2361 = CARTESIAN_POINT('',(-3.91886192164,6.421307880308,73.38383676139
    ));
#2362 = CARTESIAN_POINT('',(-3.539235612038,6.635236089525,
    73.365072046922));
#2363 = CARTESIAN_POINT('',(-3.146133894629,6.82204798111,
    73.346216619077));
#2364 = CARTESIAN_POINT('',(-2.386833610996,7.120298736623,
    73.310616306685));
#2365 = CARTESIAN_POINT('',(-2.023119139155,7.238130957534,
    73.293891336494));
#2366 = CARTESIAN_POINT('',(-1.652556499704,7.333619173474,
    73.277094273181));
#2367 = CARTESIAN_POINT('',(-1.276860171779,7.406291685605,
    73.260223198944));
#2368 = CARTESIAN_POINT('',(-0.897781675065,7.455842613777,
    73.243275997897));
#2369 = CARTESIAN_POINT('',(0.111580068714,7.525602466672,
    73.198134992457));
#2370 = CARTESIAN_POINT('',(0.744730260737,7.505666676783,
    73.169802552481));
#2371 = CARTESIAN_POINT('',(1.374130776225,7.421750038128,
    73.141255128487));
#2372 = CARTESIAN_POINT('',(1.991827676081,7.274761380046,
    73.112478426154));
#2373 = CARTESIAN_POINT('',(2.590075154179,7.066717846919,
    73.083456210938));
#2374 = CARTESIAN_POINT('',(3.611105795948,6.59210211299,73.03114930138)
  );
#2375 = CARTESIAN_POINT('',(4.044203974209,6.34739468174,73.007954982407
    ));
#2376 = CARTESIAN_POINT('',(4.457129284195,6.068674429883,
    72.984599548523));
#2377 = CARTESIAN_POINT('',(4.846608863795,5.758064799473,
    72.961074700008));
#2378 = CARTESIAN_POINT('',(5.209645277673,5.418061991398,
    72.937370472456));
#2379 = CARTESIAN_POINT('',(5.870830605315,4.692484609604,
    72.890067868901));
#2380 = CARTESIAN_POINT('',(6.170169490714,4.307916913265,
    72.866474203557));
#2381 = CARTESIAN_POINT('',(6.439080566555,3.900661613554,
    72.842692965819));
#2382 = CARTESIAN_POINT('',(6.67548774185,3.47374544802,72.818711806946)
  );
#2383 = CARTESIAN_POINT('',(6.877683025181,3.030416078033,
    72.794518488615));
#2384 = CARTESIAN_POINT('',(7.121564111623,2.363020808871,
    72.758803125606));
#2385 = CARTESIAN_POINT('',(7.190552301409,2.150669002354,
    72.747539627146));
#2386 = CARTESIAN_POINT('',(7.251445327268,1.937571851797,
    72.736314218245));
#2387 = CARTESIAN_POINT('',(7.304356339495,1.724156661645,
    72.725128304789));
#2388 = CARTESIAN_POINT('',(7.349428199025,1.510830698261,
    72.713982991558));
#2389 = CARTESIAN_POINT('',(7.42446079109,1.083818772952,72.691706264804
    ));
#2390 = CARTESIAN_POINT('',(7.454640285614,0.868354657089,
    72.680482698379));
#2391 = CARTESIAN_POINT('',(7.477311586252,0.651912750502,
    72.669206845055));
#2392 = CARTESIAN_POINT('',(7.492437522554,0.434820055564,
    72.657877160716));
#2393 = CARTESIAN_POINT('',(7.5,0.217405512622,72.646491827131));
#2394 = CARTESIAN_POINT('',(7.5,-1.7763568394E-15,72.635048751961));
#2395 = PCURVE('',#1524,#2396);
#2396 = DEFINITIONAL_REPRESENTATION('',(#2397),#2490);
#2397 = B_SPLINE_CURVE_WITH_KNOTS('',6,(#2398,#2399,#2400,#2401,#2402,
    #2403,#2404,#2405,#2406,#2407,#2408,#2409,#2410,#2411,#2412,#2413,
    #2414,#2415,#2416,#2417,#2418,#2419,#2420,#2421,#2422,#2423,#2424,
    #2425,#2426,#2427,#2428,#2429,#2430,#2431,#2432,#2433,#2434,#2435,
    #2436,#2437,#2438,#2439,#2440,#2441,#2442,#2443,#2444,#2445,#2446,
    #2447,#2448,#2449,#2450,#2451,#2452,#2453,#2454,#2455,#2456,#2457,
    #2458,#2459,#2460,#2461,#2462,#2463,#2464,#2465,#2466,#2467,#2468,
    #2469,#2470,#2471,#2472,#2473,#2474,#2475,#2476,#2477,#2478,#2479,
    #2480,#2481,#2482,#2483,#2484,#2485,#2486,#2487,#2488,#2489),
  .UNSPECIFIED.,.F.,.F.,(7,5,5,5,5,5,5,5,5,5,5,5,5,5,5,5,5,5,7),(0.,
    7.530230790033E-02,0.146473552728,0.213570660009,0.253696854925,
    0.27154700404,0.288612597619,0.356902012534,0.406535322368,
    0.495091784943,0.569148895363,0.633906768765,0.689105306128,
    0.737622849371,0.81775186969,0.880814918058,0.942616419111,
    0.971220147961,1.),.UNSPECIFIED.);
#2398 = CARTESIAN_POINT('',(6.28318530718,4.571632751149));
#2399 = CARTESIAN_POINT('',(6.204149684944,4.551923518838));
#2400 = CARTESIAN_POINT('',(6.125105690648,4.532075257497));
#2401 = CARTESIAN_POINT('',(6.046073939824,4.51209501131));
#2402 = CARTESIAN_POINT('',(5.96704343219,4.491981774603));
#2403 = CARTESIAN_POINT('',(5.888003154902,4.471734205045));
#2404 = CARTESIAN_POINT('',(5.734279453065,4.432102122658));
#2405 = CARTESIAN_POINT('',(5.659579333445,4.41272718988));
#2406 = CARTESIAN_POINT('',(5.584888686987,4.393239805736));
#2407 = CARTESIAN_POINT('',(5.510199176322,4.373639346593));
#2408 = CARTESIAN_POINT('',(5.435502475723,4.353924355925));
#2409 = CARTESIAN_POINT('',(5.290401184095,4.315409020762));
#2410 = CARTESIAN_POINT('',(5.219983973148,4.296617813655));
#2411 = CARTESIAN_POINT('',(5.149574057005,4.277728968616));
#2412 = CARTESIAN_POINT('',(5.079165225157,4.258740620787));
#2413 = CARTESIAN_POINT('',(5.008751269955,4.23965103663));
#2414 = CARTESIAN_POINT('',(4.896237845589,4.208990196029));
#2415 = CARTESIAN_POINT('',(4.854131921536,4.197480653325));
#2416 = CARTESIAN_POINT('',(4.812026872139,4.185936172835));
#2417 = CARTESIAN_POINT('',(4.769922226385,4.17435699452));
#2418 = CARTESIAN_POINT('',(4.727817514294,4.16274322387));
#2419 = CARTESIAN_POINT('',(4.666983689925,4.145913068619));
#2420 = CARTESIAN_POINT('',(4.648254098635,4.140724483059));
#2421 = CARTESIAN_POINT('',(4.629524518114,4.13552898454));
#2422 = CARTESIAN_POINT('',(4.610794834321,4.130326482231));
#2423 = CARTESIAN_POINT('',(4.592065146612,4.125116903956));
#2424 = CARTESIAN_POINT('',(4.555429588597,4.11491277486));
#2425 = CARTESIAN_POINT('',(4.537523584405,4.109918843076));
#2426 = CARTESIAN_POINT('',(4.519617577241,4.104918452659));
#2427 = CARTESIAN_POINT('',(4.501711518114,4.099911662089));
#2428 = CARTESIAN_POINT('',(4.483805486968,4.094898536511));
#2429 = CARTESIAN_POINT('',(4.394248143633,4.06979363935));
#2430 = CARTESIAN_POINT('',(4.322590846473,4.049605221096));
#2431 = CARTESIAN_POINT('',(4.250941071047,4.029318709822));
#2432 = CARTESIAN_POINT('',(4.179292324093,4.008929135102));
#2433 = CARTESIAN_POINT('',(4.107637754513,3.988434093607));
#2434 = CARTESIAN_POINT('',(3.983915426372,3.95286622813));
#2435 = CARTESIAN_POINT('',(3.931840366804,3.937840525711));
#2436 = CARTESIAN_POINT('',(3.879767190482,3.922760105333));
#2437 = CARTESIAN_POINT('',(3.827694510714,3.907624542697));
#2438 = CARTESIAN_POINT('',(3.775620943781,3.892433274076));
#2439 = CARTESIAN_POINT('',(3.630641748182,3.849983793191));
#2440 = CARTESIAN_POINT('',(3.537715097788,3.822597759852));
#2441 = CARTESIAN_POINT('',(3.444814662314,3.795040379135));
#2442 = CARTESIAN_POINT('',(3.351915993995,3.767301779316));
#2443 = CARTESIAN_POINT('',(3.258994692906,3.739370687287));
#2444 = CARTESIAN_POINT('',(3.088408284092,3.687747729452));
#2445 = CARTESIAN_POINT('',(3.010712897883,3.664103462207));
#2446 = CARTESIAN_POINT('',(2.933029063553,3.640328604528));
#2447 = CARTESIAN_POINT('',(2.855346693448,3.616418290886));
#2448 = CARTESIAN_POINT('',(2.777655719977,3.592366936571));
#2449 = CARTESIAN_POINT('',(2.632048558942,3.547025829847));
#2450 = CARTESIAN_POINT('',(2.564118848016,3.525765078186));
#2451 = CARTESIAN_POINT('',(2.496195607212,3.504396563629));
#2452 = CARTESIAN_POINT('',(2.428273666868,3.48291660505));
#2453 = CARTESIAN_POINT('',(2.360347868007,3.461321047606));
#2454 = CARTESIAN_POINT('',(2.234534122063,3.421104572013));
#2455 = CARTESIAN_POINT('',(2.176639301287,3.40251344513));
#2456 = CARTESIAN_POINT('',(2.118747897685,3.38383676139));
#2457 = CARTESIAN_POINT('',(2.060857586657,3.365072046922));
#2458 = CARTESIAN_POINT('',(2.00296604847,3.346216619077));
#2459 = CARTESIAN_POINT('',(1.894195919083,3.310616306685));
#2460 = CARTESIAN_POINT('',(1.843313973558,3.293891336494));
#2461 = CARTESIAN_POINT('',(1.792434207721,3.277094273181));
#2462 = CARTESIAN_POINT('',(1.741555409732,3.260223198944));
#2463 = CARTESIAN_POINT('',(1.690676371412,3.243275997897));
#2464 = CARTESIAN_POINT('',(1.555773768397,3.198134992457));
#2465 = CARTESIAN_POINT('',(1.471738111176,3.169802552481));
#2466 = CARTESIAN_POINT('',(1.38772040297,3.141255128487));
#2467 = CARTESIAN_POINT('',(1.303705901906,3.112478426153));
#2468 = CARTESIAN_POINT('',(1.219679906073,3.083456210938));
#2469 = CARTESIAN_POINT('',(1.069553223785,3.03114930138));
#2470 = CARTESIAN_POINT('',(1.00343446371,3.007954982407));
#2471 = CARTESIAN_POINT('',(0.937322678492,2.984599548523));
#2472 = CARTESIAN_POINT('',(0.871213448219,2.961074700008));
#2473 = CARTESIAN_POINT('',(0.805102379047,2.937370472456));
#2474 = CARTESIAN_POINT('',(0.674216265738,2.890067868901));
#2475 = CARTESIAN_POINT('',(0.609433654399,2.866474203557));
#2476 = CARTESIAN_POINT('',(0.544658177531,2.842692965819));
#2477 = CARTESIAN_POINT('',(0.479885934477,2.818711806946));
#2478 = CARTESIAN_POINT('',(0.415113036258,2.794518488615));
#2479 = CARTESIAN_POINT('',(0.320371804627,2.758803125606));
#2480 = CARTESIAN_POINT('',(0.290621061074,2.747539627146));
#2481 = CARTESIAN_POINT('',(0.26109894454,2.736314218245));
#2482 = CARTESIAN_POINT('',(0.231808971247,2.725128304789));
#2483 = CARTESIAN_POINT('',(0.202754659765,2.713982991558));
#2484 = CARTESIAN_POINT('',(0.144947459255,2.691706264804));
#2485 = CARTESIAN_POINT('',(0.11595605475,2.680482698379));
#2486 = CARTESIAN_POINT('',(8.696554353987E-02,2.669206845055));
#2487 = CARTESIAN_POINT('',(5.797596293171E-02,2.657877160716));
#2488 = CARTESIAN_POINT('',(2.898740168289E-02,2.646491827131));
#2489 = CARTESIAN_POINT('',(0.,2.635048751961));
#2490 = ( GEOMETRIC_REPRESENTATION_CONTEXT(2) 
PARAMETRIC_REPRESENTATION_CONTEXT() REPRESENTATION_CONTEXT('2D SPACE',''
  ) );
#2491 = PCURVE('',#1796,#2492);
#2492 = DEFINITIONAL_REPRESENTATION('',(#2493),#2586);
#2493 = B_SPLINE_CURVE_WITH_KNOTS('',6,(#2494,#2495,#2496,#2497,#2498,
    #2499,#2500,#2501,#2502,#2503,#2504,#2505,#2506,#2507,#2508,#2509,
    #2510,#2511,#2512,#2513,#2514,#2515,#2516,#2517,#2518,#2519,#2520,
    #2521,#2522,#2523,#2524,#2525,#2526,#2527,#2528,#2529,#2530,#2531,
    #2532,#2533,#2534,#2535,#2536,#2537,#2538,#2539,#2540,#2541,#2542,
    #2543,#2544,#2545,#2546,#2547,#2548,#2549,#2550,#2551,#2552,#2553,
    #2554,#2555,#2556,#2557,#2558,#2559,#2560,#2561,#2562,#2563,#2564,
    #2565,#2566,#2567,#2568,#2569,#2570,#2571,#2572,#2573,#2574,#2575,
    #2576,#2577,#2578,#2579,#2580,#2581,#2582,#2583,#2584,#2585),
  .UNSPECIFIED.,.F.,.F.,(7,5,5,5,5,5,5,5,5,5,5,5,5,5,5,5,5,5,7),(0.,
    7.530230790033E-02,0.146473552728,0.213570660009,0.253696854925,
    0.27154700404,0.288612597619,0.356902012534,0.406535322368,
    0.495091784943,0.569148895363,0.633906768765,0.689105306128,
    0.737622849371,0.81775186969,0.880814918058,0.942616419111,
    0.971220147961,1.),.UNSPECIFIED.);
#2494 = CARTESIAN_POINT('',(1.861179010401,0.173337348661));
#2495 = CARTESIAN_POINT('',(1.848025698632,0.173386478905));
#2496 = CARTESIAN_POINT('',(1.834870418364,0.173432929379));
#2497 = CARTESIAN_POINT('',(1.821710194472,0.173477116743));
#2498 = CARTESIAN_POINT('',(1.808536981763,0.173519804648));
#2499 = CARTESIAN_POINT('',(1.795342804433,0.173560776192));
#2500 = CARTESIAN_POINT('',(1.76963232872,0.173635551885));
#2501 = CARTESIAN_POINT('',(1.757115950578,0.173669628781));
#2502 = CARTESIAN_POINT('',(1.744573318068,0.173700853628));
#2503 = CARTESIAN_POINT('',(1.731997969179,0.173728023434));
#2504 = CARTESIAN_POINT('',(1.719383315658,0.173750960602));
#2505 = CARTESIAN_POINT('',(1.694794748968,0.173789414727));
#2506 = CARTESIAN_POINT('',(1.682823513065,0.173805295338));
#2507 = CARTESIAN_POINT('',(1.670810647076,0.173819118233));
#2508 = CARTESIAN_POINT('',(1.65875069805,0.173832896593));
#2509 = CARTESIAN_POINT('',(1.646638058189,0.173847415803));
#2510 = CARTESIAN_POINT('',(1.627193345691,0.173868123989));
#2511 = CARTESIAN_POINT('',(1.61989637926,0.173875295282));
#2512 = CARTESIAN_POINT('',(1.612578413521,0.173881580187));
#2513 = CARTESIAN_POINT('',(1.6052383694,0.173886000817));
#2514 = CARTESIAN_POINT('',(1.597875145833,0.173887915867));
#2515 = CARTESIAN_POINT('',(1.587201603374,0.173888076474));
#2516 = CARTESIAN_POINT('',(1.583910741525,0.173887783361));
#2517 = CARTESIAN_POINT('',(1.580614866362,0.173887199689));
#2518 = CARTESIAN_POINT('',(1.577313831634,0.173886492809));
#2519 = CARTESIAN_POINT('',(1.574007738781,0.173885945412));
#2520 = CARTESIAN_POINT('',(1.567531652522,0.173885965216));
#2521 = CARTESIAN_POINT('',(1.564370631486,0.173886336329));
#2522 = CARTESIAN_POINT('',(1.561213769851,0.173886799167));
#2523 = CARTESIAN_POINT('',(1.55806098465,0.173887158841));
#2524 = CARTESIAN_POINT('',(1.554912213916,0.173887295275));
#2525 = CARTESIAN_POINT('',(1.539183244813,0.173886634751));
#2526 = CARTESIAN_POINT('',(1.526661028816,0.173881675138));
#2527 = CARTESIAN_POINT('',(1.514198160408,0.173868673069));
#2528 = CARTESIAN_POINT('',(1.501788383346,0.173855326121));
#2529 = CARTESIAN_POINT('',(1.489425819891,0.17384146393));
#2530 = CARTESIAN_POINT('',(1.468155084414,0.173816471626));
#2531 = CARTESIAN_POINT('',(1.459225145793,0.173805601703));
#2532 = CARTESIAN_POINT('',(1.450316698054,0.173794220678));
#2533 = CARTESIAN_POINT('',(1.44142771694,0.173781729302));
#2534 = CARTESIAN_POINT('',(1.432556195625,0.173767695651));
#2535 = CARTESIAN_POINT('',(1.407900869087,0.173723823895));
#2536 = CARTESIAN_POINT('',(1.392148058185,0.173690244613));
#2537 = CARTESIAN_POINT('',(1.376440035587,0.173649925028));
#2538 = CARTESIAN_POINT('',(1.360762446937,0.173605024003));
#2539 = CARTESIAN_POINT('',(1.345101047926,0.173557386449));
#2540 = CARTESIAN_POINT('',(1.316367050645,0.173464936445));
#2541 = CARTESIAN_POINT('',(1.303286497431,0.173420937886));
#2542 = CARTESIAN_POINT('',(1.290208413449,0.173375175666));
#2543 = CARTESIAN_POINT('',(1.277124853815,0.173327013838));
#2544 = CARTESIAN_POINT('',(1.264027647022,0.173275799075));
#2545 = CARTESIAN_POINT('',(1.239445537473,0.173173803438));
#2546 = CARTESIAN_POINT('',(1.227962815674,0.173123766003));
#2547 = CARTESIAN_POINT('',(1.216462157296,0.173071145146));
#2548 = CARTESIAN_POINT('',(1.204938002584,0.173016056597));
#2549 = CARTESIAN_POINT('',(1.193384528299,0.172958779351));
#2550 = CARTESIAN_POINT('',(1.171922171331,0.172848908761));
#2551 = CARTESIAN_POINT('',(1.162021379206,0.172796868322));
#2552 = CARTESIAN_POINT('',(1.152093322463,0.172743443883));
#2553 = CARTESIAN_POINT('',(1.142134229398,0.172688673547));
#2554 = CARTESIAN_POINT('',(1.132140111326,0.172632474076));
#2555 = CARTESIAN_POINT('',(1.113289993966,0.172524068013));
#2556 = CARTESIAN_POINT('',(1.104442196734,0.172472198503));
#2557 = CARTESIAN_POINT('',(1.095562348336,0.172419125429));
#2558 = CARTESIAN_POINT('',(1.086647516025,0.17236479619));
#2559 = CARTESIAN_POINT('',(1.077694580063,0.172309226292));
#2560 = CARTESIAN_POINT('',(1.053847296208,0.172158758242));
#2561 = CARTESIAN_POINT('',(1.038879706261,0.172061821553));
#2562 = CARTESIAN_POINT('',(1.023788974666,0.171961876503));
#2563 = CARTESIAN_POINT('',(1.008557237073,0.171859777578));
#2564 = CARTESIAN_POINT('',(0.993164137951,0.171755147468));
#2565 = CARTESIAN_POINT('',(0.965341216565,0.171561889609));
#2566 = CARTESIAN_POINT('',(0.952976329718,0.171474582441));
#2567 = CARTESIAN_POINT('',(0.940491707328,0.171384708588));
#2568 = CARTESIAN_POINT('',(0.927875632692,0.171291479377));
#2569 = CARTESIAN_POINT('',(0.915114764649,0.171195369399));
#2570 = CARTESIAN_POINT('',(0.88953657924,0.171002039716));
#2571 = CARTESIAN_POINT('',(0.876724071786,0.17090494782));
#2572 = CARTESIAN_POINT('',(0.863746931024,0.170807066622));
#2573 = CARTESIAN_POINT('',(0.850589124535,0.170711736496));
#2574 = CARTESIAN_POINT('',(0.837232151109,0.170615740595));
#2575 = CARTESIAN_POINT('',(0.817373458593,0.170467274007));
#2576 = CARTESIAN_POINT('',(0.811090270083,0.17041946879));
#2577 = CARTESIAN_POINT('',(0.804807093887,0.170370641206));
#2578 = CARTESIAN_POINT('',(0.798523913538,0.17032035737));
#2579 = CARTESIAN_POINT('',(0.792240716687,0.170269422231));
#2580 = CARTESIAN_POINT('',(0.779635661419,0.170173004035));
#2581 = CARTESIAN_POINT('',(0.77326114974,0.170125573839));
#2582 = CARTESIAN_POINT('',(0.766831638362,0.170077954702));
#2583 = CARTESIAN_POINT('',(0.760344529683,0.170029508928));
#2584 = CARTESIAN_POINT('',(0.753796988039,0.169980076932));
#2585 = CARTESIAN_POINT('',(0.747185939701,0.169929977239));
#2586 = ( GEOMETRIC_REPRESENTATION_CONTEXT(2) 
PARAMETRIC_REPRESENTATION_CONTEXT() REPRESENTATION_CONTEXT('2D SPACE',''
  ) );
#2587 = ORIENTED_EDGE('',*,*,#2588,.T.);
#2588 = EDGE_CURVE('',#1545,#1508,#2589,.T.);
#2589 = SEAM_CURVE('',#2590,(#2594,#2601),.PCURVE_S1.);
#2590 = LINE('',#2591,#2592);
#2591 = CARTESIAN_POINT('',(7.5,-1.836970198721E-15,70.));
#2592 = VECTOR('',#2593,1.);
#2593 = DIRECTION('',(0.,0.,1.));
#2594 = PCURVE('',#1524,#2595);
#2595 = DEFINITIONAL_REPRESENTATION('',(#2596),#2600);
#2596 = LINE('',#2597,#2598);
#2597 = CARTESIAN_POINT('',(6.28318530718,-0.));
#2598 = VECTOR('',#2599,1.);
#2599 = DIRECTION('',(0.,1.));
#2600 = ( GEOMETRIC_REPRESENTATION_CONTEXT(2) 
PARAMETRIC_REPRESENTATION_CONTEXT() REPRESENTATION_CONTEXT('2D SPACE',''
  ) );
#2601 = PCURVE('',#1524,#2602);
#2602 = DEFINITIONAL_REPRESENTATION('',(#2603),#2607);
#2603 = LINE('',#2604,#2605);
#2604 = CARTESIAN_POINT('',(0.,-0.));
#2605 = VECTOR('',#2606,1.);
#2606 = DIRECTION('',(0.,1.));
#2607 = ( GEOMETRIC_REPRESENTATION_CONTEXT(2) 
PARAMETRIC_REPRESENTATION_CONTEXT() REPRESENTATION_CONTEXT('2D SPACE',''
  ) );
#2608 = ORIENTED_EDGE('',*,*,#1507,.F.);
#2609 = ORIENTED_EDGE('',*,*,#2588,.F.);
#2610 = ADVANCED_FACE('',(#2611),#1796,.F.);
#2611 = FACE_BOUND('',#2612,.F.);
#2612 = EDGE_LOOP('',(#2613,#2637,#2865,#2866,#2867,#2889));
#2613 = ORIENTED_EDGE('',*,*,#2614,.F.);
#2614 = EDGE_CURVE('',#2615,#2617,#2619,.T.);
#2615 = VERTEX_POINT('',#2616);
#2616 = CARTESIAN_POINT('',(-1.924386576017E-15,-7.5,71.75));
#2617 = VERTEX_POINT('',#2618);
#2618 = CARTESIAN_POINT('',(-1.446614031493E-15,-7.875,71.75));
#2619 = SURFACE_CURVE('',#2620,(#2623,#2630),.PCURVE_S1.);
#2620 = B_SPLINE_CURVE_WITH_KNOTS('',1,(#2621,#2622),.UNSPECIFIED.,.F.,
  .F.,(2,2),(0.,1.),.PIECEWISE_BEZIER_KNOTS.);
#2621 = CARTESIAN_POINT('',(-2.22044604925E-15,-7.425,71.75));
#2622 = CARTESIAN_POINT('',(-4.440892098501E-16,-7.875,71.75));
#2623 = PCURVE('',#1796,#2624);
#2624 = DEFINITIONAL_REPRESENTATION('',(#2625),#2629);
#2625 = LINE('',#2626,#2627);
#2626 = CARTESIAN_POINT('',(0.,0.));
#2627 = VECTOR('',#2628,1.);
#2628 = DIRECTION('',(0.,1.));
#2629 = ( GEOMETRIC_REPRESENTATION_CONTEXT(2) 
PARAMETRIC_REPRESENTATION_CONTEXT() REPRESENTATION_CONTEXT('2D SPACE',''
  ) );
#2630 = PCURVE('',#2154,#2631);
#2631 = DEFINITIONAL_REPRESENTATION('',(#2632),#2636);
#2632 = LINE('',#2633,#2634);
#2633 = CARTESIAN_POINT('',(13.04467977443,0.));
#2634 = VECTOR('',#2635,1.);
#2635 = DIRECTION('',(0.,1.));
#2636 = ( GEOMETRIC_REPRESENTATION_CONTEXT(2) 
PARAMETRIC_REPRESENTATION_CONTEXT() REPRESENTATION_CONTEXT('2D SPACE',''
  ) );
#2637 = ORIENTED_EDGE('',*,*,#2638,.F.);
#2638 = EDGE_CURVE('',#2273,#2615,#2639,.T.);
#2639 = SURFACE_CURVE('',#2640,(#2713,#2789),.PCURVE_S1.);
#2640 = B_SPLINE_CURVE_WITH_KNOTS('',8,(#2641,#2642,#2643,#2644,#2645,
    #2646,#2647,#2648,#2649,#2650,#2651,#2652,#2653,#2654,#2655,#2656,
    #2657,#2658,#2659,#2660,#2661,#2662,#2663,#2664,#2665,#2666,#2667,
    #2668,#2669,#2670,#2671,#2672,#2673,#2674,#2675,#2676,#2677,#2678,
    #2679,#2680,#2681,#2682,#2683,#2684,#2685,#2686,#2687,#2688,#2689,
    #2690,#2691,#2692,#2693,#2694,#2695,#2696,#2697,#2698,#2699,#2700,
    #2701,#2702,#2703,#2704,#2705,#2706,#2707,#2708,#2709,#2710,#2711,
    #2712),.UNSPECIFIED.,.F.,.F.,(9,7,7,7,7,7,7,7,7,7,9),(0.,
    0.367480738491,0.640248264426,0.766097383979,0.839966058254,
    0.897755382642,0.933866725724,0.950132126028,0.966397525286,
    0.982662928047,1.),.UNSPECIFIED.);
#2641 = CARTESIAN_POINT('',(7.5,-1.7763568394E-15,72.635048751961));
#2642 = CARTESIAN_POINT('',(7.5,-0.566663252713,72.605222598433));
#2643 = CARTESIAN_POINT('',(7.451068941405,-1.133408128325,
    72.575015900492));
#2644 = CARTESIAN_POINT('',(7.353184839683,-1.695100890024,
    72.544407124179));
#2645 = CARTESIAN_POINT('',(7.207010347263,-2.246806209933,
    72.513359369399));
#2646 = CARTESIAN_POINT('',(7.013769513946,-2.783758326892,
    72.481824820144));
#2647 = CARTESIAN_POINT('',(6.77520496798,-3.301357074267,
    72.449745609118));
#2648 = CARTESIAN_POINT('',(6.493615517814,-3.795188777794,
    72.41705109678));
#2649 = CARTESIAN_POINT('',(5.933231556868,-4.606880135215,
    72.358860312463));
#2650 = CARTESIAN_POINT('',(5.672364928099,-4.937373124814,
    72.333674827292));
#2651 = CARTESIAN_POINT('',(5.390553442339,-5.250857002291,
    72.308055726647));
#2652 = CARTESIAN_POINT('',(5.089114958196,-5.545785520045,
    72.281953703208));
#2653 = CARTESIAN_POINT('',(4.769492132063,-5.820746088918,
    72.25530205115));
#2654 = CARTESIAN_POINT('',(4.433246599442,-6.074454987574,
    72.228016985015));
#2655 = CARTESIAN_POINT('',(4.082066479298,-6.305763848715,
    72.199985781186));
#2656 = CARTESIAN_POINT('',(3.549724161311,-6.609607209758,
    72.157659857058));
#2657 = CARTESIAN_POINT('',(3.378863446241,-6.700558236513,
    72.144098061636));
#2658 = CARTESIAN_POINT('',(3.205387512039,-6.786436223985,
    72.130319172508));
#2659 = CARTESIAN_POINT('',(3.029478610344,-6.867152585612,
    72.116300369733));
#2660 = CARTESIAN_POINT('',(2.851323856302,-6.942626348924,
    72.102014661157));
#2661 = CARTESIAN_POINT('',(2.671115875615,-7.012784337945,
    72.087428649214));
#2662 = CARTESIAN_POINT('',(2.489054265905,-7.077561599316,
    72.072497629931));
#2663 = CARTESIAN_POINT('',(2.197519166155,-7.171732685755,
    72.048154255598));
#2664 = CARTESIAN_POINT('',(2.089124347664,-7.20469002383,
    72.039009672463));
#2665 = CARTESIAN_POINT('',(1.980205063904,-7.2357629607,72.029711478627
    ));
#2666 = CARTESIAN_POINT('',(1.870804760457,-7.264941236869,
    72.020243917491));
#2667 = CARTESIAN_POINT('',(1.760968643315,-7.292215561441,
    72.010588430732));
#2668 = CARTESIAN_POINT('',(1.650744149674,-7.317577763602,
    72.000722221226));
#2669 = CARTESIAN_POINT('',(1.540181927712,-7.341020993145,71.9906152201
    ));
#2670 = CARTESIAN_POINT('',(1.342620801102,-7.37937480765,
    71.972097285322));
#2671 = CARTESIAN_POINT('',(1.255734908523,-7.395031265958,
    71.963796403389));
#2672 = CARTESIAN_POINT('',(1.168703380114,-7.409507571927,
    71.955301927005));
#2673 = CARTESIAN_POINT('',(1.081553878881,-7.422801794087,
    71.94658968306));
#2674 = CARTESIAN_POINT('',(0.994320274469,-7.434912252408,
    71.937626810005));
#2675 = CARTESIAN_POINT('',(0.907042520022,-7.44583789143,
    71.928372081517));
#2676 = CARTESIAN_POINT('',(0.819769379111,-7.455578801896,
    71.918768826713));
#2677 = CARTESIAN_POINT('',(0.678079712093,-7.469484963096,
    71.902436342137));
#2678 = CARTESIAN_POINT('',(0.623631898258,-7.474369746143,
    71.895982139715));
#2679 = CARTESIAN_POINT('',(0.569232274618,-7.478793457556,
    71.88932735778));
#2680 = CARTESIAN_POINT('',(0.514895280561,-7.482757032693,
    71.882444389338));
#2681 = CARTESIAN_POINT('',(0.46065471348,-7.486261054756,
    71.875287112705));
#2682 = CARTESIAN_POINT('',(0.406558187338,-7.489306387371,
    71.867800235719));
#2683 = CARTESIAN_POINT('',(0.352673463443,-7.491895108321,
    71.859906648375));
#2684 = CARTESIAN_POINT('',(0.275020666102,-7.494994735326,
    71.847602034644));
#2685 = CARTESIAN_POINT('',(0.252010419243,-7.495824418372,
    71.843824977415));
#2686 = CARTESIAN_POINT('',(0.23010015575,-7.49653563471,71.840091943488
    ));
#2687 = CARTESIAN_POINT('',(0.209285094308,-7.497141830029,
    71.836402856766));
#2688 = CARTESIAN_POINT('',(0.189560225685,-7.49765546797,71.83275763596
    ));
#2689 = CARTESIAN_POINT('',(0.170920312727,-7.498088030131,
    71.829156194587));
#2690 = CARTESIAN_POINT('',(0.153359890362,-7.498450016062,
    71.825598440969));
#2691 = CARTESIAN_POINT('',(0.120386641899,-7.499051870455,
    71.818570115723));
#2692 = CARTESIAN_POINT('',(0.104973887629,-7.499291779917,
    71.815099549348));
#2693 = CARTESIAN_POINT('',(9.062932108714E-02,-7.499480184004,
    71.811672482086));
#2694 = CARTESIAN_POINT('',(7.734713078922E-02,-7.499625696092,
    71.808288812427));
#2695 = CARTESIAN_POINT('',(6.512137547537E-02,-7.499736030589,
    71.804948434371));
#2696 = CARTESIAN_POINT('',(5.394598410771E-02,-7.499818002932,
    71.801651237432));
#2697 = CARTESIAN_POINT('',(4.38147558707E-02,-7.499877529586,
    71.798397106632));
#2698 = CARTESIAN_POINT('',(2.562796251251E-02,-7.499961726515,
    71.79197473769));
#2699 = CARTESIAN_POINT('',(1.757243273724E-02,-7.499986443558,
    71.788806503728));
#2700 = CARTESIAN_POINT('',(1.054844921331E-02,-7.499998793988,
    71.785681098643));
#2701 = CARTESIAN_POINT('',(4.549613189419E-03,-7.50000298744,
    71.782598396508));
#2702 = CARTESIAN_POINT('',(-4.305512050313E-04,-7.500002428374,
    71.779558267452));
#2703 = CARTESIAN_POINT('',(-4.39859695991E-03,-7.499999716076,
    71.776560577653));
#2704 = CARTESIAN_POINT('',(-7.361154184366E-03,-7.499996644655,
    71.773605189348));
#2705 = CARTESIAN_POINT('',(-1.141809219857E-02,-7.499991600562,
    71.767586790092));
#2706 = CARTESIAN_POINT('',(-1.203305442648E-02,-7.499990071925,
    71.765041242333));
#2707 = CARTESIAN_POINT('',(-1.223054626268E-02,-7.499990663672,
    71.762416425853));
#2708 = CARTESIAN_POINT('',(-1.150314167081E-02,-7.4999897484,
    71.759481695438));
#2709 = CARTESIAN_POINT('',(-9.507791422377E-03,-7.499996531032,
    71.756263616976));
#2710 = CARTESIAN_POINT('',(-5.345965081215E-03,-7.499999910332,
    71.7532436969));
#2711 = CARTESIAN_POINT('',(-1.327187678116E-03,-7.5,71.750792187174));
#2712 = CARTESIAN_POINT('',(-1.535230276239E-15,-7.5,71.75));
#2713 = PCURVE('',#1796,#2714);
#2714 = DEFINITIONAL_REPRESENTATION('',(#2715),#2788);
#2715 = B_SPLINE_CURVE_WITH_KNOTS('',8,(#2716,#2717,#2718,#2719,#2720,
    #2721,#2722,#2723,#2724,#2725,#2726,#2727,#2728,#2729,#2730,#2731,
    #2732,#2733,#2734,#2735,#2736,#2737,#2738,#2739,#2740,#2741,#2742,
    #2743,#2744,#2745,#2746,#2747,#2748,#2749,#2750,#2751,#2752,#2753,
    #2754,#2755,#2756,#2757,#2758,#2759,#2760,#2761,#2762,#2763,#2764,
    #2765,#2766,#2767,#2768,#2769,#2770,#2771,#2772,#2773,#2774,#2775,
    #2776,#2777,#2778,#2779,#2780,#2781,#2782,#2783,#2784,#2785,#2786,
    #2787),.UNSPECIFIED.,.F.,.F.,(9,7,7,7,7,7,7,7,7,7,9),(0.,
    0.367480738491,0.640248264426,0.766097383979,0.839966058254,
    0.897755382642,0.933866725724,0.950132126028,0.966397525286,
    0.982662928047,1.),.UNSPECIFIED.);
#2716 = CARTESIAN_POINT('',(0.747185939701,0.169929977239));
#2717 = CARTESIAN_POINT('',(0.729954370411,0.169799393359));
#2718 = CARTESIAN_POINT('',(0.712307600771,0.169663476282));
#2719 = CARTESIAN_POINT('',(0.694204854018,0.169524199052));
#2720 = CARTESIAN_POINT('',(0.675590183606,0.169385361731));
#2721 = CARTESIAN_POINT('',(0.656394218458,0.169247964884));
#2722 = CARTESIAN_POINT('',(0.636530916987,0.16910923431));
#2723 = CARTESIAN_POINT('',(0.615889329883,0.168965296988));
#2724 = CARTESIAN_POINT('',(0.578310522033,0.16870781009));
#2725 = CARTESIAN_POINT('',(0.561785990562,0.168595807678));
#2726 = CARTESIAN_POINT('',(0.544682950017,0.168481550716));
#2727 = CARTESIAN_POINT('',(0.52692441449,0.168365527027));
#2728 = CARTESIAN_POINT('',(0.508406381609,0.168248951602));
#2729 = CARTESIAN_POINT('',(0.48899730666,0.168132576319));
#2730 = CARTESIAN_POINT('',(0.468517558018,0.168015732522));
#2731 = CARTESIAN_POINT('',(0.436583431137,0.167842684965));
#2732 = CARTESIAN_POINT('',(0.426208732055,0.167787714894));
#2733 = CARTESIAN_POINT('',(0.415512055068,0.167732304915));
#2734 = CARTESIAN_POINT('',(0.404456492655,0.167676322285));
#2735 = CARTESIAN_POINT('',(0.392998314387,0.167619645101));
#2736 = CARTESIAN_POINT('',(0.381083252942,0.167562201488));
#2737 = CARTESIAN_POINT('',(0.368638342444,0.167504007862));
#2738 = CARTESIAN_POINT('',(0.347882411102,0.167410691976));
#2739 = CARTESIAN_POINT('',(0.339986928029,0.167375967665));
#2740 = CARTESIAN_POINT('',(0.331851914335,0.167341061584));
#2741 = CARTESIAN_POINT('',(0.323451469075,0.167306011796));
#2742 = CARTESIAN_POINT('',(0.314755007897,0.167270870693));
#2743 = CARTESIAN_POINT('',(0.305724860706,0.167235698681));
#2744 = CARTESIAN_POINT('',(0.296311194994,0.16720054704));
#2745 = CARTESIAN_POINT('',(0.278725116861,0.167137956995));
#2746 = CARTESIAN_POINT('',(0.270728906725,0.167110505988));
#2747 = CARTESIAN_POINT('',(0.262421113146,0.167083083031));
#2748 = CARTESIAN_POINT('',(0.253761554879,0.167055677147));
#2749 = CARTESIAN_POINT('',(0.244695284425,0.167028257528));
#2750 = CARTESIAN_POINT('',(0.235153152804,0.167000751098));
#2751 = CARTESIAN_POINT('',(0.225039900441,0.166973022405));
#2752 = CARTESIAN_POINT('',(0.207406271264,0.166927290847));
#2753 = CARTESIAN_POINT('',(0.200338460542,0.166909545655));
#2754 = CARTESIAN_POINT('',(0.192938887174,0.166891593098));
#2755 = CARTESIAN_POINT('',(0.185161341147,0.166873374003));
#2756 = CARTESIAN_POINT('',(0.176927564573,0.166854833872));
#2757 = CARTESIAN_POINT('',(0.168143193318,0.166835916644));
#2758 = CARTESIAN_POINT('',(0.158676316318,0.166816590331));
#2759 = CARTESIAN_POINT('',(0.143501788507,0.166788114135));
#2760 = CARTESIAN_POINT('',(0.138789398707,0.166779586168));
#2761 = CARTESIAN_POINT('',(0.134077010853,0.166771393446));
#2762 = CARTESIAN_POINT('',(0.129364624128,0.166763554586));
#2763 = CARTESIAN_POINT('',(0.124652237587,0.166756086786));
#2764 = CARTESIAN_POINT('',(0.119939850162,0.166749005825));
#2765 = CARTESIAN_POINT('',(0.115227460656,0.166742326059));
#2766 = CARTESIAN_POINT('',(0.105802675138,0.166729794798));
#2767 = CARTESIAN_POINT('',(0.10109028595,0.166723939881));
#2768 = CARTESIAN_POINT('',(9.637789858548E-02,0.16671850759));
#2769 = CARTESIAN_POINT('',(9.166551175845E-02,0.166713500661));
#2770 = CARTESIAN_POINT('',(8.695312449321E-02,0.16670891265));
#2771 = CARTESIAN_POINT('',(8.224073612388E-02,0.166704727933));
#2772 = CARTESIAN_POINT('',(7.752834629453E-02,0.166700921707));
#2773 = CARTESIAN_POINT('',(6.810356260862E-02,0.166693998273));
#2774 = CARTESIAN_POINT('',(6.339117510678E-02,0.166690888086));
#2775 = CARTESIAN_POINT('',(5.867878872053E-02,0.166688080034));
#2776 = CARTESIAN_POINT('',(5.396640114481E-02,0.166685526791));
#2777 = CARTESIAN_POINT('',(4.925401150276E-02,0.166683183105));
#2778 = CARTESIAN_POINT('',(4.454162034566E-02,0.16668100579));
#2779 = CARTESIAN_POINT('',(3.982922965292E-02,0.166678953734));
#2780 = CARTESIAN_POINT('',(3.009397370431E-02,0.166674892532));
#2781 = CARTESIAN_POINT('',(2.589895690631E-02,0.16667327036));
#2782 = CARTESIAN_POINT('',(2.154243800589E-02,0.166671493071));
#2783 = CARTESIAN_POINT('',(1.66044100781E-02,0.166669973493));
#2784 = CARTESIAN_POINT('',(1.110535139825E-02,0.166667670416));
#2785 = CARTESIAN_POINT('',(5.781310709135E-03,0.166666709621));
#2786 = CARTESIAN_POINT('',(1.413473517178E-03,0.166666666667));
#2787 = CARTESIAN_POINT('',(0.,0.166666666667));
#2788 = ( GEOMETRIC_REPRESENTATION_CONTEXT(2) 
PARAMETRIC_REPRESENTATION_CONTEXT() REPRESENTATION_CONTEXT('2D SPACE',''
  ) );
#2789 = PCURVE('',#2288,#2790);
#2790 = DEFINITIONAL_REPRESENTATION('',(#2791),#2864);
#2791 = B_SPLINE_CURVE_WITH_KNOTS('',8,(#2792,#2793,#2794,#2795,#2796,
    #2797,#2798,#2799,#2800,#2801,#2802,#2803,#2804,#2805,#2806,#2807,
    #2808,#2809,#2810,#2811,#2812,#2813,#2814,#2815,#2816,#2817,#2818,
    #2819,#2820,#2821,#2822,#2823,#2824,#2825,#2826,#2827,#2828,#2829,
    #2830,#2831,#2832,#2833,#2834,#2835,#2836,#2837,#2838,#2839,#2840,
    #2841,#2842,#2843,#2844,#2845,#2846,#2847,#2848,#2849,#2850,#2851,
    #2852,#2853,#2854,#2855,#2856,#2857,#2858,#2859,#2860,#2861,#2862,
    #2863),.UNSPECIFIED.,.F.,.F.,(9,7,7,7,7,7,7,7,7,7,9),(0.,
    0.367480738491,0.640248264426,0.766097383979,0.839966058254,
    0.897755382642,0.933866725724,0.950132126028,0.966397525286,
    0.982662928047,1.),.UNSPECIFIED.);
#2792 = CARTESIAN_POINT('',(6.28318530718,2.635048751961));
#2793 = CARTESIAN_POINT('',(6.207630206818,2.605222598433));
#2794 = CARTESIAN_POINT('',(6.132064606147,2.575015900492));
#2795 = CARTESIAN_POINT('',(6.056514016971,2.544407124179));
#2796 = CARTESIAN_POINT('',(5.980981428569,2.513359369399));
#2797 = CARTESIAN_POINT('',(5.905458591514,2.481824820144));
#2798 = CARTESIAN_POINT('',(5.82993742254,2.449745609118));
#2799 = CARTESIAN_POINT('',(5.754421530451,2.41705109678));
#2800 = CARTESIAN_POINT('',(5.622909094645,2.358860312463));
#2801 = CARTESIAN_POINT('',(5.566884812857,2.333674827292));
#2802 = CARTESIAN_POINT('',(5.51087221069,2.308055726646));
#2803 = CARTESIAN_POINT('',(5.454872907028,2.281953703208));
#2804 = CARTESIAN_POINT('',(5.39888696288,2.25530205115));
#2805 = CARTESIAN_POINT('',(5.342914965513,2.228016985015));
#2806 = CARTESIAN_POINT('',(5.286960600894,2.199985781186));
#2807 = CARTESIAN_POINT('',(5.205233778797,2.157659857058));
#2808 = CARTESIAN_POINT('',(5.179436998196,2.144098061636));
#2809 = CARTESIAN_POINT('',(5.153646496951,2.130319172508));
#2810 = CARTESIAN_POINT('',(5.127863112017,2.116300369733));
#2811 = CARTESIAN_POINT('',(5.10208785055,2.102014661157));
#2812 = CARTESIAN_POINT('',(5.076322033433,2.087428649214));
#2813 = CARTESIAN_POINT('',(5.050567545159,2.072497629931));
#2814 = CARTESIAN_POINT('',(5.009718575004,2.048154255598));
#2815 = CARTESIAN_POINT('',(4.994614907014,2.039009672463));
#2816 = CARTESIAN_POINT('',(4.979516670056,2.029711478627));
#2817 = CARTESIAN_POINT('',(4.964424557083,2.020243917491));
#2818 = CARTESIAN_POINT('',(4.949339465168,2.010588430732));
#2819 = CARTESIAN_POINT('',(4.934262560431,2.000722221226));
#2820 = CARTESIAN_POINT('',(4.919195412778,1.9906152201));
#2821 = CARTESIAN_POINT('',(4.892362128693,1.972097285322));
#2822 = CARTESIAN_POINT('',(4.880591831409,1.963796403389));
#2823 = CARTESIAN_POINT('',(4.868829970797,1.955301927005));
#2824 = CARTESIAN_POINT('',(4.857077739521,1.94658968306));
#2825 = CARTESIAN_POINT('',(4.845337156886,1.937626810005));
#2826 = CARTESIAN_POINT('',(4.833611048638,1.928372081517));
#2827 = CARTESIAN_POINT('',(4.821903411732,1.918768826713));
#2828 = CARTESIAN_POINT('',(4.80292068599,1.902436342137));
#2829 = CARTESIAN_POINT('',(4.7956320745,1.895982139715));
#2830 = CARTESIAN_POINT('',(4.788355270276,1.88932735778));
#2831 = CARTESIAN_POINT('',(4.781091590159,1.882444389338));
#2832 = CARTESIAN_POINT('',(4.773844937025,1.875287112705));
#2833 = CARTESIAN_POINT('',(4.766621055396,1.867800235719));
#2834 = CARTESIAN_POINT('',(4.759428375772,1.859906648375));
#2835 = CARTESIAN_POINT('',(4.749066424328,1.847602034644));
#2836 = CARTESIAN_POINT('',(4.745996416979,1.843824977415));
#2837 = CARTESIAN_POINT('',(4.743073540233,1.840091943488));
#2838 = CARTESIAN_POINT('',(4.740297054103,1.836402856766));
#2839 = CARTESIAN_POINT('',(4.73766620564,1.83275763596));
#2840 = CARTESIAN_POINT('',(4.73518022893,1.829156194587));
#2841 = CARTESIAN_POINT('',(4.732838345099,1.825598440969));
#2842 = CARTESIAN_POINT('',(4.728441179662,1.818570115723));
#2843 = CARTESIAN_POINT('',(4.726385902184,1.815099549348));
#2844 = CARTESIAN_POINT('',(4.724473137327,1.811672482086));
#2845 = CARTESIAN_POINT('',(4.722702081806,1.808288812427));
#2846 = CARTESIAN_POINT('',(4.7210719216,1.804948434371));
#2847 = CARTESIAN_POINT('',(4.71958183195,1.801651237432));
#2848 = CARTESIAN_POINT('',(4.718230977364,1.798397106632));
#2849 = CARTESIAN_POINT('',(4.715806045597,1.79197473769));
#2850 = CARTESIAN_POINT('',(4.714731970366,1.788806503728));
#2851 = CARTESIAN_POINT('',(4.713795439029,1.785681098643));
#2852 = CARTESIAN_POINT('',(4.712995595502,1.782598396508));
#2853 = CARTESIAN_POINT('',(4.712331574508,1.779558267452));
#2854 = CARTESIAN_POINT('',(4.711802501576,1.776560577653));
#2855 = CARTESIAN_POINT('',(4.711407493042,1.773605189348));
#2856 = CARTESIAN_POINT('',(4.710866567555,1.767586790092));
#2857 = CARTESIAN_POINT('',(4.710784572411,1.765041242333));
#2858 = CARTESIAN_POINT('',(4.710758240218,1.762416425853));
#2859 = CARTESIAN_POINT('',(4.710855227362,1.759481695437));
#2860 = CARTESIAN_POINT('',(4.711121275048,1.756263616976));
#2861 = CARTESIAN_POINT('',(4.711676185007,1.7532436969));
#2862 = CARTESIAN_POINT('',(4.712212022028,1.750792187174));
#2863 = CARTESIAN_POINT('',(4.712388980385,1.75));
#2864 = ( GEOMETRIC_REPRESENTATION_CONTEXT(2) 
PARAMETRIC_REPRESENTATION_CONTEXT() REPRESENTATION_CONTEXT('2D SPACE',''
  ) );
#2865 = ORIENTED_EDGE('',*,*,#2300,.F.);
#2866 = ORIENTED_EDGE('',*,*,#1542,.F.);
#2867 = ORIENTED_EDGE('',*,*,#2868,.T.);
#2868 = EDGE_CURVE('',#1543,#2869,#2871,.T.);
#2869 = VERTEX_POINT('',#2870);
#2870 = CARTESIAN_POINT('',(-1.929306155908E-14,-7.875,75.25));
#2871 = SURFACE_CURVE('',#2872,(#2875,#2882),.PCURVE_S1.);
#2872 = B_SPLINE_CURVE_WITH_KNOTS('',1,(#2873,#2874),.UNSPECIFIED.,.F.,
  .F.,(2,2),(0.,1.),.PIECEWISE_BEZIER_KNOTS.);
#2873 = CARTESIAN_POINT('',(-1.86517468137E-14,-7.425,75.25));
#2874 = CARTESIAN_POINT('',(-1.998401444325E-14,-7.875,75.25));
#2875 = PCURVE('',#1796,#2876);
#2876 = DEFINITIONAL_REPRESENTATION('',(#2877),#2881);
#2877 = LINE('',#2878,#2879);
#2878 = CARTESIAN_POINT('',(3.14159265359,0.));
#2879 = VECTOR('',#2880,1.);
#2880 = DIRECTION('',(0.,1.));
#2881 = ( GEOMETRIC_REPRESENTATION_CONTEXT(2) 
PARAMETRIC_REPRESENTATION_CONTEXT() REPRESENTATION_CONTEXT('2D SPACE',''
  ) );
#2882 = PCURVE('',#2154,#2883);
#2883 = DEFINITIONAL_REPRESENTATION('',(#2884),#2888);
#2884 = LINE('',#2885,#2886);
#2885 = CARTESIAN_POINT('',(-0.,0.));
#2886 = VECTOR('',#2887,1.);
#2887 = DIRECTION('',(0.,1.));
#2888 = ( GEOMETRIC_REPRESENTATION_CONTEXT(2) 
PARAMETRIC_REPRESENTATION_CONTEXT() REPRESENTATION_CONTEXT('2D SPACE',''
  ) );
#2889 = ORIENTED_EDGE('',*,*,#2890,.F.);
#2890 = EDGE_CURVE('',#2617,#2869,#2891,.T.);
#2891 = SURFACE_CURVE('',#2892,(#2939,#2946),.PCURVE_S1.);
#2892 = B_SPLINE_CURVE_WITH_KNOTS('',12,(#2893,#2894,#2895,#2896,#2897,
    #2898,#2899,#2900,#2901,#2902,#2903,#2904,#2905,#2906,#2907,#2908,
    #2909,#2910,#2911,#2912,#2913,#2914,#2915,#2916,#2917,#2918,#2919,
    #2920,#2921,#2922,#2923,#2924,#2925,#2926,#2927,#2928,#2929,#2930,
    #2931,#2932,#2933,#2934,#2935,#2936,#2937,#2938),.UNSPECIFIED.,.F.,
  .F.,(13,11,11,11,13),(0.,0.785398163397,1.570796326795,2.356194490192,
    3.14159265359),.UNSPECIFIED.);
#2893 = CARTESIAN_POINT('',(-4.440892098501E-16,-7.875,71.75));
#2894 = CARTESIAN_POINT('',(-3.535735187134E-02,-7.875000000001,
    71.770008168275));
#2895 = CARTESIAN_POINT('',(0.115738166709,-7.87477286685,
    71.797177874893));
#2896 = CARTESIAN_POINT('',(0.470200191281,-7.87780178708,
    71.831978565719));
#2897 = CARTESIAN_POINT('',(1.042290058272,-7.866133734866,
    71.87480095204));
#2898 = CARTESIAN_POINT('',(1.847257142006,-7.802390058216,
    71.925923530684));
#2899 = CARTESIAN_POINT('',(2.889017659722,-7.602398660819,
    71.985476762933));
#2900 = CARTESIAN_POINT('',(4.149830528891,-7.161491273956,
    72.053409398619));
#2901 = CARTESIAN_POINT('',(5.56023359051,-6.325806752013,
    72.129462962839));
#2902 = CARTESIAN_POINT('',(6.925147323999,-4.929641388893,
    72.213164276498));
#2903 = CARTESIAN_POINT('',(7.903798753392,-2.96561223243,
    72.303841498141));
#2904 = CARTESIAN_POINT('',(8.203166013897,-0.64590523396,
    72.400658653994));
#2905 = CARTESIAN_POINT('',(7.182098359313,4.015792497125,
    72.604663650258));
#2906 = CARTESIAN_POINT('',(5.861581843573,6.357712327394,
    72.711851490537));
#2907 = CARTESIAN_POINT('',(3.602526264483,8.365990302395,
    72.823270081137));
#2908 = CARTESIAN_POINT('',(0.432829348499,9.560937605892,72.93784620511
    ));
#2909 = CARTESIAN_POINT('',(-3.293153683607,9.410153832074,
    73.054433528599));
#2910 = CARTESIAN_POINT('',(-6.922418003807,7.548358568553,
    73.171868966815));
#2911 = CARTESIAN_POINT('',(-9.321878557665,4.073658938958,
    73.289032236695));
#2912 = CARTESIAN_POINT('',(-9.874007473424,5.932670902835E-02,
    73.404897091452));
#2913 = CARTESIAN_POINT('',(-8.732342767858,-3.588126743632,
    73.51856437975));
#2914 = CARTESIAN_POINT('',(-6.399204167967,-6.228235216491,
    73.629278489619));
#2915 = CARTESIAN_POINT('',(-3.506636153384,-7.630209416592,
    73.736430136135));
#2916 = CARTESIAN_POINT('',(2.307728695278,-8.07409320743,
    73.942669613967));
#2917 = CARTESIAN_POINT('',(5.384132398906,-7.12779166073,
    74.047248912966));
#2918 = CARTESIAN_POINT('',(8.100885874995,-4.867243959518,
    74.152592300626));
#2919 = CARTESIAN_POINT('',(9.793475193123,-1.416278638313,
    74.25788527148));
#2920 = CARTESIAN_POINT('',(9.853411669019,2.669821191684,
    74.362200796262));
#2921 = CARTESIAN_POINT('',(7.975539953531,6.513576252484,
    74.464516764108));
#2922 = CARTESIAN_POINT('',(4.58865471056,8.920603539011,74.563747305588
    ));
#2923 = CARTESIAN_POINT('',(0.843942775393,9.590567146533,
    74.658788709336));
#2924 = CARTESIAN_POINT('',(-2.52580707207,8.800728877201,
    74.748577698575));
#2925 = CARTESIAN_POINT('',(-5.070827135715,7.045663904459,
    74.832149160344));
#2926 = CARTESIAN_POINT('',(-6.689938186048,4.820461673366,
    74.908683006763));
#2927 = CARTESIAN_POINT('',(-8.243668751744,0.18452422347,
    75.046386765785));
#2928 = CARTESIAN_POINT('',(-8.17835224244,-2.226113082018,
    75.107556678577));
#2929 = CARTESIAN_POINT('',(-7.356702108754,-4.351768208091,
    75.160400271296));
#2930 = CARTESIAN_POINT('',(-6.054747569723,-5.928133320995,
    75.204448933626));
#2931 = CARTESIAN_POINT('',(-4.63368870255,-6.914850245267,
    75.239440482946));
#2932 = CARTESIAN_POINT('',(-3.323170628994,-7.464764811596,
    75.26533375825));
#2933 = CARTESIAN_POINT('',(-2.21420578774,-7.736150719827,
    75.282301748585));
#2934 = CARTESIAN_POINT('',(-1.334542360022,-7.840708013921,
    75.29070306876));
#2935 = CARTESIAN_POINT('',(-0.687670068886,-7.871739684394,
    75.29104091947));
#2936 = CARTESIAN_POINT('',(-0.259036375541,-7.874774134926,
    75.283920299617));
#2937 = CARTESIAN_POINT('',(-3.535735187128E-02,-7.875,75.270008168261)
  );
#2938 = CARTESIAN_POINT('',(-1.998401444325E-14,-7.875,75.25));
#2939 = PCURVE('',#1796,#2940);
#2940 = DEFINITIONAL_REPRESENTATION('',(#2941),#2945);
#2941 = LINE('',#2942,#2943);
#2942 = CARTESIAN_POINT('',(0.,1.));
#2943 = VECTOR('',#2944,1.);
#2944 = DIRECTION('',(1.,0.));
#2945 = ( GEOMETRIC_REPRESENTATION_CONTEXT(2) 
PARAMETRIC_REPRESENTATION_CONTEXT() REPRESENTATION_CONTEXT('2D SPACE',''
  ) );
#2946 = PCURVE('',#2947,#2952);
#2947 = CYLINDRICAL_SURFACE('',#2948,7.875);
#2948 = AXIS2_PLACEMENT_3D('',#2949,#2950,#2951);
#2949 = CARTESIAN_POINT('',(0.,0.,70.));
#2950 = DIRECTION('',(0.,0.,1.));
#2951 = DIRECTION('',(1.,0.,-0.));
#2952 = DEFINITIONAL_REPRESENTATION('',(#2953),#2964);
#2953 = ( BOUNDED_CURVE() B_SPLINE_CURVE(5,(#2954,#2955,#2956,#2957,
    #2958,#2959,#2960,#2961,#2962,#2963),.UNSPECIFIED.,.F.,.F.) 
B_SPLINE_CURVE_WITH_KNOTS((6,4,6),(0.,1.570796326795,3.14159265359),
.UNSPECIFIED.) CURVE() GEOMETRIC_REPRESENTATION_ITEM() 
RATIONAL_B_SPLINE_CURVE((1.,1.,0.965685424949,0.965685424949,1.,1.,
0.965685424949,0.965685424949,1.,1.)) REPRESENTATION_ITEM('') );
#2954 = CARTESIAN_POINT('',(-1.570796326795,1.75));
#2955 = CARTESIAN_POINT('',(-1.592347474602,1.84603920768));
#2956 = CARTESIAN_POINT('',(-0.968053313863,2.14468653233));
#2957 = CARTESIAN_POINT('',(0.693973617644,2.704198935443));
#2958 = CARTESIAN_POINT('',(2.859040991337,3.34457512822));
#2959 = CARTESIAN_POINT('',(6.413347341863,4.334524621881));
#2960 = CARTESIAN_POINT('',(8.594195178182,4.904577732984));
#2961 = CARTESIAN_POINT('',(10.297027015927,5.282249665253));
#2962 = CARTESIAN_POINT('',(10.974023139757,5.34603920768));
#2963 = CARTESIAN_POINT('',(10.995574287564,5.25));
#2964 = ( GEOMETRIC_REPRESENTATION_CONTEXT(2) 
PARAMETRIC_REPRESENTATION_CONTEXT() REPRESENTATION_CONTEXT('2D SPACE',''
  ) );
#2965 = ADVANCED_FACE('',(#2966),#2288,.T.);
#2966 = FACE_BOUND('',#2967,.T.);
#2967 = EDGE_LOOP('',(#2968,#3222,#3245,#3272,#3273,#3351,#3352));
#2968 = ORIENTED_EDGE('',*,*,#2969,.F.);
#2969 = EDGE_CURVE('',#2970,#2015,#2972,.T.);
#2970 = VERTEX_POINT('',#2971);
#2971 = CARTESIAN_POINT('',(7.5,-1.836970198721E-15,72.187500002206));
#2972 = SURFACE_CURVE('',#2973,(#3054,#3138),.PCURVE_S1.);
#2973 = B_SPLINE_CURVE_WITH_KNOTS('',7,(#2974,#2975,#2976,#2977,#2978,
    #2979,#2980,#2981,#2982,#2983,#2984,#2985,#2986,#2987,#2988,#2989,
    #2990,#2991,#2992,#2993,#2994,#2995,#2996,#2997,#2998,#2999,#3000,
    #3001,#3002,#3003,#3004,#3005,#3006,#3007,#3008,#3009,#3010,#3011,
    #3012,#3013,#3014,#3015,#3016,#3017,#3018,#3019,#3020,#3021,#3022,
    #3023,#3024,#3025,#3026,#3027,#3028,#3029,#3030,#3031,#3032,#3033,
    #3034,#3035,#3036,#3037,#3038,#3039,#3040,#3041,#3042,#3043,#3044,
    #3045,#3046,#3047,#3048,#3049,#3050,#3051,#3052,#3053),
  .UNSPECIFIED.,.F.,.F.,(8,6,6,6,6,6,6,6,6,6,6,6,6,8),(0.,
    6.819130815305E-02,0.179172876073,0.248986811666,0.319982989193,
    0.430501319686,0.478168577144,0.538172071997,0.629902168526,
    0.704556511145,0.757918205668,0.869746697064,0.960880172207,1.),
  .UNSPECIFIED.);
#2974 = CARTESIAN_POINT('',(7.5,-2.6645352591E-15,72.187500002206));
#2975 = CARTESIAN_POINT('',(7.499999999999,0.459030415844,
    72.204546626183));
#2976 = CARTESIAN_POINT('',(7.467223018116,0.918091376217,
    72.221594373198));
#2977 = CARTESIAN_POINT('',(7.401661485008,1.37432023764,72.238641301625
    ));
#2978 = CARTESIAN_POINT('',(7.303630516682,1.824919190135,
    72.255687708202));
#2979 = CARTESIAN_POINT('',(7.173725910726,2.267149716805,
    72.272734635963));
#2980 = CARTESIAN_POINT('',(7.012823375582,2.698336028889,
    72.289782383036));
#2981 = CARTESIAN_POINT('',(6.51174701176,3.795427491722,72.334572454903
    ));
#2982 = CARTESIAN_POINT('',(6.122261374602,4.439216787699,
    72.362328502025));
#2983 = CARTESIAN_POINT('',(5.65882909624,5.035614446799,72.390074114057
    ));
#2984 = CARTESIAN_POINT('',(5.12856951382,5.574722617428,72.417816596655
    ));
#2985 = CARTESIAN_POINT('',(4.539922890912,6.04796104308,72.445562196268
    ));
#2986 = CARTESIAN_POINT('',(3.902666296278,6.448047339911,
    72.473318266664));
#2987 = CARTESIAN_POINT('',(2.804158280778,6.971911667062,
    72.518513945838));
#2988 = CARTESIAN_POINT('',(2.365151778059,7.143206175909,
    72.535967457928));
#2989 = CARTESIAN_POINT('',(1.914097669774,7.282174357376,
    72.553420052143));
#2990 = CARTESIAN_POINT('',(1.453854621626,7.387837298397,
    72.570872061973));
#2991 = CARTESIAN_POINT('',(0.987353591061,7.459522118024,
    72.588324659668));
#2992 = CARTESIAN_POINT('',(0.517593884066,7.496862853109,
    72.605778180353));
#2993 = CARTESIAN_POINT('',(-0.430251780989,7.502884967809,
    72.640978250438));
#2994 = CARTESIAN_POINT('',(-0.908414990333,7.470393419827,
    72.658727361079));
#2995 = CARTESIAN_POINT('',(-1.383605753032,7.402344169822,
    72.676475476436));
#2996 = CARTESIAN_POINT('',(-1.852666228201,7.29908866862,
    72.694222977182));
#2997 = CARTESIAN_POINT('',(-2.312508206607,7.161306183642,
    72.711971150907));
#2998 = CARTESIAN_POINT('',(-2.760117135174,6.990003681706,
    72.729720351414));
#2999 = CARTESIAN_POINT('',(-3.865751680372,6.469886411425,
    72.775095645165));
#3000 = CARTESIAN_POINT('',(-4.502588321715,6.075156238366,
    72.802735529104));
#3001 = CARTESIAN_POINT('',(-5.091654623417,5.607609332657,
    72.830365203244));
#3002 = CARTESIAN_POINT('',(-5.623249636665,5.074375826343,72.8579918013
    ));
#3003 = CARTESIAN_POINT('',(-6.088982181445,4.483873966956,
    72.885621480468));
#3004 = CARTESIAN_POINT('',(-6.481751415009,3.845824218486,
    72.913261430449));
#3005 = CARTESIAN_POINT('',(-6.932053854433,2.880900525522,
    72.952804898265));
#3006 = CARTESIAN_POINT('',(-7.05323572407,2.5833547051,72.964721037944)
  );
#3007 = CARTESIAN_POINT('',(-7.159497376625,2.279908266185,
    72.976637054982));
#3008 = CARTESIAN_POINT('',(-7.250498623192,1.971459873537,
    72.988552990453));
#3009 = CARTESIAN_POINT('',(-7.325968266549,1.658928793231,
    73.000469011177));
#3010 = CARTESIAN_POINT('',(-7.385704228716,1.343254289924,
    73.012385163768));
#3011 = CARTESIAN_POINT('',(-7.484796496976,0.625274106012,
    73.039300933119));
#3012 = CARTESIAN_POINT('',(-7.514881497054,0.221667516523,
    73.054301330205));
#3013 = CARTESIAN_POINT('',(-7.519559672076,-0.18350155207,
    73.069301291006));
#3014 = CARTESIAN_POINT('',(-7.498755440426,-0.588317369457,
    73.084300973783));
#3015 = CARTESIAN_POINT('',(-7.452566838805,-0.990872301543,
    73.099300932852));
#3016 = CARTESIAN_POINT('',(-7.381265437625,-1.3892684584,73.11430132717
    ));
#3017 = CARTESIAN_POINT('',(-7.138633636734,-2.381426709212,
    73.152232013703));
#3018 = CARTESIAN_POINT('',(-6.934306337789,-2.967272824465,
    73.175167739031));
#3019 = CARTESIAN_POINT('',(-6.673973304063,-3.532274529613,
    73.198099918182));
#3020 = CARTESIAN_POINT('',(-6.360281445105,-4.070098645782,
    73.221029843154));
#3021 = CARTESIAN_POINT('',(-5.996664161181,-4.574858615171,
    73.243962031062));
#3022 = CARTESIAN_POINT('',(-5.587330715698,-5.041132707033,
    73.266897769891));
#3023 = CARTESIAN_POINT('',(-4.771344884765,-5.808339735275,
    73.30849092191));
#3024 = CARTESIAN_POINT('',(-4.378278892743,-6.12398700882,
    73.327154937237));
#3025 = CARTESIAN_POINT('',(-3.96100626984,-6.408454419802,
    73.345817667025));
#3026 = CARTESIAN_POINT('',(-3.522511824202,-6.659562243159,
    73.364479568848));
#3027 = CARTESIAN_POINT('',(-3.065985707208,-6.875483603185,
    73.383142281636));
#3028 = CARTESIAN_POINT('',(-2.594818231674,-7.054747423983,
    73.401806286833));
#3029 = CARTESIAN_POINT('',(-1.767971343655,-7.297486238021,
    73.433808027027));
#3030 = CARTESIAN_POINT('',(-1.417649075237,-7.379412859747,
    73.447147860296));
#3031 = CARTESIAN_POINT('',(-1.062970285752,-7.441698431432,
    73.460487455528));
#3032 = CARTESIAN_POINT('',(-0.705256414139,-7.484076072498,
    73.473826924872));
#3033 = CARTESIAN_POINT('',(-0.345842120743,-7.506387684723,
    73.487166547321));
#3034 = CARTESIAN_POINT('',(1.392549686389E-02,-7.50858402752,
    73.500506356107));
#3035 = CARTESIAN_POINT('',(1.124530917765,-7.453328087369,
    73.54180103161));
#3036 = CARTESIAN_POINT('',(1.872347020336,-7.327862996493,
    73.569769344539));
#3037 = CARTESIAN_POINT('',(2.603113947444,-7.114848843544,
    73.597726674192));
#3038 = CARTESIAN_POINT('',(3.304734442106,-6.817331352299,
    73.625680811877));
#3039 = CARTESIAN_POINT('',(3.965873541369,-6.440117025504,
    73.653638177119));
#3040 = CARTESIAN_POINT('',(4.575931939671,-5.989784315368,
    73.681606420511));
#3041 = CARTESIAN_POINT('',(5.573348989742,-5.056097429439,
    73.732343328069));
#3042 = CARTESIAN_POINT('',(5.981292998086,-4.594029295581,
    73.755129782384));
#3043 = CARTESIAN_POINT('',(6.344231236856,-4.093844670448,
    73.777912806006));
#3044 = CARTESIAN_POINT('',(6.658018301078,-3.5608463644,73.800693635906
    ));
#3045 = CARTESIAN_POINT('',(6.91926382006,-3.000793174489,
    73.823476648195));
#3046 = CARTESIAN_POINT('',(7.1253427189,-2.41988253773,73.846263103998)
  );
#3047 = CARTESIAN_POINT('',(7.338680502397,-1.569431128195,
    73.878824131145));
#3048 = CARTESIAN_POINT('',(7.392291145647,-1.311382692421,
    73.88860347886));
#3049 = CARTESIAN_POINT('',(7.43530958102,-1.051225025776,
    73.898382783981));
#3050 = CARTESIAN_POINT('',(7.467638449186,-0.789479999431,
    73.908162061139));
#3051 = CARTESIAN_POINT('',(7.489212775994,-0.526673598073,
    73.917941370731));
#3052 = CARTESIAN_POINT('',(7.500000000002,-0.263335723796,
    73.92772072635));
#3053 = CARTESIAN_POINT('',(7.5,-2.6645352591E-15,73.937500002206));
#3054 = PCURVE('',#2288,#3055);
#3055 = DEFINITIONAL_REPRESENTATION('',(#3056),#3137);
#3056 = B_SPLINE_CURVE_WITH_KNOTS('',7,(#3057,#3058,#3059,#3060,#3061,
    #3062,#3063,#3064,#3065,#3066,#3067,#3068,#3069,#3070,#3071,#3072,
    #3073,#3074,#3075,#3076,#3077,#3078,#3079,#3080,#3081,#3082,#3083,
    #3084,#3085,#3086,#3087,#3088,#3089,#3090,#3091,#3092,#3093,#3094,
    #3095,#3096,#3097,#3098,#3099,#3100,#3101,#3102,#3103,#3104,#3105,
    #3106,#3107,#3108,#3109,#3110,#3111,#3112,#3113,#3114,#3115,#3116,
    #3117,#3118,#3119,#3120,#3121,#3122,#3123,#3124,#3125,#3126,#3127,
    #3128,#3129,#3130,#3131,#3132,#3133,#3134,#3135,#3136),
  .UNSPECIFIED.,.F.,.F.,(8,6,6,6,6,6,6,6,6,6,6,6,6,8),(0.,
    6.819130815305E-02,0.179172876073,0.248986811666,0.319982989193,
    0.430501319686,0.478168577144,0.538172071997,0.629902168526,
    0.704556511145,0.757918205668,0.869746697064,0.960880172207,1.),
  .UNSPECIFIED.);
#3057 = CARTESIAN_POINT('',(0.,2.187500002206));
#3058 = CARTESIAN_POINT('',(6.120405544584E-02,2.204546626183));
#3059 = CARTESIAN_POINT('',(0.122412139076,2.221594373198));
#3060 = CARTESIAN_POINT('',(0.183617278985,2.238641301625));
#3061 = CARTESIAN_POINT('',(0.244820542021,2.255687708202));
#3062 = CARTESIAN_POINT('',(0.30602567599,2.272734635963));
#3063 = CARTESIAN_POINT('',(0.367233754484,2.289782383036));
#3064 = CARTESIAN_POINT('',(0.52804764002,2.334572454903));
#3065 = CARTESIAN_POINT('',(0.627702723456,2.362328502025));
#3066 = CARTESIAN_POINT('',(0.727320361575,2.390074114057));
#3067 = CARTESIAN_POINT('',(0.826926786333,2.417816596655));
#3068 = CARTESIAN_POINT('',(0.926544404727,2.445562196268));
#3069 = CARTESIAN_POINT('',(1.026199602455,2.473318266664));
#3070 = CARTESIAN_POINT('',(1.188469812955,2.518513945838));
#3071 = CARTESIAN_POINT('',(1.251134756885,2.535967457928));
#3072 = CARTESIAN_POINT('',(1.313796395243,2.553420052143));
#3073 = CARTESIAN_POINT('',(1.376455925442,2.570872061973));
#3074 = CARTESIAN_POINT('',(1.439117558527,2.588324659668));
#3075 = CARTESIAN_POINT('',(1.501782501519,2.605778180353));
#3076 = CARTESIAN_POINT('',(1.628164474258,2.640978250438));
#3077 = CARTESIAN_POINT('',(1.691890699864,2.658727361079));
#3078 = CARTESIAN_POINT('',(1.755613355632,2.676475476436));
#3079 = CARTESIAN_POINT('',(1.819333812449,2.694222977182));
#3080 = CARTESIAN_POINT('',(1.883056695756,2.711971150907));
#3081 = CARTESIAN_POINT('',(1.946783276044,2.729720351414));
#3082 = CARTESIAN_POINT('',(2.109698371716,2.775095645165));
#3083 = CARTESIAN_POINT('',(2.208936413602,2.802735529104));
#3084 = CARTESIAN_POINT('',(2.308137813626,2.830365203244));
#3085 = CARTESIAN_POINT('',(2.407328167888,2.8579918013));
#3086 = CARTESIAN_POINT('',(2.506529562852,2.885621480468));
#3087 = CARTESIAN_POINT('',(2.605767813391,2.913261430449));
#3088 = CARTESIAN_POINT('',(2.747744338537,2.952804898265));
#3089 = CARTESIAN_POINT('',(2.790527941066,2.964721037944));
#3090 = CARTESIAN_POINT('',(2.833311101485,2.976637054982));
#3091 = CARTESIAN_POINT('',(2.876093968184,2.988552990453));
#3092 = CARTESIAN_POINT('',(2.918877141111,3.000469011177));
#3093 = CARTESIAN_POINT('',(2.961660788505,3.012385163768));
#3094 = CARTESIAN_POINT('',(3.058298928859,3.039300933119));
#3095 = CARTESIAN_POINT('',(3.112156224399,3.054301330205));
#3096 = CARTESIAN_POINT('',(3.166011956989,3.069301291006));
#3097 = CARTESIAN_POINT('',(3.219866695118,3.084300973783));
#3098 = CARTESIAN_POINT('',(3.273722427837,3.099300932852));
#3099 = CARTESIAN_POINT('',(3.327579723589,3.11430132717));
#3100 = CARTESIAN_POINT('',(3.463765752271,3.152232013703));
#3101 = CARTESIAN_POINT('',(3.546113989408,3.175167739031));
#3102 = CARTESIAN_POINT('',(3.628449483314,3.198099918182));
#3103 = CARTESIAN_POINT('',(3.710776861518,3.221029843154));
#3104 = CARTESIAN_POINT('',(3.793112349068,3.243962031062));
#3105 = CARTESIAN_POINT('',(3.875460594891,3.266897769891));
#3106 = CARTESIAN_POINT('',(4.024796279425,3.30849092191));
#3107 = CARTESIAN_POINT('',(4.09180741339,3.327154937236));
#3108 = CARTESIAN_POINT('',(4.158813957253,3.345817667025));
#3109 = CARTESIAN_POINT('',(4.225817565223,3.364479568848));
#3110 = CARTESIAN_POINT('',(4.292824106724,3.383142281636));
#3111 = CARTESIAN_POINT('',(4.359835270626,3.401806286833));
#3112 = CARTESIAN_POINT('',(4.474734098243,3.433808027027));
#3113 = CARTESIAN_POINT('',(4.522629312058,3.447147860296));
#3114 = CARTESIAN_POINT('',(4.570523674355,3.460487455528));
#3115 = CARTESIAN_POINT('',(4.618417478352,3.473826924872));
#3116 = CARTESIAN_POINT('',(4.666311823133,3.487166547321));
#3117 = CARTESIAN_POINT('',(4.714207018598,3.500506356107));
#3118 = CARTESIAN_POINT('',(4.862470904654,3.54180103161));
#3119 = CARTESIAN_POINT('',(4.962887844762,3.569769344539));
#3120 = CARTESIAN_POINT('',(5.063265823882,3.597726674192));
#3121 = CARTESIAN_POINT('',(5.163632295533,3.625680811877));
#3122 = CARTESIAN_POINT('',(5.264010292061,3.653638177119));
#3123 = CARTESIAN_POINT('',(5.364427266527,3.681606420511));
#3124 = CARTESIAN_POINT('',(5.546592611334,3.732343328069));
#3125 = CARTESIAN_POINT('',(5.628404868028,3.755129782384));
#3126 = CARTESIAN_POINT('',(5.710204797607,3.777912806006));
#3127 = CARTESIAN_POINT('',(5.791996865612,3.800693635906));
#3128 = CARTESIAN_POINT('',(5.873796791182,3.823476648195));
#3129 = CARTESIAN_POINT('',(5.955609091616,3.846263103998));
#3130 = CARTESIAN_POINT('',(6.072515938472,3.878824131145));
#3131 = CARTESIAN_POINT('',(6.107627629796,3.88860347886));
#3132 = CARTESIAN_POINT('',(6.142739168445,3.898382783981));
#3133 = CARTESIAN_POINT('',(6.17785060634,3.908162061139));
#3134 = CARTESIAN_POINT('',(6.212962159819,3.917941370731));
#3135 = CARTESIAN_POINT('',(6.24807387734,3.92772072635));
#3136 = CARTESIAN_POINT('',(6.28318530718,3.937500002206));
#3137 = ( GEOMETRIC_REPRESENTATION_CONTEXT(2) 
PARAMETRIC_REPRESENTATION_CONTEXT() REPRESENTATION_CONTEXT('2D SPACE',''
  ) );
#3138 = PCURVE('',#2154,#3139);
#3139 = DEFINITIONAL_REPRESENTATION('',(#3140),#3221);
#3140 = B_SPLINE_CURVE_WITH_KNOTS('',7,(#3141,#3142,#3143,#3144,#3145,
    #3146,#3147,#3148,#3149,#3150,#3151,#3152,#3153,#3154,#3155,#3156,
    #3157,#3158,#3159,#3160,#3161,#3162,#3163,#3164,#3165,#3166,#3167,
    #3168,#3169,#3170,#3171,#3172,#3173,#3174,#3175,#3176,#3177,#3178,
    #3179,#3180,#3181,#3182,#3183,#3184,#3185,#3186,#3187,#3188,#3189,
    #3190,#3191,#3192,#3193,#3194,#3195,#3196,#3197,#3198,#3199,#3200,
    #3201,#3202,#3203,#3204,#3205,#3206,#3207,#3208,#3209,#3210,#3211,
    #3212,#3213,#3214,#3215,#3216,#3217,#3218,#3219,#3220),
  .UNSPECIFIED.,.F.,.F.,(8,6,6,6,6,6,6,6,6,6,6,6,6,8),(0.,
    6.819130815305E-02,0.179172876073,0.248986811666,0.319982989193,
    0.430501319686,0.478168577144,0.538172071997,0.629902168526,
    0.704556511145,0.757918205668,0.869746697064,0.960880172207,1.),
  .UNSPECIFIED.);
#3141 = CARTESIAN_POINT('',(11.414094794397,0.166667646221));
#3142 = CARTESIAN_POINT('',(11.350561151252,0.166667069599));
#3143 = CARTESIAN_POINT('',(11.287023322506,0.166666421995));
#3144 = CARTESIAN_POINT('',(11.223488544639,0.166665790083));
#3145 = CARTESIAN_POINT('',(11.159955711746,0.166665269532));
#3146 = CARTESIAN_POINT('',(11.096420936396,0.166664920474));
#3147 = CARTESIAN_POINT('',(11.032883107405,0.166664754318));
#3148 = CARTESIAN_POINT('',(10.865948208955,0.166664748091));
#3149 = CARTESIAN_POINT('',(10.762499995668,0.166665176998));
#3150 = CARTESIAN_POINT('',(10.659090674495,0.166665959937));
#3151 = CARTESIAN_POINT('',(10.555693016884,0.16666676566));
#3152 = CARTESIAN_POINT('',(10.452283741997,0.1666672622));
#3153 = CARTESIAN_POINT('',(10.348835441967,0.166667460203));
#3154 = CARTESIAN_POINT('',(10.180388824248,0.166667451444));
#3155 = CARTESIAN_POINT('',(10.115338688203,0.166667368066));
#3156 = CARTESIAN_POINT('',(10.050291973127,0.166667228833));
#3157 = CARTESIAN_POINT('',(9.985247436082,0.166667078755));
#3158 = CARTESIAN_POINT('',(9.920200708035,0.166666960319));
#3159 = CARTESIAN_POINT('',(9.855150539958,0.166666898393));
#3160 = CARTESIAN_POINT('',(9.72395807073,0.166666888377));
#3161 = CARTESIAN_POINT('',(9.657806223703,0.166666942228));
#3162 = CARTESIAN_POINT('',(9.591658086153,0.166667057177));
#3163 = CARTESIAN_POINT('',(9.525512239286,0.166667209314));
#3164 = CARTESIAN_POINT('',(9.459363884195,0.166667354634));
#3165 = CARTESIAN_POINT('',(9.393211702232,0.16666744503));
#3166 = CARTESIAN_POINT('',(9.224095651762,0.166667468729));
#3167 = CARTESIAN_POINT('',(9.121080384624,0.166667285343));
#3168 = CARTESIAN_POINT('',(9.018103169928,0.166666806773));
#3169 = CARTESIAN_POINT('',(8.915137419958,0.166666015765));
#3170 = CARTESIAN_POINT('',(8.812160186524,0.166665229635));
#3171 = CARTESIAN_POINT('',(8.709144673242,0.166664779296));
#3172 = CARTESIAN_POINT('',(8.561764137578,0.166664741491));
#3173 = CARTESIAN_POINT('',(8.517352072933,0.166664808847));
#3174 = CARTESIAN_POINT('',(8.472940465375,0.16666496344));
#3175 = CARTESIAN_POINT('',(8.428529161823,0.166665204233));
#3176 = CARTESIAN_POINT('',(8.384117540531,0.166665521175));
#3177 = CARTESIAN_POINT('',(8.33970542776,0.166665895709));
#3178 = CARTESIAN_POINT('',(8.239388972885,0.166666811794));
#3179 = CARTESIAN_POINT('',(8.183481722461,0.166667371783));
#3180 = CARTESIAN_POINT('',(8.127576098097,0.16666793106));
#3181 = CARTESIAN_POINT('',(8.07167150994,0.166668422371));
#3182 = CARTESIAN_POINT('',(8.015765892033,0.166668780383));
#3183 = CARTESIAN_POINT('',(7.959858651925,0.166668959867));
#3184 = CARTESIAN_POINT('',(7.818489034941,0.166668942626));
#3185 = CARTESIAN_POINT('',(7.733006408572,0.166668499234));
#3186 = CARTESIAN_POINT('',(7.647536998985,0.166667577552));
#3187 = CARTESIAN_POINT('',(7.562075990839,0.16666635998));
#3188 = CARTESIAN_POINT('',(7.476606548614,0.166665261471));
#3189 = CARTESIAN_POINT('',(7.391123871924,0.166664709637));
#3190 = CARTESIAN_POINT('',(7.236104057951,0.166664692377));
#3191 = CARTESIAN_POINT('',(7.16654231417,0.166665045551));
#3192 = CARTESIAN_POINT('',(7.096985361652,0.166665777918));
#3193 = CARTESIAN_POINT('',(7.027431495005,0.166666748103));
#3194 = CARTESIAN_POINT('',(6.957874605851,0.166667614249));
#3195 = CARTESIAN_POINT('',(6.888312899822,0.166668022763));
#3196 = CARTESIAN_POINT('',(6.769040770376,0.166668029433));
#3197 = CARTESIAN_POINT('',(6.719322526593,0.166667824929));
#3198 = CARTESIAN_POINT('',(6.669605169987,0.16666742321));
#3199 = CARTESIAN_POINT('',(6.619888282571,0.166666916967));
#3200 = CARTESIAN_POINT('',(6.570170824528,0.166666555106));
#3201 = CARTESIAN_POINT('',(6.520452671997,0.166666572538));
#3202 = CARTESIAN_POINT('',(6.366545295333,0.166667202935));
#3203 = CARTESIAN_POINT('',(6.262305956478,0.166668536626));
#3204 = CARTESIAN_POINT('',(6.158107552856,0.166669308464));
#3205 = CARTESIAN_POINT('',(6.053921045865,0.16666703968));
#3206 = CARTESIAN_POINT('',(5.949722509604,0.166665555221));
#3207 = CARTESIAN_POINT('',(5.845483429916,0.166664703635));
#3208 = CARTESIAN_POINT('',(5.65638436939,0.1666646971));
#3209 = CARTESIAN_POINT('',(5.571458083753,0.166665229865));
#3210 = CARTESIAN_POINT('',(5.486544584483,0.166666307478));
#3211 = CARTESIAN_POINT('',(5.40163926133,0.16666751658));
#3212 = CARTESIAN_POINT('',(5.316725804297,0.166668448279));
#3213 = CARTESIAN_POINT('',(5.231799513113,0.166668914158));
#3214 = CARTESIAN_POINT('',(5.110442892467,0.166668967279));
#3215 = CARTESIAN_POINT('',(5.073994761214,0.16666890357));
#3216 = CARTESIAN_POINT('',(5.037546788733,0.166668762372));
#3217 = CARTESIAN_POINT('',(5.001098920479,0.16666855183));
#3218 = CARTESIAN_POINT('',(4.964650931319,0.166668284674));
#3219 = CARTESIAN_POINT('',(4.928202770593,0.166667976831));
#3220 = CARTESIAN_POINT('',(4.891754907171,0.166667646039));
#3221 = ( GEOMETRIC_REPRESENTATION_CONTEXT(2) 
PARAMETRIC_REPRESENTATION_CONTEXT() REPRESENTATION_CONTEXT('2D SPACE',''
  ) );
#3222 = ORIENTED_EDGE('',*,*,#3223,.F.);
#3223 = EDGE_CURVE('',#3224,#2970,#3226,.T.);
#3224 = VERTEX_POINT('',#3225);
#3225 = CARTESIAN_POINT('',(7.5,-1.836970198721E-15,70.));
#3226 = SEAM_CURVE('',#3227,(#3231,#3238),.PCURVE_S1.);
#3227 = LINE('',#3228,#3229);
#3228 = CARTESIAN_POINT('',(7.5,-1.836970198721E-15,70.));
#3229 = VECTOR('',#3230,1.);
#3230 = DIRECTION('',(0.,0.,1.));
#3231 = PCURVE('',#2288,#3232);
#3232 = DEFINITIONAL_REPRESENTATION('',(#3233),#3237);
#3233 = LINE('',#3234,#3235);
#3234 = CARTESIAN_POINT('',(0.,-0.));
#3235 = VECTOR('',#3236,1.);
#3236 = DIRECTION('',(0.,1.));
#3237 = ( GEOMETRIC_REPRESENTATION_CONTEXT(2) 
PARAMETRIC_REPRESENTATION_CONTEXT() REPRESENTATION_CONTEXT('2D SPACE',''
  ) );
#3238 = PCURVE('',#2288,#3239);
#3239 = DEFINITIONAL_REPRESENTATION('',(#3240),#3244);
#3240 = LINE('',#3241,#3242);
#3241 = CARTESIAN_POINT('',(6.28318530718,-0.));
#3242 = VECTOR('',#3243,1.);
#3243 = DIRECTION('',(0.,1.));
#3244 = ( GEOMETRIC_REPRESENTATION_CONTEXT(2) 
PARAMETRIC_REPRESENTATION_CONTEXT() REPRESENTATION_CONTEXT('2D SPACE',''
  ) );
#3245 = ORIENTED_EDGE('',*,*,#3246,.T.);
#3246 = EDGE_CURVE('',#3224,#3224,#3247,.T.);
#3247 = SURFACE_CURVE('',#3248,(#3253,#3260),.PCURVE_S1.);
#3248 = CIRCLE('',#3249,7.5);
#3249 = AXIS2_PLACEMENT_3D('',#3250,#3251,#3252);
#3250 = CARTESIAN_POINT('',(0.,0.,70.));
#3251 = DIRECTION('',(0.,0.,1.));
#3252 = DIRECTION('',(1.,0.,-0.));
#3253 = PCURVE('',#2288,#3254);
#3254 = DEFINITIONAL_REPRESENTATION('',(#3255),#3259);
#3255 = LINE('',#3256,#3257);
#3256 = CARTESIAN_POINT('',(0.,0.));
#3257 = VECTOR('',#3258,1.);
#3258 = DIRECTION('',(1.,0.));
#3259 = ( GEOMETRIC_REPRESENTATION_CONTEXT(2) 
PARAMETRIC_REPRESENTATION_CONTEXT() REPRESENTATION_CONTEXT('2D SPACE',''
  ) );
#3260 = PCURVE('',#3261,#3266);
#3261 = PLANE('',#3262);
#3262 = AXIS2_PLACEMENT_3D('',#3263,#3264,#3265);
#3263 = CARTESIAN_POINT('',(7.35601047262E-15,-2.101717277891E-15,70.));
#3264 = DIRECTION('',(0.,0.,1.));
#3265 = DIRECTION('',(1.,0.,-0.));
#3266 = DEFINITIONAL_REPRESENTATION('',(#3267),#3271);
#3267 = CIRCLE('',#3268,7.5);
#3268 = AXIS2_PLACEMENT_2D('',#3269,#3270);
#3269 = CARTESIAN_POINT('',(-7.35601047262E-15,2.101717277891E-15));
#3270 = DIRECTION('',(1.,0.));
#3271 = ( GEOMETRIC_REPRESENTATION_CONTEXT(2) 
PARAMETRIC_REPRESENTATION_CONTEXT() REPRESENTATION_CONTEXT('2D SPACE',''
  ) );
#3272 = ORIENTED_EDGE('',*,*,#3223,.T.);
#3273 = ORIENTED_EDGE('',*,*,#3274,.F.);
#3274 = EDGE_CURVE('',#2615,#2970,#3275,.T.);
#3275 = SURFACE_CURVE('',#3276,(#3299,#3325),.PCURVE_S1.);
#3276 = B_SPLINE_CURVE_WITH_KNOTS('',6,(#3277,#3278,#3279,#3280,#3281,
    #3282,#3283,#3284,#3285,#3286,#3287,#3288,#3289,#3290,#3291,#3292,
    #3293,#3294,#3295,#3296,#3297,#3298),.UNSPECIFIED.,.F.,.F.,(7,5,5,5,
    7),(0.,0.194972817594,0.48883385702,0.847363056105,1.),
  .UNSPECIFIED.);
#3277 = CARTESIAN_POINT('',(-3.706757123467E-14,-7.5,71.75));
#3278 = CARTESIAN_POINT('',(0.382815305657,-7.5,71.76421628791));
#3279 = CARTESIAN_POINT('',(0.765638517873,-7.476551811131,
    71.778432902155));
#3280 = CARTESIAN_POINT('',(1.146657780692,-7.429656395777,
    71.792649181802));
#3281 = CARTESIAN_POINT('',(1.524086589339,-7.359496557168,
    71.806865448597));
#3282 = CARTESIAN_POINT('',(1.896166386679,-7.26643658269,
    71.821082035615));
#3283 = CARTESIAN_POINT('',(2.811297611356,-6.977070036911,
    71.856724948407));
#3284 = CARTESIAN_POINT('',(3.34542654346,-6.752313730895,
    71.878153836318));
#3285 = CARTESIAN_POINT('',(3.857558107826,-6.478627944813,
    71.899580083981));
#3286 = CARTESIAN_POINT('',(4.342214227121,-6.158798180499,
    71.921006347403));
#3287 = CARTESIAN_POINT('',(4.794335593943,-5.79631320565,71.94243526023
    ));
#3288 = CARTESIAN_POINT('',(5.715839918966,-4.906599127594,
    71.990003787123));
#3289 = CARTESIAN_POINT('',(6.167311771957,-4.360490609998,
    72.016151729582));
#3290 = CARTESIAN_POINT('',(6.555485661008,-3.765193172468,
    72.042292616991));
#3291 = CARTESIAN_POINT('',(6.874089220553,-3.129937638745,
    72.068433490117));
#3292 = CARTESIAN_POINT('',(7.118309970529,-2.464793016302,
    72.094581412603));
#3293 = CARTESIAN_POINT('',(7.356638305432,-1.489861781303,
    72.131852702874));
#3294 = CARTESIAN_POINT('',(7.413845577635,-1.195326675499,
    72.142982159495));
#3295 = CARTESIAN_POINT('',(7.456888329585,-0.898218439519,
    72.15411163883));
#3296 = CARTESIAN_POINT('',(7.485629371311,-0.599387508375,
    72.165241117713));
#3297 = CARTESIAN_POINT('',(7.500000000001,-0.299692456952,
    72.176370577127));
#3298 = CARTESIAN_POINT('',(7.5,-2.6645352591E-15,72.187500002206));
#3299 = PCURVE('',#2288,#3300);
#3300 = DEFINITIONAL_REPRESENTATION('',(#3301),#3324);
#3301 = B_SPLINE_CURVE_WITH_KNOTS('',6,(#3302,#3303,#3304,#3305,#3306,
    #3307,#3308,#3309,#3310,#3311,#3312,#3313,#3314,#3315,#3316,#3317,
    #3318,#3319,#3320,#3321,#3322,#3323),.UNSPECIFIED.,.F.,.F.,(7,5,5,5,
    7),(0.,0.194972817594,0.48883385702,0.847363056105,1.),
  .UNSPECIFIED.);
#3302 = CARTESIAN_POINT('',(4.712388980385,1.75));
#3303 = CARTESIAN_POINT('',(4.763431021139,1.76421628791));
#3304 = CARTESIAN_POINT('',(4.814474122203,1.778432902155));
#3305 = CARTESIAN_POINT('',(4.865516048467,1.792649181802));
#3306 = CARTESIAN_POINT('',(4.916557983475,1.806865448597));
#3307 = CARTESIAN_POINT('',(4.967601102654,1.821082035615));
#3308 = CARTESIAN_POINT('',(5.095573193791,1.856724948407));
#3309 = CARTESIAN_POINT('',(5.172511395556,1.878153836318));
#3310 = CARTESIAN_POINT('',(5.249440119561,1.899580083981));
#3311 = CARTESIAN_POINT('',(5.326368841843,1.921006347403));
#3312 = CARTESIAN_POINT('',(5.403307040608,1.94243526023));
#3313 = CARTESIAN_POINT('',(5.574096650582,1.990003787123));
#3314 = CARTESIAN_POINT('',(5.667977953151,2.016151729582));
#3315 = CARTESIAN_POINT('',(5.761833922632,2.042292616991));
#3316 = CARTESIAN_POINT('',(5.855689878025,2.068433490117));
#3317 = CARTESIAN_POINT('',(5.949571160199,2.094581412603));
#3318 = CARTESIAN_POINT('',(6.083389697908,2.131852702874));
#3319 = CARTESIAN_POINT('',(6.12334880964,2.142982159495));
#3320 = CARTESIAN_POINT('',(6.163308002884,2.15411163883));
#3321 = CARTESIAN_POINT('',(6.203267193597,2.165241117713));
#3322 = CARTESIAN_POINT('',(6.243226312919,2.176370577127));
#3323 = CARTESIAN_POINT('',(6.28318530718,2.187500002206));
#3324 = ( GEOMETRIC_REPRESENTATION_CONTEXT(2) 
PARAMETRIC_REPRESENTATION_CONTEXT() REPRESENTATION_CONTEXT('2D SPACE',''
  ) );
#3325 = PCURVE('',#2154,#3326);
#3326 = DEFINITIONAL_REPRESENTATION('',(#3327),#3350);
#3327 = B_SPLINE_CURVE_WITH_KNOTS('',6,(#3328,#3329,#3330,#3331,#3332,
    #3333,#3334,#3335,#3336,#3337,#3338,#3339,#3340,#3341,#3342,#3343,
    #3344,#3345,#3346,#3347,#3348,#3349),.UNSPECIFIED.,.F.,.F.,(7,5,5,5,
    7),(0.,0.194972817594,0.48883385702,0.847363056105,1.),
  .UNSPECIFIED.);
#3328 = CARTESIAN_POINT('',(13.04467977443,0.166666666666));
#3329 = CARTESIAN_POINT('',(12.991694939182,0.166666666666));
#3330 = CARTESIAN_POINT('',(12.938708887669,0.166666972713));
#3331 = CARTESIAN_POINT('',(12.885724083217,0.166667498525));
#3332 = CARTESIAN_POINT('',(12.832739326667,0.16666795133));
#3333 = CARTESIAN_POINT('',(12.779753376625,0.166668094255));
#3334 = CARTESIAN_POINT('',(12.646910409883,0.166667879774));
#3335 = CARTESIAN_POINT('',(12.567043843962,0.166667199364));
#3336 = CARTESIAN_POINT('',(12.487187118384,0.166665981554));
#3337 = CARTESIAN_POINT('',(12.407330334069,0.166665035655));
#3338 = CARTESIAN_POINT('',(12.327463675284,0.166664628572));
#3339 = CARTESIAN_POINT('',(12.15017333224,0.166664804265));
#3340 = CARTESIAN_POINT('',(12.052718607627,0.166665620909));
#3341 = CARTESIAN_POINT('',(11.955290177552,0.166667109897));
#3342 = CARTESIAN_POINT('',(11.857861800705,0.166668350815));
#3343 = CARTESIAN_POINT('',(11.760407150537,0.166668941631));
#3344 = CARTESIAN_POINT('',(11.62149513729,0.166668957926));
#3345 = CARTESIAN_POINT('',(11.580015080811,0.166668856078));
#3346 = CARTESIAN_POINT('',(11.538534939675,0.16666865478));
#3347 = CARTESIAN_POINT('',(11.497054800219,0.166668369255));
#3348 = CARTESIAN_POINT('',(11.455574733321,0.166668022687));
#3349 = CARTESIAN_POINT('',(11.414094794397,0.166667646221));
#3350 = ( GEOMETRIC_REPRESENTATION_CONTEXT(2) 
PARAMETRIC_REPRESENTATION_CONTEXT() REPRESENTATION_CONTEXT('2D SPACE',''
  ) );
#3351 = ORIENTED_EDGE('',*,*,#2638,.F.);
#3352 = ORIENTED_EDGE('',*,*,#2272,.T.);
#3353 = ADVANCED_FACE('',(#3354),#2154,.F.);
#3354 = FACE_BOUND('',#3355,.F.);
#3355 = EDGE_LOOP('',(#3356,#3357,#3358,#3359,#3360,#3361));
#3356 = ORIENTED_EDGE('',*,*,#2868,.F.);
#3357 = ORIENTED_EDGE('',*,*,#2014,.F.);
#3358 = ORIENTED_EDGE('',*,*,#2969,.F.);
#3359 = ORIENTED_EDGE('',*,*,#3274,.F.);
#3360 = ORIENTED_EDGE('',*,*,#2614,.T.);
#3361 = ORIENTED_EDGE('',*,*,#3362,.F.);
#3362 = EDGE_CURVE('',#2869,#2617,#3363,.T.);
#3363 = SURFACE_CURVE('',#3364,(#3389,#3396),.PCURVE_S1.);
#3364 = B_SPLINE_CURVE_WITH_KNOTS('',12,(#3365,#3366,#3367,#3368,#3369,
    #3370,#3371,#3372,#3373,#3374,#3375,#3376,#3377,#3378,#3379,#3380,
    #3381,#3382,#3383,#3384,#3385,#3386,#3387,#3388),.UNSPECIFIED.,.F.,
  .F.,(13,11,13),(-0.,6.522339887215,13.04467977443),.UNSPECIFIED.);
#3365 = CARTESIAN_POINT('',(-2.555059116002E-14,-7.875,75.25));
#3366 = CARTESIAN_POINT('',(-4.123340357838,-7.874999999999,
    75.10416666668));
#3367 = CARTESIAN_POINT('',(-8.246595766548,-5.519740571278,
    74.958333333277));
#3368 = CARTESIAN_POINT('',(-10.89079172517,-0.809375955456,
    74.812500000137));
#3369 = CARTESIAN_POINT('',(-10.57164978191,5.223913569154,
    74.666666666434));
#3370 = CARTESIAN_POINT('',(-6.635647200213,10.509882107839,
    74.52083333363));
#3371 = CARTESIAN_POINT('',(2.693667511267E-11,12.690641823762,
    74.374999999709));
#3372 = CARTESIAN_POINT('',(6.635647200165,10.509882107836,
    74.229166666891));
#3373 = CARTESIAN_POINT('',(10.571649781953,5.223913569157,
    74.083333333196));
#3374 = CARTESIAN_POINT('',(10.890791725153,-0.809375955459,
    73.937500000065));
#3375 = CARTESIAN_POINT('',(8.246595766555,-5.519740571277,
    73.791666666644));
#3376 = CARTESIAN_POINT('',(4.123340357836,-7.874999999999,
    73.645833333338));
#3377 = CARTESIAN_POINT('',(-4.123340357836,-7.875,73.354166666662));
#3378 = CARTESIAN_POINT('',(-8.246595766554,-5.519740571272,
    73.208333333353));
#3379 = CARTESIAN_POINT('',(-10.89079172515,-0.80937595547,
    73.062499999954));
#3380 = CARTESIAN_POINT('',(-10.57164978194,5.223913569179,
    72.916666666743));
#3381 = CARTESIAN_POINT('',(-6.635647200184,10.509882107805,
    72.770833333238));
#3382 = CARTESIAN_POINT('',(-3.28656832505E-12,12.690641823798,
    72.625000000091));
#3383 = CARTESIAN_POINT('',(6.63564720019,10.509882107806,
    72.479166666602));
#3384 = CARTESIAN_POINT('',(10.571649781938,5.223913569177,
    72.333333333368));
#3385 = CARTESIAN_POINT('',(10.89079172516,-0.809375955469,
    72.187499999987));
#3386 = CARTESIAN_POINT('',(8.246595766553,-5.519740571273,
    72.04166666667));
#3387 = CARTESIAN_POINT('',(4.123340357837,-7.875,71.895833333333));
#3388 = CARTESIAN_POINT('',(-1.753149708221E-15,-7.875,71.75));
#3389 = PCURVE('',#2154,#3390);
#3390 = DEFINITIONAL_REPRESENTATION('',(#3391),#3395);
#3391 = LINE('',#3392,#3393);
#3392 = CARTESIAN_POINT('',(0.,1.));
#3393 = VECTOR('',#3394,1.);
#3394 = DIRECTION('',(1.,0.));
#3395 = ( GEOMETRIC_REPRESENTATION_CONTEXT(2) 
PARAMETRIC_REPRESENTATION_CONTEXT() REPRESENTATION_CONTEXT('2D SPACE',''
  ) );
#3396 = PCURVE('',#2947,#3397);
#3397 = DEFINITIONAL_REPRESENTATION('',(#3398),#3402);
#3398 = LINE('',#3399,#3400);
#3399 = CARTESIAN_POINT('',(10.995574287564,5.25));
#3400 = VECTOR('',#3401,1.);
#3401 = DIRECTION('',(-0.963333008679,-0.268308617806));
#3402 = ( GEOMETRIC_REPRESENTATION_CONTEXT(2) 
PARAMETRIC_REPRESENTATION_CONTEXT() REPRESENTATION_CONTEXT('2D SPACE',''
  ) );
#3403 = ADVANCED_FACE('',(#3404),#2947,.T.);
#3404 = FACE_BOUND('',#3405,.F.);
#3405 = EDGE_LOOP('',(#3406,#3407));
#3406 = ORIENTED_EDGE('',*,*,#2890,.T.);
#3407 = ORIENTED_EDGE('',*,*,#3362,.T.);
#3408 = ADVANCED_FACE('',(#3409,#3525),#3261,.T.);
#3409 = FACE_BOUND('',#3410,.T.);
#3410 = EDGE_LOOP('',(#3411,#3442,#3470,#3499));
#3411 = ORIENTED_EDGE('',*,*,#3412,.T.);
#3412 = EDGE_CURVE('',#3413,#3415,#3417,.T.);
#3413 = VERTEX_POINT('',#3414);
#3414 = CARTESIAN_POINT('',(22.5,6.129061917913,70.));
#3415 = VERTEX_POINT('',#3416);
#3416 = CARTESIAN_POINT('',(-22.5,6.129061917913,70.));
#3417 = SURFACE_CURVE('',#3418,(#3423,#3430),.PCURVE_S1.);
#3418 = CIRCLE('',#3419,42.916666666667);
#3419 = AXIS2_PLACEMENT_3D('',#3420,#3421,#3422);
#3420 = CARTESIAN_POINT('',(0.,-30.41666666666,70.));
#3421 = DIRECTION('',(0.,0.,1.));
#3422 = DIRECTION('',(0.550458715596,0.834862385321,-0.));
#3423 = PCURVE('',#3261,#3424);
#3424 = DEFINITIONAL_REPRESENTATION('',(#3425),#3429);
#3425 = CIRCLE('',#3426,42.916666666667);
#3426 = AXIS2_PLACEMENT_2D('',#3427,#3428);
#3427 = CARTESIAN_POINT('',(-7.35601047262E-15,-30.41666666666));
#3428 = DIRECTION('',(0.550458715596,0.834862385321));
#3429 = ( GEOMETRIC_REPRESENTATION_CONTEXT(2) 
PARAMETRIC_REPRESENTATION_CONTEXT() REPRESENTATION_CONTEXT('2D SPACE',''
  ) );
#3430 = PCURVE('',#3431,#3436);
#3431 = TOROIDAL_SURFACE('',#3432,42.916666666667,2.5);
#3432 = AXIS2_PLACEMENT_3D('',#3433,#3434,#3435);
#3433 = CARTESIAN_POINT('',(0.,-30.41666666666,67.5));
#3434 = DIRECTION('',(0.,0.,1.));
#3435 = DIRECTION('',(0.550458715596,0.834862385321,-0.));
#3436 = DEFINITIONAL_REPRESENTATION('',(#3437),#3441);
#3437 = LINE('',#3438,#3439);
#3438 = CARTESIAN_POINT('',(0.,1.570796326795));
#3439 = VECTOR('',#3440,1.);
#3440 = DIRECTION('',(1.,0.));
#3441 = ( GEOMETRIC_REPRESENTATION_CONTEXT(2) 
PARAMETRIC_REPRESENTATION_CONTEXT() REPRESENTATION_CONTEXT('2D SPACE',''
  ) );
#3442 = ORIENTED_EDGE('',*,*,#3443,.F.);
#3443 = EDGE_CURVE('',#3444,#3415,#3446,.T.);
#3444 = VERTEX_POINT('',#3445);
#3445 = CARTESIAN_POINT('',(-22.5,-6.129061917913,70.));
#3446 = SURFACE_CURVE('',#3447,(#3451,#3458),.PCURVE_S1.);
#3447 = LINE('',#3448,#3449);
#3448 = CARTESIAN_POINT('',(-22.5,-6.129061917913,70.));
#3449 = VECTOR('',#3450,1.);
#3450 = DIRECTION('',(1.159300958738E-15,1.,0.));
#3451 = PCURVE('',#3261,#3452);
#3452 = DEFINITIONAL_REPRESENTATION('',(#3453),#3457);
#3453 = LINE('',#3454,#3455);
#3454 = CARTESIAN_POINT('',(-22.5,-6.129061917913));
#3455 = VECTOR('',#3456,1.);
#3456 = DIRECTION('',(1.159300958738E-15,1.));
#3457 = ( GEOMETRIC_REPRESENTATION_CONTEXT(2) 
PARAMETRIC_REPRESENTATION_CONTEXT() REPRESENTATION_CONTEXT('2D SPACE',''
  ) );
#3458 = PCURVE('',#3459,#3464);
#3459 = CYLINDRICAL_SURFACE('',#3460,2.5);
#3460 = AXIS2_PLACEMENT_3D('',#3461,#3462,#3463);
#3461 = CARTESIAN_POINT('',(-22.5,0.,67.5));
#3462 = DIRECTION('',(0.,-1.,-0.));
#3463 = DIRECTION('',(-1.,-0.,0.));
#3464 = DEFINITIONAL_REPRESENTATION('',(#3465),#3469);
#3465 = LINE('',#3466,#3467);
#3466 = CARTESIAN_POINT('',(-1.570796326795,6.129061917913));
#3467 = VECTOR('',#3468,1.);
#3468 = DIRECTION('',(-0.,-1.));
#3469 = ( GEOMETRIC_REPRESENTATION_CONTEXT(2) 
PARAMETRIC_REPRESENTATION_CONTEXT() REPRESENTATION_CONTEXT('2D SPACE',''
  ) );
#3470 = ORIENTED_EDGE('',*,*,#3471,.T.);
#3471 = EDGE_CURVE('',#3444,#3472,#3474,.T.);
#3472 = VERTEX_POINT('',#3473);
#3473 = CARTESIAN_POINT('',(22.5,-6.129061917913,70.));
#3474 = SURFACE_CURVE('',#3475,(#3480,#3487),.PCURVE_S1.);
#3475 = CIRCLE('',#3476,42.916666666667);
#3476 = AXIS2_PLACEMENT_3D('',#3477,#3478,#3479);
#3477 = CARTESIAN_POINT('',(0.,30.416666666667,70.));
#3478 = DIRECTION('',(0.,0.,1.));
#3479 = DIRECTION('',(-0.550458715596,-0.834862385321,0.));
#3480 = PCURVE('',#3261,#3481);
#3481 = DEFINITIONAL_REPRESENTATION('',(#3482),#3486);
#3482 = CIRCLE('',#3483,42.916666666667);
#3483 = AXIS2_PLACEMENT_2D('',#3484,#3485);
#3484 = CARTESIAN_POINT('',(-7.35601047262E-15,30.416666666667));
#3485 = DIRECTION('',(-0.550458715596,-0.834862385321));
#3486 = ( GEOMETRIC_REPRESENTATION_CONTEXT(2) 
PARAMETRIC_REPRESENTATION_CONTEXT() REPRESENTATION_CONTEXT('2D SPACE',''
  ) );
#3487 = PCURVE('',#3488,#3493);
#3488 = TOROIDAL_SURFACE('',#3489,42.916666666667,2.5);
#3489 = AXIS2_PLACEMENT_3D('',#3490,#3491,#3492);
#3490 = CARTESIAN_POINT('',(0.,30.416666666667,67.5));
#3491 = DIRECTION('',(0.,0.,1.));
#3492 = DIRECTION('',(-0.550458715596,-0.834862385321,0.));
#3493 = DEFINITIONAL_REPRESENTATION('',(#3494),#3498);
#3494 = LINE('',#3495,#3496);
#3495 = CARTESIAN_POINT('',(0.,1.570796326795));
#3496 = VECTOR('',#3497,1.);
#3497 = DIRECTION('',(1.,0.));
#3498 = ( GEOMETRIC_REPRESENTATION_CONTEXT(2) 
PARAMETRIC_REPRESENTATION_CONTEXT() REPRESENTATION_CONTEXT('2D SPACE',''
  ) );
#3499 = ORIENTED_EDGE('',*,*,#3500,.T.);
#3500 = EDGE_CURVE('',#3472,#3413,#3501,.T.);
#3501 = SURFACE_CURVE('',#3502,(#3506,#3513),.PCURVE_S1.);
#3502 = LINE('',#3503,#3504);
#3503 = CARTESIAN_POINT('',(22.5,-6.129061917913,70.));
#3504 = VECTOR('',#3505,1.);
#3505 = DIRECTION('',(2.028776677791E-15,1.,0.));
#3506 = PCURVE('',#3261,#3507);
#3507 = DEFINITIONAL_REPRESENTATION('',(#3508),#3512);
#3508 = LINE('',#3509,#3510);
#3509 = CARTESIAN_POINT('',(22.5,-6.129061917913));
#3510 = VECTOR('',#3511,1.);
#3511 = DIRECTION('',(2.028776677791E-15,1.));
#3512 = ( GEOMETRIC_REPRESENTATION_CONTEXT(2) 
PARAMETRIC_REPRESENTATION_CONTEXT() REPRESENTATION_CONTEXT('2D SPACE',''
  ) );
#3513 = PCURVE('',#3514,#3519);
#3514 = CYLINDRICAL_SURFACE('',#3515,2.5);
#3515 = AXIS2_PLACEMENT_3D('',#3516,#3517,#3518);
#3516 = CARTESIAN_POINT('',(22.5,0.,67.5));
#3517 = DIRECTION('',(-0.,1.,0.));
#3518 = DIRECTION('',(1.,0.,-0.));
#3519 = DEFINITIONAL_REPRESENTATION('',(#3520),#3524);
#3520 = LINE('',#3521,#3522);
#3521 = CARTESIAN_POINT('',(-1.570796326795,-6.129061917913));
#3522 = VECTOR('',#3523,1.);
#3523 = DIRECTION('',(-0.,1.));
#3524 = ( GEOMETRIC_REPRESENTATION_CONTEXT(2) 
PARAMETRIC_REPRESENTATION_CONTEXT() REPRESENTATION_CONTEXT('2D SPACE',''
  ) );
#3525 = FACE_BOUND('',#3526,.T.);
#3526 = EDGE_LOOP('',(#3527));
#3527 = ORIENTED_EDGE('',*,*,#3246,.F.);
#3528 = ADVANCED_FACE('',(#3529),#3431,.T.);
#3529 = FACE_BOUND('',#3530,.T.);
#3530 = EDGE_LOOP('',(#3531,#3558,#3587,#3612));
#3531 = ORIENTED_EDGE('',*,*,#3532,.T.);
#3532 = EDGE_CURVE('',#3413,#3533,#3535,.T.);
#3533 = VERTEX_POINT('',#3534);
#3534 = CARTESIAN_POINT('',(23.810679611651,8.25793931119,67.5));
#3535 = SURFACE_CURVE('',#3536,(#3541,#3547),.PCURVE_S1.);
#3536 = CIRCLE('',#3537,2.5);
#3537 = AXIS2_PLACEMENT_3D('',#3538,#3539,#3540);
#3538 = CARTESIAN_POINT('',(22.5,6.129061917913,67.5));
#3539 = DIRECTION('',(-0.851550957311,0.52427184466,0.));
#3540 = DIRECTION('',(0.52427184466,0.851550957311,0.));
#3541 = PCURVE('',#3431,#3542);
#3542 = DEFINITIONAL_REPRESENTATION('',(#3543),#3546);
#3543 = B_SPLINE_CURVE_WITH_KNOTS('',1,(#3544,#3545),.UNSPECIFIED.,.F.,
  .F.,(2,2),(4.712388980385,6.28318530718),.PIECEWISE_BEZIER_KNOTS.);
#3544 = CARTESIAN_POINT('',(3.105379425535E-02,1.570796326795));
#3545 = CARTESIAN_POINT('',(3.105379425535E-02,0.));
#3546 = ( GEOMETRIC_REPRESENTATION_CONTEXT(2) 
PARAMETRIC_REPRESENTATION_CONTEXT() REPRESENTATION_CONTEXT('2D SPACE',''
  ) );
#3547 = PCURVE('',#3548,#3553);
#3548 = SPHERICAL_SURFACE('',#3549,2.5);
#3549 = AXIS2_PLACEMENT_3D('',#3550,#3551,#3552);
#3550 = CARTESIAN_POINT('',(22.5,6.129061917913,67.5));
#3551 = DIRECTION('',(-0.,-0.,-1.));
#3552 = DIRECTION('',(0.52427184466,0.851550957311,-0.));
#3553 = DEFINITIONAL_REPRESENTATION('',(#3554),#3557);
#3554 = B_SPLINE_CURVE_WITH_KNOTS('',1,(#3555,#3556),.UNSPECIFIED.,.F.,
  .F.,(2,2),(4.712388980385,6.28318530718),.PIECEWISE_BEZIER_KNOTS.);
#3555 = CARTESIAN_POINT('',(0.,-1.570796326795));
#3556 = CARTESIAN_POINT('',(0.,0.));
#3557 = ( GEOMETRIC_REPRESENTATION_CONTEXT(2) 
PARAMETRIC_REPRESENTATION_CONTEXT() REPRESENTATION_CONTEXT('2D SPACE',''
  ) );
#3558 = ORIENTED_EDGE('',*,*,#3559,.T.);
#3559 = EDGE_CURVE('',#3533,#3560,#3562,.T.);
#3560 = VERTEX_POINT('',#3561);
#3561 = CARTESIAN_POINT('',(-23.81067961165,8.25793931119,67.5));
#3562 = SURFACE_CURVE('',#3563,(#3568,#3575),.PCURVE_S1.);
#3563 = CIRCLE('',#3564,45.416666666667);
#3564 = AXIS2_PLACEMENT_3D('',#3565,#3566,#3567);
#3565 = CARTESIAN_POINT('',(0.,-30.41666666666,67.5));
#3566 = DIRECTION('',(0.,0.,1.));
#3567 = DIRECTION('',(0.550458715596,0.834862385321,-0.));
#3568 = PCURVE('',#3431,#3569);
#3569 = DEFINITIONAL_REPRESENTATION('',(#3570),#3574);
#3570 = LINE('',#3571,#3572);
#3571 = CARTESIAN_POINT('',(0.,0.));
#3572 = VECTOR('',#3573,1.);
#3573 = DIRECTION('',(1.,0.));
#3574 = ( GEOMETRIC_REPRESENTATION_CONTEXT(2) 
PARAMETRIC_REPRESENTATION_CONTEXT() REPRESENTATION_CONTEXT('2D SPACE',''
  ) );
#3575 = PCURVE('',#3576,#3581);
#3576 = CYLINDRICAL_SURFACE('',#3577,45.416666666667);
#3577 = AXIS2_PLACEMENT_3D('',#3578,#3579,#3580);
#3578 = CARTESIAN_POINT('',(0.,-30.41666666666,0.));
#3579 = DIRECTION('',(-0.,-0.,-1.));
#3580 = DIRECTION('',(-0.550458715596,0.834862385321,0.));
#3581 = DEFINITIONAL_REPRESENTATION('',(#3582),#3586);
#3582 = LINE('',#3583,#3584);
#3583 = CARTESIAN_POINT('',(-5.117358129268,-67.5));
#3584 = VECTOR('',#3585,1.);
#3585 = DIRECTION('',(-1.,0.));
#3586 = ( GEOMETRIC_REPRESENTATION_CONTEXT(2) 
PARAMETRIC_REPRESENTATION_CONTEXT() REPRESENTATION_CONTEXT('2D SPACE',''
  ) );
#3587 = ORIENTED_EDGE('',*,*,#3588,.F.);
#3588 = EDGE_CURVE('',#3415,#3560,#3589,.T.);
#3589 = SURFACE_CURVE('',#3590,(#3595,#3601),.PCURVE_S1.);
#3590 = CIRCLE('',#3591,2.5);
#3591 = AXIS2_PLACEMENT_3D('',#3592,#3593,#3594);
#3592 = CARTESIAN_POINT('',(-22.5,6.129061917913,67.5));
#3593 = DIRECTION('',(-0.851550957311,-0.52427184466,0.));
#3594 = DIRECTION('',(-0.52427184466,0.851550957311,0.));
#3595 = PCURVE('',#3431,#3596);
#3596 = DEFINITIONAL_REPRESENTATION('',(#3597),#3600);
#3597 = B_SPLINE_CURVE_WITH_KNOTS('',1,(#3598,#3599),.UNSPECIFIED.,.F.,
  .F.,(2,2),(4.712388980385,6.28318530718),.PIECEWISE_BEZIER_KNOTS.);
#3598 = CARTESIAN_POINT('',(1.134773383656,1.570796326795));
#3599 = CARTESIAN_POINT('',(1.134773383656,0.));
#3600 = ( GEOMETRIC_REPRESENTATION_CONTEXT(2) 
PARAMETRIC_REPRESENTATION_CONTEXT() REPRESENTATION_CONTEXT('2D SPACE',''
  ) );
#3601 = PCURVE('',#3602,#3607);
#3602 = SPHERICAL_SURFACE('',#3603,2.5);
#3603 = AXIS2_PLACEMENT_3D('',#3604,#3605,#3606);
#3604 = CARTESIAN_POINT('',(-22.5,6.129061917913,67.5));
#3605 = DIRECTION('',(-0.,-0.,-1.));
#3606 = DIRECTION('',(-0.52427184466,0.851550957311,0.));
#3607 = DEFINITIONAL_REPRESENTATION('',(#3608),#3611);
#3608 = B_SPLINE_CURVE_WITH_KNOTS('',1,(#3609,#3610),.UNSPECIFIED.,.F.,
  .F.,(2,2),(4.712388980385,6.28318530718),.PIECEWISE_BEZIER_KNOTS.);
#3609 = CARTESIAN_POINT('',(0.,-1.570796326795));
#3610 = CARTESIAN_POINT('',(0.,0.));
#3611 = ( GEOMETRIC_REPRESENTATION_CONTEXT(2) 
PARAMETRIC_REPRESENTATION_CONTEXT() REPRESENTATION_CONTEXT('2D SPACE',''
  ) );
#3612 = ORIENTED_EDGE('',*,*,#3412,.F.);
#3613 = ADVANCED_FACE('',(#3614),#3459,.T.);
#3614 = FACE_BOUND('',#3615,.F.);
#3615 = EDGE_LOOP('',(#3616,#3646,#3666,#3667));
#3616 = ORIENTED_EDGE('',*,*,#3617,.T.);
#3617 = EDGE_CURVE('',#3618,#3620,#3622,.T.);
#3618 = VERTEX_POINT('',#3619);
#3619 = CARTESIAN_POINT('',(-25.,-6.129061917913,67.5));
#3620 = VERTEX_POINT('',#3621);
#3621 = CARTESIAN_POINT('',(-25.,6.129061917913,67.5));
#3622 = SURFACE_CURVE('',#3623,(#3627,#3634),.PCURVE_S1.);
#3623 = LINE('',#3624,#3625);
#3624 = CARTESIAN_POINT('',(-25.,-6.129061917913,67.5));
#3625 = VECTOR('',#3626,1.);
#3626 = DIRECTION('',(0.,1.,0.));
#3627 = PCURVE('',#3459,#3628);
#3628 = DEFINITIONAL_REPRESENTATION('',(#3629),#3633);
#3629 = LINE('',#3630,#3631);
#3630 = CARTESIAN_POINT('',(-0.,6.129061917913));
#3631 = VECTOR('',#3632,1.);
#3632 = DIRECTION('',(-0.,-1.));
#3633 = ( GEOMETRIC_REPRESENTATION_CONTEXT(2) 
PARAMETRIC_REPRESENTATION_CONTEXT() REPRESENTATION_CONTEXT('2D SPACE',''
  ) );
#3634 = PCURVE('',#3635,#3640);
#3635 = PLANE('',#3636);
#3636 = AXIS2_PLACEMENT_3D('',#3637,#3638,#3639);
#3637 = CARTESIAN_POINT('',(-25.,0.,0.));
#3638 = DIRECTION('',(1.,0.,-0.));
#3639 = DIRECTION('',(0.,-1.,0.));
#3640 = DEFINITIONAL_REPRESENTATION('',(#3641),#3645);
#3641 = LINE('',#3642,#3643);
#3642 = CARTESIAN_POINT('',(6.129061917913,-67.5));
#3643 = VECTOR('',#3644,1.);
#3644 = DIRECTION('',(-1.,0.));
#3645 = ( GEOMETRIC_REPRESENTATION_CONTEXT(2) 
PARAMETRIC_REPRESENTATION_CONTEXT() REPRESENTATION_CONTEXT('2D SPACE',''
  ) );
#3646 = ORIENTED_EDGE('',*,*,#3647,.F.);
#3647 = EDGE_CURVE('',#3415,#3620,#3648,.T.);
#3648 = SURFACE_CURVE('',#3649,(#3654,#3660),.PCURVE_S1.);
#3649 = CIRCLE('',#3650,2.5);
#3650 = AXIS2_PLACEMENT_3D('',#3651,#3652,#3653);
#3651 = CARTESIAN_POINT('',(-22.5,6.129061917913,67.5));
#3652 = DIRECTION('',(-2.164934898019E-15,-1.,0.));
#3653 = DIRECTION('',(-1.,2.164934898019E-15,0.));
#3654 = PCURVE('',#3459,#3655);
#3655 = DEFINITIONAL_REPRESENTATION('',(#3656),#3659);
#3656 = B_SPLINE_CURVE_WITH_KNOTS('',1,(#3657,#3658),.UNSPECIFIED.,.F.,
  .F.,(2,2),(4.712388980385,6.28318530718),.PIECEWISE_BEZIER_KNOTS.);
#3657 = CARTESIAN_POINT('',(-1.570796326795,-6.129061917913));
#3658 = CARTESIAN_POINT('',(0.,-6.129061917913));
#3659 = ( GEOMETRIC_REPRESENTATION_CONTEXT(2) 
PARAMETRIC_REPRESENTATION_CONTEXT() REPRESENTATION_CONTEXT('2D SPACE',''
  ) );
#3660 = PCURVE('',#3602,#3661);
#3661 = DEFINITIONAL_REPRESENTATION('',(#3662),#3665);
#3662 = B_SPLINE_CURVE_WITH_KNOTS('',1,(#3663,#3664),.UNSPECIFIED.,.F.,
  .F.,(2,2),(4.712388980385,6.28318530718),.PIECEWISE_BEZIER_KNOTS.);
#3663 = CARTESIAN_POINT('',(-1.018936532095,-1.570796326795));
#3664 = CARTESIAN_POINT('',(-1.018936532095,0.));
#3665 = ( GEOMETRIC_REPRESENTATION_CONTEXT(2) 
PARAMETRIC_REPRESENTATION_CONTEXT() REPRESENTATION_CONTEXT('2D SPACE',''
  ) );
#3666 = ORIENTED_EDGE('',*,*,#3443,.F.);
#3667 = ORIENTED_EDGE('',*,*,#3668,.T.);
#3668 = EDGE_CURVE('',#3444,#3618,#3669,.T.);
#3669 = SURFACE_CURVE('',#3670,(#3675,#3681),.PCURVE_S1.);
#3670 = CIRCLE('',#3671,2.5);
#3671 = AXIS2_PLACEMENT_3D('',#3672,#3673,#3674);
#3672 = CARTESIAN_POINT('',(-22.5,-6.129061917913,67.5));
#3673 = DIRECTION('',(0.,-1.,0.));
#3674 = DIRECTION('',(-1.,0.,0.));
#3675 = PCURVE('',#3459,#3676);
#3676 = DEFINITIONAL_REPRESENTATION('',(#3677),#3680);
#3677 = B_SPLINE_CURVE_WITH_KNOTS('',1,(#3678,#3679),.UNSPECIFIED.,.F.,
  .F.,(2,2),(4.712388980385,6.28318530718),.PIECEWISE_BEZIER_KNOTS.);
#3678 = CARTESIAN_POINT('',(-1.570796326795,6.129061917913));
#3679 = CARTESIAN_POINT('',(0.,6.129061917913));
#3680 = ( GEOMETRIC_REPRESENTATION_CONTEXT(2) 
PARAMETRIC_REPRESENTATION_CONTEXT() REPRESENTATION_CONTEXT('2D SPACE',''
  ) );
#3681 = PCURVE('',#3682,#3687);
#3682 = SPHERICAL_SURFACE('',#3683,2.5);
#3683 = AXIS2_PLACEMENT_3D('',#3684,#3685,#3686);
#3684 = CARTESIAN_POINT('',(-22.5,-6.129061917913,67.5));
#3685 = DIRECTION('',(-0.,-0.,-1.));
#3686 = DIRECTION('',(-1.,0.,0.));
#3687 = DEFINITIONAL_REPRESENTATION('',(#3688),#3691);
#3688 = B_SPLINE_CURVE_WITH_KNOTS('',1,(#3689,#3690),.UNSPECIFIED.,.F.,
  .F.,(2,2),(4.712388980385,6.28318530718),.PIECEWISE_BEZIER_KNOTS.);
#3689 = CARTESIAN_POINT('',(0.,-1.570796326795));
#3690 = CARTESIAN_POINT('',(0.,0.));
#3691 = ( GEOMETRIC_REPRESENTATION_CONTEXT(2) 
PARAMETRIC_REPRESENTATION_CONTEXT() REPRESENTATION_CONTEXT('2D SPACE',''
  ) );
#3692 = ADVANCED_FACE('',(#3693),#3488,.T.);
#3693 = FACE_BOUND('',#3694,.T.);
#3694 = EDGE_LOOP('',(#3695,#3717,#3746,#3771));
#3695 = ORIENTED_EDGE('',*,*,#3696,.T.);
#3696 = EDGE_CURVE('',#3444,#3697,#3699,.T.);
#3697 = VERTEX_POINT('',#3698);
#3698 = CARTESIAN_POINT('',(-23.81067961165,-8.25793931119,67.5));
#3699 = SURFACE_CURVE('',#3700,(#3705,#3711),.PCURVE_S1.);
#3700 = CIRCLE('',#3701,2.5);
#3701 = AXIS2_PLACEMENT_3D('',#3702,#3703,#3704);
#3702 = CARTESIAN_POINT('',(-22.5,-6.129061917913,67.5));
#3703 = DIRECTION('',(0.851550957311,-0.52427184466,0.));
#3704 = DIRECTION('',(-0.52427184466,-0.851550957311,0.));
#3705 = PCURVE('',#3488,#3706);
#3706 = DEFINITIONAL_REPRESENTATION('',(#3707),#3710);
#3707 = B_SPLINE_CURVE_WITH_KNOTS('',1,(#3708,#3709),.UNSPECIFIED.,.F.,
  .F.,(2,2),(4.712388980385,6.28318530718),.PIECEWISE_BEZIER_KNOTS.);
#3708 = CARTESIAN_POINT('',(3.105379425535E-02,1.570796326795));
#3709 = CARTESIAN_POINT('',(3.105379425535E-02,0.));
#3710 = ( GEOMETRIC_REPRESENTATION_CONTEXT(2) 
PARAMETRIC_REPRESENTATION_CONTEXT() REPRESENTATION_CONTEXT('2D SPACE',''
  ) );
#3711 = PCURVE('',#3682,#3712);
#3712 = DEFINITIONAL_REPRESENTATION('',(#3713),#3716);
#3713 = B_SPLINE_CURVE_WITH_KNOTS('',1,(#3714,#3715),.UNSPECIFIED.,.F.,
  .F.,(2,2),(4.712388980385,6.28318530718),.PIECEWISE_BEZIER_KNOTS.);
#3714 = CARTESIAN_POINT('',(-1.018936532095,-1.570796326795));
#3715 = CARTESIAN_POINT('',(-1.018936532095,0.));
#3716 = ( GEOMETRIC_REPRESENTATION_CONTEXT(2) 
PARAMETRIC_REPRESENTATION_CONTEXT() REPRESENTATION_CONTEXT('2D SPACE',''
  ) );
#3717 = ORIENTED_EDGE('',*,*,#3718,.T.);
#3718 = EDGE_CURVE('',#3697,#3719,#3721,.T.);
#3719 = VERTEX_POINT('',#3720);
#3720 = CARTESIAN_POINT('',(23.81067961165,-8.25793931119,67.5));
#3721 = SURFACE_CURVE('',#3722,(#3727,#3734),.PCURVE_S1.);
#3722 = CIRCLE('',#3723,45.416666666667);
#3723 = AXIS2_PLACEMENT_3D('',#3724,#3725,#3726);
#3724 = CARTESIAN_POINT('',(0.,30.416666666667,67.5));
#3725 = DIRECTION('',(0.,0.,1.));
#3726 = DIRECTION('',(-0.550458715596,-0.834862385321,0.));
#3727 = PCURVE('',#3488,#3728);
#3728 = DEFINITIONAL_REPRESENTATION('',(#3729),#3733);
#3729 = LINE('',#3730,#3731);
#3730 = CARTESIAN_POINT('',(0.,0.));
#3731 = VECTOR('',#3732,1.);
#3732 = DIRECTION('',(1.,0.));
#3733 = ( GEOMETRIC_REPRESENTATION_CONTEXT(2) 
PARAMETRIC_REPRESENTATION_CONTEXT() REPRESENTATION_CONTEXT('2D SPACE',''
  ) );
#3734 = PCURVE('',#3735,#3740);
#3735 = CYLINDRICAL_SURFACE('',#3736,45.416666666667);
#3736 = AXIS2_PLACEMENT_3D('',#3737,#3738,#3739);
#3737 = CARTESIAN_POINT('',(0.,30.416666666667,0.));
#3738 = DIRECTION('',(-0.,-0.,-1.));
#3739 = DIRECTION('',(-0.550458715596,-0.834862385321,0.));
#3740 = DEFINITIONAL_REPRESENTATION('',(#3741),#3745);
#3741 = LINE('',#3742,#3743);
#3742 = CARTESIAN_POINT('',(-0.,-67.5));
#3743 = VECTOR('',#3744,1.);
#3744 = DIRECTION('',(-1.,0.));
#3745 = ( GEOMETRIC_REPRESENTATION_CONTEXT(2) 
PARAMETRIC_REPRESENTATION_CONTEXT() REPRESENTATION_CONTEXT('2D SPACE',''
  ) );
#3746 = ORIENTED_EDGE('',*,*,#3747,.F.);
#3747 = EDGE_CURVE('',#3472,#3719,#3748,.T.);
#3748 = SURFACE_CURVE('',#3749,(#3754,#3760),.PCURVE_S1.);
#3749 = CIRCLE('',#3750,2.5);
#3750 = AXIS2_PLACEMENT_3D('',#3751,#3752,#3753);
#3751 = CARTESIAN_POINT('',(22.5,-6.129061917913,67.5));
#3752 = DIRECTION('',(0.851550957311,0.52427184466,0.));
#3753 = DIRECTION('',(0.52427184466,-0.851550957311,0.));
#3754 = PCURVE('',#3488,#3755);
#3755 = DEFINITIONAL_REPRESENTATION('',(#3756),#3759);
#3756 = B_SPLINE_CURVE_WITH_KNOTS('',1,(#3757,#3758),.UNSPECIFIED.,.F.,
  .F.,(2,2),(4.712388980385,6.28318530718),.PIECEWISE_BEZIER_KNOTS.);
#3757 = CARTESIAN_POINT('',(1.134773383656,1.570796326795));
#3758 = CARTESIAN_POINT('',(1.134773383656,0.));
#3759 = ( GEOMETRIC_REPRESENTATION_CONTEXT(2) 
PARAMETRIC_REPRESENTATION_CONTEXT() REPRESENTATION_CONTEXT('2D SPACE',''
  ) );
#3760 = PCURVE('',#3761,#3766);
#3761 = SPHERICAL_SURFACE('',#3762,2.5);
#3762 = AXIS2_PLACEMENT_3D('',#3763,#3764,#3765);
#3763 = CARTESIAN_POINT('',(22.5,-6.129061917913,67.5));
#3764 = DIRECTION('',(-0.,-0.,-1.));
#3765 = DIRECTION('',(0.52427184466,-0.851550957311,0.));
#3766 = DEFINITIONAL_REPRESENTATION('',(#3767),#3770);
#3767 = B_SPLINE_CURVE_WITH_KNOTS('',1,(#3768,#3769),.UNSPECIFIED.,.F.,
  .F.,(2,2),(4.712388980385,6.28318530718),.PIECEWISE_BEZIER_KNOTS.);
#3768 = CARTESIAN_POINT('',(0.,-1.570796326795));
#3769 = CARTESIAN_POINT('',(0.,0.));
#3770 = ( GEOMETRIC_REPRESENTATION_CONTEXT(2) 
PARAMETRIC_REPRESENTATION_CONTEXT() REPRESENTATION_CONTEXT('2D SPACE',''
  ) );
#3771 = ORIENTED_EDGE('',*,*,#3471,.F.);
#3772 = ADVANCED_FACE('',(#3773),#3514,.T.);
#3773 = FACE_BOUND('',#3774,.F.);
#3774 = EDGE_LOOP('',(#3775,#3805,#3825,#3826));
#3775 = ORIENTED_EDGE('',*,*,#3776,.F.);
#3776 = EDGE_CURVE('',#3777,#3779,#3781,.T.);
#3777 = VERTEX_POINT('',#3778);
#3778 = CARTESIAN_POINT('',(25.,-6.129061917913,67.5));
#3779 = VERTEX_POINT('',#3780);
#3780 = CARTESIAN_POINT('',(25.,6.129061917913,67.5));
#3781 = SURFACE_CURVE('',#3782,(#3786,#3793),.PCURVE_S1.);
#3782 = LINE('',#3783,#3784);
#3783 = CARTESIAN_POINT('',(25.,-6.129061917913,67.5));
#3784 = VECTOR('',#3785,1.);
#3785 = DIRECTION('',(0.,1.,0.));
#3786 = PCURVE('',#3514,#3787);
#3787 = DEFINITIONAL_REPRESENTATION('',(#3788),#3792);
#3788 = LINE('',#3789,#3790);
#3789 = CARTESIAN_POINT('',(-0.,-6.129061917913));
#3790 = VECTOR('',#3791,1.);
#3791 = DIRECTION('',(-0.,1.));
#3792 = ( GEOMETRIC_REPRESENTATION_CONTEXT(2) 
PARAMETRIC_REPRESENTATION_CONTEXT() REPRESENTATION_CONTEXT('2D SPACE',''
  ) );
#3793 = PCURVE('',#3794,#3799);
#3794 = PLANE('',#3795);
#3795 = AXIS2_PLACEMENT_3D('',#3796,#3797,#3798);
#3796 = CARTESIAN_POINT('',(25.,0.,0.));
#3797 = DIRECTION('',(-1.,-0.,0.));
#3798 = DIRECTION('',(-0.,1.,0.));
#3799 = DEFINITIONAL_REPRESENTATION('',(#3800),#3804);
#3800 = LINE('',#3801,#3802);
#3801 = CARTESIAN_POINT('',(-6.129061917913,-67.5));
#3802 = VECTOR('',#3803,1.);
#3803 = DIRECTION('',(1.,0.));
#3804 = ( GEOMETRIC_REPRESENTATION_CONTEXT(2) 
PARAMETRIC_REPRESENTATION_CONTEXT() REPRESENTATION_CONTEXT('2D SPACE',''
  ) );
#3805 = ORIENTED_EDGE('',*,*,#3806,.F.);
#3806 = EDGE_CURVE('',#3472,#3777,#3807,.T.);
#3807 = SURFACE_CURVE('',#3808,(#3813,#3819),.PCURVE_S1.);
#3808 = CIRCLE('',#3809,2.5);
#3809 = AXIS2_PLACEMENT_3D('',#3810,#3811,#3812);
#3810 = CARTESIAN_POINT('',(22.5,-6.129061917913,67.5));
#3811 = DIRECTION('',(-1.7763568394E-15,1.,0.));
#3812 = DIRECTION('',(1.,1.7763568394E-15,0.));
#3813 = PCURVE('',#3514,#3814);
#3814 = DEFINITIONAL_REPRESENTATION('',(#3815),#3818);
#3815 = B_SPLINE_CURVE_WITH_KNOTS('',1,(#3816,#3817),.UNSPECIFIED.,.F.,
  .F.,(2,2),(4.712388980385,6.28318530718),.PIECEWISE_BEZIER_KNOTS.);
#3816 = CARTESIAN_POINT('',(-1.570796326795,-6.129061917913));
#3817 = CARTESIAN_POINT('',(0.,-6.129061917913));
#3818 = ( GEOMETRIC_REPRESENTATION_CONTEXT(2) 
PARAMETRIC_REPRESENTATION_CONTEXT() REPRESENTATION_CONTEXT('2D SPACE',''
  ) );
#3819 = PCURVE('',#3761,#3820);
#3820 = DEFINITIONAL_REPRESENTATION('',(#3821),#3824);
#3821 = B_SPLINE_CURVE_WITH_KNOTS('',1,(#3822,#3823),.UNSPECIFIED.,.F.,
  .F.,(2,2),(4.712388980385,6.28318530718),.PIECEWISE_BEZIER_KNOTS.);
#3822 = CARTESIAN_POINT('',(-1.018936532095,-1.570796326795));
#3823 = CARTESIAN_POINT('',(-1.018936532095,0.));
#3824 = ( GEOMETRIC_REPRESENTATION_CONTEXT(2) 
PARAMETRIC_REPRESENTATION_CONTEXT() REPRESENTATION_CONTEXT('2D SPACE',''
  ) );
#3825 = ORIENTED_EDGE('',*,*,#3500,.T.);
#3826 = ORIENTED_EDGE('',*,*,#3827,.T.);
#3827 = EDGE_CURVE('',#3413,#3779,#3828,.T.);
#3828 = SURFACE_CURVE('',#3829,(#3834,#3840),.PCURVE_S1.);
#3829 = CIRCLE('',#3830,2.5);
#3830 = AXIS2_PLACEMENT_3D('',#3831,#3832,#3833);
#3831 = CARTESIAN_POINT('',(22.5,6.129061917913,67.5));
#3832 = DIRECTION('',(4.107825191113E-15,1.,0.));
#3833 = DIRECTION('',(1.,-4.107825191113E-15,0.));
#3834 = PCURVE('',#3514,#3835);
#3835 = DEFINITIONAL_REPRESENTATION('',(#3836),#3839);
#3836 = B_SPLINE_CURVE_WITH_KNOTS('',1,(#3837,#3838),.UNSPECIFIED.,.F.,
  .F.,(2,2),(4.712388980385,6.28318530718),.PIECEWISE_BEZIER_KNOTS.);
#3837 = CARTESIAN_POINT('',(-1.570796326795,6.129061917913));
#3838 = CARTESIAN_POINT('',(0.,6.129061917913));
#3839 = ( GEOMETRIC_REPRESENTATION_CONTEXT(2) 
PARAMETRIC_REPRESENTATION_CONTEXT() REPRESENTATION_CONTEXT('2D SPACE',''
  ) );
#3840 = PCURVE('',#3548,#3841);
#3841 = DEFINITIONAL_REPRESENTATION('',(#3842),#3845);
#3842 = B_SPLINE_CURVE_WITH_KNOTS('',1,(#3843,#3844),.UNSPECIFIED.,.F.,
  .F.,(2,2),(4.712388980385,6.28318530718),.PIECEWISE_BEZIER_KNOTS.);
#3843 = CARTESIAN_POINT('',(1.018936532095,-1.570796326795));
#3844 = CARTESIAN_POINT('',(1.018936532095,0.));
#3845 = ( GEOMETRIC_REPRESENTATION_CONTEXT(2) 
PARAMETRIC_REPRESENTATION_CONTEXT() REPRESENTATION_CONTEXT('2D SPACE',''
  ) );
#3846 = ADVANCED_FACE('',(#3847),#3548,.T.);
#3847 = FACE_BOUND('',#3848,.T.);
#3848 = EDGE_LOOP('',(#3849,#3850,#3851));
#3849 = ORIENTED_EDGE('',*,*,#3532,.F.);
#3850 = ORIENTED_EDGE('',*,*,#3827,.T.);
#3851 = ORIENTED_EDGE('',*,*,#3852,.F.);
#3852 = EDGE_CURVE('',#3533,#3779,#3853,.T.);
#3853 = SURFACE_CURVE('',#3854,(#3859,#3866),.PCURVE_S1.);
#3854 = CIRCLE('',#3855,2.5);
#3855 = AXIS2_PLACEMENT_3D('',#3856,#3857,#3858);
#3856 = CARTESIAN_POINT('',(22.5,6.129061917913,67.5));
#3857 = DIRECTION('',(0.,-0.,-1.));
#3858 = DIRECTION('',(0.52427184466,0.851550957311,-0.));
#3859 = PCURVE('',#3548,#3860);
#3860 = DEFINITIONAL_REPRESENTATION('',(#3861),#3865);
#3861 = LINE('',#3862,#3863);
#3862 = CARTESIAN_POINT('',(0.,0.));
#3863 = VECTOR('',#3864,1.);
#3864 = DIRECTION('',(1.,0.));
#3865 = ( GEOMETRIC_REPRESENTATION_CONTEXT(2) 
PARAMETRIC_REPRESENTATION_CONTEXT() REPRESENTATION_CONTEXT('2D SPACE',''
  ) );
#3866 = PCURVE('',#3867,#3872);
#3867 = CYLINDRICAL_SURFACE('',#3868,2.5);
#3868 = AXIS2_PLACEMENT_3D('',#3869,#3870,#3871);
#3869 = CARTESIAN_POINT('',(22.5,6.129061917913,0.));
#3870 = DIRECTION('',(0.,0.,1.));
#3871 = DIRECTION('',(1.,0.,-0.));
#3872 = DEFINITIONAL_REPRESENTATION('',(#3873),#3877);
#3873 = LINE('',#3874,#3875);
#3874 = CARTESIAN_POINT('',(1.018936532095,67.5));
#3875 = VECTOR('',#3876,1.);
#3876 = DIRECTION('',(-1.,-0.));
#3877 = ( GEOMETRIC_REPRESENTATION_CONTEXT(2) 
PARAMETRIC_REPRESENTATION_CONTEXT() REPRESENTATION_CONTEXT('2D SPACE',''
  ) );
#3878 = ADVANCED_FACE('',(#3879),#3576,.T.);
#3879 = FACE_BOUND('',#3880,.F.);
#3880 = EDGE_LOOP('',(#3881,#3904,#3905,#3933));
#3881 = ORIENTED_EDGE('',*,*,#3882,.T.);
#3882 = EDGE_CURVE('',#3883,#3533,#3885,.T.);
#3883 = VERTEX_POINT('',#3884);
#3884 = CARTESIAN_POINT('',(23.810679611651,8.25793931119,2.5));
#3885 = SURFACE_CURVE('',#3886,(#3890,#3897),.PCURVE_S1.);
#3886 = LINE('',#3887,#3888);
#3887 = CARTESIAN_POINT('',(23.810679611651,8.25793931119,0.));
#3888 = VECTOR('',#3889,1.);
#3889 = DIRECTION('',(0.,0.,1.));
#3890 = PCURVE('',#3576,#3891);
#3891 = DEFINITIONAL_REPRESENTATION('',(#3892),#3896);
#3892 = LINE('',#3893,#3894);
#3893 = CARTESIAN_POINT('',(-5.148411923523,-0.));
#3894 = VECTOR('',#3895,1.);
#3895 = DIRECTION('',(-0.,-1.));
#3896 = ( GEOMETRIC_REPRESENTATION_CONTEXT(2) 
PARAMETRIC_REPRESENTATION_CONTEXT() REPRESENTATION_CONTEXT('2D SPACE',''
  ) );
#3897 = PCURVE('',#3867,#3898);
#3898 = DEFINITIONAL_REPRESENTATION('',(#3899),#3903);
#3899 = LINE('',#3900,#3901);
#3900 = CARTESIAN_POINT('',(1.018936532095,0.));
#3901 = VECTOR('',#3902,1.);
#3902 = DIRECTION('',(0.,1.));
#3903 = ( GEOMETRIC_REPRESENTATION_CONTEXT(2) 
PARAMETRIC_REPRESENTATION_CONTEXT() REPRESENTATION_CONTEXT('2D SPACE',''
  ) );
#3904 = ORIENTED_EDGE('',*,*,#3559,.T.);
#3905 = ORIENTED_EDGE('',*,*,#3906,.F.);
#3906 = EDGE_CURVE('',#3907,#3560,#3909,.T.);
#3907 = VERTEX_POINT('',#3908);
#3908 = CARTESIAN_POINT('',(-23.81067961165,8.25793931119,2.5));
#3909 = SURFACE_CURVE('',#3910,(#3914,#3921),.PCURVE_S1.);
#3910 = LINE('',#3911,#3912);
#3911 = CARTESIAN_POINT('',(-23.81067961165,8.25793931119,0.));
#3912 = VECTOR('',#3913,1.);
#3913 = DIRECTION('',(0.,0.,1.));
#3914 = PCURVE('',#3576,#3915);
#3915 = DEFINITIONAL_REPRESENTATION('',(#3916),#3920);
#3916 = LINE('',#3917,#3918);
#3917 = CARTESIAN_POINT('',(-6.252131512924,0.));
#3918 = VECTOR('',#3919,1.);
#3919 = DIRECTION('',(-0.,-1.));
#3920 = ( GEOMETRIC_REPRESENTATION_CONTEXT(2) 
PARAMETRIC_REPRESENTATION_CONTEXT() REPRESENTATION_CONTEXT('2D SPACE',''
  ) );
#3921 = PCURVE('',#3922,#3927);
#3922 = CYLINDRICAL_SURFACE('',#3923,2.5);
#3923 = AXIS2_PLACEMENT_3D('',#3924,#3925,#3926);
#3924 = CARTESIAN_POINT('',(-22.5,6.129061917913,0.));
#3925 = DIRECTION('',(0.,0.,1.));
#3926 = DIRECTION('',(-0.52427184466,0.851550957311,0.));
#3927 = DEFINITIONAL_REPRESENTATION('',(#3928),#3932);
#3928 = LINE('',#3929,#3930);
#3929 = CARTESIAN_POINT('',(0.,0.));
#3930 = VECTOR('',#3931,1.);
#3931 = DIRECTION('',(0.,1.));
#3932 = ( GEOMETRIC_REPRESENTATION_CONTEXT(2) 
PARAMETRIC_REPRESENTATION_CONTEXT() REPRESENTATION_CONTEXT('2D SPACE',''
  ) );
#3933 = ORIENTED_EDGE('',*,*,#3934,.F.);
#3934 = EDGE_CURVE('',#3883,#3907,#3935,.T.);
#3935 = SURFACE_CURVE('',#3936,(#3941,#3948),.PCURVE_S1.);
#3936 = CIRCLE('',#3937,45.416666666667);
#3937 = AXIS2_PLACEMENT_3D('',#3938,#3939,#3940);
#3938 = CARTESIAN_POINT('',(0.,-30.41666666666,2.5));
#3939 = DIRECTION('',(0.,0.,1.));
#3940 = DIRECTION('',(0.550458715596,0.834862385321,-0.));
#3941 = PCURVE('',#3576,#3942);
#3942 = DEFINITIONAL_REPRESENTATION('',(#3943),#3947);
#3943 = LINE('',#3944,#3945);
#3944 = CARTESIAN_POINT('',(-5.117358129268,-2.5));
#3945 = VECTOR('',#3946,1.);
#3946 = DIRECTION('',(-1.,0.));
#3947 = ( GEOMETRIC_REPRESENTATION_CONTEXT(2) 
PARAMETRIC_REPRESENTATION_CONTEXT() REPRESENTATION_CONTEXT('2D SPACE',''
  ) );
#3948 = PCURVE('',#3949,#3954);
#3949 = TOROIDAL_SURFACE('',#3950,42.916666666667,2.5);
#3950 = AXIS2_PLACEMENT_3D('',#3951,#3952,#3953);
#3951 = CARTESIAN_POINT('',(0.,-30.41666666666,2.5));
#3952 = DIRECTION('',(-0.,-0.,-1.));
#3953 = DIRECTION('',(0.550458715596,0.834862385321,-0.));
#3954 = DEFINITIONAL_REPRESENTATION('',(#3955),#3959);
#3955 = LINE('',#3956,#3957);
#3956 = CARTESIAN_POINT('',(-0.,0.));
#3957 = VECTOR('',#3958,1.);
#3958 = DIRECTION('',(-1.,0.));
#3959 = ( GEOMETRIC_REPRESENTATION_CONTEXT(2) 
PARAMETRIC_REPRESENTATION_CONTEXT() REPRESENTATION_CONTEXT('2D SPACE',''
  ) );
#3960 = ADVANCED_FACE('',(#3961),#3602,.T.);
#3961 = FACE_BOUND('',#3962,.F.);
#3962 = EDGE_LOOP('',(#3963,#3964,#3965));
#3963 = ORIENTED_EDGE('',*,*,#3588,.F.);
#3964 = ORIENTED_EDGE('',*,*,#3647,.T.);
#3965 = ORIENTED_EDGE('',*,*,#3966,.F.);
#3966 = EDGE_CURVE('',#3560,#3620,#3967,.T.);
#3967 = SURFACE_CURVE('',#3968,(#3973,#3980),.PCURVE_S1.);
#3968 = CIRCLE('',#3969,2.5);
#3969 = AXIS2_PLACEMENT_3D('',#3970,#3971,#3972);
#3970 = CARTESIAN_POINT('',(-22.5,6.129061917913,67.5));
#3971 = DIRECTION('',(0.,0.,1.));
#3972 = DIRECTION('',(-0.52427184466,0.851550957311,0.));
#3973 = PCURVE('',#3602,#3974);
#3974 = DEFINITIONAL_REPRESENTATION('',(#3975),#3979);
#3975 = LINE('',#3976,#3977);
#3976 = CARTESIAN_POINT('',(-0.,0.));
#3977 = VECTOR('',#3978,1.);
#3978 = DIRECTION('',(-1.,0.));
#3979 = ( GEOMETRIC_REPRESENTATION_CONTEXT(2) 
PARAMETRIC_REPRESENTATION_CONTEXT() REPRESENTATION_CONTEXT('2D SPACE',''
  ) );
#3980 = PCURVE('',#3922,#3981);
#3981 = DEFINITIONAL_REPRESENTATION('',(#3982),#3986);
#3982 = LINE('',#3983,#3984);
#3983 = CARTESIAN_POINT('',(1.42108547152E-15,67.5));
#3984 = VECTOR('',#3985,1.);
#3985 = DIRECTION('',(1.,0.));
#3986 = ( GEOMETRIC_REPRESENTATION_CONTEXT(2) 
PARAMETRIC_REPRESENTATION_CONTEXT() REPRESENTATION_CONTEXT('2D SPACE',''
  ) );
#3987 = ADVANCED_FACE('',(#3988),#3635,.F.);
#3988 = FACE_BOUND('',#3989,.F.);
#3989 = EDGE_LOOP('',(#3990,#4020,#4041,#4042));
#3990 = ORIENTED_EDGE('',*,*,#3991,.F.);
#3991 = EDGE_CURVE('',#3992,#3994,#3996,.T.);
#3992 = VERTEX_POINT('',#3993);
#3993 = CARTESIAN_POINT('',(-25.,6.129061917913,2.5));
#3994 = VERTEX_POINT('',#3995);
#3995 = CARTESIAN_POINT('',(-25.,-6.129061917913,2.5));
#3996 = SURFACE_CURVE('',#3997,(#4001,#4008),.PCURVE_S1.);
#3997 = LINE('',#3998,#3999);
#3998 = CARTESIAN_POINT('',(-25.,6.129061917913,2.5));
#3999 = VECTOR('',#4000,1.);
#4000 = DIRECTION('',(0.,-1.,0.));
#4001 = PCURVE('',#3635,#4002);
#4002 = DEFINITIONAL_REPRESENTATION('',(#4003),#4007);
#4003 = LINE('',#4004,#4005);
#4004 = CARTESIAN_POINT('',(-6.129061917913,-2.5));
#4005 = VECTOR('',#4006,1.);
#4006 = DIRECTION('',(1.,0.));
#4007 = ( GEOMETRIC_REPRESENTATION_CONTEXT(2) 
PARAMETRIC_REPRESENTATION_CONTEXT() REPRESENTATION_CONTEXT('2D SPACE',''
  ) );
#4008 = PCURVE('',#4009,#4014);
#4009 = CYLINDRICAL_SURFACE('',#4010,2.5);
#4010 = AXIS2_PLACEMENT_3D('',#4011,#4012,#4013);
#4011 = CARTESIAN_POINT('',(-22.5,0.,2.5));
#4012 = DIRECTION('',(0.,-1.,-0.));
#4013 = DIRECTION('',(-1.,-0.,0.));
#4014 = DEFINITIONAL_REPRESENTATION('',(#4015),#4019);
#4015 = LINE('',#4016,#4017);
#4016 = CARTESIAN_POINT('',(0.,-6.129061917913));
#4017 = VECTOR('',#4018,1.);
#4018 = DIRECTION('',(0.,1.));
#4019 = ( GEOMETRIC_REPRESENTATION_CONTEXT(2) 
PARAMETRIC_REPRESENTATION_CONTEXT() REPRESENTATION_CONTEXT('2D SPACE',''
  ) );
#4020 = ORIENTED_EDGE('',*,*,#4021,.T.);
#4021 = EDGE_CURVE('',#3992,#3620,#4022,.T.);
#4022 = SURFACE_CURVE('',#4023,(#4027,#4034),.PCURVE_S1.);
#4023 = LINE('',#4024,#4025);
#4024 = CARTESIAN_POINT('',(-25.,6.129061917913,0.));
#4025 = VECTOR('',#4026,1.);
#4026 = DIRECTION('',(0.,0.,1.));
#4027 = PCURVE('',#3635,#4028);
#4028 = DEFINITIONAL_REPRESENTATION('',(#4029),#4033);
#4029 = LINE('',#4030,#4031);
#4030 = CARTESIAN_POINT('',(-6.129061917913,0.));
#4031 = VECTOR('',#4032,1.);
#4032 = DIRECTION('',(0.,-1.));
#4033 = ( GEOMETRIC_REPRESENTATION_CONTEXT(2) 
PARAMETRIC_REPRESENTATION_CONTEXT() REPRESENTATION_CONTEXT('2D SPACE',''
  ) );
#4034 = PCURVE('',#3922,#4035);
#4035 = DEFINITIONAL_REPRESENTATION('',(#4036),#4040);
#4036 = LINE('',#4037,#4038);
#4037 = CARTESIAN_POINT('',(1.018936532095,0.));
#4038 = VECTOR('',#4039,1.);
#4039 = DIRECTION('',(0.,1.));
#4040 = ( GEOMETRIC_REPRESENTATION_CONTEXT(2) 
PARAMETRIC_REPRESENTATION_CONTEXT() REPRESENTATION_CONTEXT('2D SPACE',''
  ) );
#4041 = ORIENTED_EDGE('',*,*,#3617,.F.);
#4042 = ORIENTED_EDGE('',*,*,#4043,.F.);
#4043 = EDGE_CURVE('',#3994,#3618,#4044,.T.);
#4044 = SURFACE_CURVE('',#4045,(#4049,#4056),.PCURVE_S1.);
#4045 = LINE('',#4046,#4047);
#4046 = CARTESIAN_POINT('',(-25.,-6.129061917913,0.));
#4047 = VECTOR('',#4048,1.);
#4048 = DIRECTION('',(0.,0.,1.));
#4049 = PCURVE('',#3635,#4050);
#4050 = DEFINITIONAL_REPRESENTATION('',(#4051),#4055);
#4051 = LINE('',#4052,#4053);
#4052 = CARTESIAN_POINT('',(6.129061917913,0.));
#4053 = VECTOR('',#4054,1.);
#4054 = DIRECTION('',(0.,-1.));
#4055 = ( GEOMETRIC_REPRESENTATION_CONTEXT(2) 
PARAMETRIC_REPRESENTATION_CONTEXT() REPRESENTATION_CONTEXT('2D SPACE',''
  ) );
#4056 = PCURVE('',#4057,#4062);
#4057 = CYLINDRICAL_SURFACE('',#4058,2.5);
#4058 = AXIS2_PLACEMENT_3D('',#4059,#4060,#4061);
#4059 = CARTESIAN_POINT('',(-22.5,-6.129061917913,0.));
#4060 = DIRECTION('',(0.,0.,1.));
#4061 = DIRECTION('',(-1.,0.,0.));
#4062 = DEFINITIONAL_REPRESENTATION('',(#4063),#4067);
#4063 = LINE('',#4064,#4065);
#4064 = CARTESIAN_POINT('',(0.,0.));
#4065 = VECTOR('',#4066,1.);
#4066 = DIRECTION('',(0.,1.));
#4067 = ( GEOMETRIC_REPRESENTATION_CONTEXT(2) 
PARAMETRIC_REPRESENTATION_CONTEXT() REPRESENTATION_CONTEXT('2D SPACE',''
  ) );
#4068 = ADVANCED_FACE('',(#4069),#3682,.T.);
#4069 = FACE_BOUND('',#4070,.F.);
#4070 = EDGE_LOOP('',(#4071,#4072,#4073));
#4071 = ORIENTED_EDGE('',*,*,#3668,.F.);
#4072 = ORIENTED_EDGE('',*,*,#3696,.T.);
#4073 = ORIENTED_EDGE('',*,*,#4074,.F.);
#4074 = EDGE_CURVE('',#3618,#3697,#4075,.T.);
#4075 = SURFACE_CURVE('',#4076,(#4081,#4088),.PCURVE_S1.);
#4076 = CIRCLE('',#4077,2.5);
#4077 = AXIS2_PLACEMENT_3D('',#4078,#4079,#4080);
#4078 = CARTESIAN_POINT('',(-22.5,-6.129061917913,67.5));
#4079 = DIRECTION('',(0.,0.,1.));
#4080 = DIRECTION('',(-1.,0.,0.));
#4081 = PCURVE('',#3682,#4082);
#4082 = DEFINITIONAL_REPRESENTATION('',(#4083),#4087);
#4083 = LINE('',#4084,#4085);
#4084 = CARTESIAN_POINT('',(-0.,0.));
#4085 = VECTOR('',#4086,1.);
#4086 = DIRECTION('',(-1.,0.));
#4087 = ( GEOMETRIC_REPRESENTATION_CONTEXT(2) 
PARAMETRIC_REPRESENTATION_CONTEXT() REPRESENTATION_CONTEXT('2D SPACE',''
  ) );
#4088 = PCURVE('',#4057,#4089);
#4089 = DEFINITIONAL_REPRESENTATION('',(#4090),#4094);
#4090 = LINE('',#4091,#4092);
#4091 = CARTESIAN_POINT('',(0.,67.5));
#4092 = VECTOR('',#4093,1.);
#4093 = DIRECTION('',(1.,0.));
#4094 = ( GEOMETRIC_REPRESENTATION_CONTEXT(2) 
PARAMETRIC_REPRESENTATION_CONTEXT() REPRESENTATION_CONTEXT('2D SPACE',''
  ) );
#4095 = ADVANCED_FACE('',(#4096),#3735,.T.);
#4096 = FACE_BOUND('',#4097,.F.);
#4097 = EDGE_LOOP('',(#4098,#4121,#4122,#4150));
#4098 = ORIENTED_EDGE('',*,*,#4099,.T.);
#4099 = EDGE_CURVE('',#4100,#3697,#4102,.T.);
#4100 = VERTEX_POINT('',#4101);
#4101 = CARTESIAN_POINT('',(-23.81067961165,-8.25793931119,2.5));
#4102 = SURFACE_CURVE('',#4103,(#4107,#4114),.PCURVE_S1.);
#4103 = LINE('',#4104,#4105);
#4104 = CARTESIAN_POINT('',(-23.81067961165,-8.25793931119,0.));
#4105 = VECTOR('',#4106,1.);
#4106 = DIRECTION('',(0.,0.,1.));
#4107 = PCURVE('',#3735,#4108);
#4108 = DEFINITIONAL_REPRESENTATION('',(#4109),#4113);
#4109 = LINE('',#4110,#4111);
#4110 = CARTESIAN_POINT('',(-3.105379425535E-02,0.));
#4111 = VECTOR('',#4112,1.);
#4112 = DIRECTION('',(-0.,-1.));
#4113 = ( GEOMETRIC_REPRESENTATION_CONTEXT(2) 
PARAMETRIC_REPRESENTATION_CONTEXT() REPRESENTATION_CONTEXT('2D SPACE',''
  ) );
#4114 = PCURVE('',#4057,#4115);
#4115 = DEFINITIONAL_REPRESENTATION('',(#4116),#4120);
#4116 = LINE('',#4117,#4118);
#4117 = CARTESIAN_POINT('',(1.018936532095,0.));
#4118 = VECTOR('',#4119,1.);
#4119 = DIRECTION('',(0.,1.));
#4120 = ( GEOMETRIC_REPRESENTATION_CONTEXT(2) 
PARAMETRIC_REPRESENTATION_CONTEXT() REPRESENTATION_CONTEXT('2D SPACE',''
  ) );
#4121 = ORIENTED_EDGE('',*,*,#3718,.T.);
#4122 = ORIENTED_EDGE('',*,*,#4123,.F.);
#4123 = EDGE_CURVE('',#4124,#3719,#4126,.T.);
#4124 = VERTEX_POINT('',#4125);
#4125 = CARTESIAN_POINT('',(23.81067961165,-8.25793931119,2.5));
#4126 = SURFACE_CURVE('',#4127,(#4131,#4138),.PCURVE_S1.);
#4127 = LINE('',#4128,#4129);
#4128 = CARTESIAN_POINT('',(23.81067961165,-8.25793931119,0.));
#4129 = VECTOR('',#4130,1.);
#4130 = DIRECTION('',(0.,0.,1.));
#4131 = PCURVE('',#3735,#4132);
#4132 = DEFINITIONAL_REPRESENTATION('',(#4133),#4137);
#4133 = LINE('',#4134,#4135);
#4134 = CARTESIAN_POINT('',(-1.134773383656,0.));
#4135 = VECTOR('',#4136,1.);
#4136 = DIRECTION('',(-0.,-1.));
#4137 = ( GEOMETRIC_REPRESENTATION_CONTEXT(2) 
PARAMETRIC_REPRESENTATION_CONTEXT() REPRESENTATION_CONTEXT('2D SPACE',''
  ) );
#4138 = PCURVE('',#4139,#4144);
#4139 = CYLINDRICAL_SURFACE('',#4140,2.5);
#4140 = AXIS2_PLACEMENT_3D('',#4141,#4142,#4143);
#4141 = CARTESIAN_POINT('',(22.5,-6.129061917913,0.));
#4142 = DIRECTION('',(0.,0.,1.));
#4143 = DIRECTION('',(0.52427184466,-0.851550957311,0.));
#4144 = DEFINITIONAL_REPRESENTATION('',(#4145),#4149);
#4145 = LINE('',#4146,#4147);
#4146 = CARTESIAN_POINT('',(0.,0.));
#4147 = VECTOR('',#4148,1.);
#4148 = DIRECTION('',(0.,1.));
#4149 = ( GEOMETRIC_REPRESENTATION_CONTEXT(2) 
PARAMETRIC_REPRESENTATION_CONTEXT() REPRESENTATION_CONTEXT('2D SPACE',''
  ) );
#4150 = ORIENTED_EDGE('',*,*,#4151,.F.);
#4151 = EDGE_CURVE('',#4100,#4124,#4152,.T.);
#4152 = SURFACE_CURVE('',#4153,(#4158,#4165),.PCURVE_S1.);
#4153 = CIRCLE('',#4154,45.416666666667);
#4154 = AXIS2_PLACEMENT_3D('',#4155,#4156,#4157);
#4155 = CARTESIAN_POINT('',(0.,30.416666666667,2.5));
#4156 = DIRECTION('',(0.,0.,1.));
#4157 = DIRECTION('',(-0.550458715596,-0.834862385321,0.));
#4158 = PCURVE('',#3735,#4159);
#4159 = DEFINITIONAL_REPRESENTATION('',(#4160),#4164);
#4160 = LINE('',#4161,#4162);
#4161 = CARTESIAN_POINT('',(-0.,-2.5));
#4162 = VECTOR('',#4163,1.);
#4163 = DIRECTION('',(-1.,0.));
#4164 = ( GEOMETRIC_REPRESENTATION_CONTEXT(2) 
PARAMETRIC_REPRESENTATION_CONTEXT() REPRESENTATION_CONTEXT('2D SPACE',''
  ) );
#4165 = PCURVE('',#4166,#4171);
#4166 = TOROIDAL_SURFACE('',#4167,42.916666666667,2.5);
#4167 = AXIS2_PLACEMENT_3D('',#4168,#4169,#4170);
#4168 = CARTESIAN_POINT('',(0.,30.416666666667,2.5));
#4169 = DIRECTION('',(-0.,-0.,-1.));
#4170 = DIRECTION('',(-0.550458715596,-0.834862385321,0.));
#4171 = DEFINITIONAL_REPRESENTATION('',(#4172),#4176);
#4172 = LINE('',#4173,#4174);
#4173 = CARTESIAN_POINT('',(-0.,0.));
#4174 = VECTOR('',#4175,1.);
#4175 = DIRECTION('',(-1.,0.));
#4176 = ( GEOMETRIC_REPRESENTATION_CONTEXT(2) 
PARAMETRIC_REPRESENTATION_CONTEXT() REPRESENTATION_CONTEXT('2D SPACE',''
  ) );
#4177 = ADVANCED_FACE('',(#4178),#3761,.T.);
#4178 = FACE_BOUND('',#4179,.F.);
#4179 = EDGE_LOOP('',(#4180,#4181,#4182));
#4180 = ORIENTED_EDGE('',*,*,#3747,.F.);
#4181 = ORIENTED_EDGE('',*,*,#3806,.T.);
#4182 = ORIENTED_EDGE('',*,*,#4183,.F.);
#4183 = EDGE_CURVE('',#3719,#3777,#4184,.T.);
#4184 = SURFACE_CURVE('',#4185,(#4190,#4197),.PCURVE_S1.);
#4185 = CIRCLE('',#4186,2.5);
#4186 = AXIS2_PLACEMENT_3D('',#4187,#4188,#4189);
#4187 = CARTESIAN_POINT('',(22.5,-6.129061917913,67.5));
#4188 = DIRECTION('',(0.,0.,1.));
#4189 = DIRECTION('',(0.52427184466,-0.851550957311,0.));
#4190 = PCURVE('',#3761,#4191);
#4191 = DEFINITIONAL_REPRESENTATION('',(#4192),#4196);
#4192 = LINE('',#4193,#4194);
#4193 = CARTESIAN_POINT('',(-0.,0.));
#4194 = VECTOR('',#4195,1.);
#4195 = DIRECTION('',(-1.,0.));
#4196 = ( GEOMETRIC_REPRESENTATION_CONTEXT(2) 
PARAMETRIC_REPRESENTATION_CONTEXT() REPRESENTATION_CONTEXT('2D SPACE',''
  ) );
#4197 = PCURVE('',#4139,#4198);
#4198 = DEFINITIONAL_REPRESENTATION('',(#4199),#4203);
#4199 = LINE('',#4200,#4201);
#4200 = CARTESIAN_POINT('',(0.,67.5));
#4201 = VECTOR('',#4202,1.);
#4202 = DIRECTION('',(1.,0.));
#4203 = ( GEOMETRIC_REPRESENTATION_CONTEXT(2) 
PARAMETRIC_REPRESENTATION_CONTEXT() REPRESENTATION_CONTEXT('2D SPACE',''
  ) );
#4204 = ADVANCED_FACE('',(#4205),#3794,.F.);
#4205 = FACE_BOUND('',#4206,.F.);
#4206 = EDGE_LOOP('',(#4207,#4237,#4258,#4259));
#4207 = ORIENTED_EDGE('',*,*,#4208,.T.);
#4208 = EDGE_CURVE('',#4209,#4211,#4213,.T.);
#4209 = VERTEX_POINT('',#4210);
#4210 = CARTESIAN_POINT('',(25.,6.129061917913,2.5));
#4211 = VERTEX_POINT('',#4212);
#4212 = CARTESIAN_POINT('',(25.,-6.129061917913,2.5));
#4213 = SURFACE_CURVE('',#4214,(#4218,#4225),.PCURVE_S1.);
#4214 = LINE('',#4215,#4216);
#4215 = CARTESIAN_POINT('',(25.,6.129061917913,2.5));
#4216 = VECTOR('',#4217,1.);
#4217 = DIRECTION('',(0.,-1.,0.));
#4218 = PCURVE('',#3794,#4219);
#4219 = DEFINITIONAL_REPRESENTATION('',(#4220),#4224);
#4220 = LINE('',#4221,#4222);
#4221 = CARTESIAN_POINT('',(6.129061917913,-2.5));
#4222 = VECTOR('',#4223,1.);
#4223 = DIRECTION('',(-1.,-0.));
#4224 = ( GEOMETRIC_REPRESENTATION_CONTEXT(2) 
PARAMETRIC_REPRESENTATION_CONTEXT() REPRESENTATION_CONTEXT('2D SPACE',''
  ) );
#4225 = PCURVE('',#4226,#4231);
#4226 = CYLINDRICAL_SURFACE('',#4227,2.5);
#4227 = AXIS2_PLACEMENT_3D('',#4228,#4229,#4230);
#4228 = CARTESIAN_POINT('',(22.5,0.,2.5));
#4229 = DIRECTION('',(-0.,1.,0.));
#4230 = DIRECTION('',(1.,0.,-0.));
#4231 = DEFINITIONAL_REPRESENTATION('',(#4232),#4236);
#4232 = LINE('',#4233,#4234);
#4233 = CARTESIAN_POINT('',(0.,6.129061917913));
#4234 = VECTOR('',#4235,1.);
#4235 = DIRECTION('',(-0.,-1.));
#4236 = ( GEOMETRIC_REPRESENTATION_CONTEXT(2) 
PARAMETRIC_REPRESENTATION_CONTEXT() REPRESENTATION_CONTEXT('2D SPACE',''
  ) );
#4237 = ORIENTED_EDGE('',*,*,#4238,.T.);
#4238 = EDGE_CURVE('',#4211,#3777,#4239,.T.);
#4239 = SURFACE_CURVE('',#4240,(#4244,#4251),.PCURVE_S1.);
#4240 = LINE('',#4241,#4242);
#4241 = CARTESIAN_POINT('',(25.,-6.129061917913,0.));
#4242 = VECTOR('',#4243,1.);
#4243 = DIRECTION('',(0.,0.,1.));
#4244 = PCURVE('',#3794,#4245);
#4245 = DEFINITIONAL_REPRESENTATION('',(#4246),#4250);
#4246 = LINE('',#4247,#4248);
#4247 = CARTESIAN_POINT('',(-6.129061917913,-0.));
#4248 = VECTOR('',#4249,1.);
#4249 = DIRECTION('',(0.,-1.));
#4250 = ( GEOMETRIC_REPRESENTATION_CONTEXT(2) 
PARAMETRIC_REPRESENTATION_CONTEXT() REPRESENTATION_CONTEXT('2D SPACE',''
  ) );
#4251 = PCURVE('',#4139,#4252);
#4252 = DEFINITIONAL_REPRESENTATION('',(#4253),#4257);
#4253 = LINE('',#4254,#4255);
#4254 = CARTESIAN_POINT('',(1.018936532095,0.));
#4255 = VECTOR('',#4256,1.);
#4256 = DIRECTION('',(0.,1.));
#4257 = ( GEOMETRIC_REPRESENTATION_CONTEXT(2) 
PARAMETRIC_REPRESENTATION_CONTEXT() REPRESENTATION_CONTEXT('2D SPACE',''
  ) );
#4258 = ORIENTED_EDGE('',*,*,#3776,.T.);
#4259 = ORIENTED_EDGE('',*,*,#4260,.F.);
#4260 = EDGE_CURVE('',#4209,#3779,#4261,.T.);
#4261 = SURFACE_CURVE('',#4262,(#4266,#4273),.PCURVE_S1.);
#4262 = LINE('',#4263,#4264);
#4263 = CARTESIAN_POINT('',(25.,6.129061917913,0.));
#4264 = VECTOR('',#4265,1.);
#4265 = DIRECTION('',(0.,0.,1.));
#4266 = PCURVE('',#3794,#4267);
#4267 = DEFINITIONAL_REPRESENTATION('',(#4268),#4272);
#4268 = LINE('',#4269,#4270);
#4269 = CARTESIAN_POINT('',(6.129061917913,0.));
#4270 = VECTOR('',#4271,1.);
#4271 = DIRECTION('',(0.,-1.));
#4272 = ( GEOMETRIC_REPRESENTATION_CONTEXT(2) 
PARAMETRIC_REPRESENTATION_CONTEXT() REPRESENTATION_CONTEXT('2D SPACE',''
  ) );
#4273 = PCURVE('',#3867,#4274);
#4274 = DEFINITIONAL_REPRESENTATION('',(#4275),#4279);
#4275 = LINE('',#4276,#4277);
#4276 = CARTESIAN_POINT('',(0.,0.));
#4277 = VECTOR('',#4278,1.);
#4278 = DIRECTION('',(0.,1.));
#4279 = ( GEOMETRIC_REPRESENTATION_CONTEXT(2) 
PARAMETRIC_REPRESENTATION_CONTEXT() REPRESENTATION_CONTEXT('2D SPACE',''
  ) );
#4280 = ADVANCED_FACE('',(#4281),#3867,.T.);
#4281 = FACE_BOUND('',#4282,.T.);
#4282 = EDGE_LOOP('',(#4283,#4284,#4311,#4312));
#4283 = ORIENTED_EDGE('',*,*,#4260,.F.);
#4284 = ORIENTED_EDGE('',*,*,#4285,.F.);
#4285 = EDGE_CURVE('',#3883,#4209,#4286,.T.);
#4286 = SURFACE_CURVE('',#4287,(#4292,#4299),.PCURVE_S1.);
#4287 = CIRCLE('',#4288,2.5);
#4288 = AXIS2_PLACEMENT_3D('',#4289,#4290,#4291);
#4289 = CARTESIAN_POINT('',(22.5,6.129061917913,2.5));
#4290 = DIRECTION('',(0.,-0.,-1.));
#4291 = DIRECTION('',(0.52427184466,0.851550957311,-0.));
#4292 = PCURVE('',#3867,#4293);
#4293 = DEFINITIONAL_REPRESENTATION('',(#4294),#4298);
#4294 = LINE('',#4295,#4296);
#4295 = CARTESIAN_POINT('',(1.018936532095,2.5));
#4296 = VECTOR('',#4297,1.);
#4297 = DIRECTION('',(-1.,-0.));
#4298 = ( GEOMETRIC_REPRESENTATION_CONTEXT(2) 
PARAMETRIC_REPRESENTATION_CONTEXT() REPRESENTATION_CONTEXT('2D SPACE',''
  ) );
#4299 = PCURVE('',#4300,#4305);
#4300 = SPHERICAL_SURFACE('',#4301,2.5);
#4301 = AXIS2_PLACEMENT_3D('',#4302,#4303,#4304);
#4302 = CARTESIAN_POINT('',(22.5,6.129061917913,2.5));
#4303 = DIRECTION('',(0.,0.,1.));
#4304 = DIRECTION('',(0.52427184466,0.851550957311,-0.));
#4305 = DEFINITIONAL_REPRESENTATION('',(#4306),#4310);
#4306 = LINE('',#4307,#4308);
#4307 = CARTESIAN_POINT('',(-0.,0.));
#4308 = VECTOR('',#4309,1.);
#4309 = DIRECTION('',(-1.,0.));
#4310 = ( GEOMETRIC_REPRESENTATION_CONTEXT(2) 
PARAMETRIC_REPRESENTATION_CONTEXT() REPRESENTATION_CONTEXT('2D SPACE',''
  ) );
#4311 = ORIENTED_EDGE('',*,*,#3882,.T.);
#4312 = ORIENTED_EDGE('',*,*,#3852,.T.);
#4313 = ADVANCED_FACE('',(#4314),#3949,.T.);
#4314 = FACE_BOUND('',#4315,.F.);
#4315 = EDGE_LOOP('',(#4316,#4338,#4339,#4366));
#4316 = ORIENTED_EDGE('',*,*,#4317,.T.);
#4317 = EDGE_CURVE('',#4318,#3883,#4320,.T.);
#4318 = VERTEX_POINT('',#4319);
#4319 = CARTESIAN_POINT('',(22.5,6.129061917913,0.));
#4320 = SURFACE_CURVE('',#4321,(#4326,#4332),.PCURVE_S1.);
#4321 = CIRCLE('',#4322,2.5);
#4322 = AXIS2_PLACEMENT_3D('',#4323,#4324,#4325);
#4323 = CARTESIAN_POINT('',(22.5,6.129061917913,2.5));
#4324 = DIRECTION('',(0.851550957311,-0.52427184466,0.));
#4325 = DIRECTION('',(0.52427184466,0.851550957311,0.));
#4326 = PCURVE('',#3949,#4327);
#4327 = DEFINITIONAL_REPRESENTATION('',(#4328),#4331);
#4328 = B_SPLINE_CURVE_WITH_KNOTS('',1,(#4329,#4330),.UNSPECIFIED.,.F.,
  .F.,(2,2),(4.712388980385,6.28318530718),.PIECEWISE_BEZIER_KNOTS.);
#4329 = CARTESIAN_POINT('',(-3.105379425535E-02,1.570796326795));
#4330 = CARTESIAN_POINT('',(-3.105379425535E-02,0.));
#4331 = ( GEOMETRIC_REPRESENTATION_CONTEXT(2) 
PARAMETRIC_REPRESENTATION_CONTEXT() REPRESENTATION_CONTEXT('2D SPACE',''
  ) );
#4332 = PCURVE('',#4300,#4333);
#4333 = DEFINITIONAL_REPRESENTATION('',(#4334),#4337);
#4334 = B_SPLINE_CURVE_WITH_KNOTS('',1,(#4335,#4336),.UNSPECIFIED.,.F.,
  .F.,(2,2),(4.712388980385,6.28318530718),.PIECEWISE_BEZIER_KNOTS.);
#4335 = CARTESIAN_POINT('',(0.,-1.570796326795));
#4336 = CARTESIAN_POINT('',(0.,0.));
#4337 = ( GEOMETRIC_REPRESENTATION_CONTEXT(2) 
PARAMETRIC_REPRESENTATION_CONTEXT() REPRESENTATION_CONTEXT('2D SPACE',''
  ) );
#4338 = ORIENTED_EDGE('',*,*,#3934,.T.);
#4339 = ORIENTED_EDGE('',*,*,#4340,.F.);
#4340 = EDGE_CURVE('',#4341,#3907,#4343,.T.);
#4341 = VERTEX_POINT('',#4342);
#4342 = CARTESIAN_POINT('',(-22.5,6.129061917913,0.));
#4343 = SURFACE_CURVE('',#4344,(#4349,#4355),.PCURVE_S1.);
#4344 = CIRCLE('',#4345,2.5);
#4345 = AXIS2_PLACEMENT_3D('',#4346,#4347,#4348);
#4346 = CARTESIAN_POINT('',(-22.5,6.129061917913,2.5));
#4347 = DIRECTION('',(0.851550957311,0.52427184466,-0.));
#4348 = DIRECTION('',(-0.52427184466,0.851550957311,0.));
#4349 = PCURVE('',#3949,#4350);
#4350 = DEFINITIONAL_REPRESENTATION('',(#4351),#4354);
#4351 = B_SPLINE_CURVE_WITH_KNOTS('',1,(#4352,#4353),.UNSPECIFIED.,.F.,
  .F.,(2,2),(4.712388980385,6.28318530718),.PIECEWISE_BEZIER_KNOTS.);
#4352 = CARTESIAN_POINT('',(-1.134773383656,1.570796326795));
#4353 = CARTESIAN_POINT('',(-1.134773383656,0.));
#4354 = ( GEOMETRIC_REPRESENTATION_CONTEXT(2) 
PARAMETRIC_REPRESENTATION_CONTEXT() REPRESENTATION_CONTEXT('2D SPACE',''
  ) );
#4355 = PCURVE('',#4356,#4361);
#4356 = SPHERICAL_SURFACE('',#4357,2.5);
#4357 = AXIS2_PLACEMENT_3D('',#4358,#4359,#4360);
#4358 = CARTESIAN_POINT('',(-22.5,6.129061917913,2.5));
#4359 = DIRECTION('',(0.,0.,1.));
#4360 = DIRECTION('',(-0.52427184466,0.851550957311,0.));
#4361 = DEFINITIONAL_REPRESENTATION('',(#4362),#4365);
#4362 = B_SPLINE_CURVE_WITH_KNOTS('',1,(#4363,#4364),.UNSPECIFIED.,.F.,
  .F.,(2,2),(4.712388980385,6.28318530718),.PIECEWISE_BEZIER_KNOTS.);
#4363 = CARTESIAN_POINT('',(0.,-1.570796326795));
#4364 = CARTESIAN_POINT('',(0.,0.));
#4365 = ( GEOMETRIC_REPRESENTATION_CONTEXT(2) 
PARAMETRIC_REPRESENTATION_CONTEXT() REPRESENTATION_CONTEXT('2D SPACE',''
  ) );
#4366 = ORIENTED_EDGE('',*,*,#4367,.F.);
#4367 = EDGE_CURVE('',#4318,#4341,#4368,.T.);
#4368 = SURFACE_CURVE('',#4369,(#4374,#4381),.PCURVE_S1.);
#4369 = CIRCLE('',#4370,42.916666666667);
#4370 = AXIS2_PLACEMENT_3D('',#4371,#4372,#4373);
#4371 = CARTESIAN_POINT('',(0.,-30.41666666666,0.));
#4372 = DIRECTION('',(0.,0.,1.));
#4373 = DIRECTION('',(0.550458715596,0.834862385321,-0.));
#4374 = PCURVE('',#3949,#4375);
#4375 = DEFINITIONAL_REPRESENTATION('',(#4376),#4380);
#4376 = LINE('',#4377,#4378);
#4377 = CARTESIAN_POINT('',(-0.,1.570796326795));
#4378 = VECTOR('',#4379,1.);
#4379 = DIRECTION('',(-1.,0.));
#4380 = ( GEOMETRIC_REPRESENTATION_CONTEXT(2) 
PARAMETRIC_REPRESENTATION_CONTEXT() REPRESENTATION_CONTEXT('2D SPACE',''
  ) );
#4381 = PCURVE('',#4382,#4387);
#4382 = PLANE('',#4383);
#4383 = AXIS2_PLACEMENT_3D('',#4384,#4385,#4386);
#4384 = CARTESIAN_POINT('',(7.35601047262E-15,-2.101717277891E-15,0.));
#4385 = DIRECTION('',(0.,0.,1.));
#4386 = DIRECTION('',(1.,0.,-0.));
#4387 = DEFINITIONAL_REPRESENTATION('',(#4388),#4392);
#4388 = CIRCLE('',#4389,42.916666666667);
#4389 = AXIS2_PLACEMENT_2D('',#4390,#4391);
#4390 = CARTESIAN_POINT('',(-7.35601047262E-15,-30.41666666666));
#4391 = DIRECTION('',(0.550458715596,0.834862385321));
#4392 = ( GEOMETRIC_REPRESENTATION_CONTEXT(2) 
PARAMETRIC_REPRESENTATION_CONTEXT() REPRESENTATION_CONTEXT('2D SPACE',''
  ) );
#4393 = ADVANCED_FACE('',(#4394),#3922,.T.);
#4394 = FACE_BOUND('',#4395,.T.);
#4395 = EDGE_LOOP('',(#4396,#4397,#4419,#4420));
#4396 = ORIENTED_EDGE('',*,*,#3906,.F.);
#4397 = ORIENTED_EDGE('',*,*,#4398,.T.);
#4398 = EDGE_CURVE('',#3907,#3992,#4399,.T.);
#4399 = SURFACE_CURVE('',#4400,(#4405,#4412),.PCURVE_S1.);
#4400 = CIRCLE('',#4401,2.5);
#4401 = AXIS2_PLACEMENT_3D('',#4402,#4403,#4404);
#4402 = CARTESIAN_POINT('',(-22.5,6.129061917913,2.5));
#4403 = DIRECTION('',(0.,0.,1.));
#4404 = DIRECTION('',(-0.52427184466,0.851550957311,0.));
#4405 = PCURVE('',#3922,#4406);
#4406 = DEFINITIONAL_REPRESENTATION('',(#4407),#4411);
#4407 = LINE('',#4408,#4409);
#4408 = CARTESIAN_POINT('',(1.42108547152E-15,2.5));
#4409 = VECTOR('',#4410,1.);
#4410 = DIRECTION('',(1.,0.));
#4411 = ( GEOMETRIC_REPRESENTATION_CONTEXT(2) 
PARAMETRIC_REPRESENTATION_CONTEXT() REPRESENTATION_CONTEXT('2D SPACE',''
  ) );
#4412 = PCURVE('',#4356,#4413);
#4413 = DEFINITIONAL_REPRESENTATION('',(#4414),#4418);
#4414 = LINE('',#4415,#4416);
#4415 = CARTESIAN_POINT('',(0.,0.));
#4416 = VECTOR('',#4417,1.);
#4417 = DIRECTION('',(1.,0.));
#4418 = ( GEOMETRIC_REPRESENTATION_CONTEXT(2) 
PARAMETRIC_REPRESENTATION_CONTEXT() REPRESENTATION_CONTEXT('2D SPACE',''
  ) );
#4419 = ORIENTED_EDGE('',*,*,#4021,.T.);
#4420 = ORIENTED_EDGE('',*,*,#3966,.F.);
#4421 = ADVANCED_FACE('',(#4422),#4009,.T.);
#4422 = FACE_BOUND('',#4423,.T.);
#4423 = EDGE_LOOP('',(#4424,#4425,#4445,#4468));
#4424 = ORIENTED_EDGE('',*,*,#3991,.F.);
#4425 = ORIENTED_EDGE('',*,*,#4426,.F.);
#4426 = EDGE_CURVE('',#4341,#3992,#4427,.T.);
#4427 = SURFACE_CURVE('',#4428,(#4433,#4439),.PCURVE_S1.);
#4428 = CIRCLE('',#4429,2.5);
#4429 = AXIS2_PLACEMENT_3D('',#4430,#4431,#4432);
#4430 = CARTESIAN_POINT('',(-22.5,6.129061917913,2.5));
#4431 = DIRECTION('',(2.164934898019E-15,1.,-0.));
#4432 = DIRECTION('',(-1.,2.164934898019E-15,0.));
#4433 = PCURVE('',#4009,#4434);
#4434 = DEFINITIONAL_REPRESENTATION('',(#4435),#4438);
#4435 = B_SPLINE_CURVE_WITH_KNOTS('',1,(#4436,#4437),.UNSPECIFIED.,.F.,
  .F.,(2,2),(4.712388980385,6.28318530718),.PIECEWISE_BEZIER_KNOTS.);
#4436 = CARTESIAN_POINT('',(1.570796326795,-6.129061917913));
#4437 = CARTESIAN_POINT('',(0.,-6.129061917913));
#4438 = ( GEOMETRIC_REPRESENTATION_CONTEXT(2) 
PARAMETRIC_REPRESENTATION_CONTEXT() REPRESENTATION_CONTEXT('2D SPACE',''
  ) );
#4439 = PCURVE('',#4356,#4440);
#4440 = DEFINITIONAL_REPRESENTATION('',(#4441),#4444);
#4441 = B_SPLINE_CURVE_WITH_KNOTS('',1,(#4442,#4443),.UNSPECIFIED.,.F.,
  .F.,(2,2),(4.712388980385,6.28318530718),.PIECEWISE_BEZIER_KNOTS.);
#4442 = CARTESIAN_POINT('',(1.018936532095,-1.570796326795));
#4443 = CARTESIAN_POINT('',(1.018936532095,0.));
#4444 = ( GEOMETRIC_REPRESENTATION_CONTEXT(2) 
PARAMETRIC_REPRESENTATION_CONTEXT() REPRESENTATION_CONTEXT('2D SPACE',''
  ) );
#4445 = ORIENTED_EDGE('',*,*,#4446,.T.);
#4446 = EDGE_CURVE('',#4341,#4447,#4449,.T.);
#4447 = VERTEX_POINT('',#4448);
#4448 = CARTESIAN_POINT('',(-22.5,-6.129061917913,0.));
#4449 = SURFACE_CURVE('',#4450,(#4454,#4461),.PCURVE_S1.);
#4450 = LINE('',#4451,#4452);
#4451 = CARTESIAN_POINT('',(-22.5,6.129061917913,0.));
#4452 = VECTOR('',#4453,1.);
#4453 = DIRECTION('',(-1.159300958738E-15,-1.,0.));
#4454 = PCURVE('',#4009,#4455);
#4455 = DEFINITIONAL_REPRESENTATION('',(#4456),#4460);
#4456 = LINE('',#4457,#4458);
#4457 = CARTESIAN_POINT('',(1.570796326795,-6.129061917913));
#4458 = VECTOR('',#4459,1.);
#4459 = DIRECTION('',(0.,1.));
#4460 = ( GEOMETRIC_REPRESENTATION_CONTEXT(2) 
PARAMETRIC_REPRESENTATION_CONTEXT() REPRESENTATION_CONTEXT('2D SPACE',''
  ) );
#4461 = PCURVE('',#4382,#4462);
#4462 = DEFINITIONAL_REPRESENTATION('',(#4463),#4467);
#4463 = LINE('',#4464,#4465);
#4464 = CARTESIAN_POINT('',(-22.5,6.129061917913));
#4465 = VECTOR('',#4466,1.);
#4466 = DIRECTION('',(-1.159300958738E-15,-1.));
#4467 = ( GEOMETRIC_REPRESENTATION_CONTEXT(2) 
PARAMETRIC_REPRESENTATION_CONTEXT() REPRESENTATION_CONTEXT('2D SPACE',''
  ) );
#4468 = ORIENTED_EDGE('',*,*,#4469,.T.);
#4469 = EDGE_CURVE('',#4447,#3994,#4470,.T.);
#4470 = SURFACE_CURVE('',#4471,(#4476,#4482),.PCURVE_S1.);
#4471 = CIRCLE('',#4472,2.5);
#4472 = AXIS2_PLACEMENT_3D('',#4473,#4474,#4475);
#4473 = CARTESIAN_POINT('',(-22.5,-6.129061917913,2.5));
#4474 = DIRECTION('',(0.,1.,-0.));
#4475 = DIRECTION('',(-1.,0.,0.));
#4476 = PCURVE('',#4009,#4477);
#4477 = DEFINITIONAL_REPRESENTATION('',(#4478),#4481);
#4478 = B_SPLINE_CURVE_WITH_KNOTS('',1,(#4479,#4480),.UNSPECIFIED.,.F.,
  .F.,(2,2),(4.712388980385,6.28318530718),.PIECEWISE_BEZIER_KNOTS.);
#4479 = CARTESIAN_POINT('',(1.570796326795,6.129061917913));
#4480 = CARTESIAN_POINT('',(0.,6.129061917913));
#4481 = ( GEOMETRIC_REPRESENTATION_CONTEXT(2) 
PARAMETRIC_REPRESENTATION_CONTEXT() REPRESENTATION_CONTEXT('2D SPACE',''
  ) );
#4482 = PCURVE('',#4483,#4488);
#4483 = SPHERICAL_SURFACE('',#4484,2.5);
#4484 = AXIS2_PLACEMENT_3D('',#4485,#4486,#4487);
#4485 = CARTESIAN_POINT('',(-22.5,-6.129061917913,2.5));
#4486 = DIRECTION('',(0.,0.,1.));
#4487 = DIRECTION('',(-1.,0.,0.));
#4488 = DEFINITIONAL_REPRESENTATION('',(#4489),#4492);
#4489 = B_SPLINE_CURVE_WITH_KNOTS('',1,(#4490,#4491),.UNSPECIFIED.,.F.,
  .F.,(2,2),(4.712388980385,6.28318530718),.PIECEWISE_BEZIER_KNOTS.);
#4490 = CARTESIAN_POINT('',(0.,-1.570796326795));
#4491 = CARTESIAN_POINT('',(0.,0.));
#4492 = ( GEOMETRIC_REPRESENTATION_CONTEXT(2) 
PARAMETRIC_REPRESENTATION_CONTEXT() REPRESENTATION_CONTEXT('2D SPACE',''
  ) );
#4493 = ADVANCED_FACE('',(#4494),#4057,.T.);
#4494 = FACE_BOUND('',#4495,.T.);
#4495 = EDGE_LOOP('',(#4496,#4497,#4519,#4520));
#4496 = ORIENTED_EDGE('',*,*,#4043,.F.);
#4497 = ORIENTED_EDGE('',*,*,#4498,.T.);
#4498 = EDGE_CURVE('',#3994,#4100,#4499,.T.);
#4499 = SURFACE_CURVE('',#4500,(#4505,#4512),.PCURVE_S1.);
#4500 = CIRCLE('',#4501,2.5);
#4501 = AXIS2_PLACEMENT_3D('',#4502,#4503,#4504);
#4502 = CARTESIAN_POINT('',(-22.5,-6.129061917913,2.5));
#4503 = DIRECTION('',(0.,0.,1.));
#4504 = DIRECTION('',(-1.,0.,0.));
#4505 = PCURVE('',#4057,#4506);
#4506 = DEFINITIONAL_REPRESENTATION('',(#4507),#4511);
#4507 = LINE('',#4508,#4509);
#4508 = CARTESIAN_POINT('',(0.,2.5));
#4509 = VECTOR('',#4510,1.);
#4510 = DIRECTION('',(1.,0.));
#4511 = ( GEOMETRIC_REPRESENTATION_CONTEXT(2) 
PARAMETRIC_REPRESENTATION_CONTEXT() REPRESENTATION_CONTEXT('2D SPACE',''
  ) );
#4512 = PCURVE('',#4483,#4513);
#4513 = DEFINITIONAL_REPRESENTATION('',(#4514),#4518);
#4514 = LINE('',#4515,#4516);
#4515 = CARTESIAN_POINT('',(0.,0.));
#4516 = VECTOR('',#4517,1.);
#4517 = DIRECTION('',(1.,0.));
#4518 = ( GEOMETRIC_REPRESENTATION_CONTEXT(2) 
PARAMETRIC_REPRESENTATION_CONTEXT() REPRESENTATION_CONTEXT('2D SPACE',''
  ) );
#4519 = ORIENTED_EDGE('',*,*,#4099,.T.);
#4520 = ORIENTED_EDGE('',*,*,#4074,.F.);
#4521 = ADVANCED_FACE('',(#4522),#4166,.T.);
#4522 = FACE_BOUND('',#4523,.F.);
#4523 = EDGE_LOOP('',(#4524,#4544,#4545,#4572));
#4524 = ORIENTED_EDGE('',*,*,#4525,.T.);
#4525 = EDGE_CURVE('',#4447,#4100,#4526,.T.);
#4526 = SURFACE_CURVE('',#4527,(#4532,#4538),.PCURVE_S1.);
#4527 = CIRCLE('',#4528,2.5);
#4528 = AXIS2_PLACEMENT_3D('',#4529,#4530,#4531);
#4529 = CARTESIAN_POINT('',(-22.5,-6.129061917913,2.5));
#4530 = DIRECTION('',(-0.851550957311,0.52427184466,0.));
#4531 = DIRECTION('',(-0.52427184466,-0.851550957311,0.));
#4532 = PCURVE('',#4166,#4533);
#4533 = DEFINITIONAL_REPRESENTATION('',(#4534),#4537);
#4534 = B_SPLINE_CURVE_WITH_KNOTS('',1,(#4535,#4536),.UNSPECIFIED.,.F.,
  .F.,(2,2),(4.712388980385,6.28318530718),.PIECEWISE_BEZIER_KNOTS.);
#4535 = CARTESIAN_POINT('',(-3.105379425535E-02,1.570796326795));
#4536 = CARTESIAN_POINT('',(-3.105379425535E-02,0.));
#4537 = ( GEOMETRIC_REPRESENTATION_CONTEXT(2) 
PARAMETRIC_REPRESENTATION_CONTEXT() REPRESENTATION_CONTEXT('2D SPACE',''
  ) );
#4538 = PCURVE('',#4483,#4539);
#4539 = DEFINITIONAL_REPRESENTATION('',(#4540),#4543);
#4540 = B_SPLINE_CURVE_WITH_KNOTS('',1,(#4541,#4542),.UNSPECIFIED.,.F.,
  .F.,(2,2),(4.712388980385,6.28318530718),.PIECEWISE_BEZIER_KNOTS.);
#4541 = CARTESIAN_POINT('',(1.018936532095,-1.570796326795));
#4542 = CARTESIAN_POINT('',(1.018936532095,0.));
#4543 = ( GEOMETRIC_REPRESENTATION_CONTEXT(2) 
PARAMETRIC_REPRESENTATION_CONTEXT() REPRESENTATION_CONTEXT('2D SPACE',''
  ) );
#4544 = ORIENTED_EDGE('',*,*,#4151,.T.);
#4545 = ORIENTED_EDGE('',*,*,#4546,.F.);
#4546 = EDGE_CURVE('',#4547,#4124,#4549,.T.);
#4547 = VERTEX_POINT('',#4548);
#4548 = CARTESIAN_POINT('',(22.5,-6.129061917913,0.));
#4549 = SURFACE_CURVE('',#4550,(#4555,#4561),.PCURVE_S1.);
#4550 = CIRCLE('',#4551,2.5);
#4551 = AXIS2_PLACEMENT_3D('',#4552,#4553,#4554);
#4552 = CARTESIAN_POINT('',(22.5,-6.129061917913,2.5));
#4553 = DIRECTION('',(-0.851550957311,-0.52427184466,0.));
#4554 = DIRECTION('',(0.52427184466,-0.851550957311,0.));
#4555 = PCURVE('',#4166,#4556);
#4556 = DEFINITIONAL_REPRESENTATION('',(#4557),#4560);
#4557 = B_SPLINE_CURVE_WITH_KNOTS('',1,(#4558,#4559),.UNSPECIFIED.,.F.,
  .F.,(2,2),(4.712388980385,6.28318530718),.PIECEWISE_BEZIER_KNOTS.);
#4558 = CARTESIAN_POINT('',(-1.134773383656,1.570796326795));
#4559 = CARTESIAN_POINT('',(-1.134773383656,0.));
#4560 = ( GEOMETRIC_REPRESENTATION_CONTEXT(2) 
PARAMETRIC_REPRESENTATION_CONTEXT() REPRESENTATION_CONTEXT('2D SPACE',''
  ) );
#4561 = PCURVE('',#4562,#4567);
#4562 = SPHERICAL_SURFACE('',#4563,2.5);
#4563 = AXIS2_PLACEMENT_3D('',#4564,#4565,#4566);
#4564 = CARTESIAN_POINT('',(22.5,-6.129061917913,2.5));
#4565 = DIRECTION('',(0.,0.,1.));
#4566 = DIRECTION('',(0.52427184466,-0.851550957311,0.));
#4567 = DEFINITIONAL_REPRESENTATION('',(#4568),#4571);
#4568 = B_SPLINE_CURVE_WITH_KNOTS('',1,(#4569,#4570),.UNSPECIFIED.,.F.,
  .F.,(2,2),(4.712388980385,6.28318530718),.PIECEWISE_BEZIER_KNOTS.);
#4569 = CARTESIAN_POINT('',(0.,-1.570796326795));
#4570 = CARTESIAN_POINT('',(0.,0.));
#4571 = ( GEOMETRIC_REPRESENTATION_CONTEXT(2) 
PARAMETRIC_REPRESENTATION_CONTEXT() REPRESENTATION_CONTEXT('2D SPACE',''
  ) );
#4572 = ORIENTED_EDGE('',*,*,#4573,.F.);
#4573 = EDGE_CURVE('',#4447,#4547,#4574,.T.);
#4574 = SURFACE_CURVE('',#4575,(#4580,#4587),.PCURVE_S1.);
#4575 = CIRCLE('',#4576,42.916666666667);
#4576 = AXIS2_PLACEMENT_3D('',#4577,#4578,#4579);
#4577 = CARTESIAN_POINT('',(0.,30.416666666667,0.));
#4578 = DIRECTION('',(0.,0.,1.));
#4579 = DIRECTION('',(-0.550458715596,-0.834862385321,0.));
#4580 = PCURVE('',#4166,#4581);
#4581 = DEFINITIONAL_REPRESENTATION('',(#4582),#4586);
#4582 = LINE('',#4583,#4584);
#4583 = CARTESIAN_POINT('',(-0.,1.570796326795));
#4584 = VECTOR('',#4585,1.);
#4585 = DIRECTION('',(-1.,0.));
#4586 = ( GEOMETRIC_REPRESENTATION_CONTEXT(2) 
PARAMETRIC_REPRESENTATION_CONTEXT() REPRESENTATION_CONTEXT('2D SPACE',''
  ) );
#4587 = PCURVE('',#4382,#4588);
#4588 = DEFINITIONAL_REPRESENTATION('',(#4589),#4593);
#4589 = CIRCLE('',#4590,42.916666666667);
#4590 = AXIS2_PLACEMENT_2D('',#4591,#4592);
#4591 = CARTESIAN_POINT('',(-7.35601047262E-15,30.416666666667));
#4592 = DIRECTION('',(-0.550458715596,-0.834862385321));
#4593 = ( GEOMETRIC_REPRESENTATION_CONTEXT(2) 
PARAMETRIC_REPRESENTATION_CONTEXT() REPRESENTATION_CONTEXT('2D SPACE',''
  ) );
#4594 = ADVANCED_FACE('',(#4595),#4139,.T.);
#4595 = FACE_BOUND('',#4596,.T.);
#4596 = EDGE_LOOP('',(#4597,#4598,#4620,#4621));
#4597 = ORIENTED_EDGE('',*,*,#4123,.F.);
#4598 = ORIENTED_EDGE('',*,*,#4599,.T.);
#4599 = EDGE_CURVE('',#4124,#4211,#4600,.T.);
#4600 = SURFACE_CURVE('',#4601,(#4606,#4613),.PCURVE_S1.);
#4601 = CIRCLE('',#4602,2.5);
#4602 = AXIS2_PLACEMENT_3D('',#4603,#4604,#4605);
#4603 = CARTESIAN_POINT('',(22.5,-6.129061917913,2.5));
#4604 = DIRECTION('',(0.,0.,1.));
#4605 = DIRECTION('',(0.52427184466,-0.851550957311,0.));
#4606 = PCURVE('',#4139,#4607);
#4607 = DEFINITIONAL_REPRESENTATION('',(#4608),#4612);
#4608 = LINE('',#4609,#4610);
#4609 = CARTESIAN_POINT('',(0.,2.5));
#4610 = VECTOR('',#4611,1.);
#4611 = DIRECTION('',(1.,0.));
#4612 = ( GEOMETRIC_REPRESENTATION_CONTEXT(2) 
PARAMETRIC_REPRESENTATION_CONTEXT() REPRESENTATION_CONTEXT('2D SPACE',''
  ) );
#4613 = PCURVE('',#4562,#4614);
#4614 = DEFINITIONAL_REPRESENTATION('',(#4615),#4619);
#4615 = LINE('',#4616,#4617);
#4616 = CARTESIAN_POINT('',(0.,0.));
#4617 = VECTOR('',#4618,1.);
#4618 = DIRECTION('',(1.,0.));
#4619 = ( GEOMETRIC_REPRESENTATION_CONTEXT(2) 
PARAMETRIC_REPRESENTATION_CONTEXT() REPRESENTATION_CONTEXT('2D SPACE',''
  ) );
#4620 = ORIENTED_EDGE('',*,*,#4238,.T.);
#4621 = ORIENTED_EDGE('',*,*,#4183,.F.);
#4622 = ADVANCED_FACE('',(#4623),#4226,.T.);
#4623 = FACE_BOUND('',#4624,.T.);
#4624 = EDGE_LOOP('',(#4625,#4626,#4646,#4667));
#4625 = ORIENTED_EDGE('',*,*,#4208,.T.);
#4626 = ORIENTED_EDGE('',*,*,#4627,.F.);
#4627 = EDGE_CURVE('',#4547,#4211,#4628,.T.);
#4628 = SURFACE_CURVE('',#4629,(#4634,#4640),.PCURVE_S1.);
#4629 = CIRCLE('',#4630,2.5);
#4630 = AXIS2_PLACEMENT_3D('',#4631,#4632,#4633);
#4631 = CARTESIAN_POINT('',(22.5,-6.129061917913,2.5));
#4632 = DIRECTION('',(1.7763568394E-15,-1.,0.));
#4633 = DIRECTION('',(1.,1.7763568394E-15,0.));
#4634 = PCURVE('',#4226,#4635);
#4635 = DEFINITIONAL_REPRESENTATION('',(#4636),#4639);
#4636 = B_SPLINE_CURVE_WITH_KNOTS('',1,(#4637,#4638),.UNSPECIFIED.,.F.,
  .F.,(2,2),(4.712388980385,6.28318530718),.PIECEWISE_BEZIER_KNOTS.);
#4637 = CARTESIAN_POINT('',(1.570796326795,-6.129061917913));
#4638 = CARTESIAN_POINT('',(0.,-6.129061917913));
#4639 = ( GEOMETRIC_REPRESENTATION_CONTEXT(2) 
PARAMETRIC_REPRESENTATION_CONTEXT() REPRESENTATION_CONTEXT('2D SPACE',''
  ) );
#4640 = PCURVE('',#4562,#4641);
#4641 = DEFINITIONAL_REPRESENTATION('',(#4642),#4645);
#4642 = B_SPLINE_CURVE_WITH_KNOTS('',1,(#4643,#4644),.UNSPECIFIED.,.F.,
  .F.,(2,2),(4.712388980385,6.28318530718),.PIECEWISE_BEZIER_KNOTS.);
#4643 = CARTESIAN_POINT('',(1.018936532095,-1.570796326795));
#4644 = CARTESIAN_POINT('',(1.018936532095,0.));
#4645 = ( GEOMETRIC_REPRESENTATION_CONTEXT(2) 
PARAMETRIC_REPRESENTATION_CONTEXT() REPRESENTATION_CONTEXT('2D SPACE',''
  ) );
#4646 = ORIENTED_EDGE('',*,*,#4647,.F.);
#4647 = EDGE_CURVE('',#4318,#4547,#4648,.T.);
#4648 = SURFACE_CURVE('',#4649,(#4653,#4660),.PCURVE_S1.);
#4649 = LINE('',#4650,#4651);
#4650 = CARTESIAN_POINT('',(22.5,6.129061917913,0.));
#4651 = VECTOR('',#4652,1.);
#4652 = DIRECTION('',(-2.028776677791E-15,-1.,0.));
#4653 = PCURVE('',#4226,#4654);
#4654 = DEFINITIONAL_REPRESENTATION('',(#4655),#4659);
#4655 = LINE('',#4656,#4657);
#4656 = CARTESIAN_POINT('',(1.570796326795,6.129061917913));
#4657 = VECTOR('',#4658,1.);
#4658 = DIRECTION('',(-0.,-1.));
#4659 = ( GEOMETRIC_REPRESENTATION_CONTEXT(2) 
PARAMETRIC_REPRESENTATION_CONTEXT() REPRESENTATION_CONTEXT('2D SPACE',''
  ) );
#4660 = PCURVE('',#4382,#4661);
#4661 = DEFINITIONAL_REPRESENTATION('',(#4662),#4666);
#4662 = LINE('',#4663,#4664);
#4663 = CARTESIAN_POINT('',(22.5,6.129061917913));
#4664 = VECTOR('',#4665,1.);
#4665 = DIRECTION('',(-2.028776677791E-15,-1.));
#4666 = ( GEOMETRIC_REPRESENTATION_CONTEXT(2) 
PARAMETRIC_REPRESENTATION_CONTEXT() REPRESENTATION_CONTEXT('2D SPACE',''
  ) );
#4667 = ORIENTED_EDGE('',*,*,#4668,.T.);
#4668 = EDGE_CURVE('',#4318,#4209,#4669,.T.);
#4669 = SURFACE_CURVE('',#4670,(#4675,#4681),.PCURVE_S1.);
#4670 = CIRCLE('',#4671,2.5);
#4671 = AXIS2_PLACEMENT_3D('',#4672,#4673,#4674);
#4672 = CARTESIAN_POINT('',(22.5,6.129061917913,2.5));
#4673 = DIRECTION('',(-4.107825191113E-15,-1.,0.));
#4674 = DIRECTION('',(1.,-4.107825191113E-15,-0.));
#4675 = PCURVE('',#4226,#4676);
#4676 = DEFINITIONAL_REPRESENTATION('',(#4677),#4680);
#4677 = B_SPLINE_CURVE_WITH_KNOTS('',1,(#4678,#4679),.UNSPECIFIED.,.F.,
  .F.,(2,2),(4.712388980385,6.28318530718),.PIECEWISE_BEZIER_KNOTS.);
#4678 = CARTESIAN_POINT('',(1.570796326795,6.129061917913));
#4679 = CARTESIAN_POINT('',(0.,6.129061917913));
#4680 = ( GEOMETRIC_REPRESENTATION_CONTEXT(2) 
PARAMETRIC_REPRESENTATION_CONTEXT() REPRESENTATION_CONTEXT('2D SPACE',''
  ) );
#4681 = PCURVE('',#4300,#4682);
#4682 = DEFINITIONAL_REPRESENTATION('',(#4683),#4686);
#4683 = B_SPLINE_CURVE_WITH_KNOTS('',1,(#4684,#4685),.UNSPECIFIED.,.F.,
  .F.,(2,2),(4.712388980385,6.28318530718),.PIECEWISE_BEZIER_KNOTS.);
#4684 = CARTESIAN_POINT('',(-1.018936532095,-1.570796326795));
#4685 = CARTESIAN_POINT('',(-1.018936532095,0.));
#4686 = ( GEOMETRIC_REPRESENTATION_CONTEXT(2) 
PARAMETRIC_REPRESENTATION_CONTEXT() REPRESENTATION_CONTEXT('2D SPACE',''
  ) );
#4687 = ADVANCED_FACE('',(#4688),#4300,.T.);
#4688 = FACE_BOUND('',#4689,.F.);
#4689 = EDGE_LOOP('',(#4690,#4691,#4692));
#4690 = ORIENTED_EDGE('',*,*,#4317,.F.);
#4691 = ORIENTED_EDGE('',*,*,#4668,.T.);
#4692 = ORIENTED_EDGE('',*,*,#4285,.F.);
#4693 = ADVANCED_FACE('',(#4694),#4382,.F.);
#4694 = FACE_BOUND('',#4695,.F.);
#4695 = EDGE_LOOP('',(#4696,#4697,#4698,#4699));
#4696 = ORIENTED_EDGE('',*,*,#4446,.T.);
#4697 = ORIENTED_EDGE('',*,*,#4573,.T.);
#4698 = ORIENTED_EDGE('',*,*,#4647,.F.);
#4699 = ORIENTED_EDGE('',*,*,#4367,.T.);
#4700 = ADVANCED_FACE('',(#4701),#4356,.T.);
#4701 = FACE_BOUND('',#4702,.T.);
#4702 = EDGE_LOOP('',(#4703,#4704,#4705));
#4703 = ORIENTED_EDGE('',*,*,#4340,.F.);
#4704 = ORIENTED_EDGE('',*,*,#4426,.T.);
#4705 = ORIENTED_EDGE('',*,*,#4398,.F.);
#4706 = ADVANCED_FACE('',(#4707),#4483,.T.);
#4707 = FACE_BOUND('',#4708,.T.);
#4708 = EDGE_LOOP('',(#4709,#4710,#4711));
#4709 = ORIENTED_EDGE('',*,*,#4469,.F.);
#4710 = ORIENTED_EDGE('',*,*,#4525,.T.);
#4711 = ORIENTED_EDGE('',*,*,#4498,.F.);
#4712 = ADVANCED_FACE('',(#4713),#4562,.T.);
#4713 = FACE_BOUND('',#4714,.T.);
#4714 = EDGE_LOOP('',(#4715,#4716,#4717));
#4715 = ORIENTED_EDGE('',*,*,#4546,.F.);
#4716 = ORIENTED_EDGE('',*,*,#4627,.T.);
#4717 = ORIENTED_EDGE('',*,*,#4599,.F.);
#4718 = ( GEOMETRIC_REPRESENTATION_CONTEXT(3) 
GLOBAL_UNCERTAINTY_ASSIGNED_CONTEXT((#4722)) 
GLOBAL_UNIT_ASSIGNED_CONTEXT((#4719,#4720,#4721)) REPRESENTATION_CONTEXT
('Context #1','3D Context with UNIT and UNCERTAINTY') );
#4719 = ( LENGTH_UNIT() NAMED_UNIT(*) SI_UNIT(.MILLI.,.METRE.) );
#4720 = ( NAMED_UNIT(*) PLANE_ANGLE_UNIT() SI_UNIT($,.RADIAN.) );
#4721 = ( NAMED_UNIT(*) SI_UNIT($,.STERADIAN.) SOLID_ANGLE_UNIT() );
#4722 = UNCERTAINTY_MEASURE_WITH_UNIT(LENGTH_MEASURE(5.E-05),#4719,
  'distance_accuracy_value','confusion accuracy');
#4723 = PRODUCT_RELATED_PRODUCT_CATEGORY('part',$,(#7));
ENDSEC;
END-ISO-10303-21;
