ISO-10303-21;
HEADER;
FILE_DESCRIPTION(('Open CASCADE Model'),'2;1');
FILE_NAME('Open CASCADE Shape Model','2025-07-14T14:34:09',('Author'),(
    'Open CASCADE'),'Open CASCADE STEP processor 7.6','Open CASCADE 7.6'
  ,'Unknown');
FILE_SCHEMA((
'AP242_MANAGED_MODEL_BASED_3D_ENGINEERING_MIM_LF. {1 0 10303 442 1 1 4 
}'));
ENDSEC;
DATA;
#1 = APPLICATION_PROTOCOL_DEFINITION('international standard',
  'ap242_managed_model_based_3d_engineering',2013,#2);
#2 = APPLICATION_CONTEXT('Managed model based 3d engineering');
#3 = SHAPE_DEFINITION_REPRESENTATION(#4,#10);
#4 = PRODUCT_DEFINITION_SHAPE('','',#5);
#5 = PRODUCT_DEFINITION('design','',#6,#9);
#6 = PRODUCT_DEFINITION_FORMATION('','',#7);
#7 = PRODUCT('Open CASCADE STEP translator 7.6 2',
  'Open CASCADE STEP translator 7.6 2','',(#8));
#8 = PRODUCT_CONTEXT('',#2,'mechanical');
#9 = PRODUCT_DEFINITION_CONTEXT('part definition',#2,'design');
#10 = ADVANCED_BREP_SHAPE_REPRESENTATION('',(#11,#15),#1424);
#11 = AXIS2_PLACEMENT_3D('',#12,#13,#14);
#12 = CARTESIAN_POINT('',(0.,0.,0.));
#13 = DIRECTION('',(0.,0.,1.));
#14 = DIRECTION('',(1.,0.,-0.));
#15 = MANIFOLD_SOLID_BREP('',#16);
#16 = CLOSED_SHELL('',(#17,#203,#289,#349,#623,#679,#1038,#1042,#1237,
    #1333,#1420));
#17 = ADVANCED_FACE('',(#18),#33,.T.);
#18 = FACE_BOUND('',#19,.T.);
#19 = EDGE_LOOP('',(#20,#55,#86,#87));
#20 = ORIENTED_EDGE('',*,*,#21,.F.);
#21 = EDGE_CURVE('',#22,#24,#26,.T.);
#22 = VERTEX_POINT('',#23);
#23 = CARTESIAN_POINT('',(15.,0.,75.));
#24 = VERTEX_POINT('',#25);
#25 = CARTESIAN_POINT('',(17.901849016043,0.,98.148270499951));
#26 = SEAM_CURVE('',#27,(#32,#48),.PCURVE_S1.);
#27 = B_SPLINE_CURVE_WITH_KNOTS('',3,(#28,#29,#30,#31),.UNSPECIFIED.,.F.
  ,.F.,(4,4),(0.,1.),.PIECEWISE_BEZIER_KNOTS.);
#28 = CARTESIAN_POINT('',(15.,0.,75.));
#29 = CARTESIAN_POINT('',(15.,0.,93.884517468021));
#30 = CARTESIAN_POINT('',(18.,0.,93.705160843993));
#31 = CARTESIAN_POINT('',(18.,0.,100.));
#32 = PCURVE('',#33,#42);
#33 = SURFACE_OF_REVOLUTION('',#34,#39);
#34 = B_SPLINE_CURVE_WITH_KNOTS('',3,(#35,#36,#37,#38),.UNSPECIFIED.,.F.
  ,.F.,(4,4),(0.,1.),.PIECEWISE_BEZIER_KNOTS.);
#35 = CARTESIAN_POINT('',(15.,0.,75.));
#36 = CARTESIAN_POINT('',(15.,0.,93.884517468021));
#37 = CARTESIAN_POINT('',(18.,0.,93.705160843993));
#38 = CARTESIAN_POINT('',(18.,0.,100.));
#39 = AXIS1_PLACEMENT('',#40,#41);
#40 = CARTESIAN_POINT('',(0.,0.,0.));
#41 = DIRECTION('',(0.,0.,1.));
#42 = DEFINITIONAL_REPRESENTATION('',(#43),#47);
#43 = LINE('',#44,#45);
#44 = CARTESIAN_POINT('',(0.,0.));
#45 = VECTOR('',#46,1.);
#46 = DIRECTION('',(0.,1.));
#47 = ( GEOMETRIC_REPRESENTATION_CONTEXT(2) 
PARAMETRIC_REPRESENTATION_CONTEXT() REPRESENTATION_CONTEXT('2D SPACE',''
  ) );
#48 = PCURVE('',#33,#49);
#49 = DEFINITIONAL_REPRESENTATION('',(#50),#54);
#50 = LINE('',#51,#52);
#51 = CARTESIAN_POINT('',(6.28318530718,0.));
#52 = VECTOR('',#53,1.);
#53 = DIRECTION('',(0.,1.));
#54 = ( GEOMETRIC_REPRESENTATION_CONTEXT(2) 
PARAMETRIC_REPRESENTATION_CONTEXT() REPRESENTATION_CONTEXT('2D SPACE',''
  ) );
#55 = ORIENTED_EDGE('',*,*,#56,.T.);
#56 = EDGE_CURVE('',#22,#22,#57,.T.);
#57 = SURFACE_CURVE('',#58,(#63,#70),.PCURVE_S1.);
#58 = CIRCLE('',#59,15.);
#59 = AXIS2_PLACEMENT_3D('',#60,#61,#62);
#60 = CARTESIAN_POINT('',(0.,0.,75.));
#61 = DIRECTION('',(0.,0.,1.));
#62 = DIRECTION('',(1.,0.,-0.));
#63 = PCURVE('',#33,#64);
#64 = DEFINITIONAL_REPRESENTATION('',(#65),#69);
#65 = LINE('',#66,#67);
#66 = CARTESIAN_POINT('',(0.,0.));
#67 = VECTOR('',#68,1.);
#68 = DIRECTION('',(1.,0.));
#69 = ( GEOMETRIC_REPRESENTATION_CONTEXT(2) 
PARAMETRIC_REPRESENTATION_CONTEXT() REPRESENTATION_CONTEXT('2D SPACE',''
  ) );
#70 = PCURVE('',#71,#80);
#71 = SURFACE_OF_REVOLUTION('',#72,#77);
#72 = B_SPLINE_CURVE_WITH_KNOTS('',3,(#73,#74,#75,#76),.UNSPECIFIED.,.F.
  ,.F.,(4,4),(0.,1.),.PIECEWISE_BEZIER_KNOTS.);
#73 = CARTESIAN_POINT('',(30.,0.,25.));
#74 = CARTESIAN_POINT('',(30.,0.,64.151149408415));
#75 = CARTESIAN_POINT('',(15.,0.,61.949616863862));
#76 = CARTESIAN_POINT('',(15.,0.,75.));
#77 = AXIS1_PLACEMENT('',#78,#79);
#78 = CARTESIAN_POINT('',(0.,0.,0.));
#79 = DIRECTION('',(0.,0.,1.));
#80 = DEFINITIONAL_REPRESENTATION('',(#81),#85);
#81 = LINE('',#82,#83);
#82 = CARTESIAN_POINT('',(0.,1.));
#83 = VECTOR('',#84,1.);
#84 = DIRECTION('',(1.,0.));
#85 = ( GEOMETRIC_REPRESENTATION_CONTEXT(2) 
PARAMETRIC_REPRESENTATION_CONTEXT() REPRESENTATION_CONTEXT('2D SPACE',''
  ) );
#86 = ORIENTED_EDGE('',*,*,#21,.T.);
#87 = ORIENTED_EDGE('',*,*,#88,.F.);
#88 = EDGE_CURVE('',#24,#24,#89,.T.);
#89 = SURFACE_CURVE('',#90,(#111,#135),.PCURVE_S1.);
#90 = ( BOUNDED_CURVE() B_SPLINE_CURVE(10,(#91,#92,#93,#94,#95,#96,#97,
    #98,#99,#100,#101,#102,#103,#104,#105,#106,#107,#108,#109,#110),
.UNSPECIFIED.,.T.,.F.) B_SPLINE_CURVE_WITH_KNOTS((11,9,11),(
    2.236719966425E-15,56.548667764616,113.09733552923),.UNSPECIFIED.) 
CURVE() GEOMETRIC_REPRESENTATION_ITEM() RATIONAL_B_SPLINE_CURVE((1.,1.,
    1.,1.,1.,1.000000000001,1.,1.,1.,1.,1.,1.,1.,1.,1.,1.,1.,1.,1.,1.)) 
REPRESENTATION_ITEM('') );
#91 = CARTESIAN_POINT('',(17.901849016043,0.,98.148270499951));
#92 = CARTESIAN_POINT('',(17.901849016042,5.542676159605,98.148270499951
    ));
#93 = CARTESIAN_POINT('',(15.994804783754,11.169390860665,
    98.148270499951));
#94 = CARTESIAN_POINT('',(12.085601462411,16.090806544317,
    98.148270499951));
#95 = CARTESIAN_POINT('',(6.481172810575,19.443481394147,98.14827049995)
  );
#96 = CARTESIAN_POINT('',(-4.631900833011E-03,20.585804625459,
    98.148270499951));
#97 = CARTESIAN_POINT('',(-6.466167511079,19.416036336738,98.14827049995
    ));
#98 = CARTESIAN_POINT('',(-12.01337010672,16.100089584895,
    98.148270499951));
#99 = CARTESIAN_POINT('',(-15.93851421449,11.248232701208,
    98.148270499951));
#100 = CARTESIAN_POINT('',(-17.90184901604,5.624031735448,
    98.148270499951));
#101 = CARTESIAN_POINT('',(-17.90184901604,-5.624031735448,
    98.148270499951));
#102 = CARTESIAN_POINT('',(-15.93851421449,-11.2482327012,
    98.148270499951));
#103 = CARTESIAN_POINT('',(-12.01337010672,-16.10008958489,
    98.148270499951));
#104 = CARTESIAN_POINT('',(-6.466167511074,-19.41603633673,
    98.14827049995));
#105 = CARTESIAN_POINT('',(-4.631900834968E-03,-20.58580462545,
    98.148270499951));
#106 = CARTESIAN_POINT('',(6.481172810574,-19.44348139414,98.14827049995
    ));
#107 = CARTESIAN_POINT('',(12.085601462414,-16.09080654431,
    98.148270499951));
#108 = CARTESIAN_POINT('',(15.994804783753,-11.16939086066,
    98.148270499951));
#109 = CARTESIAN_POINT('',(17.901849016043,-5.542676159605,
    98.148270499951));
#110 = CARTESIAN_POINT('',(17.901849016043,-4.384688419263E-15,
    98.148270499951));
#111 = PCURVE('',#33,#112);
#112 = DEFINITIONAL_REPRESENTATION('',(#113),#134);
#113 = B_SPLINE_CURVE_WITH_KNOTS('',10,(#114,#115,#116,#117,#118,#119,
    #120,#121,#122,#123,#124,#125,#126,#127,#128,#129,#130,#131,#132,
    #133),.UNSPECIFIED.,.F.,.F.,(11,9,11),(2.236719966425E-15,
    56.548667764616,113.09733552923),.UNSPECIFIED.);
#114 = CARTESIAN_POINT('',(0.,0.891577866902));
#115 = CARTESIAN_POINT('',(0.309614730559,0.891577866902));
#116 = CARTESIAN_POINT('',(0.623927920448,0.891577866901));
#117 = CARTESIAN_POINT('',(0.940039634481,0.891577866902));
#118 = CARTESIAN_POINT('',(1.255847197981,0.891577866901));
#119 = CARTESIAN_POINT('',(1.570654404398,0.891577866902));
#120 = CARTESIAN_POINT('',(1.884959666761,0.891577866901));
#121 = CARTESIAN_POINT('',(2.199113516778,0.891577866902));
#122 = CARTESIAN_POINT('',(2.513274349252,0.891577866901));
#123 = CARTESIAN_POINT('',(2.827433388231,0.891577866902));
#124 = CARTESIAN_POINT('',(3.455751918949,0.891577866902));
#125 = CARTESIAN_POINT('',(3.769910957927,0.891577866902));
#126 = CARTESIAN_POINT('',(4.084071790403,0.891577866902));
#127 = CARTESIAN_POINT('',(4.398225640417,0.891577866901));
#128 = CARTESIAN_POINT('',(4.712530902784,0.891577866902));
#129 = CARTESIAN_POINT('',(5.027338109196,0.891577866901));
#130 = CARTESIAN_POINT('',(5.343145672701,0.891577866902));
#131 = CARTESIAN_POINT('',(5.659257386731,0.891577866902));
#132 = CARTESIAN_POINT('',(5.973570576621,0.891577866902));
#133 = CARTESIAN_POINT('',(6.28318530718,0.891577866902));
#134 = ( GEOMETRIC_REPRESENTATION_CONTEXT(2) 
PARAMETRIC_REPRESENTATION_CONTEXT() REPRESENTATION_CONTEXT('2D SPACE',''
  ) );
#135 = PCURVE('',#136,#197);
#136 = ( BOUNDED_SURFACE() B_SPLINE_SURFACE(2,10,(
    (#137,#138,#139,#140,#141,#142,#143,#144,#145,#146,#147,#148,#149
      ,#150,#151,#152,#153,#154,#155,#156)
    ,(#157,#158,#159,#160,#161,#162,#163,#164,#165,#166,#167,#168,#169
      ,#170,#171,#172,#173,#174,#175,#176)
    ,(#177,#178,#179,#180,#181,#182,#183,#184,#185,#186,#187,#188,#189
      ,#190,#191,#192,#193,#194,#195,#196
)),.UNSPECIFIED.,.F.,.T.,.F.) B_SPLINE_SURFACE_WITH_KNOTS((3,3),(11,9,11
    ),(0.,113.09733552923),(2.236719966425E-15,56.548667764616,
113.09733552923),.UNSPECIFIED.) GEOMETRIC_REPRESENTATION_ITEM() 
RATIONAL_B_SPLINE_SURFACE((
    (1.,1.,1.,1.,1.,1.000000000001,1.,1.,1.,1.,1.,1.,1.,1.,1.,1.,1.,1.
      ,1.,1.)
    ,(0.666694195254,0.666694195254,0.666694195254,0.666694195254
      ,0.666694195254,0.666694195254,0.666694195254,0.666694195254
      ,0.666694195254,0.666694195254,0.666694195254,0.666694195254
      ,0.666694195254,0.666694195254,0.666694195254,0.666694195254
      ,0.666694195254,0.666694195254,0.666694195254,0.666694195254)
    ,(1.,1.,1.,1.,1.,1.000000000001,1.,1.,1.,1.,1.,1.,1.,1.,1.,1.,1.,1.
,1.,1.))) REPRESENTATION_ITEM('') SURFACE() );
#137 = CARTESIAN_POINT('',(17.901849016043,0.,98.148270499951));
#138 = CARTESIAN_POINT('',(17.901849016042,5.542676159605,
    98.148270499951));
#139 = CARTESIAN_POINT('',(15.994804783754,11.169390860665,
    98.148270499951));
#140 = CARTESIAN_POINT('',(12.085601462411,16.090806544317,
    98.148270499951));
#141 = CARTESIAN_POINT('',(6.481172810575,19.443481394147,98.14827049995
    ));
#142 = CARTESIAN_POINT('',(-4.631900833011E-03,20.585804625459,
    98.148270499951));
#143 = CARTESIAN_POINT('',(-6.466167511079,19.416036336738,
    98.14827049995));
#144 = CARTESIAN_POINT('',(-12.01337010672,16.100089584895,
    98.148270499951));
#145 = CARTESIAN_POINT('',(-15.93851421449,11.248232701208,
    98.148270499951));
#146 = CARTESIAN_POINT('',(-17.90184901604,5.624031735448,
    98.148270499951));
#147 = CARTESIAN_POINT('',(-17.90184901604,-5.624031735448,
    98.148270499951));
#148 = CARTESIAN_POINT('',(-15.93851421449,-11.2482327012,
    98.148270499951));
#149 = CARTESIAN_POINT('',(-12.01337010672,-16.10008958489,
    98.148270499951));
#150 = CARTESIAN_POINT('',(-6.466167511074,-19.41603633673,
    98.14827049995));
#151 = CARTESIAN_POINT('',(-4.631900834968E-03,-20.58580462545,
    98.148270499951));
#152 = CARTESIAN_POINT('',(6.481172810574,-19.44348139414,98.14827049995
    ));
#153 = CARTESIAN_POINT('',(12.085601462414,-16.09080654431,
    98.148270499951));
#154 = CARTESIAN_POINT('',(15.994804783753,-11.16939086066,
    98.148270499951));
#155 = CARTESIAN_POINT('',(17.901849016043,-5.542676159605,
    98.148270499951));
#156 = CARTESIAN_POINT('',(17.901849016043,-4.384688419263E-15,
    98.148270499951));
#157 = CARTESIAN_POINT('',(18.108740175419,-1.981054209566E-15,100.));
#158 = CARTESIAN_POINT('',(18.108740175419,5.60673271017,100.));
#159 = CARTESIAN_POINT('',(16.179656287235,11.298475192827,100.));
#160 = CARTESIAN_POINT('',(12.225274414413,16.276767537412,100.));
#161 = CARTESIAN_POINT('',(6.556075540214,19.668189155025,100.));
#162 = CARTESIAN_POINT('',(-4.685431579515E-03,20.823714183396,100.));
#163 = CARTESIAN_POINT('',(-6.540896824898,19.640426915867,100.));
#164 = CARTESIAN_POINT('',(-12.152208283,16.286157861826,100.));
#165 = CARTESIAN_POINT('',(-16.12271516947,11.378228206276,100.));
#166 = CARTESIAN_POINT('',(-18.10874017541,5.689028510087,100.));
#167 = CARTESIAN_POINT('',(-18.10874017542,-5.689028510087,100.));
#168 = CARTESIAN_POINT('',(-16.12271516946,-11.37822820627,100.));
#169 = CARTESIAN_POINT('',(-12.152208283,-16.28615786182,99.999999999999
    ));
#170 = CARTESIAN_POINT('',(-6.540896824896,-19.64042691586,100.));
#171 = CARTESIAN_POINT('',(-4.68543158006E-03,-20.82371418339,
    99.999999999998));
#172 = CARTESIAN_POINT('',(6.556075540213,-19.66818915502,100.));
#173 = CARTESIAN_POINT('',(12.225274414413,-16.27676753741,
    99.999999999999));
#174 = CARTESIAN_POINT('',(16.179656287234,-11.29847519282,100.));
#175 = CARTESIAN_POINT('',(18.108740175419,-5.606732710171,100.));
#176 = CARTESIAN_POINT('',(18.108740175419,1.046732145404E-14,100.));
#177 = CARTESIAN_POINT('',(16.245488691271,0.,100.));
#178 = CARTESIAN_POINT('',(16.245488691271,5.029842603943,100.));
#179 = CARTESIAN_POINT('',(14.514892847141,10.135948122047,100.));
#180 = CARTESIAN_POINT('',(10.967386760377,14.602012089078,100.));
#181 = CARTESIAN_POINT('',(5.881505285069,17.644482244517,100.));
#182 = CARTESIAN_POINT('',(-4.20333634364E-03,18.68111254563,100.));
#183 = CARTESIAN_POINT('',(-5.86788834399,17.619576528388,100.));
#184 = CARTESIAN_POINT('',(-10.90183857756,14.610436220608,100.));
#185 = CARTESIAN_POINT('',(-14.46381053684,10.207495157652,100.));
#186 = CARTESIAN_POINT('',(-16.24548869127,5.103670792648,100.));
#187 = CARTESIAN_POINT('',(-16.24548869127,-5.103670792648,100.));
#188 = CARTESIAN_POINT('',(-14.46381053684,-10.20749515765,100.));
#189 = CARTESIAN_POINT('',(-10.90183857756,-14.61043622061,100.));
#190 = CARTESIAN_POINT('',(-5.867888343986,-17.61957652838,100.));
#191 = CARTESIAN_POINT('',(-4.203336344637E-03,-18.68111254563,100.));
#192 = CARTESIAN_POINT('',(5.881505285067,-17.64448224451,100.));
#193 = CARTESIAN_POINT('',(10.96738676038,-14.60201208908,100.));
#194 = CARTESIAN_POINT('',(14.51489284714,-10.13594812204,100.));
#195 = CARTESIAN_POINT('',(16.245488691271,-5.029842603943,100.));
#196 = CARTESIAN_POINT('',(16.245488691271,0.,100.));
#197 = DEFINITIONAL_REPRESENTATION('',(#198),#202);
#198 = LINE('',#199,#200);
#199 = CARTESIAN_POINT('',(0.,0.));
#200 = VECTOR('',#201,1.);
#201 = DIRECTION('',(0.,1.));
#202 = ( GEOMETRIC_REPRESENTATION_CONTEXT(2) 
PARAMETRIC_REPRESENTATION_CONTEXT() REPRESENTATION_CONTEXT('2D SPACE',''
  ) );
#203 = ADVANCED_FACE('',(#204),#136,.F.);
#204 = FACE_BOUND('',#205,.F.);
#205 = EDGE_LOOP('',(#206,#227,#287,#288));
#206 = ORIENTED_EDGE('',*,*,#207,.T.);
#207 = EDGE_CURVE('',#24,#208,#210,.T.);
#208 = VERTEX_POINT('',#209);
#209 = CARTESIAN_POINT('',(16.245488691271,0.,100.));
#210 = SEAM_CURVE('',#211,(#215,#221),.PCURVE_S1.);
#211 = ( BOUNDED_CURVE() B_SPLINE_CURVE(2,(#212,#213,#214),
.UNSPECIFIED.,.F.,.F.) B_SPLINE_CURVE_WITH_KNOTS((3,3),(0.,
113.09733552923),.PIECEWISE_BEZIER_KNOTS.) CURVE() 
GEOMETRIC_REPRESENTATION_ITEM() RATIONAL_B_SPLINE_CURVE((1.,
0.666694195254,1.)) REPRESENTATION_ITEM('') );
#212 = CARTESIAN_POINT('',(17.901849016043,0.,98.148270499951));
#213 = CARTESIAN_POINT('',(18.108740175419,-1.981054209566E-15,100.));
#214 = CARTESIAN_POINT('',(16.245488691271,0.,100.));
#215 = PCURVE('',#136,#216);
#216 = DEFINITIONAL_REPRESENTATION('',(#217),#220);
#217 = B_SPLINE_CURVE_WITH_KNOTS('',1,(#218,#219),.UNSPECIFIED.,.F.,.F.,
  (2,2),(0.,113.09733552923),.PIECEWISE_BEZIER_KNOTS.);
#218 = CARTESIAN_POINT('',(0.,2.236719966425E-15));
#219 = CARTESIAN_POINT('',(113.09733552923,2.236719966425E-15));
#220 = ( GEOMETRIC_REPRESENTATION_CONTEXT(2) 
PARAMETRIC_REPRESENTATION_CONTEXT() REPRESENTATION_CONTEXT('2D SPACE',''
  ) );
#221 = PCURVE('',#136,#222);
#222 = DEFINITIONAL_REPRESENTATION('',(#223),#226);
#223 = B_SPLINE_CURVE_WITH_KNOTS('',1,(#224,#225),.UNSPECIFIED.,.F.,.F.,
  (2,2),(0.,113.09733552923),.PIECEWISE_BEZIER_KNOTS.);
#224 = CARTESIAN_POINT('',(0.,113.09733552923));
#225 = CARTESIAN_POINT('',(113.09733552923,113.09733552923));
#226 = ( GEOMETRIC_REPRESENTATION_CONTEXT(2) 
PARAMETRIC_REPRESENTATION_CONTEXT() REPRESENTATION_CONTEXT('2D SPACE',''
  ) );
#227 = ORIENTED_EDGE('',*,*,#228,.T.);
#228 = EDGE_CURVE('',#208,#208,#229,.T.);
#229 = SURFACE_CURVE('',#230,(#251,#258),.PCURVE_S1.);
#230 = ( BOUNDED_CURVE() B_SPLINE_CURVE(10,(#231,#232,#233,#234,#235,
    #236,#237,#238,#239,#240,#241,#242,#243,#244,#245,#246,#247,#248,
#249,#250),.UNSPECIFIED.,.T.,.F.) B_SPLINE_CURVE_WITH_KNOTS((11,9,11),(
    2.236719966425E-15,56.548667764616,113.09733552923),.UNSPECIFIED.) 
CURVE() GEOMETRIC_REPRESENTATION_ITEM() RATIONAL_B_SPLINE_CURVE((1.,1.,
    1.,1.,1.,1.000000000001,1.,1.,1.,1.,1.,1.,1.,1.,1.,1.,1.,1.,1.,1.)) 
REPRESENTATION_ITEM('') );
#231 = CARTESIAN_POINT('',(16.245488691271,0.,100.));
#232 = CARTESIAN_POINT('',(16.245488691271,5.029842603943,100.));
#233 = CARTESIAN_POINT('',(14.514892847141,10.135948122047,100.));
#234 = CARTESIAN_POINT('',(10.967386760377,14.602012089078,100.));
#235 = CARTESIAN_POINT('',(5.881505285069,17.644482244517,100.));
#236 = CARTESIAN_POINT('',(-4.20333634364E-03,18.68111254563,100.));
#237 = CARTESIAN_POINT('',(-5.86788834399,17.619576528388,100.));
#238 = CARTESIAN_POINT('',(-10.90183857756,14.610436220608,100.));
#239 = CARTESIAN_POINT('',(-14.46381053684,10.207495157652,100.));
#240 = CARTESIAN_POINT('',(-16.24548869127,5.103670792648,100.));
#241 = CARTESIAN_POINT('',(-16.24548869127,-5.103670792648,100.));
#242 = CARTESIAN_POINT('',(-14.46381053684,-10.20749515765,100.));
#243 = CARTESIAN_POINT('',(-10.90183857756,-14.61043622061,100.));
#244 = CARTESIAN_POINT('',(-5.867888343986,-17.61957652838,100.));
#245 = CARTESIAN_POINT('',(-4.203336344637E-03,-18.68111254563,100.));
#246 = CARTESIAN_POINT('',(5.881505285067,-17.64448224451,100.));
#247 = CARTESIAN_POINT('',(10.96738676038,-14.60201208908,100.));
#248 = CARTESIAN_POINT('',(14.51489284714,-10.13594812204,100.));
#249 = CARTESIAN_POINT('',(16.245488691271,-5.029842603943,100.));
#250 = CARTESIAN_POINT('',(16.245488691271,0.,100.));
#251 = PCURVE('',#136,#252);
#252 = DEFINITIONAL_REPRESENTATION('',(#253),#257);
#253 = LINE('',#254,#255);
#254 = CARTESIAN_POINT('',(113.09733552923,0.));
#255 = VECTOR('',#256,1.);
#256 = DIRECTION('',(0.,1.));
#257 = ( GEOMETRIC_REPRESENTATION_CONTEXT(2) 
PARAMETRIC_REPRESENTATION_CONTEXT() REPRESENTATION_CONTEXT('2D SPACE',''
  ) );
#258 = PCURVE('',#259,#264);
#259 = PLANE('',#260);
#260 = AXIS2_PLACEMENT_3D('',#261,#262,#263);
#261 = CARTESIAN_POINT('',(0.,0.,100.));
#262 = DIRECTION('',(0.,0.,1.));
#263 = DIRECTION('',(1.,0.,-0.));
#264 = DEFINITIONAL_REPRESENTATION('',(#265),#286);
#265 = B_SPLINE_CURVE_WITH_KNOTS('',10,(#266,#267,#268,#269,#270,#271,
    #272,#273,#274,#275,#276,#277,#278,#279,#280,#281,#282,#283,#284,
    #285),.UNSPECIFIED.,.F.,.F.,(11,9,11),(2.236719966425E-15,
    56.548667764616,113.09733552923),.UNSPECIFIED.);
#266 = CARTESIAN_POINT('',(16.245488691271,-7.105427357601E-15));
#267 = CARTESIAN_POINT('',(16.245488691271,5.029842603943));
#268 = CARTESIAN_POINT('',(14.514892847139,10.135948122045));
#269 = CARTESIAN_POINT('',(10.96738676038,14.602012089084));
#270 = CARTESIAN_POINT('',(5.881505285068,17.644482244508));
#271 = CARTESIAN_POINT('',(-4.203336346185E-03,18.68111254564));
#272 = CARTESIAN_POINT('',(-5.867888343985,17.61957652838));
#273 = CARTESIAN_POINT('',(-10.90183857756,14.610436220612));
#274 = CARTESIAN_POINT('',(-14.46381053684,10.20749515765));
#275 = CARTESIAN_POINT('',(-16.24548869127,5.103670792648));
#276 = CARTESIAN_POINT('',(-16.24548869127,-5.103670792648));
#277 = CARTESIAN_POINT('',(-14.46381053684,-10.20749515765));
#278 = CARTESIAN_POINT('',(-10.90183857756,-14.61043622061));
#279 = CARTESIAN_POINT('',(-5.867888343984,-17.61957652838));
#280 = CARTESIAN_POINT('',(-4.203336347113E-03,-18.68111254563));
#281 = CARTESIAN_POINT('',(5.881505285069,-17.64448224451));
#282 = CARTESIAN_POINT('',(10.967386760378,-14.60201208908));
#283 = CARTESIAN_POINT('',(14.514892847141,-10.13594812204));
#284 = CARTESIAN_POINT('',(16.245488691271,-5.029842603943));
#285 = CARTESIAN_POINT('',(16.245488691271,7.615780459476E-15));
#286 = ( GEOMETRIC_REPRESENTATION_CONTEXT(2) 
PARAMETRIC_REPRESENTATION_CONTEXT() REPRESENTATION_CONTEXT('2D SPACE',''
  ) );
#287 = ORIENTED_EDGE('',*,*,#207,.F.);
#288 = ORIENTED_EDGE('',*,*,#88,.F.);
#289 = ADVANCED_FACE('',(#290),#71,.T.);
#290 = FACE_BOUND('',#291,.T.);
#291 = EDGE_LOOP('',(#292,#325,#347,#348));
#292 = ORIENTED_EDGE('',*,*,#293,.T.);
#293 = EDGE_CURVE('',#294,#294,#296,.T.);
#294 = VERTEX_POINT('',#295);
#295 = CARTESIAN_POINT('',(30.,0.,25.));
#296 = SURFACE_CURVE('',#297,(#302,#309),.PCURVE_S1.);
#297 = CIRCLE('',#298,30.);
#298 = AXIS2_PLACEMENT_3D('',#299,#300,#301);
#299 = CARTESIAN_POINT('',(0.,0.,25.));
#300 = DIRECTION('',(0.,0.,1.));
#301 = DIRECTION('',(1.,0.,-0.));
#302 = PCURVE('',#71,#303);
#303 = DEFINITIONAL_REPRESENTATION('',(#304),#308);
#304 = LINE('',#305,#306);
#305 = CARTESIAN_POINT('',(0.,0.));
#306 = VECTOR('',#307,1.);
#307 = DIRECTION('',(1.,0.));
#308 = ( GEOMETRIC_REPRESENTATION_CONTEXT(2) 
PARAMETRIC_REPRESENTATION_CONTEXT() REPRESENTATION_CONTEXT('2D SPACE',''
  ) );
#309 = PCURVE('',#310,#319);
#310 = SURFACE_OF_REVOLUTION('',#311,#316);
#311 = B_SPLINE_CURVE_WITH_KNOTS('',3,(#312,#313,#314,#315),
  .UNSPECIFIED.,.F.,.F.,(4,4),(0.,1.),.PIECEWISE_BEZIER_KNOTS.);
#312 = CARTESIAN_POINT('',(20.,0.,0.));
#313 = CARTESIAN_POINT('',(26.731456008918,0.,0.));
#314 = CARTESIAN_POINT('',(30.,0.,18.268543991082));
#315 = CARTESIAN_POINT('',(30.,0.,25.));
#316 = AXIS1_PLACEMENT('',#317,#318);
#317 = CARTESIAN_POINT('',(0.,0.,0.));
#318 = DIRECTION('',(0.,0.,1.));
#319 = DEFINITIONAL_REPRESENTATION('',(#320),#324);
#320 = LINE('',#321,#322);
#321 = CARTESIAN_POINT('',(0.,1.));
#322 = VECTOR('',#323,1.);
#323 = DIRECTION('',(1.,0.));
#324 = ( GEOMETRIC_REPRESENTATION_CONTEXT(2) 
PARAMETRIC_REPRESENTATION_CONTEXT() REPRESENTATION_CONTEXT('2D SPACE',''
  ) );
#325 = ORIENTED_EDGE('',*,*,#326,.T.);
#326 = EDGE_CURVE('',#294,#22,#327,.T.);
#327 = SEAM_CURVE('',#328,(#333,#340),.PCURVE_S1.);
#328 = B_SPLINE_CURVE_WITH_KNOTS('',3,(#329,#330,#331,#332),
  .UNSPECIFIED.,.F.,.F.,(4,4),(0.,1.),.PIECEWISE_BEZIER_KNOTS.);
#329 = CARTESIAN_POINT('',(30.,0.,25.));
#330 = CARTESIAN_POINT('',(30.,0.,64.151149408415));
#331 = CARTESIAN_POINT('',(15.,0.,61.949616863862));
#332 = CARTESIAN_POINT('',(15.,0.,75.));
#333 = PCURVE('',#71,#334);
#334 = DEFINITIONAL_REPRESENTATION('',(#335),#339);
#335 = LINE('',#336,#337);
#336 = CARTESIAN_POINT('',(0.,0.));
#337 = VECTOR('',#338,1.);
#338 = DIRECTION('',(0.,1.));
#339 = ( GEOMETRIC_REPRESENTATION_CONTEXT(2) 
PARAMETRIC_REPRESENTATION_CONTEXT() REPRESENTATION_CONTEXT('2D SPACE',''
  ) );
#340 = PCURVE('',#71,#341);
#341 = DEFINITIONAL_REPRESENTATION('',(#342),#346);
#342 = LINE('',#343,#344);
#343 = CARTESIAN_POINT('',(6.28318530718,0.));
#344 = VECTOR('',#345,1.);
#345 = DIRECTION('',(0.,1.));
#346 = ( GEOMETRIC_REPRESENTATION_CONTEXT(2) 
PARAMETRIC_REPRESENTATION_CONTEXT() REPRESENTATION_CONTEXT('2D SPACE',''
  ) );
#347 = ORIENTED_EDGE('',*,*,#56,.F.);
#348 = ORIENTED_EDGE('',*,*,#326,.F.);
#349 = ADVANCED_FACE('',(#350,#353),#259,.T.);
#350 = FACE_BOUND('',#351,.T.);
#351 = EDGE_LOOP('',(#352));
#352 = ORIENTED_EDGE('',*,*,#228,.T.);
#353 = FACE_BOUND('',#354,.T.);
#354 = EDGE_LOOP('',(#355));
#355 = ORIENTED_EDGE('',*,*,#356,.T.);
#356 = EDGE_CURVE('',#357,#357,#359,.T.);
#357 = VERTEX_POINT('',#358);
#358 = CARTESIAN_POINT('',(14.5669350965,5.63290343147E-08,100.));
#359 = SURFACE_CURVE('',#360,(#411,#465),.PCURVE_S1.);
#360 = ( BOUNDED_CURVE() B_SPLINE_CURVE(13,(#361,#362,#363,#364,#365,
    #366,#367,#368,#369,#370,#371,#372,#373,#374,#375,#376,#377,#378,
    #379,#380,#381,#382,#383,#384,#385,#386,#387,#388,#389,#390,#391,
    #392,#393,#394,#395,#396,#397,#398,#399,#400,#401,#402,#403,#404,
    #405,#406,#407,#408,#409,#410),.UNSPECIFIED.,.T.,.F.) 
B_SPLINE_CURVE_WITH_KNOTS((14,12,12,12,14),(-7.773030873801E-16,
    20.420352262452,40.840704524905,61.261056787357,81.681409049809),
.UNSPECIFIED.) CURVE() GEOMETRIC_REPRESENTATION_ITEM() 
RATIONAL_B_SPLINE_CURVE((1.,1.,1.,0.999999999999,1.000000000002,
    0.999999999996,1.000000000005,0.999999999995,1.000000000004,
    0.999999999998,1.000000000001,1.,1.,1.,1.,1.,0.999999999999,
    1.000000000001,0.999999999998,1.000000000002,0.999999999998,
    1.000000000001,0.999999999999,1.,1.,1.,0.999999999999,1.000000000003
    ,0.999999999994,1.000000000009,0.99999999999,1.00000000001,
    0.999999999992,1.000000000005,0.999999999998,1.000000000001,1.,1.,1.
    ,1.,1.,1.,1.000000000001,0.999999999999,1.000000000001,
0.999999999999,1.000000000001,1.,1.,1.)) REPRESENTATION_ITEM('') );
#361 = CARTESIAN_POINT('',(14.5669350965,5.63290343147E-08,100.));
#362 = CARTESIAN_POINT('',(14.566935089695,-1.759683344519,100.));
#363 = CARTESIAN_POINT('',(14.336735530817,-3.520733902986,100.));
#364 = CARTESIAN_POINT('',(13.874816303379,-5.24820747358,100.));
#365 = CARTESIAN_POINT('',(13.192220156325,-6.907409053654,
    99.999999999998));
#366 = CARTESIAN_POINT('',(12.282164664647,-8.475309259674,100.));
#367 = CARTESIAN_POINT('',(11.201007440194,-9.899748956227,
    99.999999999997));
#368 = CARTESIAN_POINT('',(9.895355448077,-11.19958636153,100.));
#369 = CARTESIAN_POINT('',(8.479341748988,-12.28135814993,
    99.999999999997));
#370 = CARTESIAN_POINT('',(6.905880435053,-13.19295756013,100.));
#371 = CARTESIAN_POINT('',(5.248483630479,-13.87464780211,
    99.999999999999));
#372 = CARTESIAN_POINT('',(3.520565405416,-14.33662876722,100.));
#373 = CARTESIAN_POINT('',(1.760244667836,-14.56694829105,100.));
#374 = CARTESIAN_POINT('',(-1.760463025901,-14.56692189913,100.));
#375 = CARTESIAN_POINT('',(-3.520716655429,-14.33654866786,100.));
#376 = CARTESIAN_POINT('',(-5.24789233777,-13.87477341965,100.));
#377 = CARTESIAN_POINT('',(-6.906825816372,-13.19275581069,100.));
#378 = CARTESIAN_POINT('',(-8.476886260341,-12.28166010688,100.));
#379 = CARTESIAN_POINT('',(-9.898386550846,-11.20077268417,100.));
#380 = CARTESIAN_POINT('',(-11.20018533795,-9.896058347021,
    99.999999999999));
#381 = CARTESIAN_POINT('',(-12.28123227955,-8.478739020954,100.));
#382 = CARTESIAN_POINT('',(-13.19288682223,-6.90625162828,100.));
#383 = CARTESIAN_POINT('',(-13.87466044999,-5.248422959331,100.));
#384 = CARTESIAN_POINT('',(-14.33660635162,-3.520639611686,100.));
#385 = CARTESIAN_POINT('',(-14.56693907453,-1.760310052731,100.));
#386 = CARTESIAN_POINT('',(-14.56693111661,1.760375868507,100.));
#387 = CARTESIAN_POINT('',(-14.33657262456,3.520612815157,100.));
#388 = CARTESIAN_POINT('',(-13.87479039381,5.2478347585,100.));
#389 = CARTESIAN_POINT('',(-13.19287191557,6.90677241626,99.999999999998
    ));
#390 = CARTESIAN_POINT('',(-12.28143441925,8.47697351878,100.));
#391 = CARTESIAN_POINT('',(-11.2012114235,9.898118370632,99.999999999996
    ));
#392 = CARTESIAN_POINT('',(-9.895594757348,11.20057374324,100.));
#393 = CARTESIAN_POINT('',(-8.478987079648,12.280969099084,
    99.999999999997));
#394 = CARTESIAN_POINT('',(-6.906146145953,13.193005024131,100.));
#395 = CARTESIAN_POINT('',(-5.248450417174,13.874627222452,
    99.999999999999));
#396 = CARTESIAN_POINT('',(-3.520637085546,14.336610672008,100.));
#397 = CARTESIAN_POINT('',(-1.760310943731,14.566938967129,100.));
#398 = CARTESIAN_POINT('',(1.760374985298,14.566931223614,100.));
#399 = CARTESIAN_POINT('',(3.520611451128,14.336572155283,100.));
#400 = CARTESIAN_POINT('',(5.247836398063,13.874796977702,100.));
#401 = CARTESIAN_POINT('',(6.90676802511,13.192843510565,99.999999999999
    ));
#402 = CARTESIAN_POINT('',(8.476962607207,12.281519394056,100.));
#403 = CARTESIAN_POINT('',(9.898178523896,11.201043870102,
    99.999999999997));
#404 = CARTESIAN_POINT('',(11.200426979048,9.895817372633,100.));
#405 = CARTESIAN_POINT('',(12.281171556526,8.478834339101,
    99.999999999997));
#406 = CARTESIAN_POINT('',(13.192865952654,6.906094579127,100.));
#407 = CARTESIAN_POINT('',(13.874580680069,5.24865579754,99.999999999999
    ));
#408 = CARTESIAN_POINT('',(14.336773912521,3.520669904328,100.));
#409 = CARTESIAN_POINT('',(14.566935089696,1.759683344383,100.));
#410 = CARTESIAN_POINT('',(14.5669350965,5.63290343147E-08,100.));
#411 = PCURVE('',#259,#412);
#412 = DEFINITIONAL_REPRESENTATION('',(#413),#464);
#413 = B_SPLINE_CURVE_WITH_KNOTS('',13,(#414,#415,#416,#417,#418,#419,
    #420,#421,#422,#423,#424,#425,#426,#427,#428,#429,#430,#431,#432,
    #433,#434,#435,#436,#437,#438,#439,#440,#441,#442,#443,#444,#445,
    #446,#447,#448,#449,#450,#451,#452,#453,#454,#455,#456,#457,#458,
    #459,#460,#461,#462,#463),.UNSPECIFIED.,.F.,.F.,(14,12,12,12,14),(
    -7.773030873801E-16,20.420352262452,40.840704524905,61.261056787357,
    81.681409049809),.UNSPECIFIED.);
#414 = CARTESIAN_POINT('',(14.5669350965,-5.633300048657E-08));
#415 = CARTESIAN_POINT('',(14.566935089694,-1.759683344519));
#416 = CARTESIAN_POINT('',(14.336735530818,-3.520733902987));
#417 = CARTESIAN_POINT('',(13.874816303375,-5.248207473576));
#418 = CARTESIAN_POINT('',(13.192220156335,-6.907409053666));
#419 = CARTESIAN_POINT('',(12.282164664631,-8.475309259648));
#420 = CARTESIAN_POINT('',(11.201007440212,-9.899748956267));
#421 = CARTESIAN_POINT('',(9.895355448063,-11.19958636148));
#422 = CARTESIAN_POINT('',(8.479341748996,-12.28135814997));
#423 = CARTESIAN_POINT('',(6.905880435051,-13.19295756011));
#424 = CARTESIAN_POINT('',(5.248483630478,-13.87464780213));
#425 = CARTESIAN_POINT('',(3.520565405416,-14.33662876721));
#426 = CARTESIAN_POINT('',(1.760244667836,-14.56694829105));
#427 = CARTESIAN_POINT('',(-1.760463025901,-14.56692189913));
#428 = CARTESIAN_POINT('',(-3.520716655425,-14.33654866786));
#429 = CARTESIAN_POINT('',(-5.247892337784,-13.87477341966));
#430 = CARTESIAN_POINT('',(-6.90682581634,-13.19275581068));
#431 = CARTESIAN_POINT('',(-8.476886260393,-12.2816601069));
#432 = CARTESIAN_POINT('',(-9.89838655078,-11.20077268415));
#433 = CARTESIAN_POINT('',(-11.20018533802,-9.896058347037));
#434 = CARTESIAN_POINT('',(-12.2812322795,-8.478739020944));
#435 = CARTESIAN_POINT('',(-13.19288682226,-6.906251628285));
#436 = CARTESIAN_POINT('',(-13.87466044997,-5.248422959329));
#437 = CARTESIAN_POINT('',(-14.33660635162,-3.520639611686));
#438 = CARTESIAN_POINT('',(-14.56693907453,-1.760310052731));
#439 = CARTESIAN_POINT('',(-14.56693111662,1.760375868508));
#440 = CARTESIAN_POINT('',(-14.33657262455,3.520612815152));
#441 = CARTESIAN_POINT('',(-13.87479039384,5.247834758521));
#442 = CARTESIAN_POINT('',(-13.19287191552,6.906772416208));
#443 = CARTESIAN_POINT('',(-12.28143441932,8.476973518874));
#444 = CARTESIAN_POINT('',(-11.20121142343,9.898118370501));
#445 = CARTESIAN_POINT('',(-9.895594757409,11.200573743382));
#446 = CARTESIAN_POINT('',(-8.47898707961,12.280969098963));
#447 = CARTESIAN_POINT('',(-6.906146145969,13.193005024213));
#448 = CARTESIAN_POINT('',(-5.24845041717,13.87462722241));
#449 = CARTESIAN_POINT('',(-3.520637085546,14.336610672023));
#450 = CARTESIAN_POINT('',(-1.760310943731,14.566938967126));
#451 = CARTESIAN_POINT('',(1.760374985298,14.566931223616));
#452 = CARTESIAN_POINT('',(3.52061145113,14.336572155276));
#453 = CARTESIAN_POINT('',(5.247836398056,13.874796977715));
#454 = CARTESIAN_POINT('',(6.906768025126,13.192843510546));
#455 = CARTESIAN_POINT('',(8.47696260718,12.281519394075));
#456 = CARTESIAN_POINT('',(9.898178523932,11.201043870087));
#457 = CARTESIAN_POINT('',(11.200426979009,9.895817372643));
#458 = CARTESIAN_POINT('',(12.281171556557,8.478834339094));
#459 = CARTESIAN_POINT('',(13.192865952634,6.906094579131));
#460 = CARTESIAN_POINT('',(13.874580680078,5.248655797538));
#461 = CARTESIAN_POINT('',(14.336773912518,3.520669904329));
#462 = CARTESIAN_POINT('',(14.566935089696,1.759683344383));
#463 = CARTESIAN_POINT('',(14.5669350965,5.632901892209E-08));
#464 = ( GEOMETRIC_REPRESENTATION_CONTEXT(2) 
PARAMETRIC_REPRESENTATION_CONTEXT() REPRESENTATION_CONTEXT('2D SPACE',''
  ) );
#465 = PCURVE('',#466,#617);
#466 = ( BOUNDED_SURFACE() B_SPLINE_SURFACE(2,13,(
    (#467,#468,#469,#470,#471,#472,#473,#474,#475,#476,#477,#478,#479
      ,#480,#481,#482,#483,#484,#485,#486,#487,#488,#489,#490,#491,#492
      ,#493,#494,#495,#496,#497,#498,#499,#500,#501,#502,#503,#504,#505
      ,#506,#507,#508,#509,#510,#511,#512,#513,#514,#515,#516)
    ,(#517,#518,#519,#520,#521,#522,#523,#524,#525,#526,#527,#528,#529
      ,#530,#531,#532,#533,#534,#535,#536,#537,#538,#539,#540,#541,#542
      ,#543,#544,#545,#546,#547,#548,#549,#550,#551,#552,#553,#554,#555
      ,#556,#557,#558,#559,#560,#561,#562,#563,#564,#565,#566)
    ,(#567,#568,#569,#570,#571,#572,#573,#574,#575,#576,#577,#578,#579
      ,#580,#581,#582,#583,#584,#585,#586,#587,#588,#589,#590,#591,#592
      ,#593,#594,#595,#596,#597,#598,#599,#600,#601,#602,#603,#604,#605
      ,#606,#607,#608,#609,#610,#611,#612,#613,#614,#615,#616
)),.UNSPECIFIED.,.F.,.F.,.F.) B_SPLINE_SURFACE_WITH_KNOTS((3,3),(14,12,
    12,12,14),(0.,81.681409049809),(-7.773030873801E-16,20.420352262452,
    40.840704524905,61.261056787357,81.681409049809),.UNSPECIFIED.) 
GEOMETRIC_REPRESENTATION_ITEM() RATIONAL_B_SPLINE_SURFACE((
    (1.,1.,1.,0.999999999999,1.000000000002,0.999999999996
      ,1.000000000005,0.999999999995,1.000000000004,0.999999999998
      ,1.000000000001,1.,1.,1.,1.,1.,0.999999999999,1.000000000001
      ,0.999999999998,1.000000000002,0.999999999998,1.000000000001
      ,0.999999999999,1.,1.,1.,0.999999999999,1.000000000003
      ,0.999999999994,1.000000000009,0.99999999999,1.00000000001
      ,0.999999999992,1.000000000005,0.999999999998,1.000000000001,1.,1.
      ,1.,1.,1.,1.,1.000000000001,0.999999999999,1.000000000001
      ,0.999999999999,1.000000000001,1.,1.,1.)
    ,(0.750704684307,0.750704684307,0.75070468406,0.750704686507
      ,0.750704677048,0.750704699201,0.750704661327,0.750704709873
      ,0.750704666196,0.750704692174,0.750704682076,0.750704684602
      ,0.750704684355,0.750704684459,0.750704684515,0.750704683853
      ,0.750704681792,0.750704694326,0.750704664519,0.750704708513
      ,0.750704666743,0.750704691568,0.750704682667,0.750704684581
      ,0.750704684275,0.750704684382,0.750704684467,0.750704684518
      ,0.750704681161,0.750704694456,0.750704664734,0.750704708434
      ,0.750704666353,0.750704692366,0.750704681969,0.750704684616
      ,0.750704684356,0.750704684463,0.750704684501,0.750704683823
      ,0.75070468196,0.750704694026,0.750704664747,0.75070470862
      ,0.750704666253,0.750704692187,0.750704682279,0.750704684637
      ,0.750704684307,0.750704684307)
    ,(1.,1.,1.,0.999999999999,1.000000000002,0.999999999996
      ,1.000000000005,0.999999999995,1.000000000004,0.999999999998
      ,1.000000000001,1.,1.,1.,1.,1.,0.999999999999,1.000000000001
      ,0.999999999998,1.000000000002,0.999999999998,1.000000000001
      ,0.999999999999,1.,1.,1.,0.999999999999,1.000000000003
      ,0.999999999994,1.000000000009,0.99999999999,1.00000000001
      ,0.999999999992,1.000000000005,0.999999999998,1.000000000001,1.,1.
      ,1.,1.,1.,1.,1.000000000001,0.999999999999,1.000000000001
,0.999999999999,1.000000000001,1.,1.,1.
))) REPRESENTATION_ITEM('') SURFACE() );
#467 = CARTESIAN_POINT('',(14.5669350965,5.63290343147E-08,100.));
#468 = CARTESIAN_POINT('',(14.566935089695,-1.759683344519,100.));
#469 = CARTESIAN_POINT('',(14.336735530817,-3.520733902986,100.));
#470 = CARTESIAN_POINT('',(13.874816303379,-5.24820747358,100.));
#471 = CARTESIAN_POINT('',(13.192220156325,-6.907409053654,
    99.999999999998));
#472 = CARTESIAN_POINT('',(12.282164664647,-8.475309259674,100.));
#473 = CARTESIAN_POINT('',(11.201007440194,-9.899748956227,
    99.999999999997));
#474 = CARTESIAN_POINT('',(9.895355448077,-11.19958636153,100.));
#475 = CARTESIAN_POINT('',(8.479341748988,-12.28135814993,
    99.999999999997));
#476 = CARTESIAN_POINT('',(6.905880435053,-13.19295756013,100.));
#477 = CARTESIAN_POINT('',(5.248483630479,-13.87464780211,
    99.999999999999));
#478 = CARTESIAN_POINT('',(3.520565405416,-14.33662876722,100.));
#479 = CARTESIAN_POINT('',(1.760244667836,-14.56694829105,100.));
#480 = CARTESIAN_POINT('',(-1.760463025901,-14.56692189913,100.));
#481 = CARTESIAN_POINT('',(-3.520716655429,-14.33654866786,100.));
#482 = CARTESIAN_POINT('',(-5.24789233777,-13.87477341965,100.));
#483 = CARTESIAN_POINT('',(-6.906825816372,-13.19275581069,100.));
#484 = CARTESIAN_POINT('',(-8.476886260341,-12.28166010688,100.));
#485 = CARTESIAN_POINT('',(-9.898386550846,-11.20077268417,100.));
#486 = CARTESIAN_POINT('',(-11.20018533795,-9.896058347021,
    99.999999999999));
#487 = CARTESIAN_POINT('',(-12.28123227955,-8.478739020954,100.));
#488 = CARTESIAN_POINT('',(-13.19288682223,-6.90625162828,100.));
#489 = CARTESIAN_POINT('',(-13.87466044999,-5.248422959331,100.));
#490 = CARTESIAN_POINT('',(-14.33660635162,-3.520639611686,100.));
#491 = CARTESIAN_POINT('',(-14.56693907453,-1.760310052731,100.));
#492 = CARTESIAN_POINT('',(-14.56693111661,1.760375868507,100.));
#493 = CARTESIAN_POINT('',(-14.33657262456,3.520612815157,100.));
#494 = CARTESIAN_POINT('',(-13.87479039381,5.2478347585,100.));
#495 = CARTESIAN_POINT('',(-13.19287191557,6.90677241626,99.999999999998
    ));
#496 = CARTESIAN_POINT('',(-12.28143441925,8.47697351878,100.));
#497 = CARTESIAN_POINT('',(-11.2012114235,9.898118370632,99.999999999996
    ));
#498 = CARTESIAN_POINT('',(-9.895594757348,11.20057374324,100.));
#499 = CARTESIAN_POINT('',(-8.478987079648,12.280969099084,
    99.999999999997));
#500 = CARTESIAN_POINT('',(-6.906146145953,13.193005024131,100.));
#501 = CARTESIAN_POINT('',(-5.248450417174,13.874627222452,
    99.999999999999));
#502 = CARTESIAN_POINT('',(-3.520637085546,14.336610672008,100.));
#503 = CARTESIAN_POINT('',(-1.760310943731,14.566938967129,100.));
#504 = CARTESIAN_POINT('',(1.760374985298,14.566931223614,100.));
#505 = CARTESIAN_POINT('',(3.520611451128,14.336572155283,100.));
#506 = CARTESIAN_POINT('',(5.247836398063,13.874796977702,100.));
#507 = CARTESIAN_POINT('',(6.90676802511,13.192843510565,99.999999999999
    ));
#508 = CARTESIAN_POINT('',(8.476962607207,12.281519394056,100.));
#509 = CARTESIAN_POINT('',(9.898178523896,11.201043870102,
    99.999999999997));
#510 = CARTESIAN_POINT('',(11.200426979048,9.895817372633,100.));
#511 = CARTESIAN_POINT('',(12.281171556526,8.478834339101,
    99.999999999997));
#512 = CARTESIAN_POINT('',(13.192865952654,6.906094579127,100.));
#513 = CARTESIAN_POINT('',(13.874580680069,5.24865579754,99.999999999999
    ));
#514 = CARTESIAN_POINT('',(14.336773912521,3.520669904328,100.));
#515 = CARTESIAN_POINT('',(14.566935089696,1.759683344383,100.));
#516 = CARTESIAN_POINT('',(14.5669350965,5.63290343147E-08,100.));
#517 = CARTESIAN_POINT('',(13.100228890027,-3.602535764494E-09,100.));
#518 = CARTESIAN_POINT('',(13.100228889591,-1.582504922842,100.));
#519 = CARTESIAN_POINT('',(12.893110794356,-3.166290582481,100.));
#520 = CARTESIAN_POINT('',(12.478536203608,-4.719362942614,
    99.999999999998));
#521 = CARTESIAN_POINT('',(11.861102021292,-6.213708819927,100.));
#522 = CARTESIAN_POINT('',(11.052305566316,-7.617080198102,
    99.999999999992));
#523 = CARTESIAN_POINT('',(10.062421207739,-8.911910689632,
    100.00000000001));
#524 = CARTESIAN_POINT('',(8.909742484209,-10.06162072638,
    99.999999999984));
#525 = CARTESIAN_POINT('',(7.619479807218,-11.05184955535,
    100.00000000001));
#526 = CARTESIAN_POINT('',(6.212546983068,-11.86161586681,
    99.999999999991));
#527 = CARTESIAN_POINT('',(4.719567414089,-12.47846551427,100.));
#528 = CARTESIAN_POINT('',(3.166044133724,-12.89301359495,
    99.999999999999));
#529 = CARTESIAN_POINT('',(1.582995498642,-13.10023559894,100.));
#530 = CARTESIAN_POINT('',(-1.583106534043,-13.10022218116,100.));
#531 = CARTESIAN_POINT('',(-3.166169565013,-12.89295442236,100.));
#532 = CARTESIAN_POINT('',(-4.71910043121,-12.47862851997,
    99.999999999998));
#533 = CARTESIAN_POINT('',(-6.214150121624,-11.86122868701,100.));
#534 = CARTESIAN_POINT('',(-7.616974369369,-11.0518398195,
    99.999999999988));
#535 = CARTESIAN_POINT('',(-8.91174903834,-10.06294820196,
    100.00000000001));
#536 = CARTESIAN_POINT('',(-10.06188515043,-8.909302133964,
    99.999999999979));
#537 = CARTESIAN_POINT('',(-11.05161325477,-7.619747390565,
    100.00000000001));
#538 = CARTESIAN_POINT('',(-11.86169208832,-6.212494356773,
    99.999999999991));
#539 = CARTESIAN_POINT('',(-12.47842077588,-4.71963375875,100.));
#540 = CARTESIAN_POINT('',(-12.89300260114,-3.16608916536,
    99.999999999999));
#541 = CARTESIAN_POINT('',(-13.10022700581,-1.583058083298,100.));
#542 = CARTESIAN_POINT('',(-13.10023077419,1.583026897846,100.));
#543 = CARTESIAN_POINT('',(-12.89297538242,3.166086668994,
    99.999999999999));
#544 = CARTESIAN_POINT('',(-12.47864677965,4.719044969796,100.));
#545 = CARTESIAN_POINT('',(-11.86130374713,6.214092105338,
    99.999999999981));
#546 = CARTESIAN_POINT('',(-11.05173960045,7.617051666551,
    100.00000000003));
#547 = CARTESIAN_POINT('',(-10.06313640601,8.911571076765,
    99.999999999945));
#548 = CARTESIAN_POINT('',(-8.909138354228,10.062107053366,
    100.00000000005));
#549 = CARTESIAN_POINT('',(-7.619787597943,11.051493121764,
    99.999999999953));
#550 = CARTESIAN_POINT('',(-6.21247604455,11.861740156155,
    100.00000000002));
#551 = CARTESIAN_POINT('',(-4.719638530695,12.478407944799,
    99.999999999991));
#552 = CARTESIAN_POINT('',(-3.166089524478,12.893004057485,100.));
#553 = CARTESIAN_POINT('',(-1.583058883136,13.100226909339,100.));
#554 = CARTESIAN_POINT('',(1.583026098392,13.100230870974,100.));
#555 = CARTESIAN_POINT('',(3.166086304366,12.892974859719,100.));
#556 = CARTESIAN_POINT('',(4.719040520267,12.478652547818,100.));
#557 = CARTESIAN_POINT('',(6.214108121216,11.86128305991,100.));
#558 = CARTESIAN_POINT('',(7.617001377625,11.051790851875,100.));
#559 = CARTESIAN_POINT('',(8.911674004749,10.063057880531,
    99.999999999996));
#560 = CARTESIAN_POINT('',(10.06195333618,8.909205018147,100.));
#561 = CARTESIAN_POINT('',(11.051639546675,7.619808836015,
    99.999999999992));
#562 = CARTESIAN_POINT('',(11.861691047898,6.212336738402,100.));
#563 = CARTESIAN_POINT('',(12.478311785255,4.719781382588,
    99.999999999998));
#564 = CARTESIAN_POINT('',(12.893148348551,3.166229294469,100.));
#565 = CARTESIAN_POINT('',(13.100228889591,1.58250492275,100.));
#566 = CARTESIAN_POINT('',(13.100228890027,3.603869190918E-09,100.));
#567 = CARTESIAN_POINT('',(12.913788463005,1.937810635554E-12,
    98.545191743467));
#568 = CARTESIAN_POINT('',(12.913788463379,-1.559982879607,
    98.545191743467));
#569 = CARTESIAN_POINT('',(12.709604368309,-3.121235506714,
    98.545191742236));
#570 = CARTESIAN_POINT('',(12.30104799961,-4.652138828558,
    98.545191754471));
#571 = CARTESIAN_POINT('',(11.691896861344,-6.125529129745,
    98.545191707154));
#572 = CARTESIAN_POINT('',(10.895972005943,-7.507986279137,
    98.545191817983));
#573 = CARTESIAN_POINT('',(9.917689734415,-8.786341708532,
    98.545191628489));
#574 = CARTESIAN_POINT('',(8.784456230708,-9.916968068804,
    98.545191871389));
#575 = CARTESIAN_POINT('',(7.510178473403,-10.89556055714,
    98.545191652854));
#576 = CARTESIAN_POINT('',(6.124413823773,-11.69238229946,
    98.545191782823));
#577 = CARTESIAN_POINT('',(4.652334222378,-12.30098973829,
    98.545191732311));
#578 = CARTESIAN_POINT('',(3.120979142561,-12.70950838613,
    98.545191744943));
#579 = CARTESIAN_POINT('',(1.560464462156,-12.91379434728,98.54519174371
    ));
#580 = CARTESIAN_POINT('',(-1.560561855477,-12.91378257825,
    98.545191744226));
#581 = CARTESIAN_POINT('',(-3.121101298285,-12.70945187024,
    98.545191744508));
#582 = CARTESIAN_POINT('',(-4.651882993866,-12.30115751568,
    98.545191741191));
#583 = CARTESIAN_POINT('',(-6.126100712955,-11.6919715087,
    98.545191730892));
#584 = CARTESIAN_POINT('',(-7.507666455815,-10.89551122775,
    98.545191793591));
#585 = CARTESIAN_POINT('',(-8.786332777608,-9.918313537771,
    98.545191644462));
#586 = CARTESIAN_POINT('',(-9.917189906651,-8.783870552265,
    98.54519186458));
#587 = CARTESIAN_POINT('',(-10.89531024399,-7.510556706636,
    98.545191655589));
#588 = CARTESIAN_POINT('',(-11.69247719867,-6.124307305227,
    98.545191779793));
#589 = CARTESIAN_POINT('',(-12.30093770305,-4.652416719026,
    98.545191735266));
#590 = CARTESIAN_POINT('',(-12.70949884421,-3.121020465618,
    98.545191744838));
#591 = CARTESIAN_POINT('',(-12.91378583375,-1.560526690897,
    98.545191743307));
#592 = CARTESIAN_POINT('',(-12.91379109224,1.560483175383,
    98.545191743842));
#593 = CARTESIAN_POINT('',(-12.7094724496,3.121021064786,98.54519174427)
  );
#594 = CARTESIAN_POINT('',(-12.30117593495,4.651827806949,
    98.545191744519));
#595 = CARTESIAN_POINT('',(-11.69204135589,6.126042092964,
    98.545191727735));
#596 = CARTESIAN_POINT('',(-10.89542695987,7.507742509311,
    98.545191794253));
#597 = CARTESIAN_POINT('',(-9.918469880876,8.786166266624,
    98.545191645513));
#598 = CARTESIAN_POINT('',(-8.783744907057,9.917390651345,
    98.545191864213));
#599 = CARTESIAN_POINT('',(-7.510570467182,10.895208297286,
    98.545191653615));
#600 = CARTESIAN_POINT('',(-6.124300090995,11.692516344918,
    98.545191783797));
#601 = CARTESIAN_POINT('',(-4.652418602328,12.300927468835,
    98.545191731775));
#602 = CARTESIAN_POINT('',(-3.12102119115,12.709499936316,
    98.545191745012));
#603 = CARTESIAN_POINT('',(-1.560527479105,12.913785738312,
    98.545191743712));
#604 = CARTESIAN_POINT('',(1.560482386534,12.913791187375,
    98.545191744247));
#605 = CARTESIAN_POINT('',(3.121020826765,12.709471919991,
    98.545191744441));
#606 = CARTESIAN_POINT('',(4.651822579069,12.301181603311,
    98.545191741049));
#607 = CARTESIAN_POINT('',(6.12606071828,11.692021643854,98.545191731714
    ));
#608 = CARTESIAN_POINT('',(7.507687192941,10.89547392726,98.545191792125
    ));
#609 = CARTESIAN_POINT('',(8.786274651898,9.918402676061,98.545191645551
    ));
#610 = CARTESIAN_POINT('',(9.917236037891,8.783791737261,98.545191865177
    ));
#611 = CARTESIAN_POINT('',(10.895347603792,7.510613832929,
    98.545191653089));
#612 = CARTESIAN_POINT('',(11.692478673426,6.124149622401,
    98.545191782922));
#613 = CARTESIAN_POINT('',(12.300825000459,4.652553508739,
    98.545191733311));
#614 = CARTESIAN_POINT('',(12.709641818497,3.121174556473,
    98.545191745122));
#615 = CARTESIAN_POINT('',(12.913788463379,1.55998287952,98.545191743467
    ));
#616 = CARTESIAN_POINT('',(12.913788462716,-2.19935532417E-13,
    98.545191741211));
#617 = DEFINITIONAL_REPRESENTATION('',(#618),#622);
#618 = LINE('',#619,#620);
#619 = CARTESIAN_POINT('',(0.,0.));
#620 = VECTOR('',#621,1.);
#621 = DIRECTION('',(0.,1.));
#622 = ( GEOMETRIC_REPRESENTATION_CONTEXT(2) 
PARAMETRIC_REPRESENTATION_CONTEXT() REPRESENTATION_CONTEXT('2D SPACE',''
  ) );
#623 = ADVANCED_FACE('',(#624),#310,.T.);
#624 = FACE_BOUND('',#625,.T.);
#625 = EDGE_LOOP('',(#626,#655,#677,#678));
#626 = ORIENTED_EDGE('',*,*,#627,.T.);
#627 = EDGE_CURVE('',#628,#628,#630,.T.);
#628 = VERTEX_POINT('',#629);
#629 = CARTESIAN_POINT('',(20.,0.,0.));
#630 = SURFACE_CURVE('',#631,(#636,#643),.PCURVE_S1.);
#631 = CIRCLE('',#632,20.);
#632 = AXIS2_PLACEMENT_3D('',#633,#634,#635);
#633 = CARTESIAN_POINT('',(0.,0.,0.));
#634 = DIRECTION('',(0.,0.,1.));
#635 = DIRECTION('',(1.,0.,-0.));
#636 = PCURVE('',#310,#637);
#637 = DEFINITIONAL_REPRESENTATION('',(#638),#642);
#638 = LINE('',#639,#640);
#639 = CARTESIAN_POINT('',(0.,0.));
#640 = VECTOR('',#641,1.);
#641 = DIRECTION('',(1.,0.));
#642 = ( GEOMETRIC_REPRESENTATION_CONTEXT(2) 
PARAMETRIC_REPRESENTATION_CONTEXT() REPRESENTATION_CONTEXT('2D SPACE',''
  ) );
#643 = PCURVE('',#644,#649);
#644 = PLANE('',#645);
#645 = AXIS2_PLACEMENT_3D('',#646,#647,#648);
#646 = CARTESIAN_POINT('',(0.,0.,0.));
#647 = DIRECTION('',(0.,0.,1.));
#648 = DIRECTION('',(1.,0.,-0.));
#649 = DEFINITIONAL_REPRESENTATION('',(#650),#654);
#650 = CIRCLE('',#651,20.);
#651 = AXIS2_PLACEMENT_2D('',#652,#653);
#652 = CARTESIAN_POINT('',(0.,0.));
#653 = DIRECTION('',(1.,-0.));
#654 = ( GEOMETRIC_REPRESENTATION_CONTEXT(2) 
PARAMETRIC_REPRESENTATION_CONTEXT() REPRESENTATION_CONTEXT('2D SPACE',''
  ) );
#655 = ORIENTED_EDGE('',*,*,#656,.T.);
#656 = EDGE_CURVE('',#628,#294,#657,.T.);
#657 = SEAM_CURVE('',#658,(#663,#670),.PCURVE_S1.);
#658 = B_SPLINE_CURVE_WITH_KNOTS('',3,(#659,#660,#661,#662),
  .UNSPECIFIED.,.F.,.F.,(4,4),(0.,1.),.PIECEWISE_BEZIER_KNOTS.);
#659 = CARTESIAN_POINT('',(20.,0.,0.));
#660 = CARTESIAN_POINT('',(26.731456008918,0.,0.));
#661 = CARTESIAN_POINT('',(30.,0.,18.268543991082));
#662 = CARTESIAN_POINT('',(30.,0.,25.));
#663 = PCURVE('',#310,#664);
#664 = DEFINITIONAL_REPRESENTATION('',(#665),#669);
#665 = LINE('',#666,#667);
#666 = CARTESIAN_POINT('',(0.,0.));
#667 = VECTOR('',#668,1.);
#668 = DIRECTION('',(0.,1.));
#669 = ( GEOMETRIC_REPRESENTATION_CONTEXT(2) 
PARAMETRIC_REPRESENTATION_CONTEXT() REPRESENTATION_CONTEXT('2D SPACE',''
  ) );
#670 = PCURVE('',#310,#671);
#671 = DEFINITIONAL_REPRESENTATION('',(#672),#676);
#672 = LINE('',#673,#674);
#673 = CARTESIAN_POINT('',(6.28318530718,0.));
#674 = VECTOR('',#675,1.);
#675 = DIRECTION('',(0.,1.));
#676 = ( GEOMETRIC_REPRESENTATION_CONTEXT(2) 
PARAMETRIC_REPRESENTATION_CONTEXT() REPRESENTATION_CONTEXT('2D SPACE',''
  ) );
#677 = ORIENTED_EDGE('',*,*,#293,.F.);
#678 = ORIENTED_EDGE('',*,*,#656,.F.);
#679 = ADVANCED_FACE('',(#680),#466,.T.);
#680 = FACE_BOUND('',#681,.T.);
#681 = EDGE_LOOP('',(#682,#703,#1036,#1037));
#682 = ORIENTED_EDGE('',*,*,#683,.T.);
#683 = EDGE_CURVE('',#357,#684,#686,.T.);
#684 = VERTEX_POINT('',#685);
#685 = CARTESIAN_POINT('',(12.913788463005,1.937810635554E-12,
    98.545191743467));
#686 = SEAM_CURVE('',#687,(#691,#697),.PCURVE_S1.);
#687 = ( BOUNDED_CURVE() B_SPLINE_CURVE(2,(#688,#689,#690),
.UNSPECIFIED.,.F.,.F.) B_SPLINE_CURVE_WITH_KNOTS((3,3),(0.,
81.681409049809),.PIECEWISE_BEZIER_KNOTS.) CURVE() 
GEOMETRIC_REPRESENTATION_ITEM() RATIONAL_B_SPLINE_CURVE((1.,
0.750704684307,1.)) REPRESENTATION_ITEM('') );
#688 = CARTESIAN_POINT('',(14.5669350965,5.63290343147E-08,100.));
#689 = CARTESIAN_POINT('',(13.100228890027,-3.602535764494E-09,100.));
#690 = CARTESIAN_POINT('',(12.913788463005,1.937810635554E-12,
    98.545191743467));
#691 = PCURVE('',#466,#692);
#692 = DEFINITIONAL_REPRESENTATION('',(#693),#696);
#693 = B_SPLINE_CURVE_WITH_KNOTS('',1,(#694,#695),.UNSPECIFIED.,.F.,.F.,
  (2,2),(0.,81.681409049809),.PIECEWISE_BEZIER_KNOTS.);
#694 = CARTESIAN_POINT('',(0.,-7.773030873801E-16));
#695 = CARTESIAN_POINT('',(81.681409049809,-7.773030873801E-16));
#696 = ( GEOMETRIC_REPRESENTATION_CONTEXT(2) 
PARAMETRIC_REPRESENTATION_CONTEXT() REPRESENTATION_CONTEXT('2D SPACE',''
  ) );
#697 = PCURVE('',#466,#698);
#698 = DEFINITIONAL_REPRESENTATION('',(#699),#702);
#699 = B_SPLINE_CURVE_WITH_KNOTS('',1,(#700,#701),.UNSPECIFIED.,.F.,.F.,
  (2,2),(0.,81.681409049809),.PIECEWISE_BEZIER_KNOTS.);
#700 = CARTESIAN_POINT('',(0.,81.681409049809));
#701 = CARTESIAN_POINT('',(81.681409049809,81.681409049809));
#702 = ( GEOMETRIC_REPRESENTATION_CONTEXT(2) 
PARAMETRIC_REPRESENTATION_CONTEXT() REPRESENTATION_CONTEXT('2D SPACE',''
  ) );
#703 = ORIENTED_EDGE('',*,*,#704,.T.);
#704 = EDGE_CURVE('',#684,#684,#705,.T.);
#705 = SURFACE_CURVE('',#706,(#757,#764),.PCURVE_S1.);
#706 = ( BOUNDED_CURVE() B_SPLINE_CURVE(13,(#707,#708,#709,#710,#711,
    #712,#713,#714,#715,#716,#717,#718,#719,#720,#721,#722,#723,#724,
    #725,#726,#727,#728,#729,#730,#731,#732,#733,#734,#735,#736,#737,
    #738,#739,#740,#741,#742,#743,#744,#745,#746,#747,#748,#749,#750,
    #751,#752,#753,#754,#755,#756),.UNSPECIFIED.,.T.,.F.) 
B_SPLINE_CURVE_WITH_KNOTS((14,12,12,12,14),(-7.773030873801E-16,
    20.420352262452,40.840704524905,61.261056787357,81.681409049809),
.UNSPECIFIED.) CURVE() GEOMETRIC_REPRESENTATION_ITEM() 
RATIONAL_B_SPLINE_CURVE((1.,1.,1.,0.999999999999,1.000000000002,
    0.999999999996,1.000000000005,0.999999999995,1.000000000004,
    0.999999999998,1.000000000001,1.,1.,1.,1.,1.,0.999999999999,
    1.000000000001,0.999999999998,1.000000000002,0.999999999998,
    1.000000000001,0.999999999999,1.,1.,1.,0.999999999999,1.000000000003
    ,0.999999999994,1.000000000009,0.99999999999,1.00000000001,
    0.999999999992,1.000000000005,0.999999999998,1.000000000001,1.,1.,1.
    ,1.,1.,1.,1.000000000001,0.999999999999,1.000000000001,
0.999999999999,1.000000000001,1.,1.,1.)) REPRESENTATION_ITEM('') );
#707 = CARTESIAN_POINT('',(12.913788463005,1.937810635554E-12,
    98.545191743467));
#708 = CARTESIAN_POINT('',(12.913788463379,-1.559982879607,
    98.545191743467));
#709 = CARTESIAN_POINT('',(12.709604368309,-3.121235506714,
    98.545191742236));
#710 = CARTESIAN_POINT('',(12.30104799961,-4.652138828558,
    98.545191754471));
#711 = CARTESIAN_POINT('',(11.691896861344,-6.125529129745,
    98.545191707154));
#712 = CARTESIAN_POINT('',(10.895972005943,-7.507986279137,
    98.545191817983));
#713 = CARTESIAN_POINT('',(9.917689734415,-8.786341708532,
    98.545191628489));
#714 = CARTESIAN_POINT('',(8.784456230708,-9.916968068804,
    98.545191871389));
#715 = CARTESIAN_POINT('',(7.510178473403,-10.89556055714,
    98.545191652854));
#716 = CARTESIAN_POINT('',(6.124413823773,-11.69238229946,
    98.545191782823));
#717 = CARTESIAN_POINT('',(4.652334222378,-12.30098973829,
    98.545191732311));
#718 = CARTESIAN_POINT('',(3.120979142561,-12.70950838613,
    98.545191744943));
#719 = CARTESIAN_POINT('',(1.560464462156,-12.91379434728,98.54519174371
    ));
#720 = CARTESIAN_POINT('',(-1.560561855477,-12.91378257825,
    98.545191744226));
#721 = CARTESIAN_POINT('',(-3.121101298285,-12.70945187024,
    98.545191744508));
#722 = CARTESIAN_POINT('',(-4.651882993866,-12.30115751568,
    98.545191741191));
#723 = CARTESIAN_POINT('',(-6.126100712955,-11.6919715087,
    98.545191730892));
#724 = CARTESIAN_POINT('',(-7.507666455815,-10.89551122775,
    98.545191793591));
#725 = CARTESIAN_POINT('',(-8.786332777608,-9.918313537771,
    98.545191644462));
#726 = CARTESIAN_POINT('',(-9.917189906651,-8.783870552265,
    98.54519186458));
#727 = CARTESIAN_POINT('',(-10.89531024399,-7.510556706636,
    98.545191655589));
#728 = CARTESIAN_POINT('',(-11.69247719867,-6.124307305227,
    98.545191779793));
#729 = CARTESIAN_POINT('',(-12.30093770305,-4.652416719026,
    98.545191735266));
#730 = CARTESIAN_POINT('',(-12.70949884421,-3.121020465618,
    98.545191744838));
#731 = CARTESIAN_POINT('',(-12.91378583375,-1.560526690897,
    98.545191743307));
#732 = CARTESIAN_POINT('',(-12.91379109224,1.560483175383,
    98.545191743842));
#733 = CARTESIAN_POINT('',(-12.7094724496,3.121021064786,98.54519174427)
  );
#734 = CARTESIAN_POINT('',(-12.30117593495,4.651827806949,
    98.545191744519));
#735 = CARTESIAN_POINT('',(-11.69204135589,6.126042092964,
    98.545191727735));
#736 = CARTESIAN_POINT('',(-10.89542695987,7.507742509311,
    98.545191794253));
#737 = CARTESIAN_POINT('',(-9.918469880876,8.786166266624,
    98.545191645513));
#738 = CARTESIAN_POINT('',(-8.783744907057,9.917390651345,
    98.545191864213));
#739 = CARTESIAN_POINT('',(-7.510570467182,10.895208297286,
    98.545191653615));
#740 = CARTESIAN_POINT('',(-6.124300090995,11.692516344918,
    98.545191783797));
#741 = CARTESIAN_POINT('',(-4.652418602328,12.300927468835,
    98.545191731775));
#742 = CARTESIAN_POINT('',(-3.12102119115,12.709499936316,
    98.545191745012));
#743 = CARTESIAN_POINT('',(-1.560527479105,12.913785738312,
    98.545191743712));
#744 = CARTESIAN_POINT('',(1.560482386534,12.913791187375,
    98.545191744247));
#745 = CARTESIAN_POINT('',(3.121020826765,12.709471919991,
    98.545191744441));
#746 = CARTESIAN_POINT('',(4.651822579069,12.301181603311,
    98.545191741049));
#747 = CARTESIAN_POINT('',(6.12606071828,11.692021643854,98.545191731714
    ));
#748 = CARTESIAN_POINT('',(7.507687192941,10.89547392726,98.545191792125
    ));
#749 = CARTESIAN_POINT('',(8.786274651898,9.918402676061,98.545191645551
    ));
#750 = CARTESIAN_POINT('',(9.917236037891,8.783791737261,98.545191865177
    ));
#751 = CARTESIAN_POINT('',(10.895347603792,7.510613832929,
    98.545191653089));
#752 = CARTESIAN_POINT('',(11.692478673426,6.124149622401,
    98.545191782922));
#753 = CARTESIAN_POINT('',(12.300825000459,4.652553508739,
    98.545191733311));
#754 = CARTESIAN_POINT('',(12.709641818497,3.121174556473,
    98.545191745122));
#755 = CARTESIAN_POINT('',(12.913788463379,1.55998287952,98.545191743467
    ));
#756 = CARTESIAN_POINT('',(12.913788462716,-2.19935532417E-13,
    98.545191741211));
#757 = PCURVE('',#466,#758);
#758 = DEFINITIONAL_REPRESENTATION('',(#759),#763);
#759 = LINE('',#760,#761);
#760 = CARTESIAN_POINT('',(81.681409049809,0.));
#761 = VECTOR('',#762,1.);
#762 = DIRECTION('',(0.,1.));
#763 = ( GEOMETRIC_REPRESENTATION_CONTEXT(2) 
PARAMETRIC_REPRESENTATION_CONTEXT() REPRESENTATION_CONTEXT('2D SPACE',''
  ) );
#764 = PCURVE('',#765,#959);
#765 = OFFSET_SURFACE('',#766,-5.,.F.);
#766 = B_SPLINE_SURFACE_WITH_KNOTS('',12,3,(
    (#767,#768,#769,#770,#771,#772,#773,#774)
    ,(#775,#776,#777,#778,#779,#780,#781,#782)
    ,(#783,#784,#785,#786,#787,#788,#789,#790)
    ,(#791,#792,#793,#794,#795,#796,#797,#798)
    ,(#799,#800,#801,#802,#803,#804,#805,#806)
    ,(#807,#808,#809,#810,#811,#812,#813,#814)
    ,(#815,#816,#817,#818,#819,#820,#821,#822)
    ,(#823,#824,#825,#826,#827,#828,#829,#830)
    ,(#831,#832,#833,#834,#835,#836,#837,#838)
    ,(#839,#840,#841,#842,#843,#844,#845,#846)
    ,(#847,#848,#849,#850,#851,#852,#853,#854)
    ,(#855,#856,#857,#858,#859,#860,#861,#862)
    ,(#863,#864,#865,#866,#867,#868,#869,#870)
    ,(#871,#872,#873,#874,#875,#876,#877,#878)
    ,(#879,#880,#881,#882,#883,#884,#885,#886)
    ,(#887,#888,#889,#890,#891,#892,#893,#894)
    ,(#895,#896,#897,#898,#899,#900,#901,#902)
    ,(#903,#904,#905,#906,#907,#908,#909,#910)
    ,(#911,#912,#913,#914,#915,#916,#917,#918)
    ,(#919,#920,#921,#922,#923,#924,#925,#926)
    ,(#927,#928,#929,#930,#931,#932,#933,#934)
    ,(#935,#936,#937,#938,#939,#940,#941,#942)
    ,(#943,#944,#945,#946,#947,#948,#949,#950)
    ,(#951,#952,#953,#954,#955,#956,#957,#958
  )),.UNSPECIFIED.,.T.,.F.,.F.,(13,11,13),(4,2,2,4),(0.,3.14159265359,
    6.28318530718),(-0.111545071623,0.,1.,1.334635214869),
  .UNSPECIFIED.);
#767 = CARTESIAN_POINT('',(15.,6.217248937901E-15,68.680575439367));
#768 = CARTESIAN_POINT('',(15.,6.217248937901E-15,70.787050292926));
#769 = CARTESIAN_POINT('',(15.,6.217248937901E-15,72.893525146471));
#770 = CARTESIAN_POINT('',(15.,6.217248937901E-15,93.884517468021));
#771 = CARTESIAN_POINT('',(18.,7.993605777301E-15,93.705160843993));
#772 = CARTESIAN_POINT('',(18.,7.993605777301E-15,102.10647485353));
#773 = CARTESIAN_POINT('',(18.,7.993605777301E-15,104.21294970708));
#774 = CARTESIAN_POINT('',(18.,7.993605777301E-15,106.31942456063));
#775 = CARTESIAN_POINT('',(15.000000000001,3.926990816989,
    68.680575439372));
#776 = CARTESIAN_POINT('',(15.000000000001,3.926990816989,
    70.787050292931));
#777 = CARTESIAN_POINT('',(15.000000000001,3.926990816989,
    72.893525146476));
#778 = CARTESIAN_POINT('',(15.,3.926990816987,93.88451746803));
#779 = CARTESIAN_POINT('',(18.000000000001,4.712388980386,
    93.705160844001));
#780 = CARTESIAN_POINT('',(18.000000000001,4.712388980387,
    102.10647485354));
#781 = CARTESIAN_POINT('',(18.,4.712388980387,104.21294970708));
#782 = CARTESIAN_POINT('',(18.,4.712388980387,106.31942456064));
#783 = CARTESIAN_POINT('',(13.878454022282,7.853981354882,
    68.680575439345));
#784 = CARTESIAN_POINT('',(13.878454022282,7.853981354883,
    70.787050292906));
#785 = CARTESIAN_POINT('',(13.878454022282,7.853981354884,
    72.893525146451));
#786 = CARTESIAN_POINT('',(13.878454022284,7.853981354892,
    93.884517467984));
#787 = CARTESIAN_POINT('',(16.654144826739,9.424777962841,
    93.705160843961));
#788 = CARTESIAN_POINT('',(16.654144826741,9.424777962838,
    102.10647485351));
#789 = CARTESIAN_POINT('',(16.654144826741,9.424777962837,
    104.21294970705));
#790 = CARTESIAN_POINT('',(16.654144826741,9.424777962836,106.3194245606
    ));
#791 = CARTESIAN_POINT('',(11.635362304279,11.428629999744,
    68.680575439415));
#792 = CARTESIAN_POINT('',(11.635362304278,11.428629999742,
    70.78705029297));
#793 = CARTESIAN_POINT('',(11.635362304278,11.428629999739,
    72.893525146514));
#794 = CARTESIAN_POINT('',(11.635362304272,11.428629999718,
    93.884517468109));
#795 = CARTESIAN_POINT('',(13.962434765133,13.714354058684,
    93.705160844069));
#796 = CARTESIAN_POINT('',(13.962434765129,13.714354058692,
    102.10647485359));
#797 = CARTESIAN_POINT('',(13.962434765128,13.714354058694,
    104.21294970714));
#798 = CARTESIAN_POINT('',(13.962434765126,13.714354058696,
    106.31942456069));
#799 = CARTESIAN_POINT('',(8.393714902744,14.298582518569,
    68.680575439292));
#800 = CARTESIAN_POINT('',(8.393714902745,14.298582518573,
    70.787050292859));
#801 = CARTESIAN_POINT('',(8.393714902746,14.298582518577,
    72.893525146404));
#802 = CARTESIAN_POINT('',(8.393714902755,14.29858251862,93.884517467874
    ));
#803 = CARTESIAN_POINT('',(10.072457883294,17.15830455774,
    93.705160843865));
#804 = CARTESIAN_POINT('',(10.072457883303,17.158304557728,
    102.10647485343));
#805 = CARTESIAN_POINT('',(10.072457883305,17.158304557724,
    104.21294970697));
#806 = CARTESIAN_POINT('',(10.072457883307,17.158304557721,
    106.31942456052));
#807 = CARTESIAN_POINT('',(4.399498534977,16.159820082889,
    68.680575439452));
#808 = CARTESIAN_POINT('',(4.399498534975,16.159820082883,
    70.787050293001));
#809 = CARTESIAN_POINT('',(4.399498534974,16.159820082876,
    72.893525146545));
#810 = CARTESIAN_POINT('',(4.399498534961,16.159820082814,
    93.884517468209));
#811 = CARTESIAN_POINT('',(5.279398241971,19.391774214728,
    93.705160844156));
#812 = CARTESIAN_POINT('',(5.279398241957,19.391774214742,
    102.10647485367));
#813 = CARTESIAN_POINT('',(5.279398241953,19.391774214746,
    104.21294970721));
#814 = CARTESIAN_POINT('',(5.279398241949,19.39177421475,106.31942456077
    ));
#815 = CARTESIAN_POINT('',(-1.985410647216E-11,16.804846058864,
    68.680575439291));
#816 = CARTESIAN_POINT('',(-1.840290090829E-11,16.804846058871,
    70.787050292863));
#817 = CARTESIAN_POINT('',(-1.695169534444E-11,16.804846058878,
    72.893525146408));
#818 = CARTESIAN_POINT('',(-2.490452288839E-12,16.80484605895,
    93.884517467832));
#819 = CARTESIAN_POINT('',(-2.300026835655E-11,20.165827185274,
    93.705160843827));
#820 = CARTESIAN_POINT('',(-4.745197737867E-12,20.165827185262,
    102.10647485339));
#821 = CARTESIAN_POINT('',(-1.680747825609E-13,20.165827185259,
    104.21294970694));
#822 = CARTESIAN_POINT('',(4.409048172745E-12,20.165827185256,
    106.31942456048));
#823 = CARTESIAN_POINT('',(-4.399498534941,16.159820082888,
    68.680575439419));
#824 = CARTESIAN_POINT('',(-4.399498534942,16.159820082882,
    70.787050292967));
#825 = CARTESIAN_POINT('',(-4.399498534943,16.159820082876,
    72.893525146512));
#826 = CARTESIAN_POINT('',(-4.399498534957,16.159820082812,
    93.884517468174));
#827 = CARTESIAN_POINT('',(-5.279398241929,19.391774214729,
    93.705160844129));
#828 = CARTESIAN_POINT('',(-5.279398241948,19.391774214736,
    102.10647485365));
#829 = CARTESIAN_POINT('',(-5.279398241952,19.391774214737,
    104.21294970719));
#830 = CARTESIAN_POINT('',(-5.279398241957,19.391774214739,
    106.31942456075));
#831 = CARTESIAN_POINT('',(-8.39371490277,14.29858251857,68.680575439338
    ));
#832 = CARTESIAN_POINT('',(-8.393714902769,14.298582518574,
    70.787050292906));
#833 = CARTESIAN_POINT('',(-8.393714902768,14.298582518579,
    72.89352514645));
#834 = CARTESIAN_POINT('',(-8.393714902758,14.298582518622,
    93.884517467924));
#835 = CARTESIAN_POINT('',(-10.07245788332,17.15830455774,
    93.705160843905));
#836 = CARTESIAN_POINT('',(-10.07245788331,17.158304557737,
    102.10647485346));
#837 = CARTESIAN_POINT('',(-10.0724578833,17.158304557736,
    104.21294970701));
#838 = CARTESIAN_POINT('',(-10.0724578833,17.158304557735,
    106.31942456055));
#839 = CARTESIAN_POINT('',(-11.63536230426,11.428629999743,
    68.680575439377));
#840 = CARTESIAN_POINT('',(-11.63536230426,11.428629999741,
    70.787050292933));
#841 = CARTESIAN_POINT('',(-11.63536230426,11.428629999738,
    72.893525146477));
#842 = CARTESIAN_POINT('',(-11.63536230427,11.428629999717,
    93.884517468067));
#843 = CARTESIAN_POINT('',(-13.96243476511,13.714354058684,
    93.705160844034));
#844 = CARTESIAN_POINT('',(-13.96243476512,13.714354058686,
    102.10647485356));
#845 = CARTESIAN_POINT('',(-13.96243476512,13.714354058686,
    104.21294970711));
#846 = CARTESIAN_POINT('',(-13.96243476512,13.714354058686,
    106.31942456066));
#847 = CARTESIAN_POINT('',(-13.87845402228,7.853981354883,
    68.680575439366));
#848 = CARTESIAN_POINT('',(-13.87845402228,7.853981354883,
    70.787050292927));
#849 = CARTESIAN_POINT('',(-13.87845402228,7.853981354884,
    72.893525146471));
#850 = CARTESIAN_POINT('',(-13.87845402228,7.853981354891,
    93.884517468009));
#851 = CARTESIAN_POINT('',(-16.65414482674,9.424777962842,
    93.705160843982));
#852 = CARTESIAN_POINT('',(-16.65414482674,9.424777962841,
    102.10647485353));
#853 = CARTESIAN_POINT('',(-16.65414482674,9.42477796284,104.21294970707
    ));
#854 = CARTESIAN_POINT('',(-16.65414482674,9.42477796284,106.31942456062
    ));
#855 = CARTESIAN_POINT('',(-14.99999999999,3.926990816989,
    68.680575439364));
#856 = CARTESIAN_POINT('',(-14.99999999999,3.926990816989,
    70.787050292923));
#857 = CARTESIAN_POINT('',(-14.99999999999,3.926990816989,
    72.893525146468));
#858 = CARTESIAN_POINT('',(-15.,3.926990816988,93.88451746802));
#859 = CARTESIAN_POINT('',(-17.99999999999,4.712388980386,
    93.705160843992));
#860 = CARTESIAN_POINT('',(-18.,4.712388980387,102.10647485353));
#861 = CARTESIAN_POINT('',(-18.,4.712388980387,104.21294970708));
#862 = CARTESIAN_POINT('',(-18.,4.712388980387,106.31942456063));
#863 = CARTESIAN_POINT('',(-15.,-3.926990816989,68.680575439373));
#864 = CARTESIAN_POINT('',(-15.,-3.926990816989,70.787050292933));
#865 = CARTESIAN_POINT('',(-15.,-3.926990816989,72.893525146477));
#866 = CARTESIAN_POINT('',(-15.,-3.926990816989,93.88451746803));
#867 = CARTESIAN_POINT('',(-18.,-4.712388980386,93.705160844));
#868 = CARTESIAN_POINT('',(-18.,-4.712388980387,102.10647485354));
#869 = CARTESIAN_POINT('',(-18.,-4.712388980388,104.21294970709));
#870 = CARTESIAN_POINT('',(-18.,-4.712388980388,106.31942456064));
#871 = CARTESIAN_POINT('',(-13.87845402228,-7.853981354884,
    68.680575439327));
#872 = CARTESIAN_POINT('',(-13.87845402228,-7.853981354883,
    70.787050292888));
#873 = CARTESIAN_POINT('',(-13.87845402228,-7.853981354883,
    72.893525146433));
#874 = CARTESIAN_POINT('',(-13.87845402228,-7.853981354876,
    93.884517467964));
#875 = CARTESIAN_POINT('',(-16.65414482673,-9.424777962838,
    93.705160843948));
#876 = CARTESIAN_POINT('',(-16.65414482673,-9.424777962832,
    102.10647485348));
#877 = CARTESIAN_POINT('',(-16.65414482673,-9.42477796283,
    104.21294970703));
#878 = CARTESIAN_POINT('',(-16.65414482673,-9.424777962829,
    106.31942456058));
#879 = CARTESIAN_POINT('',(-11.63536230427,-11.42862999973,
    68.680575439476));
#880 = CARTESIAN_POINT('',(-11.63536230427,-11.42862999974,
    70.78705029303));
#881 = CARTESIAN_POINT('',(-11.63536230427,-11.42862999974,
    72.893525146575));
#882 = CARTESIAN_POINT('',(-11.63536230427,-11.42862999976,
    93.88451746818));
#883 = CARTESIAN_POINT('',(-13.96243476513,-13.71435405869,
    93.705160844119));
#884 = CARTESIAN_POINT('',(-13.96243476513,-13.71435405871,
    102.10647485367));
#885 = CARTESIAN_POINT('',(-13.96243476513,-13.71435405871,
    104.21294970721));
#886 = CARTESIAN_POINT('',(-13.96243476513,-13.71435405872,
    106.31942456076));
#887 = CARTESIAN_POINT('',(-8.393714902746,-14.29858251857,
    68.680575439162));
#888 = CARTESIAN_POINT('',(-8.393714902746,-14.29858251857,
    70.787050292732));
#889 = CARTESIAN_POINT('',(-8.393714902746,-14.29858251857,
    72.893525146276));
#890 = CARTESIAN_POINT('',(-8.393714902749,-14.29858251853,
    93.884517467722));
#891 = CARTESIAN_POINT('',(-10.07245788329,-17.15830455772,
    93.705160843755));
#892 = CARTESIAN_POINT('',(-10.07245788329,-17.15830455768,
    102.10647485329));
#893 = CARTESIAN_POINT('',(-10.07245788329,-17.15830455767,
    104.21294970683));
#894 = CARTESIAN_POINT('',(-10.07245788329,-17.15830455767,
    106.31942456039));
#895 = CARTESIAN_POINT('',(-4.399498534974,-16.15982008287,
    68.680575439652));
#896 = CARTESIAN_POINT('',(-4.399498534974,-16.15982008287,
    70.787050293197));
#897 = CARTESIAN_POINT('',(-4.399498534974,-16.15982008288,
    72.893525146741));
#898 = CARTESIAN_POINT('',(-4.399498534971,-16.15982008294,
    93.884517468442));
#899 = CARTESIAN_POINT('',(-5.279398241975,-19.39177421474,
    93.705160844326));
#900 = CARTESIAN_POINT('',(-5.279398241975,-19.3917742148,
    102.10647485387));
#901 = CARTESIAN_POINT('',(-5.279398241975,-19.39177421481,
    104.21294970741));
#902 = CARTESIAN_POINT('',(-5.279398241975,-19.39177421483,
    106.31942456096));
#903 = CARTESIAN_POINT('',(1.675582083096E-11,-16.80484605888,
    68.68057543906));
#904 = CARTESIAN_POINT('',(1.655180648065E-11,-16.80484605887,
    70.787050292636));
#905 = CARTESIAN_POINT('',(1.634779213034E-11,-16.80484605887,
    72.89352514618));
#906 = CARTESIAN_POINT('',(1.431479199573E-11,-16.80484605879,
    93.884517467565));
#907 = CARTESIAN_POINT('',(2.861031306844E-11,-20.16582718525,
    93.705160843633));
#908 = CARTESIAN_POINT('',(2.755580731683E-11,-20.16582718519,
    102.10647485319));
#909 = CARTESIAN_POINT('',(2.729140940881E-11,-20.16582718517,
    104.21294970673));
#910 = CARTESIAN_POINT('',(2.70270115008E-11,-20.16582718515,
    106.31942456028));
#911 = CARTESIAN_POINT('',(4.399498534944,-16.15982008286,
    68.680575439625));
#912 = CARTESIAN_POINT('',(4.399498534944,-16.15982008287,70.78705029317
    ));
#913 = CARTESIAN_POINT('',(4.399498534945,-16.15982008288,
    72.893525146715));
#914 = CARTESIAN_POINT('',(4.399498534946,-16.15982008294,
    93.884517468411));
#915 = CARTESIAN_POINT('',(5.279398241925,-19.39177421473,
    93.705160844298));
#916 = CARTESIAN_POINT('',(5.279398241926,-19.39177421479,
    102.10647485382));
#917 = CARTESIAN_POINT('',(5.279398241926,-19.39177421481,
    104.21294970736));
#918 = CARTESIAN_POINT('',(5.279398241926,-19.39177421483,
    106.31942456092));
#919 = CARTESIAN_POINT('',(8.393714902767,-14.29858251858,
    68.680575439195));
#920 = CARTESIAN_POINT('',(8.393714902767,-14.29858251858,
    70.787050292765));
#921 = CARTESIAN_POINT('',(8.393714902767,-14.29858251857,72.89352514631
    ));
#922 = CARTESIAN_POINT('',(8.393714902766,-14.29858251853,
    93.884517467759));
#923 = CARTESIAN_POINT('',(10.072457883327,-17.15830455773,
    93.705160843789));
#924 = CARTESIAN_POINT('',(10.072457883326,-17.15830455769,
    102.10647485335));
#925 = CARTESIAN_POINT('',(10.072457883326,-17.15830455768,
    104.2129497069));
#926 = CARTESIAN_POINT('',(10.072457883326,-17.15830455767,
    106.31942456044));
#927 = CARTESIAN_POINT('',(11.635362304266,-11.42862999973,
    68.680575439453));
#928 = CARTESIAN_POINT('',(11.635362304266,-11.42862999973,
    70.787050293008));
#929 = CARTESIAN_POINT('',(11.635362304266,-11.42862999973,
    72.893525146552));
#930 = CARTESIAN_POINT('',(11.635362304266,-11.42862999976,
    93.884517468157));
#931 = CARTESIAN_POINT('',(13.962434765115,-13.71435405868,
    93.705160844099));
#932 = CARTESIAN_POINT('',(13.962434765115,-13.7143540587,
    102.10647485362));
#933 = CARTESIAN_POINT('',(13.962434765115,-13.71435405871,
    104.21294970717));
#934 = CARTESIAN_POINT('',(13.962434765115,-13.71435405872,
    106.31942456072));
#935 = CARTESIAN_POINT('',(13.878454022287,-7.853981354886,
    68.680575439335));
#936 = CARTESIAN_POINT('',(13.878454022287,-7.853981354885,
    70.787050292896));
#937 = CARTESIAN_POINT('',(13.878454022287,-7.853981354884,
    72.893525146441));
#938 = CARTESIAN_POINT('',(13.878454022287,-7.853981354875,
    93.88451746797));
#939 = CARTESIAN_POINT('',(16.654144826746,-9.424777962842,
    93.705160843953));
#940 = CARTESIAN_POINT('',(16.654144826746,-9.424777962833,
    102.1064748535));
#941 = CARTESIAN_POINT('',(16.654144826746,-9.42477796283,
    104.21294970705));
#942 = CARTESIAN_POINT('',(16.654144826746,-9.424777962828,
    106.3194245606));
#943 = CARTESIAN_POINT('',(15.,-3.926990816988,68.680575439374));
#944 = CARTESIAN_POINT('',(15.,-3.926990816988,70.787050292933));
#945 = CARTESIAN_POINT('',(15.,-3.926990816988,72.893525146477));
#946 = CARTESIAN_POINT('',(15.,-3.926990816991,93.884517468033));
#947 = CARTESIAN_POINT('',(17.999999999999,-4.712388980386,
    93.705160844002));
#948 = CARTESIAN_POINT('',(17.999999999999,-4.712388980388,
    102.10647485354));
#949 = CARTESIAN_POINT('',(17.999999999999,-4.712388980388,
    104.21294970708));
#950 = CARTESIAN_POINT('',(17.999999999999,-4.712388980389,
    106.31942456064));
#951 = CARTESIAN_POINT('',(15.,-8.58803732994E-15,68.680575439367));
#952 = CARTESIAN_POINT('',(15.,-8.389893479059E-15,70.787050292926));
#953 = CARTESIAN_POINT('',(15.,-8.191749628179E-15,72.893525146471));
#954 = CARTESIAN_POINT('',(15.,-6.217248937901E-15,93.884517468021));
#955 = CARTESIAN_POINT('',(18.,-7.993605777301E-15,93.705160843993));
#956 = CARTESIAN_POINT('',(18.,-5.622817385264E-15,102.10647485353));
#957 = CARTESIAN_POINT('',(18.,-5.028385832625E-15,104.21294970708));
#958 = CARTESIAN_POINT('',(18.,-4.433954279984E-15,106.31942456063));
#959 = DEFINITIONAL_REPRESENTATION('',(#960),#1035);
#960 = B_SPLINE_CURVE_WITH_KNOTS('',10,(#961,#962,#963,#964,#965,#966,
    #967,#968,#969,#970,#971,#972,#973,#974,#975,#976,#977,#978,#979,
    #980,#981,#982,#983,#984,#985,#986,#987,#988,#989,#990,#991,#992,
    #993,#994,#995,#996,#997,#998,#999,#1000,#1001,#1002,#1003,#1004,
    #1005,#1006,#1007,#1008,#1009,#1010,#1011,#1012,#1013,#1014,#1015,
    #1016,#1017,#1018,#1019,#1020,#1021,#1022,#1023,#1024,#1025,#1026,
    #1027,#1028,#1029,#1030,#1031,#1032,#1033,#1034),.UNSPECIFIED.,.F.,
  .F.,(11,9,9,9,9,9,9,9,11),(-7.773030873801E-16,10.210176131226,
    20.420352262452,30.630528393678,40.840704524905,51.050880656131,
    61.261056787357,71.471232918583,81.681409049809),.UNSPECIFIED.);
#961 = CARTESIAN_POINT('',(6.28318530742,0.876088312935));
#962 = CARTESIAN_POINT('',(6.204665446059,0.876088312935));
#963 = CARTESIAN_POINT('',(6.126102724396,0.876088312898));
#964 = CARTESIAN_POINT('',(6.04755529523,0.876088313009));
#965 = CARTESIAN_POINT('',(5.969003848201,0.876088312672));
#966 = CARTESIAN_POINT('',(5.89049255958,0.87608831323));
#967 = CARTESIAN_POINT('',(5.811959203408,0.87608831292));
#968 = CARTESIAN_POINT('',(5.733425649698,0.876088312968));
#969 = CARTESIAN_POINT('',(5.654881726923,0.8760883129));
#970 = CARTESIAN_POINT('',(5.576335430089,0.876088312899));
#971 = CARTESIAN_POINT('',(5.419242538183,0.876088312918));
#972 = CARTESIAN_POINT('',(5.340696013836,0.876088312925));
#973 = CARTESIAN_POINT('',(5.262152880624,0.876088313041));
#974 = CARTESIAN_POINT('',(5.183615213073,0.876088312856));
#975 = CARTESIAN_POINT('',(5.105083678284,0.876088313053));
#976 = CARTESIAN_POINT('',(5.026557017746,0.876088313162));
#977 = CARTESIAN_POINT('',(4.948025130579,0.876088312841));
#978 = CARTESIAN_POINT('',(4.869478400982,0.876088312929));
#979 = CARTESIAN_POINT('',(4.790931767951,0.876088312875));
#980 = CARTESIAN_POINT('',(4.63383865101,0.876088312908));
#981 = CARTESIAN_POINT('',(4.555290995508,0.876088312968));
#982 = CARTESIAN_POINT('',(4.476756985488,0.876088312918));
#983 = CARTESIAN_POINT('',(4.398202872651,0.876088312848));
#984 = CARTESIAN_POINT('',(4.31969256306,0.876088313229));
#985 = CARTESIAN_POINT('',(4.24115903345,0.876088312967));
#986 = CARTESIAN_POINT('',(4.162626597045,0.876088312966));
#987 = CARTESIAN_POINT('',(4.084083497886,0.876088312902));
#988 = CARTESIAN_POINT('',(4.00553805635,0.876088312898));
#989 = CARTESIAN_POINT('',(3.848446818491,0.876088312916));
#990 = CARTESIAN_POINT('',(3.76990114454,0.876088312923));
#991 = CARTESIAN_POINT('',(3.691358559971,0.876088313041));
#992 = CARTESIAN_POINT('',(3.612822237678,0.876088312835));
#993 = CARTESIAN_POINT('',(3.534290796799,0.876088313046));
#994 = CARTESIAN_POINT('',(3.455764135044,0.87608831311));
#995 = CARTESIAN_POINT('',(3.377233184724,0.876088312736));
#996 = CARTESIAN_POINT('',(3.298686369261,0.876088312967));
#997 = CARTESIAN_POINT('',(3.220140482588,0.876088312928));
#998 = CARTESIAN_POINT('',(3.063048194285,0.876088312963));
#999 = CARTESIAN_POINT('',(2.984500782765,0.876088313001));
#1000 = CARTESIAN_POINT('',(2.905966302658,0.876088312819));
#1001 = CARTESIAN_POINT('',(2.827411972798,0.876088312799));
#1002 = CARTESIAN_POINT('',(2.748900039498,0.876088313211));
#1003 = CARTESIAN_POINT('',(2.670366110594,0.876088312958));
#1004 = CARTESIAN_POINT('',(2.591832685529,0.876088312962));
#1005 = CARTESIAN_POINT('',(2.513288735621,0.8760883129));
#1006 = CARTESIAN_POINT('',(2.43474251016,0.876088312898));
#1007 = CARTESIAN_POINT('',(2.277650095375,0.876088312918));
#1008 = CARTESIAN_POINT('',(2.19910403873,0.876088312926));
#1009 = CARTESIAN_POINT('',(2.120561276185,0.876088313042));
#1010 = CARTESIAN_POINT('',(2.042025326801,0.876088312847));
#1011 = CARTESIAN_POINT('',(1.963494305376,0.876088313059));
#1012 = CARTESIAN_POINT('',(1.884967829706,0.876088313171));
#1013 = CARTESIAN_POINT('',(1.806436930588,0.876088312827));
#1014 = CARTESIAN_POINT('',(1.727890086099,0.876088312933));
#1015 = CARTESIAN_POINT('',(1.649344213757,0.876088312875));
#1016 = CARTESIAN_POINT('',(1.492251931648,0.87608831291));
#1017 = CARTESIAN_POINT('',(1.413704496855,0.876088312966));
#1018 = CARTESIAN_POINT('',(1.335170115932,0.876088312912));
#1019 = CARTESIAN_POINT('',(1.256615543874,0.876088312857));
#1020 = CARTESIAN_POINT('',(1.178103948553,0.876088313226));
#1021 = CARTESIAN_POINT('',(1.099569764197,0.876088312967));
#1022 = CARTESIAN_POINT('',(1.021036415281,0.876088312965));
#1023 = CARTESIAN_POINT('',(0.942492472356,0.876088312902));
#1024 = CARTESIAN_POINT('',(0.863946246564,0.876088312898));
#1025 = CARTESIAN_POINT('',(0.706853829122,0.876088312917));
#1026 = CARTESIAN_POINT('',(0.628307774506,0.876088312923));
#1027 = CARTESIAN_POINT('',(0.549764989195,0.876088313046));
#1028 = CARTESIAN_POINT('',(0.471229126962,0.876088312828));
#1029 = CARTESIAN_POINT('',(0.392697944617,0.876088313055));
#1030 = CARTESIAN_POINT('',(0.314171042747,0.876088313106));
#1031 = CARTESIAN_POINT('',(0.235637389564,0.876088312699));
#1032 = CARTESIAN_POINT('',(0.157080419274,0.876088312983));
#1033 = CARTESIAN_POINT('',(7.851986111552E-02,0.876088312935));
#1034 = CARTESIAN_POINT('',(-2.399039855661E-10,0.876088312935));
#1035 = ( GEOMETRIC_REPRESENTATION_CONTEXT(2) 
PARAMETRIC_REPRESENTATION_CONTEXT() REPRESENTATION_CONTEXT('2D SPACE',''
  ) );
#1036 = ORIENTED_EDGE('',*,*,#683,.F.);
#1037 = ORIENTED_EDGE('',*,*,#356,.F.);
#1038 = ADVANCED_FACE('',(#1039),#644,.F.);
#1039 = FACE_BOUND('',#1040,.T.);
#1040 = EDGE_LOOP('',(#1041));
#1041 = ORIENTED_EDGE('',*,*,#627,.F.);
#1042 = ADVANCED_FACE('',(#1043),#765,.F.);
#1043 = FACE_BOUND('',#1044,.F.);
#1044 = EDGE_LOOP('',(#1045,#1193,#1194,#1195));
#1045 = ORIENTED_EDGE('',*,*,#1046,.T.);
#1046 = EDGE_CURVE('',#1047,#684,#1049,.T.);
#1047 = VERTEX_POINT('',#1048);
#1048 = CARTESIAN_POINT('',(10.,0.,75.));
#1049 = SEAM_CURVE('',#1050,(#1179,#1186),.PCURVE_S1.);
#1050 = B_SPLINE_CURVE_WITH_KNOTS('',10,(#1051,#1052,#1053,#1054,#1055,
    #1056,#1057,#1058,#1059,#1060,#1061,#1062,#1063,#1064,#1065,#1066,
    #1067,#1068,#1069,#1070,#1071,#1072,#1073,#1074,#1075,#1076,#1077,
    #1078,#1079,#1080,#1081,#1082,#1083,#1084,#1085,#1086,#1087,#1088,
    #1089,#1090,#1091,#1092,#1093,#1094,#1095,#1096,#1097,#1098,#1099,
    #1100,#1101,#1102,#1103,#1104,#1105,#1106,#1107,#1108,#1109,#1110,
    #1111,#1112,#1113,#1114,#1115,#1116,#1117,#1118,#1119,#1120,#1121,
    #1122,#1123,#1124,#1125,#1126,#1127,#1128,#1129,#1130,#1131,#1132,
    #1133,#1134,#1135,#1136,#1137,#1138,#1139,#1140,#1141,#1142,#1143,
    #1144,#1145,#1146,#1147,#1148,#1149,#1150,#1151,#1152,#1153,#1154,
    #1155,#1156,#1157,#1158,#1159,#1160,#1161,#1162,#1163,#1164,#1165,
    #1166,#1167,#1168,#1169,#1170,#1171,#1172,#1173,#1174,#1175,#1176,
    #1177,#1178),.UNSPECIFIED.,.F.,.F.,(11,9,9,9,9,9,9,9,9,9,9,9,9,9,11)
  ,(0.,3.41086357198E-06,2.54778235099E-05,1.437763259537E-03,
    2.403433023597E-02,6.922746418884E-02,0.25,0.611545071623,
    0.973090143246,0.995686710223,0.998511281095,0.999923566531,
    0.999967700451,0.999989767411,1.),.UNSPECIFIED.);
#1051 = CARTESIAN_POINT('',(10.000000000002,3.833020444627E-13,
    75.000000603631));
#1052 = CARTESIAN_POINT('',(10.000000000005,3.830125752671E-13,
    75.000020200509));
#1053 = CARTESIAN_POINT('',(10.000000000009,3.825813647524E-13,
    75.000039853468));
#1054 = CARTESIAN_POINT('',(10.000000000015,3.820058644972E-13,
    75.000059565007));
#1055 = CARTESIAN_POINT('',(10.000000000021,3.81295163338E-13,
    75.00007933533));
#1056 = CARTESIAN_POINT('',(10.00000000003,3.804744290822E-13,
    75.000099161471));
#1057 = CARTESIAN_POINT('',(10.00000000004,3.795902465838E-13,
    75.000119036249));
#1058 = CARTESIAN_POINT('',(10.000000000053,3.78716944661E-13,
    75.00013894703));
#1059 = CARTESIAN_POINT('',(10.000000000068,3.779640043371E-13,
    75.000158874284));
#1060 = CARTESIAN_POINT('',(10.000000000086,3.77484640886E-13,
    75.000178789925));
#1061 = CARTESIAN_POINT('',(10.000000000247,3.774921947372E-13,
    75.000327177293));
#1062 = CARTESIAN_POINT('',(10.000000000486,3.77735453245E-13,
    75.000455698588));
#1063 = CARTESIAN_POINT('',(10.000000000827,3.781562483711E-13,
    75.000584219276));
#1064 = CARTESIAN_POINT('',(10.000000001264,3.786954007989E-13,
    75.000712739371));
#1065 = CARTESIAN_POINT('',(10.000000001807,3.792937312122E-13,
    75.000841258855));
#1066 = CARTESIAN_POINT('',(10.000000002444,3.798920602944E-13,
    75.000969777746));
#1067 = CARTESIAN_POINT('',(10.000000003186,3.804312087295E-13,
    75.001098296031));
#1068 = CARTESIAN_POINT('',(10.000000004025,3.808519972008E-13,
    75.001226813716));
#1069 = CARTESIAN_POINT('',(10.000000004965,3.810952463922E-13,
    75.0013553308));
#1070 = CARTESIAN_POINT('',(10.000000072588,3.81519735066E-13,
    75.009708902142));
#1071 = CARTESIAN_POINT('',(10.000000549246,3.819893643032E-13,
    75.017931493913));
#1072 = CARTESIAN_POINT('',(10.000001435857,3.824978725384E-13,
    75.026151623237));
#1073 = CARTESIAN_POINT('',(10.000002732279,3.830324676118E-13,
    75.034369290703));
#1074 = CARTESIAN_POINT('',(10.000004438404,3.835803573629E-13,
    75.042584496985));
#1075 = CARTESIAN_POINT('',(10.000006554078,3.84128749632E-13,
    75.050797242652));
#1076 = CARTESIAN_POINT('',(10.000009079196,3.846648522587E-13,
    75.059007528373));
#1077 = CARTESIAN_POINT('',(10.000012013612,3.85175873083E-13,
    75.067215354745));
#1078 = CARTESIAN_POINT('',(10.000015357207,3.856490199447E-13,
    75.075420722402));
#1079 = CARTESIAN_POINT('',(10.000079152117,3.928311925091E-13,
    75.214870184999));
#1080 = CARTESIAN_POINT('',(10.000243906938,3.998133352081E-13,
    75.345487467835));
#1081 = CARTESIAN_POINT('',(10.000512849859,4.069899930389E-13,
    75.475478034799));
#1082 = CARTESIAN_POINT('',(10.000885456411,4.143332302585E-13,
    75.604844439993));
#1083 = CARTESIAN_POINT('',(10.00136120215,4.218151111261E-13,
    75.733589237922));
#1084 = CARTESIAN_POINT('',(10.0019395626,4.29407699898E-13,
    75.861714982535));
#1085 = CARTESIAN_POINT('',(10.002620013316,4.370830608334E-13,
    75.989224228382));
#1086 = CARTESIAN_POINT('',(10.003402029832,4.448132581891E-13,
    76.116119529501));
#1087 = CARTESIAN_POINT('',(10.004285087692,4.525703562236E-13,
    76.242403440269));
#1088 = CARTESIAN_POINT('',(10.007235811923,4.758385451363E-13,
    76.61942866415));
#1089 = CARTESIAN_POINT('',(10.009604983494,4.914427728901E-13,
    76.868343521913));
#1090 = CARTESIAN_POINT('',(10.012372047781,5.072236534735E-13,
    77.114843469222));
#1091 = CARTESIAN_POINT('',(10.015532875401,5.232657379033E-13,
    77.358948887034));
#1092 = CARTESIAN_POINT('',(10.019083337001,5.396535771981E-13,
    77.600680156472));
#1093 = CARTESIAN_POINT('',(10.023019303185,5.564717223738E-13,
    77.84005765841));
#1094 = CARTESIAN_POINT('',(10.027336644605,5.738047244494E-13,
    78.077101774005));
#1095 = CARTESIAN_POINT('',(10.03203123187,5.91737134441E-13,
    78.311832884166));
#1096 = CARTESIAN_POINT('',(10.03709893562,6.103535033668E-13,
    78.544271369969));
#1097 = CARTESIAN_POINT('',(10.064282389907,7.072778977526E-13,
    79.69510258216));
#1098 = CARTESIAN_POINT('',(10.091934753955,7.939774304106E-13,
    80.579412055672));
#1099 = CARTESIAN_POINT('',(10.125229401771,8.862717041169E-13,
    81.428662953054));
#1100 = CARTESIAN_POINT('',(10.163908564125,9.826272288343E-13,
    82.244151198066));
#1101 = CARTESIAN_POINT('',(10.207718493245,1.082898696921E-12,
    83.027165770981));
#1102 = CARTESIAN_POINT('',(10.256407936517,1.187685379457E-12,
    83.778982760151));
#1103 = CARTESIAN_POINT('',(10.30972661037,1.297687522576E-12,
    84.500859415372));
#1104 = CARTESIAN_POINT('',(10.367423673959,1.41306274379E-12,
    85.194028199255));
#1105 = CARTESIAN_POINT('',(10.429246203027,1.532782428326E-12,
    85.859690840378));
#1106 = CARTESIAN_POINT('',(10.626320584872,1.89639951969E-12,
    87.777655474747));
#1107 = CARTESIAN_POINT('',(10.773168701066,2.158361435638E-12,
    88.950922313749));
#1108 = CARTESIAN_POINT('',(10.9334433582,2.377437317138E-12,
    90.028130365023));
#1109 = CARTESIAN_POINT('',(11.104882265615,2.665644080886E-12,
    91.017827248267));
#1110 = CARTESIAN_POINT('',(11.285085740929,2.938139364484E-12,
    91.927710079928));
#1111 = CARTESIAN_POINT('',(11.471117291251,3.122410395414E-12,
    92.764001828823));
#1112 = CARTESIAN_POINT('',(11.658918471237,3.284617217031E-12,
    93.530946382718));
#1113 = CARTESIAN_POINT('',(11.843016936293,3.469046351995E-12,
    94.230958895951));
#1114 = CARTESIAN_POINT('',(12.017185587086,3.505934328142E-12,
    94.865842866628));
#1115 = CARTESIAN_POINT('',(12.336593771438,3.498513344058E-12,
    96.012877665721));
#1116 = CARTESIAN_POINT('',(12.481831200975,3.410326693328E-12,
    96.52501967158));
#1117 = CARTESIAN_POINT('',(12.607910030675,3.449036263266E-12,
    96.979536395094));
#1118 = CARTESIAN_POINT('',(12.711983394541,2.625807561414E-12,
    97.381823106717));
#1119 = CARTESIAN_POINT('',(12.793009023311,3.405230038761E-12,
    97.741980286935));
#1120 = CARTESIAN_POINT('',(12.857074770772,1.697234271725E-12,
    98.074742158615));
#1121 = CARTESIAN_POINT('',(12.910941341761,2.508601410596E-12,
    98.408556148069));
#1122 = CARTESIAN_POINT('',(12.953641223501,1.537702071502E-12,
    98.767146990362));
#1123 = CARTESIAN_POINT('',(12.983062210461,1.379286768225E-12,
    99.171168179241));
#1124 = CARTESIAN_POINT('',(12.996100159052,1.064261452501E-12,
    99.666157931441));
#1125 = CARTESIAN_POINT('',(12.996800220452,1.044662780138E-12,
    99.695516877955));
#1126 = CARTESIAN_POINT('',(12.997432426195,1.024293138008E-12,
    99.725121535812));
#1127 = CARTESIAN_POINT('',(12.997995797381,1.003449327782E-12,
    99.754975714195));
#1128 = CARTESIAN_POINT('',(12.998489355097,9.824281511314E-13,
    99.785083222083));
#1129 = CARTESIAN_POINT('',(12.998912120449,9.615264097283E-13,
    99.815447868744));
#1130 = CARTESIAN_POINT('',(12.999263114524,9.410409052422E-13,
    99.846073463125));
#1131 = CARTESIAN_POINT('',(12.999541358423,9.212684393461E-13,
    99.876963814459));
#1132 = CARTESIAN_POINT('',(12.999745873239,9.025058137101E-13,
    99.908122731772));
#1133 = CARTESIAN_POINT('',(12.999891905923,8.82867832043E-13,
    99.943482935767));
#1134 = CARTESIAN_POINT('',(12.999906963456,8.806950315216E-13,
    99.947416098919));
#1135 = CARTESIAN_POINT('',(12.999920850661,8.785297483124E-13,
    99.951353520698));
#1136 = CARTESIAN_POINT('',(12.999933565517,8.763703022842E-13,
    99.955295207985));
#1137 = CARTESIAN_POINT('',(12.99994510603,8.742150133091E-13,
    99.959241167953));
#1138 = CARTESIAN_POINT('',(12.999955470167,8.720622012545E-13,
    99.96319140735));
#1139 = CARTESIAN_POINT('',(12.999964655939,8.699101859931E-13,
    99.967145933404));
#1140 = CARTESIAN_POINT('',(12.999972661317,8.677572873929E-13,
    99.971104752914));
#1141 = CARTESIAN_POINT('',(12.999979484302,8.656018253251E-13,
    99.975067872984));
#1142 = CARTESIAN_POINT('',(12.999987942163,8.623622668263E-13,
    99.981019014326));
#1143 = CARTESIAN_POINT('',(12.999990465349,8.617864733371E-13,
    99.983003804989));
#1144 = CARTESIAN_POINT('',(12.999992692169,8.615888740612E-13,
    99.984989673322));
#1145 = CARTESIAN_POINT('',(12.999994622394,8.616436038703E-13,
    99.986976620368));
#1146 = CARTESIAN_POINT('',(12.999996255734,8.618247976322E-13,
    99.9889646467));
#1147 = CARTESIAN_POINT('',(12.99999759198,8.620065902199E-13,
    99.990953753537));
#1148 = CARTESIAN_POINT('',(12.999998630839,8.620631165011E-13,
    99.99294394141));
#1149 = CARTESIAN_POINT('',(12.999999372087,8.618685113478E-13,
    99.994935211428));
#1150 = CARTESIAN_POINT('',(12.999999815454,8.612969096292E-13,
    99.996927564317));
#1151 = CARTESIAN_POINT('',(12.999999965234,8.601888692342E-13,
    99.998983295894));
#1152 = CARTESIAN_POINT('',(12.999999969482,8.596941575868E-13,
    99.99904559185));
#1153 = CARTESIAN_POINT('',(12.999999973438,8.588535934641E-13,
    99.999107888859));
#1154 = CARTESIAN_POINT('',(12.999999977104,8.577824590568E-13,
    99.999170186936));
#1155 = CARTESIAN_POINT('',(12.999999980477,8.565960365549E-13,
    99.999232486063));
#1156 = CARTESIAN_POINT('',(12.999999983561,8.554096081495E-13,
    99.99929478625));
#1157 = CARTESIAN_POINT('',(12.999999986352,8.543384560306E-13,
    99.999357087501));
#1158 = CARTESIAN_POINT('',(12.999999988853,8.534978623889E-13,
    99.999419389802));
#1159 = CARTESIAN_POINT('',(12.999999991062,8.530031094148E-13,
    99.999481693169));
#1160 = CARTESIAN_POINT('',(12.999999993939,8.529526642407E-13,
    99.9995751498));
#1161 = CARTESIAN_POINT('',(12.999999994827,8.532073258105E-13,
    99.999606302286));
#1162 = CARTESIAN_POINT('',(12.999999995637,8.536655947923E-13,
    99.999637455001));
#1163 = CARTESIAN_POINT('',(12.999999996383,8.542596019718E-13,
    99.999668608046));
#1164 = CARTESIAN_POINT('',(12.999999997045,8.549214781323E-13,
    99.999699761271));
#1165 = CARTESIAN_POINT('',(12.999999997645,8.555833540598E-13,
    99.999730914844));
#1166 = CARTESIAN_POINT('',(12.999999998164,8.561773605379E-13,
    99.999762068618));
#1167 = CARTESIAN_POINT('',(12.999999998615,8.56635628352E-13,
    99.999793222695));
#1168 = CARTESIAN_POINT('',(12.999999998992,8.568902882864E-13,
    99.999824377018));
#1169 = CARTESIAN_POINT('',(12.999999999436,8.568656729019E-13,
    99.999869978196));
#1170 = CARTESIAN_POINT('',(12.999999999563,8.836858505657E-13,
    99.999883231822));
#1171 = CARTESIAN_POINT('',(12.999999999669,8.385869517891E-13,
    99.999900938701));
#1172 = CARTESIAN_POINT('',(12.999999999766,8.390748794992E-13,
    99.99991350817));
#1173 = CARTESIAN_POINT('',(12.999999999846,8.730676340012E-13,
    99.999925452023));
#1174 = CARTESIAN_POINT('',(12.999999999904,8.781879533941E-13,
    99.999942137887));
#1175 = CARTESIAN_POINT('',(12.999999999951,8.565639853365E-13,
    99.999959136822));
#1176 = CARTESIAN_POINT('',(12.999999999987,8.545830866876E-13,
    99.999970559964));
#1177 = CARTESIAN_POINT('',(12.999999999998,8.561144110594E-13,
    99.999984000432));
#1178 = CARTESIAN_POINT('',(13.,8.567865077897E-13,100.00000091206));
#1179 = PCURVE('',#765,#1180);
#1180 = DEFINITIONAL_REPRESENTATION('',(#1181),#1185);
#1181 = LINE('',#1182,#1183);
#1182 = CARTESIAN_POINT('',(6.28318530718,0.));
#1183 = VECTOR('',#1184,1.);
#1184 = DIRECTION('',(0.,1.));
#1185 = ( GEOMETRIC_REPRESENTATION_CONTEXT(2) 
PARAMETRIC_REPRESENTATION_CONTEXT() REPRESENTATION_CONTEXT('2D SPACE',''
  ) );
#1186 = PCURVE('',#765,#1187);
#1187 = DEFINITIONAL_REPRESENTATION('',(#1188),#1192);
#1188 = LINE('',#1189,#1190);
#1189 = CARTESIAN_POINT('',(0.,0.));
#1190 = VECTOR('',#1191,1.);
#1191 = DIRECTION('',(0.,1.));
#1192 = ( GEOMETRIC_REPRESENTATION_CONTEXT(2) 
PARAMETRIC_REPRESENTATION_CONTEXT() REPRESENTATION_CONTEXT('2D SPACE',''
  ) );
#1193 = ORIENTED_EDGE('',*,*,#704,.T.);
#1194 = ORIENTED_EDGE('',*,*,#1046,.F.);
#1195 = ORIENTED_EDGE('',*,*,#1196,.T.);
#1196 = EDGE_CURVE('',#1047,#1047,#1197,.T.);
#1197 = SURFACE_CURVE('',#1198,(#1213,#1220),.PCURVE_S1.);
#1198 = B_SPLINE_CURVE_WITH_KNOTS('',13,(#1199,#1200,#1201,#1202,#1203,
    #1204,#1205,#1206,#1207,#1208,#1209,#1210,#1211,#1212),
  .UNSPECIFIED.,.T.,.F.,(14,14),(0.,6.28318530718),
  .PIECEWISE_BEZIER_KNOTS.);
#1199 = CARTESIAN_POINT('',(10.,-6.037857517664E-15,75.));
#1200 = CARTESIAN_POINT('',(10.,4.833219467061,74.999999999994));
#1201 = CARTESIAN_POINT('',(7.469318318339,9.666440866861,
    75.000000000027));
#1202 = CARTESIAN_POINT('',(2.408105618414,13.054125992648,
    74.999999999928));
#1203 = CARTESIAN_POINT('',(-4.276211799827,13.550915944609,
    75.000000000138));
#1204 = CARTESIAN_POINT('',(-10.76421242572,10.344686757424,
    74.999999999806));
#1205 = CARTESIAN_POINT('',(-14.83699979618,3.894476724295,
    75.000000000201));
#1206 = CARTESIAN_POINT('',(-14.83699979618,-3.894476724297,
    74.999999999843));
#1207 = CARTESIAN_POINT('',(-10.76421242572,-10.34468675741,
    75.000000000092));
#1208 = CARTESIAN_POINT('',(-4.276211799829,-13.55091594461,
    74.999999999961));
#1209 = CARTESIAN_POINT('',(2.408105618415,-13.05412599264,
    75.000000000012));
#1210 = CARTESIAN_POINT('',(7.469318318339,-9.666440866864,
    74.999999999998));
#1211 = CARTESIAN_POINT('',(10.000000000001,-4.83321946706,75.));
#1212 = CARTESIAN_POINT('',(10.,-2.225763115694E-15,75.));
#1213 = PCURVE('',#765,#1214);
#1214 = DEFINITIONAL_REPRESENTATION('',(#1215),#1219);
#1215 = LINE('',#1216,#1217);
#1216 = CARTESIAN_POINT('',(0.,0.));
#1217 = VECTOR('',#1218,1.);
#1218 = DIRECTION('',(1.,0.));
#1219 = ( GEOMETRIC_REPRESENTATION_CONTEXT(2) 
PARAMETRIC_REPRESENTATION_CONTEXT() REPRESENTATION_CONTEXT('2D SPACE',''
  ) );
#1220 = PCURVE('',#1221,#1231);
#1221 = OFFSET_SURFACE('',#1222,-5.,.F.);
#1222 = SURFACE_OF_REVOLUTION('',#1223,#1228);
#1223 = B_SPLINE_CURVE_WITH_KNOTS('',3,(#1224,#1225,#1226,#1227),
  .UNSPECIFIED.,.F.,.F.,(4,4),(0.,1.),.PIECEWISE_BEZIER_KNOTS.);
#1224 = CARTESIAN_POINT('',(30.,0.,25.));
#1225 = CARTESIAN_POINT('',(30.,0.,64.151149408415));
#1226 = CARTESIAN_POINT('',(15.,0.,61.949616863862));
#1227 = CARTESIAN_POINT('',(15.,0.,75.));
#1228 = AXIS1_PLACEMENT('',#1229,#1230);
#1229 = CARTESIAN_POINT('',(0.,0.,0.));
#1230 = DIRECTION('',(0.,0.,1.));
#1231 = DEFINITIONAL_REPRESENTATION('',(#1232),#1236);
#1232 = LINE('',#1233,#1234);
#1233 = CARTESIAN_POINT('',(0.,1.));
#1234 = VECTOR('',#1235,1.);
#1235 = DIRECTION('',(1.,0.));
#1236 = ( GEOMETRIC_REPRESENTATION_CONTEXT(2) 
PARAMETRIC_REPRESENTATION_CONTEXT() REPRESENTATION_CONTEXT('2D SPACE',''
  ) );
#1237 = ADVANCED_FACE('',(#1238),#1221,.F.);
#1238 = FACE_BOUND('',#1239,.F.);
#1239 = EDGE_LOOP('',(#1240,#1284,#1331,#1332));
#1240 = ORIENTED_EDGE('',*,*,#1241,.T.);
#1241 = EDGE_CURVE('',#1242,#1242,#1244,.T.);
#1242 = VERTEX_POINT('',#1243);
#1243 = CARTESIAN_POINT('',(25.,0.,25.));
#1244 = SURFACE_CURVE('',#1245,(#1260,#1267),.PCURVE_S1.);
#1245 = B_SPLINE_CURVE_WITH_KNOTS('',13,(#1246,#1247,#1248,#1249,#1250,
    #1251,#1252,#1253,#1254,#1255,#1256,#1257,#1258,#1259),
  .UNSPECIFIED.,.T.,.F.,(14,14),(0.,6.28318530718),
  .PIECEWISE_BEZIER_KNOTS.);
#1246 = CARTESIAN_POINT('',(25.,3.475640938902E-15,25.));
#1247 = CARTESIAN_POINT('',(25.,12.083048667651,24.999999999997));
#1248 = CARTESIAN_POINT('',(18.67329579585,24.166102167158,
    25.000000000011));
#1249 = CARTESIAN_POINT('',(6.020264046031,32.635314981607,
    24.99999999997));
#1250 = CARTESIAN_POINT('',(-10.69052949955,33.877289861546,
    25.000000000058));
#1251 = CARTESIAN_POINT('',(-26.91053106432,25.861716893527,
    24.999999999916));
#1252 = CARTESIAN_POINT('',(-37.09249949043,9.736191810771,
    25.000000000094));
#1253 = CARTESIAN_POINT('',(-37.09249949047,-9.73619181077,
    24.999999999918));
#1254 = CARTESIAN_POINT('',(-26.91053106429,-25.86171689352,
    25.000000000058));
#1255 = CARTESIAN_POINT('',(-10.69052949957,-33.87728986154,
    24.999999999968));
#1256 = CARTESIAN_POINT('',(6.020264046039,-32.6353149816,
    25.000000000014));
#1257 = CARTESIAN_POINT('',(18.673295795847,-24.16610216715,
    24.999999999995));
#1258 = CARTESIAN_POINT('',(25.000000000001,-12.08304866765,
    25.000000000001));
#1259 = CARTESIAN_POINT('',(25.,-2.981334610775E-15,25.));
#1260 = PCURVE('',#1221,#1261);
#1261 = DEFINITIONAL_REPRESENTATION('',(#1262),#1266);
#1262 = LINE('',#1263,#1264);
#1263 = CARTESIAN_POINT('',(0.,0.));
#1264 = VECTOR('',#1265,1.);
#1265 = DIRECTION('',(1.,0.));
#1266 = ( GEOMETRIC_REPRESENTATION_CONTEXT(2) 
PARAMETRIC_REPRESENTATION_CONTEXT() REPRESENTATION_CONTEXT('2D SPACE',''
  ) );
#1267 = PCURVE('',#1268,#1278);
#1268 = OFFSET_SURFACE('',#1269,-5.,.F.);
#1269 = SURFACE_OF_REVOLUTION('',#1270,#1275);
#1270 = B_SPLINE_CURVE_WITH_KNOTS('',3,(#1271,#1272,#1273,#1274),
  .UNSPECIFIED.,.F.,.F.,(4,4),(0.,1.),.PIECEWISE_BEZIER_KNOTS.);
#1271 = CARTESIAN_POINT('',(20.,0.,0.));
#1272 = CARTESIAN_POINT('',(26.731456008918,0.,0.));
#1273 = CARTESIAN_POINT('',(30.,0.,18.268543991082));
#1274 = CARTESIAN_POINT('',(30.,0.,25.));
#1275 = AXIS1_PLACEMENT('',#1276,#1277);
#1276 = CARTESIAN_POINT('',(0.,0.,0.));
#1277 = DIRECTION('',(0.,0.,1.));
#1278 = DEFINITIONAL_REPRESENTATION('',(#1279),#1283);
#1279 = LINE('',#1280,#1281);
#1280 = CARTESIAN_POINT('',(0.,1.));
#1281 = VECTOR('',#1282,1.);
#1282 = DIRECTION('',(1.,0.));
#1283 = ( GEOMETRIC_REPRESENTATION_CONTEXT(2) 
PARAMETRIC_REPRESENTATION_CONTEXT() REPRESENTATION_CONTEXT('2D SPACE',''
  ) );
#1284 = ORIENTED_EDGE('',*,*,#1285,.T.);
#1285 = EDGE_CURVE('',#1242,#1047,#1286,.T.);
#1286 = SEAM_CURVE('',#1287,(#1317,#1324),.PCURVE_S1.);
#1287 = B_SPLINE_CURVE_WITH_KNOTS('',10,(#1288,#1289,#1290,#1291,#1292,
    #1293,#1294,#1295,#1296,#1297,#1298,#1299,#1300,#1301,#1302,#1303,
    #1304,#1305,#1306,#1307,#1308,#1309,#1310,#1311,#1312,#1313,#1314,
    #1315,#1316),.UNSPECIFIED.,.F.,.F.,(11,9,9,11),(0.,0.5,0.75,1.),
  .UNSPECIFIED.);
#1288 = CARTESIAN_POINT('',(25.,-6.123233995737E-15,25.));
#1289 = CARTESIAN_POINT('',(25.,-6.123233995737E-15,30.681107154218));
#1290 = CARTESIAN_POINT('',(24.758144302759,-6.06399643464E-15,
    35.649313320848));
#1291 = CARTESIAN_POINT('',(24.309183365393,-5.954032719664E-15,
    39.961235218095));
#1292 = CARTESIAN_POINT('',(23.688458679842,-5.801999019799E-15,
    43.673814355836));
#1293 = CARTESIAN_POINT('',(22.934366064131,-5.617299598184E-15,
    46.847125773179));
#1294 = CARTESIAN_POINT('',(22.081833448143,-5.408489330313E-15,
    49.543274478427));
#1295 = CARTESIAN_POINT('',(21.173043488964,-5.185899987394E-15,
    51.833940669476));
#1296 = CARTESIAN_POINT('',(20.229667660615,-4.954839549677E-15,
    53.807342622278));
#1297 = CARTESIAN_POINT('',(19.259326138983,-4.717174421968E-15,
    55.545580718241));
#1298 = CARTESIAN_POINT('',(17.767884589372,-4.351876597999E-15,
    57.921868063933));
#1299 = CARTESIAN_POINT('',(17.264742810594,-4.228642404219E-15,
    58.675448948501));
#1300 = CARTESIAN_POINT('',(16.756012816264,-4.104039492382E-15,
    59.400620667251));
#1301 = CARTESIAN_POINT('',(16.241704798006,-3.978070358715E-15,
    60.107390271522));
#1302 = CARTESIAN_POINT('',(15.722004332371,-3.850780456364E-15,
    60.80561123386));
#1303 = CARTESIAN_POINT('',(15.197460713793,-3.722304323662E-15,
    61.505195852874));
#1304 = CARTESIAN_POINT('',(14.66943193286,-3.592974572378E-15,
    62.216500860163));
#1305 = CARTESIAN_POINT('',(14.140961081395,-3.463536545039E-15,
    62.950546641703));
#1306 = CARTESIAN_POINT('',(13.617793861638,-3.335397532821E-15,
    63.718485004151));
#1307 = CARTESIAN_POINT('',(12.599769683514,-3.086053522582E-15,
    65.340484855714));
#1308 = CARTESIAN_POINT('',(12.104913839382,-2.964848797471E-15,
    66.194548877971));
#1309 = CARTESIAN_POINT('',(11.632951237381,-2.849251299499E-15,
    67.100886015707));
#1310 = CARTESIAN_POINT('',(11.195969054186,-2.742221533113E-15,
    68.066800089287));
#1311 = CARTESIAN_POINT('',(10.807793056482,-2.647145834493E-15,
    69.095946749219));
#1312 = CARTESIAN_POINT('',(10.486645141424,-2.568487281248E-15,
    70.186535773794));
#1313 = CARTESIAN_POINT('',(10.243276361186,-2.508879121702E-15,
    71.326575553383));
#1314 = CARTESIAN_POINT('',(10.08084225324,-2.469094239628E-15,
    72.509952903242));
#1315 = CARTESIAN_POINT('',(10.,-2.449293598295E-15,73.733873379224));
#1316 = CARTESIAN_POINT('',(10.,-2.449293598295E-15,75.));
#1317 = PCURVE('',#1221,#1318);
#1318 = DEFINITIONAL_REPRESENTATION('',(#1319),#1323);
#1319 = LINE('',#1320,#1321);
#1320 = CARTESIAN_POINT('',(0.,0.));
#1321 = VECTOR('',#1322,1.);
#1322 = DIRECTION('',(0.,1.));
#1323 = ( GEOMETRIC_REPRESENTATION_CONTEXT(2) 
PARAMETRIC_REPRESENTATION_CONTEXT() REPRESENTATION_CONTEXT('2D SPACE',''
  ) );
#1324 = PCURVE('',#1221,#1325);
#1325 = DEFINITIONAL_REPRESENTATION('',(#1326),#1330);
#1326 = LINE('',#1327,#1328);
#1327 = CARTESIAN_POINT('',(6.28318530718,0.));
#1328 = VECTOR('',#1329,1.);
#1329 = DIRECTION('',(0.,1.));
#1330 = ( GEOMETRIC_REPRESENTATION_CONTEXT(2) 
PARAMETRIC_REPRESENTATION_CONTEXT() REPRESENTATION_CONTEXT('2D SPACE',''
  ) );
#1331 = ORIENTED_EDGE('',*,*,#1196,.F.);
#1332 = ORIENTED_EDGE('',*,*,#1285,.F.);
#1333 = ADVANCED_FACE('',(#1334),#1268,.F.);
#1334 = FACE_BOUND('',#1335,.F.);
#1335 = EDGE_LOOP('',(#1336,#1365,#1418,#1419));
#1336 = ORIENTED_EDGE('',*,*,#1337,.T.);
#1337 = EDGE_CURVE('',#1338,#1338,#1340,.T.);
#1338 = VERTEX_POINT('',#1339);
#1339 = CARTESIAN_POINT('',(20.,0.,5.));
#1340 = SURFACE_CURVE('',#1341,(#1346,#1353),.PCURVE_S1.);
#1341 = CIRCLE('',#1342,20.);
#1342 = AXIS2_PLACEMENT_3D('',#1343,#1344,#1345);
#1343 = CARTESIAN_POINT('',(0.,0.,5.));
#1344 = DIRECTION('',(0.,-0.,1.));
#1345 = DIRECTION('',(1.,0.,0.));
#1346 = PCURVE('',#1268,#1347);
#1347 = DEFINITIONAL_REPRESENTATION('',(#1348),#1352);
#1348 = LINE('',#1349,#1350);
#1349 = CARTESIAN_POINT('',(0.,0.));
#1350 = VECTOR('',#1351,1.);
#1351 = DIRECTION('',(1.,0.));
#1352 = ( GEOMETRIC_REPRESENTATION_CONTEXT(2) 
PARAMETRIC_REPRESENTATION_CONTEXT() REPRESENTATION_CONTEXT('2D SPACE',''
  ) );
#1353 = PCURVE('',#1354,#1359);
#1354 = PLANE('',#1355);
#1355 = AXIS2_PLACEMENT_3D('',#1356,#1357,#1358);
#1356 = CARTESIAN_POINT('',(0.,0.,5.));
#1357 = DIRECTION('',(0.,0.,1.));
#1358 = DIRECTION('',(1.,0.,-0.));
#1359 = DEFINITIONAL_REPRESENTATION('',(#1360),#1364);
#1360 = CIRCLE('',#1361,20.);
#1361 = AXIS2_PLACEMENT_2D('',#1362,#1363);
#1362 = CARTESIAN_POINT('',(0.,0.));
#1363 = DIRECTION('',(1.,-0.));
#1364 = ( GEOMETRIC_REPRESENTATION_CONTEXT(2) 
PARAMETRIC_REPRESENTATION_CONTEXT() REPRESENTATION_CONTEXT('2D SPACE',''
  ) );
#1365 = ORIENTED_EDGE('',*,*,#1366,.T.);
#1366 = EDGE_CURVE('',#1338,#1242,#1367,.T.);
#1367 = SEAM_CURVE('',#1368,(#1404,#1411),.PCURVE_S1.);
#1368 = B_SPLINE_CURVE_WITH_KNOTS('',12,(#1369,#1370,#1371,#1372,#1373,
    #1374,#1375,#1376,#1377,#1378,#1379,#1380,#1381,#1382,#1383,#1384,
    #1385,#1386,#1387,#1388,#1389,#1390,#1391,#1392,#1393,#1394,#1395,
    #1396,#1397,#1398,#1399,#1400,#1401,#1402,#1403),.UNSPECIFIED.,.F.,
  .F.,(13,11,11,13),(0.,0.25,0.5,1.),.UNSPECIFIED.);
#1369 = CARTESIAN_POINT('',(20.,-4.898587196589E-15,5.));
#1370 = CARTESIAN_POINT('',(19.855318758154,-4.863150512645E-15,
    5.000000000001));
#1371 = CARTESIAN_POINT('',(19.695310027254,-4.823959676617E-15,
    4.982150819193));
#1372 = CARTESIAN_POINT('',(19.548147207919,-4.78791518149E-15,
    4.942112308353));
#1373 = CARTESIAN_POINT('',(19.443151561708,-4.762198665073E-15,
    4.888162703031));
#1374 = CARTESIAN_POINT('',(19.404131037004,-4.752641392946E-15,
    4.842387479032));
#1375 = CARTESIAN_POINT('',(19.425268842992,-4.757818662224E-15,
    4.835494749572));
#1376 = CARTESIAN_POINT('',(19.494868248326,-4.774865600027E-15,
    4.87025914976));
#1377 = CARTESIAN_POINT('',(19.605618103193,-4.801991491073E-15,
    4.95687594059));
#1378 = CARTESIAN_POINT('',(19.746475602752,-4.836491628272E-15,
    5.093841536218));
#1379 = CARTESIAN_POINT('',(19.910814192202,-4.876742973779E-15,
    5.281270040922));
#1380 = CARTESIAN_POINT('',(20.092141278009,-4.921155300826E-15,
    5.516671348437));
#1381 = CARTESIAN_POINT('',(20.479008270798,-5.015910385709E-15,
    6.07792221068));
#1382 = CARTESIAN_POINT('',(20.684543575054,-5.066252016204E-15,
    6.403768035444));
#1383 = CARTESIAN_POINT('',(20.897216772498,-5.118341926303E-15,
    6.772012870764));
#1384 = CARTESIAN_POINT('',(21.113322838098,-5.171272646614E-15,
    7.179226987109));
#1385 = CARTESIAN_POINT('',(21.330122781545,-5.22437331796E-15,
    7.621877898769));
#1386 = CARTESIAN_POINT('',(21.545583091048,-5.277145873652E-15,
    8.096537080646));
#1387 = CARTESIAN_POINT('',(21.758166565123,-5.32921380785E-15,
    8.599925573845));
#1388 = CARTESIAN_POINT('',(21.966682315928,-5.380285437224E-15,
    9.128897289153));
#1389 = CARTESIAN_POINT('',(22.170191419922,-5.430130791775E-15,
    9.680419858067));
#1390 = CARTESIAN_POINT('',(22.367953385616,-5.478568503435E-15,
    10.251573928919));
#1391 = CARTESIAN_POINT('',(22.559387301014,-5.525456289782E-15,
    10.839552846195));
#1392 = CARTESIAN_POINT('',(23.113256048049,-5.661115007423E-15,
    12.645711401534));
#1393 = CARTESIAN_POINT('',(23.455254940043,-5.744880577101E-15,
    13.90613427276));
#1394 = CARTESIAN_POINT('',(23.766263377576,-5.82105567461E-15,
    15.200814542903));
#1395 = CARTESIAN_POINT('',(24.044012957904,-5.889084701508E-15,
    16.509520838916));
#1396 = CARTESIAN_POINT('',(24.287880281704,-5.948814969016E-15,
    17.811189116132));
#1397 = CARTESIAN_POINT('',(24.496105447905,-5.999815425666E-15,
    19.087821718968));
#1398 = CARTESIAN_POINT('',(24.668985177758,-6.042158747235E-15,
    20.318233943573));
#1399 = CARTESIAN_POINT('',(24.806145798162,-6.075753410178E-15,
    21.482532253834));
#1400 = CARTESIAN_POINT('',(24.906286786744,-6.100280878408E-15,
    22.561635145089));
#1401 = CARTESIAN_POINT('',(24.971768154695,-6.116319187939E-15,
    23.528199149263));
#1402 = CARTESIAN_POINT('',(25.000000000001,-6.123233995737E-15,
    24.360885792811));
#1403 = CARTESIAN_POINT('',(25.,-6.123233995737E-15,25.));
#1404 = PCURVE('',#1268,#1405);
#1405 = DEFINITIONAL_REPRESENTATION('',(#1406),#1410);
#1406 = LINE('',#1407,#1408);
#1407 = CARTESIAN_POINT('',(0.,0.));
#1408 = VECTOR('',#1409,1.);
#1409 = DIRECTION('',(0.,1.));
#1410 = ( GEOMETRIC_REPRESENTATION_CONTEXT(2) 
PARAMETRIC_REPRESENTATION_CONTEXT() REPRESENTATION_CONTEXT('2D SPACE',''
  ) );
#1411 = PCURVE('',#1268,#1412);
#1412 = DEFINITIONAL_REPRESENTATION('',(#1413),#1417);
#1413 = LINE('',#1414,#1415);
#1414 = CARTESIAN_POINT('',(6.28318530718,0.));
#1415 = VECTOR('',#1416,1.);
#1416 = DIRECTION('',(0.,1.));
#1417 = ( GEOMETRIC_REPRESENTATION_CONTEXT(2) 
PARAMETRIC_REPRESENTATION_CONTEXT() REPRESENTATION_CONTEXT('2D SPACE',''
  ) );
#1418 = ORIENTED_EDGE('',*,*,#1241,.F.);
#1419 = ORIENTED_EDGE('',*,*,#1366,.F.);
#1420 = ADVANCED_FACE('',(#1421),#1354,.T.);
#1421 = FACE_BOUND('',#1422,.F.);
#1422 = EDGE_LOOP('',(#1423));
#1423 = ORIENTED_EDGE('',*,*,#1337,.F.);
#1424 = ( GEOMETRIC_REPRESENTATION_CONTEXT(3) 
GLOBAL_UNCERTAINTY_ASSIGNED_CONTEXT((#1428)) 
GLOBAL_UNIT_ASSIGNED_CONTEXT((#1425,#1426,#1427)) REPRESENTATION_CONTEXT
('Context #1','3D Context with UNIT and UNCERTAINTY') );
#1425 = ( LENGTH_UNIT() NAMED_UNIT(*) SI_UNIT(.MILLI.,.METRE.) );
#1426 = ( NAMED_UNIT(*) PLANE_ANGLE_UNIT() SI_UNIT($,.RADIAN.) );
#1427 = ( NAMED_UNIT(*) SI_UNIT($,.STERADIAN.) SOLID_ANGLE_UNIT() );
#1428 = UNCERTAINTY_MEASURE_WITH_UNIT(LENGTH_MEASURE(5.E-04),#1425,
  'distance_accuracy_value','confusion accuracy');
#1429 = PRODUCT_RELATED_PRODUCT_CATEGORY('part',$,(#7));
ENDSEC;
END-ISO-10303-21;
