ISO-10303-21;
HEADER;
FILE_DESCRIPTION(('Open CASCADE Model'),'2;1');
FILE_NAME('Open CASCADE Shape Model','2025-07-14T14:35:21',('Author'),(
    'Open CASCADE'),'Open CASCADE STEP processor 7.6','Open CASCADE 7.6'
  ,'Unknown');
FILE_SCHEMA((
'AP242_MANAGED_MODEL_BASED_3D_ENGINEERING_MIM_LF. {1 0 10303 442 1 1 4 
}'));
ENDSEC;
DATA;
#1 = APPLICATION_PROTOCOL_DEFINITION('international standard',
  'ap242_managed_model_based_3d_engineering',2013,#2);
#2 = APPLICATION_CONTEXT('Managed model based 3d engineering');
#3 = SHAPE_DEFINITION_REPRESENTATION(#4,#10);
#4 = PRODUCT_DEFINITION_SHAPE('','',#5);
#5 = PRODUCT_DEFINITION('design','',#6,#9);
#6 = PRODUCT_DEFINITION_FORMATION('','',#7);
#7 = PRODUCT('Open CASCADE STEP translator 7.6 1',
  'Open CASCADE STEP translator 7.6 1','',(#8));
#8 = PRODUCT_CONTEXT('',#2,'mechanical');
#9 = PRODUCT_DEFINITION_CONTEXT('part definition',#2,'design');
#10 = ADVANCED_BREP_SHAPE_REPRESENTATION('',(#11,#15),#9514);
#11 = AXIS2_PLACEMENT_3D('',#12,#13,#14);
#12 = CARTESIAN_POINT('',(0.,0.,0.));
#13 = DIRECTION('',(0.,0.,1.));
#14 = DIRECTION('',(1.,0.,-0.));
#15 = MANIFOLD_SOLID_BREP('',#16);
#16 = CLOSED_SHELL('',(#17,#809,#1258,#2050,#3109,#3528,#3667,#4012,
    #4225,#6123,#6313,#6503,#6693,#6883,#7077,#7271,#7461,#7622,#7782,
    #7896,#8017,#8612,#8733,#8854,#8975,#9096,#9217,#9338,#9346,#9452,
    #9509));
#17 = ADVANCED_FACE('',(#18),#40,.T.);
#18 = FACE_BOUND('',#19,.T.);
#19 = EDGE_LOOP('',(#20,#208,#415,#667,#775));
#20 = ORIENTED_EDGE('',*,*,#21,.F.);
#21 = EDGE_CURVE('',#22,#24,#26,.T.);
#22 = VERTEX_POINT('',#23);
#23 = CARTESIAN_POINT('',(14.599482279464,37.385119356503,7.223790440223
    ));
#24 = VERTEX_POINT('',#25);
#25 = CARTESIAN_POINT('',(-30.,-51.96152422706,150.));
#26 = SURFACE_CURVE('',#27,(#39,#124),.PCURVE_S1.);
#27 = ( BOUNDED_CURVE() B_SPLINE_CURVE(10,(#28,#29,#30,#31,#32,#33,#34,
#35,#36,#37,#38),.UNSPECIFIED.,.F.,.F.) B_SPLINE_CURVE_WITH_KNOTS((11,11
),(0.,150.),.PIECEWISE_BEZIER_KNOTS.) CURVE() 
GEOMETRIC_REPRESENTATION_ITEM() RATIONAL_B_SPLINE_CURVE((1.00731395893,
    1.00731395893,1.00731395893,1.007313958931,1.00731395893,
    1.007313958931,1.00731395893,1.007313958931,1.00731395893,
1.00731395893,1.00731395893)) REPRESENTATION_ITEM('') );
#28 = CARTESIAN_POINT('',(20.,34.641016151378,0.));
#29 = CARTESIAN_POINT('',(9.117203814594,40.924201458557,15.000000000004
    ));
#30 = CARTESIAN_POINT('',(-3.292500050351,44.563002433019,
    29.999999999988));
#31 = CARTESIAN_POINT('',(-17.26273869877,45.195130123462,
    45.000000000018));
#32 = CARTESIAN_POINT('',(-32.6301897457,41.596035519225,59.999999999984
    ));
#33 = CARTESIAN_POINT('',(-47.93445762077,31.991744829653,75.00000000001
    ));
#34 = CARTESIAN_POINT('',(-59.6457572728,15.471390636755,89.999999999993
    ));
#35 = CARTESIAN_POINT('',(-63.66789584303,-5.498016872301,105.));
#36 = CARTESIAN_POINT('',(-58.69257658896,-26.25815912541,
    119.99999999999));
#37 = CARTESIAN_POINT('',(-46.3241942781,-42.53674626629,135.));
#38 = CARTESIAN_POINT('',(-30.,-51.96152422706,150.));
#39 = PCURVE('',#40,#118);
#40 = ( BOUNDED_SURFACE() B_SPLINE_SURFACE(6,10,(
    (#41,#42,#43,#44,#45,#46,#47,#48,#49,#50,#51)
    ,(#52,#53,#54,#55,#56,#57,#58,#59,#60,#61,#62)
    ,(#63,#64,#65,#66,#67,#68,#69,#70,#71,#72,#73)
    ,(#74,#75,#76,#77,#78,#79,#80,#81,#82,#83,#84)
    ,(#85,#86,#87,#88,#89,#90,#91,#92,#93,#94,#95)
    ,(#96,#97,#98,#99,#100,#101,#102,#103,#104,#105,#106)
    ,(#107,#108,#109,#110,#111,#112,#113,#114,#115,#116,#117
)),.UNSPECIFIED.,.F.,.F.,.F.) B_SPLINE_SURFACE_WITH_KNOTS((7,7),(11,11),
  (0.,0.763337317515),(0.,150.),.PIECEWISE_BEZIER_KNOTS.) 
GEOMETRIC_REPRESENTATION_ITEM() RATIONAL_B_SPLINE_SURFACE((
    (1.00731395893,1.00731395893,1.00731395893,1.007313958931
      ,1.00731395893,1.007313958931,1.00731395893,1.007313958931
      ,1.00731395893,1.00731395893,1.00731395893)
    ,(1.002414195399,1.002414195399,1.002414195399,1.002414195399
      ,1.002414195399,1.002414195399,1.002414195399,1.002414195399
      ,1.002414195399,1.002414195399,1.002414195399)
    ,(0.999512632189,0.999512632189,0.999512632189,0.999512632189
      ,0.999512632189,0.999512632189,0.999512632189,0.999512632189
      ,0.999512632189,0.999512632189,0.999512632189)
    ,(0.998551138584,0.998551138584,0.998551138584,0.998551138584
      ,0.998551138584,0.998551138585,0.998551138584,0.998551138584
      ,0.998551138584,0.998551138584,0.998551138584)
    ,(0.999512632189,0.999512632189,0.999512632189,0.999512632189
      ,0.999512632189,0.999512632189,0.999512632189,0.999512632189
      ,0.999512632189,0.999512632189,0.999512632189)
    ,(1.002414195399,1.002414195399,1.002414195399,1.002414195399
      ,1.002414195398,1.002414195399,1.002414195398,1.002414195399
      ,1.002414195399,1.002414195399,1.002414195399)
    ,(1.00731395893,1.00731395893,1.00731395893,1.007313958931
      ,1.00731395893,1.007313958931,1.00731395893,1.007313958931
,1.00731395893,1.00731395893,1.00731395893
))) REPRESENTATION_ITEM('') SURFACE() );
#41 = CARTESIAN_POINT('',(20.,34.641016151378,0.));
#42 = CARTESIAN_POINT('',(9.117203814594,40.924201458557,15.000000000004
    ));
#43 = CARTESIAN_POINT('',(-3.292500050351,44.563002433019,
    29.999999999988));
#44 = CARTESIAN_POINT('',(-17.26273869877,45.195130123462,
    45.000000000018));
#45 = CARTESIAN_POINT('',(-32.6301897457,41.596035519225,59.999999999984
    ));
#46 = CARTESIAN_POINT('',(-47.93445762077,31.991744829653,75.00000000001
    ));
#47 = CARTESIAN_POINT('',(-59.6457572728,15.471390636755,89.999999999993
    ));
#48 = CARTESIAN_POINT('',(-63.66789584303,-5.498016872301,105.));
#49 = CARTESIAN_POINT('',(-58.69257658896,-26.25815912541,
    119.99999999999));
#50 = CARTESIAN_POINT('',(-46.3241942781,-42.53674626629,135.));
#51 = CARTESIAN_POINT('',(-30.,-51.96152422706,150.));
#52 = CARTESIAN_POINT('',(16.472064256756,34.216087899632,0.));
#53 = CARTESIAN_POINT('',(5.722763218747,39.39093950548,15.));
#54 = CARTESIAN_POINT('',(-6.284125022393,41.953832240823,
    30.000000000003));
#55 = CARTESIAN_POINT('',(-19.55468723668,41.559396959051,
    44.999999999987));
#56 = CARTESIAN_POINT('',(-33.84727674087,37.059959482006,
    60.000000000026));
#57 = CARTESIAN_POINT('',(-47.65325871779,26.879888302683,
    74.999999999968));
#58 = CARTESIAN_POINT('',(-57.56624695203,10.40772787325,90.000000000024
    ));
#59 = CARTESIAN_POINT('',(-59.88370375218,-9.729882943628,
    104.99999999998));
#60 = CARTESIAN_POINT('',(-53.69813227702,-29.0299288247,120.));
#61 = CARTESIAN_POINT('',(-40.83204794214,-43.56185444067,
    134.99999999999));
#62 = CARTESIAN_POINT('',(-24.70809638513,-51.32413184944,150.));
#63 = CARTESIAN_POINT('',(12.899888340754,34.33383196785,0.));
#64 = CARTESIAN_POINT('',(2.113596912775,38.386451412194,15.000000000002
    ));
#65 = CARTESIAN_POINT('',(-9.657586010796,39.818110250755,
    29.999999999997));
#66 = CARTESIAN_POINT('',(-22.38977879895,38.296042567505,
    45.000000000001));
#67 = CARTESIAN_POINT('',(-35.75170236274,32.737003039764,
    60.000000000004));
#68 = CARTESIAN_POINT('',(-48.15639901722,21.755145942727,
    74.999999999993));
#69 = CARTESIAN_POINT('',(-56.27430997426,5.055554230853,90.000000000006
    ));
#70 = CARTESIAN_POINT('',(-56.76978861989,-14.51617384388,
    104.99999999999));
#71 = CARTESIAN_POINT('',(-49.15755118901,-32.55004292082,120.));
#72 = CARTESIAN_POINT('',(-35.52926965309,-45.42181878525,
    134.99999999999));
#73 = CARTESIAN_POINT('',(-19.34983251113,-51.50074795177,150.));
#74 = CARTESIAN_POINT('',(9.376903071124,34.995078679084,
    2.84217094304E-14));
#75 = CARTESIAN_POINT('',(-1.617125137877,37.940919659251,15.));
#76 = CARTESIAN_POINT('',(-13.32710631714,38.215308062147,
    30.000000000003));
#77 = CARTESIAN_POINT('',(-25.69753133586,35.493402676537,
    44.999999999989));
#78 = CARTESIAN_POINT('',(-38.29845126678,28.742160232384,
    60.000000000024));
#79 = CARTESIAN_POINT('',(-49.43634015555,16.751921612949,
    74.999999999968));
#80 = CARTESIAN_POINT('',(-55.80954247528,-0.446748798564,
    90.000000000029));
#81 = CARTESIAN_POINT('',(-54.41271632659,-19.73528052719,
    104.99999999998));
#82 = CARTESIAN_POINT('',(-45.19327806659,-36.73152365577,120.));
#83 = CARTESIAN_POINT('',(-30.55639692018,-48.07385654837,
    134.99999999999));
#84 = CARTESIAN_POINT('',(-14.06535460668,-52.49261801862,150.));
#85 = CARTESIAN_POINT('',(5.995284974849,36.183914863802,
    2.84217094304E-14));
#86 = CARTESIAN_POINT('',(-5.372227136575,38.067389187118,
    15.000000000001));
#87 = CARTESIAN_POINT('',(-17.19754747494,37.188643862669,
    29.999999999998));
#88 = CARTESIAN_POINT('',(-29.39270254817,33.225865043852,
    44.999999999999));
#89 = CARTESIAN_POINT('',(-41.4225916356,25.180637244723,60.000000000005
    ));
#90 = CARTESIAN_POINT('',(-51.46158873875,12.001251008914,
    74.999999999992));
#91 = CARTESIAN_POINT('',(-56.18616548724,-5.955787059672,
    90.000000000007));
#92 = CARTESIAN_POINT('',(-52.87597584682,-25.25191836791,
    104.99999999999));
#93 = CARTESIAN_POINT('',(-41.91034354035,-41.46677269063,120.));
#94 = CARTESIAN_POINT('',(-26.0441956294,-51.45066081072,134.99999999999
    ));
#95 = CARTESIAN_POINT('',(-8.992927462274,-54.2758722957,150.));
#96 = CARTESIAN_POINT('',(2.842817850696,37.86803346758,0.));
#97 = CARTESIAN_POINT('',(-9.053775724069,38.761131035104,
    15.000000000002));
#98 = CARTESIAN_POINT('',(-21.16752776707,36.763433398122,
    29.999999999995));
#99 = CARTESIAN_POINT('',(-33.37801180479,31.551190096147,
    45.000000000006));
#100 = CARTESIAN_POINT('',(-45.04125026048,22.144175635015,
    59.999999999998));
#101 = CARTESIAN_POINT('',(-54.17749229734,7.626322177799,
    74.999999999997));
#102 = CARTESIAN_POINT('',(-57.39225535989,-11.32795711209,
    90.000000000006));
#103 = CARTESIAN_POINT('',(-52.19756583362,-30.92155749988,
    104.99999999999));
#104 = CARTESIAN_POINT('',(-39.39260688114,-46.63098434213,120.));
#105 = CARTESIAN_POINT('',(-22.10911713819,-55.46240385008,
    134.99999999999));
#106 = CARTESIAN_POINT('',(-4.264226776044,-56.80205020137,150.));
#107 = CARTESIAN_POINT('',(3.552713678801E-15,40.,0.));
#108 = CARTESIAN_POINT('',(-12.56637061436,39.999999999999,
    15.000000000004));
#109 = CARTESIAN_POINT('',(-25.13288990207,36.946442150729,
    29.999999999988));
#110 = CARTESIAN_POINT('',(-37.54753531376,30.508761464867,
    45.000000000021));
#111 = CARTESIAN_POINT('',(-49.05659100969,19.708128583527,
    59.999999999975));
#112 = CARTESIAN_POINT('',(-57.50833043104,3.73843492347,75.000000000021
    ));
#113 = CARTESIAN_POINT('',(-59.39043634458,-16.42426131308,
    89.999999999987));
#114 = CARTESIAN_POINT('',(-52.38900676942,-36.59537020337,105.));
#115 = CARTESIAN_POINT('',(-37.70018277689,-52.08652115369,
    119.99999999999));
#116 = CARTESIAN_POINT('',(-18.84955592154,-59.99999999999,135.));
#117 = CARTESIAN_POINT('',(-3.907985046681E-14,-60.,150.));
#118 = DEFINITIONAL_REPRESENTATION('',(#119),#123);
#119 = LINE('',#120,#121);
#120 = CARTESIAN_POINT('',(0.,0.));
#121 = VECTOR('',#122,1.);
#122 = DIRECTION('',(0.,1.));
#123 = ( GEOMETRIC_REPRESENTATION_CONTEXT(2) 
PARAMETRIC_REPRESENTATION_CONTEXT() REPRESENTATION_CONTEXT('2D SPACE',''
  ) );
#124 = PCURVE('',#125,#203);
#125 = ( BOUNDED_SURFACE() B_SPLINE_SURFACE(6,10,(
    (#126,#127,#128,#129,#130,#131,#132,#133,#134,#135,#136)
    ,(#137,#138,#139,#140,#141,#142,#143,#144,#145,#146,#147)
    ,(#148,#149,#150,#151,#152,#153,#154,#155,#156,#157,#158)
    ,(#159,#160,#161,#162,#163,#164,#165,#166,#167,#168,#169)
    ,(#170,#171,#172,#173,#174,#175,#176,#177,#178,#179,#180)
    ,(#181,#182,#183,#184,#185,#186,#187,#188,#189,#190,#191)
    ,(#192,#193,#194,#195,#196,#197,#198,#199,#200,#201,#202
)),.UNSPECIFIED.,.F.,.F.,.F.) B_SPLINE_SURFACE_WITH_KNOTS((7,7),(11,11),
  (0.,0.763337317515),(0.,150.),.PIECEWISE_BEZIER_KNOTS.) 
GEOMETRIC_REPRESENTATION_ITEM() RATIONAL_B_SPLINE_SURFACE((
    (1.00731395893,1.00731395893,1.00731395893,1.007313958931
      ,1.00731395893,1.007313958931,1.00731395893,1.007313958931
      ,1.00731395893,1.00731395893,1.00731395893)
    ,(1.002414195399,1.002414195399,1.002414195399,1.002414195399
      ,1.002414195399,1.002414195399,1.002414195399,1.002414195399
      ,1.002414195399,1.002414195399,1.002414195399)
    ,(0.999512632189,0.999512632189,0.999512632189,0.999512632189
      ,0.999512632189,0.999512632189,0.999512632189,0.999512632189
      ,0.999512632189,0.999512632189,0.999512632189)
    ,(0.998551138584,0.998551138584,0.998551138584,0.998551138584
      ,0.998551138584,0.998551138584,0.998551138584,0.998551138584
      ,0.998551138584,0.998551138584,0.998551138584)
    ,(0.999512632189,0.999512632189,0.999512632189,0.999512632189
      ,0.999512632188,0.99951263219,0.999512632189,0.999512632189
      ,0.999512632189,0.999512632189,0.999512632189)
    ,(1.002414195399,1.002414195399,1.002414195399,1.002414195399
      ,1.002414195399,1.002414195399,1.002414195399,1.002414195399
      ,1.002414195399,1.002414195399,1.002414195399)
    ,(1.00731395893,1.00731395893,1.00731395893,1.007313958931
      ,1.00731395893,1.007313958931,1.00731395893,1.007313958931
,1.00731395893,1.00731395893,1.00731395893
))) REPRESENTATION_ITEM('') SURFACE() );
#126 = CARTESIAN_POINT('',(34.641016151378,20.,5.684341886081E-14));
#127 = CARTESIAN_POINT('',(28.357830844197,30.882796185406,
    15.000000000004));
#128 = CARTESIAN_POINT('',(19.430112530946,40.238942201078,
    29.999999999988));
#129 = CARTESIAN_POINT('',(7.647594809692,47.771500163649,
    45.000000000016));
#130 = CARTESIAN_POINT('',(-7.460555490465,52.338318329222,
    59.999999999986));
#131 = CARTESIAN_POINT('',(-25.51658560139,51.672892544253,
    75.000000000011));
#132 = CARTESIAN_POINT('',(-43.91904570782,43.221495959705,
    89.999999999989));
#133 = CARTESIAN_POINT('',(-57.88702364172,27.072525639669,105.));
#134 = CARTESIAN_POINT('',(-63.9583419023,6.60605543526,119.99999999999)
  );
#135 = CARTESIAN_POINT('',(-61.38630218783,-13.67580572189,135.));
#136 = CARTESIAN_POINT('',(-51.96152422706,-30.,150.));
#137 = CARTESIAN_POINT('',(31.373270048936,21.395969210825,
    2.84217094304E-14));
#138 = CARTESIAN_POINT('',(24.651528080019,31.252172681308,
    15.000000000003));
#139 = CARTESIAN_POINT('',(15.534704210457,39.475147017859,
    29.999999999994));
#140 = CARTESIAN_POINT('',(3.844842569508,45.768837150842,
    45.000000000004));
#141 = CARTESIAN_POINT('',(-10.78262176553,49.018504745076,
    60.000000000005));
#142 = CARTESIAN_POINT('',(-27.82898847135,47.105295479911,
    74.99999999999));
#143 = CARTESIAN_POINT('',(-44.64996832439,37.796480209925,
    90.000000000005));
#144 = CARTESIAN_POINT('',(-56.72575019389,21.515526071065,105.));
#145 = CARTESIAN_POINT('',(-61.01891110003,1.708410306259,
    119.99999999999));
#146 = CARTESIAN_POINT('',(-57.14251802677,-17.30964861051,135.));
#147 = CARTESIAN_POINT('',(-47.0599050734,-32.09395381623,150.));
#148 = CARTESIAN_POINT('',(28.338546993001,23.284026523048,0.));
#149 = CARTESIAN_POINT('',(21.02365432592,32.18684362771,15.000000000003
    ));
#150 = CARTESIAN_POINT('',(11.545340300797,39.312288013241,
    29.999999999991));
#151 = CARTESIAN_POINT('',(-0.242095941261,44.360235127348,
    45.000000000011));
#152 = CARTESIAN_POINT('',(-14.59338095478,46.226927457575,
    59.999999999993));
#153 = CARTESIAN_POINT('',(-30.82709193234,42.918708558055,
    75.000000000003));
#154 = CARTESIAN_POINT('',(-46.20720490271,32.515393381258,
    89.999999999996));
#155 = CARTESIAN_POINT('',(-56.42216603425,15.813518995394,105.));
#156 = CARTESIAN_POINT('',(-58.84670957792,-3.610388469203,
    119.99999999999));
#157 = CARTESIAN_POINT('',(-53.48015949012,-21.57181412757,135.));
#158 = CARTESIAN_POINT('',(-42.5078204895,-34.92603978457,150.));
#159 = CARTESIAN_POINT('',(25.61817560796,25.61817560796,0.));
#160 = CARTESIAN_POINT('',(17.569988379125,33.666362836794,
    15.000000000001));
#161 = CARTESIAN_POINT('',(7.566041401494,39.758980753837,30.));
#162 = CARTESIAN_POINT('',(-4.508013613142,43.586954052567,
    44.999999999994));
#163 = CARTESIAN_POINT('',(-18.79635160643,44.040666554273,
    60.000000000015));
#164 = CARTESIAN_POINT('',(-34.43716563836,39.225759756798,
    74.999999999983));
#165 = CARTESIAN_POINT('',(-48.55585595646,27.517875428975,
    90.000000000008));
#166 = CARTESIAN_POINT('',(-56.99043489135,10.115103875934,105.));
#167 = CARTESIAN_POINT('',(-57.50428871384,-9.21379357231,
    119.99999999999));
#168 = CARTESIAN_POINT('',(-50.49954425519,-26.35498256868,135.));
#169 = CARTESIAN_POINT('',(-38.42726341194,-38.42726341194,150.));
#170 = CARTESIAN_POINT('',(23.284026523048,28.338546993001,
    2.84217094304E-14));
#171 = CARTESIAN_POINT('',(14.381209418384,35.653439660081,
    15.000000000004));
#172 = CARTESIAN_POINT('',(3.700808935248,40.805084054834,29.99999999999
    ));
#173 = CARTESIAN_POINT('',(-8.841894570679,43.470794464782,
    45.000000000012));
#174 = CARTESIAN_POINT('',(-23.28269802465,42.518367355208,
    59.999999999992));
#175 = CARTESIAN_POINT('',(-38.5664176624,36.124182620298,
    75.000000000003));
#176 = CARTESIAN_POINT('',(-51.63654018302,22.935219850407,
    89.999999999996));
#177 = CARTESIAN_POINT('',(-58.4178975172,4.569185122521,105.));
#178 = CARTESIAN_POINT('',(-57.02880853259,-14.95610679287,
    119.99999999999));
#179 = CARTESIAN_POINT('',(-48.28026544156,-31.53548148888,135.));
#180 = CARTESIAN_POINT('',(-34.92603978457,-42.5078204895,150.));
#181 = CARTESIAN_POINT('',(21.395969210825,31.373270048936,
    2.84217094304E-14));
#182 = CARTESIAN_POINT('',(11.539765740341,38.095012017852,
    15.000000000002));
#183 = CARTESIAN_POINT('',(5.009991746348E-02,42.421831136649,
    29.999999999996));
#184 = CARTESIAN_POINT('',(-13.1306111027,44.013138045293,45.));
#185 = CARTESIAN_POINT('',(-27.93477912627,41.698043776032,
    60.00000000001));
#186 = CARTESIAN_POINT('',(-43.10592355394,33.693334892082,
    74.999999999984));
#187 = CARTESIAN_POINT('',(-55.36712967818,18.885829047908,
    90.000000000012));
#188 = CARTESIAN_POINT('',(-60.66519677757,-0.680071402678,
    104.99999999999));
#189 = CARTESIAN_POINT('',(-57.43049045143,-20.68731360318,120.));
#190 = CARTESIAN_POINT('',(-46.87825902196,-36.97729212002,
    134.99999999999));
#191 = CARTESIAN_POINT('',(-32.09395381623,-47.0599050734,150.));
#192 = CARTESIAN_POINT('',(20.,34.641016151378,0.));
#193 = CARTESIAN_POINT('',(9.117203814594,40.924201458557,
    15.000000000005));
#194 = CARTESIAN_POINT('',(-3.292500050351,44.56300243302,
    29.999999999985));
#195 = CARTESIAN_POINT('',(-17.26273869877,45.195130123459,
    45.000000000024));
#196 = CARTESIAN_POINT('',(-32.6301897457,41.59603551923,59.999999999973
    ));
#197 = CARTESIAN_POINT('',(-47.93445762077,31.991744829647,
    75.000000000024));
#198 = CARTESIAN_POINT('',(-59.6457572728,15.471390636762,
    89.999999999981));
#199 = CARTESIAN_POINT('',(-63.66789584303,-5.498016872305,
    105.00000000001));
#200 = CARTESIAN_POINT('',(-58.69257658896,-26.25815912541,
    119.99999999999));
#201 = CARTESIAN_POINT('',(-46.3241942781,-42.53674626629,135.));
#202 = CARTESIAN_POINT('',(-30.,-51.96152422706,150.));
#203 = DEFINITIONAL_REPRESENTATION('',(#204),#207);
#204 = B_SPLINE_CURVE_WITH_KNOTS('',1,(#205,#206),.UNSPECIFIED.,.F.,.F.,
  (2,2),(0.,150.),.PIECEWISE_BEZIER_KNOTS.);
#205 = CARTESIAN_POINT('',(0.763337317515,0.));
#206 = CARTESIAN_POINT('',(0.763337317515,150.));
#207 = ( GEOMETRIC_REPRESENTATION_CONTEXT(2) 
PARAMETRIC_REPRESENTATION_CONTEXT() REPRESENTATION_CONTEXT('2D SPACE',''
  ) );
#208 = ORIENTED_EDGE('',*,*,#209,.F.);
#209 = EDGE_CURVE('',#210,#22,#212,.T.);
#210 = VERTEX_POINT('',#211);
#211 = CARTESIAN_POINT('',(15.928547905577,35.57292117128,3.007113252462
    ));
#212 = SURFACE_CURVE('',#213,(#228,#246),.PCURVE_S1.);
#213 = B_SPLINE_CURVE_WITH_KNOTS('',7,(#214,#215,#216,#217,#218,#219,
    #220,#221,#222,#223,#224,#225,#226,#227),.UNSPECIFIED.,.F.,.F.,(8,6,
    8),(0.,0.450444888767,1.),.UNSPECIFIED.);
#214 = CARTESIAN_POINT('',(15.928547829178,35.572921283182,
    3.007113258859));
#215 = CARTESIAN_POINT('',(15.97927721906,35.696255437146,3.278394545988
    ));
#216 = CARTESIAN_POINT('',(16.003875626379,35.824871049767,
    3.556838533135));
#217 = CARTESIAN_POINT('',(16.003251424236,35.956822083844,
    3.840398215226));
#218 = CARTESIAN_POINT('',(15.978803227918,36.090164976489,
    4.127009458557));
#219 = CARTESIAN_POINT('',(15.932218051301,36.223073400869,
    4.414656471198));
#220 = CARTESIAN_POINT('',(15.865321199941,36.353911589536,
    4.701432302089));
#221 = CARTESIAN_POINT('',(15.675856736627,36.636642358529,
    5.332279879215));
#222 = CARTESIAN_POINT('',(15.544303195762,36.786796451652,
    5.674992187763));
#223 = CARTESIAN_POINT('',(15.388732180612,36.929160512983,
    6.010553180266));
#224 = CARTESIAN_POINT('',(15.212734195756,37.061528838462,
    6.335839689206));
#225 = CARTESIAN_POINT('',(15.020052665905,37.1822007648,6.647944093527)
  );
#226 = CARTESIAN_POINT('',(14.814442762713,37.290178833073,
    6.944495885603));
#227 = CARTESIAN_POINT('',(14.599482279464,37.385119356503,
    7.223790440223));
#228 = PCURVE('',#40,#229);
#229 = DEFINITIONAL_REPRESENTATION('',(#230),#245);
#230 = B_SPLINE_CURVE_WITH_KNOTS('',7,(#231,#232,#233,#234,#235,#236,
    #237,#238,#239,#240,#241,#242,#243,#244),.UNSPECIFIED.,.F.,.F.,(8,6,
    8),(0.,0.450444888767,1.),.UNSPECIFIED.);
#231 = CARTESIAN_POINT('',(6.771718369881E-02,3.007113258858));
#232 = CARTESIAN_POINT('',(5.86266178239E-02,3.278394545988));
#233 = CARTESIAN_POINT('',(5.02503252591E-02,3.556838533134));
#234 = CARTESIAN_POINT('',(4.260821363763E-02,3.840398215226));
#235 = CARTESIAN_POINT('',(3.570577644942E-02,4.127009458556));
#236 = CARTESIAN_POINT('',(2.953927910421E-02,4.414656471198));
#237 = CARTESIAN_POINT('',(2.409892861354E-02,4.701432302088));
#238 = CARTESIAN_POINT('',(1.360063716933E-02,5.332279879215));
#239 = CARTESIAN_POINT('',(8.891605365617E-03,5.674992187762));
#240 = CARTESIAN_POINT('',(5.215678109391E-03,6.010553180266));
#241 = CARTESIAN_POINT('',(2.54016113413E-03,6.335839689205));
#242 = CARTESIAN_POINT('',(8.217233968564E-04,6.647944093526));
#243 = CARTESIAN_POINT('',(3.169640865807E-14,6.944495885602));
#244 = CARTESIAN_POINT('',(3.078097571357E-16,7.223790440222));
#245 = ( GEOMETRIC_REPRESENTATION_CONTEXT(2) 
PARAMETRIC_REPRESENTATION_CONTEXT() REPRESENTATION_CONTEXT('2D SPACE',''
  ) );
#246 = PCURVE('',#247,#398);
#247 = ( BOUNDED_SURFACE() B_SPLINE_SURFACE(2,13,(
    (#248,#249,#250,#251,#252,#253,#254,#255,#256,#257,#258,#259,#260
      ,#261,#262,#263,#264,#265,#266,#267,#268,#269,#270,#271,#272,#273
      ,#274,#275,#276,#277,#278,#279,#280,#281,#282,#283,#284,#285,#286
      ,#287,#288,#289,#290,#291,#292,#293,#294,#295,#296,#297)
    ,(#298,#299,#300,#301,#302,#303,#304,#305,#306,#307,#308,#309,#310
      ,#311,#312,#313,#314,#315,#316,#317,#318,#319,#320,#321,#322,#323
      ,#324,#325,#326,#327,#328,#329,#330,#331,#332,#333,#334,#335,#336
      ,#337,#338,#339,#340,#341,#342,#343,#344,#345,#346,#347)
    ,(#348,#349,#350,#351,#352,#353,#354,#355,#356,#357,#358,#359,#360
      ,#361,#362,#363,#364,#365,#366,#367,#368,#369,#370,#371,#372,#373
      ,#374,#375,#376,#377,#378,#379,#380,#381,#382,#383,#384,#385,#386
      ,#387,#388,#389,#390,#391,#392,#393,#394,#395,#396,#397
)),.UNSPECIFIED.,.F.,.F.,.F.) B_SPLINE_SURFACE_WITH_KNOTS((3,3),(14,12,
    12,12,14),(0.,26.174596211357),(-1.908874923304,-0.909844309418,
    12.17745379626,25.264751901939,26.081756329808),.UNSPECIFIED.) 
GEOMETRIC_REPRESENTATION_ITEM() RATIONAL_B_SPLINE_SURFACE((
    (1.,1.,1.,1.,1.,1.,1.,1.,1.,1.,1.,1.,1.,1.,1.,1.,1.,1.,1.,1.,1.,1.
      ,1.,1.,1.,1.,1.,1.,1.,1.,1.,1.,1.,1.,1.,1.,1.,1.,1.,1.,1.,1.,1.,1.
      ,1.,1.,1.,1.,1.,1.)
    ,(0.874589043656,0.875085962011,0.87550006064,0.875831339542
      ,0.87607979872,0.876245438171,0.876328257897,0.876328257897
      ,0.876245438171,0.87607979872,0.875831339542,0.87550006064
      ,0.875085962011,0.868079414674,0.861094084584,0.853605149568
      ,0.845586424404,0.837012985144,0.82786090927,0.818107256915
      ,0.807730336354,0.796710297525,0.78503009664,0.772676875697
      ,0.759643800025,0.732220994994,0.717832363837,0.702759255871
      ,0.687059540841,0.670608415352,0.653780274354,0.636086655076
      ,0.618285962692,0.599915281657,0.581472751908,0.563006344079
      ,0.544750892277,0.525782941587,0.524854158352,0.524111131764
      ,0.523553861823,0.523182348529,0.522996591882,0.522996591882
      ,0.523182348529,0.523553861823,0.524111131764,0.524854158352
      ,0.525782941587,0.526897481468)
    ,(1.,1.,1.,1.,1.,1.,1.,1.,1.,1.,1.,1.,1.,1.,1.,1.,1.,1.,1.,1.,1.,1.
      ,1.,1.,1.,1.,1.,1.,1.,1.,1.,1.,1.,1.,1.,1.,1.,1.,1.,1.,1.,1.,1.,1.
,1.,1.,1.,1.,1.,1.))) REPRESENTATION_ITEM('') SURFACE() );
#248 = CARTESIAN_POINT('',(37.016879798136,20.568605251832,
    2.220267356543));
#249 = CARTESIAN_POINT('',(36.926389613753,20.60056497068,2.23167886044)
  );
#250 = CARTESIAN_POINT('',(36.837696516404,20.631889986474,
    2.242863737926));
#251 = CARTESIAN_POINT('',(36.750800506089,20.662580299215,
    2.253821989002));
#252 = CARTESIAN_POINT('',(36.665701582809,20.692635908901,
    2.264553613666));
#253 = CARTESIAN_POINT('',(36.582399746564,20.722056815534,2.27505861192
    ));
#254 = CARTESIAN_POINT('',(36.500894997353,20.750843019113,
    2.285336983763));
#255 = CARTESIAN_POINT('',(36.421187335177,20.778994519638,
    2.295388729195));
#256 = CARTESIAN_POINT('',(36.343276760035,20.806511317109,
    2.305213848216));
#257 = CARTESIAN_POINT('',(36.267163271928,20.833393411526,
    2.314812340827));
#258 = CARTESIAN_POINT('',(36.192846870856,20.85964080289,2.324184207027
    ));
#259 = CARTESIAN_POINT('',(36.120327556818,20.8852534912,2.333329446816)
  );
#260 = CARTESIAN_POINT('',(36.049605329815,20.910231476456,
    2.342248060194));
#261 = CARTESIAN_POINT('',(35.077761058833,21.253471683959,
    2.464805050889));
#262 = CARTESIAN_POINT('',(34.183761830337,21.601481935772,
    2.586072303478));
#263 = CARTESIAN_POINT('',(33.298857867341,21.977597681053,
    2.715011834647));
#264 = CARTESIAN_POINT('',(32.423160373248,22.38075128212,2.851822791077
    ));
#265 = CARTESIAN_POINT('',(31.556616927093,22.809892900675,
    2.996641653224));
#266 = CARTESIAN_POINT('',(30.698964368536,23.264052480177,
    3.149543907549));
#267 = CARTESIAN_POINT('',(29.849723817578,23.742389253197,
    3.310539988538));
#268 = CARTESIAN_POINT('',(29.008227599027,24.244231906384,
    3.479566302674));
#269 = CARTESIAN_POINT('',(28.173667864074,24.769112556193,
    3.656472149701));
#270 = CARTESIAN_POINT('',(27.345156673255,25.316797663086,
    3.841003352637));
#271 = CARTESIAN_POINT('',(26.521787334906,25.887319038704,
    4.032783412039));
#272 = CARTESIAN_POINT('',(25.702686766389,26.481008076513,
    4.231292996421));
#273 = CARTESIAN_POINT('',(24.071410565147,27.716064632855,
    4.640404170496));
#274 = CARTESIAN_POINT('',(23.259268705948,28.357406215109,
    4.850992544536));
#275 = CARTESIAN_POINT('',(22.44964718542,29.023438505639,5.067033774058
    ));
#276 = CARTESIAN_POINT('',(21.64298107354,29.714016178668,5.287110347116
    ));
#277 = CARTESIAN_POINT('',(20.835364815784,30.434116255863,
    5.511928510058));
#278 = CARTESIAN_POINT('',(20.034867113904,31.176892200728,
    5.736176568193));
#279 = CARTESIAN_POINT('',(19.228055676507,31.958886650513,
    5.964953080695));
#280 = CARTESIAN_POINT('',(18.433862334102,32.763752305127,
    6.188254912016));
#281 = CARTESIAN_POINT('',(17.637682886504,33.611517299319,6.41126030009
    ));
#282 = CARTESIAN_POINT('',(16.853734778922,34.493060057313,
    6.627438611005));
#283 = CARTESIAN_POINT('',(16.081524205594,35.415790178864,
    6.836372423082));
#284 = CARTESIAN_POINT('',(15.328064105643,36.379645130835,
    7.035652096407));
#285 = CARTESIAN_POINT('',(14.553998897544,37.447888377873,
    7.235535405357));
#286 = CARTESIAN_POINT('',(14.507864982691,37.511555162641,
    7.247448354626));
#287 = CARTESIAN_POINT('',(14.461080534908,37.576119710806,
    7.259529288032));
#288 = CARTESIAN_POINT('',(14.413645554194,37.641582022367,
    7.271778205572));
#289 = CARTESIAN_POINT('',(14.365560040548,37.707942097326,
    7.284195107249));
#290 = CARTESIAN_POINT('',(14.316823993972,37.775199935681,
    7.296779993061));
#291 = CARTESIAN_POINT('',(14.267437414464,37.843355537434,
    7.309532863008));
#292 = CARTESIAN_POINT('',(14.217400302025,37.912408902583,
    7.322453717091));
#293 = CARTESIAN_POINT('',(14.166712656654,37.982360031129,7.33554255531
    ));
#294 = CARTESIAN_POINT('',(14.115374478353,38.053208923073,
    7.348799377664));
#295 = CARTESIAN_POINT('',(14.06338576712,38.124955578413,7.362224184154
    ));
#296 = CARTESIAN_POINT('',(14.010746522956,38.197599997151,
    7.375816974779));
#297 = CARTESIAN_POINT('',(13.957456745861,38.271142179285,7.38957774954
    ));
#298 = CARTESIAN_POINT('',(36.484886572584,19.178494246646,
    -2.497481795921E-13));
#299 = CARTESIAN_POINT('',(36.397108208439,19.211295713407,
    -2.279991976903E-13));
#300 = CARTESIAN_POINT('',(36.310759069464,19.243563100018,
    -2.066043371331E-13));
#301 = CARTESIAN_POINT('',(36.225812632563,19.275306317764,
    -1.855570262522E-13));
#302 = CARTESIAN_POINT('',(36.142243215399,19.306534963752,
    -1.648509016944E-13));
#303 = CARTESIAN_POINT('',(36.060025950522,19.337258330579,
    -1.444798020134E-13));
#304 = CARTESIAN_POINT('',(35.979136760718,19.367485415539,
    -1.244377615604E-13));
#305 = CARTESIAN_POINT('',(35.899552335506,19.397224929412,
    -1.047190046608E-13));
#306 = CARTESIAN_POINT('',(35.821250108741,19.426485304831,
    -8.531794006615E-14));
#307 = CARTESIAN_POINT('',(35.744208237284,19.455274704251,
    -6.622915566781E-14));
#308 = CARTESIAN_POINT('',(35.668405580688,19.483601027542,
    -4.744741346425E-14));
#309 = CARTESIAN_POINT('',(35.593821681863,19.511471919213,
    -2.896764477067E-14));
#310 = CARTESIAN_POINT('',(35.520436748689,19.538894775286,
    -1.078494566225E-14));
#311 = CARTESIAN_POINT('',(34.494710324077,19.922193456578,
    2.433608869978E-13));
#312 = CARTESIAN_POINT('',(33.554239510687,20.314800909415,
    -1.059152765492E-12));
#313 = CARTESIAN_POINT('',(32.628323291769,20.743019264575,
    2.942979193676E-12));
#314 = CARTESIAN_POINT('',(31.718516263499,21.206037633565,
    -5.861977570021E-12));
#315 = CARTESIAN_POINT('',(30.826373076454,21.702947876471,
    9.068745754348E-12));
#316 = CARTESIAN_POINT('',(29.953429419821,22.232762701184,
    -1.111422065492E-11));
#317 = CARTESIAN_POINT('',(29.101206188381,22.794421813911,
    1.099742519273E-11));
#318 = CARTESIAN_POINT('',(28.271228593887,23.386789477537,
    -8.754330593774E-12));
#319 = CARTESIAN_POINT('',(27.465051738789,24.008646430262,
    5.62883073485E-12));
#320 = CARTESIAN_POINT('',(26.684283619794,24.658678704303,
    -2.794653397586E-12));
#321 = CARTESIAN_POINT('',(25.930595537294,25.33546547899,
    1.012967487668E-12));
#322 = CARTESIAN_POINT('',(25.205708340702,26.037467716051,
    -1.891820033961E-13));
#323 = CARTESIAN_POINT('',(23.790967790867,27.51574325129,
    1.492139745096E-13));
#324 = CARTESIAN_POINT('',(23.099769883433,28.297656549067,
    -5.009326287109E-13));
#325 = CARTESIAN_POINT('',(22.440030768038,29.107500815801,
    1.347366662685E-12));
#326 = CARTESIAN_POINT('',(21.813383472715,29.944303515533,
    -2.855493619336E-12));
#327 = CARTESIAN_POINT('',(21.224221523641,30.805625517526,
    5.151434834261E-12));
#328 = CARTESIAN_POINT('',(20.67131559591,31.690427216477,
    -7.746248087415E-12));
#329 = CARTESIAN_POINT('',(20.162504748237,32.597043912806,
    9.502620912372E-12));
#330 = CARTESIAN_POINT('',(19.695671177241,33.518589614123,
    -9.097611552988E-12));
#331 = CARTESIAN_POINT('',(19.274771657114,34.459845004751,
    6.639133687258E-12));
#332 = CARTESIAN_POINT('',(18.902293131521,35.408890745309,
    -3.579359031392E-12));
#333 = CARTESIAN_POINT('',(18.577050237406,36.368091594433,
    1.369571123178E-12));
#334 = CARTESIAN_POINT('',(18.299096237071,37.333451864589,
    -2.864375403533E-13));
#335 = CARTESIAN_POINT('',(18.051892707305,38.366943372571,
    2.5618793001E-14));
#336 = CARTESIAN_POINT('',(18.036015857839,38.433320212386,
    4.566086697283E-14));
#337 = CARTESIAN_POINT('',(18.01929211265,38.503237695568,
    6.67720161896E-14));
#338 = CARTESIAN_POINT('',(18.001735666728,38.576636476677,
    8.893432166423E-14));
#339 = CARTESIAN_POINT('',(17.983362559534,38.65344949904,
    1.121275360521E-13));
#340 = CARTESIAN_POINT('',(17.964190627855,38.733602191848,
    1.363291431604E-13));
#341 = CARTESIAN_POINT('',(17.944239448835,38.817012708316,
    1.615144298621E-13));
#342 = CARTESIAN_POINT('',(17.923530273561,38.903592203373,
    1.876565699401E-13));
#343 = CARTESIAN_POINT('',(17.902085951656,38.993245148878,
    2.147267192667E-13));
#344 = CARTESIAN_POINT('',(17.87993084747,39.085869684041,
    2.426941216094E-13));
#345 = CARTESIAN_POINT('',(17.857090748482,39.181357998336,
    2.715262242509E-13));
#346 = CARTESIAN_POINT('',(17.833592766659,39.279596743927,
    3.011888025165E-13));
#347 = CARTESIAN_POINT('',(17.809465233526,39.380467474311,
    3.316460922218E-13));
#348 = CARTESIAN_POINT('',(35.506809673502,16.676618157749,
    -1.233483496002E-13));
#349 = CARTESIAN_POINT('',(35.424997792811,16.700148396921,
    -1.133817650973E-13));
#350 = CARTESIAN_POINT('',(35.34318591212,16.723678636092,
    -1.034151805943E-13));
#351 = CARTESIAN_POINT('',(35.261374031429,16.747208875264,
    -9.344859609142E-14));
#352 = CARTESIAN_POINT('',(35.179562150738,16.770739114435,
    -8.348201158849E-14));
#353 = CARTESIAN_POINT('',(35.097750270047,16.794269353607,
    -7.351542708555E-14));
#354 = CARTESIAN_POINT('',(35.015938389357,16.817799592778,
    -6.354884258262E-14));
#355 = CARTESIAN_POINT('',(34.934126508666,16.84132983195,
    -5.358225807969E-14));
#356 = CARTESIAN_POINT('',(34.852314627975,16.864860071121,
    -4.361567357676E-14));
#357 = CARTESIAN_POINT('',(34.770502747284,16.888390310293,
    -3.364908907383E-14));
#358 = CARTESIAN_POINT('',(34.688690866593,16.911920549464,
    -2.36825045709E-14));
#359 = CARTESIAN_POINT('',(34.606878985903,16.935450788636,
    -1.371592006796E-14));
#360 = CARTESIAN_POINT('',(34.525067105212,16.958981027807,
    -3.749335565031E-15));
#361 = CARTESIAN_POINT('',(33.371519827924,17.290757330969,
    1.367794766338E-13));
#362 = CARTESIAN_POINT('',(32.305473462934,17.635815953956,
    -5.431211036465E-13));
#363 = CARTESIAN_POINT('',(31.246114665954,18.017325103324,
    1.367350677129E-12));
#364 = CARTESIAN_POINT('',(30.19427823428,18.434979869484,
    -2.373656826644E-12));
#365 = CARTESIAN_POINT('',(29.150710709091,18.888507702871,
    3.11306536106E-12));
#366 = CARTESIAN_POINT('',(28.11611411907,19.377662187416,
    -3.09530179264E-12));
#367 = CARTESIAN_POINT('',(27.091167230269,19.902230134694,
    2.391420395055E-12));
#368 = CARTESIAN_POINT('',(26.076533536633,20.46204676784,
    -1.388666959195E-12));
#369 = CARTESIAN_POINT('',(25.072865242735,21.057013786076,
    6.115108419653E-13));
#370 = CARTESIAN_POINT('',(24.080812468322,21.687115074111,
    -2.007283228519E-13));
#371 = CARTESIAN_POINT('',(23.101046927973,22.352424848354,
    1.016964290557E-13));
#372 = CARTESIAN_POINT('',(22.134309317539,23.053103007305,
    -7.37188088351E-14));
#373 = CARTESIAN_POINT('',(20.22866999387,24.525641936787,
    2.051692149508E-13));
#374 = CARTESIAN_POINT('',(19.289804886342,25.297413574091,
    -1.231903468123E-12));
#375 = CARTESIAN_POINT('',(18.365291641409,26.10588452659,
    3.657074643121E-12));
#376 = CARTESIAN_POINT('',(17.458484841012,26.946554163775,
    -7.465583706763E-12));
#377 = CARTESIAN_POINT('',(16.562747725135,27.83529310307,
    1.161115648081E-11));
#378 = CARTESIAN_POINT('',(15.69736199548,28.737501841939,
    -1.411804007024E-11));
#379 = CARTESIAN_POINT('',(14.83324407615,29.712127756595,
    1.366640134403E-11));
#380 = CARTESIAN_POINT('',(14.011392202972,30.687622808067,
    -1.053823694967E-11));
#381 = CARTESIAN_POINT('',(13.197523386863,31.728933170205,
    6.493472426455E-12));
#382 = CARTESIAN_POINT('',(12.418165882695,32.797327730757,
    -3.105515844475E-12));
#383 = CARTESIAN_POINT('',(11.666616019435,33.907819093684,
    1.108446667787E-12));
#384 = CARTESIAN_POINT('',(10.949586951822,35.055141220613,
    -2.287059430727E-13));
#385 = CARTESIAN_POINT('',(10.228317835276,36.311607300669,
    2.277011487211E-14));
#386 = CARTESIAN_POINT('',(10.185936704652,36.385436127998,
    3.754662396692E-14));
#387 = CARTESIAN_POINT('',(10.143555574029,36.459264955326,
    5.232313306173E-14));
#388 = CARTESIAN_POINT('',(10.101174443405,36.533093782655,
    6.709964215654E-14));
#389 = CARTESIAN_POINT('',(10.058793312782,36.606922609983,
    8.187615125135E-14));
#390 = CARTESIAN_POINT('',(10.016412182158,36.680751437312,
    9.665266034616E-14));
#391 = CARTESIAN_POINT('',(9.974031051535,36.75458026464,
    1.11429169441E-13));
#392 = CARTESIAN_POINT('',(9.931649920911,36.828409091969,
    1.262056785358E-13));
#393 = CARTESIAN_POINT('',(9.889268790288,36.902237919297,
    1.409821876306E-13));
#394 = CARTESIAN_POINT('',(9.846887659664,36.976066746626,
    1.557586967254E-13));
#395 = CARTESIAN_POINT('',(9.804506529041,37.049895573954,
    1.705352058202E-13));
#396 = CARTESIAN_POINT('',(9.762125398417,37.123724401283,
    1.85311714915E-13));
#397 = CARTESIAN_POINT('',(9.719744267794,37.197553228612,
    2.000882240098E-13));
#398 = DEFINITIONAL_REPRESENTATION('',(#399),#414);
#399 = B_SPLINE_CURVE_WITH_KNOTS('',7,(#400,#401,#402,#403,#404,#405,
    #406,#407,#408,#409,#410,#411,#412,#413),.UNSPECIFIED.,.F.,.F.,(8,6,
    8),(0.,0.450444888767,1.),.UNSPECIFIED.);
#400 = CARTESIAN_POINT('',(10.801379516014,23.4028786026));
#401 = CARTESIAN_POINT('',(10.095601515679,23.492379005403));
#402 = CARTESIAN_POINT('',(9.396060845705,23.594335195585));
#403 = CARTESIAN_POINT('',(8.702206111617,23.706718922216));
#404 = CARTESIAN_POINT('',(8.012992464993,23.827202058448));
#405 = CARTESIAN_POINT('',(7.327003536359,23.953395651372));
#406 = CARTESIAN_POINT('',(6.642549936048,24.083028699106));
#407 = CARTESIAN_POINT('',(5.122262704229,24.373936553275));
#408 = CARTESIAN_POINT('',(4.286456007357,24.535859005859));
#409 = CARTESIAN_POINT('',(3.446933800944,24.696128305788));
#410 = CARTESIAN_POINT('',(2.600626584488,24.851411038061));
#411 = CARTESIAN_POINT('',(1.744987514165,24.999026078525));
#412 = CARTESIAN_POINT('',(0.878339847727,25.137154875769));
#413 = CARTESIAN_POINT('',(0.,25.264751901939));
#414 = ( GEOMETRIC_REPRESENTATION_CONTEXT(2) 
PARAMETRIC_REPRESENTATION_CONTEXT() REPRESENTATION_CONTEXT('2D SPACE',''
  ) );
#415 = ORIENTED_EDGE('',*,*,#416,.T.);
#416 = EDGE_CURVE('',#210,#417,#419,.T.);
#417 = VERTEX_POINT('',#418);
#418 = CARTESIAN_POINT('',(-6.049037142135,39.676204225977,
    7.223790440223));
#419 = SURFACE_CURVE('',#420,(#471,#509),.PCURVE_S1.);
#420 = B_SPLINE_CURVE_WITH_KNOTS('',13,(#421,#422,#423,#424,#425,#426,
    #427,#428,#429,#430,#431,#432,#433,#434,#435,#436,#437,#438,#439,
    #440,#441,#442,#443,#444,#445,#446,#447,#448,#449,#450,#451,#452,
    #453,#454,#455,#456,#457,#458,#459,#460,#461,#462,#463,#464,#465,
    #466,#467,#468,#469,#470),.UNSPECIFIED.,.F.,.F.,(14,12,12,12,14),(
    -1.908874923305,-0.909844309418,12.177453796258,25.264751901935,
    26.081756329806),.UNSPECIFIED.);
#421 = CARTESIAN_POINT('',(21.773255648105,36.321374567569,
    2.220267356544));
#422 = CARTESIAN_POINT('',(21.678908990212,36.303807403797,
    2.231678860441));
#423 = CARTESIAN_POINT('',(21.58643600687,36.286589114574,2.242863737927
    ));
#424 = CARTESIAN_POINT('',(21.49583669808,36.2697196999,2.253821989002)
  );
#425 = CARTESIAN_POINT('',(21.407111063842,36.253199159775,
    2.264553613667));
#426 = CARTESIAN_POINT('',(21.320259104155,36.237027494199,2.27505861192
    ));
#427 = CARTESIAN_POINT('',(21.23528081902,36.221204703171,2.285336983763
    ));
#428 = CARTESIAN_POINT('',(21.152176208437,36.205730786693,
    2.295388729195));
#429 = CARTESIAN_POINT('',(21.070945272405,36.190605744763,
    2.305213848217));
#430 = CARTESIAN_POINT('',(20.991588010925,36.175829577382,
    2.314812340827));
#431 = CARTESIAN_POINT('',(20.914104423996,36.161402284549,
    2.324184207027));
#432 = CARTESIAN_POINT('',(20.83849451162,36.147323866266,2.333329446816
    ));
#433 = CARTESIAN_POINT('',(20.764758273795,36.133594322531,
    2.342248060195));
#434 = CARTESIAN_POINT('',(19.751496342851,35.944926926338,
    2.464805050889));
#435 = CARTESIAN_POINT('',(18.803265174101,35.79931303094,2.586072303479
    ));
#436 = CARTESIAN_POINT('',(17.848857989602,35.682586839607,
    2.715011834645));
#437 = CARTESIAN_POINT('',(16.888904913149,35.593879352751,
    2.851822791082));
#438 = CARTESIAN_POINT('',(15.923885466017,35.532255173075,
    2.996641653215));
#439 = CARTESIAN_POINT('',(14.954056772946,35.496742627162,3.14954390756
    ));
#440 = CARTESIAN_POINT('',(13.979424495362,35.4863741485,3.310539988526)
  );
#441 = CARTESIAN_POINT('',(12.999746066338,35.500234525768,
    3.479566302684));
#442 = CARTESIAN_POINT('',(12.01455580997,35.537514634838,3.656472149693
    ));
#443 = CARTESIAN_POINT('',(11.023201517965,35.597568255363,
    3.841003352641));
#444 = CARTESIAN_POINT('',(10.024882066444,35.67996959083,4.032783412037
    ));
#445 = CARTESIAN_POINT('',(9.018675646951,35.78456909528,4.231292996421)
  );
#446 = CARTESIAN_POINT('',(6.988420737914,36.038521347551,4.640404170495
    ));
#447 = CARTESIAN_POINT('',(5.964414465248,36.187868520728,4.850992544541
    ));
#448 = CARTESIAN_POINT('',(4.930245515742,36.359858643667,5.067033774043
    ));
#449 = CARTESIAN_POINT('',(3.886363334003,36.554583396167,5.287110347147
    ));
#450 = CARTESIAN_POINT('',(2.826897099602,36.774400226869,5.511928510011
    ));
#451 = CARTESIAN_POINT('',(1.762257781799,37.017414214242,5.736176568247
    ));
#452 = CARTESIAN_POINT('',(0.672541355893,37.291235553852,5.964953080644
    ));
#453 = CARTESIAN_POINT('',(-0.417683081298,37.591172986931,
    6.188254912057));
#454 = CARTESIAN_POINT('',(-1.531077206087,37.927269283978,
    6.411260300062));
#455 = CARTESIAN_POINT('',(-2.650767561452,38.298733653471,6.62743861102
    ));
#456 = CARTESIAN_POINT('',(-3.780886595817,38.71173609275,6.836372423076
    ));
#457 = CARTESIAN_POINT('',(-4.915329659094,39.169728916797,
    7.035652096408));
#458 = CARTESIAN_POINT('',(-6.119811417014,39.707822102094,
    7.235535405356));
#459 = CARTESIAN_POINT('',(-6.191597951635,39.739892197653,
    7.247448354626));
#460 = CARTESIAN_POINT('',(-6.264396746,39.772414512655,7.259529288031)
  );
#461 = CARTESIAN_POINT('',(-6.338207800108,39.8053890471,7.271778205572)
  );
#462 = CARTESIAN_POINT('',(-6.413031113958,39.838815800988,
    7.284195107248));
#463 = CARTESIAN_POINT('',(-6.488866687552,39.872694774319,7.29677999306
    ));
#464 = CARTESIAN_POINT('',(-6.565714520888,39.907025967092,
    7.309532863007));
#465 = CARTESIAN_POINT('',(-6.643574613968,39.941809379308,
    7.322453717091));
#466 = CARTESIAN_POINT('',(-6.72244696679,39.977045010967,7.335542555309
    ));
#467 = CARTESIAN_POINT('',(-6.802331579355,40.012732862069,
    7.348799377663));
#468 = CARTESIAN_POINT('',(-6.883228451663,40.048872932613,
    7.362224184153));
#469 = CARTESIAN_POINT('',(-6.965137583714,40.0854652226,7.375816974778)
  );
#470 = CARTESIAN_POINT('',(-7.048058975508,40.12250973203,7.389577749539
    ));
#471 = PCURVE('',#40,#472);
#472 = DEFINITIONAL_REPRESENTATION('',(#473),#508);
#473 = B_SPLINE_CURVE_WITH_KNOTS('',9,(#474,#475,#476,#477,#478,#479,
    #480,#481,#482,#483,#484,#485,#486,#487,#488,#489,#490,#491,#492,
    #493,#494,#495,#496,#497,#498,#499,#500,#501,#502,#503,#504,#505,
    #506,#507),.UNSPECIFIED.,.F.,.F.,(10,8,8,8,10),(4.110950065678,
    9.399400524742,14.687850983806,19.976301442871,25.264751901935),
  .UNSPECIFIED.);
#474 = CARTESIAN_POINT('',(6.771718237326E-02,3.007113252461));
#475 = CARTESIAN_POINT('',(8.582735325619E-02,3.094509962732));
#476 = CARTESIAN_POINT('',(0.103889930266,3.184737481748));
#477 = CARTESIAN_POINT('',(0.121911209217,3.277798051));
#478 = CARTESIAN_POINT('',(0.13989864635,3.373683476436));
#479 = CARTESIAN_POINT('',(0.157860877764,3.472373533803));
#480 = CARTESIAN_POINT('',(0.175807738847,3.573834373996));
#481 = CARTESIAN_POINT('',(0.193750283709,3.678016928405));
#482 = CARTESIAN_POINT('',(0.211700804614,3.784855314262));
#483 = CARTESIAN_POINT('',(0.247644898199,4.003675165716));
#484 = CARTESIAN_POINT('',(0.265638471758,4.115657069729));
#485 = CARTESIAN_POINT('',(0.283667104782,4.230121931796));
#486 = CARTESIAN_POINT('',(0.301745821338,4.346981010628));
#487 = CARTESIAN_POINT('',(0.319889882716,4.466078342652));
#488 = CARTESIAN_POINT('',(0.338119183657,4.587309745383));
#489 = CARTESIAN_POINT('',(0.356449768777,4.710461768355));
#490 = CARTESIAN_POINT('',(0.374903012724,4.835343571262));
#491 = CARTESIAN_POINT('',(0.412096004788,5.088080570157));
#492 = CARTESIAN_POINT('',(0.430835815534,5.215936575936));
#493 = CARTESIAN_POINT('',(0.449739684167,5.34503628583));
#494 = CARTESIAN_POINT('',(0.468829580079,5.475107520468));
#495 = CARTESIAN_POINT('',(0.488128286927,5.605841626736));
#496 = CARTESIAN_POINT('',(0.507658962597,5.736890679999));
#497 = CARTESIAN_POINT('',(0.527444671061,5.867869985186));
#498 = CARTESIAN_POINT('',(0.547507886151,5.99836587669));
#499 = CARTESIAN_POINT('',(0.588232048307,6.257531757535));
#500 = CARTESIAN_POINT('',(0.60889292135,6.386201208432));
#501 = CARTESIAN_POINT('',(0.62987420517,6.513530555691));
#502 = CARTESIAN_POINT('',(0.651194030344,6.639054964066));
#503 = CARTESIAN_POINT('',(0.672873442875,6.762348650021));
#504 = CARTESIAN_POINT('',(0.694917102855,6.882862063612));
#505 = CARTESIAN_POINT('',(0.717344087196,7.000220627775));
#506 = CARTESIAN_POINT('',(0.740151498549,7.113976719953));
#507 = CARTESIAN_POINT('',(0.763337317515,7.223790440222));
#508 = ( GEOMETRIC_REPRESENTATION_CONTEXT(2) 
PARAMETRIC_REPRESENTATION_CONTEXT() REPRESENTATION_CONTEXT('2D SPACE',''
  ) );
#509 = PCURVE('',#510,#661);
#510 = ( BOUNDED_SURFACE() B_SPLINE_SURFACE(2,13,(
    (#511,#512,#513,#514,#515,#516,#517,#518,#519,#520,#521,#522,#523
      ,#524,#525,#526,#527,#528,#529,#530,#531,#532,#533,#534,#535,#536
      ,#537,#538,#539,#540,#541,#542,#543,#544,#545,#546,#547,#548,#549
      ,#550,#551,#552,#553,#554,#555,#556,#557,#558,#559,#560)
    ,(#561,#562,#563,#564,#565,#566,#567,#568,#569,#570,#571,#572,#573
      ,#574,#575,#576,#577,#578,#579,#580,#581,#582,#583,#584,#585,#586
      ,#587,#588,#589,#590,#591,#592,#593,#594,#595,#596,#597,#598,#599
      ,#600,#601,#602,#603,#604,#605,#606,#607,#608,#609,#610)
    ,(#611,#612,#613,#614,#615,#616,#617,#618,#619,#620,#621,#622,#623
      ,#624,#625,#626,#627,#628,#629,#630,#631,#632,#633,#634,#635,#636
      ,#637,#638,#639,#640,#641,#642,#643,#644,#645,#646,#647,#648,#649
      ,#650,#651,#652,#653,#654,#655,#656,#657,#658,#659,#660
)),.UNSPECIFIED.,.F.,.F.,.F.) B_SPLINE_SURFACE_WITH_KNOTS((3,3),(14,12,
    12,12,14),(0.,26.174596211353),(-1.908874923305,-0.909844309418,
    12.177453796258,25.264751901935,26.081756329806),.UNSPECIFIED.) 
GEOMETRIC_REPRESENTATION_ITEM() RATIONAL_B_SPLINE_SURFACE((
    (1.,1.,1.,1.,1.,1.,1.,1.,1.,1.,1.,1.,1.,1.,1.,1.,1.,1.,1.,1.,1.,1.
      ,1.,1.,1.,1.,1.,1.,1.,1.,1.,1.,1.,1.,1.,1.,1.,1.,1.,1.,1.,1.,1.,1.
      ,1.,1.,1.,1.,1.,1.)
    ,(0.874589043656,0.875085962011,0.87550006064,0.875831339542
      ,0.87607979872,0.876245438171,0.876328257897,0.876328257897
      ,0.876245438171,0.87607979872,0.875831339542,0.87550006064
      ,0.875085962011,0.868079414674,0.861094084584,0.853605149568
      ,0.845586424404,0.837012985143,0.827860909271,0.818107256914
      ,0.807730336356,0.796710297524,0.785030096641,0.772676875697
      ,0.759643800025,0.732220994994,0.717832363837,0.702759255869
      ,0.687059540845,0.670608415347,0.653780274361,0.636086655069
      ,0.618285962698,0.599915281654,0.581472751909,0.563006344079
      ,0.544750892277,0.525782941587,0.524854158352,0.524111131764
      ,0.523553861823,0.523182348529,0.522996591882,0.522996591882
      ,0.523182348529,0.523553861823,0.524111131764,0.524854158352
      ,0.525782941587,0.526897481468)
    ,(1.,1.,1.,1.,1.,1.,1.,1.,1.,1.,1.,1.,1.,1.,1.,1.,1.,1.,1.,1.,1.,1.
      ,1.,1.,1.,1.,1.,1.,1.,1.,1.,1.,1.,1.,1.,1.,1.,1.,1.,1.,1.,1.,1.,1.
,1.,1.,1.,1.,1.,1.))) REPRESENTATION_ITEM('') SURFACE() );
#511 = CARTESIAN_POINT('',(21.773255648105,36.321374567569,
    2.220267356544));
#512 = CARTESIAN_POINT('',(21.678908990212,36.303807403797,
    2.231678860441));
#513 = CARTESIAN_POINT('',(21.58643600687,36.286589114574,2.242863737927
    ));
#514 = CARTESIAN_POINT('',(21.49583669808,36.2697196999,2.253821989002)
  );
#515 = CARTESIAN_POINT('',(21.407111063842,36.253199159775,
    2.264553613667));
#516 = CARTESIAN_POINT('',(21.320259104155,36.237027494199,2.27505861192
    ));
#517 = CARTESIAN_POINT('',(21.23528081902,36.221204703171,2.285336983763
    ));
#518 = CARTESIAN_POINT('',(21.152176208437,36.205730786693,
    2.295388729195));
#519 = CARTESIAN_POINT('',(21.070945272405,36.190605744763,
    2.305213848217));
#520 = CARTESIAN_POINT('',(20.991588010925,36.175829577382,
    2.314812340827));
#521 = CARTESIAN_POINT('',(20.914104423996,36.161402284549,
    2.324184207027));
#522 = CARTESIAN_POINT('',(20.83849451162,36.147323866266,2.333329446816
    ));
#523 = CARTESIAN_POINT('',(20.764758273795,36.133594322531,
    2.342248060195));
#524 = CARTESIAN_POINT('',(19.751496342851,35.944926926338,
    2.464805050889));
#525 = CARTESIAN_POINT('',(18.803265174101,35.79931303094,2.586072303479
    ));
#526 = CARTESIAN_POINT('',(17.848857989602,35.682586839607,
    2.715011834645));
#527 = CARTESIAN_POINT('',(16.888904913149,35.593879352751,
    2.851822791082));
#528 = CARTESIAN_POINT('',(15.923885466017,35.532255173075,
    2.996641653215));
#529 = CARTESIAN_POINT('',(14.954056772946,35.496742627162,3.14954390756
    ));
#530 = CARTESIAN_POINT('',(13.979424495362,35.4863741485,3.310539988526)
  );
#531 = CARTESIAN_POINT('',(12.999746066338,35.500234525768,
    3.479566302684));
#532 = CARTESIAN_POINT('',(12.01455580997,35.537514634838,3.656472149693
    ));
#533 = CARTESIAN_POINT('',(11.023201517965,35.597568255363,
    3.841003352641));
#534 = CARTESIAN_POINT('',(10.024882066444,35.67996959083,4.032783412037
    ));
#535 = CARTESIAN_POINT('',(9.018675646951,35.78456909528,4.231292996421)
  );
#536 = CARTESIAN_POINT('',(6.988420737914,36.038521347551,4.640404170495
    ));
#537 = CARTESIAN_POINT('',(5.964414465248,36.187868520728,4.850992544541
    ));
#538 = CARTESIAN_POINT('',(4.930245515742,36.359858643667,5.067033774043
    ));
#539 = CARTESIAN_POINT('',(3.886363334003,36.554583396167,5.287110347147
    ));
#540 = CARTESIAN_POINT('',(2.826897099602,36.774400226869,5.511928510011
    ));
#541 = CARTESIAN_POINT('',(1.762257781799,37.017414214242,5.736176568247
    ));
#542 = CARTESIAN_POINT('',(0.672541355893,37.291235553852,5.964953080644
    ));
#543 = CARTESIAN_POINT('',(-0.417683081298,37.591172986931,
    6.188254912057));
#544 = CARTESIAN_POINT('',(-1.531077206087,37.927269283978,
    6.411260300062));
#545 = CARTESIAN_POINT('',(-2.650767561452,38.298733653471,6.62743861102
    ));
#546 = CARTESIAN_POINT('',(-3.780886595817,38.71173609275,6.836372423076
    ));
#547 = CARTESIAN_POINT('',(-4.915329659094,39.169728916797,
    7.035652096408));
#548 = CARTESIAN_POINT('',(-6.119811417014,39.707822102094,
    7.235535405356));
#549 = CARTESIAN_POINT('',(-6.191597951635,39.739892197653,
    7.247448354626));
#550 = CARTESIAN_POINT('',(-6.264396746,39.772414512655,7.259529288031)
  );
#551 = CARTESIAN_POINT('',(-6.338207800108,39.8053890471,7.271778205572)
  );
#552 = CARTESIAN_POINT('',(-6.413031113958,39.838815800988,
    7.284195107248));
#553 = CARTESIAN_POINT('',(-6.488866687552,39.872694774319,7.29677999306
    ));
#554 = CARTESIAN_POINT('',(-6.565714520888,39.907025967092,
    7.309532863007));
#555 = CARTESIAN_POINT('',(-6.643574613968,39.941809379308,
    7.322453717091));
#556 = CARTESIAN_POINT('',(-6.72244696679,39.977045010967,7.335542555309
    ));
#557 = CARTESIAN_POINT('',(-6.802331579355,40.012732862069,
    7.348799377663));
#558 = CARTESIAN_POINT('',(-6.883228451663,40.048872932613,
    7.362224184153));
#559 = CARTESIAN_POINT('',(-6.965137583714,40.0854652226,7.375816974778)
  );
#560 = CARTESIAN_POINT('',(-7.048058975508,40.12250973203,7.389577749539
    ));
#561 = CARTESIAN_POINT('',(22.007591502728,34.851506510221,
    -1.572040067631E-13));
#562 = CARTESIAN_POINT('',(21.915172476096,34.836024231645,
    -1.431407553078E-13));
#563 = CARTESIAN_POINT('',(21.824258234843,34.820794038676,
    -1.293064845715E-13));
#564 = CARTESIAN_POINT('',(21.734820853653,34.805811253192,
    -1.156969452049E-13));
#565 = CARTESIAN_POINT('',(21.646833292415,34.791071345361,
    -1.023080225585E-13));
#566 = CARTESIAN_POINT('',(21.560269368989,34.776569929084,
    -8.913573253926E-14));
#567 = CARTESIAN_POINT('',(21.475103733247,34.76230275764,
    -7.617621765981E-14));
#568 = CARTESIAN_POINT('',(21.391311842331,34.748265719545,
    -6.342574327362E-14));
#569 = CARTESIAN_POINT('',(21.30886993707,34.734454834599,
    -5.088069398683E-14));
#570 = CARTESIAN_POINT('',(21.227755019523,34.720866250128,
    -3.853757024053E-14));
#571 = CARTESIAN_POINT('',(21.147944831591,34.707496237396,
    -2.639298505626E-14));
#572 = CARTESIAN_POINT('',(21.06941783466,34.694341188197,
    -1.44436609386E-14));
#573 = CARTESIAN_POINT('',(20.99215319024,34.681397611614,
    -2.686426928625E-15));
#574 = CARTESIAN_POINT('',(19.912198708548,34.500480794543,
    1.616484723854E-13));
#575 = CARTESIAN_POINT('',(18.901423366212,34.370253415719,
    -7.123190925995E-13));
#576 = CARTESIAN_POINT('',(17.885447221287,34.2781432802,
    2.083666572616E-12));
#577 = CARTESIAN_POINT('',(16.866022037737,34.22422543602,
    -4.342304293914E-12));
#578 = CARTESIAN_POINT('',(15.844948252543,34.20849073627,
    7.001954571706E-12));
#579 = CARTESIAN_POINT('',(14.824049457398,34.230852005435,
    -8.724576616714E-12));
#580 = CARTESIAN_POINT('',(13.805172932991,34.291151449628,
    8.629541525806E-12));
#581 = CARTESIAN_POINT('',(12.790207419704,34.389168097439,
    -6.780798145201E-12));
#582 = CARTESIAN_POINT('',(11.781109306935,34.524623588486,
    4.251266005895E-12));
#583 = CARTESIAN_POINT('',(10.779928144369,34.697183991578,
    -2.057909398445E-12));
#584 = CARTESIAN_POINT('',(9.788821731065,34.906454490157,
    7.407408020299E-13));
#585 = CARTESIAN_POINT('',(8.810049885403,35.151962662668,
    -1.354472090043E-13));
#586 = CARTESIAN_POINT('',(6.845710861864,35.72481655506,
    1.127986593019E-13));
#587 = CARTESIAN_POINT('',(5.85615926609,36.056374380776,
    -3.721467578544E-13));
#588 = CARTESIAN_POINT('',(4.879886298936,36.427850531179,
    1.175060049263E-12));
#589 = CARTESIAN_POINT('',(3.918792472076,36.839219279439,
    -2.93276514185E-12));
#590 = CARTESIAN_POINT('',(2.977902256283,37.290565039478,
    5.840217198738E-12));
#591 = CARTESIAN_POINT('',(2.056670827442,37.780372824185,
    -9.029221814671E-12));
#592 = CARTESIAN_POINT('',(1.162719359508,38.311120490917,
    1.096811530488E-11));
#593 = CARTESIAN_POINT('',(0.297656777009,38.875785693445,
    -1.036237762264E-11));
#594 = CARTESIAN_POINT('',(-0.537480595171,39.480487013167,
    7.61080087841E-12));
#595 = CARTESIAN_POINT('',(-1.334579330976,40.116145471014,
    -4.202416192811E-12));
#596 = CARTESIAN_POINT('',(-2.095848364245,40.784216326646,
    1.685318551381E-12));
#597 = CARTESIAN_POINT('',(-2.819243724695,41.481265844233,
    -3.987921104454E-13));
#598 = CARTESIAN_POINT('',(-3.550074015369,42.252693979859,
    3.714113099813E-14));
#599 = CARTESIAN_POINT('',(-3.597012190246,42.302239584628,
    6.513930100127E-14));
#600 = CARTESIAN_POINT('',(-3.646454120018,42.354428028638,
    9.463093672534E-14));
#601 = CARTESIAN_POINT('',(-3.698357838741,42.409215014724,
    1.255910058884E-13));
#602 = CARTESIAN_POINT('',(-3.752675927499,42.466550489836,
    1.579912235636E-13));
#603 = CARTESIAN_POINT('',(-3.809355653777,42.526378792149,
    1.918001353118E-13));
#604 = CARTESIAN_POINT('',(-3.868339139877,42.588638828843,
    2.269832176435E-13));
#605 = CARTESIAN_POINT('',(-3.929563559285,42.653264283372,
    2.635029951464E-13));
#606 = CARTESIAN_POINT('',(-3.992961359574,42.720183850752,
    3.01319173448E-13));
#607 = CARTESIAN_POINT('',(-4.058460510204,42.789321499123,
    3.403887870237E-13));
#608 = CARTESIAN_POINT('',(-4.125984773299,42.860596755574,
    3.806663607135E-13));
#609 = CARTESIAN_POINT('',(-4.195453995292,42.933925013979,
    4.221040836845E-13));
#610 = CARTESIAN_POINT('',(-4.266784417107,43.009217862424,
    4.646519944544E-13));
#611 = CARTESIAN_POINT('',(22.411490105717,32.195779810575,
    2.165528453473E-14));
#612 = CARTESIAN_POINT('',(22.328873819122,32.175251655109,
    2.060438616878E-14));
#613 = CARTESIAN_POINT('',(22.246257532526,32.154723499643,
    1.955348780282E-14));
#614 = CARTESIAN_POINT('',(22.163641245931,32.134195344177,
    1.850258943687E-14));
#615 = CARTESIAN_POINT('',(22.081024959335,32.113667188711,
    1.745169107091E-14));
#616 = CARTESIAN_POINT('',(21.99840867274,32.093139033245,
    1.640079270495E-14));
#617 = CARTESIAN_POINT('',(21.915792386145,32.07261087778,
    1.5349894339E-14));
#618 = CARTESIAN_POINT('',(21.833176099549,32.052082722314,
    1.429899597304E-14));
#619 = CARTESIAN_POINT('',(21.750559812954,32.031554566848,
    1.324809760708E-14));
#620 = CARTESIAN_POINT('',(21.667943526359,32.011026411382,
    1.219719924113E-14));
#621 = CARTESIAN_POINT('',(21.585327239763,31.990498255917,
    1.114630087517E-14));
#622 = CARTESIAN_POINT('',(21.502710953168,31.969970100451,
    1.009540250921E-14));
#623 = CARTESIAN_POINT('',(21.420094666573,31.949441944985,
    9.044504143258E-15));
#624 = CARTESIAN_POINT('',(20.255205268395,31.659995013252,
    -5.773159728051E-15));
#625 = CARTESIAN_POINT('',(19.159452723204,31.425801364062,
    7.37188088351E-14));
#626 = CARTESIAN_POINT('',(18.051266518621,31.226518580689,
    -1.345590305846E-13));
#627 = CARTESIAN_POINT('',(16.931522065073,31.062300002396,
    2.069455717899E-13));
#628 = CARTESIAN_POINT('',(15.801002161016,30.933282864754,
    -2.282618538633E-13));
#629 = CARTESIAN_POINT('',(14.660437989106,30.839604779871,
    3.326228181769E-13));
#630 = CARTESIAN_POINT('',(13.510523972239,30.781420503654,
    -4.813927034786E-13));
#631 = CARTESIAN_POINT('',(12.351917101444,30.758919082771,
    6.070699498639E-13));
#632 = CARTESIAN_POINT('',(11.185231352832,30.772341487893,
    -5.431211036473E-13));
#633 = CARTESIAN_POINT('',(10.011037804282,30.821998823167,
    4.010125564944E-13));
#634 = CARTESIAN_POINT('',(8.829881069463,30.908291218831,
    -2.34035013591E-13));
#635 = CARTESIAN_POINT('',(7.642322660559,31.031727499159,
    1.36335387424E-13));
#636 = CARTESIAN_POINT('',(5.255721131069,31.354163958308,
    -2.322586567516E-13));
#637 = CARTESIAN_POINT('',(4.056754278578,31.553105248407,
    1.448619002531E-12));
#638 = CARTESIAN_POINT('',(2.851866846053,31.791005008902,
    -4.299227640553E-12));
#639 = CARTESIAN_POINT('',(1.646214302072,32.065642870976,
    9.12825370849E-12));
#640 = CARTESIAN_POINT('',(0.426113734789,32.387444811326,
    -1.489919299042E-11));
#641 = CARTESIAN_POINT('',(-0.774436660311,32.736087634506,
    1.939870486475E-11));
#642 = CARTESIAN_POINT('',(-2.010097688013,33.148079475437,
    -2.028954781954E-11));
#643 = CARTESIAN_POINT('',(-3.209589813715,33.581957035306,
    1.710231956059E-11));
#644 = CARTESIAN_POINT('',(-4.435076065121,34.076823853612,
    -1.143574124282E-11));
#645 = CARTESIAN_POINT('',(-5.644216742526,34.612401932533,
    5.919709167308E-12));
#646 = CARTESIAN_POINT('',(-6.850323697821,35.198340731734,
    -2.203570659275E-12));
#647 = CARTESIAN_POINT('',(-8.04495014908,35.833436306222,
    5.040412531799E-13));
#648 = CARTESIAN_POINT('',(-9.297820567004,36.560933292261,
    -2.344511226566E-14));
#649 = CARTESIAN_POINT('',(-9.37143811643,36.603680366947,
    -5.443974109876E-14));
#650 = CARTESIAN_POINT('',(-9.445055665855,36.646427441633,
    -8.543436993187E-14));
#651 = CARTESIAN_POINT('',(-9.518673215281,36.689174516319,
    -1.16428998765E-13));
#652 = CARTESIAN_POINT('',(-9.592290764707,36.731921591004,
    -1.474236275981E-13));
#653 = CARTESIAN_POINT('',(-9.665908314132,36.77466866569,
    -1.784182564312E-13));
#654 = CARTESIAN_POINT('',(-9.739525863558,36.817415740376,
    -2.094128852643E-13));
#655 = CARTESIAN_POINT('',(-9.813143412984,36.860162815062,
    -2.404075140974E-13));
#656 = CARTESIAN_POINT('',(-9.886760962409,36.902909889748,
    -2.714021429305E-13));
#657 = CARTESIAN_POINT('',(-9.960378511835,36.945656964434,
    -3.023967717636E-13));
#658 = CARTESIAN_POINT('',(-10.03399606126,36.98840403912,
    -3.333914005967E-13));
#659 = CARTESIAN_POINT('',(-10.10761361068,37.031151113806,
    -3.643860294298E-13));
#660 = CARTESIAN_POINT('',(-10.18123116011,37.073898188492,
    -3.953806582629E-13));
#661 = DEFINITIONAL_REPRESENTATION('',(#662),#666);
#662 = LINE('',#663,#664);
#663 = CARTESIAN_POINT('',(0.,0.));
#664 = VECTOR('',#665,1.);
#665 = DIRECTION('',(0.,1.));
#666 = ( GEOMETRIC_REPRESENTATION_CONTEXT(2) 
PARAMETRIC_REPRESENTATION_CONTEXT() REPRESENTATION_CONTEXT('2D SPACE',''
  ) );
#667 = ORIENTED_EDGE('',*,*,#668,.T.);
#668 = EDGE_CURVE('',#417,#669,#671,.T.);
#669 = VERTEX_POINT('',#670);
#670 = CARTESIAN_POINT('',(-3.241851231905E-14,-60.,150.));
#671 = SURFACE_CURVE('',#672,(#684,#691),.PCURVE_S1.);
#672 = ( BOUNDED_CURVE() B_SPLINE_CURVE(10,(#673,#674,#675,#676,#677,
    #678,#679,#680,#681,#682,#683),.UNSPECIFIED.,.F.,.F.) 
B_SPLINE_CURVE_WITH_KNOTS((11,11),(0.,150.),.PIECEWISE_BEZIER_KNOTS.) 
CURVE() GEOMETRIC_REPRESENTATION_ITEM() RATIONAL_B_SPLINE_CURVE((
    1.00731395893,1.00731395893,1.00731395893,1.007313958931,
    1.00731395893,1.007313958931,1.00731395893,1.007313958931,
1.00731395893,1.00731395893,1.00731395893)) REPRESENTATION_ITEM('') );
#673 = CARTESIAN_POINT('',(3.552713678801E-15,40.,0.));
#674 = CARTESIAN_POINT('',(-12.56637061436,39.999999999999,
    15.000000000004));
#675 = CARTESIAN_POINT('',(-25.13288990207,36.946442150729,
    29.999999999988));
#676 = CARTESIAN_POINT('',(-37.54753531376,30.508761464867,
    45.000000000021));
#677 = CARTESIAN_POINT('',(-49.05659100969,19.708128583527,
    59.999999999975));
#678 = CARTESIAN_POINT('',(-57.50833043104,3.73843492347,75.000000000021
    ));
#679 = CARTESIAN_POINT('',(-59.39043634458,-16.42426131308,
    89.999999999987));
#680 = CARTESIAN_POINT('',(-52.38900676942,-36.59537020337,105.));
#681 = CARTESIAN_POINT('',(-37.70018277689,-52.08652115369,
    119.99999999999));
#682 = CARTESIAN_POINT('',(-18.84955592154,-59.99999999999,135.));
#683 = CARTESIAN_POINT('',(-3.907985046681E-14,-60.,150.));
#684 = PCURVE('',#40,#685);
#685 = DEFINITIONAL_REPRESENTATION('',(#686),#690);
#686 = LINE('',#687,#688);
#687 = CARTESIAN_POINT('',(0.763337317515,0.));
#688 = VECTOR('',#689,1.);
#689 = DIRECTION('',(0.,1.));
#690 = ( GEOMETRIC_REPRESENTATION_CONTEXT(2) 
PARAMETRIC_REPRESENTATION_CONTEXT() REPRESENTATION_CONTEXT('2D SPACE',''
  ) );
#691 = PCURVE('',#692,#770);
#692 = ( BOUNDED_SURFACE() B_SPLINE_SURFACE(6,10,(
    (#693,#694,#695,#696,#697,#698,#699,#700,#701,#702,#703)
    ,(#704,#705,#706,#707,#708,#709,#710,#711,#712,#713,#714)
    ,(#715,#716,#717,#718,#719,#720,#721,#722,#723,#724,#725)
    ,(#726,#727,#728,#729,#730,#731,#732,#733,#734,#735,#736)
    ,(#737,#738,#739,#740,#741,#742,#743,#744,#745,#746,#747)
    ,(#748,#749,#750,#751,#752,#753,#754,#755,#756,#757,#758)
    ,(#759,#760,#761,#762,#763,#764,#765,#766,#767,#768,#769
)),.UNSPECIFIED.,.F.,.F.,.F.) B_SPLINE_SURFACE_WITH_KNOTS((7,7),(11,11),
  (0.,0.763337317515),(0.,150.),.PIECEWISE_BEZIER_KNOTS.) 
GEOMETRIC_REPRESENTATION_ITEM() RATIONAL_B_SPLINE_SURFACE((
    (1.00731395893,1.00731395893,1.00731395893,1.007313958931
      ,1.00731395893,1.007313958931,1.00731395893,1.007313958931
      ,1.00731395893,1.00731395893,1.00731395893)
    ,(1.002414195399,1.002414195399,1.002414195399,1.002414195399
      ,1.002414195399,1.002414195399,1.002414195399,1.002414195399
      ,1.002414195399,1.002414195399,1.002414195399)
    ,(0.999512632189,0.999512632189,0.999512632189,0.999512632189
      ,0.999512632189,0.999512632189,0.999512632189,0.999512632189
      ,0.999512632189,0.999512632189,0.999512632189)
    ,(0.998551138584,0.998551138584,0.998551138584,0.998551138584
      ,0.998551138584,0.998551138584,0.998551138584,0.998551138584
      ,0.998551138584,0.998551138584,0.998551138584)
    ,(0.999512632189,0.999512632189,0.999512632189,0.999512632189
      ,0.999512632189,0.999512632189,0.999512632189,0.999512632189
      ,0.999512632189,0.999512632189,0.999512632189)
    ,(1.002414195399,1.002414195399,1.002414195399,1.002414195399
      ,1.002414195399,1.002414195399,1.002414195399,1.002414195399
      ,1.002414195399,1.002414195399,1.002414195399)
    ,(1.00731395893,1.00731395893,1.00731395893,1.007313958931
      ,1.00731395893,1.007313958931,1.00731395893,1.007313958931
,1.00731395893,1.00731395893,1.00731395893
))) REPRESENTATION_ITEM('') SURFACE() );
#693 = CARTESIAN_POINT('',(9.769962616701E-15,40.,0.));
#694 = CARTESIAN_POINT('',(-12.56637061436,39.999999999999,
    15.000000000004));
#695 = CARTESIAN_POINT('',(-25.13288990207,36.946442150728,
    29.999999999988));
#696 = CARTESIAN_POINT('',(-37.54753531376,30.508761464869,
    45.000000000021));
#697 = CARTESIAN_POINT('',(-49.0565910097,19.708128583523,
    59.999999999976));
#698 = CARTESIAN_POINT('',(-57.50833043103,3.738434923477,
    75.000000000019));
#699 = CARTESIAN_POINT('',(-59.39043634459,-16.42426131309,
    89.999999999991));
#700 = CARTESIAN_POINT('',(-52.38900676941,-36.59537020336,105.));
#701 = CARTESIAN_POINT('',(-37.7001827769,-52.0865211537,120.));
#702 = CARTESIAN_POINT('',(-18.84955592153,-59.99999999999,
    134.99999999999));
#703 = CARTESIAN_POINT('',(-3.241851231905E-14,-60.,150.));
#704 = CARTESIAN_POINT('',(-2.842817850696,37.86803346758,0.));
#705 = CARTESIAN_POINT('',(-14.73941142546,36.974935900056,
    14.999999999999));
#706 = CARTESIAN_POINT('',(-26.41912803036,33.191021995462,
    30.000000000004));
#707 = CARTESIAN_POINT('',(-37.71455438954,26.214149914167,
    44.999999999989));
#708 = CARTESIAN_POINT('',(-47.84258124753,15.171228004185,
    60.000000000018));
#709 = CARTESIAN_POINT('',(-54.70887677405,-0.547963237865,
    74.999999999979));
#710 = CARTESIAN_POINT('',(-55.05769619762,-19.76976674212,
    90.000000000019));
#711 = CARTESIAN_POINT('',(-46.99586725027,-38.36817768111,
    104.99999999998));
#712 = CARTESIAN_POINT('',(-31.98898227532,-51.98972197076,120.));
#713 = CARTESIAN_POINT('',(-13.5806635861,-58.14169655265,
    134.99999999999));
#714 = CARTESIAN_POINT('',(4.264226776044,-56.80205020137,150.));
#715 = CARTESIAN_POINT('',(-5.995284974849,36.183914863802,0.));
#716 = CARTESIAN_POINT('',(-17.36279708627,34.300440540485,
    15.000000000003));
#717 = CARTESIAN_POINT('',(-28.27276994996,29.654702002445,
    29.999999999992));
#718 = CARTESIAN_POINT('',(-38.53813850876,21.970456328394,
    45.000000000014));
#719 = CARTESIAN_POINT('',(-47.33038399456,10.475225094827,
    59.999999999983));
#720 = CARTESIAN_POINT('',(-52.58223787506,-5.237690459171,
    75.000000000014));
#721 = CARTESIAN_POINT('',(-51.26275913357,-23.758916593,89.999999999994
    ));
#722 = CARTESIAN_POINT('',(-41.90599219036,-40.9562696245,105.));
#723 = CARTESIAN_POINT('',(-26.2966666571,-52.76793965821,120.));
#724 = CARTESIAN_POINT('',(-8.058340704862,-57.10108378067,
    134.99999999999));
#725 = CARTESIAN_POINT('',(8.992927462274,-54.2758722957,150.));
#726 = CARTESIAN_POINT('',(-9.376903071124,34.995078679084,0.));
#727 = CARTESIAN_POINT('',(-20.37093128012,32.049237698917,
    15.000000000001));
#728 = CARTESIAN_POINT('',(-30.64926666065,26.431874436697,
    29.999999999998));
#729 = CARTESIAN_POINT('',(-40.00141628968,17.889422716697,
    45.000000000003));
#730 = CARTESIAN_POINT('',(-47.53851183881,5.742215287501,
    59.999999999999));
#731 = CARTESIAN_POINT('',(-51.18908725132,-10.21058039875,
    74.999999999997));
#732 = CARTESIAN_POINT('',(-48.10910715789,-28.2916670463,
    90.000000000008));
#733 = CARTESIAN_POINT('',(-37.25515436415,-44.29761245066,
    104.99999999999));
#734 = CARTESIAN_POINT('',(-20.77276505807,-54.4070716389,120.));
#735 = CARTESIAN_POINT('',(-2.425687706816,-56.91137948887,
    134.99999999999));
#736 = CARTESIAN_POINT('',(14.065354606686,-52.49261801862,150.));
#737 = CARTESIAN_POINT('',(-12.89988834075,34.33383196785,0.));
#738 = CARTESIAN_POINT('',(-23.68617976873,30.281212523506,
    15.000000000003));
#739 = CARTESIAN_POINT('',(-33.48783492741,23.607536579893,
    29.99999999999));
#740 = CARTESIAN_POINT('',(-42.06775961453,14.078091916601,
    45.00000000002));
#741 = CARTESIAN_POINT('',(-48.46333526937,1.095775719606,
    59.999999999972));
#742 = CARTESIAN_POINT('',(-50.56766867133,-15.33740611845,
    75.000000000027));
#743 = CARTESIAN_POINT('',(-45.68075312334,-33.25094563683,
    89.999999999984));
#744 = CARTESIAN_POINT('',(-33.1659791493,-48.30679072431,105.));
#745 = CARTESIAN_POINT('',(-15.56203584195,-56.86645033322,
    119.99999999999));
#746 = CARTESIAN_POINT('',(3.170395369162,-57.57967711829,135.));
#747 = CARTESIAN_POINT('',(19.349832511131,-51.50074795177,150.));
#748 = CARTESIAN_POINT('',(-16.47206425675,34.216087899632,0.));
#749 = CARTESIAN_POINT('',(-27.22136529476,29.041236293782,15.));
#750 = CARTESIAN_POINT('',(-36.71333348065,21.254303369576,
    30.000000000001));
#751 = CARTESIAN_POINT('',(-44.68180119885,10.635126240489,
    44.999999999998));
#752 = CARTESIAN_POINT('',(-50.07895476128,-3.343206484441,
    60.000000000004));
#753 = CARTESIAN_POINT('',(-50.73224573174,-20.48415740527,
    74.999999999993));
#754 = CARTESIAN_POINT('',(-44.0391725661,-38.50642631197,
    90.000000000011));
#755 = CARTESIAN_POINT('',(-29.74363927768,-52.8776372363,
    104.99999999998));
#756 = CARTESIAN_POINT('',(-10.79950610929,-60.07992048433,120.));
#757 = CARTESIAN_POINT('',(8.584144828122,-59.08640925822,
    134.99999999999));
#758 = CARTESIAN_POINT('',(24.708096385133,-51.32413184944,150.));
#759 = CARTESIAN_POINT('',(-20.,34.641016151378,2.84217094304E-14));
#760 = CARTESIAN_POINT('',(-30.8827961854,28.357830844197,
    15.000000000004));
#761 = CARTESIAN_POINT('',(-40.23894220107,19.430112530946,
    29.999999999986));
#762 = CARTESIAN_POINT('',(-47.77150016364,7.647594809694,
    45.000000000028));
#763 = CARTESIAN_POINT('',(-52.33831832922,-7.460555490469,
    59.999999999962));
#764 = CARTESIAN_POINT('',(-51.67289254424,-25.51658560139,
    75.000000000033));
#765 = CARTESIAN_POINT('',(-43.22149595971,-43.91904570782,
    89.999999999983));
#766 = CARTESIAN_POINT('',(-27.07252563966,-57.88702364172,105.));
#767 = CARTESIAN_POINT('',(-6.606055435261,-63.95834190231,120.));
#768 = CARTESIAN_POINT('',(13.67580572189,-61.38630218783,
    134.99999999999));
#769 = CARTESIAN_POINT('',(30.,-51.96152422706,150.));
#770 = DEFINITIONAL_REPRESENTATION('',(#771),#774);
#771 = B_SPLINE_CURVE_WITH_KNOTS('',1,(#772,#773),.UNSPECIFIED.,.F.,.F.,
  (2,2),(0.,150.),.PIECEWISE_BEZIER_KNOTS.);
#772 = CARTESIAN_POINT('',(0.,0.));
#773 = CARTESIAN_POINT('',(0.,150.));
#774 = ( GEOMETRIC_REPRESENTATION_CONTEXT(2) 
PARAMETRIC_REPRESENTATION_CONTEXT() REPRESENTATION_CONTEXT('2D SPACE',''
  ) );
#775 = ORIENTED_EDGE('',*,*,#776,.F.);
#776 = EDGE_CURVE('',#24,#669,#777,.T.);
#777 = SURFACE_CURVE('',#778,(#786,#793),.PCURVE_S1.);
#778 = ( BOUNDED_CURVE() B_SPLINE_CURVE(6,(#779,#780,#781,#782,#783,#784
,#785),.UNSPECIFIED.,.F.,.F.) B_SPLINE_CURVE_WITH_KNOTS((7,7),(0.,
0.763337317515),.PIECEWISE_BEZIER_KNOTS.) CURVE() 
GEOMETRIC_REPRESENTATION_ITEM() RATIONAL_B_SPLINE_CURVE((1.00731395893,
    1.002414195399,0.999512632189,0.998551138584,0.999512632189,
1.002414195399,1.00731395893)) REPRESENTATION_ITEM('') );
#779 = CARTESIAN_POINT('',(-30.,-51.96152422706,150.));
#780 = CARTESIAN_POINT('',(-24.70809638513,-51.32413184944,150.));
#781 = CARTESIAN_POINT('',(-19.34983251113,-51.50074795177,150.));
#782 = CARTESIAN_POINT('',(-14.06535460668,-52.49261801862,150.));
#783 = CARTESIAN_POINT('',(-8.992927462274,-54.2758722957,150.));
#784 = CARTESIAN_POINT('',(-4.264226776044,-56.80205020137,150.));
#785 = CARTESIAN_POINT('',(-3.907985046681E-14,-60.,150.));
#786 = PCURVE('',#40,#787);
#787 = DEFINITIONAL_REPRESENTATION('',(#788),#792);
#788 = LINE('',#789,#790);
#789 = CARTESIAN_POINT('',(0.,150.));
#790 = VECTOR('',#791,1.);
#791 = DIRECTION('',(1.,0.));
#792 = ( GEOMETRIC_REPRESENTATION_CONTEXT(2) 
PARAMETRIC_REPRESENTATION_CONTEXT() REPRESENTATION_CONTEXT('2D SPACE',''
  ) );
#793 = PCURVE('',#794,#799);
#794 = PLANE('',#795);
#795 = AXIS2_PLACEMENT_3D('',#796,#797,#798);
#796 = CARTESIAN_POINT('',(7.18647669037E-15,-7.893953670251E-15,150.));
#797 = DIRECTION('',(-1.785114906196E-17,-2.856132750129E-17,1.));
#798 = DIRECTION('',(0.,1.,2.856132750129E-17));
#799 = DEFINITIONAL_REPRESENTATION('',(#800),#808);
#800 = ( BOUNDED_CURVE() B_SPLINE_CURVE(6,(#801,#802,#803,#804,#805,#806
,#807),.UNSPECIFIED.,.F.,.F.) B_SPLINE_CURVE_WITH_KNOTS((7,7),(0.,
0.763337317515),.PIECEWISE_BEZIER_KNOTS.) CURVE() 
GEOMETRIC_REPRESENTATION_ITEM() RATIONAL_B_SPLINE_CURVE((1.00731395893,
    1.002414195399,0.999512632189,0.998551138584,0.999512632189,
1.002414195399,1.00731395893)) REPRESENTATION_ITEM('') );
#801 = CARTESIAN_POINT('',(-51.96152422706,30.));
#802 = CARTESIAN_POINT('',(-51.32413184944,24.708096385134));
#803 = CARTESIAN_POINT('',(-51.50074795177,19.349832511131));
#804 = CARTESIAN_POINT('',(-52.49261801862,14.065354606686));
#805 = CARTESIAN_POINT('',(-54.2758722957,8.992927462274));
#806 = CARTESIAN_POINT('',(-56.80205020137,4.264226776044));
#807 = CARTESIAN_POINT('',(-60.,4.626632715718E-14));
#808 = ( GEOMETRIC_REPRESENTATION_CONTEXT(2) 
PARAMETRIC_REPRESENTATION_CONTEXT() REPRESENTATION_CONTEXT('2D SPACE',''
  ) );
#809 = ADVANCED_FACE('',(#810),#125,.T.);
#810 = FACE_BOUND('',#811,.T.);
#811 = EDGE_LOOP('',(#812,#922,#1129,#1228,#1229));
#812 = ORIENTED_EDGE('',*,*,#813,.F.);
#813 = EDGE_CURVE('',#814,#816,#818,.T.);
#814 = VERTEX_POINT('',#815);
#815 = CARTESIAN_POINT('',(31.336082214368,25.076721946513,
    7.223790440223));
#816 = VERTEX_POINT('',#817);
#817 = CARTESIAN_POINT('',(-51.96152422706,-30.,150.));
#818 = SURFACE_CURVE('',#819,(#831,#837),.PCURVE_S1.);
#819 = ( BOUNDED_CURVE() B_SPLINE_CURVE(10,(#820,#821,#822,#823,#824,
    #825,#826,#827,#828,#829,#830),.UNSPECIFIED.,.F.,.F.) 
B_SPLINE_CURVE_WITH_KNOTS((11,11),(0.,150.),.PIECEWISE_BEZIER_KNOTS.) 
CURVE() GEOMETRIC_REPRESENTATION_ITEM() RATIONAL_B_SPLINE_CURVE((
    1.00731395893,1.00731395893,1.00731395893,1.007313958931,
    1.00731395893,1.007313958931,1.00731395893,1.007313958931,
1.00731395893,1.00731395893,1.00731395893)) REPRESENTATION_ITEM('') );
#820 = CARTESIAN_POINT('',(34.641016151378,20.,0.));
#821 = CARTESIAN_POINT('',(28.357830844197,30.882796185406,
    15.000000000002));
#822 = CARTESIAN_POINT('',(19.430112530944,40.238942201076,
    29.999999999996));
#823 = CARTESIAN_POINT('',(7.647594809696,47.771500163653,
    44.999999999999));
#824 = CARTESIAN_POINT('',(-7.460555490472,52.338318329217,
    60.000000000009));
#825 = CARTESIAN_POINT('',(-25.51658560139,51.672892544257,
    74.999999999988));
#826 = CARTESIAN_POINT('',(-43.91904570783,43.221495959703,
    90.000000000005));
#827 = CARTESIAN_POINT('',(-57.88702364172,27.072525639671,105.));
#828 = CARTESIAN_POINT('',(-63.95834190231,6.606055435259,120.));
#829 = CARTESIAN_POINT('',(-61.38630218783,-13.67580572189,
    134.99999999999));
#830 = CARTESIAN_POINT('',(-51.96152422706,-30.,150.));
#831 = PCURVE('',#125,#832);
#832 = DEFINITIONAL_REPRESENTATION('',(#833),#836);
#833 = B_SPLINE_CURVE_WITH_KNOTS('',1,(#834,#835),.UNSPECIFIED.,.F.,.F.,
  (2,2),(0.,150.),.PIECEWISE_BEZIER_KNOTS.);
#834 = CARTESIAN_POINT('',(0.,0.));
#835 = CARTESIAN_POINT('',(0.,150.));
#836 = ( GEOMETRIC_REPRESENTATION_CONTEXT(2) 
PARAMETRIC_REPRESENTATION_CONTEXT() REPRESENTATION_CONTEXT('2D SPACE',''
  ) );
#837 = PCURVE('',#838,#916);
#838 = ( BOUNDED_SURFACE() B_SPLINE_SURFACE(6,10,(
    (#839,#840,#841,#842,#843,#844,#845,#846,#847,#848,#849)
    ,(#850,#851,#852,#853,#854,#855,#856,#857,#858,#859,#860)
    ,(#861,#862,#863,#864,#865,#866,#867,#868,#869,#870,#871)
    ,(#872,#873,#874,#875,#876,#877,#878,#879,#880,#881,#882)
    ,(#883,#884,#885,#886,#887,#888,#889,#890,#891,#892,#893)
    ,(#894,#895,#896,#897,#898,#899,#900,#901,#902,#903,#904)
    ,(#905,#906,#907,#908,#909,#910,#911,#912,#913,#914,#915
)),.UNSPECIFIED.,.F.,.F.,.F.) B_SPLINE_SURFACE_WITH_KNOTS((7,7),(11,11),
  (0.,0.763337317515),(0.,150.),.PIECEWISE_BEZIER_KNOTS.) 
GEOMETRIC_REPRESENTATION_ITEM() RATIONAL_B_SPLINE_SURFACE((
    (1.00731395893,1.00731395893,1.00731395893,1.007313958931
      ,1.00731395893,1.007313958931,1.00731395893,1.007313958931
      ,1.00731395893,1.00731395893,1.00731395893)
    ,(1.002414195399,1.002414195399,1.002414195399,1.002414195399
      ,1.002414195398,1.002414195399,1.002414195399,1.002414195399
      ,1.002414195399,1.002414195399,1.002414195399)
    ,(0.999512632189,0.999512632189,0.999512632189,0.999512632189
      ,0.999512632189,0.999512632189,0.999512632189,0.999512632189
      ,0.999512632189,0.999512632189,0.999512632189)
    ,(0.998551138584,0.998551138584,0.998551138584,0.998551138584
      ,0.998551138584,0.998551138585,0.998551138584,0.998551138584
      ,0.998551138584,0.998551138584,0.998551138584)
    ,(0.999512632189,0.999512632189,0.999512632189,0.999512632189
      ,0.999512632189,0.999512632189,0.999512632189,0.999512632189
      ,0.999512632189,0.999512632189,0.999512632189)
    ,(1.002414195399,1.002414195399,1.002414195399,1.002414195399
      ,1.002414195399,1.002414195399,1.002414195399,1.002414195399
      ,1.002414195399,1.002414195399,1.002414195399)
    ,(1.00731395893,1.00731395893,1.00731395893,1.007313958931
      ,1.00731395893,1.007313958931,1.00731395893,1.007313958931
,1.00731395893,1.00731395893,1.00731395893
))) REPRESENTATION_ITEM('') SURFACE() );
#839 = CARTESIAN_POINT('',(40.,-2.39808173319E-14,-2.84217094304E-14));
#840 = CARTESIAN_POINT('',(39.999999999999,12.56637061436,
    15.000000000002));
#841 = CARTESIAN_POINT('',(36.946442150729,25.132889902075,
    29.999999999996));
#842 = CARTESIAN_POINT('',(30.508761464868,37.547535313765,
    44.999999999997));
#843 = CARTESIAN_POINT('',(19.708128583525,49.056591009698,
    60.000000000014));
#844 = CARTESIAN_POINT('',(3.738434923475,57.508330431043,
    74.999999999983));
#845 = CARTESIAN_POINT('',(-16.42426131309,59.390436344584,
    90.000000000008));
#846 = CARTESIAN_POINT('',(-36.59537020336,52.389006769422,105.));
#847 = CARTESIAN_POINT('',(-52.0865211537,37.700182776898,120.));
#848 = CARTESIAN_POINT('',(-59.99999999999,18.849555921539,
    134.99999999999));
#849 = CARTESIAN_POINT('',(-60.,4.618527782441E-14,150.));
#850 = CARTESIAN_POINT('',(37.86803346758,2.842817850696,
    2.84217094304E-14));
#851 = CARTESIAN_POINT('',(36.974935900056,14.739411425461,
    15.000000000001));
#852 = CARTESIAN_POINT('',(33.191021995464,26.419128030364,
    30.000000000003));
#853 = CARTESIAN_POINT('',(26.214149914163,37.714554389547,
    44.999999999983));
#854 = CARTESIAN_POINT('',(15.17122800419,47.842581247535,
    60.000000000037));
#855 = CARTESIAN_POINT('',(-0.547963237868,54.708876774049,
    74.999999999955));
#856 = CARTESIAN_POINT('',(-19.76976674212,55.057696197629,
    90.000000000033));
#857 = CARTESIAN_POINT('',(-38.36817768111,46.995867250274,
    104.99999999998));
#858 = CARTESIAN_POINT('',(-51.98972197076,31.988982275326,120.));
#859 = CARTESIAN_POINT('',(-58.14169655265,13.580663586103,
    134.99999999999));
#860 = CARTESIAN_POINT('',(-56.80205020137,-4.264226776044,150.));
#861 = CARTESIAN_POINT('',(36.183914863802,5.995284974849,0.));
#862 = CARTESIAN_POINT('',(34.300440540485,17.362797086274,
    15.000000000002));
#863 = CARTESIAN_POINT('',(29.654702002446,28.27276994996,
    29.999999999996));
#864 = CARTESIAN_POINT('',(21.970456328391,38.538138508762,
    44.999999999998));
#865 = CARTESIAN_POINT('',(10.475225094833,47.330383994559,
    60.000000000015));
#866 = CARTESIAN_POINT('',(-5.237690459178,52.582237875063,
    74.999999999978));
#867 = CARTESIAN_POINT('',(-23.75891659299,51.262759133576,
    90.000000000015));
#868 = CARTESIAN_POINT('',(-40.9562696245,41.905992190364,
    104.99999999999));
#869 = CARTESIAN_POINT('',(-52.76793965821,26.296666657103,120.));
#870 = CARTESIAN_POINT('',(-57.10108378067,8.058340704862,
    134.99999999999));
#871 = CARTESIAN_POINT('',(-54.2758722957,-8.992927462274,150.));
#872 = CARTESIAN_POINT('',(34.995078679084,9.376903071124,
    2.84217094304E-14));
#873 = CARTESIAN_POINT('',(32.049237698917,20.370931280126,15.));
#874 = CARTESIAN_POINT('',(26.431874436699,30.649266660652,
    30.000000000004));
#875 = CARTESIAN_POINT('',(17.889422716692,40.00141628968,
    44.999999999982));
#876 = CARTESIAN_POINT('',(5.742215287509,47.538511838816,
    60.000000000036));
#877 = CARTESIAN_POINT('',(-10.21058039876,51.189087251318,
    74.999999999958));
#878 = CARTESIAN_POINT('',(-28.29166704629,48.109107157896,
    90.000000000029));
#879 = CARTESIAN_POINT('',(-44.29761245067,37.255154364156,
    104.99999999998));
#880 = CARTESIAN_POINT('',(-54.4070716389,20.772765058077,120.));
#881 = CARTESIAN_POINT('',(-56.91137948887,2.425687706816,
    134.99999999999));
#882 = CARTESIAN_POINT('',(-52.49261801862,-14.06535460668,150.));
#883 = CARTESIAN_POINT('',(34.333831967851,12.899888340754,
    2.84217094304E-14));
#884 = CARTESIAN_POINT('',(30.281212523506,23.686179768733,
    15.000000000001));
#885 = CARTESIAN_POINT('',(23.607536579892,33.48783492742,
    30.000000000002));
#886 = CARTESIAN_POINT('',(14.078091916604,42.067759614535,
    44.999999999986));
#887 = CARTESIAN_POINT('',(1.095775719601,48.463335269372,
    60.000000000032));
#888 = CARTESIAN_POINT('',(-15.33740611845,50.567668671337,
    74.99999999996));
#889 = CARTESIAN_POINT('',(-33.25094563684,45.680753123342,
    90.000000000029));
#890 = CARTESIAN_POINT('',(-48.30679072431,33.1659791493,104.99999999998
    ));
#891 = CARTESIAN_POINT('',(-56.86645033322,15.562035841954,120.));
#892 = CARTESIAN_POINT('',(-57.57967711829,-3.170395369162,
    134.99999999999));
#893 = CARTESIAN_POINT('',(-51.50074795177,-19.34983251113,150.));
#894 = CARTESIAN_POINT('',(34.216087899632,16.472064256756,
    -2.84217094304E-14));
#895 = CARTESIAN_POINT('',(29.041236293783,27.221365294763,
    14.999999999999));
#896 = CARTESIAN_POINT('',(21.254303369573,36.713333480659,
    30.000000000007));
#897 = CARTESIAN_POINT('',(10.635126240496,44.68180119885,
    44.999999999976));
#898 = CARTESIAN_POINT('',(-3.34320648445,50.078954761292,
    60.000000000045));
#899 = CARTESIAN_POINT('',(-20.48415740526,50.732245731739,
    74.999999999949));
#900 = CARTESIAN_POINT('',(-38.50642631198,44.039172566107,
    90.000000000037));
#901 = CARTESIAN_POINT('',(-52.8776372363,29.743639277686,
    104.99999999998));
#902 = CARTESIAN_POINT('',(-60.07992048433,10.799506109298,120.));
#903 = CARTESIAN_POINT('',(-59.08640925822,-8.584144828123,
    134.99999999999));
#904 = CARTESIAN_POINT('',(-51.32413184944,-24.70809638513,150.));
#905 = CARTESIAN_POINT('',(34.641016151378,20.,0.));
#906 = CARTESIAN_POINT('',(28.357830844197,30.882796185406,
    15.000000000002));
#907 = CARTESIAN_POINT('',(19.430112530944,40.238942201076,
    29.999999999996));
#908 = CARTESIAN_POINT('',(7.647594809696,47.771500163653,
    44.999999999999));
#909 = CARTESIAN_POINT('',(-7.460555490472,52.338318329217,
    60.000000000009));
#910 = CARTESIAN_POINT('',(-25.51658560139,51.672892544257,
    74.999999999988));
#911 = CARTESIAN_POINT('',(-43.91904570783,43.221495959703,
    90.000000000005));
#912 = CARTESIAN_POINT('',(-57.88702364172,27.072525639671,105.));
#913 = CARTESIAN_POINT('',(-63.95834190231,6.606055435259,120.));
#914 = CARTESIAN_POINT('',(-61.38630218783,-13.67580572189,
    134.99999999999));
#915 = CARTESIAN_POINT('',(-51.96152422706,-30.,150.));
#916 = DEFINITIONAL_REPRESENTATION('',(#917),#921);
#917 = LINE('',#918,#919);
#918 = CARTESIAN_POINT('',(0.763337317515,0.));
#919 = VECTOR('',#920,1.);
#920 = DIRECTION('',(0.,1.));
#921 = ( GEOMETRIC_REPRESENTATION_CONTEXT(2) 
PARAMETRIC_REPRESENTATION_CONTEXT() REPRESENTATION_CONTEXT('2D SPACE',''
  ) );
#922 = ORIENTED_EDGE('',*,*,#923,.F.);
#923 = EDGE_CURVE('',#924,#814,#926,.T.);
#924 = VERTEX_POINT('',#925);
#925 = CARTESIAN_POINT('',(31.580987717267,22.842779468361,
    3.007113252462));
#926 = SURFACE_CURVE('',#927,(#942,#960),.PCURVE_S1.);
#927 = B_SPLINE_CURVE_WITH_KNOTS('',7,(#928,#929,#930,#931,#932,#933,
    #934,#935,#936,#937,#938,#939,#940,#941),.UNSPECIFIED.,.F.,.F.,(8,6,
    8),(0.,0.450444890696,1.),.UNSPECIFIED.);
#928 = CARTESIAN_POINT('',(31.580987707055,22.842779603471,
    3.007113258859));
#929 = CARTESIAN_POINT('',(31.686587677303,22.924225382697,
    3.278394425015));
#930 = CARTESIAN_POINT('',(31.772198343039,23.023310547571,
    3.556838395112));
#931 = CARTESIAN_POINT('',(31.837633309142,23.137895607726,3.84039812306
    ));
#932 = CARTESIAN_POINT('',(31.883132006769,23.265598064208,
    4.127009424443));
#933 = CARTESIAN_POINT('',(31.909242271244,23.403992741851,
    4.414656469516));
#934 = CARTESIAN_POINT('',(31.916726993196,23.55075036231,4.701432299874
    ));
#935 = CARTESIAN_POINT('',(31.894011339269,23.890334623538,
    5.332279879215));
#936 = CARTESIAN_POINT('',(31.855159677483,24.086148653096,
    5.674992187763));
#937 = CARTESIAN_POINT('',(31.791613256936,24.287225054371,
    6.010553180266));
#938 = CARTESIAN_POINT('',(31.705378693776,24.489858379319,
    6.335839689206));
#939 = CARTESIAN_POINT('',(31.598847557253,24.690704097978,
    6.647944093526));
#940 = CARTESIAN_POINT('',(31.474773191956,24.887020799749,
    6.944495885603));
#941 = CARTESIAN_POINT('',(31.336082214368,25.076721946512,
    7.223790440223));
#942 = PCURVE('',#125,#943);
#943 = DEFINITIONAL_REPRESENTATION('',(#944),#959);
#944 = B_SPLINE_CURVE_WITH_KNOTS('',7,(#945,#946,#947,#948,#949,#950,
    #951,#952,#953,#954,#955,#956,#957,#958),.UNSPECIFIED.,.F.,.F.,(8,6,
    8),(0.,0.450444890696,1.),.UNSPECIFIED.);
#945 = CARTESIAN_POINT('',(6.771718369881E-02,3.007113258858));
#946 = CARTESIAN_POINT('',(5.86266218777E-02,3.278394425014));
#947 = CARTESIAN_POINT('',(5.025032901906E-02,3.556838395111));
#948 = CARTESIAN_POINT('',(4.260821564555E-02,3.840398123059));
#949 = CARTESIAN_POINT('',(3.570577702728E-02,4.127009424443));
#950 = CARTESIAN_POINT('',(2.953927914175E-02,4.414656469516));
#951 = CARTESIAN_POINT('',(2.40989286504E-02,4.701432299874));
#952 = CARTESIAN_POINT('',(1.360063716933E-02,5.332279879215));
#953 = CARTESIAN_POINT('',(8.891605365613E-03,5.674992187763));
#954 = CARTESIAN_POINT('',(5.215678109433E-03,6.010553180265));
#955 = CARTESIAN_POINT('',(2.540161134116E-03,6.335839689205));
#956 = CARTESIAN_POINT('',(8.21723396896E-04,6.647944093526));
#957 = CARTESIAN_POINT('',(4.995549789082E-14,6.944495885602));
#958 = CARTESIAN_POINT('',(3.839380843439E-15,7.223790440222));
#959 = ( GEOMETRIC_REPRESENTATION_CONTEXT(2) 
PARAMETRIC_REPRESENTATION_CONTEXT() REPRESENTATION_CONTEXT('2D SPACE',''
  ) );
#960 = PCURVE('',#961,#1112);
#961 = ( BOUNDED_SURFACE() B_SPLINE_SURFACE(2,13,(
    (#962,#963,#964,#965,#966,#967,#968,#969,#970,#971,#972,#973,#974
      ,#975,#976,#977,#978,#979,#980,#981,#982,#983,#984,#985,#986,#987
      ,#988,#989,#990,#991,#992,#993,#994,#995,#996,#997,#998,#999,#1000
      ,#1001,#1002,#1003,#1004,#1005,#1006,#1007,#1008,#1009,#1010,#1011
      )
    ,(#1012,#1013,#1014,#1015,#1016,#1017,#1018,#1019,#1020,#1021,#1022
      ,#1023,#1024,#1025,#1026,#1027,#1028,#1029,#1030,#1031,#1032,#1033
      ,#1034,#1035,#1036,#1037,#1038,#1039,#1040,#1041,#1042,#1043,#1044
      ,#1045,#1046,#1047,#1048,#1049,#1050,#1051,#1052,#1053,#1054,#1055
      ,#1056,#1057,#1058,#1059,#1060,#1061)
    ,(#1062,#1063,#1064,#1065,#1066,#1067,#1068,#1069,#1070,#1071,#1072
      ,#1073,#1074,#1075,#1076,#1077,#1078,#1079,#1080,#1081,#1082,#1083
      ,#1084,#1085,#1086,#1087,#1088,#1089,#1090,#1091,#1092,#1093,#1094
      ,#1095,#1096,#1097,#1098,#1099,#1100,#1101,#1102,#1103,#1104,#1105
      ,#1106,#1107,#1108,#1109,#1110,#1111
)),.UNSPECIFIED.,.F.,.F.,.F.) B_SPLINE_SURFACE_WITH_KNOTS((3,3),(14,12,
    12,12,14),(0.,26.174596211354),(-1.908874923306,-0.909844309418,
    12.177453796259,25.264751901936,26.081756329804),.UNSPECIFIED.) 
GEOMETRIC_REPRESENTATION_ITEM() RATIONAL_B_SPLINE_SURFACE((
    (1.,1.,1.,1.,1.,1.,1.,1.,1.,1.,1.,1.,1.,1.,1.,1.,1.,1.,1.,1.,1.,1.
      ,1.,1.,1.,1.,1.,1.,1.,1.,1.,1.,1.,1.,1.,1.,1.,1.,1.,1.,1.,1.,1.,1.
      ,1.,1.,1.,1.,1.,1.)
    ,(0.874589043656,0.875085962011,0.87550006064,0.875831339543
      ,0.87607979872,0.876245438171,0.876328257897,0.876328257897
      ,0.876245438171,0.87607979872,0.875831339543,0.87550006064
      ,0.875085962011,0.868079414674,0.861094084585,0.853605149565
      ,0.845586424409,0.837012985136,0.82786090928,0.818107256906
      ,0.807730336361,0.796710297521,0.785030096642,0.772676875696
      ,0.759643800025,0.732220994994,0.717832363836,0.702759255873
      ,0.687059540838,0.670608415357,0.653780274348,0.636086655081
      ,0.618285962688,0.59991528166,0.581472751906,0.56300634408
      ,0.544750892277,0.525782941587,0.524854158352,0.524111131764
      ,0.523553861823,0.523182348529,0.522996591882,0.522996591882
      ,0.523182348529,0.523553861823,0.524111131764,0.524854158352
      ,0.525782941587,0.526897481468)
    ,(1.,1.,1.,1.,1.,1.,1.,1.,1.,1.,1.,1.,1.,1.,1.,1.,1.,1.,1.,1.,1.,1.
      ,1.,1.,1.,1.,1.,1.,1.,1.,1.,1.,1.,1.,1.,1.,1.,1.,1.,1.,1.,1.,1.,1.
,1.,1.,1.,1.,1.,1.))) REPRESENTATION_ITEM('') SURFACE() );
#962 = CARTESIAN_POINT('',(42.341860899938,-0.695505230567,
    2.220267356543));
#963 = CARTESIAN_POINT('',(42.279473960893,-0.622582209955,2.23167886044
    ));
#964 = CARTESIAN_POINT('',(42.218325993346,-0.551107401829,
    2.242863737926));
#965 = CARTESIAN_POINT('',(42.158416997297,-0.481080806188,
    2.253821989002));
#966 = CARTESIAN_POINT('',(42.099746972746,-0.412502423034,
    2.264553613666));
#967 = CARTESIAN_POINT('',(42.042315919692,-0.345372252365,2.27505861192
    ));
#968 = CARTESIAN_POINT('',(41.986123838136,-0.279690294181,
    2.285336983763));
#969 = CARTESIAN_POINT('',(41.931170728078,-0.215456548484,
    2.295388729195));
#970 = CARTESIAN_POINT('',(41.877456589517,-0.152671015272,
    2.305213848217));
#971 = CARTESIAN_POINT('',(41.824981422454,-9.133369454658E-02,
    2.314812340827));
#972 = CARTESIAN_POINT('',(41.773745226889,-3.144458630651E-02,
    2.324184207027));
#973 = CARTESIAN_POINT('',(41.723748002821,2.699630944779E-02,
    2.333329446816));
#974 = CARTESIAN_POINT('',(41.674989750251,8.398899271631E-02,
    2.342248060194));
#975 = CARTESIAN_POINT('',(41.004968026798,0.867165867503,2.464805050888
    ));
#976 = CARTESIAN_POINT('',(40.404747109923,1.615551200613,2.586072303483
    ));
#977 = CARTESIAN_POINT('',(39.826455670519,2.383728972242,2.715011834635
    ));
#978 = CARTESIAN_POINT('',(39.269656195534,3.170718979538,2.8518227911)
  );
#979 = CARTESIAN_POINT('',(38.733778366293,3.97563824594,2.996641653188)
  );
#980 = CARTESIAN_POINT('',(38.218109253597,4.797778258661,3.149543907593
    ));
#981 = CARTESIAN_POINT('',(37.721813748107,5.636650330899,3.310539988496
    ));
#982 = CARTESIAN_POINT('',(37.243977973067,6.49200692675,3.479566302706)
  );
#983 = CARTESIAN_POINT('',(36.783668365953,7.363846770764,3.656472149681
    ));
#984 = CARTESIAN_POINT('',(36.339999181149,8.252411582103,3.841003352646
    ));
#985 = CARTESIAN_POINT('',(35.912201105117,9.158182255929,4.032783412036
    ));
#986 = CARTESIAN_POINT('',(35.499683723467,10.081882328887,
    4.231292996421));
#987 = CARTESIAN_POINT('',(34.704485370771,11.967110782412,
    4.640404170497));
#988 = CARTESIAN_POINT('',(34.321820680335,12.928599814736,
    4.850992544532));
#989 = CARTESIAN_POINT('',(33.953684021448,13.910211458374,
    5.067033774068));
#990 = CARTESIAN_POINT('',(33.600379512535,14.911602322372,
    5.287110347099));
#991 = CARTESIAN_POINT('',(33.261013355671,15.93903541148,5.511928510083
    ));
#992 = CARTESIAN_POINT('',(32.939149982278,16.982547099854,
    5.736176568163));
#993 = CARTESIAN_POINT('',(32.631428006649,18.063179877828,
    5.964953080725));
#994 = CARTESIAN_POINT('',(32.346069223643,19.157310652437,
    6.188254911991));
#995 = CARTESIAN_POINT('',(32.080440093339,20.289586397732,
    6.411260300106));
#996 = CARTESIAN_POINT('',(31.842292495812,21.44499887442,6.627438610997
    ));
#997 = CARTESIAN_POINT('',(31.634903583064,22.630211887204,
    6.836372423085));
#998 = CARTESIAN_POINT('',(31.464315471738,23.841664811144,
    7.035652096406));
#999 = CARTESIAN_POINT('',(31.32807696086,25.153823204551,7.235535405357
    ));
#1000 = CARTESIAN_POINT('',(31.319957211006,25.232027214963,
    7.247448354626));
#1001 = CARTESIAN_POINT('',(31.311722964807,25.311333977749,
    7.259529288031));
#1002 = CARTESIAN_POINT('',(31.303374222261,25.391743492909,
    7.271778205572));
#1003 = CARTESIAN_POINT('',(31.294910983369,25.473255760442,
    7.284195107249));
#1004 = CARTESIAN_POINT('',(31.286333248132,25.55587078035,
    7.296779993061));
#1005 = CARTESIAN_POINT('',(31.277641016548,25.639588552632,
    7.309532863008));
#1006 = CARTESIAN_POINT('',(31.268834288619,25.724409077288,
    7.322453717091));
#1007 = CARTESIAN_POINT('',(31.259913064344,25.810332354318,
    7.33554255531));
#1008 = CARTESIAN_POINT('',(31.250877343722,25.897358383722,
    7.348799377664));
#1009 = CARTESIAN_POINT('',(31.241727126755,25.985487165499,
    7.362224184154));
#1010 = CARTESIAN_POINT('',(31.232462413442,26.074718699651,
    7.37581697478));
#1011 = CARTESIAN_POINT('',(31.223083203783,26.165052986177,
    7.389577749541));
#1012 = CARTESIAN_POINT('',(41.186085749374,-1.633380062363,
    3.05152547804E-13));
#1013 = CARTESIAN_POINT('',(41.126468189503,-1.561083976794,
    2.797651084036E-13));
#1014 = CARTESIAN_POINT('',(41.067821334861,-1.489965030788,
    2.547910324524E-13));
#1015 = CARTESIAN_POINT('',(41.010127171417,-1.420001379372,
    2.302226488864E-13));
#1016 = CARTESIAN_POINT('',(40.953368256167,-1.351171870037,
    2.060525298068E-13));
#1017 = CARTESIAN_POINT('',(40.897527699567,-1.283456021438,
    1.822734829986E-13));
#1018 = CARTESIAN_POINT('',(40.842589148786,-1.216834003078,
    1.588785448005E-13));
#1019 = CARTESIAN_POINT('',(40.788536771743,-1.151286615961,
    1.358609733069E-13));
#1020 = CARTESIAN_POINT('',(40.735355241901,-1.086795274141,
    1.132142418909E-13));
#1021 = CARTESIAN_POINT('',(40.683029723774,-1.023341987156,
    9.093203303485E-14));
#1022 = CARTESIAN_POINT('',(40.631545859133,-0.960909343292,
    6.90082324551E-14));
#1023 = CARTESIAN_POINT('',(40.580889753874,-0.899480493666,
    4.743692351011E-14));
#1024 = CARTESIAN_POINT('',(40.531047965526,-0.839039137076,
    2.621238188163E-14));
#1025 = CARTESIAN_POINT('',(39.834392165126,5.770470464448E-03,
    -2.704503287987E-13));
#1026 = CARTESIAN_POINT('',(39.216224275625,0.816013905039,
    1.27231558622E-12));
#1027 = CARTESIAN_POINT('',(38.628466485865,1.649819988413,
    -3.512745649914E-12));
#1028 = CARTESIAN_POINT('',(38.0720596713,2.50570917255,
    7.164935311721E-12));
#1029 = CARTESIAN_POINT('',(37.547896129011,3.382117659778,
    -1.147704153937E-11));
#1030 = CARTESIAN_POINT('',(37.05681215859,4.277422585651,
    1.492495016464E-11));
#1031 = CARTESIAN_POINT('',(36.599594746888,5.18994526122,
    -1.577671326913E-11));
#1032 = CARTESIAN_POINT('',(36.176996897254,6.117939503565,
    1.344035993611E-11));
#1033 = CARTESIAN_POINT('',(35.789755737186,7.059571849693,
    -9.030998171511E-12));
#1034 = CARTESIAN_POINT('',(35.438606848678,8.012900371784,
    4.604316927725E-12));
#1035 = CARTESIAN_POINT('',(35.124287210053,8.975858952865,
    -1.6004975123E-12));
#1036 = CARTESIAN_POINT('',(34.847517601454,9.946254321966,
    2.593480985524E-13));
#1037 = CARTESIAN_POINT('',(34.361454113153,11.933848764195,
    -8.570921750106E-14));
#1038 = CARTESIAN_POINT('',(34.15381581516,12.956604497341,
    -1.412203687323E-13));
#1039 = CARTESIAN_POINT('',(33.987387114727,13.987819763143,
    1.022737450285E-12));
#1040 = CARTESIAN_POINT('',(33.863095987626,15.025835806729,
    -2.8448354783E-12));
#1041 = CARTESIAN_POINT('',(33.78352777379,16.066343515815,
    5.587086349124E-12));
#1042 = CARTESIAN_POINT('',(33.747098043932,17.109057228323,
    -8.475886659198E-12));
#1043 = CARTESIAN_POINT('',(33.759763272313,18.148615742615,
    1.025490803386E-11));
#1044 = CARTESIAN_POINT('',(33.816246391124,19.180114516271,
    -9.777512133269E-12));
#1045 = CARTESIAN_POINT('',(33.92236440959,20.205715356004,
    7.360778653265E-12));
#1046 = CARTESIAN_POINT('',(34.074311414326,21.213852339523,
    -4.245048756957E-12));
#1047 = CARTESIAN_POINT('',(34.272243230191,22.207166089229,
    1.783462266758E-12));
#1048 = CARTESIAN_POINT('',(34.514208139894,23.182169607165,
    -4.276579090856E-13));
#1049 = CARTESIAN_POINT('',(34.816869357203,24.200801272554,
    3.380721417766E-14));
#1050 = CARTESIAN_POINT('',(34.83630802214,24.266223726789,
    6.344519023297E-14));
#1051 = CARTESIAN_POINT('',(34.856783575551,24.335135915988,
    9.4664101802E-14));
#1052 = CARTESIAN_POINT('',(34.878278637937,24.407479347996,
    1.274374505039E-13));
#1053 = CARTESIAN_POINT('',(34.900773571542,24.483187930301,
    1.617352948108E-13));
#1054 = CARTESIAN_POINT('',(34.924246538072,24.562188164294,
    1.975243380498E-13));
#1055 = CARTESIAN_POINT('',(34.94867356844,24.644399380007,
    2.347680347481E-13));
#1056 = CARTESIAN_POINT('',(34.97402864409,24.729734009811,
    2.734267146212E-13));
#1057 = CARTESIAN_POINT('',(35.000283789306,24.818097899095,
    3.134577233224E-13));
#1058 = CARTESIAN_POINT('',(35.027409173839,24.909390651653,
    3.548155789081E-13));
#1059 = CARTESIAN_POINT('',(35.055373225038,25.003506007091,
    3.974521428144E-13));
#1060 = CARTESIAN_POINT('',(35.084142748637,25.10033224732,
    4.413168040073E-13));
#1061 = CARTESIAN_POINT('',(35.113683057206,25.199752628898,
    4.863566748444E-13));
#1062 = CARTESIAN_POINT('',(39.088108263467,-3.311029862927,
    1.529497813812E-13));
#1063 = CARTESIAN_POINT('',(39.029022216043,-3.249746137702,
    1.414576992502E-13));
#1064 = CARTESIAN_POINT('',(38.96993616862,-3.188462412477,
    1.299656171193E-13));
#1065 = CARTESIAN_POINT('',(38.910850121197,-3.127178687252,
    1.184735349883E-13));
#1066 = CARTESIAN_POINT('',(38.851764073773,-3.065894962027,
    1.069814528574E-13));
#1067 = CARTESIAN_POINT('',(38.792678026349,-3.004611236802,
    9.548937072642E-14));
#1068 = CARTESIAN_POINT('',(38.733591978926,-2.943327511577,
    8.399728859547E-14));
#1069 = CARTESIAN_POINT('',(38.674505931502,-2.882043786352,
    7.250520646451E-14));
#1070 = CARTESIAN_POINT('',(38.615419884078,-2.820760061127,
    6.101312433356E-14));
#1071 = CARTESIAN_POINT('',(38.556333836654,-2.759476335902,
    4.952104220261E-14));
#1072 = CARTESIAN_POINT('',(38.497247789229,-2.698192610677,
    3.802896007166E-14));
#1073 = CARTESIAN_POINT('',(38.438161741805,-2.636908885452,
    2.65368779407E-14));
#1074 = CARTESIAN_POINT('',(38.37907569438,-2.575625160227,
    1.504479580975E-14));
#1075 = CARTESIAN_POINT('',(37.545962599353,-1.711524814672,
    -1.469935284603E-13));
#1076 = CARTESIAN_POINT('',(36.795268677208,-0.879672098868,
    7.229772336367E-13));
#1077 = CARTESIAN_POINT('',(36.068591621818,-1.959608527127E-02,
    -2.047695346613E-12));
#1078 = CARTESIAN_POINT('',(35.366501934807,0.868021768119,
    4.320099833444E-12));
#1079 = CARTESIAN_POINT('',(34.689509863509,1.78257215567,
    -7.074785202069E-12));
#1080 = CARTESIAN_POINT('',(34.038100176972,2.723490660777,
    9.273026790957E-12));
#1081 = CARTESIAN_POINT('',(33.412754106502,3.690253273419,
    -9.737988193519E-12));
#1082 = CARTESIAN_POINT('',(32.813963869616,4.682385546101,
    8.232081683035E-12));
#1083 = CARTESIAN_POINT('',(32.242245138705,5.699476245188,
    -5.525802038147E-12));
#1084 = CARTESIAN_POINT('',(31.698152878488,6.741186354828,
    2.88435941798E-12));
#1085 = CARTESIAN_POINT('',(31.182305917787,7.807244290868,
    -1.078692690725E-12));
#1086 = CARTESIAN_POINT('',(30.695425667868,8.897418181616,
    2.424727085781E-13));
#1087 = CARTESIAN_POINT('',(29.781363067857,11.125493964446,
    -2.144950883576E-13));
#1088 = CARTESIAN_POINT('',(29.354167852651,12.263300362022,
    9.632294961637E-13));
#1089 = CARTESIAN_POINT('',(28.9577513727,13.42571336762,
    -2.605915483409E-12));
#1090 = CARTESIAN_POINT('',(28.592768465724,14.607158029709,
    5.277556169821E-12));
#1091 = CARTESIAN_POINT('',(28.261406838062,15.824697086581,
    -8.343103985543E-12));
#1092 = CARTESIAN_POINT('',(27.963065181365,17.038725638559,
    1.063060750525E-11));
#1093 = CARTESIAN_POINT('',(27.702030068853,18.314835399746,
    -1.092370638403E-11));
#1094 = CARTESIAN_POINT('',(27.478032994141,19.570564831963,
    9.042100401664E-12));
#1095 = CARTESIAN_POINT('',(27.293857105197,20.879300466999,
    -5.912159650773E-12));
#1096 = CARTESIAN_POINT('',(27.153110988186,22.19423604971,
    2.99094082833E-12));
#1097 = CARTESIAN_POINT('',(27.057495395877,23.531724712348,
    -1.081801315196E-12));
#1098 = CARTESIAN_POINT('',(27.010191071529,24.883849354389,
    2.460254222569E-13));
#1099 = CARTESIAN_POINT('',(27.013786733665,26.332615456986,
    -7.809698145212E-15));
#1100 = CARTESIAN_POINT('',(27.013998011568,26.417743662296,
    -2.272482364802E-14));
#1101 = CARTESIAN_POINT('',(27.014209289471,26.502871867606,
    -3.763994915084E-14));
#1102 = CARTESIAN_POINT('',(27.014420567375,26.588000072916,
    -5.255507465365E-14));
#1103 = CARTESIAN_POINT('',(27.014631845278,26.673128278226,
    -6.747020015646E-14));
#1104 = CARTESIAN_POINT('',(27.014843123181,26.758256483536,
    -8.238532565927E-14));
#1105 = CARTESIAN_POINT('',(27.015054401084,26.843384688845,
    -9.730045116209E-14));
#1106 = CARTESIAN_POINT('',(27.015265678988,26.928512894155,
    -1.122155766649E-13));
#1107 = CARTESIAN_POINT('',(27.015476956891,27.013641099465,
    -1.271307021677E-13));
#1108 = CARTESIAN_POINT('',(27.015688234794,27.098769304775,
    -1.420458276705E-13));
#1109 = CARTESIAN_POINT('',(27.015899512698,27.183897510085,
    -1.569609531733E-13));
#1110 = CARTESIAN_POINT('',(27.016110790601,27.269025715395,
    -1.718760786761E-13));
#1111 = CARTESIAN_POINT('',(27.016322068504,27.354153920705,
    -1.86791204179E-13));
#1112 = DEFINITIONAL_REPRESENTATION('',(#1113),#1128);
#1113 = B_SPLINE_CURVE_WITH_KNOTS('',7,(#1114,#1115,#1116,#1117,#1118,
    #1119,#1120,#1121,#1122,#1123,#1124,#1125,#1126,#1127),
  .UNSPECIFIED.,.F.,.F.,(8,6,8),(0.,0.450444890696,1.),.UNSPECIFIED.);
#1114 = CARTESIAN_POINT('',(10.801379516013,23.402878602597));
#1115 = CARTESIAN_POINT('',(10.095601830408,23.492378965489));
#1116 = CARTESIAN_POINT('',(9.396061182592,23.594335141327));
#1117 = CARTESIAN_POINT('',(8.702206330199,23.706718881682));
#1118 = CARTESIAN_POINT('',(8.012992545998,23.827202042367));
#1119 = CARTESIAN_POINT('',(7.32700354082,23.953395650831));
#1120 = CARTESIAN_POINT('',(6.642549941384,24.083028698082));
#1121 = CARTESIAN_POINT('',(5.122262704229,24.373936553272));
#1122 = CARTESIAN_POINT('',(4.286456007355,24.535859005856));
#1123 = CARTESIAN_POINT('',(3.446933800945,24.696128305786));
#1124 = CARTESIAN_POINT('',(2.600626584486,24.851411038056));
#1125 = CARTESIAN_POINT('',(1.744987514166,24.999026078524));
#1126 = CARTESIAN_POINT('',(0.878339847727,25.137154875767));
#1127 = CARTESIAN_POINT('',(0.,25.264751901936));
#1128 = ( GEOMETRIC_REPRESENTATION_CONTEXT(2) 
PARAMETRIC_REPRESENTATION_CONTEXT() REPRESENTATION_CONTEXT('2D SPACE',''
  ) );
#1129 = ORIENTED_EDGE('',*,*,#1130,.T.);
#1130 = EDGE_CURVE('',#924,#22,#1131,.T.);
#1131 = SURFACE_CURVE('',#1132,(#1183,#1221),.PCURVE_S1.);
#1132 = B_SPLINE_CURVE_WITH_KNOTS('',13,(#1133,#1134,#1135,#1136,#1137,
    #1138,#1139,#1140,#1141,#1142,#1143,#1144,#1145,#1146,#1147,#1148,
    #1149,#1150,#1151,#1152,#1153,#1154,#1155,#1156,#1157,#1158,#1159,
    #1160,#1161,#1162,#1163,#1164,#1165,#1166,#1167,#1168,#1169,#1170,
    #1171,#1172,#1173,#1174,#1175,#1176,#1177,#1178,#1179,#1180,#1181,
    #1182),.UNSPECIFIED.,.F.,.F.,(14,12,12,12,14),(-1.908874923304,
    -0.909844309418,12.17745379626,25.264751901939,26.081756329808),
  .UNSPECIFIED.);
#1133 = CARTESIAN_POINT('',(37.016879798136,20.568605251832,
    2.220267356543));
#1134 = CARTESIAN_POINT('',(36.926389613753,20.60056497068,2.23167886044
    ));
#1135 = CARTESIAN_POINT('',(36.837696516404,20.631889986474,
    2.242863737926));
#1136 = CARTESIAN_POINT('',(36.750800506089,20.662580299215,
    2.253821989002));
#1137 = CARTESIAN_POINT('',(36.665701582809,20.692635908901,
    2.264553613666));
#1138 = CARTESIAN_POINT('',(36.582399746564,20.722056815534,
    2.27505861192));
#1139 = CARTESIAN_POINT('',(36.500894997353,20.750843019113,
    2.285336983763));
#1140 = CARTESIAN_POINT('',(36.421187335177,20.778994519638,
    2.295388729195));
#1141 = CARTESIAN_POINT('',(36.343276760035,20.806511317109,
    2.305213848216));
#1142 = CARTESIAN_POINT('',(36.267163271928,20.833393411526,
    2.314812340827));
#1143 = CARTESIAN_POINT('',(36.192846870856,20.85964080289,
    2.324184207027));
#1144 = CARTESIAN_POINT('',(36.120327556818,20.8852534912,2.333329446816
    ));
#1145 = CARTESIAN_POINT('',(36.049605329815,20.910231476456,
    2.342248060194));
#1146 = CARTESIAN_POINT('',(35.077761058833,21.253471683959,
    2.464805050889));
#1147 = CARTESIAN_POINT('',(34.183761830337,21.601481935772,
    2.586072303478));
#1148 = CARTESIAN_POINT('',(33.298857867341,21.977597681053,
    2.715011834647));
#1149 = CARTESIAN_POINT('',(32.423160373248,22.38075128212,
    2.851822791077));
#1150 = CARTESIAN_POINT('',(31.556616927093,22.809892900675,
    2.996641653224));
#1151 = CARTESIAN_POINT('',(30.698964368536,23.264052480177,
    3.149543907549));
#1152 = CARTESIAN_POINT('',(29.849723817578,23.742389253197,
    3.310539988538));
#1153 = CARTESIAN_POINT('',(29.008227599027,24.244231906384,
    3.479566302674));
#1154 = CARTESIAN_POINT('',(28.173667864074,24.769112556193,
    3.656472149701));
#1155 = CARTESIAN_POINT('',(27.345156673255,25.316797663086,
    3.841003352637));
#1156 = CARTESIAN_POINT('',(26.521787334906,25.887319038704,
    4.032783412039));
#1157 = CARTESIAN_POINT('',(25.702686766389,26.481008076513,
    4.231292996421));
#1158 = CARTESIAN_POINT('',(24.071410565147,27.716064632855,
    4.640404170496));
#1159 = CARTESIAN_POINT('',(23.259268705948,28.357406215109,
    4.850992544536));
#1160 = CARTESIAN_POINT('',(22.44964718542,29.023438505639,
    5.067033774058));
#1161 = CARTESIAN_POINT('',(21.64298107354,29.714016178668,
    5.287110347116));
#1162 = CARTESIAN_POINT('',(20.835364815784,30.434116255863,
    5.511928510058));
#1163 = CARTESIAN_POINT('',(20.034867113904,31.176892200728,
    5.736176568193));
#1164 = CARTESIAN_POINT('',(19.228055676507,31.958886650513,
    5.964953080695));
#1165 = CARTESIAN_POINT('',(18.433862334102,32.763752305127,
    6.188254912016));
#1166 = CARTESIAN_POINT('',(17.637682886504,33.611517299319,
    6.41126030009));
#1167 = CARTESIAN_POINT('',(16.853734778922,34.493060057313,
    6.627438611005));
#1168 = CARTESIAN_POINT('',(16.081524205594,35.415790178864,
    6.836372423082));
#1169 = CARTESIAN_POINT('',(15.328064105643,36.379645130835,
    7.035652096407));
#1170 = CARTESIAN_POINT('',(14.553998897544,37.447888377873,
    7.235535405357));
#1171 = CARTESIAN_POINT('',(14.507864982691,37.511555162641,
    7.247448354626));
#1172 = CARTESIAN_POINT('',(14.461080534908,37.576119710806,
    7.259529288032));
#1173 = CARTESIAN_POINT('',(14.413645554194,37.641582022367,
    7.271778205572));
#1174 = CARTESIAN_POINT('',(14.365560040548,37.707942097326,
    7.284195107249));
#1175 = CARTESIAN_POINT('',(14.316823993972,37.775199935681,
    7.296779993061));
#1176 = CARTESIAN_POINT('',(14.267437414464,37.843355537434,
    7.309532863008));
#1177 = CARTESIAN_POINT('',(14.217400302025,37.912408902583,
    7.322453717091));
#1178 = CARTESIAN_POINT('',(14.166712656654,37.982360031129,
    7.33554255531));
#1179 = CARTESIAN_POINT('',(14.115374478353,38.053208923073,
    7.348799377664));
#1180 = CARTESIAN_POINT('',(14.06338576712,38.124955578413,
    7.362224184154));
#1181 = CARTESIAN_POINT('',(14.010746522956,38.197599997151,
    7.375816974779));
#1182 = CARTESIAN_POINT('',(13.957456745861,38.271142179285,
    7.38957774954));
#1183 = PCURVE('',#125,#1184);
#1184 = DEFINITIONAL_REPRESENTATION('',(#1185),#1220);
#1185 = B_SPLINE_CURVE_WITH_KNOTS('',9,(#1186,#1187,#1188,#1189,#1190,
    #1191,#1192,#1193,#1194,#1195,#1196,#1197,#1198,#1199,#1200,#1201,
    #1202,#1203,#1204,#1205,#1206,#1207,#1208,#1209,#1210,#1211,#1212,
    #1213,#1214,#1215,#1216,#1217,#1218,#1219),.UNSPECIFIED.,.F.,.F.,(10
    ,8,8,8,10),(4.110950065678,9.399400524743,14.687850983808,
    19.976301442874,25.264751901939),.UNSPECIFIED.);
#1186 = CARTESIAN_POINT('',(6.771718237327E-02,3.007113252461));
#1187 = CARTESIAN_POINT('',(8.582735325619E-02,3.094509962732));
#1188 = CARTESIAN_POINT('',(0.103889930266,3.184737481748));
#1189 = CARTESIAN_POINT('',(0.121911209217,3.277798051));
#1190 = CARTESIAN_POINT('',(0.13989864635,3.373683476436));
#1191 = CARTESIAN_POINT('',(0.157860877764,3.472373533803));
#1192 = CARTESIAN_POINT('',(0.175807738847,3.573834373996));
#1193 = CARTESIAN_POINT('',(0.193750283709,3.678016928404));
#1194 = CARTESIAN_POINT('',(0.211700804614,3.784855314262));
#1195 = CARTESIAN_POINT('',(0.247644898199,4.003675165716));
#1196 = CARTESIAN_POINT('',(0.265638471758,4.115657069729));
#1197 = CARTESIAN_POINT('',(0.283667104782,4.230121931796));
#1198 = CARTESIAN_POINT('',(0.301745821338,4.346981010626));
#1199 = CARTESIAN_POINT('',(0.319889882716,4.466078342654));
#1200 = CARTESIAN_POINT('',(0.338119183657,4.587309745381));
#1201 = CARTESIAN_POINT('',(0.356449768777,4.710461768355));
#1202 = CARTESIAN_POINT('',(0.374903012724,4.835343571262));
#1203 = CARTESIAN_POINT('',(0.412096004788,5.088080570157));
#1204 = CARTESIAN_POINT('',(0.430835815534,5.215936575936));
#1205 = CARTESIAN_POINT('',(0.449739684167,5.345036285828));
#1206 = CARTESIAN_POINT('',(0.468829580079,5.47510752047));
#1207 = CARTESIAN_POINT('',(0.488128286927,5.605841626735));
#1208 = CARTESIAN_POINT('',(0.507658962597,5.73689068));
#1209 = CARTESIAN_POINT('',(0.527444671061,5.867869985186));
#1210 = CARTESIAN_POINT('',(0.547507886151,5.99836587669));
#1211 = CARTESIAN_POINT('',(0.588232048307,6.257531757535));
#1212 = CARTESIAN_POINT('',(0.60889292135,6.386201208432));
#1213 = CARTESIAN_POINT('',(0.62987420517,6.513530555691));
#1214 = CARTESIAN_POINT('',(0.651194030344,6.639054964066));
#1215 = CARTESIAN_POINT('',(0.672873442875,6.762348650021));
#1216 = CARTESIAN_POINT('',(0.694917102855,6.882862063611));
#1217 = CARTESIAN_POINT('',(0.717344087196,7.000220627775));
#1218 = CARTESIAN_POINT('',(0.740151498549,7.113976719953));
#1219 = CARTESIAN_POINT('',(0.763337317515,7.223790440222));
#1220 = ( GEOMETRIC_REPRESENTATION_CONTEXT(2) 
PARAMETRIC_REPRESENTATION_CONTEXT() REPRESENTATION_CONTEXT('2D SPACE',''
  ) );
#1221 = PCURVE('',#247,#1222);
#1222 = DEFINITIONAL_REPRESENTATION('',(#1223),#1227);
#1223 = LINE('',#1224,#1225);
#1224 = CARTESIAN_POINT('',(0.,0.));
#1225 = VECTOR('',#1226,1.);
#1226 = DIRECTION('',(0.,1.));
#1227 = ( GEOMETRIC_REPRESENTATION_CONTEXT(2) 
PARAMETRIC_REPRESENTATION_CONTEXT() REPRESENTATION_CONTEXT('2D SPACE',''
  ) );
#1228 = ORIENTED_EDGE('',*,*,#21,.T.);
#1229 = ORIENTED_EDGE('',*,*,#1230,.F.);
#1230 = EDGE_CURVE('',#816,#24,#1231,.T.);
#1231 = SURFACE_CURVE('',#1232,(#1240,#1247),.PCURVE_S1.);
#1232 = ( BOUNDED_CURVE() B_SPLINE_CURVE(6,(#1233,#1234,#1235,#1236,
#1237,#1238,#1239),.UNSPECIFIED.,.F.,.F.) B_SPLINE_CURVE_WITH_KNOTS((7,7
),(0.,0.763337317515),.PIECEWISE_BEZIER_KNOTS.) CURVE() 
GEOMETRIC_REPRESENTATION_ITEM() RATIONAL_B_SPLINE_CURVE((1.00731395893,
    1.002414195399,0.999512632189,0.998551138584,0.999512632189,
1.002414195399,1.00731395893)) REPRESENTATION_ITEM('') );
#1233 = CARTESIAN_POINT('',(-51.96152422706,-30.,150.));
#1234 = CARTESIAN_POINT('',(-47.0599050734,-32.09395381623,150.));
#1235 = CARTESIAN_POINT('',(-42.5078204895,-34.92603978457,150.));
#1236 = CARTESIAN_POINT('',(-38.42726341194,-38.42726341194,150.));
#1237 = CARTESIAN_POINT('',(-34.92603978457,-42.5078204895,150.));
#1238 = CARTESIAN_POINT('',(-32.09395381623,-47.0599050734,150.));
#1239 = CARTESIAN_POINT('',(-30.,-51.96152422706,150.));
#1240 = PCURVE('',#125,#1241);
#1241 = DEFINITIONAL_REPRESENTATION('',(#1242),#1246);
#1242 = LINE('',#1243,#1244);
#1243 = CARTESIAN_POINT('',(0.,150.));
#1244 = VECTOR('',#1245,1.);
#1245 = DIRECTION('',(1.,0.));
#1246 = ( GEOMETRIC_REPRESENTATION_CONTEXT(2) 
PARAMETRIC_REPRESENTATION_CONTEXT() REPRESENTATION_CONTEXT('2D SPACE',''
  ) );
#1247 = PCURVE('',#794,#1248);
#1248 = DEFINITIONAL_REPRESENTATION('',(#1249),#1257);
#1249 = ( BOUNDED_CURVE() B_SPLINE_CURVE(6,(#1250,#1251,#1252,#1253,
#1254,#1255,#1256),.UNSPECIFIED.,.F.,.F.) B_SPLINE_CURVE_WITH_KNOTS((7,7
),(0.,0.763337317515),.PIECEWISE_BEZIER_KNOTS.) CURVE() 
GEOMETRIC_REPRESENTATION_ITEM() RATIONAL_B_SPLINE_CURVE((1.00731395893,
    1.002414195399,0.999512632189,0.998551138584,0.999512632189,
1.002414195399,1.00731395893)) REPRESENTATION_ITEM('') );
#1250 = CARTESIAN_POINT('',(-30.,51.961524227066));
#1251 = CARTESIAN_POINT('',(-32.09395381623,47.059905073404));
#1252 = CARTESIAN_POINT('',(-34.92603978457,42.507820489502));
#1253 = CARTESIAN_POINT('',(-38.42726341194,38.42726341194));
#1254 = CARTESIAN_POINT('',(-42.5078204895,34.926039784572));
#1255 = CARTESIAN_POINT('',(-47.0599050734,32.093953816237));
#1256 = CARTESIAN_POINT('',(-51.96152422706,30.));
#1257 = ( GEOMETRIC_REPRESENTATION_CONTEXT(2) 
PARAMETRIC_REPRESENTATION_CONTEXT() REPRESENTATION_CONTEXT('2D SPACE',''
  ) );
#1258 = ADVANCED_FACE('',(#1259),#247,.T.);
#1259 = FACE_BOUND('',#1260,.T.);
#1260 = EDGE_LOOP('',(#1261,#1377,#1378,#1379,#1954));
#1261 = ORIENTED_EDGE('',*,*,#1262,.T.);
#1262 = EDGE_CURVE('',#1263,#210,#1265,.T.);
#1263 = VERTEX_POINT('',#1264);
#1264 = CARTESIAN_POINT('',(13.959605165383,30.858436735558,
    6.994405055138E-15));
#1265 = SURFACE_CURVE('',#1266,(#1301,#1339),.PCURVE_S1.);
#1266 = B_SPLINE_CURVE_WITH_KNOTS('',5,(#1267,#1268,#1269,#1270,#1271,
    #1272,#1273,#1274,#1275,#1276,#1277,#1278,#1279,#1280,#1281,#1282,
    #1283,#1284,#1285,#1286,#1287,#1288,#1289,#1290,#1291,#1292,#1293,
    #1294,#1295,#1296,#1297,#1298,#1299,#1300),.UNSPECIFIED.,.F.,.F.,(6,
    4,4,4,4,4,4,4,6),(0.,0.117855835084,0.239399890332,0.366080077623,
    0.497281528401,0.62606051465,0.752319719332,0.876973392652,1.),
  .UNSPECIFIED.);
#1267 = CARTESIAN_POINT('',(13.959605170526,30.858436735803,
    7.827072325415E-15));
#1268 = CARTESIAN_POINT('',(14.014087478344,30.986821658244,
    2.180029461205E-09));
#1269 = CARTESIAN_POINT('',(14.069144683115,31.116701299357,
    4.01872058291E-03));
#1270 = CARTESIAN_POINT('',(14.124676815416,31.247847235748,
    1.222866491447E-02));
#1271 = CARTESIAN_POINT('',(14.180570495706,31.379997207391,
    2.477914873574E-02));
#1272 = CARTESIAN_POINT('',(14.294589826222,31.649883774619,
    5.932178166205E-02));
#1273 = CARTESIAN_POINT('',(14.352730625454,31.787665861467,
    8.159710762593E-02));
#1274 = CARTESIAN_POINT('',(14.410988523657,31.925890311755,
    0.108735794178));
#1275 = CARTESIAN_POINT('',(14.469216251933,32.064209137092,
    0.140823324821));
#1276 = CARTESIAN_POINT('',(14.587758686546,32.346139426574,
    0.216533465118));
#1277 = CARTESIAN_POINT('',(14.648057652588,32.489727657231,
    0.260586231594));
#1278 = CARTESIAN_POINT('',(14.707985082951,32.632609347085,
    0.31009389712));
#1279 = CARTESIAN_POINT('',(14.767362049362,32.774352719003,
    0.365037750135));
#1280 = CARTESIAN_POINT('',(14.886756907331,33.059708928887,
    0.487786357756));
#1281 = CARTESIAN_POINT('',(14.946722091752,33.203208061261,
    0.555980175227));
#1282 = CARTESIAN_POINT('',(15.005713175816,33.34455080596,
    0.629827182063));
#1283 = CARTESIAN_POINT('',(15.063539167095,33.483266337664,
    0.709164775961));
#1284 = CARTESIAN_POINT('',(15.175466003794,33.752061604538,
    0.876804671908));
#1285 = CARTESIAN_POINT('',(15.229615960515,33.882253609649,
    0.964914479209));
#1286 = CARTESIAN_POINT('',(15.282307342728,34.009077483082,
    1.057880753739));
#1287 = CARTESIAN_POINT('',(15.333387870441,34.132149553995,
    1.155429832379));
#1288 = CARTESIAN_POINT('',(15.431100312077,34.367796093015,
    1.35706809321));
#1289 = CARTESIAN_POINT('',(15.47779975128,34.480528938013,
    1.460992051588));
#1290 = CARTESIAN_POINT('',(15.522701714609,34.589021305109,
    1.568718682054));
#1291 = CARTESIAN_POINT('',(15.565702969124,34.693006673665,
    1.679910889296));
#1292 = CARTESIAN_POINT('',(15.647222650975,34.890282509613,
    1.907058735568));
#1293 = CARTESIAN_POINT('',(15.685791163928,34.983692245573,
    2.022935936425));
#1294 = CARTESIAN_POINT('',(15.722352123448,35.072303146429,
    2.141499440269));
#1295 = CARTESIAN_POINT('',(15.75685087365,35.155968301519,
    2.262387477305));
#1296 = CARTESIAN_POINT('',(15.821236084591,35.312198217888,
    2.506484211362));
#1297 = CARTESIAN_POINT('',(15.85117689939,35.384893684738,
    2.629642148412));
#1298 = CARTESIAN_POINT('',(15.879046094347,35.452594747509,
    2.754362848936));
#1299 = CARTESIAN_POINT('',(15.904833570306,35.515266453554,
    2.880298066217));
#1300 = CARTESIAN_POINT('',(15.928547905577,35.57292117128,
    3.007113252462));
#1301 = PCURVE('',#247,#1302);
#1302 = DEFINITIONAL_REPRESENTATION('',(#1303),#1338);
#1303 = B_SPLINE_CURVE_WITH_KNOTS('',5,(#1304,#1305,#1306,#1307,#1308,
    #1309,#1310,#1311,#1312,#1313,#1314,#1315,#1316,#1317,#1318,#1319,
    #1320,#1321,#1322,#1323,#1324,#1325,#1326,#1327,#1328,#1329,#1330,
    #1331,#1332,#1333,#1334,#1335,#1336,#1337),.UNSPECIFIED.,.F.,.F.,(6,
    4,4,4,4,4,4,4,6),(0.,0.117855835084,0.239399890332,0.366080077623,
    0.497281528401,0.62606051465,0.752319719332,0.876973392652,1.),
  .UNSPECIFIED.);
#1304 = CARTESIAN_POINT('',(26.174596211341,20.335138557898));
#1305 = CARTESIAN_POINT('',(25.753369129568,20.409641003278));
#1306 = CARTESIAN_POINT('',(25.335520361887,20.485584002204));
#1307 = CARTESIAN_POINT('',(24.9211483051,20.562867725589));
#1308 = CARTESIAN_POINT('',(24.510339650347,20.641365526007));
#1309 = CARTESIAN_POINT('',(23.683244056876,20.802972311038));
#1310 = CARTESIAN_POINT('',(23.267187724629,20.886148750825));
#1311 = CARTESIAN_POINT('',(22.855069416356,20.970285301235));
#1312 = CARTESIAN_POINT('',(22.446942121802,21.055183554091));
#1313 = CARTESIAN_POINT('',(21.621642192823,21.22966541272));
#1314 = CARTESIAN_POINT('',(21.204815814879,21.319295466241));
#1315 = CARTESIAN_POINT('',(20.792379583504,21.409256008787));
#1316 = CARTESIAN_POINT('',(20.38432601942,21.4992635615));
#1317 = CARTESIAN_POINT('',(19.562484099706,21.681975001112));
#1318 = CARTESIAN_POINT('',(19.149010538062,21.774660546044));
#1319 = CARTESIAN_POINT('',(18.74013844879,21.866740670143));
#1320 = CARTESIAN_POINT('',(18.335771307771,21.957862937701));
#1321 = CARTESIAN_POINT('',(17.543157300977,22.135834904247));
#1322 = CARTESIAN_POINT('',(17.154750378099,22.222732508264));
#1323 = CARTESIAN_POINT('',(16.770421095344,22.308040673678));
#1324 = CARTESIAN_POINT('',(16.390000004658,22.391432992734));
#1325 = CARTESIAN_POINT('',(15.643950687582,22.552194932789));
#1326 = CARTESIAN_POINT('',(15.278178394511,22.629650544985));
#1327 = CARTESIAN_POINT('',(14.915787334352,22.704690774068));
#1328 = CARTESIAN_POINT('',(14.55656458705,22.777055342087));
#1329 = CARTESIAN_POINT('',(13.848535741652,22.915107672573));
#1330 = CARTESIAN_POINT('',(13.499654962871,22.980868704603));
#1331 = CARTESIAN_POINT('',(13.153425896904,23.043593215211));
#1332 = CARTESIAN_POINT('',(12.809618273189,23.10310595998));
#1333 = CARTESIAN_POINT('',(12.1308468869,23.214714747918));
#1334 = CARTESIAN_POINT('',(11.795825933854,23.266897512443));
#1335 = CARTESIAN_POINT('',(11.462719951589,23.315699929877));
#1336 = CARTESIAN_POINT('',(11.13130777357,23.361039947825));
#1337 = CARTESIAN_POINT('',(10.801379494935,23.402878486589));
#1338 = ( GEOMETRIC_REPRESENTATION_CONTEXT(2) 
PARAMETRIC_REPRESENTATION_CONTEXT() REPRESENTATION_CONTEXT('2D SPACE',''
  ) );
#1339 = PCURVE('',#510,#1340);
#1340 = DEFINITIONAL_REPRESENTATION('',(#1341),#1376);
#1341 = B_SPLINE_CURVE_WITH_KNOTS('',5,(#1342,#1343,#1344,#1345,#1346,
    #1347,#1348,#1349,#1350,#1351,#1352,#1353,#1354,#1355,#1356,#1357,
    #1358,#1359,#1360,#1361,#1362,#1363,#1364,#1365,#1366,#1367,#1368,
    #1369,#1370,#1371,#1372,#1373,#1374,#1375),.UNSPECIFIED.,.F.,.F.,(6,
    4,4,4,4,4,4,4,6),(0.,0.117855835084,0.239399890332,0.366080077623,
    0.497281528401,0.62606051465,0.752319719332,0.876973392652,1.),
  .UNSPECIFIED.);
#1342 = CARTESIAN_POINT('',(26.174596211353,5.732174665915));
#1343 = CARTESIAN_POINT('',(25.593174602303,5.694045468789));
#1344 = CARTESIAN_POINT('',(25.009925743871,5.655123239288));
#1345 = CARTESIAN_POINT('',(24.424786476005,5.61545277313));
#1346 = CARTESIAN_POINT('',(23.837693313478,5.575092116695));
#1347 = CARTESIAN_POINT('',(22.641048234052,5.491852971591));
#1348 = CARTESIAN_POINT('',(22.031368062798,5.448935190304));
#1349 = CARTESIAN_POINT('',(21.419484965001,5.40543976198));
#1350 = CARTESIAN_POINT('',(20.805339894121,5.361462221438));
#1351 = CARTESIAN_POINT('',(19.546382027635,5.270889720121));
#1352 = CARTESIAN_POINT('',(18.901369531725,5.224262655396));
#1353 = CARTESIAN_POINT('',(18.253795186282,5.177356692795));
#1354 = CARTESIAN_POINT('',(17.603617093041,5.130314128313));
#1355 = CARTESIAN_POINT('',(16.274711967286,5.03458612173));
#1356 = CARTESIAN_POINT('',(15.595793731899,4.985901930344));
#1357 = CARTESIAN_POINT('',(14.914035455456,4.937407980197));
#1358 = CARTESIAN_POINT('',(14.229433823522,4.889289059605));
#1359 = CARTESIAN_POINT('',(12.86728672546,4.79505468396));
#1360 = CARTESIAN_POINT('',(12.189843889295,4.748918599438));
#1361 = CARTESIAN_POINT('',(11.509709353991,4.703501960095));
#1362 = CARTESIAN_POINT('',(10.826930332345,4.658984385069));
#1363 = CARTESIAN_POINT('',(9.469641133879,4.572937988044));
#1364 = CARTESIAN_POINT('',(8.795230061965,4.531367689137));
#1365 = CARTESIAN_POINT('',(8.118417054075,4.490985707529));
#1366 = CARTESIAN_POINT('',(7.43929289572,4.451943445732));
#1367 = CARTESIAN_POINT('',(6.085308275877,4.377281355899));
#1368 = CARTESIAN_POINT('',(5.410502798037,4.341624281573));
#1369 = CARTESIAN_POINT('',(4.733659109521,4.307530081483));
#1370 = CARTESIAN_POINT('',(4.054899175789,4.275108324135));
#1371 = CARTESIAN_POINT('',(2.702697006972,4.214180505259));
#1372 = CARTESIAN_POINT('',(2.029300327794,4.185628825487));
#1373 = CARTESIAN_POINT('',(1.354294987208,4.158871425402));
#1374 = CARTESIAN_POINT('',(0.677815825325,4.133967192015));
#1375 = CARTESIAN_POINT('',(0.,4.110950065678));
#1376 = ( GEOMETRIC_REPRESENTATION_CONTEXT(2) 
PARAMETRIC_REPRESENTATION_CONTEXT() REPRESENTATION_CONTEXT('2D SPACE',''
  ) );
#1377 = ORIENTED_EDGE('',*,*,#209,.T.);
#1378 = ORIENTED_EDGE('',*,*,#1130,.F.);
#1379 = ORIENTED_EDGE('',*,*,#1380,.F.);
#1380 = EDGE_CURVE('',#1381,#924,#1383,.T.);
#1381 = VERTEX_POINT('',#1382);
#1382 = CARTESIAN_POINT('',(27.518591067801,19.744387551377,
    6.328271240363E-15));
#1383 = SURFACE_CURVE('',#1384,(#1572,#1763),.PCURVE_S1.);
#1384 = B_SPLINE_CURVE_WITH_KNOTS('',6,(#1385,#1386,#1387,#1388,#1389,
    #1390,#1391,#1392,#1393,#1394,#1395,#1396,#1397,#1398,#1399,#1400,
    #1401,#1402,#1403,#1404,#1405,#1406,#1407,#1408,#1409,#1410,#1411,
    #1412,#1413,#1414,#1415,#1416,#1417,#1418,#1419,#1420,#1421,#1422,
    #1423,#1424,#1425,#1426,#1427,#1428,#1429,#1430,#1431,#1432,#1433,
    #1434,#1435,#1436,#1437,#1438,#1439,#1440,#1441,#1442,#1443,#1444,
    #1445,#1446,#1447,#1448,#1449,#1450,#1451,#1452,#1453,#1454,#1455,
    #1456,#1457,#1458,#1459,#1460,#1461,#1462,#1463,#1464,#1465,#1466,
    #1467,#1468,#1469,#1470,#1471,#1472,#1473,#1474,#1475,#1476,#1477,
    #1478,#1479,#1480,#1481,#1482,#1483,#1484,#1485,#1486,#1487,#1488,
    #1489,#1490,#1491,#1492,#1493,#1494,#1495,#1496,#1497,#1498,#1499,
    #1500,#1501,#1502,#1503,#1504,#1505,#1506,#1507,#1508,#1509,#1510,
    #1511,#1512,#1513,#1514,#1515,#1516,#1517,#1518,#1519,#1520,#1521,
    #1522,#1523,#1524,#1525,#1526,#1527,#1528,#1529,#1530,#1531,#1532,
    #1533,#1534,#1535,#1536,#1537,#1538,#1539,#1540,#1541,#1542,#1543,
    #1544,#1545,#1546,#1547,#1548,#1549,#1550,#1551,#1552,#1553,#1554,
    #1555,#1556,#1557,#1558,#1559,#1560,#1561,#1562,#1563,#1564,#1565,
    #1566,#1567,#1568,#1569,#1570,#1571),.UNSPECIFIED.,.F.,.F.,(7,5,5,5,
    5,5,5,5,5,5,5,5,5,5,5,5,5,5,5,5,5,5,5,5,5,5,5,5,5,5,5,5,5,5,5,5,5,7)
  ,(0.,1.402505167628E-03,1.201167002867E-02,2.655967064959E-02,
    3.947162066914E-02,5.379337672436E-02,6.651087956621E-02,
    8.062148081317E-02,9.31578345837E-02,0.107071963886,0.119440117687,
    0.133172078671,0.145384657108,0.158948401857,0.171017729056,
    0.184426884282,0.196365006924,0.20963289871,0.221451606841,
    0.234591283858,0.246302131824,0.259326388054,0.270940713989,
    0.283862109994,0.295391054265,0.3082219373,0.319676459915,
    0.332428982858,0.343819879813,0.35650601893,0.367843937497,
    0.380475508993,0.393535185081,0.404240922921,0.555270246971,
    0.704453732032,0.85257743233,1.),.UNSPECIFIED.);
#1385 = CARTESIAN_POINT('',(27.518591078112,19.744387542215,
    6.772360450213E-15));
#1386 = CARTESIAN_POINT('',(27.518801944666,19.744546494838,
    1.075120310693E-07));
#1387 = CARTESIAN_POINT('',(27.519223624169,19.744864310427,
    -1.304964356887E-07));
#1388 = CARTESIAN_POINT('',(27.520035223385,19.745476007785,
    -2.193905746176E-08));
#1389 = CARTESIAN_POINT('',(27.521186110756,19.746343438356,
    6.84916703092E-07));
#1390 = CARTESIAN_POINT('',(27.522395916394,19.747255286228,
    1.801449584616E-06));
#1391 = CARTESIAN_POINT('',(27.528893034266,19.752152277505,
    9.48576356473E-06));
#1392 = CARTESIAN_POINT('',(27.534702078968,19.75653083415,
    2.680102033573E-05));
#1393 = CARTESIAN_POINT('',(27.540510414733,19.760909032316,
    5.44233611622E-05));
#1394 = CARTESIAN_POINT('',(27.546292117715,19.765267333284,
    9.235050752139E-05));
#1395 = CARTESIAN_POINT('',(27.552066591686,19.769620365369,
    1.407989960457E-04));
#1396 = CARTESIAN_POINT('',(27.565895766368,19.780045780801,
    2.816645613975E-04));
#1397 = CARTESIAN_POINT('',(27.573953192801,19.786120381433,
    3.836230967287E-04));
#1398 = CARTESIAN_POINT('',(27.582007496672,19.792192977384,
    5.060008049181E-04));
#1399 = CARTESIAN_POINT('',(27.590039399337,19.798249026667,
    6.481047251098E-04));
#1400 = CARTESIAN_POINT('',(27.598074097362,19.804307521522,
    8.100260995209E-04));
#1401 = CARTESIAN_POINT('',(27.613377466673,19.815847560857,
    1.15735719693E-03));
#1402 = CARTESIAN_POINT('',(27.620642205485,19.821326065748,
    1.338339407483E-03));
#1403 = CARTESIAN_POINT('',(27.627908940654,19.826806361358,
    1.536050434047E-03));
#1404 = CARTESIAN_POINT('',(27.63515300052,19.832269835942,
    1.74950489412E-03));
#1405 = CARTESIAN_POINT('',(27.642392314881,19.837730006153,
    1.978876431973E-03));
#1406 = CARTESIAN_POINT('',(27.657779738456,19.849336396711,
    2.501598017869E-03));
#1407 = CARTESIAN_POINT('',(27.665930037803,19.855484334252,
    2.798834585207E-03));
#1408 = CARTESIAN_POINT('',(27.67407715679,19.861630230977,
    3.116886508025E-03));
#1409 = CARTESIAN_POINT('',(27.682202394254,19.86775997276,
    3.45463310859E-03));
#1410 = CARTESIAN_POINT('',(27.690330191541,19.873891992454,
    3.812744290351E-03));
#1411 = CARTESIAN_POINT('',(27.705808451851,19.885570253639,
    4.534552892701E-03));
#1412 = CARTESIAN_POINT('',(27.713155111587,19.891113549842,
    4.893649091843E-03));
#1413 = CARTESIAN_POINT('',(27.72050357307,19.896658497674,
    5.269898743382E-03));
#1414 = CARTESIAN_POINT('',(27.727829930794,19.902187053455,
    5.661771240377E-03));
#1415 = CARTESIAN_POINT('',(27.735151558797,19.907712321912,
    6.069849385395E-03));
#1416 = CARTESIAN_POINT('',(27.750711206979,19.919455031019,
    6.973098102459E-03));
#1417 = CARTESIAN_POINT('',(27.758951266015,19.925674077424,
    7.472303386648E-03));
#1418 = CARTESIAN_POINT('',(27.767188076138,19.931891038496,
    7.992733252315E-03));
#1419 = CARTESIAN_POINT('',(27.775403550197,19.938092255924,
    8.532864526948E-03));
#1420 = CARTESIAN_POINT('',(27.783621324841,19.944295565364,
    9.093914363902E-03));
#1421 = CARTESIAN_POINT('',(27.799268415559,19.956107702505,
    1.020296295484E-02));
#1422 = CARTESIAN_POINT('',(27.806694117252,19.9617137284,
    1.074642414925E-02));
#1423 = CARTESIAN_POINT('',(27.814121308103,19.967321169533,
    1.130699870552E-02));
#1424 = CARTESIAN_POINT('',(27.821526996292,19.972912670088,
    1.188311344664E-02));
#1425 = CARTESIAN_POINT('',(27.828928064383,19.97850097894,
    1.247620571429E-02));
#1426 = CARTESIAN_POINT('',(27.844653599456,19.990375447934,
    1.377277799661E-02));
#1427 = CARTESIAN_POINT('',(27.85297999434,19.996663136632,
    1.448067216383E-02));
#1428 = CARTESIAN_POINT('',(27.861303059742,20.002948686082,
    1.521021298878E-02));
#1429 = CARTESIAN_POINT('',(27.869605358773,20.009218921601,
    1.595950282139E-02));
#1430 = CARTESIAN_POINT('',(27.877909674109,20.015491043897,
    1.673027094749E-02));
#1431 = CARTESIAN_POINT('',(27.893718934579,20.027432249874,
    1.823937138718E-02));
#1432 = CARTESIAN_POINT('',(27.901220406599,20.033098635404,
    1.897299406703E-02));
#1433 = CARTESIAN_POINT('',(27.908723152056,20.03876628058,
    1.972417205781E-02));
#1434 = CARTESIAN_POINT('',(27.916205023765,20.044418457845,
    2.049084818365E-02));
#1435 = CARTESIAN_POINT('',(27.923682261574,20.050067437576,
    2.127480936748E-02));
#1436 = CARTESIAN_POINT('',(27.939566733156,20.062068636241,
    2.297753634958E-02));
#1437 = CARTESIAN_POINT('',(27.947975715442,20.068422250672,
    2.390085238627E-02));
#1438 = CARTESIAN_POINT('',(27.956381274319,20.074773661466,
    2.484624969397E-02));
#1439 = CARTESIAN_POINT('',(27.96476665893,20.081110205069,
    2.581148701441E-02));
#1440 = CARTESIAN_POINT('',(27.973153749155,20.087448409764,
    2.679876684983E-02));
#1441 = CARTESIAN_POINT('',(27.989117891982,20.099513394339,
    2.872074761655E-02));
#1442 = CARTESIAN_POINT('',(27.996691623232,20.105237587823,
    2.965057032105E-02));
#1443 = CARTESIAN_POINT('',(28.004266391807,20.110962869537,
    3.059839420069E-02));
#1444 = CARTESIAN_POINT('',(28.011820941845,20.11667317607,
    3.156171753764E-02));
#1445 = CARTESIAN_POINT('',(28.01937083587,20.122380272662,
    3.254264624369E-02));
#1446 = CARTESIAN_POINT('',(28.035406653514,20.134502676741,
    3.466435932662E-02));
#1447 = CARTESIAN_POINT('',(28.043894136191,20.14091923885,
    3.580982460724E-02));
#1448 = CARTESIAN_POINT('',(28.052378086752,20.147333521316,
    3.697781786049E-02));
#1449 = CARTESIAN_POINT('',(28.060842475444,20.153733398752,
    3.816578798184E-02));
#1450 = CARTESIAN_POINT('',(28.069308231266,20.160134690011,
    3.937636790239E-02));
#1451 = CARTESIAN_POINT('',(28.085419315424,20.172317657652,
    4.172403784839E-02));
#1452 = CARTESIAN_POINT('',(28.093061484865,20.178096867677,
    4.285608524953E-02));
#1453 = CARTESIAN_POINT('',(28.100704434011,20.183876977781,
    4.400658249792E-02));
#1454 = CARTESIAN_POINT('',(28.108327844153,20.189642624004,
    4.517262654052E-02));
#1455 = CARTESIAN_POINT('',(28.115946566604,20.195405040302,
    4.635660886405E-02));
#1456 = CARTESIAN_POINT('',(28.132125473296,20.207642609564,
    4.891010176221E-02));
#1457 = CARTESIAN_POINT('',(28.140687042762,20.214118891913,
    5.028466200684E-02));
#1458 = CARTESIAN_POINT('',(28.149244903287,20.220592758478,
    5.168171979103E-02));
#1459 = CARTESIAN_POINT('',(28.157783832399,20.227052695893,
    5.309893952789E-02));
#1460 = CARTESIAN_POINT('',(28.166323812963,20.233513824551,
    5.453982648149E-02));
#1461 = CARTESIAN_POINT('',(28.18257321711,20.245808452318,
    5.732593488684E-02));
#1462 = CARTESIAN_POINT('',(28.19027968144,20.251639637497,
    5.866619868647E-02));
#1463 = CARTESIAN_POINT('',(28.197986645227,20.257471516944,
    6.002536256122E-02));
#1464 = CARTESIAN_POINT('',(28.205674771578,20.263289460656,
    6.140016911248E-02));
#1465 = CARTESIAN_POINT('',(28.213358167661,20.269104145819,
    6.279325914768E-02));
#1466 = CARTESIAN_POINT('',(28.229671213193,20.281450301931,
    6.579124608883E-02));
#1467 = CARTESIAN_POINT('',(28.238302030143,20.287982739358,
    6.740130093071E-02));
#1468 = CARTESIAN_POINT('',(28.246929011551,20.294512670695,
    6.903434088571E-02));
#1469 = CARTESIAN_POINT('',(28.255537706931,20.301029160093,
    7.068777812461E-02));
#1470 = CARTESIAN_POINT('',(28.264147039313,20.30754653425,
    7.236543230908E-02));
#1471 = CARTESIAN_POINT('',(28.280525436367,20.319945950514,
    7.56026251748E-02));
#1472 = CARTESIAN_POINT('',(28.288291717993,20.325825809421,
    7.715704317557E-02));
#1473 = CARTESIAN_POINT('',(28.296058195074,20.331706138195,
    7.873081162785E-02));
#1474 = CARTESIAN_POINT('',(28.303806555724,20.337573074253,
    8.032036956636E-02));
#1475 = CARTESIAN_POINT('',(28.311550131221,20.343436713373,
    8.192856802672E-02));
#1476 = CARTESIAN_POINT('',(28.327987646828,20.355884318628,
    8.538363806256E-02));
#1477 = CARTESIAN_POINT('',(28.336682527205,20.362469080833,
    8.72357671498E-02));
#1478 = CARTESIAN_POINT('',(28.345373424992,20.369051230552,
    8.91113806761E-02));
#1479 = CARTESIAN_POINT('',(28.354046694206,20.375620434682,
    9.100767906296E-02));
#1480 = CARTESIAN_POINT('',(28.362720155023,20.382190192771,
    9.292873978443E-02));
#1481 = CARTESIAN_POINT('',(28.379217486512,20.394686955681,
    9.662951189176E-02));
#1482 = CARTESIAN_POINT('',(28.387038761939,20.400611917053,
    9.840394515548E-02));
#1483 = CARTESIAN_POINT('',(28.394859903958,20.406537104379,
    0.100198177824));
#1484 = CARTESIAN_POINT('',(28.402663667064,20.412449454665,
    0.102008399908));
#1485 = CARTESIAN_POINT('',(28.410462576347,20.418358458673,
    0.103837630768));
#1486 = CARTESIAN_POINT('',(28.427014149951,20.43089979508,
    0.107762197875));
#1487 = CARTESIAN_POINT('',(28.435767517999,20.437532745771,
    0.109862881726));
#1488 = CARTESIAN_POINT('',(28.444516734114,20.444162959999,
    0.111987559906));
#1489 = CARTESIAN_POINT('',(28.453248987797,20.450780731536,
    0.114133264451));
#1490 = CARTESIAN_POINT('',(28.461980955572,20.457398700927,
    0.116304270189));
#1491 = CARTESIAN_POINT('',(28.478586407868,20.46998477821,
    0.120480913031));
#1492 = CARTESIAN_POINT('',(28.486457496677,20.475950991559,
    0.122481121047));
#1493 = CARTESIAN_POINT('',(28.494328097268,20.481917166529,
    0.12450157425));
#1494 = CARTESIAN_POINT('',(28.502182069726,20.48787107031,
    0.126538271882));
#1495 = CARTESIAN_POINT('',(28.51003110437,20.4938215663,0.12859435696)
  );
#1496 = CARTESIAN_POINT('',(28.526685557247,20.506448315681,
    0.133000605833));
#1497 = CARTESIAN_POINT('',(28.535491433633,20.513125002394,
    0.135356197039));
#1498 = CARTESIAN_POINT('',(28.544292964549,20.519798809558,0.1377363016
    ));
#1499 = CARTESIAN_POINT('',(28.553078204155,20.526460680631,
    0.14013782934));
#1500 = CARTESIAN_POINT('',(28.561862647131,20.533122367207,
    0.142565188201));
#1501 = CARTESIAN_POINT('',(28.578564629037,20.54578911692,
    0.147229733506));
#1502 = CARTESIAN_POINT('',(28.586479983614,20.551792443678,
    0.149461347301));
#1503 = CARTESIAN_POINT('',(28.594394468168,20.557795446421,
    0.151713646968));
#1504 = CARTESIAN_POINT('',(28.602293085055,20.563786751276,
    0.153982502843));
#1505 = CARTESIAN_POINT('',(28.61018666323,20.569774573375,
    0.156271134254));
#1506 = CARTESIAN_POINT('',(28.626932028413,20.582477798699,
    0.161170961651));
#1507 = CARTESIAN_POINT('',(28.635784019291,20.589193443307,
    0.163787653761));
#1508 = CARTESIAN_POINT('',(28.644631445044,20.595906044614,
    0.166429385697));
#1509 = CARTESIAN_POINT('',(28.653463251572,20.602607217039,
    0.169092993967));
#1510 = CARTESIAN_POINT('',(28.662293716509,20.60930779548,
    0.171782951749));
#1511 = CARTESIAN_POINT('',(28.679079838795,20.622045948182,
    0.176947110497));
#1512 = CARTESIAN_POINT('',(28.687033535015,20.628081953546,
    0.179415603639));
#1513 = CARTESIAN_POINT('',(28.694985951419,20.634117327112,
    0.181905216124));
#1514 = CARTESIAN_POINT('',(28.702923266409,20.640141580558,
    0.184411754721));
#1515 = CARTESIAN_POINT('',(28.710855423261,20.646162261531,
    0.186938465154));
#1516 = CARTESIAN_POINT('',(28.727678926093,20.658932389839,
    0.192343416687));
#1517 = CARTESIAN_POINT('',(28.736570213355,20.665681879927,
    0.195227210723));
#1518 = CARTESIAN_POINT('',(28.745456687783,20.672428140728,
    0.19813657653));
#1519 = CARTESIAN_POINT('',(28.754328211706,20.679163477134,
    0.201068328806));
#1520 = CARTESIAN_POINT('',(28.763197813912,20.685897782116,
    0.204026934614));
#1521 = CARTESIAN_POINT('',(28.780054871259,20.698697424827,
    0.209702031484));
#1522 = CARTESIAN_POINT('',(28.788040600341,20.704761370472,
    0.212412688949));
#1523 = CARTESIAN_POINT('',(28.796024610907,20.710824353602,
    0.215144889697));
#1524 = CARTESIAN_POINT('',(28.803994287889,20.716876795616,
    0.217894445574));
#1525 = CARTESIAN_POINT('',(28.811958667132,20.72292555937,0.22066457636
    ));
#1526 = CARTESIAN_POINT('',(28.828846708474,20.735752366676,
    0.226585778682));
#1527 = CARTESIAN_POINT('',(28.837770041434,20.742530247994,
    0.229742447263));
#1528 = CARTESIAN_POINT('',(28.846688283868,20.749304690243,
    0.23292522278));
#1529 = CARTESIAN_POINT('',(28.855592236543,20.756068706302,
    0.236130952055));
#1530 = CARTESIAN_POINT('',(28.864493651402,20.762831224821,
    0.239364021464));
#1531 = CARTESIAN_POINT('',(28.881407607267,20.775681787172,
    0.245560924673));
#1532 = CARTESIAN_POINT('',(28.889418669041,20.781768625034,
    0.248518809561));
#1533 = CARTESIAN_POINT('',(28.897427543869,20.787854146011,
    0.251498649631));
#1534 = CARTESIAN_POINT('',(28.905422850008,20.79392970265,
    0.254496333521));
#1535 = CARTESIAN_POINT('',(28.913412696986,20.800001457843,
    0.257515000484));
#1536 = CARTESIAN_POINT('',(28.930350839603,20.81287405644,
    0.263963088873));
#1537 = CARTESIAN_POINT('',(28.939298528395,20.819674526658,
    0.267398137969));
#1538 = CARTESIAN_POINT('',(28.948240817101,20.82647132269,
    0.270859829805));
#1539 = CARTESIAN_POINT('',(28.957169463939,20.833258180689,
    0.274345099528));
#1540 = CARTESIAN_POINT('',(28.966094920234,20.840043045745,
    0.277858175296));
#1541 = CARTESIAN_POINT('',(28.984301118503,20.85388373147,
    0.285083378009));
#1542 = CARTESIAN_POINT('',(28.99349587325,20.860874220264,
    0.288763896466));
#1543 = CARTESIAN_POINT('',(29.002234404648,20.867518302737,
    0.292291947847));
#1544 = CARTESIAN_POINT('',(29.010947503152,20.874143433208,
    0.295836021582));
#1545 = CARTESIAN_POINT('',(29.020912685047,20.881720848283,
    0.299905824501));
#1546 = CARTESIAN_POINT('',(29.045198115392,20.900189547898,
    0.309983145653));
#1547 = CARTESIAN_POINT('',(29.058984706104,20.910674672763,
    0.315747232392));
#1548 = CARTESIAN_POINT('',(29.071179304276,20.919950492447,
    0.320945521374));
#1549 = CARTESIAN_POINT('',(29.080254230076,20.926853796951,
    0.324846458029));
#1550 = CARTESIAN_POINT('',(29.087549260234,20.932403123519,
    0.327981431084));
#1551 = CARTESIAN_POINT('',(29.234076952097,21.043876710336,
    0.391648910523));
#1552 = CARTESIAN_POINT('',(29.370062090702,21.147430879661,
    0.457768110081));
#1553 = CARTESIAN_POINT('',(29.505254467652,21.250480384323,0.530796942)
  );
#1554 = CARTESIAN_POINT('',(29.639240493365,21.352708302292,
    0.610896221999));
#1555 = CARTESIAN_POINT('',(29.771151862052,21.453446982715,
    0.697866308469));
#1556 = CARTESIAN_POINT('',(30.027031601824,21.649028352521,
    0.882874797098));
#1557 = CARTESIAN_POINT('',(30.150856484976,21.743759245228,
    0.980605385716));
#1558 = CARTESIAN_POINT('',(30.270967604828,21.835727920663,
    1.083834987829));
#1559 = CARTESIAN_POINT('',(30.387019477538,21.924659816373,
    1.192214260096));
#1560 = CARTESIAN_POINT('',(30.498713193285,22.010315361434,
    1.305354991604));
#1561 = CARTESIAN_POINT('',(30.712132185961,22.174092527858,
    1.539499359542));
#1562 = CARTESIAN_POINT('',(30.813922637721,22.252263349231,
    1.660441522128));
#1563 = CARTESIAN_POINT('',(30.910933014729,22.326813064021,
    1.785267016564));
#1564 = CARTESIAN_POINT('',(31.002973399143,22.397586014615,
    1.913549014112));
#1565 = CARTESIAN_POINT('',(31.089904743195,22.464466152466,
    2.044850851442));
#1566 = CARTESIAN_POINT('',(31.252984875229,22.589990181387,
    2.311993520798));
#1567 = CARTESIAN_POINT('',(31.328967926924,22.648506196984,
    2.447458306252));
#1568 = CARTESIAN_POINT('',(31.399872576227,22.703136331278,
    2.585206918009));
#1569 = CARTESIAN_POINT('',(31.465639474948,22.753828428165,
    2.724975218609));
#1570 = CARTESIAN_POINT('',(31.52606181667,22.800416917762,
    2.866011293753));
#1571 = CARTESIAN_POINT('',(31.580987717267,22.842779468361,
    3.007113252462));
#1572 = PCURVE('',#247,#1573);
#1573 = DEFINITIONAL_REPRESENTATION('',(#1574),#1762);
#1574 = B_SPLINE_CURVE_WITH_KNOTS('',6,(#1575,#1576,#1577,#1578,#1579,
    #1580,#1581,#1582,#1583,#1584,#1585,#1586,#1587,#1588,#1589,#1590,
    #1591,#1592,#1593,#1594,#1595,#1596,#1597,#1598,#1599,#1600,#1601,
    #1602,#1603,#1604,#1605,#1606,#1607,#1608,#1609,#1610,#1611,#1612,
    #1613,#1614,#1615,#1616,#1617,#1618,#1619,#1620,#1621,#1622,#1623,
    #1624,#1625,#1626,#1627,#1628,#1629,#1630,#1631,#1632,#1633,#1634,
    #1635,#1636,#1637,#1638,#1639,#1640,#1641,#1642,#1643,#1644,#1645,
    #1646,#1647,#1648,#1649,#1650,#1651,#1652,#1653,#1654,#1655,#1656,
    #1657,#1658,#1659,#1660,#1661,#1662,#1663,#1664,#1665,#1666,#1667,
    #1668,#1669,#1670,#1671,#1672,#1673,#1674,#1675,#1676,#1677,#1678,
    #1679,#1680,#1681,#1682,#1683,#1684,#1685,#1686,#1687,#1688,#1689,
    #1690,#1691,#1692,#1693,#1694,#1695,#1696,#1697,#1698,#1699,#1700,
    #1701,#1702,#1703,#1704,#1705,#1706,#1707,#1708,#1709,#1710,#1711,
    #1712,#1713,#1714,#1715,#1716,#1717,#1718,#1719,#1720,#1721,#1722,
    #1723,#1724,#1725,#1726,#1727,#1728,#1729,#1730,#1731,#1732,#1733,
    #1734,#1735,#1736,#1737,#1738,#1739,#1740,#1741,#1742,#1743,#1744,
    #1745,#1746,#1747,#1748,#1749,#1750,#1751,#1752,#1753,#1754,#1755,
    #1756,#1757,#1758,#1759,#1760,#1761),.UNSPECIFIED.,.F.,.F.,(7,5,5,5,
    5,5,5,5,5,5,5,5,5,5,5,5,5,5,5,5,5,5,5,5,5,5,5,5,5,5,5,5,5,5,5,5,5,7)
  ,(0.,1.402505167628E-03,1.201167002867E-02,2.655967064959E-02,
    3.947162066914E-02,5.379337672436E-02,6.651087956621E-02,
    8.062148081317E-02,9.31578345837E-02,0.107071963886,0.119440117687,
    0.133172078671,0.145384657108,0.158948401857,0.171017729056,
    0.184426884282,0.196365006924,0.20963289871,0.221451606841,
    0.234591283858,0.246302131824,0.259326388054,0.270940713989,
    0.283862109994,0.295391054265,0.3082219373,0.319676459915,
    0.332428982858,0.343819879813,0.35650601893,0.367843937497,
    0.380475508993,0.393535185081,0.404240922921,0.555270246971,
    0.704453732032,0.85257743233,1.),.UNSPECIFIED.);
#1575 = CARTESIAN_POINT('',(26.174596211357,5.732174651419));
#1576 = CARTESIAN_POINT('',(26.173495475165,5.732102474944));
#1577 = CARTESIAN_POINT('',(26.171293866165,5.731958133385));
#1578 = CARTESIAN_POINT('',(26.167057151586,5.731680266787));
#1579 = CARTESIAN_POINT('',(26.161049919879,5.73128619608));
#1580 = CARTESIAN_POINT('',(26.154735580723,5.730871923082));
#1581 = CARTESIAN_POINT('',(26.120827119147,5.728646945317));
#1582 = CARTESIAN_POINT('',(26.090521771407,5.726656648798));
#1583 = CARTESIAN_POINT('',(26.060231873544,5.72466565298));
#1584 = CARTESIAN_POINT('',(26.030092596163,5.722682832068));
#1585 = CARTESIAN_POINT('',(26.000002728731,5.720701522434));
#1586 = CARTESIAN_POINT('',(25.927968254806,5.715954245768));
#1587 = CARTESIAN_POINT('',(25.886019866978,5.713186470941));
#1588 = CARTESIAN_POINT('',(25.844109678311,5.710417890543));
#1589 = CARTESIAN_POINT('',(25.802337167497,5.707655165701));
#1590 = CARTESIAN_POINT('',(25.760570490251,5.704889659668));
#1591 = CARTESIAN_POINT('',(25.681058476839,5.699618722692));
#1592 = CARTESIAN_POINT('',(25.643329191235,5.697115046066));
#1593 = CARTESIAN_POINT('',(25.605606060413,5.694609142275));
#1594 = CARTESIAN_POINT('',(25.568016549615,5.692109546539));
#1595 = CARTESIAN_POINT('',(25.530466961745,5.689610103121));
#1596 = CARTESIAN_POINT('',(25.450686838525,5.684294188298));
#1597 = CARTESIAN_POINT('',(25.40844851043,5.681476607293));
#1598 = CARTESIAN_POINT('',(25.366245771752,5.678658185212));
#1599 = CARTESIAN_POINT('',(25.324174721451,5.67584542553));
#1600 = CARTESIAN_POINT('',(25.282108059367,5.673029897076));
#1601 = CARTESIAN_POINT('',(25.20203181943,5.667664408259));
#1602 = CARTESIAN_POINT('',(25.164038156164,5.665116177875));
#1603 = CARTESIAN_POINT('',(25.126049356228,5.662565733148));
#1604 = CARTESIAN_POINT('',(25.088188440588,5.660021398027));
#1605 = CARTESIAN_POINT('',(25.050365021115,5.657477169487));
#1606 = CARTESIAN_POINT('',(24.970012021325,5.652066906433));
#1607 = CARTESIAN_POINT('',(24.927474946723,5.649199797151));
#1608 = CARTESIAN_POINT('',(24.884970779679,5.64633181509));
#1609 = CARTESIAN_POINT('',(24.842592139658,5.643469291588));
#1610 = CARTESIAN_POINT('',(24.800216404111,5.640604020389));
#1611 = CARTESIAN_POINT('',(24.719558860183,5.635144562748));
#1612 = CARTESIAN_POINT('',(24.681292718133,5.632552038972));
#1613 = CARTESIAN_POINT('',(24.643030326262,5.629957398822));
#1614 = CARTESIAN_POINT('',(24.604889918195,5.627368657718));
#1615 = CARTESIAN_POINT('',(24.566784299742,5.624779901137));
#1616 = CARTESIAN_POINT('',(24.485841162236,5.619275974825));
#1617 = CARTESIAN_POINT('',(24.442996347698,5.616359729851));
#1618 = CARTESIAN_POINT('',(24.400181686405,5.613442584917));
#1619 = CARTESIAN_POINT('',(24.357486216617,5.610530684497));
#1620 = CARTESIAN_POINT('',(24.314792129441,5.607616066972));
#1621 = CARTESIAN_POINT('',(24.233535853321,5.602063447599));
#1622 = CARTESIAN_POINT('',(24.194989182042,5.599427079107));
#1623 = CARTESIAN_POINT('',(24.156444897965,5.596788615404));
#1624 = CARTESIAN_POINT('',(24.11801653195,5.594155828576));
#1625 = CARTESIAN_POINT('',(24.079620398441,5.591522991211));
#1626 = CARTESIAN_POINT('',(23.998069521093,5.58592631914));
#1627 = CARTESIAN_POINT('',(23.954907798684,5.582961455138));
#1628 = CARTESIAN_POINT('',(23.911773402672,5.579995669303));
#1629 = CARTESIAN_POINT('',(23.868751686601,5.577034904343));
#1630 = CARTESIAN_POINT('',(23.825729793624,5.574071463287));
#1631 = CARTESIAN_POINT('',(23.74385703122,5.568426731537));
#1632 = CARTESIAN_POINT('',(23.705021522676,5.565747040618));
#1633 = CARTESIAN_POINT('',(23.666187004967,5.563065283812));
#1634 = CARTESIAN_POINT('',(23.627462171712,5.560388970526));
#1635 = CARTESIAN_POINT('',(23.588766946541,5.557712575016));
#1636 = CARTESIAN_POINT('',(23.506590416988,5.552024326054));
#1637 = CARTESIAN_POINT('',(23.463102459392,5.549011493604));
#1638 = CARTESIAN_POINT('',(23.419638929007,5.545997723601));
#1639 = CARTESIAN_POINT('',(23.376281389542,5.542988741985));
#1640 = CARTESIAN_POINT('',(23.332922076684,5.539977136663));
#1641 = CARTESIAN_POINT('',(23.250414779316,5.534241603282));
#1642 = CARTESIAN_POINT('',(23.211281990183,5.531519236931));
#1643 = CARTESIAN_POINT('',(23.172148762748,5.528794842953));
#1644 = CARTESIAN_POINT('',(23.133118816963,5.526075648579));
#1645 = CARTESIAN_POINT('',(23.094115787652,5.523356344377));
#1646 = CARTESIAN_POINT('',(23.011295415477,5.517577958175));
#1647 = CARTESIAN_POINT('',(22.967471643625,5.514517919829));
#1648 = CARTESIAN_POINT('',(22.923669549439,5.511456999742));
#1649 = CARTESIAN_POINT('',(22.87996657783,5.50840062752));
#1650 = CARTESIAN_POINT('',(22.836259978133,5.505341631856));
#1651 = CARTESIAN_POINT('',(22.753099839603,5.499516888924));
#1652 = CARTESIAN_POINT('',(22.713661208543,5.496752628222));
#1653 = CARTESIAN_POINT('',(22.674220678106,5.493986387897));
#1654 = CARTESIAN_POINT('',(22.634876856503,5.491225093457));
#1655 = CARTESIAN_POINT('',(22.595557192979,5.488463666449));
#1656 = CARTESIAN_POINT('',(22.512074550199,5.482596873792));
#1657 = CARTESIAN_POINT('',(22.467905488405,5.47949061489));
#1658 = CARTESIAN_POINT('',(22.423755054334,5.476383466404));
#1659 = CARTESIAN_POINT('',(22.379696696894,5.473280618424));
#1660 = CARTESIAN_POINT('',(22.335633052001,5.470175232466));
#1661 = CARTESIAN_POINT('',(22.251801547823,5.464263173798));
#1662 = CARTESIAN_POINT('',(22.212048415466,5.461457943604));
#1663 = CARTESIAN_POINT('',(22.17229189179,5.458650792386));
#1664 = CARTESIAN_POINT('',(22.132625333871,5.455848324445));
#1665 = CARTESIAN_POINT('',(22.092980109571,5.45304570689));
#1666 = CARTESIAN_POINT('',(22.008816574089,5.447092550522));
#1667 = CARTESIAN_POINT('',(21.964292535796,5.44394118631));
#1668 = CARTESIAN_POINT('',(21.919784004837,5.440788933857));
#1669 = CARTESIAN_POINT('',(21.875360326346,5.437640728842));
#1670 = CARTESIAN_POINT('',(21.830929668421,5.434490085767));
#1671 = CARTESIAN_POINT('',(21.746408106672,5.42849292832));
#1672 = CARTESIAN_POINT('',(21.706331738525,5.425647807253));
#1673 = CARTESIAN_POINT('',(21.66625045757,5.42280083524));
#1674 = CARTESIAN_POINT('',(21.626252229429,5.419958276069));
#1675 = CARTESIAN_POINT('',(21.586272445455,5.417115556836));
#1676 = CARTESIAN_POINT('',(21.501409252904,5.411078412985));
#1677 = CARTESIAN_POINT('',(21.45652048165,5.407883235685));
#1678 = CARTESIAN_POINT('',(21.411644028553,5.404687181851));
#1679 = CARTESIAN_POINT('',(21.366845026685,5.401494918058));
#1680 = CARTESIAN_POINT('',(21.322037322612,5.398300331643));
#1681 = CARTESIAN_POINT('',(21.23680689775,5.392220637167));
#1682 = CARTESIAN_POINT('',(21.196398510231,5.389336867807));
#1683 = CARTESIAN_POINT('',(21.155983660469,5.386451329971));
#1684 = CARTESIAN_POINT('',(21.115644781817,5.383569927948));
#1685 = CARTESIAN_POINT('',(21.075321394342,5.380688362971));
#1686 = CARTESIAN_POINT('',(20.989739696305,5.374569963286));
#1687 = CARTESIAN_POINT('',(20.944476396497,5.371332453552));
#1688 = CARTESIAN_POINT('',(20.899222159017,5.368094090607));
#1689 = CARTESIAN_POINT('',(20.854037796424,5.364859257531));
#1690 = CARTESIAN_POINT('',(20.808842980216,5.361622233877));
#1691 = CARTESIAN_POINT('',(20.722884834903,5.355462930989));
#1692 = CARTESIAN_POINT('',(20.682135624713,5.352541930234));
#1693 = CARTESIAN_POINT('',(20.641378376802,5.349619256803));
#1694 = CARTESIAN_POINT('',(20.600689851428,5.346700436962));
#1695 = CARTESIAN_POINT('',(20.560013802571,5.343781459849));
#1696 = CARTESIAN_POINT('',(20.47369473209,5.33758491361));
#1697 = CARTESIAN_POINT('',(20.42804710361,5.334306752115));
#1698 = CARTESIAN_POINT('',(20.382405217616,5.331027773664));
#1699 = CARTESIAN_POINT('',(20.336825457939,5.327752063861));
#1700 = CARTESIAN_POINT('',(20.291233467124,5.324474313236));
#1701 = CARTESIAN_POINT('',(20.204528761547,5.318238719676));
#1702 = CARTESIAN_POINT('',(20.163429938571,5.315282089162));
#1703 = CARTESIAN_POINT('',(20.122321478574,5.31232389606));
#1704 = CARTESIAN_POINT('',(20.081274328428,5.309369270705));
#1705 = CARTESIAN_POINT('',(20.040236580796,5.306414503406));
#1706 = CARTESIAN_POINT('',(19.953161325567,5.300143319822));
#1707 = CARTESIAN_POINT('',(19.907119602393,5.296826398862));
#1708 = CARTESIAN_POINT('',(19.86108024104,5.293508711499));
#1709 = CARTESIAN_POINT('',(19.815095089088,5.290194032431));
#1710 = CARTESIAN_POINT('',(19.769095905257,5.286877481117));
#1711 = CARTESIAN_POINT('',(19.681625894321,5.280569325963));
#1712 = CARTESIAN_POINT('',(19.640168718226,5.277578862451));
#1713 = CARTESIAN_POINT('',(19.598700284556,5.274586961693));
#1714 = CARTESIAN_POINT('',(19.557285587638,5.27159834097));
#1715 = CARTESIAN_POINT('',(19.515877162698,5.268609604396));
#1716 = CARTESIAN_POINT('',(19.428027046315,5.262267714749));
#1717 = CARTESIAN_POINT('',(19.381581539351,5.258914149742));
#1718 = CARTESIAN_POINT('',(19.335134956505,5.255559884602));
#1719 = CARTESIAN_POINT('',(19.288734502745,5.252208370357));
#1720 = CARTESIAN_POINT('',(19.242318196465,5.248855172367));
#1721 = CARTESIAN_POINT('',(19.154064315181,5.242478617964));
#1722 = CARTESIAN_POINT('',(19.112240135869,5.239456323569));
#1723 = CARTESIAN_POINT('',(19.070403060099,5.236432733485));
#1724 = CARTESIAN_POINT('',(19.02861199229,5.233412135784));
#1725 = CARTESIAN_POINT('',(18.986824012727,5.230391460247));
#1726 = CARTESIAN_POINT('',(18.898180584264,5.223983239611));
#1727 = CARTESIAN_POINT('',(18.851321728525,5.220595380347));
#1728 = CARTESIAN_POINT('',(18.804458306571,5.217206904381));
#1729 = CARTESIAN_POINT('',(18.757632776107,5.213820927136));
#1730 = CARTESIAN_POINT('',(18.710789556317,5.21043347565));
#1731 = CARTESIAN_POINT('',(18.615167100251,5.203518270406));
#1732 = CARTESIAN_POINT('',(18.566836404835,5.200022945224));
#1733 = CARTESIAN_POINT('',(18.52086702973,5.196698271627));
#1734 = CARTESIAN_POINT('',(18.474997813014,5.193380863854));
#1735 = CARTESIAN_POINT('',(18.422517713353,5.189585220127));
#1736 = CARTESIAN_POINT('',(18.294416220846,5.180320561325));
#1737 = CARTESIAN_POINT('',(18.221638327708,5.175057144381));
#1738 = CARTESIAN_POINT('',(18.15713341645,5.170392390218));
#1739 = CARTESIAN_POINT('',(18.109083811633,5.166918054745));
#1740 = CARTESIAN_POINT('',(18.070460580871,5.164125221611));
#1741 = CARTESIAN_POINT('',(17.293702226543,5.107965100185));
#1742 = CARTESIAN_POINT('',(16.563047323204,5.055207362102));
#1743 = CARTESIAN_POINT('',(15.824315711955,5.002114385469));
#1744 = CARTESIAN_POINT('',(15.076896026903,4.948840970489));
#1745 = CARTESIAN_POINT('',(14.322434800101,4.8957455548));
#1746 = CARTESIAN_POINT('',(12.816818446467,4.791541582062));
#1747 = CARTESIAN_POINT('',(12.06703557707,4.740506596695));
#1748 = CARTESIAN_POINT('',(11.315671746411,4.690420106841));
#1749 = CARTESIAN_POINT('',(10.56276132973,4.641480991607));
#1750 = CARTESIAN_POINT('',(9.808350611698,4.593878217173));
#1751 = CARTESIAN_POINT('',(8.302014181605,4.502017002347));
#1752 = CARTESIAN_POINT('',(7.550108710905,4.45773717101));
#1753 = CARTESIAN_POINT('',(6.796837078912,4.415113163908));
#1754 = CARTESIAN_POINT('',(6.042265772812,4.374297027112));
#1755 = CARTESIAN_POINT('',(5.286469275155,4.335419847881));
#1756 = CARTESIAN_POINT('',(3.776168491115,4.261929540711));
#1757 = CARTESIAN_POINT('',(3.023662443865,4.227393938238));
#1758 = CARTESIAN_POINT('',(2.269124026511,4.194920022592));
#1759 = CARTESIAN_POINT('',(1.512003920995,4.164591051429));
#1760 = CARTESIAN_POINT('',(0.754177346018,4.136560260373));
#1761 = CARTESIAN_POINT('',(0.,4.110950065678));
#1762 = ( GEOMETRIC_REPRESENTATION_CONTEXT(2) 
PARAMETRIC_REPRESENTATION_CONTEXT() REPRESENTATION_CONTEXT('2D SPACE',''
  ) );
#1763 = PCURVE('',#961,#1764);
#1764 = DEFINITIONAL_REPRESENTATION('',(#1765),#1953);
#1765 = B_SPLINE_CURVE_WITH_KNOTS('',6,(#1766,#1767,#1768,#1769,#1770,
    #1771,#1772,#1773,#1774,#1775,#1776,#1777,#1778,#1779,#1780,#1781,
    #1782,#1783,#1784,#1785,#1786,#1787,#1788,#1789,#1790,#1791,#1792,
    #1793,#1794,#1795,#1796,#1797,#1798,#1799,#1800,#1801,#1802,#1803,
    #1804,#1805,#1806,#1807,#1808,#1809,#1810,#1811,#1812,#1813,#1814,
    #1815,#1816,#1817,#1818,#1819,#1820,#1821,#1822,#1823,#1824,#1825,
    #1826,#1827,#1828,#1829,#1830,#1831,#1832,#1833,#1834,#1835,#1836,
    #1837,#1838,#1839,#1840,#1841,#1842,#1843,#1844,#1845,#1846,#1847,
    #1848,#1849,#1850,#1851,#1852,#1853,#1854,#1855,#1856,#1857,#1858,
    #1859,#1860,#1861,#1862,#1863,#1864,#1865,#1866,#1867,#1868,#1869,
    #1870,#1871,#1872,#1873,#1874,#1875,#1876,#1877,#1878,#1879,#1880,
    #1881,#1882,#1883,#1884,#1885,#1886,#1887,#1888,#1889,#1890,#1891,
    #1892,#1893,#1894,#1895,#1896,#1897,#1898,#1899,#1900,#1901,#1902,
    #1903,#1904,#1905,#1906,#1907,#1908,#1909,#1910,#1911,#1912,#1913,
    #1914,#1915,#1916,#1917,#1918,#1919,#1920,#1921,#1922,#1923,#1924,
    #1925,#1926,#1927,#1928,#1929,#1930,#1931,#1932,#1933,#1934,#1935,
    #1936,#1937,#1938,#1939,#1940,#1941,#1942,#1943,#1944,#1945,#1946,
    #1947,#1948,#1949,#1950,#1951,#1952),.UNSPECIFIED.,.F.,.F.,(7,5,5,5,
    5,5,5,5,5,5,5,5,5,5,5,5,5,5,5,5,5,5,5,5,5,5,5,5,5,5,5,5,5,5,5,5,5,7)
  ,(0.,1.402505167628E-03,1.201167002867E-02,2.655967064959E-02,
    3.947162066914E-02,5.379337672436E-02,6.651087956621E-02,
    8.062148081317E-02,9.31578345837E-02,0.107071963886,0.119440117687,
    0.133172078671,0.145384657108,0.158948401857,0.171017729056,
    0.184426884282,0.196365006924,0.20963289871,0.221451606841,
    0.234591283858,0.246302131824,0.259326388054,0.270940713989,
    0.283862109994,0.295391054265,0.3082219373,0.319676459915,
    0.332428982858,0.343819879813,0.35650601893,0.367843937497,
    0.380475508993,0.393535185081,0.404240922921,0.555270246971,
    0.704453732032,0.85257743233,1.),.UNSPECIFIED.);
#1766 = CARTESIAN_POINT('',(26.174596211354,20.335138566732));
#1767 = CARTESIAN_POINT('',(26.173798855843,20.335279654747));
#1768 = CARTESIAN_POINT('',(26.172203578088,20.335561693408));
#1769 = CARTESIAN_POINT('',(26.169134316967,20.336104608897));
#1770 = CARTESIAN_POINT('',(26.164783037708,20.33687457671));
#1771 = CARTESIAN_POINT('',(26.160209731887,20.337684021659));
#1772 = CARTESIAN_POINT('',(26.135652792026,20.342031298489));
#1773 = CARTESIAN_POINT('',(26.113717493376,20.345919759716));
#1774 = CARTESIAN_POINT('',(26.091805437247,20.349809306827));
#1775 = CARTESIAN_POINT('',(26.070014542255,20.353682599201));
#1776 = CARTESIAN_POINT('',(26.048271729874,20.357552650319));
#1777 = CARTESIAN_POINT('',(25.996248958423,20.366824726158));
#1778 = CARTESIAN_POINT('',(25.965977396098,20.372230020925));
#1779 = CARTESIAN_POINT('',(25.935757321112,20.37763632561));
#1780 = CARTESIAN_POINT('',(25.905659978288,20.383030641314));
#1781 = CARTESIAN_POINT('',(25.875589939568,20.38842983876));
#1782 = CARTESIAN_POINT('',(25.818390514488,20.398719395135));
#1783 = CARTESIAN_POINT('',(25.791267603778,20.403606450196));
#1784 = CARTESIAN_POINT('',(25.764168607136,20.408497386502));
#1785 = CARTESIAN_POINT('',(25.73718471071,20.413375552253));
#1786 = CARTESIAN_POINT('',(25.710248225017,20.418252968893));
#1787 = CARTESIAN_POINT('',(25.653058417734,20.428625457498));
#1788 = CARTESIAN_POINT('',(25.622803962489,20.43412258696));
#1789 = CARTESIAN_POINT('',(25.592599437569,20.439620764361));
#1790 = CARTESIAN_POINT('',(25.562513146169,20.445107311228));
#1791 = CARTESIAN_POINT('',(25.532453628581,20.4505986805));
#1792 = CARTESIAN_POINT('',(25.475280119188,20.461062317079));
#1793 = CARTESIAN_POINT('',(25.448172328439,20.466031337305));
#1794 = CARTESIAN_POINT('',(25.421087912051,20.47100418509));
#1795 = CARTESIAN_POINT('',(25.394114207312,20.475964637369));
#1796 = CARTESIAN_POINT('',(25.367186399463,20.480924405702));
#1797 = CARTESIAN_POINT('',(25.310022267835,20.491470231817));
#1798 = CARTESIAN_POINT('',(25.279785177157,20.497058270965));
#1799 = CARTESIAN_POINT('',(25.249596434394,20.502647387432));
#1800 = CARTESIAN_POINT('',(25.219521360277,20.508225251188));
#1801 = CARTESIAN_POINT('',(25.189472520133,20.513807859915));
#1802 = CARTESIAN_POINT('',(25.132325308867,20.524443703524));
#1803 = CARTESIAN_POINT('',(25.105233054244,20.52949382518));
#1804 = CARTESIAN_POINT('',(25.078163237267,20.534547567601));
#1805 = CARTESIAN_POINT('',(25.051199679829,20.539589311927));
#1806 = CARTESIAN_POINT('',(25.024280869038,20.54463057144));
#1807 = CARTESIAN_POINT('',(24.967142787827,20.555347652215));
#1808 = CARTESIAN_POINT('',(24.936923313238,20.5610254405));
#1809 = CARTESIAN_POINT('',(24.906750578904,20.566704325499));
#1810 = CARTESIAN_POINT('',(24.876686883571,20.572372353984));
#1811 = CARTESIAN_POINT('',(24.846648872559,20.578045030324));
#1812 = CARTESIAN_POINT('',(24.789528331913,20.588850748876));
#1813 = CARTESIAN_POINT('',(24.762451631581,20.593980744573));
#1814 = CARTESIAN_POINT('',(24.735396818177,20.599114289539));
#1815 = CARTESIAN_POINT('',(24.708443751389,20.604236255145));
#1816 = CARTESIAN_POINT('',(24.681533862469,20.609357778079));
#1817 = CARTESIAN_POINT('',(24.624422194655,20.620243556298));
#1818 = CARTESIAN_POINT('',(24.594220580615,20.626009680445));
#1819 = CARTESIAN_POINT('',(24.564064074148,20.631776909265));
#1820 = CARTESIAN_POINT('',(24.534011913985,20.637533694906));
#1821 = CARTESIAN_POINT('',(24.503984878389,20.643295009952));
#1822 = CARTESIAN_POINT('',(24.446891368276,20.654267779315));
#1823 = CARTESIAN_POINT('',(24.41983043169,20.659476262281));
#1824 = CARTESIAN_POINT('',(24.392790821668,20.664688206314));
#1825 = CARTESIAN_POINT('',(24.365848385826,20.669889010142));
#1826 = CARTESIAN_POINT('',(24.33894753595,20.675089405997));
#1827 = CARTESIAN_POINT('',(24.281862632645,20.6861408159));
#1828 = CARTESIAN_POINT('',(24.251679115414,20.691993592138));
#1829 = CARTESIAN_POINT('',(24.22153904834,20.697847468012));
#1830 = CARTESIAN_POINT('',(24.191498573822,20.703691329692));
#1831 = CARTESIAN_POINT('',(24.161482653728,20.709539579269));
#1832 = CARTESIAN_POINT('',(24.104416519911,20.720676048821));
#1833 = CARTESIAN_POINT('',(24.077371548732,20.725961381437));
#1834 = CARTESIAN_POINT('',(24.050347333957,20.731250068826));
#1835 = CARTESIAN_POINT('',(24.023415663563,20.736528074317));
#1836 = CARTESIAN_POINT('',(23.996523964498,20.741805697781));
#1837 = CARTESIAN_POINT('',(23.939466162223,20.753019130327));
#1838 = CARTESIAN_POINT('',(23.909301167591,20.758956640808));
#1839 = CARTESIAN_POINT('',(23.879177544223,20.764895121631));
#1840 = CARTESIAN_POINT('',(23.849148700259,20.77082403128));
#1841 = CARTESIAN_POINT('',(23.819144226547,20.776757272167));
#1842 = CARTESIAN_POINT('',(23.762105799322,20.788053529325));
#1843 = CARTESIAN_POINT('',(23.735076986355,20.793413806501));
#1844 = CARTESIAN_POINT('',(23.708068349685,20.798777312619));
#1845 = CARTESIAN_POINT('',(23.68114757267,20.804130612772));
#1846 = CARTESIAN_POINT('',(23.65426513008,20.809483546682));
#1847 = CARTESIAN_POINT('',(23.597234749927,20.820854813559));
#1848 = CARTESIAN_POINT('',(23.567088287097,20.826874716495));
#1849 = CARTESIAN_POINT('',(23.536981506042,20.832895567619));
#1850 = CARTESIAN_POINT('',(23.506964635718,20.838907302308));
#1851 = CARTESIAN_POINT('',(23.476971527617,20.844923161202));
#1852 = CARTESIAN_POINT('',(23.419961117965,20.856374695664));
#1853 = CARTESIAN_POINT('',(23.392948646056,20.861807727864));
#1854 = CARTESIAN_POINT('',(23.365955760246,20.867243842152));
#1855 = CARTESIAN_POINT('',(23.339045997172,20.872670242238));
#1856 = CARTESIAN_POINT('',(23.3121729099,20.878096280192));
#1857 = CARTESIAN_POINT('',(23.255170254542,20.889620577545));
#1858 = CARTESIAN_POINT('',(23.225042527158,20.895720266401));
#1859 = CARTESIAN_POINT('',(23.19495277004,20.901820862737));
#1860 = CARTESIAN_POINT('',(23.164948001691,20.907912806912));
#1861 = CARTESIAN_POINT('',(23.134966374842,20.914008639925));
#1862 = CARTESIAN_POINT('',(23.077984274266,20.925610306612));
#1863 = CARTESIAN_POINT('',(23.050988315168,20.931113602653));
#1864 = CARTESIAN_POINT('',(23.024011341737,20.936619811376));
#1865 = CARTESIAN_POINT('',(22.997112704974,20.942116811403));
#1866 = CARTESIAN_POINT('',(22.970249064295,20.947613440137));
#1867 = CARTESIAN_POINT('',(22.913274416328,20.959285311604));
#1868 = CARTESIAN_POINT('',(22.883165614808,20.965461834087));
#1869 = CARTESIAN_POINT('',(22.853093050653,20.971639202695));
#1870 = CARTESIAN_POINT('',(22.823100503216,20.977808390323));
#1871 = CARTESIAN_POINT('',(22.793130463525,20.983981201289));
#1872 = CARTESIAN_POINT('',(22.736176941294,20.995727183514));
#1873 = CARTESIAN_POINT('',(22.709197654501,21.001297933258));
#1874 = CARTESIAN_POINT('',(22.682236742576,21.006871402168));
#1875 = CARTESIAN_POINT('',(22.655349335452,21.012436179252));
#1876 = CARTESIAN_POINT('',(22.62849522432,21.018000560917));
#1877 = CARTESIAN_POINT('',(22.571548844202,21.029813860593));
#1878 = CARTESIAN_POINT('',(22.541459144402,21.036063899383));
#1879 = CARTESIAN_POINT('',(22.511403928374,21.042314700103));
#1880 = CARTESIAN_POINT('',(22.481423710451,21.048557795));
#1881 = CARTESIAN_POINT('',(22.451465353154,21.054804215793));
#1882 = CARTESIAN_POINT('',(22.394540654147,21.066687988347));
#1883 = CARTESIAN_POINT('',(22.367578185707,21.072323045447));
#1884 = CARTESIAN_POINT('',(22.340633470839,21.077960602512));
#1885 = CARTESIAN_POINT('',(22.313757386783,21.083589993305));
#1886 = CARTESIAN_POINT('',(22.286912879055,21.089218947809));
#1887 = CARTESIAN_POINT('',(22.229995003014,21.101166803431));
#1888 = CARTESIAN_POINT('',(22.199924564862,21.107486657062));
#1889 = CARTESIAN_POINT('',(22.169886836981,21.113807163323));
#1890 = CARTESIAN_POINT('',(22.139919045883,21.120120439641));
#1891 = CARTESIAN_POINT('',(22.109972454596,21.126436710681));
#1892 = CARTESIAN_POINT('',(22.053076797115,21.138451003351));
#1893 = CARTESIAN_POINT('',(22.026131278426,21.144146868235));
#1894 = CARTESIAN_POINT('',(21.999202881394,21.149844986626));
#1895 = CARTESIAN_POINT('',(21.972338203058,21.155535469988));
#1896 = CARTESIAN_POINT('',(21.94550336271,21.161225457608));
#1897 = CARTESIAN_POINT('',(21.888614200624,21.173300234369));
#1898 = CARTESIAN_POINT('',(21.858563166738,21.179685798501));
#1899 = CARTESIAN_POINT('',(21.828543050587,21.186071878515));
#1900 = CARTESIAN_POINT('',(21.798587771369,21.19245120164));
#1901 = CARTESIAN_POINT('',(21.768653017128,21.198833152811));
#1902 = CARTESIAN_POINT('',(21.711786590691,21.210969914775));
#1903 = CARTESIAN_POINT('',(21.684858137283,21.216722718086));
#1904 = CARTESIAN_POINT('',(21.657946162885,21.222477499631));
#1905 = CARTESIAN_POINT('',(21.631092961266,21.22822517978));
#1906 = CARTESIAN_POINT('',(21.604267841612,21.233972284242));
#1907 = CARTESIAN_POINT('',(21.547407574868,21.246165549733));
#1908 = CARTESIAN_POINT('',(21.517376069166,21.252612299047));
#1909 = CARTESIAN_POINT('',(21.487373670586,21.25905939767));
#1910 = CARTESIAN_POINT('',(21.45743097508,21.265500205772));
#1911 = CARTESIAN_POINT('',(21.427508115382,21.271943238037));
#1912 = CARTESIAN_POINT('',(21.370671078512,21.284193603656));
#1913 = CARTESIAN_POINT('',(21.343759788827,21.289999090386));
#1914 = CARTESIAN_POINT('',(21.316864324674,21.295806249744));
#1915 = CARTESIAN_POINT('',(21.290022658232,21.301606840129));
#1916 = CARTESIAN_POINT('',(21.263207301138,21.307406752446));
#1917 = CARTESIAN_POINT('',(21.206376080498,21.319709243243));
#1918 = CARTESIAN_POINT('',(21.176364206807,21.326212214277));
#1919 = CARTESIAN_POINT('',(21.146379612598,21.332715335813));
#1920 = CARTESIAN_POINT('',(21.116449558443,21.339212622367));
#1921 = CARTESIAN_POINT('',(21.086538636294,21.345711690368));
#1922 = CARTESIAN_POINT('',(21.025542497106,21.358976869489));
#1923 = CARTESIAN_POINT('',(20.994746023525,21.365680683235));
#1924 = CARTESIAN_POINT('',(20.9654856461,21.372056110315));
#1925 = CARTESIAN_POINT('',(20.936316325058,21.378416652319));
#1926 = CARTESIAN_POINT('',(20.902960151977,21.385693536563));
#1927 = CARTESIAN_POINT('',(20.821704157599,21.403449675919));
#1928 = CARTESIAN_POINT('',(20.775585249213,21.413535688217));
#1929 = CARTESIAN_POINT('',(20.734811950185,21.42247090301));
#1930 = CARTESIAN_POINT('',(20.704473213587,21.429124718186));
#1931 = CARTESIAN_POINT('',(20.680085521156,21.434473399505));
#1932 = CARTESIAN_POINT('',(20.190336020238,21.54200284499));
#1933 = CARTESIAN_POINT('',(19.736850753911,21.64276289356));
#1934 = CARTESIAN_POINT('',(19.28555011315,21.743896756568));
#1935 = CARTESIAN_POINT('',(18.836260936076,21.845093069629));
#1936 = CARTESIAN_POINT('',(18.390067061185,21.945661822138));
#1937 = CARTESIAN_POINT('',(17.513618257486,22.142476791636));
#1938 = CARTESIAN_POINT('',(17.08399204281,22.238590981022));
#1939 = CARTESIAN_POINT('',(16.66005951431,22.332643376755));
#1940 = CARTESIAN_POINT('',(16.241567227897,22.42427441137));
#1941 = CARTESIAN_POINT('',(15.828229006965,22.513150473099));
#1942 = CARTESIAN_POINT('',(15.014145977749,22.684191589096));
#1943 = CARTESIAN_POINT('',(14.6133325381,22.766399880628));
#1944 = CARTESIAN_POINT('',(14.21699419204,22.845310512101));
#1945 = CARTESIAN_POINT('',(13.824807794597,22.920670520129));
#1946 = CARTESIAN_POINT('',(13.43643978612,22.992269521123));
#1947 = CARTESIAN_POINT('',(12.668495801278,23.12730016849));
#1948 = CARTESIAN_POINT('',(12.2898974275,23.190590932193));
#1949 = CARTESIAN_POINT('',(11.913886285419,23.249961986199));
#1950 = CARTESIAN_POINT('',(11.539887438332,23.305289856771));
#1951 = CARTESIAN_POINT('',(11.168476904486,23.356326492731));
#1952 = CARTESIAN_POINT('',(10.801379495042,23.402878486572));
#1953 = ( GEOMETRIC_REPRESENTATION_CONTEXT(2) 
PARAMETRIC_REPRESENTATION_CONTEXT() REPRESENTATION_CONTEXT('2D SPACE',''
  ) );
#1954 = ORIENTED_EDGE('',*,*,#1955,.T.);
#1955 = EDGE_CURVE('',#1381,#1263,#1956,.T.);
#1956 = SURFACE_CURVE('',#1957,(#2008,#2015),.PCURVE_S1.);
#1957 = B_SPLINE_CURVE_WITH_KNOTS('',13,(#1958,#1959,#1960,#1961,#1962,
    #1963,#1964,#1965,#1966,#1967,#1968,#1969,#1970,#1971,#1972,#1973,
    #1974,#1975,#1976,#1977,#1978,#1979,#1980,#1981,#1982,#1983,#1984,
    #1985,#1986,#1987,#1988,#1989,#1990,#1991,#1992,#1993,#1994,#1995,
    #1996,#1997,#1998,#1999,#2000,#2001,#2002,#2003,#2004,#2005,#2006,
    #2007),.UNSPECIFIED.,.F.,.F.,(14,12,12,12,14),(-1.908874923304,
    -0.909844309418,12.17745379626,25.264751901939,26.081756329808),
  .UNSPECIFIED.);
#1958 = CARTESIAN_POINT('',(35.506809673502,16.676618157749,
    -1.233483496002E-13));
#1959 = CARTESIAN_POINT('',(35.424997792811,16.700148396921,
    -1.133817650973E-13));
#1960 = CARTESIAN_POINT('',(35.34318591212,16.723678636092,
    -1.034151805943E-13));
#1961 = CARTESIAN_POINT('',(35.261374031429,16.747208875264,
    -9.344859609142E-14));
#1962 = CARTESIAN_POINT('',(35.179562150738,16.770739114435,
    -8.348201158849E-14));
#1963 = CARTESIAN_POINT('',(35.097750270047,16.794269353607,
    -7.351542708555E-14));
#1964 = CARTESIAN_POINT('',(35.015938389357,16.817799592778,
    -6.354884258262E-14));
#1965 = CARTESIAN_POINT('',(34.934126508666,16.84132983195,
    -5.358225807969E-14));
#1966 = CARTESIAN_POINT('',(34.852314627975,16.864860071121,
    -4.361567357676E-14));
#1967 = CARTESIAN_POINT('',(34.770502747284,16.888390310293,
    -3.364908907383E-14));
#1968 = CARTESIAN_POINT('',(34.688690866593,16.911920549464,
    -2.36825045709E-14));
#1969 = CARTESIAN_POINT('',(34.606878985903,16.935450788636,
    -1.371592006796E-14));
#1970 = CARTESIAN_POINT('',(34.525067105212,16.958981027807,
    -3.749335565031E-15));
#1971 = CARTESIAN_POINT('',(33.371519827924,17.290757330969,
    1.367794766338E-13));
#1972 = CARTESIAN_POINT('',(32.305473462934,17.635815953956,
    -5.431211036465E-13));
#1973 = CARTESIAN_POINT('',(31.246114665954,18.017325103324,
    1.367350677129E-12));
#1974 = CARTESIAN_POINT('',(30.19427823428,18.434979869484,
    -2.373656826644E-12));
#1975 = CARTESIAN_POINT('',(29.150710709091,18.888507702871,
    3.11306536106E-12));
#1976 = CARTESIAN_POINT('',(28.11611411907,19.377662187416,
    -3.09530179264E-12));
#1977 = CARTESIAN_POINT('',(27.091167230269,19.902230134694,
    2.391420395055E-12));
#1978 = CARTESIAN_POINT('',(26.076533536633,20.46204676784,
    -1.388666959195E-12));
#1979 = CARTESIAN_POINT('',(25.072865242735,21.057013786076,
    6.115108419653E-13));
#1980 = CARTESIAN_POINT('',(24.080812468322,21.687115074111,
    -2.007283228519E-13));
#1981 = CARTESIAN_POINT('',(23.101046927973,22.352424848354,
    1.016964290557E-13));
#1982 = CARTESIAN_POINT('',(22.134309317539,23.053103007305,
    -7.37188088351E-14));
#1983 = CARTESIAN_POINT('',(20.22866999387,24.525641936787,
    2.051692149508E-13));
#1984 = CARTESIAN_POINT('',(19.289804886342,25.297413574091,
    -1.231903468123E-12));
#1985 = CARTESIAN_POINT('',(18.365291641409,26.10588452659,
    3.657074643121E-12));
#1986 = CARTESIAN_POINT('',(17.458484841012,26.946554163775,
    -7.465583706763E-12));
#1987 = CARTESIAN_POINT('',(16.562747725135,27.83529310307,
    1.161115648081E-11));
#1988 = CARTESIAN_POINT('',(15.69736199548,28.737501841939,
    -1.411804007024E-11));
#1989 = CARTESIAN_POINT('',(14.83324407615,29.712127756595,
    1.366640134403E-11));
#1990 = CARTESIAN_POINT('',(14.011392202972,30.687622808067,
    -1.053823694967E-11));
#1991 = CARTESIAN_POINT('',(13.197523386863,31.728933170205,
    6.493472426455E-12));
#1992 = CARTESIAN_POINT('',(12.418165882695,32.797327730757,
    -3.105515844475E-12));
#1993 = CARTESIAN_POINT('',(11.666616019435,33.907819093684,
    1.108446667787E-12));
#1994 = CARTESIAN_POINT('',(10.949586951822,35.055141220613,
    -2.287059430727E-13));
#1995 = CARTESIAN_POINT('',(10.228317835276,36.311607300669,
    2.277011487211E-14));
#1996 = CARTESIAN_POINT('',(10.185936704652,36.385436127998,
    3.754662396692E-14));
#1997 = CARTESIAN_POINT('',(10.143555574029,36.459264955326,
    5.232313306173E-14));
#1998 = CARTESIAN_POINT('',(10.101174443405,36.533093782655,
    6.709964215654E-14));
#1999 = CARTESIAN_POINT('',(10.058793312782,36.606922609983,
    8.187615125135E-14));
#2000 = CARTESIAN_POINT('',(10.016412182158,36.680751437312,
    9.665266034616E-14));
#2001 = CARTESIAN_POINT('',(9.974031051535,36.75458026464,
    1.11429169441E-13));
#2002 = CARTESIAN_POINT('',(9.931649920911,36.828409091969,
    1.262056785358E-13));
#2003 = CARTESIAN_POINT('',(9.889268790288,36.902237919297,
    1.409821876306E-13));
#2004 = CARTESIAN_POINT('',(9.846887659664,36.976066746626,
    1.557586967254E-13));
#2005 = CARTESIAN_POINT('',(9.804506529041,37.049895573954,
    1.705352058202E-13));
#2006 = CARTESIAN_POINT('',(9.762125398417,37.123724401283,
    1.85311714915E-13));
#2007 = CARTESIAN_POINT('',(9.719744267794,37.197553228612,
    2.000882240098E-13));
#2008 = PCURVE('',#247,#2009);
#2009 = DEFINITIONAL_REPRESENTATION('',(#2010),#2014);
#2010 = LINE('',#2011,#2012);
#2011 = CARTESIAN_POINT('',(26.174596211357,0.));
#2012 = VECTOR('',#2013,1.);
#2013 = DIRECTION('',(0.,1.));
#2014 = ( GEOMETRIC_REPRESENTATION_CONTEXT(2) 
PARAMETRIC_REPRESENTATION_CONTEXT() REPRESENTATION_CONTEXT('2D SPACE',''
  ) );
#2015 = PCURVE('',#2016,#2021);
#2016 = PLANE('',#2017);
#2017 = AXIS2_PLACEMENT_3D('',#2018,#2019,#2020);
#2018 = CARTESIAN_POINT('',(4.468275662406E-15,5.864611806908E-16,
    3.693002287182E-15));
#2019 = DIRECTION('',(-1.850305570606E-17,-1.182225846456E-16,1.));
#2020 = DIRECTION('',(0.,1.,1.182225846456E-16));
#2021 = DEFINITIONAL_REPRESENTATION('',(#2022),#2049);
#2022 = B_SPLINE_CURVE_WITH_KNOTS('',13,(#2023,#2024,#2025,#2026,#2027,
    #2028,#2029,#2030,#2031,#2032,#2033,#2034,#2035,#2036,#2037,#2038,
    #2039,#2040,#2041,#2042,#2043,#2044,#2045,#2046,#2047,#2048),
  .UNSPECIFIED.,.F.,.F.,(14,12,14),(-0.909844309418,12.17745379626,
    25.264751901939),.UNSPECIFIED.);
#2023 = CARTESIAN_POINT('',(16.982511266979,-34.44325522452));
#2024 = CARTESIAN_POINT('',(17.290757330967,-33.37151982792));
#2025 = CARTESIAN_POINT('',(17.635815953965,-32.30547346293));
#2026 = CARTESIAN_POINT('',(18.017325103301,-31.24611466595));
#2027 = CARTESIAN_POINT('',(18.43497986953,-30.19427823427));
#2028 = CARTESIAN_POINT('',(18.888507702799,-29.1507107091));
#2029 = CARTESIAN_POINT('',(19.377662187505,-28.11611411905));
#2030 = CARTESIAN_POINT('',(19.902230134604,-27.09116723028));
#2031 = CARTESIAN_POINT('',(20.462046767915,-26.07653353662));
#2032 = CARTESIAN_POINT('',(21.057013786027,-25.07286524274));
#2033 = CARTESIAN_POINT('',(21.687115074136,-24.08081246831));
#2034 = CARTESIAN_POINT('',(22.352424848344,-23.10104692797));
#2035 = CARTESIAN_POINT('',(23.053103007308,-22.13430931753));
#2036 = CARTESIAN_POINT('',(24.525641936784,-20.22866999386));
#2037 = CARTESIAN_POINT('',(25.297413574108,-19.28980488635));
#2038 = CARTESIAN_POINT('',(26.105884526542,-18.36529164138));
#2039 = CARTESIAN_POINT('',(26.946554163872,-17.45848484106));
#2040 = CARTESIAN_POINT('',(27.835293102918,-16.56274772505));
#2041 = CARTESIAN_POINT('',(28.737501842129,-15.69736199557));
#2042 = CARTESIAN_POINT('',(29.712127756404,-14.83324407605));
#2043 = CARTESIAN_POINT('',(30.687622808222,-14.01139220304));
#2044 = CARTESIAN_POINT('',(31.728933170106,-13.19752338681));
#2045 = CARTESIAN_POINT('',(32.797327730807,-12.41816588271));
#2046 = CARTESIAN_POINT('',(33.907819093665,-11.66661601942));
#2047 = CARTESIAN_POINT('',(35.055141220617,-10.94958695182));
#2048 = CARTESIAN_POINT('',(36.237778473341,-10.27069896589));
#2049 = ( GEOMETRIC_REPRESENTATION_CONTEXT(2) 
PARAMETRIC_REPRESENTATION_CONTEXT() REPRESENTATION_CONTEXT('2D SPACE',''
  ) );
#2050 = ADVANCED_FACE('',(#2051,#2987),#794,.T.);
#2051 = FACE_BOUND('',#2052,.T.);
#2052 = EDGE_LOOP('',(#2053,#2054,#2085,#2194,#2303,#2412,#2521,#2630,
    #2739,#2848,#2957,#2986));
#2053 = ORIENTED_EDGE('',*,*,#776,.T.);
#2054 = ORIENTED_EDGE('',*,*,#2055,.T.);
#2055 = EDGE_CURVE('',#669,#2056,#2058,.T.);
#2056 = VERTEX_POINT('',#2057);
#2057 = CARTESIAN_POINT('',(30.,-51.96152422706,150.));
#2058 = SURFACE_CURVE('',#2059,(#2067,#2078),.PCURVE_S1.);
#2059 = ( BOUNDED_CURVE() B_SPLINE_CURVE(6,(#2060,#2061,#2062,#2063,
#2064,#2065,#2066),.UNSPECIFIED.,.F.,.F.) B_SPLINE_CURVE_WITH_KNOTS((7,7
),(0.,0.763337317515),.PIECEWISE_BEZIER_KNOTS.) CURVE() 
GEOMETRIC_REPRESENTATION_ITEM() RATIONAL_B_SPLINE_CURVE((1.00731395893,
    1.002414195399,0.999512632189,0.998551138584,0.999512632189,
1.002414195399,1.00731395893)) REPRESENTATION_ITEM('') );
#2060 = CARTESIAN_POINT('',(-3.241851231905E-14,-60.,150.));
#2061 = CARTESIAN_POINT('',(4.264226776044,-56.80205020137,150.));
#2062 = CARTESIAN_POINT('',(8.992927462274,-54.2758722957,150.));
#2063 = CARTESIAN_POINT('',(14.065354606686,-52.49261801862,150.));
#2064 = CARTESIAN_POINT('',(19.349832511131,-51.50074795177,150.));
#2065 = CARTESIAN_POINT('',(24.708096385133,-51.32413184944,150.));
#2066 = CARTESIAN_POINT('',(30.,-51.96152422706,150.));
#2067 = PCURVE('',#794,#2068);
#2068 = DEFINITIONAL_REPRESENTATION('',(#2069),#2077);
#2069 = ( BOUNDED_CURVE() B_SPLINE_CURVE(6,(#2070,#2071,#2072,#2073,
#2074,#2075,#2076),.UNSPECIFIED.,.F.,.F.) B_SPLINE_CURVE_WITH_KNOTS((7,7
),(0.,0.763337317515),.PIECEWISE_BEZIER_KNOTS.) CURVE() 
GEOMETRIC_REPRESENTATION_ITEM() RATIONAL_B_SPLINE_CURVE((1.00731395893,
    1.002414195399,0.999512632189,0.998551138584,0.999512632189,
1.002414195399,1.00731395893)) REPRESENTATION_ITEM('') );
#2070 = CARTESIAN_POINT('',(-60.,3.960498900942E-14));
#2071 = CARTESIAN_POINT('',(-56.80205020137,-4.264226776044));
#2072 = CARTESIAN_POINT('',(-54.2758722957,-8.992927462274));
#2073 = CARTESIAN_POINT('',(-52.49261801862,-14.06535460668));
#2074 = CARTESIAN_POINT('',(-51.50074795177,-19.34983251113));
#2075 = CARTESIAN_POINT('',(-51.32413184944,-24.70809638513));
#2076 = CARTESIAN_POINT('',(-51.96152422706,-30.));
#2077 = ( GEOMETRIC_REPRESENTATION_CONTEXT(2) 
PARAMETRIC_REPRESENTATION_CONTEXT() REPRESENTATION_CONTEXT('2D SPACE',''
  ) );
#2078 = PCURVE('',#692,#2079);
#2079 = DEFINITIONAL_REPRESENTATION('',(#2080),#2084);
#2080 = LINE('',#2081,#2082);
#2081 = CARTESIAN_POINT('',(0.,150.));
#2082 = VECTOR('',#2083,1.);
#2083 = DIRECTION('',(1.,0.));
#2084 = ( GEOMETRIC_REPRESENTATION_CONTEXT(2) 
PARAMETRIC_REPRESENTATION_CONTEXT() REPRESENTATION_CONTEXT('2D SPACE',''
  ) );
#2085 = ORIENTED_EDGE('',*,*,#2086,.T.);
#2086 = EDGE_CURVE('',#2056,#2087,#2089,.T.);
#2087 = VERTEX_POINT('',#2088);
#2088 = CARTESIAN_POINT('',(51.961524227066,-30.,150.));
#2089 = SURFACE_CURVE('',#2090,(#2098,#2109),.PCURVE_S1.);
#2090 = ( BOUNDED_CURVE() B_SPLINE_CURVE(6,(#2091,#2092,#2093,#2094,
#2095,#2096,#2097),.UNSPECIFIED.,.F.,.F.) B_SPLINE_CURVE_WITH_KNOTS((7,7
),(0.,0.763337317515),.PIECEWISE_BEZIER_KNOTS.) CURVE() 
GEOMETRIC_REPRESENTATION_ITEM() RATIONAL_B_SPLINE_CURVE((1.00731395893,
    1.002414195399,0.999512632189,0.998551138584,0.999512632189,
1.002414195399,1.00731395893)) REPRESENTATION_ITEM('') );
#2091 = CARTESIAN_POINT('',(30.,-51.96152422706,150.));
#2092 = CARTESIAN_POINT('',(32.093953816237,-47.0599050734,150.));
#2093 = CARTESIAN_POINT('',(34.926039784572,-42.5078204895,150.));
#2094 = CARTESIAN_POINT('',(38.42726341194,-38.42726341194,150.));
#2095 = CARTESIAN_POINT('',(42.507820489502,-34.92603978457,150.));
#2096 = CARTESIAN_POINT('',(47.059905073404,-32.09395381623,150.));
#2097 = CARTESIAN_POINT('',(51.961524227066,-30.,150.));
#2098 = PCURVE('',#794,#2099);
#2099 = DEFINITIONAL_REPRESENTATION('',(#2100),#2108);
#2100 = ( BOUNDED_CURVE() B_SPLINE_CURVE(6,(#2101,#2102,#2103,#2104,
#2105,#2106,#2107),.UNSPECIFIED.,.F.,.F.) B_SPLINE_CURVE_WITH_KNOTS((7,7
),(0.,0.763337317515),.PIECEWISE_BEZIER_KNOTS.) CURVE() 
GEOMETRIC_REPRESENTATION_ITEM() RATIONAL_B_SPLINE_CURVE((1.00731395893,
    1.002414195399,0.999512632189,0.998551138584,0.999512632189,
1.002414195399,1.00731395893)) REPRESENTATION_ITEM('') );
#2101 = CARTESIAN_POINT('',(-51.96152422706,-30.));
#2102 = CARTESIAN_POINT('',(-47.0599050734,-32.09395381623));
#2103 = CARTESIAN_POINT('',(-42.5078204895,-34.92603978457));
#2104 = CARTESIAN_POINT('',(-38.42726341194,-38.42726341194));
#2105 = CARTESIAN_POINT('',(-34.92603978457,-42.5078204895));
#2106 = CARTESIAN_POINT('',(-32.09395381623,-47.0599050734));
#2107 = CARTESIAN_POINT('',(-30.,-51.96152422706));
#2108 = ( GEOMETRIC_REPRESENTATION_CONTEXT(2) 
PARAMETRIC_REPRESENTATION_CONTEXT() REPRESENTATION_CONTEXT('2D SPACE',''
  ) );
#2109 = PCURVE('',#2110,#2188);
#2110 = ( BOUNDED_SURFACE() B_SPLINE_SURFACE(6,10,(
    (#2111,#2112,#2113,#2114,#2115,#2116,#2117,#2118,#2119,#2120,#2121)
    ,(#2122,#2123,#2124,#2125,#2126,#2127,#2128,#2129,#2130,#2131,#2132)
    ,(#2133,#2134,#2135,#2136,#2137,#2138,#2139,#2140,#2141,#2142,#2143)
    ,(#2144,#2145,#2146,#2147,#2148,#2149,#2150,#2151,#2152,#2153,#2154)
    ,(#2155,#2156,#2157,#2158,#2159,#2160,#2161,#2162,#2163,#2164,#2165)
    ,(#2166,#2167,#2168,#2169,#2170,#2171,#2172,#2173,#2174,#2175,#2176)
    ,(#2177,#2178,#2179,#2180,#2181,#2182,#2183,#2184,#2185,#2186,#2187
)),.UNSPECIFIED.,.F.,.F.,.F.) B_SPLINE_SURFACE_WITH_KNOTS((7,7),(11,11),
  (0.,0.763337317515),(0.,150.),.PIECEWISE_BEZIER_KNOTS.) 
GEOMETRIC_REPRESENTATION_ITEM() RATIONAL_B_SPLINE_SURFACE((
    (1.00731395893,1.00731395893,1.00731395893,1.007313958931
      ,1.00731395893,1.007313958931,1.00731395893,1.007313958931
      ,1.00731395893,1.00731395893,1.00731395893)
    ,(1.002414195399,1.002414195399,1.002414195399,1.002414195399
      ,1.002414195398,1.002414195399,1.002414195398,1.002414195399
      ,1.002414195399,1.002414195399,1.002414195399)
    ,(0.999512632189,0.999512632189,0.999512632189,0.999512632189
      ,0.999512632189,0.999512632189,0.999512632189,0.999512632189
      ,0.999512632189,0.999512632189,0.999512632189)
    ,(0.998551138584,0.998551138584,0.998551138584,0.998551138584
      ,0.998551138584,0.998551138584,0.998551138584,0.998551138584
      ,0.998551138584,0.998551138584,0.998551138584)
    ,(0.999512632189,0.999512632189,0.999512632189,0.999512632189
      ,0.999512632189,0.999512632189,0.999512632189,0.999512632189
      ,0.999512632189,0.999512632189,0.999512632189)
    ,(1.002414195399,1.002414195399,1.002414195399,1.002414195399
      ,1.002414195399,1.002414195399,1.002414195399,1.002414195399
      ,1.002414195399,1.002414195399,1.002414195399)
    ,(1.00731395893,1.00731395893,1.00731395893,1.007313958931
      ,1.00731395893,1.007313958931,1.00731395893,1.007313958931
,1.00731395893,1.00731395893,1.00731395893
))) REPRESENTATION_ITEM('') SURFACE() );
#2111 = CARTESIAN_POINT('',(-20.,34.641016151378,0.));
#2112 = CARTESIAN_POINT('',(-30.8827961854,28.357830844196,
    15.000000000001));
#2113 = CARTESIAN_POINT('',(-40.23894220107,19.430112530948,
    29.999999999998));
#2114 = CARTESIAN_POINT('',(-47.77150016366,7.647594809686,
    45.000000000003));
#2115 = CARTESIAN_POINT('',(-52.3383183292,-7.46055549045,
    59.999999999997));
#2116 = CARTESIAN_POINT('',(-51.67289254427,-25.51658560142,75.));
#2117 = CARTESIAN_POINT('',(-43.22149595968,-43.91904570779,
    90.000000000006));
#2118 = CARTESIAN_POINT('',(-27.07252563967,-57.88702364175,
    104.99999999999));
#2119 = CARTESIAN_POINT('',(-6.606055435258,-63.95834190229,120.));
#2120 = CARTESIAN_POINT('',(13.67580572189,-61.38630218783,
    134.99999999999));
#2121 = CARTESIAN_POINT('',(30.,-51.96152422706,150.));
#2122 = CARTESIAN_POINT('',(-21.39596921082,31.373270048936,
    -1.42108547152E-14));
#2123 = CARTESIAN_POINT('',(-31.2521726813,24.651528080019,
    15.000000000002));
#2124 = CARTESIAN_POINT('',(-39.47514701786,15.534704210456,
    29.999999999993));
#2125 = CARTESIAN_POINT('',(-45.76883715083,3.844842569511,
    45.000000000015));
#2126 = CARTESIAN_POINT('',(-49.01850474508,-10.78262176554,
    59.99999999998));
#2127 = CARTESIAN_POINT('',(-47.1052954799,-27.82898847134,
    75.000000000016));
#2128 = CARTESIAN_POINT('',(-37.79648020993,-44.6499683244,
    89.999999999996));
#2129 = CARTESIAN_POINT('',(-21.51552607106,-56.72575019388,
    104.99999999999));
#2130 = CARTESIAN_POINT('',(-1.708410306259,-61.01891110004,120.));
#2131 = CARTESIAN_POINT('',(17.309648610512,-57.14251802677,
    134.99999999999));
#2132 = CARTESIAN_POINT('',(32.093953816237,-47.0599050734,150.));
#2133 = CARTESIAN_POINT('',(-23.28402652304,28.338546993001,
    1.42108547152E-14));
#2134 = CARTESIAN_POINT('',(-32.18684362771,21.02365432592,
    15.000000000002));
#2135 = CARTESIAN_POINT('',(-39.31228801324,11.545340300796,
    29.999999999994));
#2136 = CARTESIAN_POINT('',(-44.36023512734,-0.242095941258,
    45.000000000011));
#2137 = CARTESIAN_POINT('',(-46.22692745757,-14.59338095479,
    59.999999999987));
#2138 = CARTESIAN_POINT('',(-42.91870855805,-30.82709193233,
    75.000000000007));
#2139 = CARTESIAN_POINT('',(-32.51539338125,-46.20720490272,
    90.000000000005));
#2140 = CARTESIAN_POINT('',(-15.81351899539,-56.42216603425,
    104.99999999999));
#2141 = CARTESIAN_POINT('',(3.610388469204,-58.84670957792,120.));
#2142 = CARTESIAN_POINT('',(21.571814127577,-53.48015949012,
    134.99999999999));
#2143 = CARTESIAN_POINT('',(34.926039784572,-42.5078204895,150.));
#2144 = CARTESIAN_POINT('',(-25.61817560796,25.61817560796,0.));
#2145 = CARTESIAN_POINT('',(-33.66636283679,17.569988379124,
    15.000000000002));
#2146 = CARTESIAN_POINT('',(-39.75898075383,7.566041401498,
    29.999999999993));
#2147 = CARTESIAN_POINT('',(-43.58695405256,-4.508013613153,
    45.000000000015));
#2148 = CARTESIAN_POINT('',(-44.04066655427,-18.79635160641,
    59.999999999979));
#2149 = CARTESIAN_POINT('',(-39.22575975679,-34.43716563838,
    75.000000000019));
#2150 = CARTESIAN_POINT('',(-27.51787542898,-48.55585595644,
    89.999999999993));
#2151 = CARTESIAN_POINT('',(-10.11510387593,-56.99043489136,
    104.99999999999));
#2152 = CARTESIAN_POINT('',(9.213793572308,-57.50428871384,120.));
#2153 = CARTESIAN_POINT('',(26.354982568688,-50.49954425519,135.));
#2154 = CARTESIAN_POINT('',(38.42726341194,-38.42726341194,150.));
#2155 = CARTESIAN_POINT('',(-28.338546993,23.284026523048,
    1.42108547152E-14));
#2156 = CARTESIAN_POINT('',(-35.65343966008,14.381209418384,
    15.000000000002));
#2157 = CARTESIAN_POINT('',(-40.80508405483,3.70080893525,
    29.999999999992));
#2158 = CARTESIAN_POINT('',(-43.47079446478,-8.841894570683,
    45.000000000018));
#2159 = CARTESIAN_POINT('',(-42.5183673552,-23.28269802465,
    59.999999999975));
#2160 = CARTESIAN_POINT('',(-36.12418262029,-38.56641766242,
    75.000000000021));
#2161 = CARTESIAN_POINT('',(-22.9352198504,-51.63654018301,
    89.999999999994));
#2162 = CARTESIAN_POINT('',(-4.569185122519,-58.41789751721,
    104.99999999999));
#2163 = CARTESIAN_POINT('',(14.956106792875,-57.02880853259,120.));
#2164 = CARTESIAN_POINT('',(31.535481488881,-48.28026544156,
    134.99999999999));
#2165 = CARTESIAN_POINT('',(42.507820489502,-34.92603978457,150.));
#2166 = CARTESIAN_POINT('',(-31.37327004893,21.395969210825,0.));
#2167 = CARTESIAN_POINT('',(-38.09501201785,11.539765740341,
    15.000000000001));
#2168 = CARTESIAN_POINT('',(-42.42183113664,5.009991746437E-02,
    29.999999999995));
#2169 = CARTESIAN_POINT('',(-44.01313804529,-13.1306111027,
    45.000000000011));
#2170 = CARTESIAN_POINT('',(-41.69804377602,-27.93477912627,
    59.999999999985));
#2171 = CARTESIAN_POINT('',(-33.69333489209,-43.10592355394,
    75.000000000012));
#2172 = CARTESIAN_POINT('',(-18.8858290479,-55.36712967818,90.));
#2173 = CARTESIAN_POINT('',(0.680071402672,-60.66519677757,
    104.99999999999));
#2174 = CARTESIAN_POINT('',(20.687313603191,-57.43049045143,120.));
#2175 = CARTESIAN_POINT('',(36.977292120028,-46.87825902196,
    134.99999999999));
#2176 = CARTESIAN_POINT('',(47.059905073404,-32.09395381623,150.));
#2177 = CARTESIAN_POINT('',(-34.64101615137,20.,0.));
#2178 = CARTESIAN_POINT('',(-40.92420145855,9.117203814594,15.));
#2179 = CARTESIAN_POINT('',(-44.56300243301,-3.292500050352,
    29.999999999998));
#2180 = CARTESIAN_POINT('',(-45.19513012346,-17.26273869877,
    45.000000000006));
#2181 = CARTESIAN_POINT('',(-41.59603551922,-32.6301897457,
    59.99999999999));
#2182 = CARTESIAN_POINT('',(-31.99174482965,-47.93445762078,
    75.000000000006));
#2183 = CARTESIAN_POINT('',(-15.47139063676,-59.64575727279,
    90.000000000005));
#2184 = CARTESIAN_POINT('',(5.498016872309,-63.66789584304,
    104.99999999998));
#2185 = CARTESIAN_POINT('',(26.258159125408,-58.69257658896,120.));
#2186 = CARTESIAN_POINT('',(42.536746266296,-46.3241942781,
    134.99999999999));
#2187 = CARTESIAN_POINT('',(51.961524227066,-30.,150.));
#2188 = DEFINITIONAL_REPRESENTATION('',(#2189),#2193);
#2189 = LINE('',#2190,#2191);
#2190 = CARTESIAN_POINT('',(0.,150.));
#2191 = VECTOR('',#2192,1.);
#2192 = DIRECTION('',(1.,0.));
#2193 = ( GEOMETRIC_REPRESENTATION_CONTEXT(2) 
PARAMETRIC_REPRESENTATION_CONTEXT() REPRESENTATION_CONTEXT('2D SPACE',''
  ) );
#2194 = ORIENTED_EDGE('',*,*,#2195,.T.);
#2195 = EDGE_CURVE('',#2087,#2196,#2198,.T.);
#2196 = VERTEX_POINT('',#2197);
#2197 = CARTESIAN_POINT('',(60.,-4.973799150321E-14,150.));
#2198 = SURFACE_CURVE('',#2199,(#2207,#2218),.PCURVE_S1.);
#2199 = ( BOUNDED_CURVE() B_SPLINE_CURVE(6,(#2200,#2201,#2202,#2203,
#2204,#2205,#2206),.UNSPECIFIED.,.F.,.F.) B_SPLINE_CURVE_WITH_KNOTS((7,7
),(0.,0.763337317515),.PIECEWISE_BEZIER_KNOTS.) CURVE() 
GEOMETRIC_REPRESENTATION_ITEM() RATIONAL_B_SPLINE_CURVE((1.00731395893,
    1.002414195399,0.999512632189,0.998551138584,0.999512632189,
1.002414195399,1.00731395893)) REPRESENTATION_ITEM('') );
#2200 = CARTESIAN_POINT('',(51.961524227066,-30.,150.));
#2201 = CARTESIAN_POINT('',(51.324131849448,-24.70809638513,150.));
#2202 = CARTESIAN_POINT('',(51.500747951776,-19.34983251113,150.));
#2203 = CARTESIAN_POINT('',(52.492618018626,-14.06535460668,150.));
#2204 = CARTESIAN_POINT('',(54.275872295703,-8.992927462274,150.));
#2205 = CARTESIAN_POINT('',(56.80205020137,-4.264226776044,150.));
#2206 = CARTESIAN_POINT('',(60.,-3.10862446895E-14,150.));
#2207 = PCURVE('',#794,#2208);
#2208 = DEFINITIONAL_REPRESENTATION('',(#2209),#2217);
#2209 = ( BOUNDED_CURVE() B_SPLINE_CURVE(6,(#2210,#2211,#2212,#2213,
#2214,#2215,#2216),.UNSPECIFIED.,.F.,.F.) B_SPLINE_CURVE_WITH_KNOTS((7,7
),(0.,0.763337317515),.PIECEWISE_BEZIER_KNOTS.) CURVE() 
GEOMETRIC_REPRESENTATION_ITEM() RATIONAL_B_SPLINE_CURVE((1.00731395893,
    1.002414195399,0.999512632189,0.998551138584,0.999512632189,
1.002414195399,1.00731395893)) REPRESENTATION_ITEM('') );
#2210 = CARTESIAN_POINT('',(-30.,-51.96152422706));
#2211 = CARTESIAN_POINT('',(-24.70809638513,-51.32413184944));
#2212 = CARTESIAN_POINT('',(-19.34983251113,-51.50074795177));
#2213 = CARTESIAN_POINT('',(-14.06535460668,-52.49261801862));
#2214 = CARTESIAN_POINT('',(-8.992927462274,-54.2758722957));
#2215 = CARTESIAN_POINT('',(-4.264226776044,-56.80205020137));
#2216 = CARTESIAN_POINT('',(-2.319229101925E-14,-60.));
#2217 = ( GEOMETRIC_REPRESENTATION_CONTEXT(2) 
PARAMETRIC_REPRESENTATION_CONTEXT() REPRESENTATION_CONTEXT('2D SPACE',''
  ) );
#2218 = PCURVE('',#2219,#2297);
#2219 = ( BOUNDED_SURFACE() B_SPLINE_SURFACE(6,10,(
    (#2220,#2221,#2222,#2223,#2224,#2225,#2226,#2227,#2228,#2229,#2230)
    ,(#2231,#2232,#2233,#2234,#2235,#2236,#2237,#2238,#2239,#2240,#2241)
    ,(#2242,#2243,#2244,#2245,#2246,#2247,#2248,#2249,#2250,#2251,#2252)
    ,(#2253,#2254,#2255,#2256,#2257,#2258,#2259,#2260,#2261,#2262,#2263)
    ,(#2264,#2265,#2266,#2267,#2268,#2269,#2270,#2271,#2272,#2273,#2274)
    ,(#2275,#2276,#2277,#2278,#2279,#2280,#2281,#2282,#2283,#2284,#2285)
    ,(#2286,#2287,#2288,#2289,#2290,#2291,#2292,#2293,#2294,#2295,#2296
)),.UNSPECIFIED.,.F.,.F.,.F.) B_SPLINE_SURFACE_WITH_KNOTS((7,7),(11,11),
  (0.,0.763337317515),(0.,150.),.PIECEWISE_BEZIER_KNOTS.) 
GEOMETRIC_REPRESENTATION_ITEM() RATIONAL_B_SPLINE_SURFACE((
    (1.00731395893,1.00731395893,1.00731395893,1.007313958931
      ,1.00731395893,1.007313958931,1.00731395893,1.007313958931
      ,1.00731395893,1.00731395893,1.00731395893)
    ,(1.002414195399,1.002414195399,1.002414195399,1.002414195399
      ,1.002414195399,1.002414195399,1.002414195399,1.002414195399
      ,1.002414195399,1.002414195399,1.002414195399)
    ,(0.999512632189,0.999512632189,0.999512632189,0.999512632189
      ,0.999512632188,0.99951263219,0.999512632189,0.999512632189
      ,0.999512632189,0.999512632189,0.999512632189)
    ,(0.998551138584,0.998551138584,0.998551138584,0.998551138584
      ,0.998551138584,0.998551138584,0.998551138584,0.998551138584
      ,0.998551138584,0.998551138584,0.998551138584)
    ,(0.999512632189,0.999512632189,0.999512632189,0.999512632189
      ,0.999512632189,0.999512632189,0.999512632189,0.999512632189
      ,0.999512632189,0.999512632189,0.999512632189)
    ,(1.002414195399,1.002414195399,1.002414195399,1.002414195399
      ,1.002414195399,1.002414195399,1.002414195399,1.002414195399
      ,1.002414195399,1.002414195399,1.002414195399)
    ,(1.00731395893,1.00731395893,1.00731395893,1.007313958931
      ,1.00731395893,1.007313958931,1.00731395893,1.007313958931
,1.00731395893,1.00731395893,1.00731395893
))) REPRESENTATION_ITEM('') SURFACE() );
#2220 = CARTESIAN_POINT('',(-34.64101615137,20.,1.42108547152E-14));
#2221 = CARTESIAN_POINT('',(-40.92420145855,9.117203814593,
    15.000000000003));
#2222 = CARTESIAN_POINT('',(-44.56300243302,-3.292500050351,
    29.999999999989));
#2223 = CARTESIAN_POINT('',(-45.19513012345,-17.26273869877,
    45.000000000024));
#2224 = CARTESIAN_POINT('',(-41.59603551923,-32.6301897457,
    59.999999999967));
#2225 = CARTESIAN_POINT('',(-31.99174482963,-47.93445762077,
    75.000000000027));
#2226 = CARTESIAN_POINT('',(-15.47139063676,-59.6457572728,
    89.999999999992));
#2227 = CARTESIAN_POINT('',(5.498016872309,-63.66789584303,
    104.99999999999));
#2228 = CARTESIAN_POINT('',(26.258159125409,-58.69257658896,120.));
#2229 = CARTESIAN_POINT('',(42.536746266295,-46.3241942781,
    134.99999999999));
#2230 = CARTESIAN_POINT('',(51.961524227066,-30.,150.));
#2231 = CARTESIAN_POINT('',(-34.21608789963,16.472064256756,0.));
#2232 = CARTESIAN_POINT('',(-39.39093950548,5.722763218748,
    15.000000000001));
#2233 = CARTESIAN_POINT('',(-41.95383224081,-6.284125022397,
    29.999999999995));
#2234 = CARTESIAN_POINT('',(-41.55939695905,-19.55468723667,
    45.000000000012));
#2235 = CARTESIAN_POINT('',(-37.05995948199,-33.84727674089,
    59.999999999983));
#2236 = CARTESIAN_POINT('',(-26.8798883027,-47.65325871777,
    75.000000000013));
#2237 = CARTESIAN_POINT('',(-10.40772787323,-57.56624695205,
    90.000000000001));
#2238 = CARTESIAN_POINT('',(9.729882943615,-59.88370375217,
    104.99999999999));
#2239 = CARTESIAN_POINT('',(29.029928824713,-53.69813227702,120.));
#2240 = CARTESIAN_POINT('',(43.561854440673,-40.83204794214,
    134.99999999999));
#2241 = CARTESIAN_POINT('',(51.324131849448,-24.70809638513,150.));
#2242 = CARTESIAN_POINT('',(-34.33383196785,12.899888340754,0.));
#2243 = CARTESIAN_POINT('',(-38.38645141219,2.113596912775,
    15.000000000002));
#2244 = CARTESIAN_POINT('',(-39.81811025075,-9.657586010795,
    29.999999999991));
#2245 = CARTESIAN_POINT('',(-38.2960425675,-22.38977879895,
    45.00000000002));
#2246 = CARTESIAN_POINT('',(-32.73700303976,-35.75170236274,
    59.999999999972));
#2247 = CARTESIAN_POINT('',(-21.75514594272,-48.15639901722,
    75.000000000022));
#2248 = CARTESIAN_POINT('',(-5.055554230855,-56.27430997426,
    89.999999999996));
#2249 = CARTESIAN_POINT('',(14.516173843884,-56.7697886199,
    104.99999999999));
#2250 = CARTESIAN_POINT('',(32.550042920825,-49.157551189,120.));
#2251 = CARTESIAN_POINT('',(45.421818785257,-35.52926965309,
    134.99999999999));
#2252 = CARTESIAN_POINT('',(51.500747951776,-19.34983251113,150.));
#2253 = CARTESIAN_POINT('',(-34.99507867908,9.376903071124,0.));
#2254 = CARTESIAN_POINT('',(-37.94091965925,-1.617125137878,
    15.000000000001));
#2255 = CARTESIAN_POINT('',(-38.21530806214,-13.32710631713,
    29.999999999996));
#2256 = CARTESIAN_POINT('',(-35.49340267653,-25.69753133587,
    45.000000000011));
#2257 = CARTESIAN_POINT('',(-28.74216023238,-38.29845126676,
    59.999999999984));
#2258 = CARTESIAN_POINT('',(-16.75192161294,-49.43634015556,
    75.000000000013));
#2259 = CARTESIAN_POINT('',(0.446748798557,-55.80954247527,
    89.999999999999));
#2260 = CARTESIAN_POINT('',(19.735280527203,-54.4127163266,
    104.99999999999));
#2261 = CARTESIAN_POINT('',(36.731523655769,-45.19327806659,120.));
#2262 = CARTESIAN_POINT('',(48.073856548375,-30.55639692018,
    134.99999999999));
#2263 = CARTESIAN_POINT('',(52.492618018626,-14.06535460668,150.));
#2264 = CARTESIAN_POINT('',(-36.1839148638,5.995284974849,
    1.42108547152E-14));
#2265 = CARTESIAN_POINT('',(-38.06738918711,-5.372227136576,15.));
#2266 = CARTESIAN_POINT('',(-37.18864386266,-17.19754747493,
    29.999999999999));
#2267 = CARTESIAN_POINT('',(-33.22586504385,-29.39270254818,
    45.000000000005));
#2268 = CARTESIAN_POINT('',(-25.18063724471,-41.42259163558,
    59.999999999991));
#2269 = CARTESIAN_POINT('',(-12.00125100891,-51.46158873877,
    75.000000000007));
#2270 = CARTESIAN_POINT('',(5.955787059673,-56.18616548722,
    90.000000000003));
#2271 = CARTESIAN_POINT('',(25.251918367913,-52.87597584684,
    104.99999999999));
#2272 = CARTESIAN_POINT('',(41.466772690637,-41.91034354034,120.));
#2273 = CARTESIAN_POINT('',(51.450660810728,-26.04419562941,
    134.99999999999));
#2274 = CARTESIAN_POINT('',(54.275872295703,-8.992927462274,150.));
#2275 = CARTESIAN_POINT('',(-37.86803346758,2.842817850696,
    1.42108547152E-14));
#2276 = CARTESIAN_POINT('',(-38.7611310351,-9.053775724069,
    15.000000000001));
#2277 = CARTESIAN_POINT('',(-36.76343339812,-21.16752776707,
    29.999999999995));
#2278 = CARTESIAN_POINT('',(-31.55119009614,-33.37801180479,
    45.000000000013));
#2279 = CARTESIAN_POINT('',(-22.14417563501,-45.04125026048,
    59.99999999998));
#2280 = CARTESIAN_POINT('',(-7.626322177791,-54.17749229734,
    75.000000000016));
#2281 = CARTESIAN_POINT('',(11.32795711208,-57.39225535989,
    89.999999999999));
#2282 = CARTESIAN_POINT('',(30.921557499891,-52.19756583362,
    104.99999999999));
#2283 = CARTESIAN_POINT('',(46.630984342134,-39.39260688114,120.));
#2284 = CARTESIAN_POINT('',(55.462403850083,-22.10911713819,
    134.99999999999));
#2285 = CARTESIAN_POINT('',(56.80205020137,-4.264226776044,150.));
#2286 = CARTESIAN_POINT('',(-40.,-2.6645352591E-15,2.84217094304E-14));
#2287 = CARTESIAN_POINT('',(-39.99999999999,-12.56637061435,
    15.000000000002));
#2288 = CARTESIAN_POINT('',(-36.94644215073,-25.13288990207,
    29.999999999992));
#2289 = CARTESIAN_POINT('',(-30.50876146486,-37.54753531375,
    45.000000000018));
#2290 = CARTESIAN_POINT('',(-19.70812858352,-49.05659100971,
    59.999999999974));
#2291 = CARTESIAN_POINT('',(-3.738434923473,-57.50833043102,
    75.000000000021));
#2292 = CARTESIAN_POINT('',(16.42426131309,-59.3904363446,
    89.999999999998));
#2293 = CARTESIAN_POINT('',(36.595370203371,-52.38900676941,
    104.99999999999));
#2294 = CARTESIAN_POINT('',(52.086521153701,-37.7001827769,120.));
#2295 = CARTESIAN_POINT('',(59.999999999997,-18.84955592153,
    134.99999999999));
#2296 = CARTESIAN_POINT('',(60.,-3.10862446895E-14,150.));
#2297 = DEFINITIONAL_REPRESENTATION('',(#2298),#2302);
#2298 = LINE('',#2299,#2300);
#2299 = CARTESIAN_POINT('',(0.,150.));
#2300 = VECTOR('',#2301,1.);
#2301 = DIRECTION('',(1.,0.));
#2302 = ( GEOMETRIC_REPRESENTATION_CONTEXT(2) 
PARAMETRIC_REPRESENTATION_CONTEXT() REPRESENTATION_CONTEXT('2D SPACE',''
  ) );
#2303 = ORIENTED_EDGE('',*,*,#2304,.T.);
#2304 = EDGE_CURVE('',#2196,#2305,#2307,.T.);
#2305 = VERTEX_POINT('',#2306);
#2306 = CARTESIAN_POINT('',(51.961524227066,30.,150.));
#2307 = SURFACE_CURVE('',#2308,(#2316,#2327),.PCURVE_S1.);
#2308 = ( BOUNDED_CURVE() B_SPLINE_CURVE(6,(#2309,#2310,#2311,#2312,
#2313,#2314,#2315),.UNSPECIFIED.,.F.,.F.) B_SPLINE_CURVE_WITH_KNOTS((7,7
),(0.,0.763337317515),.PIECEWISE_BEZIER_KNOTS.) CURVE() 
GEOMETRIC_REPRESENTATION_ITEM() RATIONAL_B_SPLINE_CURVE((1.00731395893,
    1.002414195399,0.999512632189,0.998551138584,0.999512632189,
1.002414195399,1.00731395893)) REPRESENTATION_ITEM('') );
#2309 = CARTESIAN_POINT('',(60.,-4.973799150321E-14,150.));
#2310 = CARTESIAN_POINT('',(56.80205020137,4.264226776044,150.));
#2311 = CARTESIAN_POINT('',(54.275872295703,8.992927462274,150.));
#2312 = CARTESIAN_POINT('',(52.492618018626,14.065354606686,150.));
#2313 = CARTESIAN_POINT('',(51.500747951776,19.349832511131,150.));
#2314 = CARTESIAN_POINT('',(51.324131849448,24.708096385133,150.));
#2315 = CARTESIAN_POINT('',(51.961524227066,30.,150.));
#2316 = PCURVE('',#794,#2317);
#2317 = DEFINITIONAL_REPRESENTATION('',(#2318),#2326);
#2318 = ( BOUNDED_CURVE() B_SPLINE_CURVE(6,(#2319,#2320,#2321,#2322,
#2323,#2324,#2325),.UNSPECIFIED.,.F.,.F.) B_SPLINE_CURVE_WITH_KNOTS((7,7
),(0.,0.763337317515),.PIECEWISE_BEZIER_KNOTS.) CURVE() 
GEOMETRIC_REPRESENTATION_ITEM() RATIONAL_B_SPLINE_CURVE((1.00731395893,
    1.002414195399,0.999512632189,0.998551138584,0.999512632189,
1.002414195399,1.00731395893)) REPRESENTATION_ITEM('') );
#2319 = CARTESIAN_POINT('',(-4.184403783296E-14,-60.));
#2320 = CARTESIAN_POINT('',(4.264226776044,-56.80205020137));
#2321 = CARTESIAN_POINT('',(8.992927462274,-54.2758722957));
#2322 = CARTESIAN_POINT('',(14.065354606686,-52.49261801862));
#2323 = CARTESIAN_POINT('',(19.349832511131,-51.50074795177));
#2324 = CARTESIAN_POINT('',(24.708096385133,-51.32413184944));
#2325 = CARTESIAN_POINT('',(30.,-51.96152422706));
#2326 = ( GEOMETRIC_REPRESENTATION_CONTEXT(2) 
PARAMETRIC_REPRESENTATION_CONTEXT() REPRESENTATION_CONTEXT('2D SPACE',''
  ) );
#2327 = PCURVE('',#2328,#2406);
#2328 = ( BOUNDED_SURFACE() B_SPLINE_SURFACE(6,10,(
    (#2329,#2330,#2331,#2332,#2333,#2334,#2335,#2336,#2337,#2338,#2339)
    ,(#2340,#2341,#2342,#2343,#2344,#2345,#2346,#2347,#2348,#2349,#2350)
    ,(#2351,#2352,#2353,#2354,#2355,#2356,#2357,#2358,#2359,#2360,#2361)
    ,(#2362,#2363,#2364,#2365,#2366,#2367,#2368,#2369,#2370,#2371,#2372)
    ,(#2373,#2374,#2375,#2376,#2377,#2378,#2379,#2380,#2381,#2382,#2383)
    ,(#2384,#2385,#2386,#2387,#2388,#2389,#2390,#2391,#2392,#2393,#2394)
    ,(#2395,#2396,#2397,#2398,#2399,#2400,#2401,#2402,#2403,#2404,#2405
)),.UNSPECIFIED.,.F.,.F.,.F.) B_SPLINE_SURFACE_WITH_KNOTS((7,7),(11,11),
  (0.,0.763337317515),(0.,150.),.PIECEWISE_BEZIER_KNOTS.) 
GEOMETRIC_REPRESENTATION_ITEM() RATIONAL_B_SPLINE_SURFACE((
    (1.00731395893,1.00731395893,1.00731395893,1.007313958931
      ,1.00731395893,1.007313958931,1.00731395893,1.007313958931
      ,1.00731395893,1.00731395893,1.00731395893)
    ,(1.002414195399,1.002414195399,1.002414195399,1.002414195399
      ,1.002414195399,1.002414195399,1.002414195399,1.002414195399
      ,1.002414195399,1.002414195399,1.002414195399)
    ,(0.999512632189,0.999512632189,0.999512632189,0.999512632189
      ,0.999512632188,0.99951263219,0.999512632189,0.999512632189
      ,0.999512632189,0.999512632189,0.999512632189)
    ,(0.998551138584,0.998551138584,0.998551138584,0.998551138584
      ,0.998551138584,0.998551138584,0.998551138584,0.998551138584
      ,0.998551138584,0.998551138584,0.998551138584)
    ,(0.999512632189,0.999512632189,0.999512632189,0.999512632189
      ,0.999512632189,0.999512632189,0.999512632189,0.999512632189
      ,0.999512632189,0.999512632189,0.999512632189)
    ,(1.002414195399,1.002414195399,1.002414195399,1.002414195399
      ,1.002414195399,1.002414195399,1.002414195399,1.002414195399
      ,1.002414195399,1.002414195399,1.002414195399)
    ,(1.00731395893,1.00731395893,1.00731395893,1.007313958931
      ,1.00731395893,1.007313958931,1.00731395893,1.007313958931
,1.00731395893,1.00731395893,1.00731395893
))) REPRESENTATION_ITEM('') SURFACE() );
#2329 = CARTESIAN_POINT('',(-40.,6.217248937901E-15,0.));
#2330 = CARTESIAN_POINT('',(-39.99999999999,-12.56637061436,
    15.000000000003));
#2331 = CARTESIAN_POINT('',(-36.94644215072,-25.13288990207,
    29.999999999989));
#2332 = CARTESIAN_POINT('',(-30.50876146486,-37.54753531376,
    45.000000000025));
#2333 = CARTESIAN_POINT('',(-19.70812858352,-49.05659100969,
    59.999999999964));
#2334 = CARTESIAN_POINT('',(-3.738434923471,-57.50833043105,
    75.000000000031));
#2335 = CARTESIAN_POINT('',(16.424261313086,-59.39043634457,
    89.999999999989));
#2336 = CARTESIAN_POINT('',(36.595370203375,-52.38900676942,
    104.99999999999));
#2337 = CARTESIAN_POINT('',(52.0865211537,-37.70018277689,120.));
#2338 = CARTESIAN_POINT('',(59.999999999998,-18.84955592154,
    134.99999999999));
#2339 = CARTESIAN_POINT('',(60.,-4.973799150321E-14,150.));
#2340 = CARTESIAN_POINT('',(-37.86803346758,-2.842817850696,
    1.42108547152E-14));
#2341 = CARTESIAN_POINT('',(-36.97493590005,-14.73941142546,
    15.000000000001));
#2342 = CARTESIAN_POINT('',(-33.19102199546,-26.41912803036,
    29.999999999997));
#2343 = CARTESIAN_POINT('',(-26.21414991416,-37.71455438955,
    45.000000000009));
#2344 = CARTESIAN_POINT('',(-15.17122800418,-47.84258124752,
    59.999999999986));
#2345 = CARTESIAN_POINT('',(0.547963237868,-54.70887677405,
    75.000000000011));
#2346 = CARTESIAN_POINT('',(19.769766742125,-55.05769619762,
    90.000000000003));
#2347 = CARTESIAN_POINT('',(38.368177681112,-46.99586725027,
    104.99999999999));
#2348 = CARTESIAN_POINT('',(51.989721970766,-31.98898227532,120.));
#2349 = CARTESIAN_POINT('',(58.141696552655,-13.5806635861,
    134.99999999999));
#2350 = CARTESIAN_POINT('',(56.80205020137,4.264226776044,150.));
#2351 = CARTESIAN_POINT('',(-36.1839148638,-5.995284974849,0.));
#2352 = CARTESIAN_POINT('',(-34.30044054048,-17.36279708627,
    15.000000000002));
#2353 = CARTESIAN_POINT('',(-29.65470200244,-28.27276994996,
    29.999999999991));
#2354 = CARTESIAN_POINT('',(-21.97045632838,-38.53813850876,
    45.00000000002));
#2355 = CARTESIAN_POINT('',(-10.47522509483,-47.33038399456,
    59.999999999972));
#2356 = CARTESIAN_POINT('',(5.237690459184,-52.58223787505,
    75.000000000024));
#2357 = CARTESIAN_POINT('',(23.758916592996,-51.26275913358,
    89.999999999995));
#2358 = CARTESIAN_POINT('',(40.956269624508,-41.90599219036,
    104.99999999999));
#2359 = CARTESIAN_POINT('',(52.767939658211,-26.2966666571,120.));
#2360 = CARTESIAN_POINT('',(57.101083780676,-8.058340704862,
    134.99999999999));
#2361 = CARTESIAN_POINT('',(54.275872295703,8.992927462274,150.));
#2362 = CARTESIAN_POINT('',(-34.99507867908,-9.376903071124,0.));
#2363 = CARTESIAN_POINT('',(-32.04923769891,-20.37093128012,
    15.000000000001));
#2364 = CARTESIAN_POINT('',(-26.43187443669,-30.64926666065,
    29.999999999996));
#2365 = CARTESIAN_POINT('',(-17.88942271669,-40.00141628968,
    45.000000000011));
#2366 = CARTESIAN_POINT('',(-5.742215287509,-47.53851183881,
    59.999999999984));
#2367 = CARTESIAN_POINT('',(10.210580398771,-51.18908725132,
    75.000000000013));
#2368 = CARTESIAN_POINT('',(28.291667046295,-48.10910715789,
    89.999999999999));
#2369 = CARTESIAN_POINT('',(44.297612450676,-37.25515436415,
    104.99999999999));
#2370 = CARTESIAN_POINT('',(54.407071638899,-20.77276505807,120.));
#2371 = CARTESIAN_POINT('',(56.911379488876,-2.425687706816,
    134.99999999999));
#2372 = CARTESIAN_POINT('',(52.492618018626,14.065354606686,150.));
#2373 = CARTESIAN_POINT('',(-34.33383196785,-12.89988834075,0.));
#2374 = CARTESIAN_POINT('',(-30.2812125235,-23.68617976873,
    15.000000000001));
#2375 = CARTESIAN_POINT('',(-23.60753657989,-33.48783492742,
    29.999999999995));
#2376 = CARTESIAN_POINT('',(-14.07809191659,-42.06775961453,
    45.000000000013));
#2377 = CARTESIAN_POINT('',(-1.095775719612,-48.46333526937,
    59.999999999981));
#2378 = CARTESIAN_POINT('',(15.337406118466,-50.56766867133,
    75.000000000016));
#2379 = CARTESIAN_POINT('',(33.250945636827,-45.68075312334,
    89.999999999998));
#2380 = CARTESIAN_POINT('',(48.306790724319,-33.16597914929,
    104.99999999999));
#2381 = CARTESIAN_POINT('',(56.866450333223,-15.56203584195,120.));
#2382 = CARTESIAN_POINT('',(57.579677118291,3.170395369163,
    134.99999999999));
#2383 = CARTESIAN_POINT('',(51.500747951776,19.349832511131,150.));
#2384 = CARTESIAN_POINT('',(-34.21608789963,-16.47206425675,
    -1.42108547152E-14));
#2385 = CARTESIAN_POINT('',(-29.04123629378,-27.22136529476,
    15.000000000001));
#2386 = CARTESIAN_POINT('',(-21.25430336957,-36.71333348066,
    29.999999999997));
#2387 = CARTESIAN_POINT('',(-10.63512624049,-44.68180119884,
    45.000000000008));
#2388 = CARTESIAN_POINT('',(3.343206484444,-50.07895476129,
    59.999999999988));
#2389 = CARTESIAN_POINT('',(20.48415740527,-50.73224573173,
    75.000000000009));
#2390 = CARTESIAN_POINT('',(38.50642631198,-44.03917256611,
    90.000000000003));
#2391 = CARTESIAN_POINT('',(52.877637236307,-29.74363927768,
    104.99999999999));
#2392 = CARTESIAN_POINT('',(60.079920484332,-10.79950610929,120.));
#2393 = CARTESIAN_POINT('',(59.08640925822,8.584144828123,
    134.99999999999));
#2394 = CARTESIAN_POINT('',(51.324131849448,24.708096385133,150.));
#2395 = CARTESIAN_POINT('',(-34.64101615137,-20.,0.));
#2396 = CARTESIAN_POINT('',(-28.35783084419,-30.8827961854,
    15.000000000003));
#2397 = CARTESIAN_POINT('',(-19.43011253094,-40.23894220107,
    29.999999999988));
#2398 = CARTESIAN_POINT('',(-7.64759480969,-47.77150016364,
    45.000000000026));
#2399 = CARTESIAN_POINT('',(7.460555490463,-52.33831832922,
    59.999999999965));
#2400 = CARTESIAN_POINT('',(25.516585601403,-51.67289254425,
    75.00000000003));
#2401 = CARTESIAN_POINT('',(43.919045707816,-43.2214959597,
    89.99999999999));
#2402 = CARTESIAN_POINT('',(57.887023641731,-27.07252563967,
    104.99999999999));
#2403 = CARTESIAN_POINT('',(63.958341902308,-6.60605543526,120.));
#2404 = CARTESIAN_POINT('',(61.386302187834,13.67580572189,
    134.99999999999));
#2405 = CARTESIAN_POINT('',(51.961524227066,30.,150.));
#2406 = DEFINITIONAL_REPRESENTATION('',(#2407),#2411);
#2407 = LINE('',#2408,#2409);
#2408 = CARTESIAN_POINT('',(0.,150.));
#2409 = VECTOR('',#2410,1.);
#2410 = DIRECTION('',(1.,0.));
#2411 = ( GEOMETRIC_REPRESENTATION_CONTEXT(2) 
PARAMETRIC_REPRESENTATION_CONTEXT() REPRESENTATION_CONTEXT('2D SPACE',''
  ) );
#2412 = ORIENTED_EDGE('',*,*,#2413,.T.);
#2413 = EDGE_CURVE('',#2305,#2414,#2416,.T.);
#2414 = VERTEX_POINT('',#2415);
#2415 = CARTESIAN_POINT('',(30.,51.961524227066,150.));
#2416 = SURFACE_CURVE('',#2417,(#2425,#2436),.PCURVE_S1.);
#2417 = ( BOUNDED_CURVE() B_SPLINE_CURVE(6,(#2418,#2419,#2420,#2421,
#2422,#2423,#2424),.UNSPECIFIED.,.F.,.F.) B_SPLINE_CURVE_WITH_KNOTS((7,7
),(0.,0.763337317515),.PIECEWISE_BEZIER_KNOTS.) CURVE() 
GEOMETRIC_REPRESENTATION_ITEM() RATIONAL_B_SPLINE_CURVE((1.00731395893,
    1.002414195399,0.999512632189,0.998551138584,0.999512632189,
1.002414195399,1.00731395893)) REPRESENTATION_ITEM('') );
#2418 = CARTESIAN_POINT('',(51.961524227066,30.,150.));
#2419 = CARTESIAN_POINT('',(47.059905073404,32.093953816237,150.));
#2420 = CARTESIAN_POINT('',(42.507820489502,34.926039784572,150.));
#2421 = CARTESIAN_POINT('',(38.42726341194,38.42726341194,150.));
#2422 = CARTESIAN_POINT('',(34.926039784571,42.507820489502,150.));
#2423 = CARTESIAN_POINT('',(32.093953816237,47.059905073404,150.));
#2424 = CARTESIAN_POINT('',(30.,51.961524227066,150.));
#2425 = PCURVE('',#794,#2426);
#2426 = DEFINITIONAL_REPRESENTATION('',(#2427),#2435);
#2427 = ( BOUNDED_CURVE() B_SPLINE_CURVE(6,(#2428,#2429,#2430,#2431,
#2432,#2433,#2434),.UNSPECIFIED.,.F.,.F.) B_SPLINE_CURVE_WITH_KNOTS((7,7
),(0.,0.763337317515),.PIECEWISE_BEZIER_KNOTS.) CURVE() 
GEOMETRIC_REPRESENTATION_ITEM() RATIONAL_B_SPLINE_CURVE((1.00731395893,
    1.002414195399,0.999512632189,0.998551138584,0.999512632189,
1.002414195399,1.00731395893)) REPRESENTATION_ITEM('') );
#2428 = CARTESIAN_POINT('',(30.,-51.96152422706));
#2429 = CARTESIAN_POINT('',(32.093953816237,-47.0599050734));
#2430 = CARTESIAN_POINT('',(34.926039784572,-42.5078204895));
#2431 = CARTESIAN_POINT('',(38.42726341194,-38.42726341194));
#2432 = CARTESIAN_POINT('',(42.507820489502,-34.92603978457));
#2433 = CARTESIAN_POINT('',(47.059905073404,-32.09395381623));
#2434 = CARTESIAN_POINT('',(51.961524227066,-30.));
#2435 = ( GEOMETRIC_REPRESENTATION_CONTEXT(2) 
PARAMETRIC_REPRESENTATION_CONTEXT() REPRESENTATION_CONTEXT('2D SPACE',''
  ) );
#2436 = PCURVE('',#2437,#2515);
#2437 = ( BOUNDED_SURFACE() B_SPLINE_SURFACE(6,10,(
    (#2438,#2439,#2440,#2441,#2442,#2443,#2444,#2445,#2446,#2447,#2448)
    ,(#2449,#2450,#2451,#2452,#2453,#2454,#2455,#2456,#2457,#2458,#2459)
    ,(#2460,#2461,#2462,#2463,#2464,#2465,#2466,#2467,#2468,#2469,#2470)
    ,(#2471,#2472,#2473,#2474,#2475,#2476,#2477,#2478,#2479,#2480,#2481)
    ,(#2482,#2483,#2484,#2485,#2486,#2487,#2488,#2489,#2490,#2491,#2492)
    ,(#2493,#2494,#2495,#2496,#2497,#2498,#2499,#2500,#2501,#2502,#2503)
    ,(#2504,#2505,#2506,#2507,#2508,#2509,#2510,#2511,#2512,#2513,#2514
)),.UNSPECIFIED.,.F.,.F.,.F.) B_SPLINE_SURFACE_WITH_KNOTS((7,7),(11,11),
  (0.,0.763337317515),(0.,150.),.PIECEWISE_BEZIER_KNOTS.) 
GEOMETRIC_REPRESENTATION_ITEM() RATIONAL_B_SPLINE_SURFACE((
    (1.00731395893,1.00731395893,1.00731395893,1.007313958931
      ,1.00731395893,1.007313958931,1.00731395893,1.007313958931
      ,1.00731395893,1.00731395893,1.00731395893)
    ,(1.002414195399,1.002414195399,1.002414195399,1.002414195399
      ,1.002414195399,1.002414195399,1.002414195399,1.002414195399
      ,1.002414195399,1.002414195399,1.002414195399)
    ,(0.999512632189,0.999512632189,0.999512632189,0.999512632189
      ,0.999512632189,0.999512632189,0.999512632189,0.999512632189
      ,0.999512632189,0.999512632189,0.999512632189)
    ,(0.998551138584,0.998551138584,0.998551138584,0.998551138584
      ,0.998551138584,0.998551138584,0.998551138584,0.998551138584
      ,0.998551138584,0.998551138584,0.998551138584)
    ,(0.999512632189,0.999512632189,0.999512632189,0.999512632189
      ,0.999512632189,0.999512632189,0.999512632189,0.999512632189
      ,0.999512632189,0.999512632189,0.999512632189)
    ,(1.002414195399,1.002414195399,1.002414195399,1.002414195399
      ,1.002414195399,1.002414195399,1.002414195399,1.002414195399
      ,1.002414195399,1.002414195399,1.002414195399)
    ,(1.00731395893,1.00731395893,1.00731395893,1.007313958931
      ,1.00731395893,1.007313958931,1.00731395893,1.007313958931
,1.00731395893,1.00731395893,1.00731395893
))) REPRESENTATION_ITEM('') SURFACE() );
#2438 = CARTESIAN_POINT('',(-34.64101615137,-20.,-1.42108547152E-14));
#2439 = CARTESIAN_POINT('',(-28.35783084419,-30.8827961854,
    15.000000000003));
#2440 = CARTESIAN_POINT('',(-19.43011253094,-40.23894220107,
    29.999999999988));
#2441 = CARTESIAN_POINT('',(-7.647594809695,-47.77150016365,
    45.000000000027));
#2442 = CARTESIAN_POINT('',(7.460555490468,-52.33831832921,
    59.999999999962));
#2443 = CARTESIAN_POINT('',(25.516585601398,-51.67289254425,
    75.000000000035));
#2444 = CARTESIAN_POINT('',(43.919045707819,-43.2214959597,
    89.999999999984));
#2445 = CARTESIAN_POINT('',(57.88702364173,-27.07252563967,105.));
#2446 = CARTESIAN_POINT('',(63.958341902308,-6.60605543526,120.));
#2447 = CARTESIAN_POINT('',(61.386302187834,13.67580572189,
    134.99999999999));
#2448 = CARTESIAN_POINT('',(51.961524227066,30.,150.));
#2449 = CARTESIAN_POINT('',(-31.37327004893,-21.39596921082,
    1.42108547152E-14));
#2450 = CARTESIAN_POINT('',(-24.65152808001,-31.2521726813,
    15.000000000001));
#2451 = CARTESIAN_POINT('',(-15.53470421045,-39.47514701785,
    29.999999999994));
#2452 = CARTESIAN_POINT('',(-3.844842569508,-45.76883715084,
    45.000000000015));
#2453 = CARTESIAN_POINT('',(10.782621765537,-49.01850474507,
    59.999999999977));
#2454 = CARTESIAN_POINT('',(27.828988471354,-47.10529547991,
    75.000000000019));
#2455 = CARTESIAN_POINT('',(44.649968324393,-37.79648020992,
    89.999999999995));
#2456 = CARTESIAN_POINT('',(56.725750193892,-21.51552607106,
    104.99999999999));
#2457 = CARTESIAN_POINT('',(61.018911100038,-1.708410306259,120.));
#2458 = CARTESIAN_POINT('',(57.142518026777,17.309648610512,
    134.99999999999));
#2459 = CARTESIAN_POINT('',(47.059905073404,32.093953816237,150.));
#2460 = CARTESIAN_POINT('',(-28.338546993,-23.28402652304,
    -1.42108547152E-14));
#2461 = CARTESIAN_POINT('',(-21.02365432592,-32.18684362771,
    15.000000000001));
#2462 = CARTESIAN_POINT('',(-11.54534030079,-39.31228801323,
    29.999999999995));
#2463 = CARTESIAN_POINT('',(0.242095941259,-44.36023512735,
    45.00000000001));
#2464 = CARTESIAN_POINT('',(14.593380954791,-46.22692745756,
    59.999999999986));
#2465 = CARTESIAN_POINT('',(30.827091932345,-42.91870855806,
    75.000000000011));
#2466 = CARTESIAN_POINT('',(46.207204902714,-32.51539338125,
    90.000000000001));
#2467 = CARTESIAN_POINT('',(56.422166034254,-15.81351899539,
    104.99999999999));
#2468 = CARTESIAN_POINT('',(58.846709577925,3.610388469204,120.));
#2469 = CARTESIAN_POINT('',(53.48015949012,21.571814127577,
    134.99999999999));
#2470 = CARTESIAN_POINT('',(42.507820489502,34.926039784572,150.));
#2471 = CARTESIAN_POINT('',(-25.61817560796,-25.61817560796,
    -1.42108547152E-14));
#2472 = CARTESIAN_POINT('',(-17.56998837912,-33.66636283679,
    15.000000000001));
#2473 = CARTESIAN_POINT('',(-7.566041401495,-39.75898075383,
    29.999999999997));
#2474 = CARTESIAN_POINT('',(4.508013613145,-43.58695405256,
    45.000000000006));
#2475 = CARTESIAN_POINT('',(18.796351606427,-44.04066655427,
    59.999999999993));
#2476 = CARTESIAN_POINT('',(34.437165638376,-39.22575975679,
    75.000000000003));
#2477 = CARTESIAN_POINT('',(48.555855956452,-27.51787542897,
    90.000000000005));
#2478 = CARTESIAN_POINT('',(56.99043489136,-10.11510387593,
    104.99999999999));
#2479 = CARTESIAN_POINT('',(57.504288713846,9.213793572309,120.));
#2480 = CARTESIAN_POINT('',(50.499544255191,26.354982568688,
    134.99999999999));
#2481 = CARTESIAN_POINT('',(38.42726341194,38.42726341194,150.));
#2482 = CARTESIAN_POINT('',(-23.28402652304,-28.338546993,
    -1.42108547152E-14));
#2483 = CARTESIAN_POINT('',(-14.38120941838,-35.65343966008,
    15.000000000002));
#2484 = CARTESIAN_POINT('',(-3.70080893525,-40.80508405483,
    29.999999999994));
#2485 = CARTESIAN_POINT('',(8.841894570686,-43.47079446478,
    45.000000000013));
#2486 = CARTESIAN_POINT('',(23.282698024645,-42.5183673552,
    59.999999999983));
#2487 = CARTESIAN_POINT('',(38.566417662427,-36.12418262029,
    75.000000000012));
#2488 = CARTESIAN_POINT('',(51.636540183012,-22.9352198504,
    89.999999999999));
#2489 = CARTESIAN_POINT('',(58.417897517212,-4.569185122519,
    104.99999999999));
#2490 = CARTESIAN_POINT('',(57.028808532592,14.956106792875,120.));
#2491 = CARTESIAN_POINT('',(48.280265441565,31.535481488881,
    134.99999999999));
#2492 = CARTESIAN_POINT('',(34.926039784571,42.507820489502,150.));
#2493 = CARTESIAN_POINT('',(-21.39596921082,-31.37327004893,
    1.42108547152E-14));
#2494 = CARTESIAN_POINT('',(-11.53976574034,-38.09501201785,
    15.000000000001));
#2495 = CARTESIAN_POINT('',(-5.009991746537E-02,-42.42183113664,
    29.999999999998));
#2496 = CARTESIAN_POINT('',(13.130611102706,-44.01313804529,
    45.000000000003));
#2497 = CARTESIAN_POINT('',(27.934779126271,-41.69804377603,
    59.999999999998));
#2498 = CARTESIAN_POINT('',(43.10592355395,-33.69333489208,
    74.999999999997));
#2499 = CARTESIAN_POINT('',(55.367129678184,-18.8858290479,
    90.000000000011));
#2500 = CARTESIAN_POINT('',(60.66519677758,0.680071402676,
    104.99999999998));
#2501 = CARTESIAN_POINT('',(57.43049045143,20.68731360319,120.));
#2502 = CARTESIAN_POINT('',(46.878259021961,36.977292120028,
    134.99999999999));
#2503 = CARTESIAN_POINT('',(32.093953816237,47.059905073404,150.));
#2504 = CARTESIAN_POINT('',(-20.,-34.64101615137,-1.42108547152E-14));
#2505 = CARTESIAN_POINT('',(-9.117203814593,-40.92420145855,
    15.000000000003));
#2506 = CARTESIAN_POINT('',(3.292500050348,-44.56300243301,
    29.999999999988));
#2507 = CARTESIAN_POINT('',(17.262738698786,-45.19513012346,
    45.000000000022));
#2508 = CARTESIAN_POINT('',(32.630189745689,-41.59603551922,
    59.999999999973));
#2509 = CARTESIAN_POINT('',(47.93445762079,-31.99174482965,
    75.000000000021));
#2510 = CARTESIAN_POINT('',(59.645757272784,-15.47139063675,
    89.999999999994));
#2511 = CARTESIAN_POINT('',(63.667895843048,5.498016872303,
    104.99999999999));
#2512 = CARTESIAN_POINT('',(58.692576588958,26.258159125412,120.));
#2513 = CARTESIAN_POINT('',(46.324194278108,42.536746266294,
    134.99999999999));
#2514 = CARTESIAN_POINT('',(30.,51.961524227066,150.));
#2515 = DEFINITIONAL_REPRESENTATION('',(#2516),#2520);
#2516 = LINE('',#2517,#2518);
#2517 = CARTESIAN_POINT('',(0.,150.));
#2518 = VECTOR('',#2519,1.);
#2519 = DIRECTION('',(1.,0.));
#2520 = ( GEOMETRIC_REPRESENTATION_CONTEXT(2) 
PARAMETRIC_REPRESENTATION_CONTEXT() REPRESENTATION_CONTEXT('2D SPACE',''
  ) );
#2521 = ORIENTED_EDGE('',*,*,#2522,.T.);
#2522 = EDGE_CURVE('',#2414,#2523,#2525,.T.);
#2523 = VERTEX_POINT('',#2524);
#2524 = CARTESIAN_POINT('',(4.485301019486E-14,60.,150.));
#2525 = SURFACE_CURVE('',#2526,(#2534,#2545),.PCURVE_S1.);
#2526 = ( BOUNDED_CURVE() B_SPLINE_CURVE(6,(#2527,#2528,#2529,#2530,
#2531,#2532,#2533),.UNSPECIFIED.,.F.,.F.) B_SPLINE_CURVE_WITH_KNOTS((7,7
),(0.,0.763337317515),.PIECEWISE_BEZIER_KNOTS.) CURVE() 
GEOMETRIC_REPRESENTATION_ITEM() RATIONAL_B_SPLINE_CURVE((1.00731395893,
    1.002414195399,0.999512632189,0.998551138584,0.999512632189,
1.002414195399,1.00731395893)) REPRESENTATION_ITEM('') );
#2527 = CARTESIAN_POINT('',(30.,51.961524227066,150.));
#2528 = CARTESIAN_POINT('',(24.708096385134,51.324131849448,150.));
#2529 = CARTESIAN_POINT('',(19.349832511131,51.500747951776,150.));
#2530 = CARTESIAN_POINT('',(14.065354606686,52.492618018626,150.));
#2531 = CARTESIAN_POINT('',(8.992927462274,54.275872295703,150.));
#2532 = CARTESIAN_POINT('',(4.264226776044,56.80205020137,150.));
#2533 = CARTESIAN_POINT('',(3.19744231092E-14,60.,150.));
#2534 = PCURVE('',#794,#2535);
#2535 = DEFINITIONAL_REPRESENTATION('',(#2536),#2544);
#2536 = ( BOUNDED_CURVE() B_SPLINE_CURVE(6,(#2537,#2538,#2539,#2540,
#2541,#2542,#2543),.UNSPECIFIED.,.F.,.F.) B_SPLINE_CURVE_WITH_KNOTS((7,7
),(0.,0.763337317515),.PIECEWISE_BEZIER_KNOTS.) CURVE() 
GEOMETRIC_REPRESENTATION_ITEM() RATIONAL_B_SPLINE_CURVE((1.00731395893,
    1.002414195399,0.999512632189,0.998551138584,0.999512632189,
1.002414195399,1.00731395893)) REPRESENTATION_ITEM('') );
#2537 = CARTESIAN_POINT('',(51.961524227066,-30.));
#2538 = CARTESIAN_POINT('',(51.324131849448,-24.70809638513));
#2539 = CARTESIAN_POINT('',(51.500747951776,-19.34983251113));
#2540 = CARTESIAN_POINT('',(52.492618018626,-14.06535460668));
#2541 = CARTESIAN_POINT('',(54.275872295703,-8.992927462274));
#2542 = CARTESIAN_POINT('',(56.80205020137,-4.264226776044));
#2543 = CARTESIAN_POINT('',(60.,-2.478794641883E-14));
#2544 = ( GEOMETRIC_REPRESENTATION_CONTEXT(2) 
PARAMETRIC_REPRESENTATION_CONTEXT() REPRESENTATION_CONTEXT('2D SPACE',''
  ) );
#2545 = PCURVE('',#2546,#2624);
#2546 = ( BOUNDED_SURFACE() B_SPLINE_SURFACE(6,10,(
    (#2547,#2548,#2549,#2550,#2551,#2552,#2553,#2554,#2555,#2556,#2557)
    ,(#2558,#2559,#2560,#2561,#2562,#2563,#2564,#2565,#2566,#2567,#2568)
    ,(#2569,#2570,#2571,#2572,#2573,#2574,#2575,#2576,#2577,#2578,#2579)
    ,(#2580,#2581,#2582,#2583,#2584,#2585,#2586,#2587,#2588,#2589,#2590)
    ,(#2591,#2592,#2593,#2594,#2595,#2596,#2597,#2598,#2599,#2600,#2601)
    ,(#2602,#2603,#2604,#2605,#2606,#2607,#2608,#2609,#2610,#2611,#2612)
    ,(#2613,#2614,#2615,#2616,#2617,#2618,#2619,#2620,#2621,#2622,#2623
)),.UNSPECIFIED.,.F.,.F.,.F.) B_SPLINE_SURFACE_WITH_KNOTS((7,7),(11,11),
  (0.,0.763337317515),(0.,150.),.PIECEWISE_BEZIER_KNOTS.) 
GEOMETRIC_REPRESENTATION_ITEM() RATIONAL_B_SPLINE_SURFACE((
    (1.00731395893,1.00731395893,1.00731395893,1.007313958931
      ,1.00731395893,1.007313958931,1.00731395893,1.007313958931
      ,1.00731395893,1.00731395893,1.00731395893)
    ,(1.002414195399,1.002414195399,1.002414195399,1.002414195399
      ,1.002414195399,1.002414195399,1.002414195399,1.002414195399
      ,1.002414195399,1.002414195399,1.002414195399)
    ,(0.999512632189,0.999512632189,0.999512632189,0.999512632189
      ,0.999512632189,0.999512632189,0.999512632189,0.999512632189
      ,0.999512632189,0.999512632189,0.999512632189)
    ,(0.998551138584,0.998551138584,0.998551138584,0.998551138584
      ,0.998551138584,0.998551138584,0.998551138584,0.998551138584
      ,0.998551138584,0.998551138584,0.998551138584)
    ,(0.999512632189,0.999512632189,0.999512632189,0.999512632189
      ,0.999512632189,0.999512632189,0.999512632189,0.999512632189
      ,0.999512632189,0.999512632189,0.999512632189)
    ,(1.002414195399,1.002414195399,1.002414195399,1.002414195399
      ,1.002414195398,1.002414195399,1.002414195399,1.002414195399
      ,1.002414195399,1.002414195399,1.002414195399)
    ,(1.00731395893,1.00731395893,1.00731395893,1.007313958931
      ,1.00731395893,1.007313958931,1.00731395893,1.007313958931
,1.00731395893,1.00731395893,1.00731395893
))) REPRESENTATION_ITEM('') SURFACE() );
#2547 = CARTESIAN_POINT('',(-20.,-34.64101615137,0.));
#2548 = CARTESIAN_POINT('',(-9.117203814594,-40.92420145855,15.));
#2549 = CARTESIAN_POINT('',(3.29250005035,-44.56300243301,
    29.999999999999));
#2550 = CARTESIAN_POINT('',(17.262738698781,-45.19513012346,
    45.000000000001));
#2551 = CARTESIAN_POINT('',(32.630189745695,-41.59603551922,
    60.000000000001));
#2552 = CARTESIAN_POINT('',(47.934457620786,-31.99174482965,
    74.999999999993));
#2553 = CARTESIAN_POINT('',(59.645757272786,-15.47139063675,
    90.000000000013));
#2554 = CARTESIAN_POINT('',(63.667895843047,5.498016872306,
    104.99999999998));
#2555 = CARTESIAN_POINT('',(58.692576588958,26.258159125409,120.));
#2556 = CARTESIAN_POINT('',(46.324194278108,42.536746266295,
    134.99999999999));
#2557 = CARTESIAN_POINT('',(30.,51.961524227066,150.));
#2558 = CARTESIAN_POINT('',(-16.47206425675,-34.21608789963,
    -2.84217094304E-14));
#2559 = CARTESIAN_POINT('',(-5.722763218748,-39.39093950548,
    14.999999999999));
#2560 = CARTESIAN_POINT('',(6.284125022397,-41.95383224082,
    30.000000000003));
#2561 = CARTESIAN_POINT('',(19.554687236675,-41.55939695905,
    44.999999999994));
#2562 = CARTESIAN_POINT('',(33.847276740891,-37.059959482,60.00000000001
    ));
#2563 = CARTESIAN_POINT('',(47.653258717775,-26.87988830268,
    74.999999999986));
#2564 = CARTESIAN_POINT('',(57.566246952054,-10.40772787324,
    90.000000000016));
#2565 = CARTESIAN_POINT('',(59.883703752175,9.729882943624,
    104.99999999998));
#2566 = CARTESIAN_POINT('',(53.698132277026,29.029928824708,120.));
#2567 = CARTESIAN_POINT('',(40.832047942143,43.561854440675,
    134.99999999999));
#2568 = CARTESIAN_POINT('',(24.708096385134,51.324131849448,150.));
#2569 = CARTESIAN_POINT('',(-12.89988834075,-34.33383196785,
    2.84217094304E-14));
#2570 = CARTESIAN_POINT('',(-2.113596912775,-38.38645141219,
    15.000000000001));
#2571 = CARTESIAN_POINT('',(9.657586010795,-39.81811025075,
    29.999999999996));
#2572 = CARTESIAN_POINT('',(22.389778798958,-38.2960425675,
    45.000000000008));
#2573 = CARTESIAN_POINT('',(35.751702362741,-32.73700303976,
    59.999999999991));
#2574 = CARTESIAN_POINT('',(48.156399017235,-21.75514594272,
    75.000000000006));
#2575 = CARTESIAN_POINT('',(56.274309974254,-5.055554230855,
    90.000000000001));
#2576 = CARTESIAN_POINT('',(56.769788619904,14.516173843887,
    104.99999999999));
#2577 = CARTESIAN_POINT('',(49.157551189007,32.550042920823,120.));
#2578 = CARTESIAN_POINT('',(35.529269653099,45.421818785258,
    134.99999999999));
#2579 = CARTESIAN_POINT('',(19.349832511131,51.500747951776,150.));
#2580 = CARTESIAN_POINT('',(-9.376903071124,-34.99507867908,
    2.84217094304E-14));
#2581 = CARTESIAN_POINT('',(1.617125137877,-37.94091965925,
    15.000000000001));
#2582 = CARTESIAN_POINT('',(13.32710631714,-38.21530806214,
    29.999999999998));
#2583 = CARTESIAN_POINT('',(25.697531335871,-35.49340267653,
    45.000000000002));
#2584 = CARTESIAN_POINT('',(38.298451266771,-28.74216023238,60.));
#2585 = CARTESIAN_POINT('',(49.436340155562,-16.75192161295,
    74.999999999995));
#2586 = CARTESIAN_POINT('',(55.809542475275,0.446748798565,
    90.00000000001));
#2587 = CARTESIAN_POINT('',(54.412716326607,19.735280527199,
    104.99999999999));
#2588 = CARTESIAN_POINT('',(45.19327806659,36.73152365577,120.));
#2589 = CARTESIAN_POINT('',(30.556396920188,48.073856548375,
    134.99999999999));
#2590 = CARTESIAN_POINT('',(14.065354606686,52.492618018626,150.));
#2591 = CARTESIAN_POINT('',(-5.995284974849,-36.1839148638,0.));
#2592 = CARTESIAN_POINT('',(5.372227136576,-38.06738918711,
    15.000000000003));
#2593 = CARTESIAN_POINT('',(17.197547474938,-37.18864386266,
    29.99999999999));
#2594 = CARTESIAN_POINT('',(29.392702548186,-33.22586504385,
    45.000000000018));
#2595 = CARTESIAN_POINT('',(41.422591635594,-25.18063724472,
    59.99999999998));
#2596 = CARTESIAN_POINT('',(51.461588738762,-12.00125100891,
    75.000000000016));
#2597 = CARTESIAN_POINT('',(56.186165487237,5.955787059677,
    89.999999999992));
#2598 = CARTESIAN_POINT('',(52.875975846836,25.251918367908,105.));
#2599 = CARTESIAN_POINT('',(41.910343540349,41.46677269064,120.));
#2600 = CARTESIAN_POINT('',(26.04419562941,51.450660810727,135.));
#2601 = CARTESIAN_POINT('',(8.992927462274,54.275872295703,150.));
#2602 = CARTESIAN_POINT('',(-2.842817850696,-37.86803346758,
    -5.684341886081E-14));
#2603 = CARTESIAN_POINT('',(9.053775724069,-38.7611310351,
    15.000000000001));
#2604 = CARTESIAN_POINT('',(21.167527767076,-36.76343339812,
    29.999999999998));
#2605 = CARTESIAN_POINT('',(33.378011804794,-31.55119009615,45.));
#2606 = CARTESIAN_POINT('',(45.041250260492,-22.14417563501,
    60.000000000006));
#2607 = CARTESIAN_POINT('',(54.177492297331,-7.626322177801,
    74.999999999988));
#2608 = CARTESIAN_POINT('',(57.392255359906,11.327957112091,
    90.000000000014));
#2609 = CARTESIAN_POINT('',(52.197565833617,30.921557499884,
    104.99999999998));
#2610 = CARTESIAN_POINT('',(39.392606881148,46.630984342138,120.));
#2611 = CARTESIAN_POINT('',(22.10911713819,55.462403850082,
    134.99999999999));
#2612 = CARTESIAN_POINT('',(4.264226776044,56.80205020137,150.));
#2613 = CARTESIAN_POINT('',(-1.7763568394E-14,-40.,2.84217094304E-14));
#2614 = CARTESIAN_POINT('',(12.56637061436,-39.99999999999,
    15.000000000002));
#2615 = CARTESIAN_POINT('',(25.132889902074,-36.94644215072,
    29.999999999995));
#2616 = CARTESIAN_POINT('',(37.547535313769,-30.50876146486,
    45.000000000006));
#2617 = CARTESIAN_POINT('',(49.056591009689,-19.70812858353,
    59.999999999997));
#2618 = CARTESIAN_POINT('',(57.508330431055,-3.738434923462,
    74.999999999998));
#2619 = CARTESIAN_POINT('',(59.390436344574,16.424261313073,
    90.000000000006));
#2620 = CARTESIAN_POINT('',(52.389006769426,36.595370203387,
    104.99999999999));
#2621 = CARTESIAN_POINT('',(37.700182776898,52.086521153693,120.));
#2622 = CARTESIAN_POINT('',(18.849555921539,60.,134.99999999999));
#2623 = CARTESIAN_POINT('',(3.19744231092E-14,60.,150.));
#2624 = DEFINITIONAL_REPRESENTATION('',(#2625),#2629);
#2625 = LINE('',#2626,#2627);
#2626 = CARTESIAN_POINT('',(0.,150.));
#2627 = VECTOR('',#2628,1.);
#2628 = DIRECTION('',(1.,0.));
#2629 = ( GEOMETRIC_REPRESENTATION_CONTEXT(2) 
PARAMETRIC_REPRESENTATION_CONTEXT() REPRESENTATION_CONTEXT('2D SPACE',''
  ) );
#2630 = ORIENTED_EDGE('',*,*,#2631,.T.);
#2631 = EDGE_CURVE('',#2523,#2632,#2634,.T.);
#2632 = VERTEX_POINT('',#2633);
#2633 = CARTESIAN_POINT('',(-30.,51.961524227066,150.));
#2634 = SURFACE_CURVE('',#2635,(#2643,#2654),.PCURVE_S1.);
#2635 = ( BOUNDED_CURVE() B_SPLINE_CURVE(6,(#2636,#2637,#2638,#2639,
#2640,#2641,#2642),.UNSPECIFIED.,.F.,.F.) B_SPLINE_CURVE_WITH_KNOTS((7,7
),(0.,0.763337317515),.PIECEWISE_BEZIER_KNOTS.) CURVE() 
GEOMETRIC_REPRESENTATION_ITEM() RATIONAL_B_SPLINE_CURVE((1.00731395893,
    1.002414195399,0.999512632189,0.998551138584,0.999512632189,
1.002414195399,1.00731395893)) REPRESENTATION_ITEM('') );
#2636 = CARTESIAN_POINT('',(4.485301019486E-14,60.,150.));
#2637 = CARTESIAN_POINT('',(-4.264226776044,56.802050201371,150.));
#2638 = CARTESIAN_POINT('',(-8.992927462274,54.275872295703,150.));
#2639 = CARTESIAN_POINT('',(-14.06535460668,52.492618018627,150.));
#2640 = CARTESIAN_POINT('',(-19.34983251113,51.500747951776,150.));
#2641 = CARTESIAN_POINT('',(-24.70809638513,51.324131849448,150.));
#2642 = CARTESIAN_POINT('',(-30.,51.961524227066,150.));
#2643 = PCURVE('',#794,#2644);
#2644 = DEFINITIONAL_REPRESENTATION('',(#2645),#2653);
#2645 = ( BOUNDED_CURVE() B_SPLINE_CURVE(6,(#2646,#2647,#2648,#2649,
#2650,#2651,#2652),.UNSPECIFIED.,.F.,.F.) B_SPLINE_CURVE_WITH_KNOTS((7,7
),(0.,0.763337317515),.PIECEWISE_BEZIER_KNOTS.) CURVE() 
GEOMETRIC_REPRESENTATION_ITEM() RATIONAL_B_SPLINE_CURVE((1.00731395893,
    1.002414195399,0.999512632189,0.998551138584,0.999512632189,
1.002414195399,1.00731395893)) REPRESENTATION_ITEM('') );
#2646 = CARTESIAN_POINT('',(60.,-3.766653350449E-14));
#2647 = CARTESIAN_POINT('',(56.802050201371,4.264226776044));
#2648 = CARTESIAN_POINT('',(54.275872295703,8.992927462274));
#2649 = CARTESIAN_POINT('',(52.492618018627,14.065354606686));
#2650 = CARTESIAN_POINT('',(51.500747951776,19.349832511131));
#2651 = CARTESIAN_POINT('',(51.324131849448,24.708096385133));
#2652 = CARTESIAN_POINT('',(51.961524227066,30.));
#2653 = ( GEOMETRIC_REPRESENTATION_CONTEXT(2) 
PARAMETRIC_REPRESENTATION_CONTEXT() REPRESENTATION_CONTEXT('2D SPACE',''
  ) );
#2654 = PCURVE('',#2655,#2733);
#2655 = ( BOUNDED_SURFACE() B_SPLINE_SURFACE(6,10,(
    (#2656,#2657,#2658,#2659,#2660,#2661,#2662,#2663,#2664,#2665,#2666)
    ,(#2667,#2668,#2669,#2670,#2671,#2672,#2673,#2674,#2675,#2676,#2677)
    ,(#2678,#2679,#2680,#2681,#2682,#2683,#2684,#2685,#2686,#2687,#2688)
    ,(#2689,#2690,#2691,#2692,#2693,#2694,#2695,#2696,#2697,#2698,#2699)
    ,(#2700,#2701,#2702,#2703,#2704,#2705,#2706,#2707,#2708,#2709,#2710)
    ,(#2711,#2712,#2713,#2714,#2715,#2716,#2717,#2718,#2719,#2720,#2721)
    ,(#2722,#2723,#2724,#2725,#2726,#2727,#2728,#2729,#2730,#2731,#2732
)),.UNSPECIFIED.,.F.,.F.,.F.) B_SPLINE_SURFACE_WITH_KNOTS((7,7),(11,11),
  (0.,0.763337317515),(0.,150.),.PIECEWISE_BEZIER_KNOTS.) 
GEOMETRIC_REPRESENTATION_ITEM() RATIONAL_B_SPLINE_SURFACE((
    (1.00731395893,1.00731395893,1.00731395893,1.007313958931
      ,1.00731395893,1.007313958931,1.00731395893,1.007313958931
      ,1.00731395893,1.00731395893,1.00731395893)
    ,(1.002414195399,1.002414195399,1.002414195399,1.002414195399
      ,1.002414195399,1.002414195399,1.002414195399,1.002414195399
      ,1.002414195399,1.002414195399,1.002414195399)
    ,(0.999512632189,0.999512632189,0.999512632189,0.999512632189
      ,0.999512632189,0.999512632189,0.999512632189,0.999512632189
      ,0.999512632189,0.999512632189,0.999512632189)
    ,(0.998551138584,0.998551138584,0.998551138584,0.998551138584
      ,0.998551138584,0.998551138585,0.998551138584,0.998551138584
      ,0.998551138584,0.998551138584,0.998551138584)
    ,(0.999512632189,0.999512632189,0.999512632189,0.999512632189
      ,0.999512632189,0.999512632189,0.999512632189,0.999512632189
      ,0.999512632189,0.999512632189,0.999512632189)
    ,(1.002414195399,1.002414195399,1.002414195399,1.002414195399
      ,1.002414195398,1.002414195399,1.002414195398,1.002414195399
      ,1.002414195399,1.002414195399,1.002414195399)
    ,(1.00731395893,1.00731395893,1.00731395893,1.007313958931
      ,1.00731395893,1.007313958931,1.00731395893,1.007313958931
,1.00731395893,1.00731395893,1.00731395893
))) REPRESENTATION_ITEM('') SURFACE() );
#2656 = CARTESIAN_POINT('',(2.6645352591E-15,-40.,0.));
#2657 = CARTESIAN_POINT('',(12.566370614361,-39.99999999999,
    15.000000000002));
#2658 = CARTESIAN_POINT('',(25.132889902073,-36.94644215072,
    29.999999999994));
#2659 = CARTESIAN_POINT('',(37.547535313771,-30.50876146487,
    45.000000000009));
#2660 = CARTESIAN_POINT('',(49.056591009688,-19.70812858352,
    59.99999999999));
#2661 = CARTESIAN_POINT('',(57.508330431054,-3.738434923477,
    75.000000000007));
#2662 = CARTESIAN_POINT('',(59.390436344575,16.42426131309,
    89.999999999997));
#2663 = CARTESIAN_POINT('',(52.389006769426,36.595370203373,105.));
#2664 = CARTESIAN_POINT('',(37.700182776897,52.0865211537,120.));
#2665 = CARTESIAN_POINT('',(18.84955592154,59.999999999998,
    134.99999999999));
#2666 = CARTESIAN_POINT('',(4.485301019486E-14,60.,150.));
#2667 = CARTESIAN_POINT('',(2.842817850696,-37.86803346758,
    2.84217094304E-14));
#2668 = CARTESIAN_POINT('',(14.739411425461,-36.97493590005,15.));
#2669 = CARTESIAN_POINT('',(26.419128030364,-33.19102199546,
    30.000000000001));
#2670 = CARTESIAN_POINT('',(37.714554389546,-26.21414991416,
    44.999999999993));
#2671 = CARTESIAN_POINT('',(47.842581247536,-15.17122800419,
    60.000000000014));
#2672 = CARTESIAN_POINT('',(54.708876774046,0.547963237868,
    74.999999999981));
#2673 = CARTESIAN_POINT('',(55.057696197633,19.769766742126,
    90.000000000018));
#2674 = CARTESIAN_POINT('',(46.995867250272,38.368177681111,
    104.99999999998));
#2675 = CARTESIAN_POINT('',(31.988982275328,51.989721970767,120.));
#2676 = CARTESIAN_POINT('',(13.580663586103,58.141696552655,
    134.99999999999));
#2677 = CARTESIAN_POINT('',(-4.264226776044,56.802050201371,150.));
#2678 = CARTESIAN_POINT('',(5.995284974849,-36.1839148638,
    2.84217094304E-14));
#2679 = CARTESIAN_POINT('',(17.362797086274,-34.30044054048,
    15.000000000001));
#2680 = CARTESIAN_POINT('',(28.27276994996,-29.65470200244,
    29.999999999998));
#2681 = CARTESIAN_POINT('',(38.538138508762,-21.97045632839,
    44.999999999998));
#2682 = CARTESIAN_POINT('',(47.330383994558,-10.47522509483,
    60.00000000001));
#2683 = CARTESIAN_POINT('',(52.582237875066,5.237690459183,
    74.999999999984));
#2684 = CARTESIAN_POINT('',(51.262759133572,23.75891659299,
    90.000000000015));
#2685 = CARTESIAN_POINT('',(41.905992190367,40.956269624515,
    104.99999999999));
#2686 = CARTESIAN_POINT('',(26.296666657103,52.767939658206,120.));
#2687 = CARTESIAN_POINT('',(8.058340704862,57.101083780677,
    134.99999999999));
#2688 = CARTESIAN_POINT('',(-8.992927462274,54.275872295703,150.));
#2689 = CARTESIAN_POINT('',(9.376903071124,-34.99507867908,0.));
#2690 = CARTESIAN_POINT('',(20.370931280126,-32.04923769891,
    15.000000000002));
#2691 = CARTESIAN_POINT('',(30.649266660653,-26.4318744367,
    29.999999999997));
#2692 = CARTESIAN_POINT('',(40.001416289678,-17.88942271668,
    44.999999999999));
#2693 = CARTESIAN_POINT('',(47.538511838821,-5.742215287514,
    60.000000000011));
#2694 = CARTESIAN_POINT('',(51.189087251312,10.210580398776,
    74.999999999981));
#2695 = CARTESIAN_POINT('',(48.109107157901,28.291667046292,
    90.000000000021));
#2696 = CARTESIAN_POINT('',(37.255154364153,44.297612450678,
    104.99999999998));
#2697 = CARTESIAN_POINT('',(20.772765058078,54.407071638898,120.));
#2698 = CARTESIAN_POINT('',(2.425687706816,56.911379488876,
    134.99999999999));
#2699 = CARTESIAN_POINT('',(-14.06535460668,52.492618018627,150.));
#2700 = CARTESIAN_POINT('',(12.899888340754,-34.33383196785,0.));
#2701 = CARTESIAN_POINT('',(23.686179768734,-30.2812125235,
    15.000000000003));
#2702 = CARTESIAN_POINT('',(33.48783492742,-23.60753657989,
    29.999999999993));
#2703 = CARTESIAN_POINT('',(42.067759614537,-14.07809191659,
    45.00000000001));
#2704 = CARTESIAN_POINT('',(48.463335269369,-1.095775719617,
    59.999999999991));
#2705 = CARTESIAN_POINT('',(50.56766867134,15.337406118474,
    75.000000000007));
#2706 = CARTESIAN_POINT('',(45.68075312334,33.250945636819,
    89.999999999994));
#2707 = CARTESIAN_POINT('',(33.165979149301,48.306790724325,105.));
#2708 = CARTESIAN_POINT('',(15.562035841954,56.86645033322,
    119.99999999999));
#2709 = CARTESIAN_POINT('',(-3.170395369162,57.579677118292,135.));
#2710 = CARTESIAN_POINT('',(-19.34983251113,51.500747951776,150.));
#2711 = CARTESIAN_POINT('',(16.472064256756,-34.21608789963,
    2.84217094304E-14));
#2712 = CARTESIAN_POINT('',(27.221365294763,-29.04123629378,
    15.000000000003));
#2713 = CARTESIAN_POINT('',(36.713333480662,-21.25430336957,
    29.999999999994));
#2714 = CARTESIAN_POINT('',(44.681801198842,-10.63512624049,
    45.000000000006));
#2715 = CARTESIAN_POINT('',(50.078954761308,3.343206484455,
    59.999999999999));
#2716 = CARTESIAN_POINT('',(50.73224573172,20.484157405251,
    74.999999999996));
#2717 = CARTESIAN_POINT('',(44.039172566121,38.506426312002,
    90.000000000004));
#2718 = CARTESIAN_POINT('',(29.74363927768,52.87763723629,
    104.99999999999));
#2719 = CARTESIAN_POINT('',(10.799506109299,60.079920484339,120.));
#2720 = CARTESIAN_POINT('',(-8.584144828122,59.086409258218,
    134.99999999999));
#2721 = CARTESIAN_POINT('',(-24.70809638513,51.324131849448,150.));
#2722 = CARTESIAN_POINT('',(20.,-34.64101615137,0.));
#2723 = CARTESIAN_POINT('',(30.882796185406,-28.35783084419,
    15.000000000001));
#2724 = CARTESIAN_POINT('',(40.238942201079,-19.43011253094,
    29.999999999998));
#2725 = CARTESIAN_POINT('',(47.771500163648,-7.6475948097,
    44.999999999997));
#2726 = CARTESIAN_POINT('',(52.338318329225,7.460555490476,
    60.00000000001));
#2727 = CARTESIAN_POINT('',(51.672892544248,25.516585601388,
    74.999999999986));
#2728 = CARTESIAN_POINT('',(43.221495959712,43.91904570783,
    90.000000000009));
#2729 = CARTESIAN_POINT('',(27.072525639663,57.887023641721,
    104.99999999999));
#2730 = CARTESIAN_POINT('',(6.606055435263,63.958341902312,120.));
#2731 = CARTESIAN_POINT('',(-13.67580572189,61.386302187833,
    134.99999999999));
#2732 = CARTESIAN_POINT('',(-30.,51.961524227066,150.));
#2733 = DEFINITIONAL_REPRESENTATION('',(#2734),#2738);
#2734 = LINE('',#2735,#2736);
#2735 = CARTESIAN_POINT('',(0.,150.));
#2736 = VECTOR('',#2737,1.);
#2737 = DIRECTION('',(1.,0.));
#2738 = ( GEOMETRIC_REPRESENTATION_CONTEXT(2) 
PARAMETRIC_REPRESENTATION_CONTEXT() REPRESENTATION_CONTEXT('2D SPACE',''
  ) );
#2739 = ORIENTED_EDGE('',*,*,#2740,.T.);
#2740 = EDGE_CURVE('',#2632,#2741,#2743,.T.);
#2741 = VERTEX_POINT('',#2742);
#2742 = CARTESIAN_POINT('',(-51.96152422706,30.,150.));
#2743 = SURFACE_CURVE('',#2744,(#2752,#2763),.PCURVE_S1.);
#2744 = ( BOUNDED_CURVE() B_SPLINE_CURVE(6,(#2745,#2746,#2747,#2748,
#2749,#2750,#2751),.UNSPECIFIED.,.F.,.F.) B_SPLINE_CURVE_WITH_KNOTS((7,7
),(0.,0.763337317515),.PIECEWISE_BEZIER_KNOTS.) CURVE() 
GEOMETRIC_REPRESENTATION_ITEM() RATIONAL_B_SPLINE_CURVE((1.00731395893,
    1.002414195399,0.999512632189,0.998551138584,0.999512632189,
1.002414195399,1.00731395893)) REPRESENTATION_ITEM('') );
#2745 = CARTESIAN_POINT('',(-30.,51.961524227066,150.));
#2746 = CARTESIAN_POINT('',(-32.09395381623,47.059905073404,150.));
#2747 = CARTESIAN_POINT('',(-34.92603978457,42.507820489502,150.));
#2748 = CARTESIAN_POINT('',(-38.42726341194,38.42726341194,150.));
#2749 = CARTESIAN_POINT('',(-42.5078204895,34.926039784571,150.));
#2750 = CARTESIAN_POINT('',(-47.0599050734,32.093953816237,150.));
#2751 = CARTESIAN_POINT('',(-51.96152422706,30.,150.));
#2752 = PCURVE('',#794,#2753);
#2753 = DEFINITIONAL_REPRESENTATION('',(#2754),#2762);
#2754 = ( BOUNDED_CURVE() B_SPLINE_CURVE(6,(#2755,#2756,#2757,#2758,
#2759,#2760,#2761),.UNSPECIFIED.,.F.,.F.) B_SPLINE_CURVE_WITH_KNOTS((7,7
),(0.,0.763337317515),.PIECEWISE_BEZIER_KNOTS.) CURVE() 
GEOMETRIC_REPRESENTATION_ITEM() RATIONAL_B_SPLINE_CURVE((1.00731395893,
    1.002414195399,0.999512632189,0.998551138584,0.999512632189,
1.002414195399,1.00731395893)) REPRESENTATION_ITEM('') );
#2755 = CARTESIAN_POINT('',(51.961524227066,30.));
#2756 = CARTESIAN_POINT('',(47.059905073404,32.093953816237));
#2757 = CARTESIAN_POINT('',(42.507820489502,34.926039784571));
#2758 = CARTESIAN_POINT('',(38.42726341194,38.42726341194));
#2759 = CARTESIAN_POINT('',(34.926039784571,42.507820489502));
#2760 = CARTESIAN_POINT('',(32.093953816237,47.059905073404));
#2761 = CARTESIAN_POINT('',(30.,51.961524227066));
#2762 = ( GEOMETRIC_REPRESENTATION_CONTEXT(2) 
PARAMETRIC_REPRESENTATION_CONTEXT() REPRESENTATION_CONTEXT('2D SPACE',''
  ) );
#2763 = PCURVE('',#2764,#2842);
#2764 = ( BOUNDED_SURFACE() B_SPLINE_SURFACE(6,10,(
    (#2765,#2766,#2767,#2768,#2769,#2770,#2771,#2772,#2773,#2774,#2775)
    ,(#2776,#2777,#2778,#2779,#2780,#2781,#2782,#2783,#2784,#2785,#2786)
    ,(#2787,#2788,#2789,#2790,#2791,#2792,#2793,#2794,#2795,#2796,#2797)
    ,(#2798,#2799,#2800,#2801,#2802,#2803,#2804,#2805,#2806,#2807,#2808)
    ,(#2809,#2810,#2811,#2812,#2813,#2814,#2815,#2816,#2817,#2818,#2819)
    ,(#2820,#2821,#2822,#2823,#2824,#2825,#2826,#2827,#2828,#2829,#2830)
    ,(#2831,#2832,#2833,#2834,#2835,#2836,#2837,#2838,#2839,#2840,#2841
)),.UNSPECIFIED.,.F.,.F.,.F.) B_SPLINE_SURFACE_WITH_KNOTS((7,7),(11,11),
  (0.,0.763337317515),(0.,150.),.PIECEWISE_BEZIER_KNOTS.) 
GEOMETRIC_REPRESENTATION_ITEM() RATIONAL_B_SPLINE_SURFACE((
    (1.00731395893,1.00731395893,1.00731395893,1.007313958931
      ,1.00731395893,1.007313958931,1.00731395893,1.007313958931
      ,1.00731395893,1.00731395893,1.00731395893)
    ,(1.002414195399,1.002414195399,1.002414195399,1.002414195399
      ,1.002414195398,1.002414195399,1.002414195399,1.002414195399
      ,1.002414195399,1.002414195399,1.002414195399)
    ,(0.999512632189,0.999512632189,0.999512632189,0.999512632189
      ,0.999512632188,0.99951263219,0.999512632189,0.999512632189
      ,0.999512632189,0.999512632189,0.999512632189)
    ,(0.998551138584,0.998551138584,0.998551138584,0.998551138584
      ,0.998551138584,0.998551138584,0.998551138584,0.998551138584
      ,0.998551138584,0.998551138584,0.998551138584)
    ,(0.999512632189,0.999512632189,0.999512632189,0.999512632189
      ,0.999512632189,0.999512632189,0.999512632189,0.999512632189
      ,0.999512632189,0.999512632189,0.999512632189)
    ,(1.002414195399,1.002414195399,1.002414195399,1.002414195399
      ,1.002414195399,1.002414195399,1.002414195399,1.002414195399
      ,1.002414195399,1.002414195399,1.002414195399)
    ,(1.00731395893,1.00731395893,1.00731395893,1.007313958931
      ,1.00731395893,1.007313958931,1.00731395893,1.007313958931
,1.00731395893,1.00731395893,1.00731395893
))) REPRESENTATION_ITEM('') SURFACE() );
#2765 = CARTESIAN_POINT('',(20.,-34.64101615137,0.));
#2766 = CARTESIAN_POINT('',(30.882796185405,-28.35783084419,
    15.000000000001));
#2767 = CARTESIAN_POINT('',(40.238942201081,-19.43011253094,
    29.999999999999));
#2768 = CARTESIAN_POINT('',(47.771500163641,-7.647594809694,
    44.999999999996));
#2769 = CARTESIAN_POINT('',(52.338318329234,7.460555490467,
    60.000000000012));
#2770 = CARTESIAN_POINT('',(51.672892544238,25.516585601399,
    74.999999999983));
#2771 = CARTESIAN_POINT('',(43.221495959719,43.91904570782,
    90.000000000012));
#2772 = CARTESIAN_POINT('',(27.07252563966,57.887023641729,
    104.99999999999));
#2773 = CARTESIAN_POINT('',(6.606055435264,63.958341902309,120.));
#2774 = CARTESIAN_POINT('',(-13.67580572189,61.386302187834,
    134.99999999999));
#2775 = CARTESIAN_POINT('',(-30.,51.961524227066,150.));
#2776 = CARTESIAN_POINT('',(21.395969210825,-31.37327004893,
    -2.84217094304E-14));
#2777 = CARTESIAN_POINT('',(31.252172681307,-24.65152808001,
    15.000000000003));
#2778 = CARTESIAN_POINT('',(39.475147017862,-15.53470421045,
    29.999999999993));
#2779 = CARTESIAN_POINT('',(45.768837150837,-3.844842569506,
    45.000000000006));
#2780 = CARTESIAN_POINT('',(49.018504745085,10.782621765534,
    60.000000000002));
#2781 = CARTESIAN_POINT('',(47.105295479901,27.828988471358,
    74.999999999989));
#2782 = CARTESIAN_POINT('',(37.796480209932,44.649968324388,
    90.000000000011));
#2783 = CARTESIAN_POINT('',(21.515526071062,56.725750193896,
    104.99999999999));
#2784 = CARTESIAN_POINT('',(1.70841030626,61.018911100036,120.));
#2785 = CARTESIAN_POINT('',(-17.30964861051,57.142518026778,
    134.99999999999));
#2786 = CARTESIAN_POINT('',(-32.09395381623,47.059905073404,150.));
#2787 = CARTESIAN_POINT('',(23.284026523048,-28.338546993,0.));
#2788 = CARTESIAN_POINT('',(32.186843627709,-21.02365432592,
    15.000000000005));
#2789 = CARTESIAN_POINT('',(39.312288013244,-11.54534030079,
    29.999999999984));
#2790 = CARTESIAN_POINT('',(44.360235127342,0.242095941255,
    45.000000000028));
#2791 = CARTESIAN_POINT('',(46.226927457585,14.5933809548,
    59.999999999966));
#2792 = CARTESIAN_POINT('',(42.918708558044,30.82709193233,
    75.000000000032));
#2793 = CARTESIAN_POINT('',(32.515393381265,46.20720490273,
    89.999999999973));
#2794 = CARTESIAN_POINT('',(15.813518995392,56.422166034244,
    105.00000000001));
#2795 = CARTESIAN_POINT('',(-3.610388469202,58.84670957793,
    119.99999999999));
#2796 = CARTESIAN_POINT('',(-21.57181412757,53.480159490119,135.));
#2797 = CARTESIAN_POINT('',(-34.92603978457,42.507820489502,150.));
#2798 = CARTESIAN_POINT('',(25.61817560796,-25.61817560796,0.));
#2799 = CARTESIAN_POINT('',(33.666362836794,-17.56998837912,
    14.999999999999));
#2800 = CARTESIAN_POINT('',(39.758980753838,-7.566041401496,
    30.000000000007));
#2801 = CARTESIAN_POINT('',(43.586954052567,4.508013613148,
    44.999999999978));
#2802 = CARTESIAN_POINT('',(44.040666554276,18.796351606423,
    60.000000000039));
#2803 = CARTESIAN_POINT('',(39.225759756795,34.437165638382,
    74.999999999955));
#2804 = CARTESIAN_POINT('',(27.517875428978,48.555855956447,
    90.000000000033));
#2805 = CARTESIAN_POINT('',(10.115103875931,56.990434891363,
    104.99999999998));
#2806 = CARTESIAN_POINT('',(-9.213793572308,57.504288713844,120.));
#2807 = CARTESIAN_POINT('',(-26.35498256868,50.499544255191,
    134.99999999999));
#2808 = CARTESIAN_POINT('',(-38.42726341194,38.42726341194,150.));
#2809 = CARTESIAN_POINT('',(28.338546993001,-23.28402652304,0.));
#2810 = CARTESIAN_POINT('',(35.65343966008,-14.38120941838,
    15.000000000005));
#2811 = CARTESIAN_POINT('',(40.805084054835,-3.700808935249,
    29.999999999987));
#2812 = CARTESIAN_POINT('',(43.470794464779,8.841894570682,
    45.00000000002));
#2813 = CARTESIAN_POINT('',(42.518367355211,23.282698024652,
    59.99999999998));
#2814 = CARTESIAN_POINT('',(36.124182620293,38.566417662419,
    75.000000000017));
#2815 = CARTESIAN_POINT('',(22.93521985041,51.636540183018,
    89.999999999983));
#2816 = CARTESIAN_POINT('',(4.569185122518,58.41789751721,
    105.00000000001));
#2817 = CARTESIAN_POINT('',(-14.95610679287,57.028808532593,
    119.99999999999));
#2818 = CARTESIAN_POINT('',(-31.53548148888,48.280265441565,135.));
#2819 = CARTESIAN_POINT('',(-42.5078204895,34.926039784571,150.));
#2820 = CARTESIAN_POINT('',(31.373270048936,-21.39596921082,0.));
#2821 = CARTESIAN_POINT('',(38.095012017852,-11.53976574034,
    15.000000000001));
#2822 = CARTESIAN_POINT('',(42.421831136649,-5.009991746601E-02,
    29.999999999999));
#2823 = CARTESIAN_POINT('',(44.013138045294,13.130611102708,
    44.999999999993));
#2824 = CARTESIAN_POINT('',(41.698043776032,27.934779126268,
    60.00000000002));
#2825 = CARTESIAN_POINT('',(33.693334892083,43.105923553955,
    74.999999999973));
#2826 = CARTESIAN_POINT('',(18.885829047906,55.367129678181,
    90.00000000002));
#2827 = CARTESIAN_POINT('',(-0.680071402676,60.665196777582,
    104.99999999999));
#2828 = CARTESIAN_POINT('',(-20.68731360319,57.43049045143,120.));
#2829 = CARTESIAN_POINT('',(-36.97729212002,46.878259021961,
    134.99999999999));
#2830 = CARTESIAN_POINT('',(-47.0599050734,32.093953816237,150.));
#2831 = CARTESIAN_POINT('',(34.641016151378,-20.,0.));
#2832 = CARTESIAN_POINT('',(40.924201458557,-9.117203814594,
    15.000000000003));
#2833 = CARTESIAN_POINT('',(44.563002433021,3.292500050351,
    29.999999999994));
#2834 = CARTESIAN_POINT('',(45.195130123456,17.262738698777,
    45.000000000004));
#2835 = CARTESIAN_POINT('',(41.596035519235,32.630189745703,
    60.000000000003));
#2836 = CARTESIAN_POINT('',(31.99174482964,47.934457620772,
    74.999999999993));
#2837 = CARTESIAN_POINT('',(15.471390636768,59.6457572728,
    90.000000000001));
#2838 = CARTESIAN_POINT('',(-5.49801687231,63.667895843038,105.));
#2839 = CARTESIAN_POINT('',(-26.2581591254,58.692576588962,
    119.99999999999));
#2840 = CARTESIAN_POINT('',(-42.53674626629,46.324194278107,135.));
#2841 = CARTESIAN_POINT('',(-51.96152422706,30.,150.));
#2842 = DEFINITIONAL_REPRESENTATION('',(#2843),#2847);
#2843 = LINE('',#2844,#2845);
#2844 = CARTESIAN_POINT('',(0.,150.));
#2845 = VECTOR('',#2846,1.);
#2846 = DIRECTION('',(1.,0.));
#2847 = ( GEOMETRIC_REPRESENTATION_CONTEXT(2) 
PARAMETRIC_REPRESENTATION_CONTEXT() REPRESENTATION_CONTEXT('2D SPACE',''
  ) );
#2848 = ORIENTED_EDGE('',*,*,#2849,.T.);
#2849 = EDGE_CURVE('',#2741,#2850,#2852,.T.);
#2850 = VERTEX_POINT('',#2851);
#2851 = CARTESIAN_POINT('',(-60.,4.618527782441E-14,150.));
#2852 = SURFACE_CURVE('',#2853,(#2861,#2872),.PCURVE_S1.);
#2853 = ( BOUNDED_CURVE() B_SPLINE_CURVE(6,(#2854,#2855,#2856,#2857,
#2858,#2859,#2860),.UNSPECIFIED.,.F.,.F.) B_SPLINE_CURVE_WITH_KNOTS((7,7
),(0.,0.763337317515),.PIECEWISE_BEZIER_KNOTS.) CURVE() 
GEOMETRIC_REPRESENTATION_ITEM() RATIONAL_B_SPLINE_CURVE((1.00731395893,
    1.002414195399,0.999512632189,0.998551138584,0.999512632189,
1.002414195399,1.00731395893)) REPRESENTATION_ITEM('') );
#2854 = CARTESIAN_POINT('',(-51.96152422706,30.,150.));
#2855 = CARTESIAN_POINT('',(-51.32413184944,24.708096385134,150.));
#2856 = CARTESIAN_POINT('',(-51.50074795177,19.349832511131,150.));
#2857 = CARTESIAN_POINT('',(-52.49261801862,14.065354606687,150.));
#2858 = CARTESIAN_POINT('',(-54.2758722957,8.992927462274,150.));
#2859 = CARTESIAN_POINT('',(-56.80205020137,4.264226776044,150.));
#2860 = CARTESIAN_POINT('',(-60.,3.19744231092E-14,150.));
#2861 = PCURVE('',#794,#2862);
#2862 = DEFINITIONAL_REPRESENTATION('',(#2863),#2871);
#2863 = ( BOUNDED_CURVE() B_SPLINE_CURVE(6,(#2864,#2865,#2866,#2867,
#2868,#2869,#2870),.UNSPECIFIED.,.F.,.F.) B_SPLINE_CURVE_WITH_KNOTS((7,7
),(0.,0.763337317515),.PIECEWISE_BEZIER_KNOTS.) CURVE() 
GEOMETRIC_REPRESENTATION_ITEM() RATIONAL_B_SPLINE_CURVE((1.00731395893,
    1.002414195399,0.999512632189,0.998551138584,0.999512632189,
1.002414195399,1.00731395893)) REPRESENTATION_ITEM('') );
#2864 = CARTESIAN_POINT('',(30.,51.961524227066));
#2865 = CARTESIAN_POINT('',(24.708096385134,51.324131849448));
#2866 = CARTESIAN_POINT('',(19.349832511131,51.500747951776));
#2867 = CARTESIAN_POINT('',(14.065354606687,52.492618018626));
#2868 = CARTESIAN_POINT('',(8.992927462274,54.275872295703));
#2869 = CARTESIAN_POINT('',(4.264226776044,56.80205020137));
#2870 = CARTESIAN_POINT('',(3.986837677946E-14,60.));
#2871 = ( GEOMETRIC_REPRESENTATION_CONTEXT(2) 
PARAMETRIC_REPRESENTATION_CONTEXT() REPRESENTATION_CONTEXT('2D SPACE',''
  ) );
#2872 = PCURVE('',#2873,#2951);
#2873 = ( BOUNDED_SURFACE() B_SPLINE_SURFACE(6,10,(
    (#2874,#2875,#2876,#2877,#2878,#2879,#2880,#2881,#2882,#2883,#2884)
    ,(#2885,#2886,#2887,#2888,#2889,#2890,#2891,#2892,#2893,#2894,#2895)
    ,(#2896,#2897,#2898,#2899,#2900,#2901,#2902,#2903,#2904,#2905,#2906)
    ,(#2907,#2908,#2909,#2910,#2911,#2912,#2913,#2914,#2915,#2916,#2917)
    ,(#2918,#2919,#2920,#2921,#2922,#2923,#2924,#2925,#2926,#2927,#2928)
    ,(#2929,#2930,#2931,#2932,#2933,#2934,#2935,#2936,#2937,#2938,#2939)
    ,(#2940,#2941,#2942,#2943,#2944,#2945,#2946,#2947,#2948,#2949,#2950
)),.UNSPECIFIED.,.F.,.F.,.F.) B_SPLINE_SURFACE_WITH_KNOTS((7,7),(11,11),
  (0.,0.763337317515),(0.,150.),.PIECEWISE_BEZIER_KNOTS.) 
GEOMETRIC_REPRESENTATION_ITEM() RATIONAL_B_SPLINE_SURFACE((
    (1.00731395893,1.00731395893,1.00731395893,1.007313958931
      ,1.00731395893,1.007313958931,1.00731395893,1.007313958931
      ,1.00731395893,1.00731395893,1.00731395893)
    ,(1.002414195399,1.002414195399,1.002414195399,1.002414195399
      ,1.002414195399,1.002414195399,1.002414195399,1.002414195399
      ,1.002414195399,1.002414195399,1.002414195399)
    ,(0.999512632189,0.999512632189,0.999512632189,0.999512632189
      ,0.999512632189,0.999512632189,0.999512632189,0.999512632189
      ,0.999512632189,0.999512632189,0.999512632189)
    ,(0.998551138584,0.998551138584,0.998551138584,0.998551138584
      ,0.998551138584,0.998551138585,0.998551138584,0.998551138584
      ,0.998551138584,0.998551138584,0.998551138584)
    ,(0.999512632189,0.999512632189,0.999512632189,0.999512632189
      ,0.999512632189,0.999512632189,0.999512632189,0.999512632189
      ,0.999512632189,0.999512632189,0.999512632189)
    ,(1.002414195399,1.002414195399,1.002414195399,1.002414195399
      ,1.002414195399,1.002414195399,1.002414195399,1.002414195399
      ,1.002414195399,1.002414195399,1.002414195399)
    ,(1.00731395893,1.00731395893,1.00731395893,1.007313958931
      ,1.00731395893,1.007313958931,1.00731395893,1.007313958931
,1.00731395893,1.00731395893,1.00731395893
))) REPRESENTATION_ITEM('') SURFACE() );
#2874 = CARTESIAN_POINT('',(34.641016151378,-20.,0.));
#2875 = CARTESIAN_POINT('',(40.924201458557,-9.117203814593,
    15.000000000002));
#2876 = CARTESIAN_POINT('',(44.563002433019,3.29250005035,
    29.999999999998));
#2877 = CARTESIAN_POINT('',(45.195130123462,17.262738698781,
    44.999999999997));
#2878 = CARTESIAN_POINT('',(41.596035519226,32.630189745696,
    60.000000000013));
#2879 = CARTESIAN_POINT('',(31.99174482965,47.934457620782,
    74.999999999985));
#2880 = CARTESIAN_POINT('',(15.471390636761,59.645757272791,
    90.000000000007));
#2881 = CARTESIAN_POINT('',(-5.498016872306,63.667895843044,105.));
#2882 = CARTESIAN_POINT('',(-26.25815912541,58.69257658896,120.));
#2883 = CARTESIAN_POINT('',(-42.53674626629,46.324194278107,
    134.99999999999));
#2884 = CARTESIAN_POINT('',(-51.96152422706,30.,150.));
#2885 = CARTESIAN_POINT('',(34.216087899632,-16.47206425675,
    -2.84217094304E-14));
#2886 = CARTESIAN_POINT('',(39.39093950548,-5.722763218748,
    14.999999999999));
#2887 = CARTESIAN_POINT('',(41.95383224082,6.284125022396,
    30.000000000007));
#2888 = CARTESIAN_POINT('',(41.559396959057,19.554687236678,
    44.999999999976));
#2889 = CARTESIAN_POINT('',(37.059959481995,33.847276740886,
    60.000000000045));
#2890 = CARTESIAN_POINT('',(26.879888302697,47.653258717781,
    74.999999999949));
#2891 = CARTESIAN_POINT('',(10.407727873238,57.566246952048,
    90.000000000037));
#2892 = CARTESIAN_POINT('',(-9.72988294362,59.883703752179,
    104.99999999998));
#2893 = CARTESIAN_POINT('',(-29.02992882471,53.698132277024,120.));
#2894 = CARTESIAN_POINT('',(-43.56185444067,40.832047942144,
    134.99999999999));
#2895 = CARTESIAN_POINT('',(-51.32413184944,24.708096385134,150.));
#2896 = CARTESIAN_POINT('',(34.33383196785,-12.89988834075,0.));
#2897 = CARTESIAN_POINT('',(38.386451412195,-2.113596912774,
    15.000000000002));
#2898 = CARTESIAN_POINT('',(39.818110250754,9.657586010794,
    29.999999999996));
#2899 = CARTESIAN_POINT('',(38.296042567508,22.38977879896,45.));
#2900 = CARTESIAN_POINT('',(32.737003039759,35.751702362736,
    60.000000000009));
#2901 = CARTESIAN_POINT('',(21.75514594273,48.156399017242,
    74.999999999988));
#2902 = CARTESIAN_POINT('',(5.055554230852,56.274309974247,
    90.000000000005));
#2903 = CARTESIAN_POINT('',(-14.51617384388,56.769788619909,105.));
#2904 = CARTESIAN_POINT('',(-32.55004292082,49.157551189005,120.));
#2905 = CARTESIAN_POINT('',(-45.42181878525,35.5292696531,135.));
#2906 = CARTESIAN_POINT('',(-51.50074795177,19.349832511131,150.));
#2907 = CARTESIAN_POINT('',(34.995078679084,-9.376903071124,0.));
#2908 = CARTESIAN_POINT('',(37.940919659251,1.617125137878,
    15.000000000002));
#2909 = CARTESIAN_POINT('',(38.215308062148,13.327106317139,
    29.999999999999));
#2910 = CARTESIAN_POINT('',(35.493402676534,25.697531335872,
    44.999999999992));
#2911 = CARTESIAN_POINT('',(28.74216023239,38.298451266771,
    60.000000000022));
#2912 = CARTESIAN_POINT('',(16.751921612942,49.436340155557,
    74.999999999972));
#2913 = CARTESIAN_POINT('',(-0.446748798559,55.809542475282,
    90.000000000019));
#2914 = CARTESIAN_POINT('',(-19.7352805272,54.4127163266,104.99999999999
    ));
#2915 = CARTESIAN_POINT('',(-36.73152365577,45.193278066593,120.));
#2916 = CARTESIAN_POINT('',(-48.07385654837,30.556396920187,
    134.99999999999));
#2917 = CARTESIAN_POINT('',(-52.49261801862,14.065354606687,150.));
#2918 = CARTESIAN_POINT('',(36.183914863802,-5.995284974849,0.));
#2919 = CARTESIAN_POINT('',(38.067389187118,5.372227136575,
    15.000000000003));
#2920 = CARTESIAN_POINT('',(37.18864386267,17.197547474941,
    29.999999999995));
#2921 = CARTESIAN_POINT('',(33.225865043852,29.39270254818,45.));
#2922 = CARTESIAN_POINT('',(25.180637244722,41.422591635604,
    60.000000000013));
#2923 = CARTESIAN_POINT('',(12.001251008918,51.461588738752,
    74.999999999979));
#2924 = CARTESIAN_POINT('',(-5.955787059678,56.186165487244,
    90.000000000014));
#2925 = CARTESIAN_POINT('',(-25.2519183679,52.875975846832,
    104.99999999999));
#2926 = CARTESIAN_POINT('',(-41.46677269064,41.91034354035,120.));
#2927 = CARTESIAN_POINT('',(-51.45066081072,26.04419562941,
    134.99999999999));
#2928 = CARTESIAN_POINT('',(-54.2758722957,8.992927462274,150.));
#2929 = CARTESIAN_POINT('',(37.86803346758,-2.842817850696,
    -2.84217094304E-14));
#2930 = CARTESIAN_POINT('',(38.761131035104,9.05377572407,15.));
#2931 = CARTESIAN_POINT('',(36.763433398121,21.167527767072,
    30.000000000003));
#2932 = CARTESIAN_POINT('',(31.55119009615,33.378011804806,
    44.999999999987));
#2933 = CARTESIAN_POINT('',(22.144175635012,45.041250260471,
    60.000000000025));
#2934 = CARTESIAN_POINT('',(7.626322177796,54.177492297358,
    74.999999999974));
#2935 = CARTESIAN_POINT('',(-11.32795711208,57.392255359883,
    90.000000000011));
#2936 = CARTESIAN_POINT('',(-30.92155749989,52.19756583363,105.));
#2937 = CARTESIAN_POINT('',(-46.63098434213,39.392606881143,
    119.99999999999));
#2938 = CARTESIAN_POINT('',(-55.46240385008,22.109117138191,135.));
#2939 = CARTESIAN_POINT('',(-56.80205020137,4.264226776044,150.));
#2940 = CARTESIAN_POINT('',(40.,-1.06581410364E-14,0.));
#2941 = CARTESIAN_POINT('',(40.,12.56637061436,15.000000000003));
#2942 = CARTESIAN_POINT('',(36.946442150726,25.132889902076,
    29.999999999993));
#2943 = CARTESIAN_POINT('',(30.508761464872,37.547535313763,
    45.000000000004));
#2944 = CARTESIAN_POINT('',(19.70812858352,49.056591009699,
    60.000000000002));
#2945 = CARTESIAN_POINT('',(3.738434923476,57.508330431043,
    74.999999999997));
#2946 = CARTESIAN_POINT('',(-16.42426131308,59.390436344585,
    89.999999999995));
#2947 = CARTESIAN_POINT('',(-36.59537020337,52.38900676942,105.));
#2948 = CARTESIAN_POINT('',(-52.08652115369,37.7001827769,
    119.99999999999));
#2949 = CARTESIAN_POINT('',(-59.99999999999,18.849555921539,135.));
#2950 = CARTESIAN_POINT('',(-60.,3.19744231092E-14,150.));
#2951 = DEFINITIONAL_REPRESENTATION('',(#2952),#2956);
#2952 = LINE('',#2953,#2954);
#2953 = CARTESIAN_POINT('',(0.,150.));
#2954 = VECTOR('',#2955,1.);
#2955 = DIRECTION('',(1.,0.));
#2956 = ( GEOMETRIC_REPRESENTATION_CONTEXT(2) 
PARAMETRIC_REPRESENTATION_CONTEXT() REPRESENTATION_CONTEXT('2D SPACE',''
  ) );
#2957 = ORIENTED_EDGE('',*,*,#2958,.T.);
#2958 = EDGE_CURVE('',#2850,#816,#2959,.T.);
#2959 = SURFACE_CURVE('',#2960,(#2968,#2979),.PCURVE_S1.);
#2960 = ( BOUNDED_CURVE() B_SPLINE_CURVE(6,(#2961,#2962,#2963,#2964,
#2965,#2966,#2967),.UNSPECIFIED.,.F.,.F.) B_SPLINE_CURVE_WITH_KNOTS((7,7
),(0.,0.763337317515),.PIECEWISE_BEZIER_KNOTS.) CURVE() 
GEOMETRIC_REPRESENTATION_ITEM() RATIONAL_B_SPLINE_CURVE((1.00731395893,
    1.002414195399,0.999512632189,0.998551138584,0.999512632189,
1.002414195399,1.00731395893)) REPRESENTATION_ITEM('') );
#2961 = CARTESIAN_POINT('',(-60.,4.618527782441E-14,150.));
#2962 = CARTESIAN_POINT('',(-56.80205020137,-4.264226776044,150.));
#2963 = CARTESIAN_POINT('',(-54.2758722957,-8.992927462274,150.));
#2964 = CARTESIAN_POINT('',(-52.49261801862,-14.06535460668,150.));
#2965 = CARTESIAN_POINT('',(-51.50074795177,-19.34983251113,150.));
#2966 = CARTESIAN_POINT('',(-51.32413184944,-24.70809638513,150.));
#2967 = CARTESIAN_POINT('',(-51.96152422706,-30.,150.));
#2968 = PCURVE('',#794,#2969);
#2969 = DEFINITIONAL_REPRESENTATION('',(#2970),#2978);
#2970 = ( BOUNDED_CURVE() B_SPLINE_CURVE(6,(#2971,#2972,#2973,#2974,
#2975,#2976,#2977),.UNSPECIFIED.,.F.,.F.) B_SPLINE_CURVE_WITH_KNOTS((7,7
),(0.,0.763337317515),.PIECEWISE_BEZIER_KNOTS.) CURVE() 
GEOMETRIC_REPRESENTATION_ITEM() RATIONAL_B_SPLINE_CURVE((1.00731395893,
    1.002414195399,0.999512632189,0.998551138584,0.999512632189,
1.002414195399,1.00731395893)) REPRESENTATION_ITEM('') );
#2971 = CARTESIAN_POINT('',(5.407923149466E-14,60.));
#2972 = CARTESIAN_POINT('',(-4.264226776044,56.80205020137));
#2973 = CARTESIAN_POINT('',(-8.992927462274,54.275872295703));
#2974 = CARTESIAN_POINT('',(-14.06535460668,52.492618018626));
#2975 = CARTESIAN_POINT('',(-19.34983251113,51.500747951776));
#2976 = CARTESIAN_POINT('',(-24.70809638513,51.324131849448));
#2977 = CARTESIAN_POINT('',(-30.,51.961524227066));
#2978 = ( GEOMETRIC_REPRESENTATION_CONTEXT(2) 
PARAMETRIC_REPRESENTATION_CONTEXT() REPRESENTATION_CONTEXT('2D SPACE',''
  ) );
#2979 = PCURVE('',#838,#2980);
#2980 = DEFINITIONAL_REPRESENTATION('',(#2981),#2985);
#2981 = LINE('',#2982,#2983);
#2982 = CARTESIAN_POINT('',(0.,150.));
#2983 = VECTOR('',#2984,1.);
#2984 = DIRECTION('',(1.,0.));
#2985 = ( GEOMETRIC_REPRESENTATION_CONTEXT(2) 
PARAMETRIC_REPRESENTATION_CONTEXT() REPRESENTATION_CONTEXT('2D SPACE',''
  ) );
#2986 = ORIENTED_EDGE('',*,*,#1230,.T.);
#2987 = FACE_BOUND('',#2988,.T.);
#2988 = EDGE_LOOP('',(#2989,#3051));
#2989 = ORIENTED_EDGE('',*,*,#2990,.T.);
#2990 = EDGE_CURVE('',#2991,#2993,#2995,.T.);
#2991 = VERTEX_POINT('',#2992);
#2992 = CARTESIAN_POINT('',(51.955549577344,3.181359874392E-15,150.));
#2993 = VERTEX_POINT('',#2994);
#2994 = CARTESIAN_POINT('',(-51.95554957734,-3.181359874392E-15,150.));
#2995 = SURFACE_CURVE('',#2996,(#3004,#3015),.PCURVE_S1.);
#2996 = ( BOUNDED_CURVE() B_SPLINE_CURVE(6,(#2997,#2998,#2999,#3000,
#3001,#3002,#3003),.UNSPECIFIED.,.F.,.F.) B_SPLINE_CURVE_WITH_KNOTS((7,7
),(0.,3.14159265359),.PIECEWISE_BEZIER_KNOTS.) CURVE() 
GEOMETRIC_REPRESENTATION_ITEM() RATIONAL_B_SPLINE_CURVE((1.132556574715,
    1.036346631341,0.992316309354,0.976461899693,0.992316309354,
1.036346631341,1.132556574715)) REPRESENTATION_ITEM('') );
#2997 = CARTESIAN_POINT('',(51.955549577344,3.181359874392E-15,150.));
#2998 = CARTESIAN_POINT('',(51.955549577344,-29.72107856754,150.));
#2999 = CARTESIAN_POINT('',(32.45806974795,-55.78798421938,150.));
#3000 = CARTESIAN_POINT('',(-3.552713678801E-15,-66.29850582554,150.));
#3001 = CARTESIAN_POINT('',(-32.45806974795,-55.78798421938,150.));
#3002 = CARTESIAN_POINT('',(-51.95554957734,-29.72107856754,150.));
#3003 = CARTESIAN_POINT('',(-51.95554957734,-3.181359874392E-15,150.));
#3004 = PCURVE('',#794,#3005);
#3005 = DEFINITIONAL_REPRESENTATION('',(#3006),#3014);
#3006 = ( BOUNDED_CURVE() B_SPLINE_CURVE(6,(#3007,#3008,#3009,#3010,
#3011,#3012,#3013),.UNSPECIFIED.,.F.,.F.) B_SPLINE_CURVE_WITH_KNOTS((7,7
),(0.,3.14159265359),.PIECEWISE_BEZIER_KNOTS.) CURVE() 
GEOMETRIC_REPRESENTATION_ITEM() RATIONAL_B_SPLINE_CURVE((1.132556574715,
    1.036346631341,0.992316309354,0.976461899693,0.992316309354,
1.036346631341,1.132556574715)) REPRESENTATION_ITEM('') );
#3007 = CARTESIAN_POINT('',(1.107531354464E-14,-51.95554957734));
#3008 = CARTESIAN_POINT('',(-29.72107856754,-51.95554957734));
#3009 = CARTESIAN_POINT('',(-55.78798421938,-32.45806974795));
#3010 = CARTESIAN_POINT('',(-66.29850582554,1.073919036917E-14));
#3011 = CARTESIAN_POINT('',(-55.78798421938,32.45806974795));
#3012 = CARTESIAN_POINT('',(-29.72107856754,51.955549577344));
#3013 = CARTESIAN_POINT('',(4.712593795859E-15,51.955549577344));
#3014 = ( GEOMETRIC_REPRESENTATION_CONTEXT(2) 
PARAMETRIC_REPRESENTATION_CONTEXT() REPRESENTATION_CONTEXT('2D SPACE',''
  ) );
#3015 = PCURVE('',#3016,#3045);
#3016 = ( BOUNDED_SURFACE() B_SPLINE_SURFACE(6,3,(
    (#3017,#3018,#3019,#3020)
    ,(#3021,#3022,#3023,#3024)
    ,(#3025,#3026,#3027,#3028)
    ,(#3029,#3030,#3031,#3032)
    ,(#3033,#3034,#3035,#3036)
    ,(#3037,#3038,#3039,#3040)
    ,(#3041,#3042,#3043,#3044
)),.UNSPECIFIED.,.F.,.F.,.F.) B_SPLINE_SURFACE_WITH_KNOTS((7,7),(4,4),(
    0.,3.14159265359),(0.,148.),.PIECEWISE_BEZIER_KNOTS.) 
GEOMETRIC_REPRESENTATION_ITEM() RATIONAL_B_SPLINE_SURFACE((
    (1.132556574715,1.132556574715,1.132556574715,1.132556574715)
    ,(1.036346631341,1.036346631341,1.036346631341,1.036346631341)
    ,(0.992316309354,0.992316309354,0.992316309354,0.992316309354)
    ,(0.976461899693,0.976461899693,0.976461899693,0.976461899693)
    ,(0.992316309354,0.992316309354,0.992316309354,0.992316309354)
    ,(1.036346631341,1.036346631341,1.036346631341,1.036346631341)
    ,(1.132556574715,1.132556574715,1.132556574715,1.132556574715
))) REPRESENTATION_ITEM('') SURFACE() );
#3017 = CARTESIAN_POINT('',(34.637033051563,2.120906582928E-15,2.));
#3018 = CARTESIAN_POINT('',(34.637033051563,2.120906582928E-15,
    51.333333333333));
#3019 = CARTESIAN_POINT('',(51.955549577344,3.181359874392E-15,
    100.66666666666));
#3020 = CARTESIAN_POINT('',(51.955549577344,3.181359874392E-15,150.));
#3021 = CARTESIAN_POINT('',(34.637033051563,-19.81405237836,2.));
#3022 = CARTESIAN_POINT('',(34.637033051563,-19.81405237836,
    51.333333333333));
#3023 = CARTESIAN_POINT('',(51.955549577344,-29.72107856754,
    100.66666666666));
#3024 = CARTESIAN_POINT('',(51.955549577344,-29.72107856754,150.));
#3025 = CARTESIAN_POINT('',(21.6387131653,-37.19198947958,2.));
#3026 = CARTESIAN_POINT('',(21.6387131653,-37.19198947958,
    51.333333333333));
#3027 = CARTESIAN_POINT('',(32.45806974795,-55.78798421938,
    100.66666666666));
#3028 = CARTESIAN_POINT('',(32.45806974795,-55.78798421938,150.));
#3029 = CARTESIAN_POINT('',(-3.552713678801E-15,-44.19900388369,2.));
#3030 = CARTESIAN_POINT('',(3.552713678801E-15,-44.19900388369,
    51.333333333333));
#3031 = CARTESIAN_POINT('',(-1.42108547152E-14,-66.29850582554,
    100.66666666666));
#3032 = CARTESIAN_POINT('',(-3.552713678801E-15,-66.29850582554,150.));
#3033 = CARTESIAN_POINT('',(-21.6387131653,-37.19198947958,2.));
#3034 = CARTESIAN_POINT('',(-21.6387131653,-37.19198947958,
    51.333333333333));
#3035 = CARTESIAN_POINT('',(-32.45806974795,-55.78798421938,
    100.66666666666));
#3036 = CARTESIAN_POINT('',(-32.45806974795,-55.78798421938,150.));
#3037 = CARTESIAN_POINT('',(-34.63703305156,-19.81405237836,2.));
#3038 = CARTESIAN_POINT('',(-34.63703305156,-19.81405237836,
    51.333333333333));
#3039 = CARTESIAN_POINT('',(-51.95554957734,-29.72107856754,
    100.66666666666));
#3040 = CARTESIAN_POINT('',(-51.95554957734,-29.72107856754,150.));
#3041 = CARTESIAN_POINT('',(-34.63703305156,-2.120906582928E-15,2.));
#3042 = CARTESIAN_POINT('',(-34.63703305156,-2.120906582928E-15,
    51.333333333333));
#3043 = CARTESIAN_POINT('',(-51.95554957734,-3.181359874392E-15,
    100.66666666666));
#3044 = CARTESIAN_POINT('',(-51.95554957734,-3.181359874392E-15,150.));
#3045 = DEFINITIONAL_REPRESENTATION('',(#3046),#3050);
#3046 = LINE('',#3047,#3048);
#3047 = CARTESIAN_POINT('',(0.,148.));
#3048 = VECTOR('',#3049,1.);
#3049 = DIRECTION('',(1.,0.));
#3050 = ( GEOMETRIC_REPRESENTATION_CONTEXT(2) 
PARAMETRIC_REPRESENTATION_CONTEXT() REPRESENTATION_CONTEXT('2D SPACE',''
  ) );
#3051 = ORIENTED_EDGE('',*,*,#3052,.T.);
#3052 = EDGE_CURVE('',#2993,#2991,#3053,.T.);
#3053 = SURFACE_CURVE('',#3054,(#3062,#3073),.PCURVE_S1.);
#3054 = ( BOUNDED_CURVE() B_SPLINE_CURVE(6,(#3055,#3056,#3057,#3058,
#3059,#3060,#3061),.UNSPECIFIED.,.F.,.F.) B_SPLINE_CURVE_WITH_KNOTS((7,7
),(0.,3.14159265359),.PIECEWISE_BEZIER_KNOTS.) CURVE() 
GEOMETRIC_REPRESENTATION_ITEM() RATIONAL_B_SPLINE_CURVE((1.132556574715,
    1.036346631341,0.992316309354,0.976461899693,0.992316309354,
1.036346631341,1.132556574715)) REPRESENTATION_ITEM('') );
#3055 = CARTESIAN_POINT('',(-51.95554957734,-3.181359874392E-15,150.));
#3056 = CARTESIAN_POINT('',(-51.95554957734,29.721078567548,150.));
#3057 = CARTESIAN_POINT('',(-32.45806974795,55.78798421938,150.));
#3058 = CARTESIAN_POINT('',(3.552713678801E-15,66.298505825542,150.));
#3059 = CARTESIAN_POINT('',(32.45806974795,55.78798421938,150.));
#3060 = CARTESIAN_POINT('',(51.955549577344,29.721078567548,150.));
#3061 = CARTESIAN_POINT('',(51.955549577344,3.181359874392E-15,150.));
#3062 = PCURVE('',#794,#3063);
#3063 = DEFINITIONAL_REPRESENTATION('',(#3064),#3072);
#3064 = ( BOUNDED_CURVE() B_SPLINE_CURVE(6,(#3065,#3066,#3067,#3068,
#3069,#3070,#3071),.UNSPECIFIED.,.F.,.F.) B_SPLINE_CURVE_WITH_KNOTS((7,7
),(0.,3.14159265359),.PIECEWISE_BEZIER_KNOTS.) CURVE() 
GEOMETRIC_REPRESENTATION_ITEM() RATIONAL_B_SPLINE_CURVE((1.132556574715,
    1.036346631341,0.992316309354,0.976461899693,0.992316309354,
1.036346631341,1.132556574715)) REPRESENTATION_ITEM('') );
#3065 = CARTESIAN_POINT('',(4.712593795859E-15,51.955549577344));
#3066 = CARTESIAN_POINT('',(29.721078567548,51.955549577344));
#3067 = CARTESIAN_POINT('',(55.78798421938,32.45806974795));
#3068 = CARTESIAN_POINT('',(66.298505825542,3.63376301157E-15));
#3069 = CARTESIAN_POINT('',(55.78798421938,-32.45806974795));
#3070 = CARTESIAN_POINT('',(29.721078567548,-51.95554957734));
#3071 = CARTESIAN_POINT('',(1.107531354464E-14,-51.95554957734));
#3072 = ( GEOMETRIC_REPRESENTATION_CONTEXT(2) 
PARAMETRIC_REPRESENTATION_CONTEXT() REPRESENTATION_CONTEXT('2D SPACE',''
  ) );
#3073 = PCURVE('',#3074,#3103);
#3074 = ( BOUNDED_SURFACE() B_SPLINE_SURFACE(6,3,(
    (#3075,#3076,#3077,#3078)
    ,(#3079,#3080,#3081,#3082)
    ,(#3083,#3084,#3085,#3086)
    ,(#3087,#3088,#3089,#3090)
    ,(#3091,#3092,#3093,#3094)
    ,(#3095,#3096,#3097,#3098)
    ,(#3099,#3100,#3101,#3102
)),.UNSPECIFIED.,.F.,.F.,.F.) B_SPLINE_SURFACE_WITH_KNOTS((7,7),(4,4),(
    0.,3.14159265359),(0.,148.),.PIECEWISE_BEZIER_KNOTS.) 
GEOMETRIC_REPRESENTATION_ITEM() RATIONAL_B_SPLINE_SURFACE((
    (1.132556574715,1.132556574715,1.132556574715,1.132556574715)
    ,(1.036346631341,1.036346631341,1.036346631341,1.036346631341)
    ,(0.992316309354,0.992316309354,0.992316309354,0.992316309354)
    ,(0.976461899693,0.976461899693,0.976461899693,0.976461899693)
    ,(0.992316309354,0.992316309354,0.992316309354,0.992316309354)
    ,(1.036346631341,1.036346631341,1.036346631341,1.036346631341)
    ,(1.132556574715,1.132556574715,1.132556574715,1.132556574715
))) REPRESENTATION_ITEM('') SURFACE() );
#3075 = CARTESIAN_POINT('',(-34.63703305156,-2.120906582928E-15,2.));
#3076 = CARTESIAN_POINT('',(-34.63703305156,-2.120906582928E-15,
    51.333333333333));
#3077 = CARTESIAN_POINT('',(-51.95554957734,-3.181359874392E-15,
    100.66666666666));
#3078 = CARTESIAN_POINT('',(-51.95554957734,-3.181359874392E-15,150.));
#3079 = CARTESIAN_POINT('',(-34.63703305156,19.814052378366,2.));
#3080 = CARTESIAN_POINT('',(-34.63703305156,19.814052378366,
    51.333333333333));
#3081 = CARTESIAN_POINT('',(-51.95554957734,29.721078567548,
    100.66666666666));
#3082 = CARTESIAN_POINT('',(-51.95554957734,29.721078567548,150.));
#3083 = CARTESIAN_POINT('',(-21.6387131653,37.191989479586,2.));
#3084 = CARTESIAN_POINT('',(-21.6387131653,37.191989479586,
    51.333333333333));
#3085 = CARTESIAN_POINT('',(-32.45806974795,55.78798421938,
    100.66666666666));
#3086 = CARTESIAN_POINT('',(-32.45806974795,55.78798421938,150.));
#3087 = CARTESIAN_POINT('',(3.552713678801E-15,44.199003883694,2.));
#3088 = CARTESIAN_POINT('',(-3.552713678801E-15,44.199003883694,
    51.333333333333));
#3089 = CARTESIAN_POINT('',(1.42108547152E-14,66.298505825542,
    100.66666666666));
#3090 = CARTESIAN_POINT('',(3.552713678801E-15,66.298505825542,150.));
#3091 = CARTESIAN_POINT('',(21.6387131653,37.191989479586,2.));
#3092 = CARTESIAN_POINT('',(21.6387131653,37.191989479586,
    51.333333333333));
#3093 = CARTESIAN_POINT('',(32.45806974795,55.78798421938,
    100.66666666666));
#3094 = CARTESIAN_POINT('',(32.45806974795,55.78798421938,150.));
#3095 = CARTESIAN_POINT('',(34.637033051563,19.814052378366,2.));
#3096 = CARTESIAN_POINT('',(34.637033051563,19.814052378366,
    51.333333333333));
#3097 = CARTESIAN_POINT('',(51.955549577344,29.721078567548,
    100.66666666666));
#3098 = CARTESIAN_POINT('',(51.955549577344,29.721078567548,150.));
#3099 = CARTESIAN_POINT('',(34.637033051563,2.120906582928E-15,2.));
#3100 = CARTESIAN_POINT('',(34.637033051563,2.120906582928E-15,
    51.333333333333));
#3101 = CARTESIAN_POINT('',(51.955549577344,3.181359874392E-15,
    100.66666666666));
#3102 = CARTESIAN_POINT('',(51.955549577344,3.181359874392E-15,150.));
#3103 = DEFINITIONAL_REPRESENTATION('',(#3104),#3108);
#3104 = LINE('',#3105,#3106);
#3105 = CARTESIAN_POINT('',(0.,148.));
#3106 = VECTOR('',#3107,1.);
#3107 = DIRECTION('',(1.,0.));
#3108 = ( GEOMETRIC_REPRESENTATION_CONTEXT(2) 
PARAMETRIC_REPRESENTATION_CONTEXT() REPRESENTATION_CONTEXT('2D SPACE',''
  ) );
#3109 = ADVANCED_FACE('',(#3110),#510,.T.);
#3110 = FACE_BOUND('',#3111,.T.);
#3111 = EDGE_LOOP('',(#3112,#3381,#3435,#3436,#3437));
#3112 = ORIENTED_EDGE('',*,*,#3113,.T.);
#3113 = EDGE_CURVE('',#3114,#3116,#3118,.T.);
#3114 = VERTEX_POINT('',#3115);
#3115 = CARTESIAN_POINT('',(-3.339845667758,33.703992716759,
    7.105427357601E-15));
#3116 = VERTEX_POINT('',#3117);
#3117 = CARTESIAN_POINT('',(-3.991933454013,38.771327373938,
    3.007113252462));
#3118 = SURFACE_CURVE('',#3119,(#3154,#3192),.PCURVE_S1.);
#3119 = B_SPLINE_CURVE_WITH_KNOTS('',5,(#3120,#3121,#3122,#3123,#3124,
    #3125,#3126,#3127,#3128,#3129,#3130,#3131,#3132,#3133,#3134,#3135,
    #3136,#3137,#3138,#3139,#3140,#3141,#3142,#3143,#3144,#3145,#3146,
    #3147,#3148,#3149,#3150,#3151,#3152,#3153),.UNSPECIFIED.,.F.,.F.,(6,
    4,4,4,4,4,4,4,6),(0.,0.116741129226,0.237299712579,0.362398134264,
    0.492476117069,0.622310395602,0.749682188404,0.875414858307,1.),
  .UNSPECIFIED.);
#3120 = CARTESIAN_POINT('',(-3.339845665533,33.703992718189,
    7.382983114591E-15));
#3121 = CARTESIAN_POINT('',(-3.356694179524,33.84110922302,
    2.064761680642E-09));
#3122 = CARTESIAN_POINT('',(-3.373787494555,33.979777842008,
    3.943060680907E-03));
#3123 = CARTESIAN_POINT('',(-3.391098724037,34.119757764341,
    1.199683496257E-02));
#3124 = CARTESIAN_POINT('',(-3.408595922967,34.26077346797,
    2.430665766108E-02));
#3125 = CARTESIAN_POINT('',(-3.444466433179,34.548904683199,
    5.820703969263E-02));
#3126 = CARTESIAN_POINT('',(-3.462849691152,34.696068954973,
    8.008791523084E-02));
#3127 = CARTESIAN_POINT('',(-3.481352321049,34.843680317756,
    0.106749906674));
#3128 = CARTESIAN_POINT('',(-3.499929113827,34.991373540005,
    0.138277575382));
#3129 = CARTESIAN_POINT('',(-3.537833917906,35.291709420957,
    0.212508545578));
#3130 = CARTESIAN_POINT('',(-3.557163888438,35.444329135726,
    0.255587990028));
#3131 = CARTESIAN_POINT('',(-3.576466701077,35.596198540738,
    0.303986318272));
#3132 = CARTESIAN_POINT('',(-3.595683820885,35.746871887828,
    0.357688233635));
#3133 = CARTESIAN_POINT('',(-3.634586443391,36.050874487477,
    0.477894422043));
#3134 = CARTESIAN_POINT('',(-3.654260157952,36.204070852899,
    0.54482324379));
#3135 = CARTESIAN_POINT('',(-3.67370961823,36.354999010452,
    0.617320828412));
#3136 = CARTESIAN_POINT('',(-3.692866555101,36.503167330429,
    0.695233177223));
#3137 = CARTESIAN_POINT('',(-3.730429591996,36.79279621678,
    0.861297916573));
#3138 = CARTESIAN_POINT('',(-3.748837048343,36.934268951424,
    0.949430920188));
#3139 = CARTESIAN_POINT('',(-3.76682311435,37.072079790632,
    1.042527191778));
#3140 = CARTESIAN_POINT('',(-3.784325989171,37.20580703526,
    1.140309787465));
#3141 = CARTESIAN_POINT('',(-3.817933732914,37.461911079981,
    1.342666292555));
#3142 = CARTESIAN_POINT('',(-3.834058835553,37.584455155693,
    1.447076316529));
#3143 = CARTESIAN_POINT('',(-3.849614123606,37.702371549291,
    1.555382975682));
#3144 = CARTESIAN_POINT('',(-3.864554167784,37.815367266339,
    1.667241655037));
#3145 = CARTESIAN_POINT('',(-3.892946384287,38.029670131723,
    1.895850944777));
#3146 = CARTESIAN_POINT('',(-3.9064152427,38.131109080202,2.012520196193
    ));
#3147 = CARTESIAN_POINT('',(-3.91921335819,38.227308079837,
    2.131942403834));
#3148 = CARTESIAN_POINT('',(-3.931313627975,38.318106444906,
    2.253746564072));
#3149 = CARTESIAN_POINT('',(-3.953978140064,38.487924824998,
    2.500244928615));
#3150 = CARTESIAN_POINT('',(-3.964555403875,38.56704485429,
    2.624902744746));
#3151 = CARTESIAN_POINT('',(-3.974411842794,38.64066803453,
    2.751172226724));
#3152 = CARTESIAN_POINT('',(-3.983538290213,38.708757014196,
    2.878691537849));
#3153 = CARTESIAN_POINT('',(-3.991933454013,38.771327373938,
    3.007113252462));
#3154 = PCURVE('',#510,#3155);
#3155 = DEFINITIONAL_REPRESENTATION('',(#3156),#3191);
#3156 = B_SPLINE_CURVE_WITH_KNOTS('',5,(#3157,#3158,#3159,#3160,#3161,
    #3162,#3163,#3164,#3165,#3166,#3167,#3168,#3169,#3170,#3171,#3172,
    #3173,#3174,#3175,#3176,#3177,#3178,#3179,#3180,#3181,#3182,#3183,
    #3184,#3185,#3186,#3187,#3188,#3189,#3190),.UNSPECIFIED.,.F.,.F.,(6,
    4,4,4,4,4,4,4,6),(0.,0.116741129226,0.237299712579,0.362398134264,
    0.492476117069,0.622310395602,0.749682188404,0.875414858307,1.),
  .UNSPECIFIED.);
#3157 = CARTESIAN_POINT('',(26.174596204045,20.335138572494));
#3158 = CARTESIAN_POINT('',(25.757353190617,20.408936314434));
#3159 = CARTESIAN_POINT('',(25.343424860356,20.484147590257));
#3160 = CARTESIAN_POINT('',(24.932906899104,20.560675175757));
#3161 = CARTESIAN_POINT('',(24.525883623784,20.638396382697));
#3162 = CARTESIAN_POINT('',(23.705767281352,20.798504475917));
#3163 = CARTESIAN_POINT('',(23.292910695282,20.880960861657));
#3164 = CARTESIAN_POINT('',(22.883926273335,20.964368269616));
#3165 = CARTESIAN_POINT('',(22.478866367202,21.048533842923));
#3166 = CARTESIAN_POINT('',(21.661541167109,21.22113523239));
#3167 = CARTESIAN_POINT('',(21.249578646214,21.309612558426));
#3168 = CARTESIAN_POINT('',(20.84189668843,21.398428472399));
#3169 = CARTESIAN_POINT('',(20.438489735369,21.48731114215));
#3170 = CARTESIAN_POINT('',(19.62425301328,21.66816219301));
#3171 = CARTESIAN_POINT('',(19.213766659959,21.760112643634));
#3172 = CARTESIAN_POINT('',(18.807810264038,21.851499398358));
#3173 = CARTESIAN_POINT('',(18.406292610384,21.941979646318));
#3174 = CARTESIAN_POINT('',(17.612616760523,22.120278726304));
#3175 = CARTESIAN_POINT('',(17.220442164156,22.208102309494));
#3176 = CARTESIAN_POINT('',(16.832428822469,22.294344888714));
#3177 = CARTESIAN_POINT('',(16.448405407807,22.378670902282));
#3178 = CARTESIAN_POINT('',(15.69514919795,22.541312101399));
#3179 = CARTESIAN_POINT('',(15.325773742778,22.619711034591));
#3180 = CARTESIAN_POINT('',(14.959856118706,22.695673697984));
#3181 = CARTESIAN_POINT('',(14.597178714545,22.768931128807));
#3182 = CARTESIAN_POINT('',(13.882471491047,22.908673323708));
#3183 = CARTESIAN_POINT('',(13.530364392102,22.97523318292));
#3184 = CARTESIAN_POINT('',(13.180967762503,23.038714044291));
#3185 = CARTESIAN_POINT('',(12.83404544656,23.09893456912));
#3186 = CARTESIAN_POINT('',(12.147825274529,23.212067234003));
#3187 = CARTESIAN_POINT('',(11.808486381529,23.265041115947));
#3188 = CARTESIAN_POINT('',(11.471117032134,23.314550609593));
#3189 = CARTESIAN_POINT('',(11.135487392404,23.360509926129));
#3190 = CARTESIAN_POINT('',(10.80137949495,23.402878486583));
#3191 = ( GEOMETRIC_REPRESENTATION_CONTEXT(2) 
PARAMETRIC_REPRESENTATION_CONTEXT() REPRESENTATION_CONTEXT('2D SPACE',''
  ) );
#3192 = PCURVE('',#3193,#3344);
#3193 = ( BOUNDED_SURFACE() B_SPLINE_SURFACE(2,13,(
    (#3194,#3195,#3196,#3197,#3198,#3199,#3200,#3201,#3202,#3203,#3204
      ,#3205,#3206,#3207,#3208,#3209,#3210,#3211,#3212,#3213,#3214,#3215
      ,#3216,#3217,#3218,#3219,#3220,#3221,#3222,#3223,#3224,#3225,#3226
      ,#3227,#3228,#3229,#3230,#3231,#3232,#3233,#3234,#3235,#3236,#3237
      ,#3238,#3239,#3240,#3241,#3242,#3243)
    ,(#3244,#3245,#3246,#3247,#3248,#3249,#3250,#3251,#3252,#3253,#3254
      ,#3255,#3256,#3257,#3258,#3259,#3260,#3261,#3262,#3263,#3264,#3265
      ,#3266,#3267,#3268,#3269,#3270,#3271,#3272,#3273,#3274,#3275,#3276
      ,#3277,#3278,#3279,#3280,#3281,#3282,#3283,#3284,#3285,#3286,#3287
      ,#3288,#3289,#3290,#3291,#3292,#3293)
    ,(#3294,#3295,#3296,#3297,#3298,#3299,#3300,#3301,#3302,#3303,#3304
      ,#3305,#3306,#3307,#3308,#3309,#3310,#3311,#3312,#3313,#3314,#3315
      ,#3316,#3317,#3318,#3319,#3320,#3321,#3322,#3323,#3324,#3325,#3326
      ,#3327,#3328,#3329,#3330,#3331,#3332,#3333,#3334,#3335,#3336,#3337
      ,#3338,#3339,#3340,#3341,#3342,#3343
)),.UNSPECIFIED.,.F.,.F.,.F.) B_SPLINE_SURFACE_WITH_KNOTS((3,3),(14,12,
    12,12,14),(0.,26.174596211355),(-1.908874923305,-0.909844309418,
    12.177453796259,25.264751901936,26.08175632981),.UNSPECIFIED.) 
GEOMETRIC_REPRESENTATION_ITEM() RATIONAL_B_SPLINE_SURFACE((
    (1.,1.,1.,1.,1.,1.,1.,1.,1.,1.,1.,1.,1.,1.,1.,1.,1.,1.,1.,1.,1.,1.
      ,1.,1.,1.,1.,1.,1.,1.,1.,1.,1.,1.,1.,1.,1.,1.,1.,1.,1.,1.,1.,1.,1.
      ,1.,1.,1.,1.,1.,1.)
    ,(0.874589043656,0.875085962011,0.87550006064,0.875831339542
      ,0.87607979872,0.876245438171,0.876328257897,0.876328257897
      ,0.876245438171,0.87607979872,0.875831339542,0.87550006064
      ,0.875085962011,0.868079414674,0.861094084585,0.853605149565
      ,0.845586424409,0.837012985136,0.827860909281,0.818107256904
      ,0.807730336363,0.796710297519,0.785030096643,0.772676875696
      ,0.759643800025,0.732220994993,0.717832363838,0.702759255868
      ,0.687059540847,0.670608415343,0.653780274364,0.636086655066
      ,0.618285962701,0.599915281652,0.58147275191,0.563006344078
      ,0.544750892277,0.525782941587,0.524854158352,0.524111131764
      ,0.523553861823,0.523182348529,0.522996591882,0.522996591882
      ,0.523182348529,0.523553861823,0.524111131764,0.524854158352
      ,0.525782941587,0.526897481468)
    ,(1.,1.,1.,1.,1.,1.,1.,1.,1.,1.,1.,1.,1.,1.,1.,1.,1.,1.,1.,1.,1.,1.
      ,1.,1.,1.,1.,1.,1.,1.,1.,1.,1.,1.,1.,1.,1.,1.,1.,1.,1.,1.,1.,1.,1.
,1.,1.,1.,1.,1.,1.))) REPRESENTATION_ITEM('') SURFACE() );
#3194 = CARTESIAN_POINT('',(0.695505230568,42.341860899937,
    2.220267356544));
#3195 = CARTESIAN_POINT('',(0.622582209956,42.279473960892,
    2.231678860441));
#3196 = CARTESIAN_POINT('',(0.551107401829,42.218325993345,
    2.242863737927));
#3197 = CARTESIAN_POINT('',(0.481080806189,42.158416997296,
    2.253821989002));
#3198 = CARTESIAN_POINT('',(0.412502423034,42.099746972745,
    2.264553613667));
#3199 = CARTESIAN_POINT('',(0.345372252365,42.042315919691,
    2.275058611921));
#3200 = CARTESIAN_POINT('',(0.279690294182,41.986123838135,
    2.285336983764));
#3201 = CARTESIAN_POINT('',(0.215456548485,41.931170728077,
    2.295388729196));
#3202 = CARTESIAN_POINT('',(0.152671015273,41.877456589516,
    2.305213848217));
#3203 = CARTESIAN_POINT('',(9.133369454707E-02,41.824981422453,
    2.314812340828));
#3204 = CARTESIAN_POINT('',(3.14445863069E-02,41.773745226888,
    2.324184207027));
#3205 = CARTESIAN_POINT('',(-2.699630944751E-02,41.723748002821,
    2.333329446816));
#3206 = CARTESIAN_POINT('',(-8.398899271616E-02,41.674989750251,
    2.342248060195));
#3207 = CARTESIAN_POINT('',(-0.867165867505,41.004968026802,
    2.464805050889));
#3208 = CARTESIAN_POINT('',(-1.615551200604,40.404747109909,
    2.586072303482));
#3209 = CARTESIAN_POINT('',(-2.383728972265,39.826455670553,
    2.715011834638));
#3210 = CARTESIAN_POINT('',(-3.170718979495,39.269656195475,
    2.851822791095));
#3211 = CARTESIAN_POINT('',(-3.975638246002,38.733778366367,
    2.996641653195));
#3212 = CARTESIAN_POINT('',(-4.79777825859,38.218109253529,
    3.149543907585));
#3213 = CARTESIAN_POINT('',(-5.636650330964,37.721813748153,
    3.310539988502));
#3214 = CARTESIAN_POINT('',(-6.492006926702,37.243977973047,
    3.479566302703));
#3215 = CARTESIAN_POINT('',(-7.36384677079,36.783668365953,
    3.656472149681));
#3216 = CARTESIAN_POINT('',(-8.252411582094,36.339999181157,
    3.841003352647));
#3217 = CARTESIAN_POINT('',(-9.158182255929,35.912201105108,
    4.032783412035));
#3218 = CARTESIAN_POINT('',(-10.08188232889,35.499683723474,
    4.231292996422));
#3219 = CARTESIAN_POINT('',(-11.9671107824,34.704485370757,
    4.640404170494));
#3220 = CARTESIAN_POINT('',(-12.92859981477,34.321820680418,
    4.850992544546));
#3221 = CARTESIAN_POINT('',(-13.91021145826,33.953684021212,
    5.067033774029));
#3222 = CARTESIAN_POINT('',(-14.91160232258,33.600379513004,
    5.287110347177));
#3223 = CARTESIAN_POINT('',(-15.93903541115,33.261013354961,
    5.511928509961));
#3224 = CARTESIAN_POINT('',(-16.98254710024,32.939149983131,
    5.736176568312));
#3225 = CARTESIAN_POINT('',(-18.06317987744,32.631428005821,
    5.964953080579));
#3226 = CARTESIAN_POINT('',(-19.15731065274,32.346069224297,
    6.188254912105));
#3227 = CARTESIAN_POINT('',(-20.28958639754,32.080440092922,
    6.411260300035));
#3228 = CARTESIAN_POINT('',(-21.44499887451,31.842292496019,
    6.627438611032));
#3229 = CARTESIAN_POINT('',(-22.63021188717,31.634903582988,
    6.836372423072));
#3230 = CARTESIAN_POINT('',(-23.84166481115,31.464315471754,
    7.035652096409));
#3231 = CARTESIAN_POINT('',(-25.15382320455,31.328076960859,
    7.235535405357));
#3232 = CARTESIAN_POINT('',(-25.23202721496,31.319957211004,
    7.247448354626));
#3233 = CARTESIAN_POINT('',(-25.31133397774,31.311722964803,
    7.259529288031));
#3234 = CARTESIAN_POINT('',(-25.3917434929,31.303374222256,
    7.271778205572));
#3235 = CARTESIAN_POINT('',(-25.47325576044,31.294910983364,
    7.284195107248));
#3236 = CARTESIAN_POINT('',(-25.55587078035,31.286333248125,
    7.29677999306));
#3237 = CARTESIAN_POINT('',(-25.63958855263,31.27764101654,
    7.309532863007));
#3238 = CARTESIAN_POINT('',(-25.72440907728,31.26883428861,7.32245371709
    ));
#3239 = CARTESIAN_POINT('',(-25.81033235431,31.259913064333,
    7.335542555309));
#3240 = CARTESIAN_POINT('',(-25.89735838372,31.250877343711,
    7.348799377663));
#3241 = CARTESIAN_POINT('',(-25.98548716549,31.241727126743,
    7.362224184153));
#3242 = CARTESIAN_POINT('',(-26.07471869965,31.232462413428,
    7.375816974778));
#3243 = CARTESIAN_POINT('',(-26.16505298617,31.223083203768,
    7.389577749539));
#3244 = CARTESIAN_POINT('',(1.633380062363,41.186085749375,
    2.861294624514E-13));
#3245 = CARTESIAN_POINT('',(1.561083976794,41.126468189503,
    2.625408110279E-13));
#3246 = CARTESIAN_POINT('',(1.489965030788,41.067821334861,
    2.393362348219E-13));
#3247 = CARTESIAN_POINT('',(1.420001379372,41.010127171417,
    2.165086062913E-13));
#3248 = CARTESIAN_POINT('',(1.351171870037,40.953368256167,
    1.940510238291E-13));
#3249 = CARTESIAN_POINT('',(1.283456021437,40.897527699567,
    1.719568048142E-13));
#3250 = CARTESIAN_POINT('',(1.216834003078,40.842589148786,
    1.502194789844E-13));
#3251 = CARTESIAN_POINT('',(1.151286615961,40.788536771743,
    1.288327821215E-13));
#3252 = CARTESIAN_POINT('',(1.086795274141,40.735355241901,
    1.077906500329E-13));
#3253 = CARTESIAN_POINT('',(1.023341987156,40.683029723774,
    8.708721281883E-14));
#3254 = CARTESIAN_POINT('',(0.960909343292,40.631545859133,
    6.671678941381E-14));
#3255 = CARTESIAN_POINT('',(0.899480493666,40.580889753874,
    4.667388239085E-14));
#3256 = CARTESIAN_POINT('',(0.839039137076,40.531047965526,
    2.695317301946E-14));
#3257 = CARTESIAN_POINT('',(-5.770470464276E-03,39.834392165126,
    -2.48689957516E-13));
#3258 = CARTESIAN_POINT('',(-0.81601390504,39.216224275625,
    1.207922650792E-12));
#3259 = CARTESIAN_POINT('',(-1.64981998841,38.628466485866,
    -3.351541266738E-12));
#3260 = CARTESIAN_POINT('',(-2.505709172558,38.072059671297,
    6.877165503738E-12));
#3261 = CARTESIAN_POINT('',(-3.382117659766,37.547896129016,
    -1.094413448754E-11));
#3262 = CARTESIAN_POINT('',(-4.277422585666,37.056812158583,
    1.403233085284E-11));
#3263 = CARTESIAN_POINT('',(-5.189945261205,36.599594746896,
    -1.450040088002E-11));
#3264 = CARTESIAN_POINT('',(-6.117939503577,36.176996897249,
    1.206945654531E-11));
#3265 = CARTESIAN_POINT('',(-7.059571849686,35.789755737189,
    -7.946088231847E-12));
#3266 = CARTESIAN_POINT('',(-8.012900371789,35.438606848676,
    4.024780508871E-12));
#3267 = CARTESIAN_POINT('',(-8.975858952862,35.124287210053,
    -1.411759598113E-12));
#3268 = CARTESIAN_POINT('',(-9.946254321967,34.847517601454,
    2.597921877623E-13));
#3269 = CARTESIAN_POINT('',(-11.93384876419,34.361454113153,
    -1.532107773983E-13));
#3270 = CARTESIAN_POINT('',(-12.95660449734,34.153815815159,
    4.05897537803E-13));
#3271 = CARTESIAN_POINT('',(-13.98781976312,33.987387114729,
    -5.413447468072E-13));
#3272 = CARTESIAN_POINT('',(-15.02583580674,33.863095987623,
    9.059419880941E-14));
#3273 = CARTESIAN_POINT('',(-16.0663435158,33.783527773795,
    1.349143019524E-12));
#3274 = CARTESIAN_POINT('',(-17.10905722831,33.747098043926,
    -3.116618074728E-12));
#3275 = CARTESIAN_POINT('',(-18.14861574265,33.759763272321,
    4.127365116346E-12));
#3276 = CARTESIAN_POINT('',(-19.18011451622,33.816246391118,
    -3.771205570047E-12));
#3277 = CARTESIAN_POINT('',(-20.20571535604,33.922364409594,
    2.640554441768E-12));
#3278 = CARTESIAN_POINT('',(-21.21385233949,34.074311414324,
    -1.425526363619E-12));
#3279 = CARTESIAN_POINT('',(-22.20716608924,34.272243230192,
    5.972999872483E-13));
#3280 = CARTESIAN_POINT('',(-23.18216960716,34.514208139894,
    -1.558753126574E-13));
#3281 = CARTESIAN_POINT('',(-24.20080127255,34.816869357203,
    1.764692119272E-14));
#3282 = CARTESIAN_POINT('',(-24.26622372679,34.836308022141,
    2.879152899226E-14));
#3283 = CARTESIAN_POINT('',(-24.33513591599,34.856783575552,
    4.053060742041E-14));
#3284 = CARTESIAN_POINT('',(-24.40747934799,34.878278637937,
    5.285419243435E-14));
#3285 = CARTESIAN_POINT('',(-24.4831879303,34.900773571543,
    6.575102528337E-14));
#3286 = CARTESIAN_POINT('',(-24.56218816429,34.924246538073,
    7.920858559964E-14));
#3287 = CARTESIAN_POINT('',(-24.64439938001,34.948673568441,
    9.321313138676E-14));
#3288 = CARTESIAN_POINT('',(-24.72973400981,34.97402864409,
    1.077497456422E-13));
#3289 = CARTESIAN_POINT('',(-24.81809789909,35.000283789307,
    1.228023892829E-13));
#3290 = CARTESIAN_POINT('',(-24.90939065165,35.027409173839,
    1.383539599794E-13));
#3291 = CARTESIAN_POINT('',(-25.00350600709,35.055373225038,
    1.543863564482E-13));
#3292 = CARTESIAN_POINT('',(-25.10033224732,35.084142748636,
    1.708805476958E-13));
#3293 = CARTESIAN_POINT('',(-25.19975262889,35.113683057205,
    1.878166466681E-13));
#3294 = CARTESIAN_POINT('',(3.311029862927,39.088108263466,
    2.142408850832E-13));
#3295 = CARTESIAN_POINT('',(3.249746137702,39.029022216043,
    1.98375709752E-13));
#3296 = CARTESIAN_POINT('',(3.188462412477,38.969936168619,
    1.825105344208E-13));
#3297 = CARTESIAN_POINT('',(3.127178687252,38.910850121196,
    1.666453590895E-13));
#3298 = CARTESIAN_POINT('',(3.065894962027,38.851764073772,
    1.507801837583E-13));
#3299 = CARTESIAN_POINT('',(3.004611236802,38.792678026348,
    1.349150084271E-13));
#3300 = CARTESIAN_POINT('',(2.943327511577,38.733591978925,
    1.190498330959E-13));
#3301 = CARTESIAN_POINT('',(2.882043786352,38.674505931501,
    1.031846577646E-13));
#3302 = CARTESIAN_POINT('',(2.820760061127,38.615419884077,
    8.731948243342E-14));
#3303 = CARTESIAN_POINT('',(2.759476335902,38.556333836653,
    7.145430710219E-14));
#3304 = CARTESIAN_POINT('',(2.698192610677,38.497247789228,
    5.558913177097E-14));
#3305 = CARTESIAN_POINT('',(2.636908885452,38.438161741804,
    3.972395643975E-14));
#3306 = CARTESIAN_POINT('',(2.575625160227,38.37907569438,
    2.385878110852E-14));
#3307 = CARTESIAN_POINT('',(1.711524814672,37.545962599356,
    -1.998401444325E-13));
#3308 = CARTESIAN_POINT('',(0.879672098868,36.795268677194,
    9.769962616708E-13));
#3309 = CARTESIAN_POINT('',(1.959608527176E-02,36.068591621854,
    -2.704059198772E-12));
#3310 = CARTESIAN_POINT('',(-0.868021768121,35.366501934744,
    5.533351554751E-12));
#3311 = CARTESIAN_POINT('',(-1.782572155666,34.689509863592,
    -8.712586208003E-12));
#3312 = CARTESIAN_POINT('',(-2.723490660785,34.038100176888,
    1.092370638396E-11));
#3313 = CARTESIAN_POINT('',(-3.690253273409,33.412754106567,
    -1.091438051042E-11));
#3314 = CARTESIAN_POINT('',(-4.682385546113,32.813963869578,
    8.698819442582E-12));
#3315 = CARTESIAN_POINT('',(-5.699476245177,32.242245138719,
    -5.397460256503E-12));
#3316 = CARTESIAN_POINT('',(-6.741186354836,31.698152878488,
    2.516209463014E-12));
#3317 = CARTESIAN_POINT('',(-7.807244290862,31.182305917781,
    -7.647216193614E-13));
#3318 = CARTESIAN_POINT('',(-8.89741818162,30.695425667873,
    7.993605777303E-14));
#3319 = CARTESIAN_POINT('',(-11.12549396443,29.781363067846,
    8.082423619269E-14));
#3320 = CARTESIAN_POINT('',(-12.26330036206,29.354167852718,
    -7.336353746733E-13));
#3321 = CARTESIAN_POINT('',(-13.4257133675,28.957751372508,
    2.310152069631E-12));
#3322 = CARTESIAN_POINT('',(-14.60715802993,28.592768466106,
    -4.728217817308E-12));
#3323 = CARTESIAN_POINT('',(-15.82469708622,28.261406837484,
    7.342570995582E-12));
#3324 = CARTESIAN_POINT('',(-17.03872563898,27.963065182057,
    -8.994138767208E-12));
#3325 = CARTESIAN_POINT('',(-18.31483539932,27.702030068185,
    8.909761817113E-12));
#3326 = CARTESIAN_POINT('',(-19.5705648323,27.478032994667,
    -7.104539179249E-12));
#3327 = CARTESIAN_POINT('',(-20.87930046678,27.293857104863,
    4.547917598047E-12));
#3328 = CARTESIAN_POINT('',(-22.19423604981,27.153110988352,
    -2.253308650786E-12));
#3329 = CARTESIAN_POINT('',(-23.53172471231,27.057495395816,
    8.32667268468E-13));
#3330 = CARTESIAN_POINT('',(-24.88384935439,27.010191071543,
    -1.771915947302E-13));
#3331 = CARTESIAN_POINT('',(-26.33261545698,27.013786733664,
    1.813877673178E-14));
#3332 = CARTESIAN_POINT('',(-26.41774366229,27.013998011566,
    2.961621531581E-14));
#3333 = CARTESIAN_POINT('',(-26.5028718676,27.014209289469,
    4.109365389983E-14));
#3334 = CARTESIAN_POINT('',(-26.58800007291,27.014420567371,
    5.257109248386E-14));
#3335 = CARTESIAN_POINT('',(-26.67312827822,27.014631845274,
    6.404853106789E-14));
#3336 = CARTESIAN_POINT('',(-26.75825648353,27.014843123176,
    7.552596965192E-14));
#3337 = CARTESIAN_POINT('',(-26.84338468884,27.015054401078,
    8.700340823594E-14));
#3338 = CARTESIAN_POINT('',(-26.92851289415,27.015265678981,
    9.848084681997E-14));
#3339 = CARTESIAN_POINT('',(-27.01364109946,27.015476956883,
    1.09958285404E-13));
#3340 = CARTESIAN_POINT('',(-27.09876930477,27.015688234786,
    1.21435723988E-13));
#3341 = CARTESIAN_POINT('',(-27.18389751008,27.015899512688,
    1.329131625721E-13));
#3342 = CARTESIAN_POINT('',(-27.26902571539,27.016110790591,
    1.443906011561E-13));
#3343 = CARTESIAN_POINT('',(-27.3541539207,27.016322068493,
    1.558680397401E-13));
#3344 = DEFINITIONAL_REPRESENTATION('',(#3345),#3380);
#3345 = B_SPLINE_CURVE_WITH_KNOTS('',5,(#3346,#3347,#3348,#3349,#3350,
    #3351,#3352,#3353,#3354,#3355,#3356,#3357,#3358,#3359,#3360,#3361,
    #3362,#3363,#3364,#3365,#3366,#3367,#3368,#3369,#3370,#3371,#3372,
    #3373,#3374,#3375,#3376,#3377,#3378,#3379),.UNSPECIFIED.,.F.,.F.,(6,
    4,4,4,4,4,4,4,6),(0.,0.116741129226,0.237299712579,0.362398134264,
    0.492476117069,0.622310395602,0.749682188404,0.875414858307,1.),
  .UNSPECIFIED.);
#3346 = CARTESIAN_POINT('',(26.174596211355,5.732174668107));
#3347 = CARTESIAN_POINT('',(25.598673798148,5.694406097601));
#3348 = CARTESIAN_POINT('',(25.020958573147,5.655859442321));
#3349 = CARTESIAN_POINT('',(24.441389080062,5.616578206004));
#3350 = CARTESIAN_POINT('',(23.859903670916,5.576618704279));
#3351 = CARTESIAN_POINT('',(22.673909548437,5.494156923816));
#3352 = CARTESIAN_POINT('',(22.069269388624,5.451614202434));
#3353 = CARTESIAN_POINT('',(21.462464007962,5.408500100274));
#3354 = CARTESIAN_POINT('',(20.853435610939,5.364907430409));
#3355 = CARTESIAN_POINT('',(19.607820808381,5.27532398927));
#3356 = CARTESIAN_POINT('',(18.971059868687,5.229304701675));
#3357 = CARTESIAN_POINT('',(18.331803514168,5.183005326728));
#3358 = CARTESIAN_POINT('',(17.690010747909,5.136562190185));
#3359 = CARTESIAN_POINT('',(16.375660697221,5.041835818095));
#3360 = CARTESIAN_POINT('',(15.7028952573,4.993552888741));
#3361 = CARTESIAN_POINT('',(15.027339290433,4.94544063924));
#3362 = CARTESIAN_POINT('',(14.348988024343,4.897678548128));
#3363 = CARTESIAN_POINT('',(12.988016466032,4.803308569954));
#3364 = CARTESIAN_POINT('',(12.3054060763,4.756698645992));
#3365 = CARTESIAN_POINT('',(11.620055483112,4.710801123855));
#3366 = CARTESIAN_POINT('',(10.932011301487,4.665800346779));
#3367 = CARTESIAN_POINT('',(9.563783690239,4.578775501852));
#3368 = CARTESIAN_POINT('',(8.88369814644,4.53671112166));
#3369 = CARTESIAN_POINT('',(8.201161208006,4.495843490604));
#3370 = CARTESIAN_POINT('',(7.516264976587,4.4563288256));
#3371 = CARTESIAN_POINT('',(6.150823210767,4.380768675972));
#3372 = CARTESIAN_POINT('',(5.470334473856,4.344685049895));
#3373 = CARTESIAN_POINT('',(4.787765470235,4.310185096538));
#3374 = CARTESIAN_POINT('',(4.103240899691,4.27738203262));
#3375 = CARTESIAN_POINT('',(2.736818536191,4.215629032989));
#3376 = CARTESIAN_POINT('',(2.054953074021,4.186646629333));
#3377 = CARTESIAN_POINT('',(1.371434422211,4.159502714819));
#3378 = CARTESIAN_POINT('',(0.686402575728,4.134258779067));
#3379 = CARTESIAN_POINT('',(0.,4.110950065678));
#3380 = ( GEOMETRIC_REPRESENTATION_CONTEXT(2) 
PARAMETRIC_REPRESENTATION_CONTEXT() REPRESENTATION_CONTEXT('2D SPACE',''
  ) );
#3381 = ORIENTED_EDGE('',*,*,#3382,.T.);
#3382 = EDGE_CURVE('',#3116,#417,#3383,.T.);
#3383 = SURFACE_CURVE('',#3384,(#3399,#3417),.PCURVE_S1.);
#3384 = B_SPLINE_CURVE_WITH_KNOTS('',7,(#3385,#3386,#3387,#3388,#3389,
    #3390,#3391,#3392,#3393,#3394,#3395,#3396,#3397,#3398),
  .UNSPECIFIED.,.F.,.F.,(8,6,8),(0.,0.450444874901,1.),.UNSPECIFIED.);
#3385 = CARTESIAN_POINT('',(-3.991933576128,38.771327432649,
    3.007113258859));
#3386 = CARTESIAN_POINT('',(-4.009667684954,38.903502430882,
    3.278394120734));
#3387 = CARTESIAN_POINT('',(-4.052672562864,39.027186032204,
    3.556838051613));
#3388 = CARTESIAN_POINT('',(-4.119188649123,39.141146974501,
    3.840397901271));
#3389 = CARTESIAN_POINT('',(-4.207032918618,39.244401288629,
    4.127009357392));
#3390 = CARTESIAN_POINT('',(-4.313831137449,39.336210799965,
    4.414656491386));
#3391 = CARTESIAN_POINT('',(-4.437184604127,39.41607156723,
    4.701432318006));
#3392 = CARTESIAN_POINT('',(-4.74263101926,39.566191360165,
    5.332279879216));
#3393 = CARTESIAN_POINT('',(-4.931636774169,39.630451848859,
    5.674992187764));
#3394 = CARTESIAN_POINT('',(-5.137547256046,39.675957234983,
    6.010553180266));
#3395 = CARTESIAN_POINT('',(-5.356150144686,39.702592575077,
    6.335839689207));
#3396 = CARTESIAN_POINT('',(-5.583353207545,39.710756763883,
    6.647944093527));
#3397 = CARTESIAN_POINT('',(-5.815405641116,39.701463562463,
    6.944495885603));
#3398 = CARTESIAN_POINT('',(-6.049037142135,39.676204225977,
    7.223790440223));
#3399 = PCURVE('',#510,#3400);
#3400 = DEFINITIONAL_REPRESENTATION('',(#3401),#3416);
#3401 = B_SPLINE_CURVE_WITH_KNOTS('',7,(#3402,#3403,#3404,#3405,#3406,
    #3407,#3408,#3409,#3410,#3411,#3412,#3413,#3414,#3415),
  .UNSPECIFIED.,.F.,.F.,(8,6,8),(0.,0.450444874901,1.),.UNSPECIFIED.);
#3402 = CARTESIAN_POINT('',(10.801379516013,23.402878602596));
#3403 = CARTESIAN_POINT('',(10.095602622039,23.4923788651));
#3404 = CARTESIAN_POINT('',(9.396062020463,23.594335006079));
#3405 = CARTESIAN_POINT('',(8.702206855015,23.706718783568));
#3406 = CARTESIAN_POINT('',(8.012992704733,23.827202009757));
#3407 = CARTESIAN_POINT('',(7.327003490113,23.953395661006));
#3408 = CARTESIAN_POINT('',(6.642549897688,24.083028706442));
#3409 = CARTESIAN_POINT('',(5.122262704227,24.373936553272));
#3410 = CARTESIAN_POINT('',(4.286456007354,24.535859005855));
#3411 = CARTESIAN_POINT('',(3.446933800944,24.696128305784));
#3412 = CARTESIAN_POINT('',(2.600626584485,24.851411038057));
#3413 = CARTESIAN_POINT('',(1.744987514165,24.999026078521));
#3414 = CARTESIAN_POINT('',(0.878339847726,25.137154875765));
#3415 = CARTESIAN_POINT('',(0.,25.264751901935));
#3416 = ( GEOMETRIC_REPRESENTATION_CONTEXT(2) 
PARAMETRIC_REPRESENTATION_CONTEXT() REPRESENTATION_CONTEXT('2D SPACE',''
  ) );
#3417 = PCURVE('',#692,#3418);
#3418 = DEFINITIONAL_REPRESENTATION('',(#3419),#3434);
#3419 = B_SPLINE_CURVE_WITH_KNOTS('',7,(#3420,#3421,#3422,#3423,#3424,
    #3425,#3426,#3427,#3428,#3429,#3430,#3431,#3432,#3433),
  .UNSPECIFIED.,.F.,.F.,(8,6,8),(0.,0.450444874901,1.),.UNSPECIFIED.);
#3420 = CARTESIAN_POINT('',(6.771718369881E-02,3.007113258858));
#3421 = CARTESIAN_POINT('',(5.862663207407E-02,3.278394120734));
#3422 = CARTESIAN_POINT('',(5.025033835554E-02,3.556838051613));
#3423 = CARTESIAN_POINT('',(4.260822039943E-02,3.84039790127));
#3424 = CARTESIAN_POINT('',(3.570577800847E-02,4.127009357392));
#3425 = CARTESIAN_POINT('',(2.953927869106E-02,4.414656491385));
#3426 = CARTESIAN_POINT('',(2.409892834866E-02,4.701432318005));
#3427 = CARTESIAN_POINT('',(1.360063716932E-02,5.332279879215));
#3428 = CARTESIAN_POINT('',(8.891605365595E-03,5.674992187763));
#3429 = CARTESIAN_POINT('',(5.215678109384E-03,6.010553180265));
#3430 = CARTESIAN_POINT('',(2.540161134083E-03,6.335839689206));
#3431 = CARTESIAN_POINT('',(8.217233968086E-04,6.647944093526));
#3432 = CARTESIAN_POINT('',(-1.262646734988E-14,6.944495885602));
#3433 = CARTESIAN_POINT('',(9.396155387685E-16,7.223790440222));
#3434 = ( GEOMETRIC_REPRESENTATION_CONTEXT(2) 
PARAMETRIC_REPRESENTATION_CONTEXT() REPRESENTATION_CONTEXT('2D SPACE',''
  ) );
#3435 = ORIENTED_EDGE('',*,*,#416,.F.);
#3436 = ORIENTED_EDGE('',*,*,#1262,.F.);
#3437 = ORIENTED_EDGE('',*,*,#3438,.T.);
#3438 = EDGE_CURVE('',#1263,#3114,#3439,.T.);
#3439 = SURFACE_CURVE('',#3440,(#3491,#3498),.PCURVE_S1.);
#3440 = B_SPLINE_CURVE_WITH_KNOTS('',13,(#3441,#3442,#3443,#3444,#3445,
    #3446,#3447,#3448,#3449,#3450,#3451,#3452,#3453,#3454,#3455,#3456,
    #3457,#3458,#3459,#3460,#3461,#3462,#3463,#3464,#3465,#3466,#3467,
    #3468,#3469,#3470,#3471,#3472,#3473,#3474,#3475,#3476,#3477,#3478,
    #3479,#3480,#3481,#3482,#3483,#3484,#3485,#3486,#3487,#3488,#3489,
    #3490),.UNSPECIFIED.,.F.,.F.,(14,12,12,12,14),(-1.908874923305,
    -0.909844309418,12.177453796258,25.264751901935,26.081756329806),
  .UNSPECIFIED.);
#3441 = CARTESIAN_POINT('',(22.411490105717,32.195779810575,
    2.165528453473E-14));
#3442 = CARTESIAN_POINT('',(22.328873819122,32.175251655109,
    2.060438616878E-14));
#3443 = CARTESIAN_POINT('',(22.246257532526,32.154723499643,
    1.955348780282E-14));
#3444 = CARTESIAN_POINT('',(22.163641245931,32.134195344177,
    1.850258943687E-14));
#3445 = CARTESIAN_POINT('',(22.081024959335,32.113667188711,
    1.745169107091E-14));
#3446 = CARTESIAN_POINT('',(21.99840867274,32.093139033245,
    1.640079270495E-14));
#3447 = CARTESIAN_POINT('',(21.915792386145,32.07261087778,
    1.5349894339E-14));
#3448 = CARTESIAN_POINT('',(21.833176099549,32.052082722314,
    1.429899597304E-14));
#3449 = CARTESIAN_POINT('',(21.750559812954,32.031554566848,
    1.324809760708E-14));
#3450 = CARTESIAN_POINT('',(21.667943526359,32.011026411382,
    1.219719924113E-14));
#3451 = CARTESIAN_POINT('',(21.585327239763,31.990498255917,
    1.114630087517E-14));
#3452 = CARTESIAN_POINT('',(21.502710953168,31.969970100451,
    1.009540250921E-14));
#3453 = CARTESIAN_POINT('',(21.420094666573,31.949441944985,
    9.044504143258E-15));
#3454 = CARTESIAN_POINT('',(20.255205268395,31.659995013252,
    -5.773159728051E-15));
#3455 = CARTESIAN_POINT('',(19.159452723204,31.425801364062,
    7.37188088351E-14));
#3456 = CARTESIAN_POINT('',(18.051266518621,31.226518580689,
    -1.345590305846E-13));
#3457 = CARTESIAN_POINT('',(16.931522065073,31.062300002396,
    2.069455717899E-13));
#3458 = CARTESIAN_POINT('',(15.801002161016,30.933282864754,
    -2.282618538633E-13));
#3459 = CARTESIAN_POINT('',(14.660437989106,30.839604779871,
    3.326228181769E-13));
#3460 = CARTESIAN_POINT('',(13.510523972239,30.781420503654,
    -4.813927034786E-13));
#3461 = CARTESIAN_POINT('',(12.351917101444,30.758919082771,
    6.070699498639E-13));
#3462 = CARTESIAN_POINT('',(11.185231352832,30.772341487893,
    -5.431211036473E-13));
#3463 = CARTESIAN_POINT('',(10.011037804282,30.821998823167,
    4.010125564944E-13));
#3464 = CARTESIAN_POINT('',(8.829881069463,30.908291218831,
    -2.34035013591E-13));
#3465 = CARTESIAN_POINT('',(7.642322660559,31.031727499159,
    1.36335387424E-13));
#3466 = CARTESIAN_POINT('',(5.255721131069,31.354163958308,
    -2.322586567516E-13));
#3467 = CARTESIAN_POINT('',(4.056754278578,31.553105248407,
    1.448619002531E-12));
#3468 = CARTESIAN_POINT('',(2.851866846053,31.791005008902,
    -4.299227640553E-12));
#3469 = CARTESIAN_POINT('',(1.646214302072,32.065642870976,
    9.12825370849E-12));
#3470 = CARTESIAN_POINT('',(0.426113734789,32.387444811326,
    -1.489919299042E-11));
#3471 = CARTESIAN_POINT('',(-0.774436660311,32.736087634506,
    1.939870486475E-11));
#3472 = CARTESIAN_POINT('',(-2.010097688013,33.148079475437,
    -2.028954781954E-11));
#3473 = CARTESIAN_POINT('',(-3.209589813715,33.581957035306,
    1.710231956059E-11));
#3474 = CARTESIAN_POINT('',(-4.435076065121,34.076823853612,
    -1.143574124282E-11));
#3475 = CARTESIAN_POINT('',(-5.644216742526,34.612401932533,
    5.919709167308E-12));
#3476 = CARTESIAN_POINT('',(-6.850323697821,35.198340731734,
    -2.203570659275E-12));
#3477 = CARTESIAN_POINT('',(-8.04495014908,35.833436306222,
    5.040412531799E-13));
#3478 = CARTESIAN_POINT('',(-9.297820567004,36.560933292261,
    -2.344511226566E-14));
#3479 = CARTESIAN_POINT('',(-9.37143811643,36.603680366947,
    -5.443974109876E-14));
#3480 = CARTESIAN_POINT('',(-9.445055665855,36.646427441633,
    -8.543436993187E-14));
#3481 = CARTESIAN_POINT('',(-9.518673215281,36.689174516319,
    -1.16428998765E-13));
#3482 = CARTESIAN_POINT('',(-9.592290764707,36.731921591004,
    -1.474236275981E-13));
#3483 = CARTESIAN_POINT('',(-9.665908314132,36.77466866569,
    -1.784182564312E-13));
#3484 = CARTESIAN_POINT('',(-9.739525863558,36.817415740376,
    -2.094128852643E-13));
#3485 = CARTESIAN_POINT('',(-9.813143412984,36.860162815062,
    -2.404075140974E-13));
#3486 = CARTESIAN_POINT('',(-9.886760962409,36.902909889748,
    -2.714021429305E-13));
#3487 = CARTESIAN_POINT('',(-9.960378511835,36.945656964434,
    -3.023967717636E-13));
#3488 = CARTESIAN_POINT('',(-10.03399606126,36.98840403912,
    -3.333914005967E-13));
#3489 = CARTESIAN_POINT('',(-10.10761361068,37.031151113806,
    -3.643860294298E-13));
#3490 = CARTESIAN_POINT('',(-10.18123116011,37.073898188492,
    -3.953806582629E-13));
#3491 = PCURVE('',#510,#3492);
#3492 = DEFINITIONAL_REPRESENTATION('',(#3493),#3497);
#3493 = LINE('',#3494,#3495);
#3494 = CARTESIAN_POINT('',(26.174596211353,0.));
#3495 = VECTOR('',#3496,1.);
#3496 = DIRECTION('',(0.,1.));
#3497 = ( GEOMETRIC_REPRESENTATION_CONTEXT(2) 
PARAMETRIC_REPRESENTATION_CONTEXT() REPRESENTATION_CONTEXT('2D SPACE',''
  ) );
#3498 = PCURVE('',#2016,#3499);
#3499 = DEFINITIONAL_REPRESENTATION('',(#3500),#3527);
#3500 = B_SPLINE_CURVE_WITH_KNOTS('',13,(#3501,#3502,#3503,#3504,#3505,
    #3506,#3507,#3508,#3509,#3510,#3511,#3512,#3513,#3514,#3515,#3516,
    #3517,#3518,#3519,#3520,#3521,#3522,#3523,#3524,#3525,#3526),
  .UNSPECIFIED.,.F.,.F.,(14,12,14),(-0.909844309418,12.177453796258,
    25.264751901935),.UNSPECIFIED.);
#3501 = CARTESIAN_POINT('',(31.928913789519,-21.33747837997));
#3502 = CARTESIAN_POINT('',(31.659995013252,-20.25520526839));
#3503 = CARTESIAN_POINT('',(31.425801364062,-19.15945272319));
#3504 = CARTESIAN_POINT('',(31.22651858069,-18.05126651863));
#3505 = CARTESIAN_POINT('',(31.062300002393,-16.93152206505));
#3506 = CARTESIAN_POINT('',(30.933282864761,-15.80100216104));
#3507 = CARTESIAN_POINT('',(30.839604779861,-14.66043798907));
#3508 = CARTESIAN_POINT('',(30.781420503664,-13.51052397227));
#3509 = CARTESIAN_POINT('',(30.758919082763,-12.35191710142));
#3510 = CARTESIAN_POINT('',(30.772341487898,-11.18523135284));
#3511 = CARTESIAN_POINT('',(30.821998823166,-10.01103780427));
#3512 = CARTESIAN_POINT('',(30.908291218832,-8.829881069465));
#3513 = CARTESIAN_POINT('',(31.031727499159,-7.642322660559));
#3514 = CARTESIAN_POINT('',(31.354163958308,-5.255721131069));
#3515 = CARTESIAN_POINT('',(31.553105248407,-4.056754278576));
#3516 = CARTESIAN_POINT('',(31.791005008901,-2.851866846057));
#3517 = CARTESIAN_POINT('',(32.06564287098,-1.646214302064));
#3518 = CARTESIAN_POINT('',(32.387444811316,-0.426113734802));
#3519 = CARTESIAN_POINT('',(32.736087634521,0.774436660329));
#3520 = CARTESIAN_POINT('',(33.148079475421,2.010097687994));
#3521 = CARTESIAN_POINT('',(33.581957035319,3.209589813732));
#3522 = CARTESIAN_POINT('',(34.076823853603,4.435076065109));
#3523 = CARTESIAN_POINT('',(34.612401932538,5.644216742533));
#3524 = CARTESIAN_POINT('',(35.198340731732,6.850323697819));
#3525 = CARTESIAN_POINT('',(35.833436306222,8.044950149081));
#3526 = CARTESIAN_POINT('',(36.518186217575,9.224203017579));
#3527 = ( GEOMETRIC_REPRESENTATION_CONTEXT(2) 
PARAMETRIC_REPRESENTATION_CONTEXT() REPRESENTATION_CONTEXT('2D SPACE',''
  ) );
#3528 = ADVANCED_FACE('',(#3529),#692,.T.);
#3529 = FACE_BOUND('',#3530,.T.);
#3530 = EDGE_LOOP('',(#3531,#3532,#3533,#3638,#3666));
#3531 = ORIENTED_EDGE('',*,*,#668,.F.);
#3532 = ORIENTED_EDGE('',*,*,#3382,.F.);
#3533 = ORIENTED_EDGE('',*,*,#3534,.T.);
#3534 = EDGE_CURVE('',#3116,#3535,#3537,.T.);
#3535 = VERTEX_POINT('',#3536);
#3536 = CARTESIAN_POINT('',(-25.07672194651,31.336082214368,
    7.223790440223));
#3537 = SURFACE_CURVE('',#3538,(#3589,#3631),.PCURVE_S1.);
#3538 = B_SPLINE_CURVE_WITH_KNOTS('',13,(#3539,#3540,#3541,#3542,#3543,
    #3544,#3545,#3546,#3547,#3548,#3549,#3550,#3551,#3552,#3553,#3554,
    #3555,#3556,#3557,#3558,#3559,#3560,#3561,#3562,#3563,#3564,#3565,
    #3566,#3567,#3568,#3569,#3570,#3571,#3572,#3573,#3574,#3575,#3576,
    #3577,#3578,#3579,#3580,#3581,#3582,#3583,#3584,#3585,#3586,#3587,
    #3588),.UNSPECIFIED.,.F.,.F.,(14,12,12,12,14),(-1.908874923305,
    -0.909844309418,12.177453796259,25.264751901936,26.08175632981),
  .UNSPECIFIED.);
#3539 = CARTESIAN_POINT('',(0.695505230568,42.341860899937,
    2.220267356544));
#3540 = CARTESIAN_POINT('',(0.622582209956,42.279473960892,
    2.231678860441));
#3541 = CARTESIAN_POINT('',(0.551107401829,42.218325993345,
    2.242863737927));
#3542 = CARTESIAN_POINT('',(0.481080806189,42.158416997296,
    2.253821989002));
#3543 = CARTESIAN_POINT('',(0.412502423034,42.099746972745,
    2.264553613667));
#3544 = CARTESIAN_POINT('',(0.345372252365,42.042315919691,
    2.275058611921));
#3545 = CARTESIAN_POINT('',(0.279690294182,41.986123838135,
    2.285336983764));
#3546 = CARTESIAN_POINT('',(0.215456548485,41.931170728077,
    2.295388729196));
#3547 = CARTESIAN_POINT('',(0.152671015273,41.877456589516,
    2.305213848217));
#3548 = CARTESIAN_POINT('',(9.133369454707E-02,41.824981422453,
    2.314812340828));
#3549 = CARTESIAN_POINT('',(3.14445863069E-02,41.773745226888,
    2.324184207027));
#3550 = CARTESIAN_POINT('',(-2.699630944751E-02,41.723748002821,
    2.333329446816));
#3551 = CARTESIAN_POINT('',(-8.398899271616E-02,41.674989750251,
    2.342248060195));
#3552 = CARTESIAN_POINT('',(-0.867165867505,41.004968026802,
    2.464805050889));
#3553 = CARTESIAN_POINT('',(-1.615551200604,40.404747109909,
    2.586072303482));
#3554 = CARTESIAN_POINT('',(-2.383728972265,39.826455670553,
    2.715011834638));
#3555 = CARTESIAN_POINT('',(-3.170718979495,39.269656195475,
    2.851822791095));
#3556 = CARTESIAN_POINT('',(-3.975638246002,38.733778366367,
    2.996641653195));
#3557 = CARTESIAN_POINT('',(-4.79777825859,38.218109253529,
    3.149543907585));
#3558 = CARTESIAN_POINT('',(-5.636650330964,37.721813748153,
    3.310539988502));
#3559 = CARTESIAN_POINT('',(-6.492006926702,37.243977973047,
    3.479566302703));
#3560 = CARTESIAN_POINT('',(-7.36384677079,36.783668365953,
    3.656472149681));
#3561 = CARTESIAN_POINT('',(-8.252411582094,36.339999181157,
    3.841003352647));
#3562 = CARTESIAN_POINT('',(-9.158182255929,35.912201105108,
    4.032783412035));
#3563 = CARTESIAN_POINT('',(-10.08188232889,35.499683723474,
    4.231292996422));
#3564 = CARTESIAN_POINT('',(-11.9671107824,34.704485370757,
    4.640404170494));
#3565 = CARTESIAN_POINT('',(-12.92859981477,34.321820680418,
    4.850992544546));
#3566 = CARTESIAN_POINT('',(-13.91021145826,33.953684021212,
    5.067033774029));
#3567 = CARTESIAN_POINT('',(-14.91160232258,33.600379513004,
    5.287110347177));
#3568 = CARTESIAN_POINT('',(-15.93903541115,33.261013354961,
    5.511928509961));
#3569 = CARTESIAN_POINT('',(-16.98254710024,32.939149983131,
    5.736176568312));
#3570 = CARTESIAN_POINT('',(-18.06317987744,32.631428005821,
    5.964953080579));
#3571 = CARTESIAN_POINT('',(-19.15731065274,32.346069224297,
    6.188254912105));
#3572 = CARTESIAN_POINT('',(-20.28958639754,32.080440092922,
    6.411260300035));
#3573 = CARTESIAN_POINT('',(-21.44499887451,31.842292496019,
    6.627438611032));
#3574 = CARTESIAN_POINT('',(-22.63021188717,31.634903582988,
    6.836372423072));
#3575 = CARTESIAN_POINT('',(-23.84166481115,31.464315471754,
    7.035652096409));
#3576 = CARTESIAN_POINT('',(-25.15382320455,31.328076960859,
    7.235535405357));
#3577 = CARTESIAN_POINT('',(-25.23202721496,31.319957211004,
    7.247448354626));
#3578 = CARTESIAN_POINT('',(-25.31133397774,31.311722964803,
    7.259529288031));
#3579 = CARTESIAN_POINT('',(-25.3917434929,31.303374222256,
    7.271778205572));
#3580 = CARTESIAN_POINT('',(-25.47325576044,31.294910983364,
    7.284195107248));
#3581 = CARTESIAN_POINT('',(-25.55587078035,31.286333248125,
    7.29677999306));
#3582 = CARTESIAN_POINT('',(-25.63958855263,31.27764101654,
    7.309532863007));
#3583 = CARTESIAN_POINT('',(-25.72440907728,31.26883428861,7.32245371709
    ));
#3584 = CARTESIAN_POINT('',(-25.81033235431,31.259913064333,
    7.335542555309));
#3585 = CARTESIAN_POINT('',(-25.89735838372,31.250877343711,
    7.348799377663));
#3586 = CARTESIAN_POINT('',(-25.98548716549,31.241727126743,
    7.362224184153));
#3587 = CARTESIAN_POINT('',(-26.07471869965,31.232462413428,
    7.375816974778));
#3588 = CARTESIAN_POINT('',(-26.16505298617,31.223083203768,
    7.389577749539));
#3589 = PCURVE('',#692,#3590);
#3590 = DEFINITIONAL_REPRESENTATION('',(#3591),#3630);
#3591 = B_SPLINE_CURVE_WITH_KNOTS('',10,(#3592,#3593,#3594,#3595,#3596,
    #3597,#3598,#3599,#3600,#3601,#3602,#3603,#3604,#3605,#3606,#3607,
    #3608,#3609,#3610,#3611,#3612,#3613,#3614,#3615,#3616,#3617,#3618,
    #3619,#3620,#3621,#3622,#3623,#3624,#3625,#3626,#3627,#3628,#3629),
  .UNSPECIFIED.,.F.,.F.,(11,9,9,9,11),(4.110950065678,9.399400524743,
    14.687850983807,19.976301442872,25.264751901936),.UNSPECIFIED.);
#3592 = CARTESIAN_POINT('',(6.771718237326E-02,3.007113252462));
#3593 = CARTESIAN_POINT('',(8.40163361679E-02,3.085770291705));
#3594 = CARTESIAN_POINT('',(0.100277414864,3.166691977944));
#3595 = CARTESIAN_POINT('',(0.116504825532,3.249879880226));
#3596 = CARTESIAN_POINT('',(0.132703671497,3.33532930626));
#3597 = CARTESIAN_POINT('',(0.148879762057,3.423028505122));
#3598 = CARTESIAN_POINT('',(0.165039622197,3.512957869878));
#3599 = CARTESIAN_POINT('',(0.181190502306,3.60508914032));
#3600 = CARTESIAN_POINT('',(0.19734038789,3.699384605576));
#3601 = CARTESIAN_POINT('',(0.213498009293,3.795796306835));
#3602 = CARTESIAN_POINT('',(0.245847693519,3.992734173144));
#3603 = CARTESIAN_POINT('',(0.262039750002,4.093259818311));
#3604 = CARTESIAN_POINT('',(0.278258546577,4.195786390946));
#3605 = CARTESIAN_POINT('',(0.294514266784,4.300228983872));
#3606 = CARTESIAN_POINT('',(0.31081793829,4.406540337242));
#3607 = CARTESIAN_POINT('',(0.32718153516,4.514562508519));
#3608 = CARTESIAN_POINT('',(0.343618390894,4.624259270046));
#3609 = CARTESIAN_POINT('',(0.360140410522,4.735437258321));
#3610 = CARTESIAN_POINT('',(0.376762662328,4.847980421207));
#3611 = CARTESIAN_POINT('',(0.410236355185,5.075443720213));
#3612 = CARTESIAN_POINT('',(0.427087853385,5.190365374781));
#3613 = CARTESIAN_POINT('',(0.444068523577,5.306306372861));
#3614 = CARTESIAN_POINT('',(0.461193621714,5.423079026614));
#3615 = CARTESIAN_POINT('',(0.478478933503,5.540474573602));
#3616 = CARTESIAN_POINT('',(0.495940557195,5.658261248042));
#3617 = CARTESIAN_POINT('',(0.513594675136,5.776184471555));
#3618 = CARTESIAN_POINT('',(0.531457314079,5.893969163487));
#3619 = CARTESIAN_POINT('',(0.549544094258,6.011324170732));
#3620 = CARTESIAN_POINT('',(0.5861958402,6.244573463493));
#3621 = CARTESIAN_POINT('',(0.604760746741,6.360467318253));
#3622 = CARTESIAN_POINT('',(0.623579820024,6.475331751513));
#3623 = CARTESIAN_POINT('',(0.642666100275,6.588845200717));
#3624 = CARTESIAN_POINT('',(0.66203373661,6.700701807043));
#3625 = CARTESIAN_POINT('',(0.681690906867,6.810554015458));
#3626 = CARTESIAN_POINT('',(0.701645198157,6.918069632861));
#3627 = CARTESIAN_POINT('',(0.721905569467,7.02297184621));
#3628 = CARTESIAN_POINT('',(0.742470080446,7.12495809198));
#3629 = CARTESIAN_POINT('',(0.763337317515,7.223790440222));
#3630 = ( GEOMETRIC_REPRESENTATION_CONTEXT(2) 
PARAMETRIC_REPRESENTATION_CONTEXT() REPRESENTATION_CONTEXT('2D SPACE',''
  ) );
#3631 = PCURVE('',#3193,#3632);
#3632 = DEFINITIONAL_REPRESENTATION('',(#3633),#3637);
#3633 = LINE('',#3634,#3635);
#3634 = CARTESIAN_POINT('',(0.,0.));
#3635 = VECTOR('',#3636,1.);
#3636 = DIRECTION('',(0.,1.));
#3637 = ( GEOMETRIC_REPRESENTATION_CONTEXT(2) 
PARAMETRIC_REPRESENTATION_CONTEXT() REPRESENTATION_CONTEXT('2D SPACE',''
  ) );
#3638 = ORIENTED_EDGE('',*,*,#3639,.T.);
#3639 = EDGE_CURVE('',#3535,#2056,#3640,.T.);
#3640 = SURFACE_CURVE('',#3641,(#3653,#3660),.PCURVE_S1.);
#3641 = ( BOUNDED_CURVE() B_SPLINE_CURVE(10,(#3642,#3643,#3644,#3645,
    #3646,#3647,#3648,#3649,#3650,#3651,#3652),.UNSPECIFIED.,.F.,.F.) 
B_SPLINE_CURVE_WITH_KNOTS((11,11),(0.,150.),.PIECEWISE_BEZIER_KNOTS.) 
CURVE() GEOMETRIC_REPRESENTATION_ITEM() RATIONAL_B_SPLINE_CURVE((
    1.00731395893,1.00731395893,1.00731395893,1.007313958931,
    1.00731395893,1.007313958931,1.00731395893,1.007313958931,
1.00731395893,1.00731395893,1.00731395893)) REPRESENTATION_ITEM('') );
#3642 = CARTESIAN_POINT('',(-20.,34.641016151378,2.84217094304E-14));
#3643 = CARTESIAN_POINT('',(-30.8827961854,28.357830844197,
    15.000000000004));
#3644 = CARTESIAN_POINT('',(-40.23894220107,19.430112530946,
    29.999999999986));
#3645 = CARTESIAN_POINT('',(-47.77150016364,7.647594809694,
    45.000000000028));
#3646 = CARTESIAN_POINT('',(-52.33831832922,-7.460555490469,
    59.999999999962));
#3647 = CARTESIAN_POINT('',(-51.67289254424,-25.51658560139,
    75.000000000033));
#3648 = CARTESIAN_POINT('',(-43.22149595971,-43.91904570782,
    89.999999999983));
#3649 = CARTESIAN_POINT('',(-27.07252563966,-57.88702364172,105.));
#3650 = CARTESIAN_POINT('',(-6.606055435261,-63.95834190231,120.));
#3651 = CARTESIAN_POINT('',(13.67580572189,-61.38630218783,
    134.99999999999));
#3652 = CARTESIAN_POINT('',(30.,-51.96152422706,150.));
#3653 = PCURVE('',#692,#3654);
#3654 = DEFINITIONAL_REPRESENTATION('',(#3655),#3659);
#3655 = LINE('',#3656,#3657);
#3656 = CARTESIAN_POINT('',(0.763337317515,0.));
#3657 = VECTOR('',#3658,1.);
#3658 = DIRECTION('',(0.,1.));
#3659 = ( GEOMETRIC_REPRESENTATION_CONTEXT(2) 
PARAMETRIC_REPRESENTATION_CONTEXT() REPRESENTATION_CONTEXT('2D SPACE',''
  ) );
#3660 = PCURVE('',#2110,#3661);
#3661 = DEFINITIONAL_REPRESENTATION('',(#3662),#3665);
#3662 = B_SPLINE_CURVE_WITH_KNOTS('',1,(#3663,#3664),.UNSPECIFIED.,.F.,
  .F.,(2,2),(0.,150.),.PIECEWISE_BEZIER_KNOTS.);
#3663 = CARTESIAN_POINT('',(0.,0.));
#3664 = CARTESIAN_POINT('',(0.,150.));
#3665 = ( GEOMETRIC_REPRESENTATION_CONTEXT(2) 
PARAMETRIC_REPRESENTATION_CONTEXT() REPRESENTATION_CONTEXT('2D SPACE',''
  ) );
#3666 = ORIENTED_EDGE('',*,*,#2055,.F.);
#3667 = ADVANCED_FACE('',(#3668),#838,.T.);
#3668 = FACE_BOUND('',#3669,.T.);
#3669 = EDGE_LOOP('',(#3670,#3700,#3907,#4010,#4011));
#3670 = ORIENTED_EDGE('',*,*,#3671,.F.);
#3671 = EDGE_CURVE('',#3672,#2850,#3674,.T.);
#3672 = VERTEX_POINT('',#3673);
#3673 = CARTESIAN_POINT('',(39.676204225977,6.049037142135,
    7.223790440223));
#3674 = SURFACE_CURVE('',#3675,(#3687,#3693),.PCURVE_S1.);
#3675 = ( BOUNDED_CURVE() B_SPLINE_CURVE(10,(#3676,#3677,#3678,#3679,
    #3680,#3681,#3682,#3683,#3684,#3685,#3686),.UNSPECIFIED.,.F.,.F.) 
B_SPLINE_CURVE_WITH_KNOTS((11,11),(0.,150.),.PIECEWISE_BEZIER_KNOTS.) 
CURVE() GEOMETRIC_REPRESENTATION_ITEM() RATIONAL_B_SPLINE_CURVE((
    1.00731395893,1.00731395893,1.00731395893,1.007313958931,
    1.00731395893,1.007313958931,1.00731395893,1.007313958931,
1.00731395893,1.00731395893,1.00731395893)) REPRESENTATION_ITEM('') );
#3676 = CARTESIAN_POINT('',(40.,-1.06581410364E-14,0.));
#3677 = CARTESIAN_POINT('',(40.,12.56637061436,15.000000000003));
#3678 = CARTESIAN_POINT('',(36.946442150726,25.132889902076,
    29.999999999993));
#3679 = CARTESIAN_POINT('',(30.508761464872,37.547535313763,
    45.000000000004));
#3680 = CARTESIAN_POINT('',(19.70812858352,49.056591009699,
    60.000000000002));
#3681 = CARTESIAN_POINT('',(3.738434923476,57.508330431043,
    74.999999999997));
#3682 = CARTESIAN_POINT('',(-16.42426131308,59.390436344585,
    89.999999999995));
#3683 = CARTESIAN_POINT('',(-36.59537020337,52.38900676942,105.));
#3684 = CARTESIAN_POINT('',(-52.08652115369,37.7001827769,
    119.99999999999));
#3685 = CARTESIAN_POINT('',(-59.99999999999,18.849555921539,135.));
#3686 = CARTESIAN_POINT('',(-60.,3.19744231092E-14,150.));
#3687 = PCURVE('',#838,#3688);
#3688 = DEFINITIONAL_REPRESENTATION('',(#3689),#3692);
#3689 = B_SPLINE_CURVE_WITH_KNOTS('',1,(#3690,#3691),.UNSPECIFIED.,.F.,
  .F.,(2,2),(0.,150.),.PIECEWISE_BEZIER_KNOTS.);
#3690 = CARTESIAN_POINT('',(0.,0.));
#3691 = CARTESIAN_POINT('',(0.,150.));
#3692 = ( GEOMETRIC_REPRESENTATION_CONTEXT(2) 
PARAMETRIC_REPRESENTATION_CONTEXT() REPRESENTATION_CONTEXT('2D SPACE',''
  ) );
#3693 = PCURVE('',#2873,#3694);
#3694 = DEFINITIONAL_REPRESENTATION('',(#3695),#3699);
#3695 = LINE('',#3696,#3697);
#3696 = CARTESIAN_POINT('',(0.763337317515,0.));
#3697 = VECTOR('',#3698,1.);
#3698 = DIRECTION('',(0.,1.));
#3699 = ( GEOMETRIC_REPRESENTATION_CONTEXT(2) 
PARAMETRIC_REPRESENTATION_CONTEXT() REPRESENTATION_CONTEXT('2D SPACE',''
  ) );
#3700 = ORIENTED_EDGE('',*,*,#3701,.F.);
#3701 = EDGE_CURVE('',#3702,#3672,#3704,.T.);
#3702 = VERTEX_POINT('',#3703);
#3703 = CARTESIAN_POINT('',(38.771327373938,3.991933454013,
    3.007113252462));
#3704 = SURFACE_CURVE('',#3705,(#3720,#3738),.PCURVE_S1.);
#3705 = B_SPLINE_CURVE_WITH_KNOTS('',7,(#3706,#3707,#3708,#3709,#3710,
    #3711,#3712,#3713,#3714,#3715,#3716,#3717,#3718,#3719),
  .UNSPECIFIED.,.F.,.F.,(8,6,8),(0.,0.450444874901,1.),.UNSPECIFIED.);
#3706 = CARTESIAN_POINT('',(38.771327432649,3.991933576128,
    3.007113258859));
#3707 = CARTESIAN_POINT('',(38.903502430882,4.009667684954,
    3.278394120734));
#3708 = CARTESIAN_POINT('',(39.027186032204,4.052672562864,
    3.556838051613));
#3709 = CARTESIAN_POINT('',(39.141146974501,4.119188649122,
    3.840397901271));
#3710 = CARTESIAN_POINT('',(39.244401288629,4.207032918618,
    4.127009357392));
#3711 = CARTESIAN_POINT('',(39.336210799965,4.313831137449,
    4.414656491386));
#3712 = CARTESIAN_POINT('',(39.41607156723,4.437184604127,4.701432318006
    ));
#3713 = CARTESIAN_POINT('',(39.566191360165,4.74263101926,5.332279879216
    ));
#3714 = CARTESIAN_POINT('',(39.630451848858,4.931636774168,
    5.674992187763));
#3715 = CARTESIAN_POINT('',(39.675957234983,5.137547256047,
    6.010553180266));
#3716 = CARTESIAN_POINT('',(39.702592575077,5.356150144685,
    6.335839689206));
#3717 = CARTESIAN_POINT('',(39.710756763883,5.583353207546,
    6.647944093527));
#3718 = CARTESIAN_POINT('',(39.701463562463,5.815405641116,
    6.944495885603));
#3719 = CARTESIAN_POINT('',(39.676204225977,6.049037142135,
    7.223790440223));
#3720 = PCURVE('',#838,#3721);
#3721 = DEFINITIONAL_REPRESENTATION('',(#3722),#3737);
#3722 = B_SPLINE_CURVE_WITH_KNOTS('',7,(#3723,#3724,#3725,#3726,#3727,
    #3728,#3729,#3730,#3731,#3732,#3733,#3734,#3735,#3736),
  .UNSPECIFIED.,.F.,.F.,(8,6,8),(0.,0.450444874901,1.),.UNSPECIFIED.);
#3723 = CARTESIAN_POINT('',(6.771718369881E-02,3.007113258858));
#3724 = CARTESIAN_POINT('',(5.862663207407E-02,3.278394120733));
#3725 = CARTESIAN_POINT('',(5.025033835554E-02,3.556838051613));
#3726 = CARTESIAN_POINT('',(4.260822039943E-02,3.84039790127));
#3727 = CARTESIAN_POINT('',(3.570577800847E-02,4.127009357392));
#3728 = CARTESIAN_POINT('',(2.953927869106E-02,4.414656491385));
#3729 = CARTESIAN_POINT('',(2.409892834866E-02,4.701432318005));
#3730 = CARTESIAN_POINT('',(1.360063716932E-02,5.332279879215));
#3731 = CARTESIAN_POINT('',(8.89160536559E-03,5.674992187763));
#3732 = CARTESIAN_POINT('',(5.215678109407E-03,6.010553180266));
#3733 = CARTESIAN_POINT('',(2.540161134068E-03,6.335839689206));
#3734 = CARTESIAN_POINT('',(8.217233968359E-04,6.647944093526));
#3735 = CARTESIAN_POINT('',(-5.879800973772E-15,6.944495885602));
#3736 = CARTESIAN_POINT('',(-7.739395079324E-15,7.223790440222));
#3737 = ( GEOMETRIC_REPRESENTATION_CONTEXT(2) 
PARAMETRIC_REPRESENTATION_CONTEXT() REPRESENTATION_CONTEXT('2D SPACE',''
  ) );
#3738 = PCURVE('',#3739,#3890);
#3739 = ( BOUNDED_SURFACE() B_SPLINE_SURFACE(2,13,(
    (#3740,#3741,#3742,#3743,#3744,#3745,#3746,#3747,#3748,#3749,#3750
      ,#3751,#3752,#3753,#3754,#3755,#3756,#3757,#3758,#3759,#3760,#3761
      ,#3762,#3763,#3764,#3765,#3766,#3767,#3768,#3769,#3770,#3771,#3772
      ,#3773,#3774,#3775,#3776,#3777,#3778,#3779,#3780,#3781,#3782,#3783
      ,#3784,#3785,#3786,#3787,#3788,#3789)
    ,(#3790,#3791,#3792,#3793,#3794,#3795,#3796,#3797,#3798,#3799,#3800
      ,#3801,#3802,#3803,#3804,#3805,#3806,#3807,#3808,#3809,#3810,#3811
      ,#3812,#3813,#3814,#3815,#3816,#3817,#3818,#3819,#3820,#3821,#3822
      ,#3823,#3824,#3825,#3826,#3827,#3828,#3829,#3830,#3831,#3832,#3833
      ,#3834,#3835,#3836,#3837,#3838,#3839)
    ,(#3840,#3841,#3842,#3843,#3844,#3845,#3846,#3847,#3848,#3849,#3850
      ,#3851,#3852,#3853,#3854,#3855,#3856,#3857,#3858,#3859,#3860,#3861
      ,#3862,#3863,#3864,#3865,#3866,#3867,#3868,#3869,#3870,#3871,#3872
      ,#3873,#3874,#3875,#3876,#3877,#3878,#3879,#3880,#3881,#3882,#3883
      ,#3884,#3885,#3886,#3887,#3888,#3889
)),.UNSPECIFIED.,.F.,.F.,.F.) B_SPLINE_SURFACE_WITH_KNOTS((3,3),(14,12,
    12,12,14),(0.,26.174596211351),(-1.908874923306,-0.909844309418,
    12.177453796257,25.264751901933,26.081756329802),.UNSPECIFIED.) 
GEOMETRIC_REPRESENTATION_ITEM() RATIONAL_B_SPLINE_SURFACE((
    (1.,1.,1.,1.,1.,1.,1.,1.,1.,1.,1.,1.,1.,1.,1.,1.,1.,1.,1.,1.,1.,1.
      ,1.,1.,1.,1.,1.,1.,1.,1.,1.,1.,1.,1.,1.,1.,1.,1.,1.,1.,1.,1.,1.,1.
      ,1.,1.,1.,1.,1.,1.)
    ,(0.874589043656,0.875085962011,0.87550006064,0.875831339542
      ,0.87607979872,0.876245438171,0.876328257897,0.876328257897
      ,0.876245438171,0.87607979872,0.875831339542,0.87550006064
      ,0.875085962011,0.868079414674,0.861094084585,0.853605149566
      ,0.845586424408,0.837012985138,0.827860909278,0.818107256908
      ,0.80773033636,0.796710297521,0.785030096642,0.772676875696
      ,0.759643800025,0.732220994994,0.717832363837,0.70275925587
      ,0.687059540844,0.670608415349,0.653780274359,0.636086655071
      ,0.618285962696,0.599915281655,0.581472751908,0.563006344079
      ,0.544750892277,0.525782941587,0.524854158352,0.524111131764
      ,0.523553861823,0.523182348529,0.522996591882,0.522996591882
      ,0.523182348529,0.523553861823,0.524111131764,0.524854158352
      ,0.525782941587,0.526897481468)
    ,(1.,1.,1.,1.,1.,1.,1.,1.,1.,1.,1.,1.,1.,1.,1.,1.,1.,1.,1.,1.,1.,1.
      ,1.,1.,1.,1.,1.,1.,1.,1.,1.,1.,1.,1.,1.,1.,1.,1.,1.,1.,1.,1.,1.,1.
,1.,1.,1.,1.,1.,1.))) REPRESENTATION_ITEM('') SURFACE() );
#3740 = CARTESIAN_POINT('',(36.321374567569,-21.7732556481,
    2.220267356544));
#3741 = CARTESIAN_POINT('',(36.303807403798,-21.67890899021,
    2.231678860441));
#3742 = CARTESIAN_POINT('',(36.286589114576,-21.58643600687,
    2.242863737927));
#3743 = CARTESIAN_POINT('',(36.269719699902,-21.49583669808,
    2.253821989002));
#3744 = CARTESIAN_POINT('',(36.253199159777,-21.40711106384,
    2.264553613667));
#3745 = CARTESIAN_POINT('',(36.237027494201,-21.32025910415,
    2.27505861192));
#3746 = CARTESIAN_POINT('',(36.221204703173,-21.23528081902,
    2.285336983763));
#3747 = CARTESIAN_POINT('',(36.205730786695,-21.15217620843,
    2.295388729195));
#3748 = CARTESIAN_POINT('',(36.190605744765,-21.0709452724,
    2.305213848217));
#3749 = CARTESIAN_POINT('',(36.175829577383,-20.99158801092,
    2.314812340827));
#3750 = CARTESIAN_POINT('',(36.161402284551,-20.91410442399,
    2.324184207027));
#3751 = CARTESIAN_POINT('',(36.147323866267,-20.83849451162,
    2.333329446816));
#3752 = CARTESIAN_POINT('',(36.133594322532,-20.76475827379,
    2.342248060194));
#3753 = CARTESIAN_POINT('',(35.94492692633,-19.75149634284,
    2.464805050889));
#3754 = CARTESIAN_POINT('',(35.799313030975,-18.80326517411,
    2.586072303482));
#3755 = CARTESIAN_POINT('',(35.682586839511,-17.84885798955,
    2.715011834636));
#3756 = CARTESIAN_POINT('',(35.593879352942,-16.88890491323,
    2.851822791099));
#3757 = CARTESIAN_POINT('',(35.532255172786,-15.92388546588,
    2.996641653188));
#3758 = CARTESIAN_POINT('',(35.496742627508,-14.9540567731,
    3.149543907592));
#3759 = CARTESIAN_POINT('',(35.486374148169,-13.97942449521,
    3.310539988495));
#3760 = CARTESIAN_POINT('',(35.500234526022,-12.99974606645,
    3.479566302708));
#3761 = CARTESIAN_POINT('',(35.537514634683,-12.0145558099,
    3.656472149679));
#3762 = CARTESIAN_POINT('',(35.597568255436,-11.02320151799,
    3.841003352647));
#3763 = CARTESIAN_POINT('',(35.679969590806,-10.02488206643,
    4.032783412035));
#3764 = CARTESIAN_POINT('',(35.784569095283,-9.018675646953,
    4.231292996421));
#3765 = CARTESIAN_POINT('',(36.03852134755,-6.988420737913,
    4.640404170495));
#3766 = CARTESIAN_POINT('',(36.187868520721,-5.964414465252,
    4.850992544538));
#3767 = CARTESIAN_POINT('',(36.359858643694,-4.93024551573,
    5.067033774053));
#3768 = CARTESIAN_POINT('',(36.554583396105,-3.886363334033,
    5.287110347122));
#3769 = CARTESIAN_POINT('',(36.774400226975,-2.826897099544,
    5.511928510054));
#3770 = CARTESIAN_POINT('',(37.017414214101,-1.762257781882,
    5.73617656819));
#3771 = CARTESIAN_POINT('',(37.291235554002,-0.672541355807,
    5.964953080702));
#3772 = CARTESIAN_POINT('',(37.591172986805,0.417683081235,
    6.188254912012));
#3773 = CARTESIAN_POINT('',(37.92726928406,1.531077206116,6.411260300086
    ));
#3774 = CARTESIAN_POINT('',(38.298733653429,2.650767561442,6.62743861101
    ));
#3775 = CARTESIAN_POINT('',(38.711736092766,3.78088659582,6.83637242308)
  );
#3776 = CARTESIAN_POINT('',(39.169728916794,4.915329659094,
    7.035652096407));
#3777 = CARTESIAN_POINT('',(39.707822102094,6.119811417013,
    7.235535405357));
#3778 = CARTESIAN_POINT('',(39.739892197653,6.191597951635,
    7.247448354626));
#3779 = CARTESIAN_POINT('',(39.772414512656,6.264396746,7.259529288031)
  );
#3780 = CARTESIAN_POINT('',(39.805389047101,6.338207800108,
    7.271778205572));
#3781 = CARTESIAN_POINT('',(39.838815800989,6.413031113958,
    7.284195107248));
#3782 = CARTESIAN_POINT('',(39.87269477432,6.488866687552,7.29677999306)
  );
#3783 = CARTESIAN_POINT('',(39.907025967093,6.565714520888,
    7.309532863008));
#3784 = CARTESIAN_POINT('',(39.94180937931,6.643574613967,7.322453717091
    ));
#3785 = CARTESIAN_POINT('',(39.977045010969,6.722446966789,7.33554255531
    ));
#3786 = CARTESIAN_POINT('',(40.012732862071,6.802331579354,
    7.348799377664));
#3787 = CARTESIAN_POINT('',(40.048872932615,6.883228451662,
    7.362224184154));
#3788 = CARTESIAN_POINT('',(40.085465222603,6.965137583713,
    7.375816974779));
#3789 = CARTESIAN_POINT('',(40.122509732033,7.048058975507,7.38957774954
    ));
#3790 = CARTESIAN_POINT('',(34.851506510221,-22.00759150272,
    -1.349174236535E-13));
#3791 = CARTESIAN_POINT('',(34.836024231645,-21.91517247609,
    -1.228164863548E-13));
#3792 = CARTESIAN_POINT('',(34.820794038676,-21.82425823484,
    -1.10912578977E-13));
#3793 = CARTESIAN_POINT('',(34.805811253192,-21.73482085365,
    -9.920204510346E-14));
#3794 = CARTESIAN_POINT('',(34.791071345361,-21.64683329241,
    -8.76813442217E-14));
#3795 = CARTESIAN_POINT('',(34.776569929084,-21.56026936898,
    -7.634704815859E-14));
#3796 = CARTESIAN_POINT('',(34.76230275764,-21.47510373324,
    -6.519583768093E-14));
#3797 = CARTESIAN_POINT('',(34.748265719545,-21.39131184233,
    -5.422449925561E-14));
#3798 = CARTESIAN_POINT('',(34.734454834599,-21.30886993707,
    -4.342992196232E-14));
#3799 = CARTESIAN_POINT('',(34.720866250128,-21.22775501952,
    -3.28090945527E-14));
#3800 = CARTESIAN_POINT('',(34.707496237396,-21.14794483159,
    -2.235910264996E-14));
#3801 = CARTESIAN_POINT('',(34.694341188197,-21.06941783466,
    -1.207712608359E-14));
#3802 = CARTESIAN_POINT('',(34.681397611614,-20.99215319024,
    -1.960436354065E-15));
#3803 = CARTESIAN_POINT('',(34.500480794543,-19.91219870854,
    1.394440118929E-13));
#3804 = CARTESIAN_POINT('',(34.370253415719,-18.90142336621,
    -5.897504706809E-13));
#3805 = CARTESIAN_POINT('',(34.2781432802,-17.88544722128,
    1.631139667779E-12));
#3806 = CARTESIAN_POINT('',(34.224225436019,-16.86602203774,
    -3.255173908201E-12));
#3807 = CARTESIAN_POINT('',(34.208490736271,-15.84494825252,
    5.09325914777E-12));
#3808 = CARTESIAN_POINT('',(34.230852005433,-14.82404945742,
    -6.385114659224E-12));
#3809 = CARTESIAN_POINT('',(34.29115144963,-13.80517293296,
    6.497025140106E-12));
#3810 = CARTESIAN_POINT('',(34.389168097437,-12.79020741973,
    -5.33262323188E-12));
#3811 = CARTESIAN_POINT('',(34.524623588488,-11.78110930691,
    3.477218513126E-12));
#3812 = CARTESIAN_POINT('',(34.697183991577,-10.77992814438,
    -1.706634833454E-12));
#3813 = CARTESIAN_POINT('',(34.906454490158,-9.788821731061,
    5.795364188543E-13));
#3814 = CARTESIAN_POINT('',(35.151962662667,-8.810049885404,
    -7.460698725481E-14));
#3815 = CARTESIAN_POINT('',(35.72481655506,-6.845710861864,
    -5.329070518201E-15));
#3816 = CARTESIAN_POINT('',(36.056374380775,-5.856159266092,
    3.357314426466E-13));
#3817 = CARTESIAN_POINT('',(36.427850531178,-4.879886298932,
    -1.127098414599E-12));
#3818 = CARTESIAN_POINT('',(36.839219279439,-3.918792472082,
    2.258637721297E-12));
#3819 = CARTESIAN_POINT('',(37.290565039476,-2.977902256278,
    -3.094413614235E-12));
#3820 = CARTESIAN_POINT('',(37.780372824184,-2.056670827446,
    3.149480676257E-12));
#3821 = CARTESIAN_POINT('',(38.311120490921,-1.162719359505,
    -2.421174372103E-12));
#3822 = CARTESIAN_POINT('',(38.875785693441,-0.29765677701,
    1.311395436687E-12));
#3823 = CARTESIAN_POINT('',(39.480487013168,0.537480595167,
    -2.75335310107E-13));
#3824 = CARTESIAN_POINT('',(40.116145471016,1.33457933098,
    -2.455813330471E-13));
#3825 = CARTESIAN_POINT('',(40.784216326644,2.095848364242,
    2.464695114668E-13));
#3826 = CARTESIAN_POINT('',(41.481265844233,2.819243724696,
    -6.616929226766E-14));
#3827 = CARTESIAN_POINT('',(42.252693979859,3.550074015369,
    7.116664807975E-15));
#3828 = CARTESIAN_POINT('',(42.302239584628,3.597012190246,
    1.182351551349E-14));
#3829 = CARTESIAN_POINT('',(42.354428028638,3.646454120018,
    1.678143692046E-14));
#3830 = CARTESIAN_POINT('',(42.409215014724,3.69835783874,
    2.198622078193E-14));
#3831 = CARTESIAN_POINT('',(42.466550489836,3.752675927498,
    2.743311203968E-14));
#3832 = CARTESIAN_POINT('',(42.526378792149,3.809355653776,
    3.311682279996E-14));
#3833 = CARTESIAN_POINT('',(42.588638828844,3.868339139876,
    3.903154922233E-14));
#3834 = CARTESIAN_POINT('',(42.653264283372,3.929563559284,
    4.517099121034E-14));
#3835 = CARTESIAN_POINT('',(42.720183850752,3.992961359573,
    5.152837476432E-14));
#3836 = CARTESIAN_POINT('',(42.789321499123,4.058460510203,
    5.809647682964E-14));
#3837 = CARTESIAN_POINT('',(42.860596755574,4.125984773298,
    6.486765244997E-14));
#3838 = CARTESIAN_POINT('',(42.933925013979,4.195453995291,
    7.183386401234E-14));
#3839 = CARTESIAN_POINT('',(43.009217862424,4.266784417106,
    7.89867123522E-14));
#3840 = CARTESIAN_POINT('',(32.195779810576,-22.41149010571,
    -1.056322397378E-14));
#3841 = CARTESIAN_POINT('',(32.17525165511,-22.32887381912,
    -9.614025449692E-15));
#3842 = CARTESIAN_POINT('',(32.154723499645,-22.24625753252,
    -8.664826925601E-15));
#3843 = CARTESIAN_POINT('',(32.134195344179,-22.16364124593,
    -7.715628401509E-15));
#3844 = CARTESIAN_POINT('',(32.113667188713,-22.08102495933,
    -6.766429877418E-15));
#3845 = CARTESIAN_POINT('',(32.093139033248,-21.99840867274,
    -5.817231353327E-15));
#3846 = CARTESIAN_POINT('',(32.072610877782,-21.91579238614,
    -4.868032829236E-15));
#3847 = CARTESIAN_POINT('',(32.052082722316,-21.83317609955,
    -3.918834305145E-15));
#3848 = CARTESIAN_POINT('',(32.03155456685,-21.75055981295,
    -2.969635781054E-15));
#3849 = CARTESIAN_POINT('',(32.011026411384,-21.66794352635,
    -2.020437256963E-15));
#3850 = CARTESIAN_POINT('',(31.990498255918,-21.58532723976,
    -1.071238732872E-15));
#3851 = CARTESIAN_POINT('',(31.969970100452,-21.50271095316,
    -1.220402087814E-16));
#3852 = CARTESIAN_POINT('',(31.949441944986,-21.42009466657,
    8.271583153094E-16));
#3853 = CARTESIAN_POINT('',(31.659995013246,-20.25520526839,
    1.42108547152E-14));
#3854 = CARTESIAN_POINT('',(31.425801364095,-19.15945272321,
    -1.509903313491E-14));
#3855 = CARTESIAN_POINT('',(31.2265185806,-18.05126651858,
    -8.926193117967E-14));
#3856 = CARTESIAN_POINT('',(31.062300002574,-16.93152206514,
    5.528910662657E-13));
#3857 = CARTESIAN_POINT('',(30.933282864484,-15.80100216091,
    -1.57029944602E-12));
#3858 = CARTESIAN_POINT('',(30.839604780195,-14.66043798923,
    2.972289081549E-12));
#3859 = CARTESIAN_POINT('',(30.781420503341,-13.51052397212,
    -4.049649504595E-12));
#3860 = CARTESIAN_POINT('',(30.758919083013,-12.35191710153,
    4.138467346614E-12));
#3861 = CARTESIAN_POINT('',(30.772341487744,-11.18523135277,
    -3.174349671998E-12));
#3862 = CARTESIAN_POINT('',(30.821998823238,-10.01103780431,
    1.791011783328E-12));
#3863 = CARTESIAN_POINT('',(30.908291218808,-8.829881069454,
    -6.732392421324E-13));
#3864 = CARTESIAN_POINT('',(31.031727499163,-7.642322660561,
    1.15463194561E-13));
#3865 = CARTESIAN_POINT('',(31.354163958308,-5.255721131068,
    -2.353672812205E-14));
#3866 = CARTESIAN_POINT('',(31.553105248402,-4.056754278582,
    -1.505462421392E-13));
#3867 = CARTESIAN_POINT('',(31.791005008926,-2.851866846039,
    7.052136652415E-13));
#3868 = CARTESIAN_POINT('',(32.065642870912,-1.646214302111,
    -1.69242397874E-12));
#3869 = CARTESIAN_POINT('',(32.387444811445,-0.426113734708,
    2.885691685603E-12));
#3870 = CARTESIAN_POINT('',(32.736087634336,0.774436660187,
    -3.717470775657E-12));
#3871 = CARTESIAN_POINT('',(33.148079475624,2.010097688153,
    3.793854119748E-12));
#3872 = CARTESIAN_POINT('',(33.581957035152,3.209589813606,
    -3.08020275952E-12));
#3873 = CARTESIAN_POINT('',(34.076823853701,4.435076065168,
    2.012612299041E-12));
#3874 = CARTESIAN_POINT('',(34.612401932493,5.644216742512,
    -1.00675023873E-12));
#3875 = CARTESIAN_POINT('',(35.198340731748,6.850323697824,
    3.725908470642E-13));
#3876 = CARTESIAN_POINT('',(35.833436306219,8.04495014908,
    -7.194245199571E-14));
#3877 = CARTESIAN_POINT('',(36.560933292261,9.297820567004,
    9.68110902581E-15));
#3878 = CARTESIAN_POINT('',(36.603680366948,9.37143811643,
    1.447723674327E-14));
#3879 = CARTESIAN_POINT('',(36.646427441634,9.445055665856,
    1.927336446073E-14));
#3880 = CARTESIAN_POINT('',(36.68917451632,9.518673215281,
    2.406949217819E-14));
#3881 = CARTESIAN_POINT('',(36.731921591006,9.592290764707,
    2.886561989565E-14));
#3882 = CARTESIAN_POINT('',(36.774668665692,9.665908314132,
    3.366174761311E-14));
#3883 = CARTESIAN_POINT('',(36.817415740378,9.739525863558,
    3.845787533057E-14));
#3884 = CARTESIAN_POINT('',(36.860162815064,9.813143412983,
    4.325400304803E-14));
#3885 = CARTESIAN_POINT('',(36.90290988975,9.886760962409,
    4.805013076549E-14));
#3886 = CARTESIAN_POINT('',(36.945656964436,9.960378511834,
    5.284625848295E-14));
#3887 = CARTESIAN_POINT('',(36.988404039122,10.03399606126,
    5.764238620041E-14));
#3888 = CARTESIAN_POINT('',(37.031151113808,10.107613610685,
    6.243851391787E-14));
#3889 = CARTESIAN_POINT('',(37.073898188494,10.181231160111,
    6.723464163533E-14));
#3890 = DEFINITIONAL_REPRESENTATION('',(#3891),#3906);
#3891 = B_SPLINE_CURVE_WITH_KNOTS('',7,(#3892,#3893,#3894,#3895,#3896,
    #3897,#3898,#3899,#3900,#3901,#3902,#3903,#3904,#3905),
  .UNSPECIFIED.,.F.,.F.,(8,6,8),(0.,0.450444874901,1.),.UNSPECIFIED.);
#3892 = CARTESIAN_POINT('',(10.801379516012,23.402878602594));
#3893 = CARTESIAN_POINT('',(10.095602622038,23.492378865098));
#3894 = CARTESIAN_POINT('',(9.396062020462,23.594335006076));
#3895 = CARTESIAN_POINT('',(8.702206855015,23.706718783566));
#3896 = CARTESIAN_POINT('',(8.012992704733,23.827202009755));
#3897 = CARTESIAN_POINT('',(7.327003490113,23.953395661004));
#3898 = CARTESIAN_POINT('',(6.642549897689,24.08302870644));
#3899 = CARTESIAN_POINT('',(5.122262704228,24.373936553269));
#3900 = CARTESIAN_POINT('',(4.286456007355,24.535859005853));
#3901 = CARTESIAN_POINT('',(3.446933800944,24.696128305782));
#3902 = CARTESIAN_POINT('',(2.600626584486,24.851411038054));
#3903 = CARTESIAN_POINT('',(1.744987514165,24.999026078519));
#3904 = CARTESIAN_POINT('',(0.878339847726,25.137154875763));
#3905 = CARTESIAN_POINT('',(0.,25.264751901933));
#3906 = ( GEOMETRIC_REPRESENTATION_CONTEXT(2) 
PARAMETRIC_REPRESENTATION_CONTEXT() REPRESENTATION_CONTEXT('2D SPACE',''
  ) );
#3907 = ORIENTED_EDGE('',*,*,#3908,.T.);
#3908 = EDGE_CURVE('',#3702,#814,#3909,.T.);
#3909 = SURFACE_CURVE('',#3910,(#3961,#4003),.PCURVE_S1.);
#3910 = B_SPLINE_CURVE_WITH_KNOTS('',13,(#3911,#3912,#3913,#3914,#3915,
    #3916,#3917,#3918,#3919,#3920,#3921,#3922,#3923,#3924,#3925,#3926,
    #3927,#3928,#3929,#3930,#3931,#3932,#3933,#3934,#3935,#3936,#3937,
    #3938,#3939,#3940,#3941,#3942,#3943,#3944,#3945,#3946,#3947,#3948,
    #3949,#3950,#3951,#3952,#3953,#3954,#3955,#3956,#3957,#3958,#3959,
    #3960),.UNSPECIFIED.,.F.,.F.,(14,12,12,12,14),(-1.908874923306,
    -0.909844309418,12.177453796259,25.264751901936,26.081756329804),
  .UNSPECIFIED.);
#3911 = CARTESIAN_POINT('',(42.341860899938,-0.695505230567,
    2.220267356543));
#3912 = CARTESIAN_POINT('',(42.279473960893,-0.622582209955,
    2.23167886044));
#3913 = CARTESIAN_POINT('',(42.218325993346,-0.551107401829,
    2.242863737926));
#3914 = CARTESIAN_POINT('',(42.158416997297,-0.481080806188,
    2.253821989002));
#3915 = CARTESIAN_POINT('',(42.099746972746,-0.412502423034,
    2.264553613666));
#3916 = CARTESIAN_POINT('',(42.042315919692,-0.345372252365,
    2.27505861192));
#3917 = CARTESIAN_POINT('',(41.986123838136,-0.279690294181,
    2.285336983763));
#3918 = CARTESIAN_POINT('',(41.931170728078,-0.215456548484,
    2.295388729195));
#3919 = CARTESIAN_POINT('',(41.877456589517,-0.152671015272,
    2.305213848217));
#3920 = CARTESIAN_POINT('',(41.824981422454,-9.133369454658E-02,
    2.314812340827));
#3921 = CARTESIAN_POINT('',(41.773745226889,-3.144458630651E-02,
    2.324184207027));
#3922 = CARTESIAN_POINT('',(41.723748002821,2.699630944779E-02,
    2.333329446816));
#3923 = CARTESIAN_POINT('',(41.674989750251,8.398899271631E-02,
    2.342248060194));
#3924 = CARTESIAN_POINT('',(41.004968026798,0.867165867503,
    2.464805050888));
#3925 = CARTESIAN_POINT('',(40.404747109923,1.615551200613,
    2.586072303483));
#3926 = CARTESIAN_POINT('',(39.826455670519,2.383728972242,
    2.715011834635));
#3927 = CARTESIAN_POINT('',(39.269656195534,3.170718979538,2.8518227911)
  );
#3928 = CARTESIAN_POINT('',(38.733778366293,3.97563824594,2.996641653188
    ));
#3929 = CARTESIAN_POINT('',(38.218109253597,4.797778258661,
    3.149543907593));
#3930 = CARTESIAN_POINT('',(37.721813748107,5.636650330899,
    3.310539988496));
#3931 = CARTESIAN_POINT('',(37.243977973067,6.49200692675,3.479566302706
    ));
#3932 = CARTESIAN_POINT('',(36.783668365953,7.363846770764,
    3.656472149681));
#3933 = CARTESIAN_POINT('',(36.339999181149,8.252411582103,
    3.841003352646));
#3934 = CARTESIAN_POINT('',(35.912201105117,9.158182255929,
    4.032783412036));
#3935 = CARTESIAN_POINT('',(35.499683723467,10.081882328887,
    4.231292996421));
#3936 = CARTESIAN_POINT('',(34.704485370771,11.967110782412,
    4.640404170497));
#3937 = CARTESIAN_POINT('',(34.321820680335,12.928599814736,
    4.850992544532));
#3938 = CARTESIAN_POINT('',(33.953684021448,13.910211458374,
    5.067033774068));
#3939 = CARTESIAN_POINT('',(33.600379512535,14.911602322372,
    5.287110347099));
#3940 = CARTESIAN_POINT('',(33.261013355671,15.93903541148,
    5.511928510083));
#3941 = CARTESIAN_POINT('',(32.939149982278,16.982547099854,
    5.736176568163));
#3942 = CARTESIAN_POINT('',(32.631428006649,18.063179877828,
    5.964953080725));
#3943 = CARTESIAN_POINT('',(32.346069223643,19.157310652437,
    6.188254911991));
#3944 = CARTESIAN_POINT('',(32.080440093339,20.289586397732,
    6.411260300106));
#3945 = CARTESIAN_POINT('',(31.842292495812,21.44499887442,
    6.627438610997));
#3946 = CARTESIAN_POINT('',(31.634903583064,22.630211887204,
    6.836372423085));
#3947 = CARTESIAN_POINT('',(31.464315471738,23.841664811144,
    7.035652096406));
#3948 = CARTESIAN_POINT('',(31.32807696086,25.153823204551,
    7.235535405357));
#3949 = CARTESIAN_POINT('',(31.319957211006,25.232027214963,
    7.247448354626));
#3950 = CARTESIAN_POINT('',(31.311722964807,25.311333977749,
    7.259529288031));
#3951 = CARTESIAN_POINT('',(31.303374222261,25.391743492909,
    7.271778205572));
#3952 = CARTESIAN_POINT('',(31.294910983369,25.473255760442,
    7.284195107249));
#3953 = CARTESIAN_POINT('',(31.286333248132,25.55587078035,
    7.296779993061));
#3954 = CARTESIAN_POINT('',(31.277641016548,25.639588552632,
    7.309532863008));
#3955 = CARTESIAN_POINT('',(31.268834288619,25.724409077288,
    7.322453717091));
#3956 = CARTESIAN_POINT('',(31.259913064344,25.810332354318,
    7.33554255531));
#3957 = CARTESIAN_POINT('',(31.250877343722,25.897358383722,
    7.348799377664));
#3958 = CARTESIAN_POINT('',(31.241727126755,25.985487165499,
    7.362224184154));
#3959 = CARTESIAN_POINT('',(31.232462413442,26.074718699651,
    7.37581697478));
#3960 = CARTESIAN_POINT('',(31.223083203783,26.165052986177,
    7.389577749541));
#3961 = PCURVE('',#838,#3962);
#3962 = DEFINITIONAL_REPRESENTATION('',(#3963),#4002);
#3963 = B_SPLINE_CURVE_WITH_KNOTS('',10,(#3964,#3965,#3966,#3967,#3968,
    #3969,#3970,#3971,#3972,#3973,#3974,#3975,#3976,#3977,#3978,#3979,
    #3980,#3981,#3982,#3983,#3984,#3985,#3986,#3987,#3988,#3989,#3990,
    #3991,#3992,#3993,#3994,#3995,#3996,#3997,#3998,#3999,#4000,#4001),
  .UNSPECIFIED.,.F.,.F.,(11,9,9,9,11),(4.110950065678,9.399400524742,
    14.687850983807,19.976301442872,25.264751901936),.UNSPECIFIED.);
#3964 = CARTESIAN_POINT('',(6.771718237326E-02,3.007113252461));
#3965 = CARTESIAN_POINT('',(8.401633616789E-02,3.085770291705));
#3966 = CARTESIAN_POINT('',(0.100277414864,3.166691977945));
#3967 = CARTESIAN_POINT('',(0.116504825532,3.249879880224));
#3968 = CARTESIAN_POINT('',(0.132703671497,3.335329306263));
#3969 = CARTESIAN_POINT('',(0.148879762057,3.423028505119));
#3970 = CARTESIAN_POINT('',(0.165039622197,3.512957869881));
#3971 = CARTESIAN_POINT('',(0.181190502306,3.605089140318));
#3972 = CARTESIAN_POINT('',(0.19734038789,3.699384605576));
#3973 = CARTESIAN_POINT('',(0.213498009293,3.795796306834));
#3974 = CARTESIAN_POINT('',(0.245847693519,3.992734173144));
#3975 = CARTESIAN_POINT('',(0.262039750002,4.093259818311));
#3976 = CARTESIAN_POINT('',(0.278258546576,4.195786390946));
#3977 = CARTESIAN_POINT('',(0.294514266784,4.300228983875));
#3978 = CARTESIAN_POINT('',(0.310817938288,4.406540337233));
#3979 = CARTESIAN_POINT('',(0.327181535161,4.514562508531));
#3980 = CARTESIAN_POINT('',(0.343618390894,4.624259270039));
#3981 = CARTESIAN_POINT('',(0.360140410522,4.735437258322));
#3982 = CARTESIAN_POINT('',(0.376762662328,4.847980421207));
#3983 = CARTESIAN_POINT('',(0.410236355185,5.075443720213));
#3984 = CARTESIAN_POINT('',(0.427087853385,5.19036537478));
#3985 = CARTESIAN_POINT('',(0.444068523577,5.306306372861));
#3986 = CARTESIAN_POINT('',(0.461193621714,5.423079026613));
#3987 = CARTESIAN_POINT('',(0.478478933503,5.540474573603));
#3988 = CARTESIAN_POINT('',(0.495940557195,5.658261248041));
#3989 = CARTESIAN_POINT('',(0.513594675136,5.776184471556));
#3990 = CARTESIAN_POINT('',(0.531457314079,5.893969163487));
#3991 = CARTESIAN_POINT('',(0.549544094258,6.011324170733));
#3992 = CARTESIAN_POINT('',(0.5861958402,6.244573463493));
#3993 = CARTESIAN_POINT('',(0.604760746741,6.360467318253));
#3994 = CARTESIAN_POINT('',(0.623579820024,6.475331751513));
#3995 = CARTESIAN_POINT('',(0.642666100275,6.588845200717));
#3996 = CARTESIAN_POINT('',(0.66203373661,6.700701807042));
#3997 = CARTESIAN_POINT('',(0.681690906868,6.810554015459));
#3998 = CARTESIAN_POINT('',(0.701645198157,6.918069632859));
#3999 = CARTESIAN_POINT('',(0.721905569467,7.022971846212));
#4000 = CARTESIAN_POINT('',(0.742470080446,7.124958091979));
#4001 = CARTESIAN_POINT('',(0.763337317515,7.223790440222));
#4002 = ( GEOMETRIC_REPRESENTATION_CONTEXT(2) 
PARAMETRIC_REPRESENTATION_CONTEXT() REPRESENTATION_CONTEXT('2D SPACE',''
  ) );
#4003 = PCURVE('',#961,#4004);
#4004 = DEFINITIONAL_REPRESENTATION('',(#4005),#4009);
#4005 = LINE('',#4006,#4007);
#4006 = CARTESIAN_POINT('',(0.,0.));
#4007 = VECTOR('',#4008,1.);
#4008 = DIRECTION('',(0.,1.));
#4009 = ( GEOMETRIC_REPRESENTATION_CONTEXT(2) 
PARAMETRIC_REPRESENTATION_CONTEXT() REPRESENTATION_CONTEXT('2D SPACE',''
  ) );
#4010 = ORIENTED_EDGE('',*,*,#813,.T.);
#4011 = ORIENTED_EDGE('',*,*,#2958,.F.);
#4012 = ADVANCED_FACE('',(#4013),#961,.T.);
#4013 = FACE_BOUND('',#4014,.T.);
#4014 = EDGE_LOOP('',(#4015,#4016,#4017,#4018,#4134));
#4015 = ORIENTED_EDGE('',*,*,#1380,.T.);
#4016 = ORIENTED_EDGE('',*,*,#923,.T.);
#4017 = ORIENTED_EDGE('',*,*,#3908,.F.);
#4018 = ORIENTED_EDGE('',*,*,#4019,.F.);
#4019 = EDGE_CURVE('',#4020,#3702,#4022,.T.);
#4020 = VERTEX_POINT('',#4021);
#4021 = CARTESIAN_POINT('',(33.703992716759,3.339845667758,
    5.218048215738E-15));
#4022 = SURFACE_CURVE('',#4023,(#4058,#4096),.PCURVE_S1.);
#4023 = B_SPLINE_CURVE_WITH_KNOTS('',5,(#4024,#4025,#4026,#4027,#4028,
    #4029,#4030,#4031,#4032,#4033,#4034,#4035,#4036,#4037,#4038,#4039,
    #4040,#4041,#4042,#4043,#4044,#4045,#4046,#4047,#4048,#4049,#4050,
    #4051,#4052,#4053,#4054,#4055,#4056,#4057),.UNSPECIFIED.,.F.,.F.,(6,
    4,4,4,4,4,4,4,6),(0.,0.117151037323,0.237707873994,0.36282372789,
    0.492476117099,0.622310395625,0.749682188419,0.875414858314,1.),
  .UNSPECIFIED.);
#4024 = CARTESIAN_POINT('',(33.70399271918,3.339845660473,
    5.71764857682E-15));
#4025 = CARTESIAN_POINT('',(33.841590670068,3.356753349353,
    2.096375508517E-09));
#4026 = CARTESIAN_POINT('',(33.980751666462,3.37390752511,
    3.97079932791E-03));
#4027 = CARTESIAN_POINT('',(34.121232328023,3.391281088972,
    1.208182376273E-02));
#4028 = CARTESIAN_POINT('',(34.26275411347,3.408841685322,
    2.4479864216E-02));
#4029 = CARTESIAN_POINT('',(34.551401820451,3.444778164706,
    5.85634819223E-02));
#4030 = CARTESIAN_POINT('',(34.698571140233,3.463162910808,
    8.050858434529E-02));
#4031 = CARTESIAN_POINT('',(34.846183925033,3.481666582417,0.10723565687
    ));
#4032 = CARTESIAN_POINT('',(34.993874789817,3.500243942004,
    0.138828957182));
#4033 = CARTESIAN_POINT('',(35.29422150468,3.53815185966,0.213199948098)
  );
#4034 = CARTESIAN_POINT('',(35.446854012943,3.557484347139,
    0.256355423172));
#4035 = CARTESIAN_POINT('',(35.598731640397,3.576789101906,
    0.304831305802));
#4036 = CARTESIAN_POINT('',(35.749408397214,3.59600754616,0.358611897327
    ));
#4037 = CARTESIAN_POINT('',(36.052879274212,3.634843905539,
    0.478770700358));
#4038 = CARTESIAN_POINT('',(36.205552200646,3.654451054824,0.54553501712
    ));
#4039 = CARTESIAN_POINT('',(36.355968540702,3.673834971113,
    0.617830717436));
#4040 = CARTESIAN_POINT('',(36.503641583535,3.692928062733,
    0.695505100094));
#4041 = CARTESIAN_POINT('',(36.79279621678,3.730429591996,0.861297916573
    ));
#4042 = CARTESIAN_POINT('',(36.934268951423,3.748837048343,
    0.949430920188));
#4043 = CARTESIAN_POINT('',(37.072079790633,3.76682311435,1.042527191778
    ));
#4044 = CARTESIAN_POINT('',(37.20580703526,3.784325989171,1.140309787465
    ));
#4045 = CARTESIAN_POINT('',(37.461911079981,3.817933732914,
    1.342666292555));
#4046 = CARTESIAN_POINT('',(37.584455155693,3.834058835553,
    1.447076316529));
#4047 = CARTESIAN_POINT('',(37.702371549291,3.849614123606,
    1.555382975682));
#4048 = CARTESIAN_POINT('',(37.815367266339,3.864554167784,
    1.667241655037));
#4049 = CARTESIAN_POINT('',(38.029670131723,3.892946384287,
    1.895850944777));
#4050 = CARTESIAN_POINT('',(38.131109080202,3.9064152427,2.012520196193)
  );
#4051 = CARTESIAN_POINT('',(38.227308079837,3.91921335819,2.131942403834
    ));
#4052 = CARTESIAN_POINT('',(38.318106444906,3.931313627975,
    2.253746564072));
#4053 = CARTESIAN_POINT('',(38.487924824998,3.953978140064,
    2.500244928615));
#4054 = CARTESIAN_POINT('',(38.56704485429,3.964555403875,2.624902744746
    ));
#4055 = CARTESIAN_POINT('',(38.64066803453,3.974411842793,2.751172226724
    ));
#4056 = CARTESIAN_POINT('',(38.708757014196,3.983538290213,
    2.878691537849));
#4057 = CARTESIAN_POINT('',(38.771327373938,3.991933454013,
    3.007113252462));
#4058 = PCURVE('',#961,#4059);
#4059 = DEFINITIONAL_REPRESENTATION('',(#4060),#4095);
#4060 = B_SPLINE_CURVE_WITH_KNOTS('',5,(#4061,#4062,#4063,#4064,#4065,
    #4066,#4067,#4068,#4069,#4070,#4071,#4072,#4073,#4074,#4075,#4076,
    #4077,#4078,#4079,#4080,#4081,#4082,#4083,#4084,#4085,#4086,#4087,
    #4088,#4089,#4090,#4091,#4092,#4093,#4094),.UNSPECIFIED.,.F.,.F.,(6,
    4,4,4,4,4,4,4,6),(0.,0.117151037323,0.237707873994,0.36282372789,
    0.492476117099,0.622310395625,0.749682188419,0.875414858314,1.),
  .UNSPECIFIED.);
#4061 = CARTESIAN_POINT('',(26.174596211354,5.732174659845));
#4062 = CARTESIAN_POINT('',(25.5966515963,5.694273500412));
#4063 = CARTESIAN_POINT('',(25.016901531886,5.655588720676));
#4064 = CARTESIAN_POINT('',(24.435283963079,5.616164406612));
#4065 = CARTESIAN_POINT('',(23.851736551682,5.576057421986));
#4066 = CARTESIAN_POINT('',(22.663646078505,5.493436424416));
#4067 = CARTESIAN_POINT('',(22.058985464432,5.450886301781));
#4068 = CARTESIAN_POINT('',(21.452159093613,5.407765706703));
#4069 = CARTESIAN_POINT('',(20.843109225428,5.364167553058));
#4070 = CARTESIAN_POINT('',(19.597352253275,5.274568160222));
#4071 = CARTESIAN_POINT('',(18.960469831672,5.228538366444));
#4072 = CARTESIAN_POINT('',(18.321090859629,5.182229703471));
#4073 = CARTESIAN_POINT('',(17.679174424002,5.135778652024));
#4074 = CARTESIAN_POINT('',(16.366855809172,5.041203933903));
#4075 = CARTESIAN_POINT('',(15.696264244424,4.99308065424));
#4076 = CARTESIAN_POINT('',(15.022900352709,4.945128105338));
#4077 = CARTESIAN_POINT('',(14.346759500124,4.897524021914));
#4078 = CARTESIAN_POINT('',(12.988016466031,4.803308569954));
#4079 = CARTESIAN_POINT('',(12.305406076301,4.756698645992));
#4080 = CARTESIAN_POINT('',(11.620055483111,4.710801123855));
#4081 = CARTESIAN_POINT('',(10.932011301487,4.665800346779));
#4082 = CARTESIAN_POINT('',(9.563783690239,4.578775501852));
#4083 = CARTESIAN_POINT('',(8.883698146441,4.53671112166));
#4084 = CARTESIAN_POINT('',(8.201161208006,4.495843490604));
#4085 = CARTESIAN_POINT('',(7.516264976587,4.4563288256));
#4086 = CARTESIAN_POINT('',(6.150823210767,4.380768675972));
#4087 = CARTESIAN_POINT('',(5.470334473856,4.344685049895));
#4088 = CARTESIAN_POINT('',(4.787765470235,4.310185096538));
#4089 = CARTESIAN_POINT('',(4.103240899691,4.27738203262));
#4090 = CARTESIAN_POINT('',(2.736818536191,4.215629032989));
#4091 = CARTESIAN_POINT('',(2.05495307402,4.186646629333));
#4092 = CARTESIAN_POINT('',(1.371434422211,4.159502714818));
#4093 = CARTESIAN_POINT('',(0.686402575728,4.134258779067));
#4094 = CARTESIAN_POINT('',(0.,4.110950065678));
#4095 = ( GEOMETRIC_REPRESENTATION_CONTEXT(2) 
PARAMETRIC_REPRESENTATION_CONTEXT() REPRESENTATION_CONTEXT('2D SPACE',''
  ) );
#4096 = PCURVE('',#3739,#4097);
#4097 = DEFINITIONAL_REPRESENTATION('',(#4098),#4133);
#4098 = B_SPLINE_CURVE_WITH_KNOTS('',5,(#4099,#4100,#4101,#4102,#4103,
    #4104,#4105,#4106,#4107,#4108,#4109,#4110,#4111,#4112,#4113,#4114,
    #4115,#4116,#4117,#4118,#4119,#4120,#4121,#4122,#4123,#4124,#4125,
    #4126,#4127,#4128,#4129,#4130,#4131,#4132),.UNSPECIFIED.,.F.,.F.,(6,
    4,4,4,4,4,4,4,6),(0.,0.117151037323,0.237707873994,0.36282372789,
    0.492476117099,0.622310395625,0.749682188419,0.875414858314,1.),
  .UNSPECIFIED.);
#4099 = CARTESIAN_POINT('',(26.174596211351,20.335138569638));
#4100 = CARTESIAN_POINT('',(25.755888134725,20.409195442123));
#4101 = CARTESIAN_POINT('',(25.340518095108,20.48467577437));
#4102 = CARTESIAN_POINT('',(24.928582719159,20.561481350822));
#4103 = CARTESIAN_POINT('',(24.520167230057,20.639488067173));
#4104 = CARTESIAN_POINT('',(23.698742133812,20.799901414343));
#4105 = CARTESIAN_POINT('',(23.285943886335,20.882370066151));
#4106 = CARTESIAN_POINT('',(22.877018299456,20.965787849086));
#4107 = CARTESIAN_POINT('',(22.472017554214,21.0499617246));
#4108 = CARTESIAN_POINT('',(21.654749160717,21.222589014634));
#4109 = CARTESIAN_POINT('',(21.242785604491,21.311083946386));
#4110 = CARTESIAN_POINT('',(20.835103867817,21.399914960391));
#4111 = CARTESIAN_POINT('',(20.431698151368,21.488809952919));
#4112 = CARTESIAN_POINT('',(19.618881131003,21.669365543598));
#4113 = CARTESIAN_POINT('',(19.209782134481,21.761009621311));
#4114 = CARTESIAN_POINT('',(18.805182910908,21.852091458255));
#4115 = CARTESIAN_POINT('',(18.404993005079,21.942271602321));
#4116 = CARTESIAN_POINT('',(17.612616760521,22.120278726302));
#4117 = CARTESIAN_POINT('',(17.220442164155,22.208102309492));
#4118 = CARTESIAN_POINT('',(16.832428822467,22.294344888713));
#4119 = CARTESIAN_POINT('',(16.448405407806,22.37867090228));
#4120 = CARTESIAN_POINT('',(15.695149197949,22.541312101397));
#4121 = CARTESIAN_POINT('',(15.325773742777,22.619711034589));
#4122 = CARTESIAN_POINT('',(14.959856118705,22.695673697982));
#4123 = CARTESIAN_POINT('',(14.597178714544,22.768931128805));
#4124 = CARTESIAN_POINT('',(13.882471491046,22.908673323706));
#4125 = CARTESIAN_POINT('',(13.530364392101,22.975233182917));
#4126 = CARTESIAN_POINT('',(13.180967762501,23.038714044289));
#4127 = CARTESIAN_POINT('',(12.834045446559,23.098934569118));
#4128 = CARTESIAN_POINT('',(12.147825274528,23.212067234001));
#4129 = CARTESIAN_POINT('',(11.808486381528,23.265041115945));
#4130 = CARTESIAN_POINT('',(11.471117032133,23.314550609591));
#4131 = CARTESIAN_POINT('',(11.135487392403,23.360509926127));
#4132 = CARTESIAN_POINT('',(10.801379494949,23.402878486581));
#4133 = ( GEOMETRIC_REPRESENTATION_CONTEXT(2) 
PARAMETRIC_REPRESENTATION_CONTEXT() REPRESENTATION_CONTEXT('2D SPACE',''
  ) );
#4134 = ORIENTED_EDGE('',*,*,#4135,.T.);
#4135 = EDGE_CURVE('',#4020,#1381,#4136,.T.);
#4136 = SURFACE_CURVE('',#4137,(#4188,#4195),.PCURVE_S1.);
#4137 = B_SPLINE_CURVE_WITH_KNOTS('',13,(#4138,#4139,#4140,#4141,#4142,
    #4143,#4144,#4145,#4146,#4147,#4148,#4149,#4150,#4151,#4152,#4153,
    #4154,#4155,#4156,#4157,#4158,#4159,#4160,#4161,#4162,#4163,#4164,
    #4165,#4166,#4167,#4168,#4169,#4170,#4171,#4172,#4173,#4174,#4175,
    #4176,#4177,#4178,#4179,#4180,#4181,#4182,#4183,#4184,#4185,#4186,
    #4187),.UNSPECIFIED.,.F.,.F.,(14,12,12,12,14),(-1.908874923306,
    -0.909844309418,12.177453796259,25.264751901936,26.081756329804),
  .UNSPECIFIED.);
#4138 = CARTESIAN_POINT('',(39.088108263467,-3.311029862927,
    1.529497813812E-13));
#4139 = CARTESIAN_POINT('',(39.029022216043,-3.249746137702,
    1.414576992502E-13));
#4140 = CARTESIAN_POINT('',(38.96993616862,-3.188462412477,
    1.299656171193E-13));
#4141 = CARTESIAN_POINT('',(38.910850121197,-3.127178687252,
    1.184735349883E-13));
#4142 = CARTESIAN_POINT('',(38.851764073773,-3.065894962027,
    1.069814528574E-13));
#4143 = CARTESIAN_POINT('',(38.792678026349,-3.004611236802,
    9.548937072642E-14));
#4144 = CARTESIAN_POINT('',(38.733591978926,-2.943327511577,
    8.399728859547E-14));
#4145 = CARTESIAN_POINT('',(38.674505931502,-2.882043786352,
    7.250520646451E-14));
#4146 = CARTESIAN_POINT('',(38.615419884078,-2.820760061127,
    6.101312433356E-14));
#4147 = CARTESIAN_POINT('',(38.556333836654,-2.759476335902,
    4.952104220261E-14));
#4148 = CARTESIAN_POINT('',(38.497247789229,-2.698192610677,
    3.802896007166E-14));
#4149 = CARTESIAN_POINT('',(38.438161741805,-2.636908885452,
    2.65368779407E-14));
#4150 = CARTESIAN_POINT('',(38.37907569438,-2.575625160227,
    1.504479580975E-14));
#4151 = CARTESIAN_POINT('',(37.545962599353,-1.711524814672,
    -1.469935284603E-13));
#4152 = CARTESIAN_POINT('',(36.795268677208,-0.879672098868,
    7.229772336367E-13));
#4153 = CARTESIAN_POINT('',(36.068591621818,-1.959608527127E-02,
    -2.047695346613E-12));
#4154 = CARTESIAN_POINT('',(35.366501934807,0.868021768119,
    4.320099833444E-12));
#4155 = CARTESIAN_POINT('',(34.689509863509,1.78257215567,
    -7.074785202069E-12));
#4156 = CARTESIAN_POINT('',(34.038100176972,2.723490660777,
    9.273026790957E-12));
#4157 = CARTESIAN_POINT('',(33.412754106502,3.690253273419,
    -9.737988193519E-12));
#4158 = CARTESIAN_POINT('',(32.813963869616,4.682385546101,
    8.232081683035E-12));
#4159 = CARTESIAN_POINT('',(32.242245138705,5.699476245188,
    -5.525802038147E-12));
#4160 = CARTESIAN_POINT('',(31.698152878488,6.741186354828,
    2.88435941798E-12));
#4161 = CARTESIAN_POINT('',(31.182305917787,7.807244290868,
    -1.078692690725E-12));
#4162 = CARTESIAN_POINT('',(30.695425667868,8.897418181616,
    2.424727085781E-13));
#4163 = CARTESIAN_POINT('',(29.781363067857,11.125493964446,
    -2.144950883576E-13));
#4164 = CARTESIAN_POINT('',(29.354167852651,12.263300362022,
    9.632294961637E-13));
#4165 = CARTESIAN_POINT('',(28.9577513727,13.42571336762,
    -2.605915483409E-12));
#4166 = CARTESIAN_POINT('',(28.592768465724,14.607158029709,
    5.277556169821E-12));
#4167 = CARTESIAN_POINT('',(28.261406838062,15.824697086581,
    -8.343103985543E-12));
#4168 = CARTESIAN_POINT('',(27.963065181365,17.038725638559,
    1.063060750525E-11));
#4169 = CARTESIAN_POINT('',(27.702030068853,18.314835399746,
    -1.092370638403E-11));
#4170 = CARTESIAN_POINT('',(27.478032994141,19.570564831963,
    9.042100401664E-12));
#4171 = CARTESIAN_POINT('',(27.293857105197,20.879300466999,
    -5.912159650773E-12));
#4172 = CARTESIAN_POINT('',(27.153110988186,22.19423604971,
    2.99094082833E-12));
#4173 = CARTESIAN_POINT('',(27.057495395877,23.531724712348,
    -1.081801315196E-12));
#4174 = CARTESIAN_POINT('',(27.010191071529,24.883849354389,
    2.460254222569E-13));
#4175 = CARTESIAN_POINT('',(27.013786733665,26.332615456986,
    -7.809698145212E-15));
#4176 = CARTESIAN_POINT('',(27.013998011568,26.417743662296,
    -2.272482364802E-14));
#4177 = CARTESIAN_POINT('',(27.014209289471,26.502871867606,
    -3.763994915084E-14));
#4178 = CARTESIAN_POINT('',(27.014420567375,26.588000072916,
    -5.255507465365E-14));
#4179 = CARTESIAN_POINT('',(27.014631845278,26.673128278226,
    -6.747020015646E-14));
#4180 = CARTESIAN_POINT('',(27.014843123181,26.758256483536,
    -8.238532565927E-14));
#4181 = CARTESIAN_POINT('',(27.015054401084,26.843384688845,
    -9.730045116209E-14));
#4182 = CARTESIAN_POINT('',(27.015265678988,26.928512894155,
    -1.122155766649E-13));
#4183 = CARTESIAN_POINT('',(27.015476956891,27.013641099465,
    -1.271307021677E-13));
#4184 = CARTESIAN_POINT('',(27.015688234794,27.098769304775,
    -1.420458276705E-13));
#4185 = CARTESIAN_POINT('',(27.015899512698,27.183897510085,
    -1.569609531733E-13));
#4186 = CARTESIAN_POINT('',(27.016110790601,27.269025715395,
    -1.718760786761E-13));
#4187 = CARTESIAN_POINT('',(27.016322068504,27.354153920705,
    -1.86791204179E-13));
#4188 = PCURVE('',#961,#4189);
#4189 = DEFINITIONAL_REPRESENTATION('',(#4190),#4194);
#4190 = LINE('',#4191,#4192);
#4191 = CARTESIAN_POINT('',(26.174596211354,0.));
#4192 = VECTOR('',#4193,1.);
#4193 = DIRECTION('',(0.,1.));
#4194 = ( GEOMETRIC_REPRESENTATION_CONTEXT(2) 
PARAMETRIC_REPRESENTATION_CONTEXT() REPRESENTATION_CONTEXT('2D SPACE',''
  ) );
#4195 = PCURVE('',#2016,#4196);
#4196 = DEFINITIONAL_REPRESENTATION('',(#4197),#4224);
#4197 = B_SPLINE_CURVE_WITH_KNOTS('',13,(#4198,#4199,#4200,#4201,#4202,
    #4203,#4204,#4205,#4206,#4207,#4208,#4209,#4210,#4211,#4212,#4213,
    #4214,#4215,#4216,#4217,#4218,#4219,#4220,#4221,#4222,#4223),
  .UNSPECIFIED.,.F.,.F.,(14,12,14),(-0.909844309418,12.177453796259,
    25.264751901936),.UNSPECIFIED.);
#4198 = CARTESIAN_POINT('',(-2.514341435002,-38.31998964695));
#4199 = CARTESIAN_POINT('',(-1.711524814672,-37.54596259935));
#4200 = CARTESIAN_POINT('',(-0.87967209887,-36.79526867719));
#4201 = CARTESIAN_POINT('',(-1.959608526641E-02,-36.06859162186));
#4202 = CARTESIAN_POINT('',(0.868021768108,-35.36650193472));
#4203 = CARTESIAN_POINT('',(1.782572155687,-34.68950986363));
#4204 = CARTESIAN_POINT('',(2.723490660756,-34.03810017682));
#4205 = CARTESIAN_POINT('',(3.690253273443,-33.41275410664));
#4206 = CARTESIAN_POINT('',(4.68238554608,-32.8139638695));
#4207 = CARTESIAN_POINT('',(5.699476245203,-32.24224513877));
#4208 = CARTESIAN_POINT('',(6.741186354819,-31.69815287845));
#4209 = CARTESIAN_POINT('',(7.807244290871,-31.18230591779));
#4210 = CARTESIAN_POINT('',(8.897418181615,-30.69542566786));
#4211 = CARTESIAN_POINT('',(11.125493964447,-29.78136306785));
#4212 = CARTESIAN_POINT('',(12.263300362017,-29.35416785264));
#4213 = CARTESIAN_POINT('',(13.425713367632,-28.95775137271));
#4214 = CARTESIAN_POINT('',(14.607158029684,-28.59276846569));
#4215 = CARTESIAN_POINT('',(15.824697086619,-28.2614068381));
#4216 = CARTESIAN_POINT('',(17.038725638512,-27.96306518132));
#4217 = CARTESIAN_POINT('',(18.31483539979,-27.70203006889));
#4218 = CARTESIAN_POINT('',(19.57056483193,-27.47803299411));
#4219 = CARTESIAN_POINT('',(20.879300467018,-27.29385710521));
#4220 = CARTESIAN_POINT('',(22.194236049701,-27.15311098818));
#4221 = CARTESIAN_POINT('',(23.531724712351,-27.05749539587));
#4222 = CARTESIAN_POINT('',(24.883849354389,-27.01019107152));
#4223 = CARTESIAN_POINT('',(26.247487251676,-27.01357545576));
#4224 = ( GEOMETRIC_REPRESENTATION_CONTEXT(2) 
PARAMETRIC_REPRESENTATION_CONTEXT() REPRESENTATION_CONTEXT('2D SPACE',''
  ) );
#4225 = ADVANCED_FACE('',(#4226),#2016,.F.);
#4226 = FACE_BOUND('',#4227,.F.);
#4227 = EDGE_LOOP('',(#4228,#4229,#4322,#4566,#4810,#5054,#5298,#5542,
    #5786,#6030,#6121,#6122));
#4228 = ORIENTED_EDGE('',*,*,#3438,.T.);
#4229 = ORIENTED_EDGE('',*,*,#4230,.T.);
#4230 = EDGE_CURVE('',#3114,#4231,#4233,.T.);
#4231 = VERTEX_POINT('',#4232);
#4232 = CARTESIAN_POINT('',(-19.74438755137,27.518591067801,
    5.995204332976E-15));
#4233 = SURFACE_CURVE('',#4234,(#4285,#4315),.PCURVE_S1.);
#4234 = B_SPLINE_CURVE_WITH_KNOTS('',13,(#4235,#4236,#4237,#4238,#4239,
    #4240,#4241,#4242,#4243,#4244,#4245,#4246,#4247,#4248,#4249,#4250,
    #4251,#4252,#4253,#4254,#4255,#4256,#4257,#4258,#4259,#4260,#4261,
    #4262,#4263,#4264,#4265,#4266,#4267,#4268,#4269,#4270,#4271,#4272,
    #4273,#4274,#4275,#4276,#4277,#4278,#4279,#4280,#4281,#4282,#4283,
    #4284),.UNSPECIFIED.,.F.,.F.,(14,12,12,12,14),(-1.908874923305,
    -0.909844309418,12.177453796259,25.264751901936,26.08175632981),
  .UNSPECIFIED.);
#4235 = CARTESIAN_POINT('',(3.311029862927,39.088108263466,
    2.142408850832E-13));
#4236 = CARTESIAN_POINT('',(3.249746137702,39.029022216043,
    1.98375709752E-13));
#4237 = CARTESIAN_POINT('',(3.188462412477,38.969936168619,
    1.825105344208E-13));
#4238 = CARTESIAN_POINT('',(3.127178687252,38.910850121196,
    1.666453590895E-13));
#4239 = CARTESIAN_POINT('',(3.065894962027,38.851764073772,
    1.507801837583E-13));
#4240 = CARTESIAN_POINT('',(3.004611236802,38.792678026348,
    1.349150084271E-13));
#4241 = CARTESIAN_POINT('',(2.943327511577,38.733591978925,
    1.190498330959E-13));
#4242 = CARTESIAN_POINT('',(2.882043786352,38.674505931501,
    1.031846577646E-13));
#4243 = CARTESIAN_POINT('',(2.820760061127,38.615419884077,
    8.731948243342E-14));
#4244 = CARTESIAN_POINT('',(2.759476335902,38.556333836653,
    7.145430710219E-14));
#4245 = CARTESIAN_POINT('',(2.698192610677,38.497247789228,
    5.558913177097E-14));
#4246 = CARTESIAN_POINT('',(2.636908885452,38.438161741804,
    3.972395643975E-14));
#4247 = CARTESIAN_POINT('',(2.575625160227,38.37907569438,
    2.385878110852E-14));
#4248 = CARTESIAN_POINT('',(1.711524814672,37.545962599356,
    -1.998401444325E-13));
#4249 = CARTESIAN_POINT('',(0.879672098868,36.795268677194,
    9.769962616708E-13));
#4250 = CARTESIAN_POINT('',(1.959608527176E-02,36.068591621854,
    -2.704059198772E-12));
#4251 = CARTESIAN_POINT('',(-0.868021768121,35.366501934744,
    5.533351554751E-12));
#4252 = CARTESIAN_POINT('',(-1.782572155666,34.689509863592,
    -8.712586208003E-12));
#4253 = CARTESIAN_POINT('',(-2.723490660785,34.038100176888,
    1.092370638396E-11));
#4254 = CARTESIAN_POINT('',(-3.690253273409,33.412754106567,
    -1.091438051042E-11));
#4255 = CARTESIAN_POINT('',(-4.682385546113,32.813963869578,
    8.698819442582E-12));
#4256 = CARTESIAN_POINT('',(-5.699476245177,32.242245138719,
    -5.397460256503E-12));
#4257 = CARTESIAN_POINT('',(-6.741186354836,31.698152878488,
    2.516209463014E-12));
#4258 = CARTESIAN_POINT('',(-7.807244290862,31.182305917781,
    -7.647216193614E-13));
#4259 = CARTESIAN_POINT('',(-8.89741818162,30.695425667873,
    7.993605777303E-14));
#4260 = CARTESIAN_POINT('',(-11.12549396443,29.781363067846,
    8.082423619269E-14));
#4261 = CARTESIAN_POINT('',(-12.26330036206,29.354167852718,
    -7.336353746733E-13));
#4262 = CARTESIAN_POINT('',(-13.4257133675,28.957751372508,
    2.310152069631E-12));
#4263 = CARTESIAN_POINT('',(-14.60715802993,28.592768466106,
    -4.728217817308E-12));
#4264 = CARTESIAN_POINT('',(-15.82469708622,28.261406837484,
    7.342570995582E-12));
#4265 = CARTESIAN_POINT('',(-17.03872563898,27.963065182057,
    -8.994138767208E-12));
#4266 = CARTESIAN_POINT('',(-18.31483539932,27.702030068185,
    8.909761817113E-12));
#4267 = CARTESIAN_POINT('',(-19.5705648323,27.478032994667,
    -7.104539179249E-12));
#4268 = CARTESIAN_POINT('',(-20.87930046678,27.293857104863,
    4.547917598047E-12));
#4269 = CARTESIAN_POINT('',(-22.19423604981,27.153110988352,
    -2.253308650786E-12));
#4270 = CARTESIAN_POINT('',(-23.53172471231,27.057495395816,
    8.32667268468E-13));
#4271 = CARTESIAN_POINT('',(-24.88384935439,27.010191071543,
    -1.771915947302E-13));
#4272 = CARTESIAN_POINT('',(-26.33261545698,27.013786733664,
    1.813877673178E-14));
#4273 = CARTESIAN_POINT('',(-26.41774366229,27.013998011566,
    2.961621531581E-14));
#4274 = CARTESIAN_POINT('',(-26.5028718676,27.014209289469,
    4.109365389983E-14));
#4275 = CARTESIAN_POINT('',(-26.58800007291,27.014420567371,
    5.257109248386E-14));
#4276 = CARTESIAN_POINT('',(-26.67312827822,27.014631845274,
    6.404853106789E-14));
#4277 = CARTESIAN_POINT('',(-26.75825648353,27.014843123176,
    7.552596965192E-14));
#4278 = CARTESIAN_POINT('',(-26.84338468884,27.015054401078,
    8.700340823594E-14));
#4279 = CARTESIAN_POINT('',(-26.92851289415,27.015265678981,
    9.848084681997E-14));
#4280 = CARTESIAN_POINT('',(-27.01364109946,27.015476956883,
    1.09958285404E-13));
#4281 = CARTESIAN_POINT('',(-27.09876930477,27.015688234786,
    1.21435723988E-13));
#4282 = CARTESIAN_POINT('',(-27.18389751008,27.015899512688,
    1.329131625721E-13));
#4283 = CARTESIAN_POINT('',(-27.26902571539,27.016110790591,
    1.443906011561E-13));
#4284 = CARTESIAN_POINT('',(-27.3541539207,27.016322068493,
    1.558680397401E-13));
#4285 = PCURVE('',#2016,#4286);
#4286 = DEFINITIONAL_REPRESENTATION('',(#4287),#4314);
#4287 = B_SPLINE_CURVE_WITH_KNOTS('',13,(#4288,#4289,#4290,#4291,#4292,
    #4293,#4294,#4295,#4296,#4297,#4298,#4299,#4300,#4301,#4302,#4303,
    #4304,#4305,#4306,#4307,#4308,#4309,#4310,#4311,#4312,#4313),
  .UNSPECIFIED.,.F.,.F.,(14,12,14),(-0.909844309418,12.177453796259,
    25.264751901936),.UNSPECIFIED.);
#4288 = CARTESIAN_POINT('',(38.319989646956,-2.514341435002));
#4289 = CARTESIAN_POINT('',(37.545962599351,-1.711524814672));
#4290 = CARTESIAN_POINT('',(36.795268677214,-0.879672098868));
#4291 = CARTESIAN_POINT('',(36.0685916218,-1.959608527241E-02));
#4292 = CARTESIAN_POINT('',(35.366501934848,0.868021768122));
#4293 = CARTESIAN_POINT('',(34.689509863433,1.782572155663));
#4294 = CARTESIAN_POINT('',(34.038100177082,2.723490660789));
#4295 = CARTESIAN_POINT('',(33.412754106373,3.690253273405));
#4296 = CARTESIAN_POINT('',(32.813963869735,4.682385546115));
#4297 = CARTESIAN_POINT('',(32.242245138617,5.699476245176));
#4298 = CARTESIAN_POINT('',(31.698152878539,6.741186354836));
#4299 = CARTESIAN_POINT('',(31.182305917763,7.807244290862));
#4300 = CARTESIAN_POINT('',(30.695425667877,8.897418181619));
#4301 = CARTESIAN_POINT('',(29.781363067844,11.12549396444));
#4302 = CARTESIAN_POINT('',(29.354167852723,12.263300362057));
#4303 = CARTESIAN_POINT('',(28.957751372498,13.425713367521));
#4304 = CARTESIAN_POINT('',(28.592768466124,14.607158029906));
#4305 = CARTESIAN_POINT('',(28.261406837456,15.824697086281));
#4306 = CARTESIAN_POINT('',(27.963065182093,17.03872563892));
#4307 = CARTESIAN_POINT('',(27.702030068146,18.314835399393));
#4308 = CARTESIAN_POINT('',(27.478032994699,19.570564832243));
#4309 = CARTESIAN_POINT('',(27.293857104842,20.879300466824));
#4310 = CARTESIAN_POINT('',(27.153110988363,22.194236049795));
#4311 = CARTESIAN_POINT('',(27.057495395812,23.531724712317));
#4312 = CARTESIAN_POINT('',(27.010191071544,24.883849354396));
#4313 = CARTESIAN_POINT('',(27.013575455761,26.247487251676));
#4314 = ( GEOMETRIC_REPRESENTATION_CONTEXT(2) 
PARAMETRIC_REPRESENTATION_CONTEXT() REPRESENTATION_CONTEXT('2D SPACE',''
  ) );
#4315 = PCURVE('',#3193,#4316);
#4316 = DEFINITIONAL_REPRESENTATION('',(#4317),#4321);
#4317 = LINE('',#4318,#4319);
#4318 = CARTESIAN_POINT('',(26.174596211355,0.));
#4319 = VECTOR('',#4320,1.);
#4320 = DIRECTION('',(0.,1.));
#4321 = ( GEOMETRIC_REPRESENTATION_CONTEXT(2) 
PARAMETRIC_REPRESENTATION_CONTEXT() REPRESENTATION_CONTEXT('2D SPACE',''
  ) );
#4322 = ORIENTED_EDGE('',*,*,#4323,.T.);
#4323 = EDGE_CURVE('',#4231,#4324,#4326,.T.);
#4324 = VERTEX_POINT('',#4325);
#4325 = CARTESIAN_POINT('',(-30.85843673555,13.959605165382,
    5.107025913276E-15));
#4326 = SURFACE_CURVE('',#4327,(#4378,#4408),.PCURVE_S1.);
#4327 = B_SPLINE_CURVE_WITH_KNOTS('',13,(#4328,#4329,#4330,#4331,#4332,
    #4333,#4334,#4335,#4336,#4337,#4338,#4339,#4340,#4341,#4342,#4343,
    #4344,#4345,#4346,#4347,#4348,#4349,#4350,#4351,#4352,#4353,#4354,
    #4355,#4356,#4357,#4358,#4359,#4360,#4361,#4362,#4363,#4364,#4365,
    #4366,#4367,#4368,#4369,#4370,#4371,#4372,#4373,#4374,#4375,#4376,
    #4377),.UNSPECIFIED.,.F.,.F.,(14,12,12,12,14),(-1.908874923304,
    -0.909844309418,12.177453796259,25.264751901936,26.081756329804),
  .UNSPECIFIED.);
#4328 = CARTESIAN_POINT('',(-16.67661815775,35.506809673502,
    3.680415560376E-13));
#4329 = CARTESIAN_POINT('',(-16.70014839692,35.424997792811,
    3.403113991552E-13));
#4330 = CARTESIAN_POINT('',(-16.72367863609,35.34318591212,
    3.125812422729E-13));
#4331 = CARTESIAN_POINT('',(-16.74720887526,35.261374031429,
    2.848510853906E-13));
#4332 = CARTESIAN_POINT('',(-16.77073911443,35.179562150738,
    2.571209285083E-13));
#4333 = CARTESIAN_POINT('',(-16.7942693536,35.097750270047,
    2.29390771626E-13));
#4334 = CARTESIAN_POINT('',(-16.81779959277,35.015938389356,
    2.016606147437E-13));
#4335 = CARTESIAN_POINT('',(-16.84132983195,34.934126508665,
    1.739304578614E-13));
#4336 = CARTESIAN_POINT('',(-16.86486007112,34.852314627974,
    1.46200300979E-13));
#4337 = CARTESIAN_POINT('',(-16.88839031029,34.770502747284,
    1.184701440967E-13));
#4338 = CARTESIAN_POINT('',(-16.91192054946,34.688690866593,
    9.073998721441E-14));
#4339 = CARTESIAN_POINT('',(-16.93545078863,34.606878985902,
    6.300983033209E-14));
#4340 = CARTESIAN_POINT('',(-16.9589810278,34.525067105212,
    3.527967344977E-14));
#4341 = CARTESIAN_POINT('',(-17.29075733097,33.371519827926,
    -3.557154570899E-13));
#4342 = CARTESIAN_POINT('',(-17.63581595395,32.305473462925,
    1.669775429035E-12));
#4343 = CARTESIAN_POINT('',(-18.01732510333,31.246114665978,
    -4.607425552201E-12));
#4344 = CARTESIAN_POINT('',(-18.43497986947,30.194278234239,
    9.373390952277E-12));
#4345 = CARTESIAN_POINT('',(-18.88850770288,29.15071070915,
    -1.482369782487E-11));
#4346 = CARTESIAN_POINT('',(-19.3776621874,28.116114119008,
    1.881206301834E-11));
#4347 = CARTESIAN_POINT('',(-19.90223013469,27.091167230323,
    -1.923261550031E-11));
#4348 = CARTESIAN_POINT('',(-20.46204676784,26.076533536596,
    1.578515096404E-11));
#4349 = CARTESIAN_POINT('',(-21.05701378607,25.072865242755,
    -1.016431383508E-11));
#4350 = CARTESIAN_POINT('',(-21.68711507411,24.080812468312,
    4.95159468982E-12));
#4351 = CARTESIAN_POINT('',(-22.35242484835,23.101046927976,
    -1.635136470669E-12));
#4352 = CARTESIAN_POINT('',(-23.0531030073,22.134309317538,
    2.389199948993E-13));
#4353 = CARTESIAN_POINT('',(-24.52564193679,20.22866999387,
    -3.019806626981E-14));
#4354 = CARTESIAN_POINT('',(-25.29741357408,19.28980488634,
    -3.868017017791E-13));
#4355 = CARTESIAN_POINT('',(-26.10588452661,18.365291641409,
    1.497912904828E-12));
#4356 = CARTESIAN_POINT('',(-26.94655416374,17.458484841012,
    -3.301359186009E-12));
#4357 = CARTESIAN_POINT('',(-27.83529310309,16.562747725135,
    5.287326132516E-12));
#4358 = CARTESIAN_POINT('',(-28.73750184193,15.697361995476,
    -6.467715252193E-12));
#4359 = CARTESIAN_POINT('',(-29.71212775658,14.833244076154,
    6.231015703468E-12));
#4360 = CARTESIAN_POINT('',(-30.68762280807,14.011392202972,
    -4.753086812988E-12));
#4361 = CARTESIAN_POINT('',(-31.72893317021,13.197523386852,
    2.900790718755E-12));
#4362 = CARTESIAN_POINT('',(-32.79732773075,12.418165882704,
    -1.380229264211E-12));
#4363 = CARTESIAN_POINT('',(-33.90781909368,11.66661601943,
    4.938272013537E-13));
#4364 = CARTESIAN_POINT('',(-35.05514122061,10.949586951823,
    -1.008082506359E-13));
#4365 = CARTESIAN_POINT('',(-36.31160730066,10.228317835275,
    1.053949734713E-14));
#4366 = CARTESIAN_POINT('',(-36.38543612799,10.185936704652,
    1.708219180562E-14));
#4367 = CARTESIAN_POINT('',(-36.45926495532,10.143555574028,
    2.36248862641E-14));
#4368 = CARTESIAN_POINT('',(-36.53309378265,10.101174443405,
    3.016758072259E-14));
#4369 = CARTESIAN_POINT('',(-36.60692260998,10.058793312781,
    3.671027518107E-14));
#4370 = CARTESIAN_POINT('',(-36.68075143731,10.016412182158,
    4.325296963955E-14));
#4371 = CARTESIAN_POINT('',(-36.75458026464,9.974031051534,
    4.979566409804E-14));
#4372 = CARTESIAN_POINT('',(-36.82840909196,9.93164992091,
    5.633835855652E-14));
#4373 = CARTESIAN_POINT('',(-36.90223791929,9.889268790287,
    6.288105301501E-14));
#4374 = CARTESIAN_POINT('',(-36.97606674662,9.846887659663,
    6.942374747349E-14));
#4375 = CARTESIAN_POINT('',(-37.04989557395,9.80450652904,
    7.596644193197E-14));
#4376 = CARTESIAN_POINT('',(-37.12372440128,9.762125398416,
    8.250913639046E-14));
#4377 = CARTESIAN_POINT('',(-37.19755322861,9.719744267793,
    8.905183084894E-14));
#4378 = PCURVE('',#2016,#4379);
#4379 = DEFINITIONAL_REPRESENTATION('',(#4380),#4407);
#4380 = B_SPLINE_CURVE_WITH_KNOTS('',13,(#4381,#4382,#4383,#4384,#4385,
    #4386,#4387,#4388,#4389,#4390,#4391,#4392,#4393,#4394,#4395,#4396,
    #4397,#4398,#4399,#4400,#4401,#4402,#4403,#4404,#4405,#4406),
  .UNSPECIFIED.,.F.,.F.,(14,12,14),(-0.909844309418,12.177453796259,
    25.264751901936),.UNSPECIFIED.);
#4381 = CARTESIAN_POINT('',(34.443255224521,16.982511266979));
#4382 = CARTESIAN_POINT('',(33.371519827926,17.29075733097));
#4383 = CARTESIAN_POINT('',(32.305473462924,17.635815953953));
#4384 = CARTESIAN_POINT('',(31.246114665984,18.017325103332));
#4385 = CARTESIAN_POINT('',(30.194278234226,18.434979869468));
#4386 = CARTESIAN_POINT('',(29.150710709172,18.888507702893));
#4387 = CARTESIAN_POINT('',(28.116114118978,19.377662187389));
#4388 = CARTESIAN_POINT('',(27.091167230355,19.902230134719));
#4389 = CARTESIAN_POINT('',(26.076533536568,20.462046767823));
#4390 = CARTESIAN_POINT('',(25.072865242774,21.057013786087));
#4391 = CARTESIAN_POINT('',(24.080812468303,21.687115074107));
#4392 = CARTESIAN_POINT('',(23.101046927979,22.352424848356));
#4393 = CARTESIAN_POINT('',(22.134309317538,23.053103007305));
#4394 = CARTESIAN_POINT('',(20.22866999387,24.525641936788));
#4395 = CARTESIAN_POINT('',(19.289804886341,25.297413574091));
#4396 = CARTESIAN_POINT('',(18.365291641407,26.105884526584));
#4397 = CARTESIAN_POINT('',(17.458484841018,26.946554163802));
#4398 = CARTESIAN_POINT('',(16.562747725127,27.835293103008));
#4399 = CARTESIAN_POINT('',(15.697361995484,28.737501842041));
#4400 = CARTESIAN_POINT('',(14.833244076148,29.712127756476));
#4401 = CARTESIAN_POINT('',(14.011392202976,30.687622808167));
#4402 = CARTESIAN_POINT('',(13.19752338685,31.728933170152));
#4403 = CARTESIAN_POINT('',(12.418165882705,32.797327730781));
#4404 = CARTESIAN_POINT('',(11.66661601943,33.907819093677));
#4405 = CARTESIAN_POINT('',(10.949586951823,35.055141220615));
#4406 = CARTESIAN_POINT('',(10.270698965899,36.237778473341));
#4407 = ( GEOMETRIC_REPRESENTATION_CONTEXT(2) 
PARAMETRIC_REPRESENTATION_CONTEXT() REPRESENTATION_CONTEXT('2D SPACE',''
  ) );
#4408 = PCURVE('',#4409,#4560);
#4409 = ( BOUNDED_SURFACE() B_SPLINE_SURFACE(2,13,(
    (#4410,#4411,#4412,#4413,#4414,#4415,#4416,#4417,#4418,#4419,#4420
      ,#4421,#4422,#4423,#4424,#4425,#4426,#4427,#4428,#4429,#4430,#4431
      ,#4432,#4433,#4434,#4435,#4436,#4437,#4438,#4439,#4440,#4441,#4442
      ,#4443,#4444,#4445,#4446,#4447,#4448,#4449,#4450,#4451,#4452,#4453
      ,#4454,#4455,#4456,#4457,#4458,#4459)
    ,(#4460,#4461,#4462,#4463,#4464,#4465,#4466,#4467,#4468,#4469,#4470
      ,#4471,#4472,#4473,#4474,#4475,#4476,#4477,#4478,#4479,#4480,#4481
      ,#4482,#4483,#4484,#4485,#4486,#4487,#4488,#4489,#4490,#4491,#4492
      ,#4493,#4494,#4495,#4496,#4497,#4498,#4499,#4500,#4501,#4502,#4503
      ,#4504,#4505,#4506,#4507,#4508,#4509)
    ,(#4510,#4511,#4512,#4513,#4514,#4515,#4516,#4517,#4518,#4519,#4520
      ,#4521,#4522,#4523,#4524,#4525,#4526,#4527,#4528,#4529,#4530,#4531
      ,#4532,#4533,#4534,#4535,#4536,#4537,#4538,#4539,#4540,#4541,#4542
      ,#4543,#4544,#4545,#4546,#4547,#4548,#4549,#4550,#4551,#4552,#4553
      ,#4554,#4555,#4556,#4557,#4558,#4559
)),.UNSPECIFIED.,.F.,.F.,.F.) B_SPLINE_SURFACE_WITH_KNOTS((3,3),(14,12,
    12,12,14),(0.,26.174596211354),(-1.908874923304,-0.909844309418,
    12.177453796259,25.264751901936,26.081756329804),.UNSPECIFIED.) 
GEOMETRIC_REPRESENTATION_ITEM() RATIONAL_B_SPLINE_SURFACE((
    (1.,1.,1.,1.,1.,1.,1.,1.,1.,1.,1.,1.,1.,1.,1.,1.,1.,1.,1.,1.,1.,1.
      ,1.,1.,1.,1.,1.,1.,1.,1.,1.,1.,1.,1.,1.,1.,1.,1.,1.,1.,1.,1.,1.,1.
      ,1.,1.,1.,1.,1.,1.)
    ,(0.874589043656,0.875085962011,0.87550006064,0.875831339543
      ,0.87607979872,0.876245438171,0.876328257897,0.876328257897
      ,0.876245438171,0.87607979872,0.875831339543,0.87550006064
      ,0.875085962011,0.868079414674,0.861094084584,0.853605149568
      ,0.845586424403,0.837012985145,0.827860909269,0.818107256916
      ,0.807730336354,0.796710297525,0.78503009664,0.772676875697
      ,0.759643800025,0.732220994994,0.717832363836,0.702759255873
      ,0.687059540837,0.67060841536,0.653780274344,0.636086655085
      ,0.618285962685,0.599915281662,0.581472751906,0.56300634408
      ,0.544750892277,0.525782941587,0.524854158352,0.524111131764
      ,0.523553861823,0.523182348529,0.522996591882,0.522996591882
      ,0.523182348529,0.523553861823,0.524111131764,0.524854158352
      ,0.525782941587,0.526897481468)
    ,(1.,1.,1.,1.,1.,1.,1.,1.,1.,1.,1.,1.,1.,1.,1.,1.,1.,1.,1.,1.,1.,1.
      ,1.,1.,1.,1.,1.,1.,1.,1.,1.,1.,1.,1.,1.,1.,1.,1.,1.,1.,1.,1.,1.,1.
,1.,1.,1.,1.,1.,1.))) REPRESENTATION_ITEM('') SURFACE() );
#4410 = CARTESIAN_POINT('',(-20.56860525183,37.016879798136,
    2.220267356542));
#4411 = CARTESIAN_POINT('',(-20.60056497068,36.926389613752,
    2.231678860439));
#4412 = CARTESIAN_POINT('',(-20.63188998647,36.837696516403,
    2.242863737925));
#4413 = CARTESIAN_POINT('',(-20.66258029921,36.750800506089,
    2.253821989001));
#4414 = CARTESIAN_POINT('',(-20.6926359089,36.665701582809,
    2.264553613665));
#4415 = CARTESIAN_POINT('',(-20.72205681553,36.582399746563,
    2.275058611919));
#4416 = CARTESIAN_POINT('',(-20.75084301911,36.500894997353,
    2.285336983762));
#4417 = CARTESIAN_POINT('',(-20.77899451963,36.421187335176,
    2.295388729194));
#4418 = CARTESIAN_POINT('',(-20.8065113171,36.343276760035,
    2.305213848215));
#4419 = CARTESIAN_POINT('',(-20.83339341152,36.267163271928,
    2.314812340826));
#4420 = CARTESIAN_POINT('',(-20.85964080289,36.192846870855,
    2.324184207026));
#4421 = CARTESIAN_POINT('',(-20.8852534912,36.120327556818,
    2.333329446815));
#4422 = CARTESIAN_POINT('',(-20.91023147645,36.049605329815,
    2.342248060193));
#4423 = CARTESIAN_POINT('',(-21.25347168396,35.077761058834,
    2.464805050889));
#4424 = CARTESIAN_POINT('',(-21.60148193576,34.183761830329,
    2.586072303477));
#4425 = CARTESIAN_POINT('',(-21.97759768106,33.29885786736,
    2.715011834649));
#4426 = CARTESIAN_POINT('',(-22.3807512821,32.423160373215,
    2.851822791073));
#4427 = CARTESIAN_POINT('',(-22.8098929007,31.556616927137,
    2.996641653228));
#4428 = CARTESIAN_POINT('',(-23.26405248015,30.698964368492,
    3.149543907544));
#4429 = CARTESIAN_POINT('',(-23.74238925321,29.849723817614,
    3.310539988542));
#4430 = CARTESIAN_POINT('',(-24.24423190637,29.008227599004,
    3.479566302671));
#4431 = CARTESIAN_POINT('',(-24.76911255619,28.173667864087,
    3.656472149702));
#4432 = CARTESIAN_POINT('',(-25.31679766308,27.345156673249,
    3.841003352636));
#4433 = CARTESIAN_POINT('',(-25.8873190387,26.521787334909,
    4.032783412039));
#4434 = CARTESIAN_POINT('',(-26.48100807651,25.702686766388,
    4.23129299642));
#4435 = CARTESIAN_POINT('',(-27.71606463285,24.071410565147,
    4.640404170497));
#4436 = CARTESIAN_POINT('',(-28.3574062151,23.259268705943,
    4.850992544533));
#4437 = CARTESIAN_POINT('',(-29.02343850566,22.449647185431,
    5.067033774065));
#4438 = CARTESIAN_POINT('',(-29.71401617863,21.642981073518,
    5.287110347107));
#4439 = CARTESIAN_POINT('',(-30.4341162559,20.835364815813,
    5.511928510068));
#4440 = CARTESIAN_POINT('',(-31.17689220069,20.034867113868,
    5.736176568182));
#4441 = CARTESIAN_POINT('',(-31.95888665054,19.228055676539,
    5.964953080706));
#4442 = CARTESIAN_POINT('',(-32.7637523051,18.433862334084,
    6.188254912005));
#4443 = CARTESIAN_POINT('',(-33.61151729933,17.637682886506,6.4112603001
    ));
#4444 = CARTESIAN_POINT('',(-34.4930600573,16.853734778922,
    6.627438610999));
#4445 = CARTESIAN_POINT('',(-35.41579017886,16.081524205592,
    6.836372423085));
#4446 = CARTESIAN_POINT('',(-36.37964513083,15.328064105642,
    7.035652096406));
#4447 = CARTESIAN_POINT('',(-37.44788837787,14.553998897543,
    7.235535405357));
#4448 = CARTESIAN_POINT('',(-37.51155516264,14.507864982691,
    7.247448354626));
#4449 = CARTESIAN_POINT('',(-37.5761197108,14.461080534908,
    7.259529288032));
#4450 = CARTESIAN_POINT('',(-37.64158202236,14.413645554194,
    7.271778205572));
#4451 = CARTESIAN_POINT('',(-37.70794209732,14.365560040548,
    7.284195107249));
#4452 = CARTESIAN_POINT('',(-37.77519993568,14.316823993971,
    7.296779993061));
#4453 = CARTESIAN_POINT('',(-37.84335553743,14.267437414463,
    7.309532863008));
#4454 = CARTESIAN_POINT('',(-37.91240890258,14.217400302024,
    7.322453717091));
#4455 = CARTESIAN_POINT('',(-37.98236003113,14.166712656654,
    7.33554255531));
#4456 = CARTESIAN_POINT('',(-38.05320892307,14.115374478352,
    7.348799377664));
#4457 = CARTESIAN_POINT('',(-38.12495557841,14.06338576712,
    7.362224184154));
#4458 = CARTESIAN_POINT('',(-38.19759999715,14.010746522956,
    7.37581697478));
#4459 = CARTESIAN_POINT('',(-38.27114217928,13.957456745861,
    7.389577749541));
#4460 = CARTESIAN_POINT('',(-19.17849424664,36.484886572584,
    -4.760669703068E-14));
#4461 = CARTESIAN_POINT('',(-19.2112957134,36.397108208439,
    -4.282355627409E-14));
#4462 = CARTESIAN_POINT('',(-19.24356310001,36.310759069464,
    -3.811829558763E-14));
#4463 = CARTESIAN_POINT('',(-19.27530631776,36.225812632563,
    -3.34894696984E-14));
#4464 = CARTESIAN_POINT('',(-19.30653496375,36.142243215399,
    -2.893567914717E-14));
#4465 = CARTESIAN_POINT('',(-19.33725833057,36.060025950522,
    -2.445556887898E-14));
#4466 = CARTESIAN_POINT('',(-19.36748541553,35.979136760718,
    -2.004782689963E-14));
#4467 = CARTESIAN_POINT('',(-19.39722492941,35.899552335506,
    -1.571118299503E-14));
#4468 = CARTESIAN_POINT('',(-19.42648530483,35.82125010874,
    -1.144440751086E-14));
#4469 = CARTESIAN_POINT('',(-19.45527470425,35.744208237284,
    -7.246310190173E-15));
#4470 = CARTESIAN_POINT('',(-19.48360102754,35.668405580687,
    -3.115739066456E-15));
#4471 = CARTESIAN_POINT('',(-19.51147191921,35.593821681863,
    9.484205898406E-16));
#4472 = CARTESIAN_POINT('',(-19.53889477528,35.520436748689,
    4.947247273462E-15));
#4473 = CARTESIAN_POINT('',(-19.92219345657,34.494710324077,
    6.084022174946E-14));
#4474 = CARTESIAN_POINT('',(-20.31480090941,33.554239510684,
    -2.051692149507E-13));
#4475 = CARTESIAN_POINT('',(-20.74301926457,32.628323291777,
    5.262457136723E-13));
#4476 = CARTESIAN_POINT('',(-21.20603763356,31.718516263482,
    -8.930634010085E-13));
#4477 = CARTESIAN_POINT('',(-21.70294787646,30.826373076484,
    1.285194173306E-12));
#4478 = CARTESIAN_POINT('',(-22.23276270119,29.953429419782,
    -1.591615728103E-12));
#4479 = CARTESIAN_POINT('',(-22.7944218139,29.101206188422,
    1.832312079841E-12));
#4480 = CARTESIAN_POINT('',(-23.38678947754,28.271228593854,
    -1.841637953248E-12));
#4481 = CARTESIAN_POINT('',(-24.00864643026,27.46505173881,
    1.555644502105E-12));
#4482 = CARTESIAN_POINT('',(-24.6586787043,26.684283619783,
    -1.027178342383E-12));
#4483 = CARTESIAN_POINT('',(-25.33546547899,25.930595537298,
    5.444533712762E-13));
#4484 = CARTESIAN_POINT('',(-26.03746771605,25.205708340701,
    -1.98507876803E-13));
#4485 = CARTESIAN_POINT('',(-27.51574325129,23.790967790867,
    3.255173908201E-13));
#4486 = CARTESIAN_POINT('',(-28.29765654906,23.099769883432,
    -1.799005389103E-12));
#4487 = CARTESIAN_POINT('',(-29.1075008158,22.44003076804,
    5.334399588719E-12));
#4488 = CARTESIAN_POINT('',(-29.94430351554,21.813383472706,
    -1.123545700921E-11));
#4489 = CARTESIAN_POINT('',(-30.8056255175,21.22422152366,
    1.837729968202E-11));
#4490 = CARTESIAN_POINT('',(-31.69042721652,20.671315595874,
    -2.408029331491E-11));
#4491 = CARTESIAN_POINT('',(-32.59704391275,20.162504748283,
    2.563194101413E-11));
#4492 = CARTESIAN_POINT('',(-33.51858961417,19.695671177195,
    -2.197753090627E-11));
#4493 = CARTESIAN_POINT('',(-34.45984500471,19.274771657147,
    1.496847090721E-11));
#4494 = CARTESIAN_POINT('',(-35.40889074533,18.902293131501,
    -7.855049943828E-12));
#4495 = CARTESIAN_POINT('',(-36.36809159442,18.577050237413,
    3.010924842783E-12));
#4496 = CARTESIAN_POINT('',(-37.33345186459,18.299096237069,
    -6.954437026252E-13));
#4497 = CARTESIAN_POINT('',(-38.36694337257,18.051892707305,
    4.687212065691E-14));
#4498 = CARTESIAN_POINT('',(-38.43332021238,18.036015857839,
    9.454796328687E-14));
#4499 = CARTESIAN_POINT('',(-38.50323769556,18.019292112649,
    1.44766909151E-13));
#4500 = CARTESIAN_POINT('',(-38.57663647667,18.001735666728,
    1.974863327801E-13));
#4501 = CARTESIAN_POINT('',(-38.65344949904,17.983362559534,
    2.526580700362E-13));
#4502 = CARTESIAN_POINT('',(-38.73360219184,17.964190627855,
    3.102285596728E-13));
#4503 = CARTESIAN_POINT('',(-38.81701270831,17.944239448835,
    3.701390144027E-13));
#4504 = CARTESIAN_POINT('',(-38.90359220337,17.923530273561,
    4.323256203462E-13));
#4505 = CARTESIAN_POINT('',(-38.99324514887,17.902085951657,
    4.967197634416E-13));
#4506 = CARTESIAN_POINT('',(-39.08586968404,17.87993084747,
    5.632482811359E-13));
#4507 = CARTESIAN_POINT('',(-39.18135799833,17.857090748483,
    6.318337374197E-13));
#4508 = CARTESIAN_POINT('',(-39.27959674392,17.833592766659,
    7.02394719052E-13));
#4509 = CARTESIAN_POINT('',(-39.38046747431,17.809465233526,
    7.748461506241E-13));
#4510 = CARTESIAN_POINT('',(-16.67661815775,35.506809673502,
    3.680415560376E-13));
#4511 = CARTESIAN_POINT('',(-16.70014839692,35.424997792811,
    3.403113991552E-13));
#4512 = CARTESIAN_POINT('',(-16.72367863609,35.34318591212,
    3.125812422729E-13));
#4513 = CARTESIAN_POINT('',(-16.74720887526,35.261374031429,
    2.848510853906E-13));
#4514 = CARTESIAN_POINT('',(-16.77073911443,35.179562150738,
    2.571209285083E-13));
#4515 = CARTESIAN_POINT('',(-16.7942693536,35.097750270047,
    2.29390771626E-13));
#4516 = CARTESIAN_POINT('',(-16.81779959277,35.015938389356,
    2.016606147437E-13));
#4517 = CARTESIAN_POINT('',(-16.84132983195,34.934126508665,
    1.739304578614E-13));
#4518 = CARTESIAN_POINT('',(-16.86486007112,34.852314627974,
    1.46200300979E-13));
#4519 = CARTESIAN_POINT('',(-16.88839031029,34.770502747284,
    1.184701440967E-13));
#4520 = CARTESIAN_POINT('',(-16.91192054946,34.688690866593,
    9.073998721441E-14));
#4521 = CARTESIAN_POINT('',(-16.93545078863,34.606878985902,
    6.300983033209E-14));
#4522 = CARTESIAN_POINT('',(-16.9589810278,34.525067105212,
    3.527967344977E-14));
#4523 = CARTESIAN_POINT('',(-17.29075733097,33.371519827926,
    -3.557154570899E-13));
#4524 = CARTESIAN_POINT('',(-17.63581595395,32.305473462925,
    1.669775429035E-12));
#4525 = CARTESIAN_POINT('',(-18.01732510333,31.246114665978,
    -4.607425552201E-12));
#4526 = CARTESIAN_POINT('',(-18.43497986947,30.194278234239,
    9.373390952277E-12));
#4527 = CARTESIAN_POINT('',(-18.88850770288,29.15071070915,
    -1.482369782487E-11));
#4528 = CARTESIAN_POINT('',(-19.3776621874,28.116114119008,
    1.881206301834E-11));
#4529 = CARTESIAN_POINT('',(-19.90223013469,27.091167230323,
    -1.923261550031E-11));
#4530 = CARTESIAN_POINT('',(-20.46204676784,26.076533536596,
    1.578515096404E-11));
#4531 = CARTESIAN_POINT('',(-21.05701378607,25.072865242755,
    -1.016431383508E-11));
#4532 = CARTESIAN_POINT('',(-21.68711507411,24.080812468312,
    4.95159468982E-12));
#4533 = CARTESIAN_POINT('',(-22.35242484835,23.101046927976,
    -1.635136470669E-12));
#4534 = CARTESIAN_POINT('',(-23.0531030073,22.134309317538,
    2.389199948993E-13));
#4535 = CARTESIAN_POINT('',(-24.52564193679,20.22866999387,
    -3.019806626981E-14));
#4536 = CARTESIAN_POINT('',(-25.29741357408,19.28980488634,
    -3.868017017791E-13));
#4537 = CARTESIAN_POINT('',(-26.10588452661,18.365291641409,
    1.497912904828E-12));
#4538 = CARTESIAN_POINT('',(-26.94655416374,17.458484841012,
    -3.301359186009E-12));
#4539 = CARTESIAN_POINT('',(-27.83529310309,16.562747725135,
    5.287326132516E-12));
#4540 = CARTESIAN_POINT('',(-28.73750184193,15.697361995476,
    -6.467715252193E-12));
#4541 = CARTESIAN_POINT('',(-29.71212775658,14.833244076154,
    6.231015703468E-12));
#4542 = CARTESIAN_POINT('',(-30.68762280807,14.011392202972,
    -4.753086812988E-12));
#4543 = CARTESIAN_POINT('',(-31.72893317021,13.197523386852,
    2.900790718755E-12));
#4544 = CARTESIAN_POINT('',(-32.79732773075,12.418165882704,
    -1.380229264211E-12));
#4545 = CARTESIAN_POINT('',(-33.90781909368,11.66661601943,
    4.938272013537E-13));
#4546 = CARTESIAN_POINT('',(-35.05514122061,10.949586951823,
    -1.008082506359E-13));
#4547 = CARTESIAN_POINT('',(-36.31160730066,10.228317835275,
    1.053949734713E-14));
#4548 = CARTESIAN_POINT('',(-36.38543612799,10.185936704652,
    1.708219180562E-14));
#4549 = CARTESIAN_POINT('',(-36.45926495532,10.143555574028,
    2.36248862641E-14));
#4550 = CARTESIAN_POINT('',(-36.53309378265,10.101174443405,
    3.016758072259E-14));
#4551 = CARTESIAN_POINT('',(-36.60692260998,10.058793312781,
    3.671027518107E-14));
#4552 = CARTESIAN_POINT('',(-36.68075143731,10.016412182158,
    4.325296963955E-14));
#4553 = CARTESIAN_POINT('',(-36.75458026464,9.974031051534,
    4.979566409804E-14));
#4554 = CARTESIAN_POINT('',(-36.82840909196,9.93164992091,
    5.633835855652E-14));
#4555 = CARTESIAN_POINT('',(-36.90223791929,9.889268790287,
    6.288105301501E-14));
#4556 = CARTESIAN_POINT('',(-36.97606674662,9.846887659663,
    6.942374747349E-14));
#4557 = CARTESIAN_POINT('',(-37.04989557395,9.80450652904,
    7.596644193197E-14));
#4558 = CARTESIAN_POINT('',(-37.12372440128,9.762125398416,
    8.250913639046E-14));
#4559 = CARTESIAN_POINT('',(-37.19755322861,9.719744267793,
    8.905183084894E-14));
#4560 = DEFINITIONAL_REPRESENTATION('',(#4561),#4565);
#4561 = LINE('',#4562,#4563);
#4562 = CARTESIAN_POINT('',(26.174596211354,0.));
#4563 = VECTOR('',#4564,1.);
#4564 = DIRECTION('',(0.,1.));
#4565 = ( GEOMETRIC_REPRESENTATION_CONTEXT(2) 
PARAMETRIC_REPRESENTATION_CONTEXT() REPRESENTATION_CONTEXT('2D SPACE',''
  ) );
#4566 = ORIENTED_EDGE('',*,*,#4567,.T.);
#4567 = EDGE_CURVE('',#4324,#4568,#4570,.T.);
#4568 = VERTEX_POINT('',#4569);
#4569 = CARTESIAN_POINT('',(-33.70399271675,-3.339845667758,
    3.552713678801E-15));
#4570 = SURFACE_CURVE('',#4571,(#4622,#4652),.PCURVE_S1.);
#4571 = B_SPLINE_CURVE_WITH_KNOTS('',13,(#4572,#4573,#4574,#4575,#4576,
    #4577,#4578,#4579,#4580,#4581,#4582,#4583,#4584,#4585,#4586,#4587,
    #4588,#4589,#4590,#4591,#4592,#4593,#4594,#4595,#4596,#4597,#4598,
    #4599,#4600,#4601,#4602,#4603,#4604,#4605,#4606,#4607,#4608,#4609,
    #4610,#4611,#4612,#4613,#4614,#4615,#4616,#4617,#4618,#4619,#4620,
    #4621),.UNSPECIFIED.,.F.,.F.,(14,12,12,12,14),(-1.908874923305,
    -0.909844309418,12.177453796259,25.264751901936,26.081756329806),
  .UNSPECIFIED.);
#4572 = CARTESIAN_POINT('',(-32.19577981057,22.411490105717,
    -1.938670197515E-13));
#4573 = CARTESIAN_POINT('',(-32.1752516551,22.328873819121,
    -1.785442435769E-13));
#4574 = CARTESIAN_POINT('',(-32.15472349964,22.246257532526,
    -1.632214674023E-13));
#4575 = CARTESIAN_POINT('',(-32.13419534417,22.163641245931,
    -1.478986912277E-13));
#4576 = CARTESIAN_POINT('',(-32.11366718871,22.081024959335,
    -1.325759150531E-13));
#4577 = CARTESIAN_POINT('',(-32.09313903324,21.99840867274,
    -1.172531388785E-13));
#4578 = CARTESIAN_POINT('',(-32.07261087778,21.915792386145,
    -1.019303627039E-13));
#4579 = CARTESIAN_POINT('',(-32.05208272231,21.833176099549,
    -8.660758652934E-14));
#4580 = CARTESIAN_POINT('',(-32.03155456684,21.750559812954,
    -7.128481035475E-14));
#4581 = CARTESIAN_POINT('',(-32.01102641138,21.667943526358,
    -5.596203418016E-14));
#4582 = CARTESIAN_POINT('',(-31.99049825591,21.585327239763,
    -4.063925800557E-14));
#4583 = CARTESIAN_POINT('',(-31.96997010045,21.502710953168,
    -2.531648183098E-14));
#4584 = CARTESIAN_POINT('',(-31.94944194498,21.420094666572,
    -9.99370565639E-15));
#4585 = CARTESIAN_POINT('',(-31.65999501325,20.255205268394,
    2.060573933704E-13));
#4586 = CARTESIAN_POINT('',(-31.42580136406,19.159452723204,
    -8.593126210598E-13));
#4587 = CARTESIAN_POINT('',(-31.22651858068,18.051266518622,
    2.238209617645E-12));
#4588 = CARTESIAN_POINT('',(-31.06230000239,16.931522065067,
    -4.155342736562E-12));
#4589 = CARTESIAN_POINT('',(-30.93328286477,15.801002161029,
    5.918820988897E-12));
#4590 = CARTESIAN_POINT('',(-30.83960477983,14.660437989083,
    -6.488143355885E-12));
#4591 = CARTESIAN_POINT('',(-30.78142050369,13.510523972267,
    5.476952225104E-12));
#4592 = CARTESIAN_POINT('',(-30.75891908272,12.351917101419,
    -3.490097100199E-12));
#4593 = CARTESIAN_POINT('',(-30.77234148792,11.185231352849,
    1.679989480867E-12));
#4594 = CARTESIAN_POINT('',(-30.82199882315,10.011037804274,
    -5.946354519885E-13));
#4595 = CARTESIAN_POINT('',(-30.90829121883,8.829881069466,
    1.532107773983E-13));
#4596 = CARTESIAN_POINT('',(-31.03172749915,7.642322660559,
    -1.50990331349E-14));
#4597 = CARTESIAN_POINT('',(-31.35416395831,5.25572113107,
    2.13162820728E-14));
#4598 = CARTESIAN_POINT('',(-31.55310524839,4.056754278576,
    -6.66133814775E-14));
#4599 = CARTESIAN_POINT('',(-31.79100500894,2.85186684606,
    2.442490654176E-13));
#4600 = CARTESIAN_POINT('',(-32.06564287089,1.646214302055,
    -6.212808045799E-13));
#4601 = CARTESIAN_POINT('',(-32.38744481143,0.426113734823,
    1.254552017827E-12));
#4602 = CARTESIAN_POINT('',(-32.73608763439,-0.774436660363,
    -1.873612376356E-12));
#4603 = CARTESIAN_POINT('',(-33.14807947553,-2.010097687952,
    2.124078690714E-12));
#4604 = CARTESIAN_POINT('',(-33.58195703523,-3.209589813767,
    -1.818545314336E-12));
#4605 = CARTESIAN_POINT('',(-34.07682385366,-4.435076065091,
    1.21547216736E-12));
#4606 = CARTESIAN_POINT('',(-34.6124019325,-5.644216742539,
    -6.257216966787E-13));
#4607 = CARTESIAN_POINT('',(-35.19834073174,-6.850323697817,
    2.402522625289E-13));
#4608 = CARTESIAN_POINT('',(-35.83343630621,-8.044950149081,
    -5.018208071306E-14));
#4609 = CARTESIAN_POINT('',(-36.56093329226,-9.297820567005,
    5.019980787049E-15));
#4610 = CARTESIAN_POINT('',(-36.60368036694,-9.37143811643,
    8.263604734698E-15));
#4611 = CARTESIAN_POINT('',(-36.64642744163,-9.445055665856,
    1.150722868235E-14));
#4612 = CARTESIAN_POINT('',(-36.68917451631,-9.518673215281,
    1.475085262999E-14));
#4613 = CARTESIAN_POINT('',(-36.731921591,-9.592290764707,
    1.799447657764E-14));
#4614 = CARTESIAN_POINT('',(-36.77466866569,-9.665908314132,
    2.123810052529E-14));
#4615 = CARTESIAN_POINT('',(-36.81741574037,-9.739525863558,
    2.448172447294E-14));
#4616 = CARTESIAN_POINT('',(-36.86016281506,-9.813143412983,
    2.772534842059E-14));
#4617 = CARTESIAN_POINT('',(-36.90290988974,-9.886760962409,
    3.096897236824E-14));
#4618 = CARTESIAN_POINT('',(-36.94565696443,-9.960378511834,
    3.421259631589E-14));
#4619 = CARTESIAN_POINT('',(-36.98840403912,-10.03399606126,
    3.745622026354E-14));
#4620 = CARTESIAN_POINT('',(-37.0311511138,-10.10761361068,
    4.069984421118E-14));
#4621 = CARTESIAN_POINT('',(-37.07389818849,-10.18123116011,
    4.394346815883E-14));
#4622 = PCURVE('',#2016,#4623);
#4623 = DEFINITIONAL_REPRESENTATION('',(#4624),#4651);
#4624 = B_SPLINE_CURVE_WITH_KNOTS('',13,(#4625,#4626,#4627,#4628,#4629,
    #4630,#4631,#4632,#4633,#4634,#4635,#4636,#4637,#4638,#4639,#4640,
    #4641,#4642,#4643,#4644,#4645,#4646,#4647,#4648,#4649,#4650),
  .UNSPECIFIED.,.F.,.F.,(14,12,14),(-0.909844309418,12.177453796259,
    25.264751901936),.UNSPECIFIED.);
#4625 = CARTESIAN_POINT('',(21.337478379977,31.928913789519));
#4626 = CARTESIAN_POINT('',(20.255205268393,31.65999501325));
#4627 = CARTESIAN_POINT('',(19.159452723209,31.425801364074));
#4628 = CARTESIAN_POINT('',(18.051266518608,31.226518580661));
#4629 = CARTESIAN_POINT('',(16.931522065093,31.062300002441));
#4630 = CARTESIAN_POINT('',(15.801002160994,30.933282864704));
#4631 = CARTESIAN_POINT('',(14.660437989121,30.839604779911));
#4632 = CARTESIAN_POINT('',(13.510523972234,30.781420503635));
#4633 = CARTESIAN_POINT('',(12.351917101442,30.758919082772));
#4634 = CARTESIAN_POINT('',(11.185231352837,30.772341487902));
#4635 = CARTESIAN_POINT('',(10.011037804279,30.821998823158));
#4636 = CARTESIAN_POINT('',(8.829881069465,30.908291218837));
#4637 = CARTESIAN_POINT('',(7.642322660559,31.031727499156));
#4638 = CARTESIAN_POINT('',(5.25572113107,31.354163958313));
#4639 = CARTESIAN_POINT('',(4.056754278574,31.553105248378));
#4640 = CARTESIAN_POINT('',(2.851866846064,31.791005008986));
#4641 = CARTESIAN_POINT('',(1.646214302047,32.06564287081));
#4642 = CARTESIAN_POINT('',(0.426113734834,32.387444811571));
#4643 = CARTESIAN_POINT('',(-0.774436660375,32.736087634221));
#4644 = CARTESIAN_POINT('',(-2.010097687941,33.148079475708));
#4645 = CARTESIAN_POINT('',(-3.209589813775,33.581957035091));
#4646 = CARTESIAN_POINT('',(-4.435076065087,34.076823853754));
#4647 = CARTESIAN_POINT('',(-5.64421674254,34.612401932459));
#4648 = CARTESIAN_POINT('',(-6.850323697817,35.198340731762));
#4649 = CARTESIAN_POINT('',(-8.044950149082,35.833436306215));
#4650 = CARTESIAN_POINT('',(-9.224203017579,36.518186217575));
#4651 = ( GEOMETRIC_REPRESENTATION_CONTEXT(2) 
PARAMETRIC_REPRESENTATION_CONTEXT() REPRESENTATION_CONTEXT('2D SPACE',''
  ) );
#4652 = PCURVE('',#4653,#4804);
#4653 = ( BOUNDED_SURFACE() B_SPLINE_SURFACE(2,13,(
    (#4654,#4655,#4656,#4657,#4658,#4659,#4660,#4661,#4662,#4663,#4664
      ,#4665,#4666,#4667,#4668,#4669,#4670,#4671,#4672,#4673,#4674,#4675
      ,#4676,#4677,#4678,#4679,#4680,#4681,#4682,#4683,#4684,#4685,#4686
      ,#4687,#4688,#4689,#4690,#4691,#4692,#4693,#4694,#4695,#4696,#4697
      ,#4698,#4699,#4700,#4701,#4702,#4703)
    ,(#4704,#4705,#4706,#4707,#4708,#4709,#4710,#4711,#4712,#4713,#4714
      ,#4715,#4716,#4717,#4718,#4719,#4720,#4721,#4722,#4723,#4724,#4725
      ,#4726,#4727,#4728,#4729,#4730,#4731,#4732,#4733,#4734,#4735,#4736
      ,#4737,#4738,#4739,#4740,#4741,#4742,#4743,#4744,#4745,#4746,#4747
      ,#4748,#4749,#4750,#4751,#4752,#4753)
    ,(#4754,#4755,#4756,#4757,#4758,#4759,#4760,#4761,#4762,#4763,#4764
      ,#4765,#4766,#4767,#4768,#4769,#4770,#4771,#4772,#4773,#4774,#4775
      ,#4776,#4777,#4778,#4779,#4780,#4781,#4782,#4783,#4784,#4785,#4786
      ,#4787,#4788,#4789,#4790,#4791,#4792,#4793,#4794,#4795,#4796,#4797
      ,#4798,#4799,#4800,#4801,#4802,#4803
)),.UNSPECIFIED.,.F.,.F.,.F.) B_SPLINE_SURFACE_WITH_KNOTS((3,3),(14,12,
    12,12,14),(0.,26.174596211354),(-1.908874923305,-0.909844309418,
    12.177453796259,25.264751901936,26.081756329806),.UNSPECIFIED.) 
GEOMETRIC_REPRESENTATION_ITEM() RATIONAL_B_SPLINE_SURFACE((
    (1.,1.,1.,1.,1.,1.,1.,1.,1.,1.,1.,1.,1.,1.,1.,1.,1.,1.,1.,1.,1.,1.
      ,1.,1.,1.,1.,1.,1.,1.,1.,1.,1.,1.,1.,1.,1.,1.,1.,1.,1.,1.,1.,1.,1.
      ,1.,1.,1.,1.,1.,1.)
    ,(0.874589043656,0.875085962011,0.87550006064,0.875831339542
      ,0.87607979872,0.876245438171,0.876328257897,0.876328257897
      ,0.876245438171,0.87607979872,0.875831339542,0.87550006064
      ,0.875085962011,0.868079414674,0.861094084584,0.853605149567
      ,0.845586424405,0.837012985142,0.827860909272,0.818107256913
      ,0.807730336356,0.796710297524,0.78503009664,0.772676875697
      ,0.759643800025,0.732220994994,0.717832363837,0.702759255871
      ,0.687059540841,0.670608415352,0.653780274354,0.636086655075
      ,0.618285962694,0.599915281656,0.581472751908,0.563006344079
      ,0.544750892277,0.525782941587,0.524854158352,0.524111131764
      ,0.523553861823,0.523182348529,0.522996591882,0.522996591882
      ,0.523182348529,0.523553861823,0.524111131764,0.524854158352
      ,0.525782941587,0.526897481468)
    ,(1.,1.,1.,1.,1.,1.,1.,1.,1.,1.,1.,1.,1.,1.,1.,1.,1.,1.,1.,1.,1.,1.
      ,1.,1.,1.,1.,1.,1.,1.,1.,1.,1.,1.,1.,1.,1.,1.,1.,1.,1.,1.,1.,1.,1.
,1.,1.,1.,1.,1.,1.))) REPRESENTATION_ITEM('') SURFACE() );
#4654 = CARTESIAN_POINT('',(-36.32137456756,21.773255648105,
    2.220267356544));
#4655 = CARTESIAN_POINT('',(-36.30380740379,21.678908990212,
    2.231678860441));
#4656 = CARTESIAN_POINT('',(-36.28658911457,21.58643600687,
    2.242863737927));
#4657 = CARTESIAN_POINT('',(-36.2697196999,21.49583669808,2.253821989002
    ));
#4658 = CARTESIAN_POINT('',(-36.25319915977,21.407111063842,
    2.264553613666));
#4659 = CARTESIAN_POINT('',(-36.23702749419,21.320259104155,
    2.27505861192));
#4660 = CARTESIAN_POINT('',(-36.22120470317,21.23528081902,
    2.285336983763));
#4661 = CARTESIAN_POINT('',(-36.20573078669,21.152176208437,
    2.295388729195));
#4662 = CARTESIAN_POINT('',(-36.19060574476,21.070945272405,
    2.305213848217));
#4663 = CARTESIAN_POINT('',(-36.17582957738,20.991588010925,
    2.314812340827));
#4664 = CARTESIAN_POINT('',(-36.16140228454,20.914104423997,
    2.324184207027));
#4665 = CARTESIAN_POINT('',(-36.14732386626,20.83849451162,
    2.333329446816));
#4666 = CARTESIAN_POINT('',(-36.13359432253,20.764758273795,
    2.342248060194));
#4667 = CARTESIAN_POINT('',(-35.94492692633,19.751496342849,
    2.464805050889));
#4668 = CARTESIAN_POINT('',(-35.79931303094,18.803265174107,
    2.586072303479));
#4669 = CARTESIAN_POINT('',(-35.6825868396,17.848857989586,
    2.715011834646));
#4670 = CARTESIAN_POINT('',(-35.59387935274,16.888904913175,
    2.851822791079));
#4671 = CARTESIAN_POINT('',(-35.5322551731,15.923885465983,
    2.996641653221));
#4672 = CARTESIAN_POINT('',(-35.49674262711,14.954056772979,
    3.149543907552));
#4673 = CARTESIAN_POINT('',(-35.48637414856,13.979424495337,
    3.310539988535));
#4674 = CARTESIAN_POINT('',(-35.5002345257,12.999746066352,
    3.479566302676));
#4675 = CARTESIAN_POINT('',(-35.53751463488,12.014555809963,
    3.656472149699));
#4676 = CARTESIAN_POINT('',(-35.59756825533,11.023201517967,
    3.841003352637));
#4677 = CARTESIAN_POINT('',(-35.67996959084,10.024882066444,
    4.032783412038));
#4678 = CARTESIAN_POINT('',(-35.78456909527,9.018675646951,
    4.231292996421));
#4679 = CARTESIAN_POINT('',(-36.03852134755,6.988420737915,
    4.640404170496));
#4680 = CARTESIAN_POINT('',(-36.1878685207,5.964414465246,4.850992544537
    ));
#4681 = CARTESIAN_POINT('',(-36.35985864372,4.930245515747,
    5.067033774056));
#4682 = CARTESIAN_POINT('',(-36.55458339606,3.886363333994,
    5.287110347121));
#4683 = CARTESIAN_POINT('',(-36.77440022701,2.826897099614,5.51192851005
    ));
#4684 = CARTESIAN_POINT('',(-37.01741421407,1.762257781785,
    5.736176568201));
#4685 = CARTESIAN_POINT('',(-37.291235554,0.67254135591,5.964953080687)
  );
#4686 = CARTESIAN_POINT('',(-37.59117298682,-0.417683081313,
    6.188254912024));
#4687 = CARTESIAN_POINT('',(-37.92726928404,-1.531077206078,
    6.411260300081));
#4688 = CARTESIAN_POINT('',(-38.29873365343,-2.650767561457,
    6.627438611011));
#4689 = CARTESIAN_POINT('',(-38.71173609276,-3.780886595815,
    6.836372423079));
#4690 = CARTESIAN_POINT('',(-39.16972891679,-4.915329659095,
    7.035652096407));
#4691 = CARTESIAN_POINT('',(-39.70782210209,-6.119811417014,
    7.235535405357));
#4692 = CARTESIAN_POINT('',(-39.73989219765,-6.191597951636,
    7.247448354626));
#4693 = CARTESIAN_POINT('',(-39.77241451265,-6.264396746,7.259529288031)
  );
#4694 = CARTESIAN_POINT('',(-39.8053890471,-6.338207800108,
    7.271778205572));
#4695 = CARTESIAN_POINT('',(-39.83881580098,-6.413031113958,
    7.284195107248));
#4696 = CARTESIAN_POINT('',(-39.87269477432,-6.488866687552,
    7.29677999306));
#4697 = CARTESIAN_POINT('',(-39.90702596709,-6.565714520888,
    7.309532863008));
#4698 = CARTESIAN_POINT('',(-39.9418093793,-6.643574613967,
    7.322453717091));
#4699 = CARTESIAN_POINT('',(-39.97704501096,-6.722446966789,
    7.335542555309));
#4700 = CARTESIAN_POINT('',(-40.01273286207,-6.802331579354,
    7.348799377664));
#4701 = CARTESIAN_POINT('',(-40.04887293261,-6.883228451662,
    7.362224184154));
#4702 = CARTESIAN_POINT('',(-40.0854652226,-6.965137583713,
    7.375816974779));
#4703 = CARTESIAN_POINT('',(-40.12250973203,-7.048058975507,
    7.38957774954));
#4704 = CARTESIAN_POINT('',(-34.85150651022,22.007591502728,
    1.99417698326E-13));
#4705 = CARTESIAN_POINT('',(-34.83602423164,21.915172476096,
    1.82983317265E-13));
#4706 = CARTESIAN_POINT('',(-34.82079403867,21.824258234843,
    1.668165241371E-13));
#4707 = CARTESIAN_POINT('',(-34.80581125319,21.734820853653,
    1.509123531331E-13));
#4708 = CARTESIAN_POINT('',(-34.79107134536,21.646833292415,
    1.352659958545E-13));
#4709 = CARTESIAN_POINT('',(-34.77656992908,21.560269368989,
    1.198727964716E-13));
#4710 = CARTESIAN_POINT('',(-34.76230275764,21.475103733247,
    1.047282471066E-13));
#4711 = CARTESIAN_POINT('',(-34.74826571954,21.391311842331,
    8.982798343442E-14));
#4712 = CARTESIAN_POINT('',(-34.73445483459,21.30886993707,
    7.516778048882E-14));
#4713 = CARTESIAN_POINT('',(-34.72086625012,21.227755019523,
    6.074354866902E-14));
#4714 = CARTESIAN_POINT('',(-34.70749623739,21.147944831591,
    4.655132993625E-14));
#4715 = CARTESIAN_POINT('',(-34.69434118819,21.069417834661,
    3.25872941941E-14));
#4716 = CARTESIAN_POINT('',(-34.68139761161,20.99215319024,
    1.884773584524E-14));
#4717 = CARTESIAN_POINT('',(-34.50048079454,19.912198708547,
    -1.731947918415E-13));
#4718 = CARTESIAN_POINT('',(-34.37025341571,18.901423366216,
    8.211209490128E-13));
#4719 = CARTESIAN_POINT('',(-34.2781432802,17.885447221275,
    -2.182698466413E-12));
#4720 = CARTESIAN_POINT('',(-34.22422543601,16.86602203776,
    4.314326673693E-12));
#4721 = CARTESIAN_POINT('',(-34.20849073627,15.844948252506,
    -6.648015471455E-12));
#4722 = CARTESIAN_POINT('',(-34.23085200543,14.824049457443,
    8.354206215699E-12));
#4723 = CARTESIAN_POINT('',(-34.29115144963,13.805172932946,
    -8.522071937023E-12));
#4724 = CARTESIAN_POINT('',(-34.38916809743,12.790207419739,
    7.006395463804E-12));
#4725 = CARTESIAN_POINT('',(-34.52462358848,11.781109306912,
    -4.507061390768E-12));
#4726 = CARTESIAN_POINT('',(-34.69718399157,10.77992814438,
    2.177813485105E-12));
#4727 = CARTESIAN_POINT('',(-34.90645449015,9.788821731061,
    -6.852296507986E-13));
#4728 = CARTESIAN_POINT('',(-35.15196266266,8.810049885404,
    6.794564910706E-14));
#4729 = CARTESIAN_POINT('',(-35.72481655506,6.845710861863,
    7.682743330406E-14));
#4730 = CARTESIAN_POINT('',(-36.05637438077,5.856159266092,
    -7.736034035588E-13));
#4731 = CARTESIAN_POINT('',(-36.42785053117,4.879886298931,
    2.587263736586E-12));
#4732 = CARTESIAN_POINT('',(-36.83921927944,3.918792472082,
    -5.752287535188E-12));
#4733 = CARTESIAN_POINT('',(-37.29056503946,2.977902256282,
    9.65627577898E-12));
#4734 = CARTESIAN_POINT('',(-37.78037282421,2.056670827433,
    -1.266764471097E-11));
#4735 = CARTESIAN_POINT('',(-38.31112049088,1.162719359526,
    1.326228016296E-11));
#4736 = CARTESIAN_POINT('',(-38.87578569347,0.297656776988,
    -1.122435477896E-11));
#4737 = CARTESIAN_POINT('',(-39.48048701315,-0.537480595153,
    7.741807195316E-12));
#4738 = CARTESIAN_POINT('',(-40.11614547102,-1.334579330986,
    -4.261924146931E-12));
#4739 = CARTESIAN_POINT('',(-40.78421632664,-2.095848364241,
    1.7763568394E-12));
#4740 = CARTESIAN_POINT('',(-41.48126584423,-2.819243724696,
    -4.507505479978E-13));
#4741 = CARTESIAN_POINT('',(-42.25269397985,-3.550074015369,
    3.19911434488E-14));
#4742 = CARTESIAN_POINT('',(-42.30223958462,-3.597012190246,
    6.299562454772E-14));
#4743 = CARTESIAN_POINT('',(-42.35442802863,-3.646454120018,
    9.56539326543E-14));
#4744 = CARTESIAN_POINT('',(-42.40921501472,-3.698357838741,
    1.299383476386E-13));
#4745 = CARTESIAN_POINT('',(-42.46655048983,-3.752675927499,
    1.658175474719E-13));
#4746 = CARTESIAN_POINT('',(-42.52637879214,-3.809355653776,
    2.032567002864E-13));
#4747 = CARTESIAN_POINT('',(-42.58863882884,-3.868339139877,
    2.422175756234E-13));
#4748 = CARTESIAN_POINT('',(-42.65326428337,-3.929563559284,
    2.826586741381E-13));
#4749 = CARTESIAN_POINT('',(-42.72018385075,-3.992961359573,
    3.245353748388E-13));
#4750 = CARTESIAN_POINT('',(-42.78932149912,-4.058460510203,
    3.678000987659E-13));
#4751 = CARTESIAN_POINT('',(-42.86059675557,-4.125984773299,
    4.12402487852E-13));
#4752 = CARTESIAN_POINT('',(-42.93392501397,-4.195453995291,
    4.582895975629E-13));
#4753 = CARTESIAN_POINT('',(-43.00921786242,-4.266784417107,
    5.054061017887E-13));
#4754 = CARTESIAN_POINT('',(-32.19577981057,22.411490105717,
    -1.938670197515E-13));
#4755 = CARTESIAN_POINT('',(-32.1752516551,22.328873819121,
    -1.785442435769E-13));
#4756 = CARTESIAN_POINT('',(-32.15472349964,22.246257532526,
    -1.632214674023E-13));
#4757 = CARTESIAN_POINT('',(-32.13419534417,22.163641245931,
    -1.478986912277E-13));
#4758 = CARTESIAN_POINT('',(-32.11366718871,22.081024959335,
    -1.325759150531E-13));
#4759 = CARTESIAN_POINT('',(-32.09313903324,21.99840867274,
    -1.172531388785E-13));
#4760 = CARTESIAN_POINT('',(-32.07261087778,21.915792386145,
    -1.019303627039E-13));
#4761 = CARTESIAN_POINT('',(-32.05208272231,21.833176099549,
    -8.660758652934E-14));
#4762 = CARTESIAN_POINT('',(-32.03155456684,21.750559812954,
    -7.128481035475E-14));
#4763 = CARTESIAN_POINT('',(-32.01102641138,21.667943526358,
    -5.596203418016E-14));
#4764 = CARTESIAN_POINT('',(-31.99049825591,21.585327239763,
    -4.063925800557E-14));
#4765 = CARTESIAN_POINT('',(-31.96997010045,21.502710953168,
    -2.531648183098E-14));
#4766 = CARTESIAN_POINT('',(-31.94944194498,21.420094666572,
    -9.99370565639E-15));
#4767 = CARTESIAN_POINT('',(-31.65999501325,20.255205268394,
    2.060573933704E-13));
#4768 = CARTESIAN_POINT('',(-31.42580136406,19.159452723204,
    -8.593126210598E-13));
#4769 = CARTESIAN_POINT('',(-31.22651858068,18.051266518622,
    2.238209617645E-12));
#4770 = CARTESIAN_POINT('',(-31.06230000239,16.931522065067,
    -4.155342736562E-12));
#4771 = CARTESIAN_POINT('',(-30.93328286477,15.801002161029,
    5.918820988897E-12));
#4772 = CARTESIAN_POINT('',(-30.83960477983,14.660437989083,
    -6.488143355885E-12));
#4773 = CARTESIAN_POINT('',(-30.78142050369,13.510523972267,
    5.476952225104E-12));
#4774 = CARTESIAN_POINT('',(-30.75891908272,12.351917101419,
    -3.490097100199E-12));
#4775 = CARTESIAN_POINT('',(-30.77234148792,11.185231352849,
    1.679989480867E-12));
#4776 = CARTESIAN_POINT('',(-30.82199882315,10.011037804274,
    -5.946354519885E-13));
#4777 = CARTESIAN_POINT('',(-30.90829121883,8.829881069466,
    1.532107773983E-13));
#4778 = CARTESIAN_POINT('',(-31.03172749915,7.642322660559,
    -1.50990331349E-14));
#4779 = CARTESIAN_POINT('',(-31.35416395831,5.25572113107,
    2.13162820728E-14));
#4780 = CARTESIAN_POINT('',(-31.55310524839,4.056754278576,
    -6.66133814775E-14));
#4781 = CARTESIAN_POINT('',(-31.79100500894,2.85186684606,
    2.442490654176E-13));
#4782 = CARTESIAN_POINT('',(-32.06564287089,1.646214302055,
    -6.212808045799E-13));
#4783 = CARTESIAN_POINT('',(-32.38744481143,0.426113734823,
    1.254552017827E-12));
#4784 = CARTESIAN_POINT('',(-32.73608763439,-0.774436660363,
    -1.873612376356E-12));
#4785 = CARTESIAN_POINT('',(-33.14807947553,-2.010097687952,
    2.124078690714E-12));
#4786 = CARTESIAN_POINT('',(-33.58195703523,-3.209589813767,
    -1.818545314336E-12));
#4787 = CARTESIAN_POINT('',(-34.07682385366,-4.435076065091,
    1.21547216736E-12));
#4788 = CARTESIAN_POINT('',(-34.6124019325,-5.644216742539,
    -6.257216966787E-13));
#4789 = CARTESIAN_POINT('',(-35.19834073174,-6.850323697817,
    2.402522625289E-13));
#4790 = CARTESIAN_POINT('',(-35.83343630621,-8.044950149081,
    -5.018208071306E-14));
#4791 = CARTESIAN_POINT('',(-36.56093329226,-9.297820567005,
    5.019980787049E-15));
#4792 = CARTESIAN_POINT('',(-36.60368036694,-9.37143811643,
    8.263604734698E-15));
#4793 = CARTESIAN_POINT('',(-36.64642744163,-9.445055665856,
    1.150722868235E-14));
#4794 = CARTESIAN_POINT('',(-36.68917451631,-9.518673215281,
    1.475085262999E-14));
#4795 = CARTESIAN_POINT('',(-36.731921591,-9.592290764707,
    1.799447657764E-14));
#4796 = CARTESIAN_POINT('',(-36.77466866569,-9.665908314132,
    2.123810052529E-14));
#4797 = CARTESIAN_POINT('',(-36.81741574037,-9.739525863558,
    2.448172447294E-14));
#4798 = CARTESIAN_POINT('',(-36.86016281506,-9.813143412983,
    2.772534842059E-14));
#4799 = CARTESIAN_POINT('',(-36.90290988974,-9.886760962409,
    3.096897236824E-14));
#4800 = CARTESIAN_POINT('',(-36.94565696443,-9.960378511834,
    3.421259631589E-14));
#4801 = CARTESIAN_POINT('',(-36.98840403912,-10.03399606126,
    3.745622026354E-14));
#4802 = CARTESIAN_POINT('',(-37.0311511138,-10.10761361068,
    4.069984421118E-14));
#4803 = CARTESIAN_POINT('',(-37.07389818849,-10.18123116011,
    4.394346815883E-14));
#4804 = DEFINITIONAL_REPRESENTATION('',(#4805),#4809);
#4805 = LINE('',#4806,#4807);
#4806 = CARTESIAN_POINT('',(26.174596211354,0.));
#4807 = VECTOR('',#4808,1.);
#4808 = DIRECTION('',(0.,1.));
#4809 = ( GEOMETRIC_REPRESENTATION_CONTEXT(2) 
PARAMETRIC_REPRESENTATION_CONTEXT() REPRESENTATION_CONTEXT('2D SPACE',''
  ) );
#4810 = ORIENTED_EDGE('',*,*,#4811,.T.);
#4811 = EDGE_CURVE('',#4568,#4812,#4814,.T.);
#4812 = VERTEX_POINT('',#4813);
#4813 = CARTESIAN_POINT('',(-27.5185910678,-19.74438755137,
    1.221245327088E-15));
#4814 = SURFACE_CURVE('',#4815,(#4866,#4896),.PCURVE_S1.);
#4815 = B_SPLINE_CURVE_WITH_KNOTS('',13,(#4816,#4817,#4818,#4819,#4820,
    #4821,#4822,#4823,#4824,#4825,#4826,#4827,#4828,#4829,#4830,#4831,
    #4832,#4833,#4834,#4835,#4836,#4837,#4838,#4839,#4840,#4841,#4842,
    #4843,#4844,#4845,#4846,#4847,#4848,#4849,#4850,#4851,#4852,#4853,
    #4854,#4855,#4856,#4857,#4858,#4859,#4860,#4861,#4862,#4863,#4864,
    #4865),.UNSPECIFIED.,.F.,.F.,(14,12,12,12,14),(-1.908874923305,
    -0.909844309418,12.177453796258,25.264751901934,26.081756329804),
  .UNSPECIFIED.);
#4816 = CARTESIAN_POINT('',(-39.08810826346,3.311029862926,
    3.640379733592E-13));
#4817 = CARTESIAN_POINT('',(-39.02902221604,3.249746137701,
    3.362400165823E-13));
#4818 = CARTESIAN_POINT('',(-38.96993616862,3.188462412476,
    3.084420598053E-13));
#4819 = CARTESIAN_POINT('',(-38.91085012119,3.127178687252,
    2.806441030284E-13));
#4820 = CARTESIAN_POINT('',(-38.85176407377,3.065894962027,
    2.528461462515E-13));
#4821 = CARTESIAN_POINT('',(-38.79267802634,3.004611236802,
    2.250481894745E-13));
#4822 = CARTESIAN_POINT('',(-38.73359197892,2.943327511577,
    1.972502326976E-13));
#4823 = CARTESIAN_POINT('',(-38.6745059315,2.882043786352,
    1.694522759207E-13));
#4824 = CARTESIAN_POINT('',(-38.61541988407,2.820760061127,
    1.416543191438E-13));
#4825 = CARTESIAN_POINT('',(-38.55633383665,2.759476335902,
    1.138563623668E-13));
#4826 = CARTESIAN_POINT('',(-38.49724778922,2.698192610677,
    8.605840558989E-14));
#4827 = CARTESIAN_POINT('',(-38.4381617418,2.636908885452,
    5.826044881296E-14));
#4828 = CARTESIAN_POINT('',(-38.37907569438,2.575625160227,
    3.046249203603E-14));
#4829 = CARTESIAN_POINT('',(-37.54596259935,1.711524814673,
    -3.614886168179E-13));
#4830 = CARTESIAN_POINT('',(-36.79526867718,0.879672098866,
    1.679101302444E-12));
#4831 = CARTESIAN_POINT('',(-36.06859162187,1.959608527649E-02,
    -4.658939900532E-12));
#4832 = CARTESIAN_POINT('',(-35.36650193469,-0.868021768129,
    9.532374889451E-12));
#4833 = CARTESIAN_POINT('',(-34.68950986366,-1.782572155653,
    -1.520295000996E-11));
#4834 = CARTESIAN_POINT('',(-34.03810017679,-2.723490660799,
    1.940136939999E-11));
#4835 = CARTESIAN_POINT('',(-33.41275410665,-3.690253273396,
    -1.993960552221E-11));
#4836 = CARTESIAN_POINT('',(-32.8139638695,-4.68238554612,
    1.649125280782E-11));
#4837 = CARTESIAN_POINT('',(-32.24224513876,-5.699476245175,
    -1.078781508567E-11));
#4838 = CARTESIAN_POINT('',(-31.69815287846,-6.741186354834,
    5.381028955756E-12));
#4839 = CARTESIAN_POINT('',(-31.18230591779,-7.807244290865,
    -1.849631559025E-12));
#4840 = CARTESIAN_POINT('',(-30.69542566786,-8.897418181617,
    2.864375403533E-13));
#4841 = CARTESIAN_POINT('',(-29.78136306785,-11.12549396444,
    -7.327471962527E-14));
#4842 = CARTESIAN_POINT('',(-29.35416785266,-12.26330036203,
    -2.895461648221E-13));
#4843 = CARTESIAN_POINT('',(-28.95775137265,-13.42571336758,
    1.316280417998E-12));
#4844 = CARTESIAN_POINT('',(-28.59276846582,-14.60715802978,
    -3.084643651609E-12));
#4845 = CARTESIAN_POINT('',(-28.26140683789,-15.82469708645,
    5.173195205567E-12));
#4846 = CARTESIAN_POINT('',(-27.96306518157,-17.03872563871,
    -6.724398815514E-12));
#4847 = CARTESIAN_POINT('',(-27.70203006863,-18.31483539958,
    6.985523270976E-12));
#4848 = CARTESIAN_POINT('',(-27.47803299432,-19.57056483209,
    -5.813127756916E-12));
#4849 = CARTESIAN_POINT('',(-27.29385710507,-20.87930046691,
    3.840483486792E-12));
#4850 = CARTESIAN_POINT('',(-27.15311098825,-22.19423604975,
    -1.953992523338E-12));
#4851 = CARTESIAN_POINT('',(-27.05749539585,-23.53172471233,
    7.180922523278E-13));
#4852 = CARTESIAN_POINT('',(-27.01019107153,-24.88384935439,
    -1.558753126574E-13));
#4853 = CARTESIAN_POINT('',(-27.01378673366,-26.33261545698,
    9.259059351483E-15));
#4854 = CARTESIAN_POINT('',(-27.01399801156,-26.41774366229,
    1.896220791282E-14));
#4855 = CARTESIAN_POINT('',(-27.01420928947,-26.5028718676,
    2.866535647415E-14));
#4856 = CARTESIAN_POINT('',(-27.01442056737,-26.58800007291,
    3.836850503548E-14));
#4857 = CARTESIAN_POINT('',(-27.01463184527,-26.67312827822,
    4.807165359682E-14));
#4858 = CARTESIAN_POINT('',(-27.01484312317,-26.75825648353,
    5.777480215815E-14));
#4859 = CARTESIAN_POINT('',(-27.01505440108,-26.84338468884,
    6.747795071948E-14));
#4860 = CARTESIAN_POINT('',(-27.01526567898,-26.92851289415,
    7.718109928081E-14));
#4861 = CARTESIAN_POINT('',(-27.01547695688,-27.01364109946,
    8.688424784215E-14));
#4862 = CARTESIAN_POINT('',(-27.01568823479,-27.09876930477,
    9.658739640348E-14));
#4863 = CARTESIAN_POINT('',(-27.01589951269,-27.18389751008,
    1.062905449648E-13));
#4864 = CARTESIAN_POINT('',(-27.01611079059,-27.26902571539,
    1.159936935261E-13));
#4865 = CARTESIAN_POINT('',(-27.01632206849,-27.3541539207,
    1.256968420875E-13));
#4866 = PCURVE('',#2016,#4867);
#4867 = DEFINITIONAL_REPRESENTATION('',(#4868),#4895);
#4868 = B_SPLINE_CURVE_WITH_KNOTS('',13,(#4869,#4870,#4871,#4872,#4873,
    #4874,#4875,#4876,#4877,#4878,#4879,#4880,#4881,#4882,#4883,#4884,
    #4885,#4886,#4887,#4888,#4889,#4890,#4891,#4892,#4893,#4894),
  .UNSPECIFIED.,.F.,.F.,(14,12,14),(-0.909844309418,12.177453796258,
    25.264751901934),.UNSPECIFIED.);
#4869 = CARTESIAN_POINT('',(2.514341435002,38.319989646956));
#4870 = CARTESIAN_POINT('',(1.711524814672,37.54596259936));
#4871 = CARTESIAN_POINT('',(0.879672098871,36.795268677174));
#4872 = CARTESIAN_POINT('',(1.95960852639E-02,36.068591621909));
#4873 = CARTESIAN_POINT('',(-0.868021768104,35.366501934633));
#4874 = CARTESIAN_POINT('',(-1.782572155692,34.689509863768));
#4875 = CARTESIAN_POINT('',(-2.72349066075,34.038100176668));
#4876 = CARTESIAN_POINT('',(-3.690253273446,33.412754106787));
#4877 = CARTESIAN_POINT('',(-4.682385546079,32.813963869399));
#4878 = CARTESIAN_POINT('',(-5.699476245201,32.242245138837));
#4879 = CARTESIAN_POINT('',(-6.741186354821,31.698152878427));
#4880 = CARTESIAN_POINT('',(-7.807244290869,31.182305917806));
#4881 = CARTESIAN_POINT('',(-8.897418181617,30.695425667866));
#4882 = CARTESIAN_POINT('',(-11.12549396444,29.781363067857));
#4883 = CARTESIAN_POINT('',(-12.26330036203,29.354167852664));
#4884 = CARTESIAN_POINT('',(-13.42571336757,28.957751372657));
#4885 = CARTESIAN_POINT('',(-14.6071580298,28.592768465816));
#4886 = CARTESIAN_POINT('',(-15.82469708642,28.261406837916));
#4887 = CARTESIAN_POINT('',(-17.03872563875,27.963065181547));
#4888 = CARTESIAN_POINT('',(-18.31483539954,27.702030068672));
#4889 = CARTESIAN_POINT('',(-19.57056483212,27.478032994288));
#4890 = CARTESIAN_POINT('',(-20.87930046689,27.293857105101));
#4891 = CARTESIAN_POINT('',(-22.19423604975,27.153110988235));
#4892 = CARTESIAN_POINT('',(-23.53172471233,27.057495395859));
#4893 = CARTESIAN_POINT('',(-24.88384935439,27.010191071533));
#4894 = CARTESIAN_POINT('',(-26.24748725167,27.013575455761));
#4895 = ( GEOMETRIC_REPRESENTATION_CONTEXT(2) 
PARAMETRIC_REPRESENTATION_CONTEXT() REPRESENTATION_CONTEXT('2D SPACE',''
  ) );
#4896 = PCURVE('',#4897,#5048);
#4897 = ( BOUNDED_SURFACE() B_SPLINE_SURFACE(2,13,(
    (#4898,#4899,#4900,#4901,#4902,#4903,#4904,#4905,#4906,#4907,#4908
      ,#4909,#4910,#4911,#4912,#4913,#4914,#4915,#4916,#4917,#4918,#4919
      ,#4920,#4921,#4922,#4923,#4924,#4925,#4926,#4927,#4928,#4929,#4930
      ,#4931,#4932,#4933,#4934,#4935,#4936,#4937,#4938,#4939,#4940,#4941
      ,#4942,#4943,#4944,#4945,#4946,#4947)
    ,(#4948,#4949,#4950,#4951,#4952,#4953,#4954,#4955,#4956,#4957,#4958
      ,#4959,#4960,#4961,#4962,#4963,#4964,#4965,#4966,#4967,#4968,#4969
      ,#4970,#4971,#4972,#4973,#4974,#4975,#4976,#4977,#4978,#4979,#4980
      ,#4981,#4982,#4983,#4984,#4985,#4986,#4987,#4988,#4989,#4990,#4991
      ,#4992,#4993,#4994,#4995,#4996,#4997)
    ,(#4998,#4999,#5000,#5001,#5002,#5003,#5004,#5005,#5006,#5007,#5008
      ,#5009,#5010,#5011,#5012,#5013,#5014,#5015,#5016,#5017,#5018,#5019
      ,#5020,#5021,#5022,#5023,#5024,#5025,#5026,#5027,#5028,#5029,#5030
      ,#5031,#5032,#5033,#5034,#5035,#5036,#5037,#5038,#5039,#5040,#5041
      ,#5042,#5043,#5044,#5045,#5046,#5047
)),.UNSPECIFIED.,.F.,.F.,.F.) B_SPLINE_SURFACE_WITH_KNOTS((3,3),(14,12,
    12,12,14),(0.,26.174596211352),(-1.908874923305,-0.909844309418,
    12.177453796258,25.264751901934,26.081756329804),.UNSPECIFIED.) 
GEOMETRIC_REPRESENTATION_ITEM() RATIONAL_B_SPLINE_SURFACE((
    (1.,1.,1.,1.,1.,1.,1.,1.,1.,1.,1.,1.,1.,1.,1.,1.,1.,1.,1.,1.,1.,1.
      ,1.,1.,1.,1.,1.,1.,1.,1.,1.,1.,1.,1.,1.,1.,1.,1.,1.,1.,1.,1.,1.,1.
      ,1.,1.,1.,1.,1.,1.)
    ,(0.874589043656,0.875085962011,0.87550006064,0.875831339542
      ,0.87607979872,0.876245438171,0.876328257897,0.876328257897
      ,0.876245438171,0.87607979872,0.875831339542,0.87550006064
      ,0.875085962011,0.868079414674,0.861094084585,0.853605149566
      ,0.845586424406,0.83701298514,0.827860909276,0.818107256909
      ,0.807730336359,0.796710297522,0.785030096641,0.772676875697
      ,0.759643800025,0.732220994994,0.717832363836,0.702759255872
      ,0.687059540839,0.670608415355,0.653780274351,0.636086655078
      ,0.618285962691,0.599915281658,0.581472751907,0.563006344079
      ,0.544750892277,0.525782941587,0.524854158352,0.524111131764
      ,0.523553861823,0.523182348529,0.522996591882,0.522996591882
      ,0.523182348529,0.523553861823,0.524111131764,0.524854158352
      ,0.525782941587,0.526897481468)
    ,(1.,1.,1.,1.,1.,1.,1.,1.,1.,1.,1.,1.,1.,1.,1.,1.,1.,1.,1.,1.,1.,1.
      ,1.,1.,1.,1.,1.,1.,1.,1.,1.,1.,1.,1.,1.,1.,1.,1.,1.,1.,1.,1.,1.,1.
,1.,1.,1.,1.,1.,1.))) REPRESENTATION_ITEM('') SURFACE() );
#4898 = CARTESIAN_POINT('',(-42.34186089993,0.695505230567,
    2.220267356543));
#4899 = CARTESIAN_POINT('',(-42.27947396089,0.622582209955,2.23167886044
    ));
#4900 = CARTESIAN_POINT('',(-42.21832599334,0.551107401829,
    2.242863737926));
#4901 = CARTESIAN_POINT('',(-42.15841699729,0.481080806189,
    2.253821989002));
#4902 = CARTESIAN_POINT('',(-42.09974697274,0.412502423034,
    2.264553613666));
#4903 = CARTESIAN_POINT('',(-42.04231591969,0.345372252365,2.27505861192
    ));
#4904 = CARTESIAN_POINT('',(-41.98612383813,0.279690294182,
    2.285336983763));
#4905 = CARTESIAN_POINT('',(-41.93117072807,0.215456548484,
    2.295388729195));
#4906 = CARTESIAN_POINT('',(-41.87745658951,0.152671015273,
    2.305213848217));
#4907 = CARTESIAN_POINT('',(-41.82498142245,9.133369454679E-02,
    2.314812340827));
#4908 = CARTESIAN_POINT('',(-41.77374522688,3.144458630666E-02,
    2.324184207027));
#4909 = CARTESIAN_POINT('',(-41.72374800282,-2.69963094477E-02,
    2.333329446816));
#4910 = CARTESIAN_POINT('',(-41.67498975025,-8.39889927163E-02,
    2.342248060194));
#4911 = CARTESIAN_POINT('',(-41.0049680268,-0.867165867504,
    2.464805050889));
#4912 = CARTESIAN_POINT('',(-40.40474710989,-1.615551200607,
    2.586072303481));
#4913 = CARTESIAN_POINT('',(-39.82645567058,-2.383728972257,
    2.71501183464));
#4914 = CARTESIAN_POINT('',(-39.2696561954,-3.170718979508,2.85182279109
    ));
#4915 = CARTESIAN_POINT('',(-38.73377836647,-3.975638245985,
    2.996641653202));
#4916 = CARTESIAN_POINT('',(-38.2181092534,-4.797778258607,
    3.149543907576));
#4917 = CARTESIAN_POINT('',(-37.72181374828,-5.636650330951,
    3.310539988511));
#4918 = CARTESIAN_POINT('',(-37.24397797294,-6.492006926709,
    3.479566302696));
#4919 = CARTESIAN_POINT('',(-36.78366836602,-7.363846770789,
    3.656472149687));
#4920 = CARTESIAN_POINT('',(-36.33999918111,-8.252411582091,
    3.841003352643));
#4921 = CARTESIAN_POINT('',(-35.91220110512,-9.158182255932,
    4.032783412037));
#4922 = CARTESIAN_POINT('',(-35.49968372346,-10.08188232888,
    4.231292996421));
#4923 = CARTESIAN_POINT('',(-34.70448537076,-11.96711078241,
    4.640404170496));
#4924 = CARTESIAN_POINT('',(-34.32182068035,-12.92859981474,
    4.850992544534));
#4925 = CARTESIAN_POINT('',(-33.95368402138,-13.91021145835,
    5.067033774063));
#4926 = CARTESIAN_POINT('',(-33.60037951266,-14.91160232241,
    5.287110347107));
#4927 = CARTESIAN_POINT('',(-33.26101335546,-15.93903541142,
    5.511928510071));
#4928 = CARTESIAN_POINT('',(-32.93914998254,-16.98254709992,
    5.736176568177));
#4929 = CARTESIAN_POINT('',(-32.63142800637,-18.06317987774,
    5.964953080708));
#4930 = CARTESIAN_POINT('',(-32.34606922387,-19.1573106525,
    6.188254912009));
#4931 = CARTESIAN_POINT('',(-32.08044009318,-20.28958639768,
    6.411260300091));
#4932 = CARTESIAN_POINT('',(-31.84229249589,-21.44499887444,
    6.627438611006));
#4933 = CARTESIAN_POINT('',(-31.63490358303,-22.63021188719,
    6.836372423081));
#4934 = CARTESIAN_POINT('',(-31.46431547174,-23.84166481114,
    7.035652096407));
#4935 = CARTESIAN_POINT('',(-31.32807696086,-25.15382320455,
    7.235535405357));
#4936 = CARTESIAN_POINT('',(-31.319957211,-25.23202721496,7.247448354626
    ));
#4937 = CARTESIAN_POINT('',(-31.3117229648,-25.31133397774,
    7.259529288031));
#4938 = CARTESIAN_POINT('',(-31.30337422225,-25.3917434929,
    7.271778205572));
#4939 = CARTESIAN_POINT('',(-31.29491098336,-25.47325576044,
    7.284195107249));
#4940 = CARTESIAN_POINT('',(-31.28633324812,-25.55587078035,
    7.29677999306));
#4941 = CARTESIAN_POINT('',(-31.27764101654,-25.63958855263,
    7.309532863008));
#4942 = CARTESIAN_POINT('',(-31.26883428861,-25.72440907728,
    7.322453717091));
#4943 = CARTESIAN_POINT('',(-31.25991306433,-25.81033235431,
    7.33554255531));
#4944 = CARTESIAN_POINT('',(-31.25087734371,-25.89735838372,
    7.348799377664));
#4945 = CARTESIAN_POINT('',(-31.24172712675,-25.98548716549,
    7.362224184154));
#4946 = CARTESIAN_POINT('',(-31.23246241343,-26.07471869965,
    7.375816974779));
#4947 = CARTESIAN_POINT('',(-31.22308320377,-26.16505298617,
    7.38957774954));
#4948 = CARTESIAN_POINT('',(-41.18608574937,1.633380062363,
    1.649289272728E-14));
#4949 = CARTESIAN_POINT('',(-41.1264681895,1.561083976795,
    1.502115710987E-14));
#4950 = CARTESIAN_POINT('',(-41.06782133486,1.489965030788,
    1.357338459096E-14));
#4951 = CARTESIAN_POINT('',(-41.01012717141,1.420001379372,
    1.21491304712E-14));
#4952 = CARTESIAN_POINT('',(-40.95336825616,1.351171870038,
    1.074796414774E-14));
#4953 = CARTESIAN_POINT('',(-40.89752769956,1.283456021438,
    9.369468680608E-15));
#4954 = CARTESIAN_POINT('',(-40.84258914878,1.216834003078,
    8.013240379271E-15));
#4955 = CARTESIAN_POINT('',(-40.78853677174,1.151286615961,
    6.678888408624E-15));
#4956 = CARTESIAN_POINT('',(-40.7353552419,1.086795274142,
    5.366034413495E-15));
#4957 = CARTESIAN_POINT('',(-40.68302972377,1.023341987156,
    4.074312160974E-15));
#4958 = CARTESIAN_POINT('',(-40.63154585913,0.960909343292,
    2.803367199829E-15));
#4959 = CARTESIAN_POINT('',(-40.58088975387,0.899480493666,
    1.552856536352E-15));
#4960 = CARTESIAN_POINT('',(-40.53104796552,0.839039137076,
    3.224483260058E-16));
#4961 = CARTESIAN_POINT('',(-39.83439216512,-5.770470465468E-03,
    -1.68753899743E-14));
#4962 = CARTESIAN_POINT('',(-39.21622427562,-0.816013905035,
    1.532107773983E-13));
#4963 = CARTESIAN_POINT('',(-38.62846648586,-1.649819988421,
    -6.434852650727E-13));
#4964 = CARTESIAN_POINT('',(-38.0720596713,-2.505709172538,
    1.816324868287E-12));
#4965 = CARTESIAN_POINT('',(-37.547896129,-3.38211765979,
    -3.650857394177E-12));
#4966 = CARTESIAN_POINT('',(-37.05681215859,-4.277422585643,
    5.530687019473E-12));
#4967 = CARTESIAN_POINT('',(-36.59959474688,-5.18994526122,
    -6.387779194483E-12));
#4968 = CARTESIAN_POINT('',(-36.17699689725,-6.117939503569,
    5.668798763736E-12));
#4969 = CARTESIAN_POINT('',(-35.78975573718,-7.059571849688,
    -3.767208767158E-12));
#4970 = CARTESIAN_POINT('',(-35.43860684867,-8.012900371787,
    1.785238623597E-12));
#4971 = CARTESIAN_POINT('',(-35.12428721005,-8.975858952863,
    -4.907185768843E-13));
#4972 = CARTESIAN_POINT('',(-34.84751760145,-9.946254321966,
    -2.84217094304E-14));
#4973 = CARTESIAN_POINT('',(-34.36145411315,-11.93384876419,
    2.51798581985E-13));
#4974 = CARTESIAN_POINT('',(-34.15381581516,-12.95660449734,
    -1.873612376357E-12));
#4975 = CARTESIAN_POINT('',(-33.98738711472,-13.98781976313,
    5.920153256511E-12));
#4976 = CARTESIAN_POINT('',(-33.86309598762,-15.02583580674,
    -1.277600247818E-11));
#4977 = CARTESIAN_POINT('',(-33.78352777379,-16.06634351579,
    2.09507966531E-11));
#4978 = CARTESIAN_POINT('',(-33.74709804392,-17.10905722833,
    -2.712097213475E-11));
#4979 = CARTESIAN_POINT('',(-33.75976327232,-18.1486157426,
    2.827027500985E-11));
#4980 = CARTESIAN_POINT('',(-33.81624639111,-19.18011451627,
    -2.380273755875E-11));
#4981 = CARTESIAN_POINT('',(-33.92236440959,-20.205715356,
    1.599920196327E-11));
#4982 = CARTESIAN_POINT('',(-34.07431141432,-21.21385233951,
    -8.284928298963E-12));
#4983 = CARTESIAN_POINT('',(-34.27224323019,-22.20716608923,
    3.084643651619E-12));
#4984 = CARTESIAN_POINT('',(-34.51420813989,-23.18216960716,
    -6.834532939592E-13));
#4985 = CARTESIAN_POINT('',(-34.8168693572,-24.20080127255,
    4.467815053414E-14));
#4986 = CARTESIAN_POINT('',(-34.83630802214,-24.26622372678,
    9.144298980182E-14));
#4987 = CARTESIAN_POINT('',(-34.85678357555,-24.33513591598,
    1.407023379743E-13));
#4988 = CARTESIAN_POINT('',(-34.87827863793,-24.40747934799,
    1.924143840818E-13));
#4989 = CARTESIAN_POINT('',(-34.90077357154,-24.4831879303,
    2.465318843203E-13));
#4990 = CARTESIAN_POINT('',(-34.92424653807,-24.56218816429,
    3.030023009063E-13));
#4991 = CARTESIAN_POINT('',(-34.94867356844,-24.64439938,
    3.61767969877E-13));
#4992 = CARTESIAN_POINT('',(-34.97402864409,-24.72973400981,
    4.227662967258E-13));
#4993 = CARTESIAN_POINT('',(-35.0002837893,-24.81809789909,
    4.859299784879E-13));
#4994 = CARTESIAN_POINT('',(-35.02740917383,-24.90939065165,
    5.511872506209E-13));
#4995 = CARTESIAN_POINT('',(-35.05537322503,-25.00350600709,
    6.184621567844E-13));
#4996 = CARTESIAN_POINT('',(-35.08414274863,-25.10033224732,
    6.876748394042E-13));
#4997 = CARTESIAN_POINT('',(-35.1136830572,-25.19975262889,
    7.587418487165E-13));
#4998 = CARTESIAN_POINT('',(-39.08810826346,3.311029862926,
    3.640379733592E-13));
#4999 = CARTESIAN_POINT('',(-39.02902221604,3.249746137701,
    3.362400165823E-13));
#5000 = CARTESIAN_POINT('',(-38.96993616862,3.188462412476,
    3.084420598053E-13));
#5001 = CARTESIAN_POINT('',(-38.91085012119,3.127178687252,
    2.806441030284E-13));
#5002 = CARTESIAN_POINT('',(-38.85176407377,3.065894962027,
    2.528461462515E-13));
#5003 = CARTESIAN_POINT('',(-38.79267802634,3.004611236802,
    2.250481894745E-13));
#5004 = CARTESIAN_POINT('',(-38.73359197892,2.943327511577,
    1.972502326976E-13));
#5005 = CARTESIAN_POINT('',(-38.6745059315,2.882043786352,
    1.694522759207E-13));
#5006 = CARTESIAN_POINT('',(-38.61541988407,2.820760061127,
    1.416543191438E-13));
#5007 = CARTESIAN_POINT('',(-38.55633383665,2.759476335902,
    1.138563623668E-13));
#5008 = CARTESIAN_POINT('',(-38.49724778922,2.698192610677,
    8.605840558989E-14));
#5009 = CARTESIAN_POINT('',(-38.4381617418,2.636908885452,
    5.826044881296E-14));
#5010 = CARTESIAN_POINT('',(-38.37907569438,2.575625160227,
    3.046249203603E-14));
#5011 = CARTESIAN_POINT('',(-37.54596259935,1.711524814673,
    -3.614886168179E-13));
#5012 = CARTESIAN_POINT('',(-36.79526867718,0.879672098866,
    1.679101302444E-12));
#5013 = CARTESIAN_POINT('',(-36.06859162187,1.959608527649E-02,
    -4.658939900532E-12));
#5014 = CARTESIAN_POINT('',(-35.36650193469,-0.868021768129,
    9.532374889451E-12));
#5015 = CARTESIAN_POINT('',(-34.68950986366,-1.782572155653,
    -1.520295000996E-11));
#5016 = CARTESIAN_POINT('',(-34.03810017679,-2.723490660799,
    1.940136939999E-11));
#5017 = CARTESIAN_POINT('',(-33.41275410665,-3.690253273396,
    -1.993960552221E-11));
#5018 = CARTESIAN_POINT('',(-32.8139638695,-4.68238554612,
    1.649125280782E-11));
#5019 = CARTESIAN_POINT('',(-32.24224513876,-5.699476245175,
    -1.078781508567E-11));
#5020 = CARTESIAN_POINT('',(-31.69815287846,-6.741186354834,
    5.381028955756E-12));
#5021 = CARTESIAN_POINT('',(-31.18230591779,-7.807244290865,
    -1.849631559025E-12));
#5022 = CARTESIAN_POINT('',(-30.69542566786,-8.897418181617,
    2.864375403533E-13));
#5023 = CARTESIAN_POINT('',(-29.78136306785,-11.12549396444,
    -7.327471962527E-14));
#5024 = CARTESIAN_POINT('',(-29.35416785266,-12.26330036203,
    -2.895461648221E-13));
#5025 = CARTESIAN_POINT('',(-28.95775137265,-13.42571336758,
    1.316280417998E-12));
#5026 = CARTESIAN_POINT('',(-28.59276846582,-14.60715802978,
    -3.084643651609E-12));
#5027 = CARTESIAN_POINT('',(-28.26140683789,-15.82469708645,
    5.173195205567E-12));
#5028 = CARTESIAN_POINT('',(-27.96306518157,-17.03872563871,
    -6.724398815514E-12));
#5029 = CARTESIAN_POINT('',(-27.70203006863,-18.31483539958,
    6.985523270976E-12));
#5030 = CARTESIAN_POINT('',(-27.47803299432,-19.57056483209,
    -5.813127756916E-12));
#5031 = CARTESIAN_POINT('',(-27.29385710507,-20.87930046691,
    3.840483486792E-12));
#5032 = CARTESIAN_POINT('',(-27.15311098825,-22.19423604975,
    -1.953992523338E-12));
#5033 = CARTESIAN_POINT('',(-27.05749539585,-23.53172471233,
    7.180922523278E-13));
#5034 = CARTESIAN_POINT('',(-27.01019107153,-24.88384935439,
    -1.558753126574E-13));
#5035 = CARTESIAN_POINT('',(-27.01378673366,-26.33261545698,
    9.259059351483E-15));
#5036 = CARTESIAN_POINT('',(-27.01399801156,-26.41774366229,
    1.896220791282E-14));
#5037 = CARTESIAN_POINT('',(-27.01420928947,-26.5028718676,
    2.866535647415E-14));
#5038 = CARTESIAN_POINT('',(-27.01442056737,-26.58800007291,
    3.836850503548E-14));
#5039 = CARTESIAN_POINT('',(-27.01463184527,-26.67312827822,
    4.807165359682E-14));
#5040 = CARTESIAN_POINT('',(-27.01484312317,-26.75825648353,
    5.777480215815E-14));
#5041 = CARTESIAN_POINT('',(-27.01505440108,-26.84338468884,
    6.747795071948E-14));
#5042 = CARTESIAN_POINT('',(-27.01526567898,-26.92851289415,
    7.718109928081E-14));
#5043 = CARTESIAN_POINT('',(-27.01547695688,-27.01364109946,
    8.688424784215E-14));
#5044 = CARTESIAN_POINT('',(-27.01568823479,-27.09876930477,
    9.658739640348E-14));
#5045 = CARTESIAN_POINT('',(-27.01589951269,-27.18389751008,
    1.062905449648E-13));
#5046 = CARTESIAN_POINT('',(-27.01611079059,-27.26902571539,
    1.159936935261E-13));
#5047 = CARTESIAN_POINT('',(-27.01632206849,-27.3541539207,
    1.256968420875E-13));
#5048 = DEFINITIONAL_REPRESENTATION('',(#5049),#5053);
#5049 = LINE('',#5050,#5051);
#5050 = CARTESIAN_POINT('',(26.174596211352,0.));
#5051 = VECTOR('',#5052,1.);
#5052 = DIRECTION('',(0.,1.));
#5053 = ( GEOMETRIC_REPRESENTATION_CONTEXT(2) 
PARAMETRIC_REPRESENTATION_CONTEXT() REPRESENTATION_CONTEXT('2D SPACE',''
  ) );
#5054 = ORIENTED_EDGE('',*,*,#5055,.T.);
#5055 = EDGE_CURVE('',#4812,#5056,#5058,.T.);
#5056 = VERTEX_POINT('',#5057);
#5057 = CARTESIAN_POINT('',(-13.95960516538,-30.85843673555,
    -1.110223024625E-15));
#5058 = SURFACE_CURVE('',#5059,(#5110,#5140),.PCURVE_S1.);
#5059 = B_SPLINE_CURVE_WITH_KNOTS('',13,(#5060,#5061,#5062,#5063,#5064,
    #5065,#5066,#5067,#5068,#5069,#5070,#5071,#5072,#5073,#5074,#5075,
    #5076,#5077,#5078,#5079,#5080,#5081,#5082,#5083,#5084,#5085,#5086,
    #5087,#5088,#5089,#5090,#5091,#5092,#5093,#5094,#5095,#5096,#5097,
    #5098,#5099,#5100,#5101,#5102,#5103,#5104,#5105,#5106,#5107,#5108,
    #5109),.UNSPECIFIED.,.F.,.F.,(14,12,12,12,14),(-1.908874923304,
    -0.909844309418,12.177453796258,25.264751901935,26.081756329805),
  .UNSPECIFIED.);
#5060 = CARTESIAN_POINT('',(-35.5068096735,-16.67661815774,
    -1.409898817709E-14));
#5061 = CARTESIAN_POINT('',(-35.42499779281,-16.70014839692,
    -1.298028991656E-14));
#5062 = CARTESIAN_POINT('',(-35.34318591211,-16.72367863609,
    -1.186159165602E-14));
#5063 = CARTESIAN_POINT('',(-35.26137403142,-16.74720887526,
    -1.074289339549E-14));
#5064 = CARTESIAN_POINT('',(-35.17956215073,-16.77073911443,
    -9.624195134957E-15));
#5065 = CARTESIAN_POINT('',(-35.09775027004,-16.7942693536,
    -8.505496874423E-15));
#5066 = CARTESIAN_POINT('',(-35.01593838935,-16.81779959277,
    -7.386798613889E-15));
#5067 = CARTESIAN_POINT('',(-34.93412650866,-16.84132983194,
    -6.268100353355E-15));
#5068 = CARTESIAN_POINT('',(-34.85231462797,-16.86486007112,
    -5.149402092821E-15));
#5069 = CARTESIAN_POINT('',(-34.77050274728,-16.88839031029,
    -4.030703832287E-15));
#5070 = CARTESIAN_POINT('',(-34.68869086659,-16.91192054946,
    -2.912005571753E-15));
#5071 = CARTESIAN_POINT('',(-34.6068789859,-16.93545078863,
    -1.793307311218E-15));
#5072 = CARTESIAN_POINT('',(-34.52506710521,-16.9589810278,
    -6.746090506842E-16));
#5073 = CARTESIAN_POINT('',(-33.37151982792,-17.29075733097,
    1.50990331349E-14));
#5074 = CARTESIAN_POINT('',(-32.30547346291,-17.63581595395,
    -7.149836278581E-14));
#5075 = CARTESIAN_POINT('',(-31.24611466599,-18.01732510333,
    2.11386463889E-13));
#5076 = CARTESIAN_POINT('',(-30.19427823421,-18.43497986946,
    -4.916067553024E-13));
#5077 = CARTESIAN_POINT('',(-29.15071070916,-18.88850770288,
    9.650058530089E-13));
#5078 = CARTESIAN_POINT('',(-28.11611411899,-19.3776621874,
    -1.568523089181E-12));
#5079 = CARTESIAN_POINT('',(-27.09116723033,-19.90223013469,
    2.066347093445E-12));
#5080 = CARTESIAN_POINT('',(-26.07653353659,-20.46204676784,
    -2.144506794355E-12));
#5081 = CARTESIAN_POINT('',(-25.07286524276,-21.05701378607,
    1.741273791828E-12));
#5082 = CARTESIAN_POINT('',(-24.08081246831,-21.68711507411,
    -1.078692690724E-12));
#5083 = CARTESIAN_POINT('',(-23.10104692797,-22.35242484835,
    4.818367926876E-13));
#5084 = CARTESIAN_POINT('',(-22.13430931753,-23.0531030073,
    -1.447730824111E-13));
#5085 = CARTESIAN_POINT('',(-20.22866999387,-24.52564193678,
    1.953992523341E-13));
#5086 = CARTESIAN_POINT('',(-19.28980488634,-25.29741357408,
    -1.020072915025E-12));
#5087 = CARTESIAN_POINT('',(-18.36529164139,-26.1058845266,
    2.873701276945E-12));
#5088 = CARTESIAN_POINT('',(-17.45848484106,-26.94655416374,
    -5.711431327863E-12));
#5089 = CARTESIAN_POINT('',(-16.56274772501,-27.83529310313,
    8.706368959149E-12));
#5090 = CARTESIAN_POINT('',(-15.69736199568,-28.73750184184,
    -1.056621456991E-11));
#5091 = CARTESIAN_POINT('',(-14.8332440759,-29.71212775669,
    1.036237762268E-11));
#5092 = CARTESIAN_POINT('',(-14.01139220317,-30.687622808,
    -8.22630852324E-12));
#5093 = CARTESIAN_POINT('',(-13.19752338674,-31.72893317019,
    5.229594535202E-12));
#5094 = CARTESIAN_POINT('',(-12.41816588274,-32.79732773078,
    -2.595257342362E-12));
#5095 = CARTESIAN_POINT('',(-11.66661601942,-33.90781909366,
    9.476863738202E-13));
#5096 = CARTESIAN_POINT('',(-10.94958695182,-35.05514122061,
    -2.104982854689E-13));
#5097 = CARTESIAN_POINT('',(-10.22831783527,-36.31160730066,
    1.172539800585E-14));
#5098 = CARTESIAN_POINT('',(-10.18593670465,-36.38543612799,
    2.478306364126E-14));
#5099 = CARTESIAN_POINT('',(-10.14355557402,-36.45926495532,
    3.784072927666E-14));
#5100 = CARTESIAN_POINT('',(-10.1011744434,-36.53309378265,
    5.089839491206E-14));
#5101 = CARTESIAN_POINT('',(-10.05879331278,-36.60692260998,
    6.395606054747E-14));
#5102 = CARTESIAN_POINT('',(-10.01641218215,-36.68075143731,
    7.701372618287E-14));
#5103 = CARTESIAN_POINT('',(-9.974031051533,-36.75458026463,
    9.007139181827E-14));
#5104 = CARTESIAN_POINT('',(-9.931649920909,-36.82840909196,
    1.031290574537E-13));
#5105 = CARTESIAN_POINT('',(-9.889268790285,-36.90223791929,
    1.161867230891E-13));
#5106 = CARTESIAN_POINT('',(-9.846887659661,-36.97606674662,
    1.292443887245E-13));
#5107 = CARTESIAN_POINT('',(-9.804506529038,-37.04989557395,
    1.423020543599E-13));
#5108 = CARTESIAN_POINT('',(-9.762125398414,-37.12372440128,
    1.553597199953E-13));
#5109 = CARTESIAN_POINT('',(-9.71974426779,-37.1975532286,
    1.684173856307E-13));
#5110 = PCURVE('',#2016,#5111);
#5111 = DEFINITIONAL_REPRESENTATION('',(#5112),#5139);
#5112 = B_SPLINE_CURVE_WITH_KNOTS('',13,(#5113,#5114,#5115,#5116,#5117,
    #5118,#5119,#5120,#5121,#5122,#5123,#5124,#5125,#5126,#5127,#5128,
    #5129,#5130,#5131,#5132,#5133,#5134,#5135,#5136,#5137,#5138),
  .UNSPECIFIED.,.F.,.F.,(14,12,14),(-0.909844309418,12.177453796258,
    25.264751901935),.UNSPECIFIED.);
#5113 = CARTESIAN_POINT('',(-16.98251126697,34.443255224521));
#5114 = CARTESIAN_POINT('',(-17.29075733096,33.371519827929));
#5115 = CARTESIAN_POINT('',(-17.63581595395,32.305473462911));
#5116 = CARTESIAN_POINT('',(-18.01732510331,31.246114666009));
#5117 = CARTESIAN_POINT('',(-18.43497986951,30.194278234184));
#5118 = CARTESIAN_POINT('',(-18.88850770281,29.150710709223));
#5119 = CARTESIAN_POINT('',(-19.3776621875,28.116114118924));
#5120 = CARTESIAN_POINT('',(-19.9022301346,27.091167230405));
#5121 = CARTESIAN_POINT('',(-20.46204676791,26.07653353653));
#5122 = CARTESIAN_POINT('',(-21.05701378602,25.0728652428));
#5123 = CARTESIAN_POINT('',(-21.68711507413,24.080812468291));
#5124 = CARTESIAN_POINT('',(-22.35242484834,23.101046927984));
#5125 = CARTESIAN_POINT('',(-23.0531030073,22.134309317538));
#5126 = CARTESIAN_POINT('',(-24.52564193678,20.228669993871));
#5127 = CARTESIAN_POINT('',(-25.29741357409,19.289804886344));
#5128 = CARTESIAN_POINT('',(-26.10588452659,18.365291641392));
#5129 = CARTESIAN_POINT('',(-26.94655416375,17.458484841072));
#5130 = CARTESIAN_POINT('',(-27.83529310313,16.562747724997));
#5131 = CARTESIAN_POINT('',(-28.73750184183,15.697361995698));
#5132 = CARTESIAN_POINT('',(-29.71212775671,14.833244075893));
#5133 = CARTESIAN_POINT('',(-30.68762280798,14.011392203187));
#5134 = CARTESIAN_POINT('',(-31.72893317021,13.197523386744));
#5135 = CARTESIAN_POINT('',(-32.79732773077,12.418165882744));
#5136 = CARTESIAN_POINT('',(-33.90781909367,11.66661601942));
#5137 = CARTESIAN_POINT('',(-35.05514122061,10.949586951825));
#5138 = CARTESIAN_POINT('',(-36.23777847334,10.270698965899));
#5139 = ( GEOMETRIC_REPRESENTATION_CONTEXT(2) 
PARAMETRIC_REPRESENTATION_CONTEXT() REPRESENTATION_CONTEXT('2D SPACE',''
  ) );
#5140 = PCURVE('',#5141,#5292);
#5141 = ( BOUNDED_SURFACE() B_SPLINE_SURFACE(2,13,(
    (#5142,#5143,#5144,#5145,#5146,#5147,#5148,#5149,#5150,#5151,#5152
      ,#5153,#5154,#5155,#5156,#5157,#5158,#5159,#5160,#5161,#5162,#5163
      ,#5164,#5165,#5166,#5167,#5168,#5169,#5170,#5171,#5172,#5173,#5174
      ,#5175,#5176,#5177,#5178,#5179,#5180,#5181,#5182,#5183,#5184,#5185
      ,#5186,#5187,#5188,#5189,#5190,#5191)
    ,(#5192,#5193,#5194,#5195,#5196,#5197,#5198,#5199,#5200,#5201,#5202
      ,#5203,#5204,#5205,#5206,#5207,#5208,#5209,#5210,#5211,#5212,#5213
      ,#5214,#5215,#5216,#5217,#5218,#5219,#5220,#5221,#5222,#5223,#5224
      ,#5225,#5226,#5227,#5228,#5229,#5230,#5231,#5232,#5233,#5234,#5235
      ,#5236,#5237,#5238,#5239,#5240,#5241)
    ,(#5242,#5243,#5244,#5245,#5246,#5247,#5248,#5249,#5250,#5251,#5252
      ,#5253,#5254,#5255,#5256,#5257,#5258,#5259,#5260,#5261,#5262,#5263
      ,#5264,#5265,#5266,#5267,#5268,#5269,#5270,#5271,#5272,#5273,#5274
      ,#5275,#5276,#5277,#5278,#5279,#5280,#5281,#5282,#5283,#5284,#5285
      ,#5286,#5287,#5288,#5289,#5290,#5291
)),.UNSPECIFIED.,.F.,.F.,.F.) B_SPLINE_SURFACE_WITH_KNOTS((3,3),(14,12,
    12,12,14),(0.,26.174596211353),(-1.908874923304,-0.909844309418,
    12.177453796258,25.264751901935,26.081756329805),.UNSPECIFIED.) 
GEOMETRIC_REPRESENTATION_ITEM() RATIONAL_B_SPLINE_SURFACE((
    (1.,1.,1.,1.,1.,1.,1.,1.,1.,1.,1.,1.,1.,1.,1.,1.,1.,1.,1.,1.,1.,1.
      ,1.,1.,1.,1.,1.,1.,1.,1.,1.,1.,1.,1.,1.,1.,1.,1.,1.,1.,1.,1.,1.,1.
      ,1.,1.,1.,1.,1.,1.)
    ,(0.874589043656,0.875085962011,0.87550006064,0.875831339542
      ,0.87607979872,0.876245438171,0.876328257897,0.876328257897
      ,0.876245438171,0.87607979872,0.875831339542,0.87550006064
      ,0.875085962011,0.868079414674,0.861094084584,0.853605149568
      ,0.845586424403,0.837012985145,0.827860909269,0.818107256915
      ,0.807730336354,0.796710297525,0.78503009664,0.772676875697
      ,0.759643800025,0.732220994994,0.717832363836,0.702759255872
      ,0.68705954084,0.670608415354,0.653780274353,0.636086655076
      ,0.618285962692,0.599915281658,0.581472751907,0.563006344079
      ,0.544750892277,0.525782941587,0.524854158352,0.524111131764
      ,0.523553861823,0.523182348529,0.522996591882,0.522996591882
      ,0.523182348529,0.523553861823,0.524111131764,0.524854158352
      ,0.525782941587,0.526897481468)
    ,(1.,1.,1.,1.,1.,1.,1.,1.,1.,1.,1.,1.,1.,1.,1.,1.,1.,1.,1.,1.,1.,1.
      ,1.,1.,1.,1.,1.,1.,1.,1.,1.,1.,1.,1.,1.,1.,1.,1.,1.,1.,1.,1.,1.,1.
,1.,1.,1.,1.,1.,1.))) REPRESENTATION_ITEM('') SURFACE() );
#5142 = CARTESIAN_POINT('',(-37.01687979813,-20.56860525183,
    2.220267356543));
#5143 = CARTESIAN_POINT('',(-36.92638961375,-20.60056497068,
    2.23167886044));
#5144 = CARTESIAN_POINT('',(-36.8376965164,-20.63188998647,
    2.242863737926));
#5145 = CARTESIAN_POINT('',(-36.75080050608,-20.66258029921,
    2.253821989002));
#5146 = CARTESIAN_POINT('',(-36.6657015828,-20.6926359089,2.264553613666
    ));
#5147 = CARTESIAN_POINT('',(-36.58239974656,-20.72205681553,
    2.27505861192));
#5148 = CARTESIAN_POINT('',(-36.50089499735,-20.75084301911,
    2.285336983763));
#5149 = CARTESIAN_POINT('',(-36.42118733517,-20.77899451963,
    2.295388729195));
#5150 = CARTESIAN_POINT('',(-36.34327676003,-20.8065113171,
    2.305213848216));
#5151 = CARTESIAN_POINT('',(-36.26716327192,-20.83339341152,
    2.314812340827));
#5152 = CARTESIAN_POINT('',(-36.19284687085,-20.85964080289,
    2.324184207027));
#5153 = CARTESIAN_POINT('',(-36.12032755681,-20.88525349119,
    2.333329446816));
#5154 = CARTESIAN_POINT('',(-36.04960532981,-20.91023147645,
    2.342248060194));
#5155 = CARTESIAN_POINT('',(-35.07776105883,-21.25347168396,
    2.464805050889));
#5156 = CARTESIAN_POINT('',(-34.18376183032,-21.60148193576,
    2.586072303477));
#5157 = CARTESIAN_POINT('',(-33.29885786737,-21.97759768107,
    2.715011834649));
#5158 = CARTESIAN_POINT('',(-32.4231603732,-22.38075128209,
    2.851822791074));
#5159 = CARTESIAN_POINT('',(-31.55661692713,-22.8098929007,
    2.996641653225));
#5160 = CARTESIAN_POINT('',(-30.6989643685,-23.26405248015,
    3.149543907548));
#5161 = CARTESIAN_POINT('',(-29.8497238176,-23.74238925321,
    3.310539988538));
#5162 = CARTESIAN_POINT('',(-29.00822759901,-24.24423190637,
    3.479566302674));
#5163 = CARTESIAN_POINT('',(-28.17366786408,-24.76911255619,
    3.656472149701));
#5164 = CARTESIAN_POINT('',(-27.34515667325,-25.31679766308,
    3.841003352636));
#5165 = CARTESIAN_POINT('',(-26.5217873349,-25.8873190387,4.032783412039
    ));
#5166 = CARTESIAN_POINT('',(-25.70268676638,-26.48100807651,
    4.23129299642));
#5167 = CARTESIAN_POINT('',(-24.07141056514,-27.71606463285,
    4.640404170496));
#5168 = CARTESIAN_POINT('',(-23.25926870594,-28.3574062151,
    4.850992544534));
#5169 = CARTESIAN_POINT('',(-22.44964718541,-29.02343850565,
    5.067033774064));
#5170 = CARTESIAN_POINT('',(-21.64298107356,-29.71401617865,
    5.287110347103));
#5171 = CARTESIAN_POINT('',(-20.8353648157,-30.43411625587,
    5.511928510079));
#5172 = CARTESIAN_POINT('',(-20.03486711404,-31.17689220072,
    5.736176568163));
#5173 = CARTESIAN_POINT('',(-19.22805567633,-31.95888665049,
    5.964953080724));
#5174 = CARTESIAN_POINT('',(-18.43386233424,-32.76375230516,
    6.188254911998));
#5175 = CARTESIAN_POINT('',(-17.63768288641,-33.61151729926,
    6.411260300094));
#5176 = CARTESIAN_POINT('',(-16.85373477896,-34.49306005734,
    6.627438611007));
#5177 = CARTESIAN_POINT('',(-16.08152420558,-35.41579017884,
    6.836372423081));
#5178 = CARTESIAN_POINT('',(-15.32806410564,-36.37964513083,
    7.035652096407));
#5179 = CARTESIAN_POINT('',(-14.55399889754,-37.44788837787,
    7.235535405357));
#5180 = CARTESIAN_POINT('',(-14.50786498269,-37.51155516264,
    7.247448354626));
#5181 = CARTESIAN_POINT('',(-14.4610805349,-37.5761197108,7.259529288031
    ));
#5182 = CARTESIAN_POINT('',(-14.41364555419,-37.64158202236,
    7.271778205572));
#5183 = CARTESIAN_POINT('',(-14.36556004054,-37.70794209732,
    7.284195107248));
#5184 = CARTESIAN_POINT('',(-14.31682399397,-37.77519993568,
    7.29677999306));
#5185 = CARTESIAN_POINT('',(-14.26743741446,-37.84335553743,
    7.309532863008));
#5186 = CARTESIAN_POINT('',(-14.21740030202,-37.91240890258,
    7.322453717091));
#5187 = CARTESIAN_POINT('',(-14.16671265665,-37.98236003112,
    7.33554255531));
#5188 = CARTESIAN_POINT('',(-14.11537447835,-38.05320892307,
    7.348799377664));
#5189 = CARTESIAN_POINT('',(-14.06338576711,-38.12495557841,
    7.362224184154));
#5190 = CARTESIAN_POINT('',(-14.01074652295,-38.19759999714,
    7.375816974779));
#5191 = CARTESIAN_POINT('',(-13.95745674585,-38.27114217928,
    7.38957774954));
#5192 = CARTESIAN_POINT('',(-36.48488657258,-19.17849424664,
    -6.199061270163E-15));
#5193 = CARTESIAN_POINT('',(-36.39710820843,-19.2112957134,
    -5.749364275954E-15));
#5194 = CARTESIAN_POINT('',(-36.31075906946,-19.24356310001,
    -5.306989339621E-15));
#5195 = CARTESIAN_POINT('',(-36.22581263256,-19.27530631776,
    -4.871800580805E-15));
#5196 = CARTESIAN_POINT('',(-36.14224321539,-19.30653496375,
    -4.443666426416E-15));
#5197 = CARTESIAN_POINT('',(-36.06002595052,-19.33725833057,
    -4.022459478125E-15));
#5198 = CARTESIAN_POINT('',(-35.97913676071,-19.36748541553,
    -3.60805638605E-15));
#5199 = CARTESIAN_POINT('',(-35.8995523355,-19.39722492941,
    -3.200337728353E-15));
#5200 = CARTESIAN_POINT('',(-35.82125010874,-19.42648530483,
    -2.799187896508E-15));
#5201 = CARTESIAN_POINT('',(-35.74420823728,-19.45527470425,
    -2.404494986016E-15));
#5202 = CARTESIAN_POINT('',(-35.66840558068,-19.48360102754,
    -2.016150692333E-15));
#5203 = CARTESIAN_POINT('',(-35.59382168186,-19.51147191921,
    -1.634050211827E-15));
#5204 = CARTESIAN_POINT('',(-35.52043674868,-19.53889477528,
    -1.258092147554E-15));
#5205 = CARTESIAN_POINT('',(-34.49471032407,-19.92219345657,
    3.996802888651E-15));
#5206 = CARTESIAN_POINT('',(-33.55423951068,-20.31480090941,
    3.508304757815E-14));
#5207 = CARTESIAN_POINT('',(-32.62832329177,-20.74301926457,
    -2.935429677109E-13));
#5208 = CARTESIAN_POINT('',(-31.71851626349,-21.20603763356,
    1.089350831762E-12));
#5209 = CARTESIAN_POINT('',(-30.82637307647,-21.70294787646,
    -2.585931468957E-12));
#5210 = CARTESIAN_POINT('',(-29.95342941979,-22.23276270118,
    4.349853810481E-12));
#5211 = CARTESIAN_POINT('',(-29.1012061884,-22.7944218139,
    -5.467182262464E-12));
#5212 = CARTESIAN_POINT('',(-28.27122859387,-23.38678947754,
    5.248246282008E-12));
#5213 = CARTESIAN_POINT('',(-27.4650517388,-24.00864643026,
    -3.869349285424E-12));
#5214 = CARTESIAN_POINT('',(-26.68428361978,-24.6586787043,
    2.130740028861E-12));
#5215 = CARTESIAN_POINT('',(-25.93059553729,-25.33546547899,
    -7.833733661755E-13));
#5216 = CARTESIAN_POINT('',(-25.2057083407,-26.03746771605,
    1.194599974497E-13));
#5217 = CARTESIAN_POINT('',(-23.79096779086,-27.51574325128,
    -1.33226762955E-14));
#5218 = CARTESIAN_POINT('',(-23.09976988343,-28.29765654906,
    -3.49498208152E-13));
#5219 = CARTESIAN_POINT('',(-22.44003076804,-29.10750081579,
    1.485478406948E-12));
#5220 = CARTESIAN_POINT('',(-21.81338347269,-29.94430351554,
    -3.898659173274E-12));
#5221 = CARTESIAN_POINT('',(-21.22422152367,-30.8056255175,
    7.486899988862E-12));
#5222 = CARTESIAN_POINT('',(-20.67131559586,-31.6904272165,
    -1.116706727089E-11));
#5223 = CARTESIAN_POINT('',(-20.16250474828,-32.59704391278,
    1.319344633544E-11));
#5224 = CARTESIAN_POINT('',(-19.6956711772,-33.51858961414,
    -1.232081103808E-11));
#5225 = CARTESIAN_POINT('',(-19.27477165714,-34.45984500473,
    8.993694677883E-12));
#5226 = CARTESIAN_POINT('',(-18.9022931315,-35.40889074532,
    -5.040412531798E-12));
#5227 = CARTESIAN_POINT('',(-18.57705023741,-36.36809159442,
    2.035260848743E-12));
#5228 = CARTESIAN_POINT('',(-18.29909623706,-37.33345186459,
    -4.929390229336E-13));
#5229 = CARTESIAN_POINT('',(-18.0518927073,-38.36694337257,
    2.71548659903E-14));
#5230 = CARTESIAN_POINT('',(-18.03601585783,-38.43332021238,
    6.055832261009E-14));
#5231 = CARTESIAN_POINT('',(-18.01929211264,-38.50323769556,
    9.574357130476E-14));
#5232 = CARTESIAN_POINT('',(-18.00173566672,-38.57663647667,
    1.326807470959E-13));
#5233 = CARTESIAN_POINT('',(-17.98336255953,-38.65344949904,
    1.71336104409E-13));
#5234 = CARTESIAN_POINT('',(-17.96419062785,-38.73360219184,
    2.116721162563E-13));
#5235 = CARTESIAN_POINT('',(-17.94423944883,-38.81701270831,
    2.536475940925E-13));
#5236 = CARTESIAN_POINT('',(-17.92353027356,-38.90359220337,
    2.972178275559E-13));
#5237 = CARTESIAN_POINT('',(-17.90208595165,-38.99324514887,
    3.423347431003E-13));
#5238 = CARTESIAN_POINT('',(-17.87993084747,-39.08586968404,
    3.889470803382E-13));
#5239 = CARTESIAN_POINT('',(-17.85709074848,-39.18135799833,
    4.370005847407E-13));
#5240 = CARTESIAN_POINT('',(-17.83359276665,-39.27959674392,
    4.864382151834E-13));
#5241 = CARTESIAN_POINT('',(-17.80946523352,-39.38046747431,
    5.372003646923E-13));
#5242 = CARTESIAN_POINT('',(-35.5068096735,-16.67661815774,
    -1.409898817709E-14));
#5243 = CARTESIAN_POINT('',(-35.42499779281,-16.70014839692,
    -1.298028991656E-14));
#5244 = CARTESIAN_POINT('',(-35.34318591211,-16.72367863609,
    -1.186159165602E-14));
#5245 = CARTESIAN_POINT('',(-35.26137403142,-16.74720887526,
    -1.074289339549E-14));
#5246 = CARTESIAN_POINT('',(-35.17956215073,-16.77073911443,
    -9.624195134957E-15));
#5247 = CARTESIAN_POINT('',(-35.09775027004,-16.7942693536,
    -8.505496874423E-15));
#5248 = CARTESIAN_POINT('',(-35.01593838935,-16.81779959277,
    -7.386798613889E-15));
#5249 = CARTESIAN_POINT('',(-34.93412650866,-16.84132983194,
    -6.268100353355E-15));
#5250 = CARTESIAN_POINT('',(-34.85231462797,-16.86486007112,
    -5.149402092821E-15));
#5251 = CARTESIAN_POINT('',(-34.77050274728,-16.88839031029,
    -4.030703832287E-15));
#5252 = CARTESIAN_POINT('',(-34.68869086659,-16.91192054946,
    -2.912005571753E-15));
#5253 = CARTESIAN_POINT('',(-34.6068789859,-16.93545078863,
    -1.793307311218E-15));
#5254 = CARTESIAN_POINT('',(-34.52506710521,-16.9589810278,
    -6.746090506842E-16));
#5255 = CARTESIAN_POINT('',(-33.37151982792,-17.29075733097,
    1.50990331349E-14));
#5256 = CARTESIAN_POINT('',(-32.30547346291,-17.63581595395,
    -7.149836278581E-14));
#5257 = CARTESIAN_POINT('',(-31.24611466599,-18.01732510333,
    2.11386463889E-13));
#5258 = CARTESIAN_POINT('',(-30.19427823421,-18.43497986946,
    -4.916067553024E-13));
#5259 = CARTESIAN_POINT('',(-29.15071070916,-18.88850770288,
    9.650058530089E-13));
#5260 = CARTESIAN_POINT('',(-28.11611411899,-19.3776621874,
    -1.568523089181E-12));
#5261 = CARTESIAN_POINT('',(-27.09116723033,-19.90223013469,
    2.066347093445E-12));
#5262 = CARTESIAN_POINT('',(-26.07653353659,-20.46204676784,
    -2.144506794355E-12));
#5263 = CARTESIAN_POINT('',(-25.07286524276,-21.05701378607,
    1.741273791828E-12));
#5264 = CARTESIAN_POINT('',(-24.08081246831,-21.68711507411,
    -1.078692690724E-12));
#5265 = CARTESIAN_POINT('',(-23.10104692797,-22.35242484835,
    4.818367926876E-13));
#5266 = CARTESIAN_POINT('',(-22.13430931753,-23.0531030073,
    -1.447730824111E-13));
#5267 = CARTESIAN_POINT('',(-20.22866999387,-24.52564193678,
    1.953992523341E-13));
#5268 = CARTESIAN_POINT('',(-19.28980488634,-25.29741357408,
    -1.020072915025E-12));
#5269 = CARTESIAN_POINT('',(-18.36529164139,-26.1058845266,
    2.873701276945E-12));
#5270 = CARTESIAN_POINT('',(-17.45848484106,-26.94655416374,
    -5.711431327863E-12));
#5271 = CARTESIAN_POINT('',(-16.56274772501,-27.83529310313,
    8.706368959149E-12));
#5272 = CARTESIAN_POINT('',(-15.69736199568,-28.73750184184,
    -1.056621456991E-11));
#5273 = CARTESIAN_POINT('',(-14.8332440759,-29.71212775669,
    1.036237762268E-11));
#5274 = CARTESIAN_POINT('',(-14.01139220317,-30.687622808,
    -8.22630852324E-12));
#5275 = CARTESIAN_POINT('',(-13.19752338674,-31.72893317019,
    5.229594535202E-12));
#5276 = CARTESIAN_POINT('',(-12.41816588274,-32.79732773078,
    -2.595257342362E-12));
#5277 = CARTESIAN_POINT('',(-11.66661601942,-33.90781909366,
    9.476863738202E-13));
#5278 = CARTESIAN_POINT('',(-10.94958695182,-35.05514122061,
    -2.104982854689E-13));
#5279 = CARTESIAN_POINT('',(-10.22831783527,-36.31160730066,
    1.172539800585E-14));
#5280 = CARTESIAN_POINT('',(-10.18593670465,-36.38543612799,
    2.478306364126E-14));
#5281 = CARTESIAN_POINT('',(-10.14355557402,-36.45926495532,
    3.784072927666E-14));
#5282 = CARTESIAN_POINT('',(-10.1011744434,-36.53309378265,
    5.089839491206E-14));
#5283 = CARTESIAN_POINT('',(-10.05879331278,-36.60692260998,
    6.395606054747E-14));
#5284 = CARTESIAN_POINT('',(-10.01641218215,-36.68075143731,
    7.701372618287E-14));
#5285 = CARTESIAN_POINT('',(-9.974031051533,-36.75458026463,
    9.007139181827E-14));
#5286 = CARTESIAN_POINT('',(-9.931649920909,-36.82840909196,
    1.031290574537E-13));
#5287 = CARTESIAN_POINT('',(-9.889268790285,-36.90223791929,
    1.161867230891E-13));
#5288 = CARTESIAN_POINT('',(-9.846887659661,-36.97606674662,
    1.292443887245E-13));
#5289 = CARTESIAN_POINT('',(-9.804506529038,-37.04989557395,
    1.423020543599E-13));
#5290 = CARTESIAN_POINT('',(-9.762125398414,-37.12372440128,
    1.553597199953E-13));
#5291 = CARTESIAN_POINT('',(-9.71974426779,-37.1975532286,
    1.684173856307E-13));
#5292 = DEFINITIONAL_REPRESENTATION('',(#5293),#5297);
#5293 = LINE('',#5294,#5295);
#5294 = CARTESIAN_POINT('',(26.174596211353,0.));
#5295 = VECTOR('',#5296,1.);
#5296 = DIRECTION('',(0.,1.));
#5297 = ( GEOMETRIC_REPRESENTATION_CONTEXT(2) 
PARAMETRIC_REPRESENTATION_CONTEXT() REPRESENTATION_CONTEXT('2D SPACE',''
  ) );
#5298 = ORIENTED_EDGE('',*,*,#5299,.T.);
#5299 = EDGE_CURVE('',#5056,#5300,#5302,.T.);
#5300 = VERTEX_POINT('',#5301);
#5301 = CARTESIAN_POINT('',(3.339845667758,-33.70399271675,
    1.110223024625E-16));
#5302 = SURFACE_CURVE('',#5303,(#5354,#5384),.PCURVE_S1.);
#5303 = B_SPLINE_CURVE_WITH_KNOTS('',13,(#5304,#5305,#5306,#5307,#5308,
    #5309,#5310,#5311,#5312,#5313,#5314,#5315,#5316,#5317,#5318,#5319,
    #5320,#5321,#5322,#5323,#5324,#5325,#5326,#5327,#5328,#5329,#5330,
    #5331,#5332,#5333,#5334,#5335,#5336,#5337,#5338,#5339,#5340,#5341,
    #5342,#5343,#5344,#5345,#5346,#5347,#5348,#5349,#5350,#5351,#5352,
    #5353),.UNSPECIFIED.,.F.,.F.,(14,12,12,12,14),(-1.908874923304,
    -0.909844309418,12.177453796259,25.264751901935,26.081756329809),
  .UNSPECIFIED.);
#5304 = CARTESIAN_POINT('',(-22.41149010571,-32.19577981057,
    -2.821153593457E-14));
#5305 = CARTESIAN_POINT('',(-22.32887381912,-32.17525165511,
    -2.610973920265E-14));
#5306 = CARTESIAN_POINT('',(-22.24625753252,-32.15472349964,
    -2.400794247074E-14));
#5307 = CARTESIAN_POINT('',(-22.16364124593,-32.13419534417,
    -2.190614573883E-14));
#5308 = CARTESIAN_POINT('',(-22.08102495933,-32.11366718871,
    -1.980434900692E-14));
#5309 = CARTESIAN_POINT('',(-21.99840867273,-32.09313903324,
    -1.7702552275E-14));
#5310 = CARTESIAN_POINT('',(-21.91579238614,-32.07261087778,
    -1.560075554309E-14));
#5311 = CARTESIAN_POINT('',(-21.83317609954,-32.05208272231,
    -1.349895881118E-14));
#5312 = CARTESIAN_POINT('',(-21.75055981295,-32.03155456684,
    -1.139716207926E-14));
#5313 = CARTESIAN_POINT('',(-21.66794352635,-32.01102641138,
    -9.295365347352E-15));
#5314 = CARTESIAN_POINT('',(-21.58532723976,-31.99049825591,
    -7.193568615439E-15));
#5315 = CARTESIAN_POINT('',(-21.50271095316,-31.96997010045,
    -5.091771883526E-15));
#5316 = CARTESIAN_POINT('',(-21.42009466657,-31.94944194498,
    -2.989975151613E-15));
#5317 = CARTESIAN_POINT('',(-20.25520526839,-31.65999501325,
    2.664535259101E-14));
#5318 = CARTESIAN_POINT('',(-19.15945272319,-31.42580136405,
    -1.074695887837E-13));
#5319 = CARTESIAN_POINT('',(-18.05126651864,-31.2265185807,
    2.717825964286E-13));
#5320 = CARTESIAN_POINT('',(-16.93152206503,-31.06230000236,
    -5.457856389043E-13));
#5321 = CARTESIAN_POINT('',(-15.80100216106,-30.93328286478,
    8.157918784976E-13));
#5322 = CARTESIAN_POINT('',(-14.66043798904,-30.83960477984,
    -9.09494701769E-13));
#5323 = CARTESIAN_POINT('',(-13.51052397229,-30.78142050367,
    7.398526236132E-13));
#5324 = CARTESIAN_POINT('',(-12.3519171014,-30.75891908276,
    -4.272138198744E-13));
#5325 = CARTESIAN_POINT('',(-11.18523135285,-30.77234148789,
    1.603162047562E-13));
#5326 = CARTESIAN_POINT('',(-10.01103780426,-30.82199882317,
    -2.398081733188E-14));
#5327 = CARTESIAN_POINT('',(-8.829881069468,-30.90829121882,
    -1.776356839401E-14));
#5328 = CARTESIAN_POINT('',(-7.642322660558,-31.03172749916,
    1.50990331349E-14));
#5329 = CARTESIAN_POINT('',(-5.25572113107,-31.3541639583,
    -2.353672812205E-14));
#5330 = CARTESIAN_POINT('',(-4.056754278572,-31.55310524844,
    1.376676550537E-13));
#5331 = CARTESIAN_POINT('',(-2.851866846065,-31.79100500879,
    -3.792521852103E-13));
#5332 = CARTESIAN_POINT('',(-1.646214302054,-32.06564287118,
    7.771561172444E-13));
#5333 = CARTESIAN_POINT('',(-0.426113734802,-32.38744481103,
    -1.348698930297E-12));
#5334 = CARTESIAN_POINT('',(0.774436660315,-32.73608763484,
    1.991740106208E-12));
#5335 = CARTESIAN_POINT('',(2.01009768802,-33.14807947513,
    -2.419842104438E-12));
#5336 = CARTESIAN_POINT('',(3.209589813715,-33.58195703552,
    2.337241511466E-12));
#5337 = CARTESIAN_POINT('',(4.435076065104,-34.07682385347,
    -1.730171561564E-12));
#5338 = CARTESIAN_POINT('',(5.644216742543,-34.6124019326,
    9.467981954033E-13));
#5339 = CARTESIAN_POINT('',(6.850323697814,-35.19834073171,
    -3.65929508916E-13));
#5340 = CARTESIAN_POINT('',(8.044950149083,-35.83343630622,
    8.437694987153E-14));
#5341 = CARTESIAN_POINT('',(9.297820567005,-36.56093329226,
    -6.211048487657E-15));
#5342 = CARTESIAN_POINT('',(9.371438116431,-36.60368036694,
    -1.153391855561E-14));
#5343 = CARTESIAN_POINT('',(9.445055665856,-36.64642744163,
    -1.685678862357E-14));
#5344 = CARTESIAN_POINT('',(9.518673215282,-36.68917451631,
    -2.217965869153E-14));
#5345 = CARTESIAN_POINT('',(9.592290764708,-36.731921591,
    -2.750252875948E-14));
#5346 = CARTESIAN_POINT('',(9.665908314134,-36.77466866569,
    -3.282539882744E-14));
#5347 = CARTESIAN_POINT('',(9.739525863559,-36.81741574037,
    -3.81482688954E-14));
#5348 = CARTESIAN_POINT('',(9.813143412985,-36.86016281506,
    -4.347113896335E-14));
#5349 = CARTESIAN_POINT('',(9.886760962411,-36.90290988974,
    -4.879400903131E-14));
#5350 = CARTESIAN_POINT('',(9.960378511837,-36.94565696443,
    -5.411687909926E-14));
#5351 = CARTESIAN_POINT('',(10.033996061262,-36.98840403911,
    -5.943974916722E-14));
#5352 = CARTESIAN_POINT('',(10.107613610688,-37.0311511138,
    -6.476261923518E-14));
#5353 = CARTESIAN_POINT('',(10.181231160114,-37.07389818849,
    -7.008548930313E-14));
#5354 = PCURVE('',#2016,#5355);
#5355 = DEFINITIONAL_REPRESENTATION('',(#5356),#5383);
#5356 = B_SPLINE_CURVE_WITH_KNOTS('',13,(#5357,#5358,#5359,#5360,#5361,
    #5362,#5363,#5364,#5365,#5366,#5367,#5368,#5369,#5370,#5371,#5372,
    #5373,#5374,#5375,#5376,#5377,#5378,#5379,#5380,#5381,#5382),
  .UNSPECIFIED.,.F.,.F.,(14,12,14),(-0.909844309418,12.177453796259,
    25.264751901935),.UNSPECIFIED.);
#5357 = CARTESIAN_POINT('',(-31.92891378952,21.337478379977));
#5358 = CARTESIAN_POINT('',(-31.65999501325,20.255205268396));
#5359 = CARTESIAN_POINT('',(-31.42580136404,19.159452723194));
#5360 = CARTESIAN_POINT('',(-31.22651858072,18.051266518643));
#5361 = CARTESIAN_POINT('',(-31.06230000232,16.931522065032));
#5362 = CARTESIAN_POINT('',(-30.93328286484,15.801002161069));
#5363 = CARTESIAN_POINT('',(-30.83960477977,14.660437989047));
#5364 = CARTESIAN_POINT('',(-30.78142050374,13.510523972291));
#5365 = CARTESIAN_POINT('',(-30.7589190827,12.351917101407));
#5366 = CARTESIAN_POINT('',(-30.77234148792,11.185231352854));
#5367 = CARTESIAN_POINT('',(-30.82199882315,10.011037804273));
#5368 = CARTESIAN_POINT('',(-30.90829121883,8.829881069466));
#5369 = CARTESIAN_POINT('',(-31.03172749916,7.642322660559));
#5370 = CARTESIAN_POINT('',(-31.3541639583,5.255721131069));
#5371 = CARTESIAN_POINT('',(-31.55310524843,4.056754278575));
#5372 = CARTESIAN_POINT('',(-31.79100500881,2.851866846055));
#5373 = CARTESIAN_POINT('',(-32.06564287115,1.646214302074));
#5374 = CARTESIAN_POINT('',(-32.38744481106,0.426113734769));
#5375 = CARTESIAN_POINT('',(-32.73608763479,-0.774436660272));
#5376 = CARTESIAN_POINT('',(-33.14807947517,-2.010097688065));
#5377 = CARTESIAN_POINT('',(-33.5819570355,-3.209589813678));
#5378 = CARTESIAN_POINT('',(-34.07682385348,-4.435076065129));
#5379 = CARTESIAN_POINT('',(-34.61240193259,-5.644216742531));
#5380 = CARTESIAN_POINT('',(-35.19834073171,-6.850323697819));
#5381 = CARTESIAN_POINT('',(-35.83343630622,-8.044950149082));
#5382 = CARTESIAN_POINT('',(-36.51818621757,-9.224203017579));
#5383 = ( GEOMETRIC_REPRESENTATION_CONTEXT(2) 
PARAMETRIC_REPRESENTATION_CONTEXT() REPRESENTATION_CONTEXT('2D SPACE',''
  ) );
#5384 = PCURVE('',#5385,#5536);
#5385 = ( BOUNDED_SURFACE() B_SPLINE_SURFACE(2,13,(
    (#5386,#5387,#5388,#5389,#5390,#5391,#5392,#5393,#5394,#5395,#5396
      ,#5397,#5398,#5399,#5400,#5401,#5402,#5403,#5404,#5405,#5406,#5407
      ,#5408,#5409,#5410,#5411,#5412,#5413,#5414,#5415,#5416,#5417,#5418
      ,#5419,#5420,#5421,#5422,#5423,#5424,#5425,#5426,#5427,#5428,#5429
      ,#5430,#5431,#5432,#5433,#5434,#5435)
    ,(#5436,#5437,#5438,#5439,#5440,#5441,#5442,#5443,#5444,#5445,#5446
      ,#5447,#5448,#5449,#5450,#5451,#5452,#5453,#5454,#5455,#5456,#5457
      ,#5458,#5459,#5460,#5461,#5462,#5463,#5464,#5465,#5466,#5467,#5468
      ,#5469,#5470,#5471,#5472,#5473,#5474,#5475,#5476,#5477,#5478,#5479
      ,#5480,#5481,#5482,#5483,#5484,#5485)
    ,(#5486,#5487,#5488,#5489,#5490,#5491,#5492,#5493,#5494,#5495,#5496
      ,#5497,#5498,#5499,#5500,#5501,#5502,#5503,#5504,#5505,#5506,#5507
      ,#5508,#5509,#5510,#5511,#5512,#5513,#5514,#5515,#5516,#5517,#5518
      ,#5519,#5520,#5521,#5522,#5523,#5524,#5525,#5526,#5527,#5528,#5529
      ,#5530,#5531,#5532,#5533,#5534,#5535
)),.UNSPECIFIED.,.F.,.F.,.F.) B_SPLINE_SURFACE_WITH_KNOTS((3,3),(14,12,
    12,12,14),(0.,26.174596211353),(-1.908874923304,-0.909844309418,
    12.177453796259,25.264751901935,26.081756329809),.UNSPECIFIED.) 
GEOMETRIC_REPRESENTATION_ITEM() RATIONAL_B_SPLINE_SURFACE((
    (1.,1.,1.,1.,1.,1.,1.,1.,1.,1.,1.,1.,1.,1.,1.,1.,1.,1.,1.,1.,1.,1.
      ,1.,1.,1.,1.,1.,1.,1.,1.,1.,1.,1.,1.,1.,1.,1.,1.,1.,1.,1.,1.,1.,1.
      ,1.,1.,1.,1.,1.,1.)
    ,(0.874589043656,0.875085962011,0.87550006064,0.875831339542
      ,0.87607979872,0.876245438171,0.876328257897,0.876328257897
      ,0.876245438171,0.87607979872,0.875831339542,0.87550006064
      ,0.875085962011,0.868079414674,0.861094084584,0.853605149568
      ,0.845586424403,0.837012985144,0.82786090927,0.818107256914
      ,0.807730336355,0.796710297524,0.78503009664,0.772676875697
      ,0.759643800025,0.732220994993,0.717832363838,0.702759255867
      ,0.68705954085,0.670608415338,0.653780274372,0.636086655058
      ,0.618285962706,0.599915281649,0.581472751912,0.563006344078
      ,0.544750892277,0.525782941587,0.524854158352,0.524111131764
      ,0.523553861823,0.523182348529,0.522996591882,0.522996591882
      ,0.523182348529,0.523553861823,0.524111131764,0.524854158352
      ,0.525782941587,0.526897481468)
    ,(1.,1.,1.,1.,1.,1.,1.,1.,1.,1.,1.,1.,1.,1.,1.,1.,1.,1.,1.,1.,1.,1.
      ,1.,1.,1.,1.,1.,1.,1.,1.,1.,1.,1.,1.,1.,1.,1.,1.,1.,1.,1.,1.,1.,1.
,1.,1.,1.,1.,1.,1.))) REPRESENTATION_ITEM('') SURFACE() );
#5386 = CARTESIAN_POINT('',(-21.7732556481,-36.32137456756,
    2.220267356543));
#5387 = CARTESIAN_POINT('',(-21.67890899021,-36.30380740379,
    2.23167886044));
#5388 = CARTESIAN_POINT('',(-21.58643600687,-36.28658911457,
    2.242863737926));
#5389 = CARTESIAN_POINT('',(-21.49583669807,-36.2697196999,
    2.253821989001));
#5390 = CARTESIAN_POINT('',(-21.40711106384,-36.25319915977,
    2.264553613666));
#5391 = CARTESIAN_POINT('',(-21.32025910415,-36.23702749419,
    2.27505861192));
#5392 = CARTESIAN_POINT('',(-21.23528081901,-36.22120470317,
    2.285336983762));
#5393 = CARTESIAN_POINT('',(-21.15217620843,-36.20573078669,
    2.295388729195));
#5394 = CARTESIAN_POINT('',(-21.0709452724,-36.19060574476,
    2.305213848216));
#5395 = CARTESIAN_POINT('',(-20.99158801092,-36.17582957738,
    2.314812340827));
#5396 = CARTESIAN_POINT('',(-20.91410442399,-36.16140228454,
    2.324184207027));
#5397 = CARTESIAN_POINT('',(-20.83849451161,-36.14732386626,
    2.333329446816));
#5398 = CARTESIAN_POINT('',(-20.76475827379,-36.13359432253,
    2.342248060194));
#5399 = CARTESIAN_POINT('',(-19.75149634285,-35.94492692634,
    2.464805050889));
#5400 = CARTESIAN_POINT('',(-18.80326517409,-35.79931303092,
    2.586072303478));
#5401 = CARTESIAN_POINT('',(-17.84885798961,-35.68258683963,
    2.715011834647));
#5402 = CARTESIAN_POINT('',(-16.88890491312,-35.59387935269,
    2.851822791077));
#5403 = CARTESIAN_POINT('',(-15.92388546604,-35.53225517314,
    2.996641653221));
#5404 = CARTESIAN_POINT('',(-14.95405677291,-35.49674262709,
    3.149543907555));
#5405 = CARTESIAN_POINT('',(-13.97942449539,-35.48637414856,
    3.31053998853));
#5406 = CARTESIAN_POINT('',(-12.99974606631,-35.50023452572,
    3.479566302682));
#5407 = CARTESIAN_POINT('',(-12.01455580998,-35.53751463485,
    3.656472149694));
#5408 = CARTESIAN_POINT('',(-11.02320151795,-35.59756825535,
    3.841003352641));
#5409 = CARTESIAN_POINT('',(-10.02488206644,-35.67996959082,
    4.032783412036));
#5410 = CARTESIAN_POINT('',(-9.01867564695,-35.78456909528,
    4.231292996422));
#5411 = CARTESIAN_POINT('',(-6.988420737914,-36.03852134754,
    4.640404170494));
#5412 = CARTESIAN_POINT('',(-5.964414465247,-36.18786852077,
    4.850992544547));
#5413 = CARTESIAN_POINT('',(-4.930245515739,-36.35985864354,
    5.067033774027));
#5414 = CARTESIAN_POINT('',(-3.886363334013,-36.5545833964,
    5.287110347176));
#5415 = CARTESIAN_POINT('',(-2.826897099578,-36.77440022651,
    5.511928509971));
#5416 = CARTESIAN_POINT('',(-1.762257781833,-37.01741421465,
    5.736176568292));
#5417 = CARTESIAN_POINT('',(-0.672541355858,-37.29123555347,
    5.964953080603));
#5418 = CARTESIAN_POINT('',(0.417683081277,-37.5911729872,6.188254912088
    ));
#5419 = CARTESIAN_POINT('',(1.531077206093,-37.92726928381,6.41126030004
    ));
#5420 = CARTESIAN_POINT('',(2.650767561454,-38.29873365354,
    6.627438611032));
#5421 = CARTESIAN_POINT('',(3.780886595816,-38.71173609272,
    6.836372423072));
#5422 = CARTESIAN_POINT('',(4.915329659095,-39.1697289168,7.035652096409
    ));
#5423 = CARTESIAN_POINT('',(6.119811417014,-39.70782210209,
    7.235535405356));
#5424 = CARTESIAN_POINT('',(6.191597951636,-39.73989219765,
    7.247448354626));
#5425 = CARTESIAN_POINT('',(6.264396746001,-39.77241451265,
    7.259529288031));
#5426 = CARTESIAN_POINT('',(6.338207800109,-39.80538904709,
    7.271778205572));
#5427 = CARTESIAN_POINT('',(6.413031113959,-39.83881580098,
    7.284195107248));
#5428 = CARTESIAN_POINT('',(6.488866687553,-39.87269477431,7.29677999306
    ));
#5429 = CARTESIAN_POINT('',(6.56571452089,-39.90702596709,7.309532863007
    ));
#5430 = CARTESIAN_POINT('',(6.643574613969,-39.9418093793,7.32245371709)
  );
#5431 = CARTESIAN_POINT('',(6.722446966791,-39.97704501096,
    7.335542555309));
#5432 = CARTESIAN_POINT('',(6.802331579357,-40.01273286206,
    7.348799377663));
#5433 = CARTESIAN_POINT('',(6.883228451665,-40.04887293261,
    7.362224184153));
#5434 = CARTESIAN_POINT('',(6.965137583716,-40.08546522259,
    7.375816974778));
#5435 = CARTESIAN_POINT('',(7.04805897551,-40.12250973202,7.389577749539
    ));
#5436 = CARTESIAN_POINT('',(-22.00759150272,-34.85150651022,
    2.741185231307E-13));
#5437 = CARTESIAN_POINT('',(-21.91517247609,-34.83602423164,
    2.510204502464E-13));
#5438 = CARTESIAN_POINT('',(-21.82425823484,-34.82079403867,
    2.282984648801E-13));
#5439 = CARTESIAN_POINT('',(-21.73482085365,-34.80581125319,
    2.059455877228E-13));
#5440 = CARTESIAN_POINT('',(-21.64683329241,-34.79107134536,
    1.839550607019E-13));
#5441 = CARTESIAN_POINT('',(-21.56026936898,-34.77656992908,
    1.62320340176E-13));
#5442 = CARTESIAN_POINT('',(-21.47510373324,-34.76230275764,
    1.410350904467E-13));
#5443 = CARTESIAN_POINT('',(-21.39131184233,-34.74826571954,
    1.20093177574E-13));
#5444 = CARTESIAN_POINT('',(-21.30886993707,-34.73445483459,
    9.948866348381E-14));
#5445 = CARTESIAN_POINT('',(-21.22775501952,-34.72086625012,
    7.921580035398E-14));
#5446 = CARTESIAN_POINT('',(-21.14794483159,-34.70749623739,
    5.926902526936E-14));
#5447 = CARTESIAN_POINT('',(-21.06941783466,-34.69434118819,
    3.964295513424E-14));
#5448 = CARTESIAN_POINT('',(-20.99215319024,-34.68139761161,
    2.033238183298E-14));
#5449 = CARTESIAN_POINT('',(-19.91219870854,-34.50048079454,
    -2.495781359357E-13));
#5450 = CARTESIAN_POINT('',(-18.90142336621,-34.37025341571,
    1.117772541193E-12));
#5451 = CARTESIAN_POINT('',(-17.88544722128,-34.27814328019,
    -2.965627743379E-12));
#5452 = CARTESIAN_POINT('',(-16.86602203773,-34.22422543602,
    5.637268429837E-12));
#5453 = CARTESIAN_POINT('',(-15.84494825254,-34.20849073626,
    -8.242739824027E-12));
#5454 = CARTESIAN_POINT('',(-14.82404945739,-34.23085200543,
    9.563017044911E-12));
#5455 = CARTESIAN_POINT('',(-13.80517293299,-34.29115144962,
    -8.882672375421E-12));
#5456 = CARTESIAN_POINT('',(-12.79020741969,-34.38916809744,
    6.553868558967E-12));
#5457 = CARTESIAN_POINT('',(-11.78110930694,-34.52462358848,
    -3.715250329606E-12));
#5458 = CARTESIAN_POINT('',(-10.77992814436,-34.69718399158,
    1.488587031417E-12));
#5459 = CARTESIAN_POINT('',(-9.788821731067,-34.90645449015,
    -2.993161274389E-13));
#5460 = CARTESIAN_POINT('',(-8.810049885402,-35.15196266266,
    -8.348877145181E-14));
#5461 = CARTESIAN_POINT('',(-6.845710861865,-35.72481655506,
    2.970956813897E-13));
#5462 = CARTESIAN_POINT('',(-5.856159266085,-36.05637438077,
    -2.083222483407E-12));
#5463 = CARTESIAN_POINT('',(-4.879886298944,-36.42785053117,
    6.418865439173E-12));
#5464 = CARTESIAN_POINT('',(-3.918792472068,-36.83921927944,
    -1.369260260731E-11));
#5465 = CARTESIAN_POINT('',(-2.977902256283,-37.29056503947,
    2.224620487823E-11));
#5466 = CARTESIAN_POINT('',(-2.056670827457,-37.78037282418,
    -2.849098734714E-11));
#5467 = CARTESIAN_POINT('',(-1.162719359476,-38.31112049092,
    2.912692309565E-11));
#5468 = CARTESIAN_POINT('',(-0.297656777047,-38.87578569342,
    -2.39310793404E-11));
#5469 = CARTESIAN_POINT('',(0.537480595202,-39.48048701318,
    1.586153430821E-11));
#5470 = CARTESIAN_POINT('',(1.334579330959,-40.116145471,
    -8.355982572539E-12));
#5471 = CARTESIAN_POINT('',(2.095848364253,-40.78421632665,
    3.265832049237E-12));
#5472 = CARTESIAN_POINT('',(2.819243724694,-41.48126584423,
    -7.691625114603E-13));
#5473 = CARTESIAN_POINT('',(3.55007401537,-42.25269397985,
    4.454801839262E-14));
#5474 = CARTESIAN_POINT('',(3.597012190247,-42.30223958462,
    9.680924461334E-14));
#5475 = CARTESIAN_POINT('',(3.646454120019,-42.35442802863,
    1.518581655257E-13));
#5476 = CARTESIAN_POINT('',(3.698357838742,-42.40921501472,
    2.096480560134E-13));
#5477 = CARTESIAN_POINT('',(3.752675927501,-42.46655048983,
    2.701261195914E-13));
#5478 = CARTESIAN_POINT('',(3.809355653778,-42.52637879215,
    3.332336435812E-13));
#5479 = CARTESIAN_POINT('',(3.868339139879,-42.58863882884,
    3.989061866319E-13));
#5480 = CARTESIAN_POINT('',(3.929563559286,-42.65326428337,
    4.670737973502E-13));
#5481 = CARTESIAN_POINT('',(3.992961359575,-42.72018385075,
    5.376612624879E-13));
#5482 = CARTESIAN_POINT('',(4.058460510205,-42.78932149912,
    6.105883828385E-13));
#5483 = CARTESIAN_POINT('',(4.125984773301,-42.86059675557,
    6.857702747257E-13));
#5484 = CARTESIAN_POINT('',(4.195453995293,-42.93392501397,
    7.631176947176E-13));
#5485 = CARTESIAN_POINT('',(4.266784417108,-43.00921786242,
    8.425373849937E-13));
#5486 = CARTESIAN_POINT('',(-22.41149010571,-32.19577981057,
    -2.821153593457E-14));
#5487 = CARTESIAN_POINT('',(-22.32887381912,-32.17525165511,
    -2.610973920265E-14));
#5488 = CARTESIAN_POINT('',(-22.24625753252,-32.15472349964,
    -2.400794247074E-14));
#5489 = CARTESIAN_POINT('',(-22.16364124593,-32.13419534417,
    -2.190614573883E-14));
#5490 = CARTESIAN_POINT('',(-22.08102495933,-32.11366718871,
    -1.980434900692E-14));
#5491 = CARTESIAN_POINT('',(-21.99840867273,-32.09313903324,
    -1.7702552275E-14));
#5492 = CARTESIAN_POINT('',(-21.91579238614,-32.07261087778,
    -1.560075554309E-14));
#5493 = CARTESIAN_POINT('',(-21.83317609954,-32.05208272231,
    -1.349895881118E-14));
#5494 = CARTESIAN_POINT('',(-21.75055981295,-32.03155456684,
    -1.139716207926E-14));
#5495 = CARTESIAN_POINT('',(-21.66794352635,-32.01102641138,
    -9.295365347352E-15));
#5496 = CARTESIAN_POINT('',(-21.58532723976,-31.99049825591,
    -7.193568615439E-15));
#5497 = CARTESIAN_POINT('',(-21.50271095316,-31.96997010045,
    -5.091771883526E-15));
#5498 = CARTESIAN_POINT('',(-21.42009466657,-31.94944194498,
    -2.989975151613E-15));
#5499 = CARTESIAN_POINT('',(-20.25520526839,-31.65999501325,
    2.664535259101E-14));
#5500 = CARTESIAN_POINT('',(-19.15945272319,-31.42580136405,
    -1.074695887837E-13));
#5501 = CARTESIAN_POINT('',(-18.05126651864,-31.2265185807,
    2.717825964286E-13));
#5502 = CARTESIAN_POINT('',(-16.93152206503,-31.06230000236,
    -5.457856389043E-13));
#5503 = CARTESIAN_POINT('',(-15.80100216106,-30.93328286478,
    8.157918784976E-13));
#5504 = CARTESIAN_POINT('',(-14.66043798904,-30.83960477984,
    -9.09494701769E-13));
#5505 = CARTESIAN_POINT('',(-13.51052397229,-30.78142050367,
    7.398526236132E-13));
#5506 = CARTESIAN_POINT('',(-12.3519171014,-30.75891908276,
    -4.272138198744E-13));
#5507 = CARTESIAN_POINT('',(-11.18523135285,-30.77234148789,
    1.603162047562E-13));
#5508 = CARTESIAN_POINT('',(-10.01103780426,-30.82199882317,
    -2.398081733188E-14));
#5509 = CARTESIAN_POINT('',(-8.829881069468,-30.90829121882,
    -1.776356839401E-14));
#5510 = CARTESIAN_POINT('',(-7.642322660558,-31.03172749916,
    1.50990331349E-14));
#5511 = CARTESIAN_POINT('',(-5.25572113107,-31.3541639583,
    -2.353672812205E-14));
#5512 = CARTESIAN_POINT('',(-4.056754278572,-31.55310524844,
    1.376676550537E-13));
#5513 = CARTESIAN_POINT('',(-2.851866846065,-31.79100500879,
    -3.792521852103E-13));
#5514 = CARTESIAN_POINT('',(-1.646214302054,-32.06564287118,
    7.771561172444E-13));
#5515 = CARTESIAN_POINT('',(-0.426113734802,-32.38744481103,
    -1.348698930297E-12));
#5516 = CARTESIAN_POINT('',(0.774436660315,-32.73608763484,
    1.991740106208E-12));
#5517 = CARTESIAN_POINT('',(2.01009768802,-33.14807947513,
    -2.419842104438E-12));
#5518 = CARTESIAN_POINT('',(3.209589813715,-33.58195703552,
    2.337241511466E-12));
#5519 = CARTESIAN_POINT('',(4.435076065104,-34.07682385347,
    -1.730171561564E-12));
#5520 = CARTESIAN_POINT('',(5.644216742543,-34.6124019326,
    9.467981954033E-13));
#5521 = CARTESIAN_POINT('',(6.850323697814,-35.19834073171,
    -3.65929508916E-13));
#5522 = CARTESIAN_POINT('',(8.044950149083,-35.83343630622,
    8.437694987153E-14));
#5523 = CARTESIAN_POINT('',(9.297820567005,-36.56093329226,
    -6.211048487657E-15));
#5524 = CARTESIAN_POINT('',(9.371438116431,-36.60368036694,
    -1.153391855561E-14));
#5525 = CARTESIAN_POINT('',(9.445055665856,-36.64642744163,
    -1.685678862357E-14));
#5526 = CARTESIAN_POINT('',(9.518673215282,-36.68917451631,
    -2.217965869153E-14));
#5527 = CARTESIAN_POINT('',(9.592290764708,-36.731921591,
    -2.750252875948E-14));
#5528 = CARTESIAN_POINT('',(9.665908314134,-36.77466866569,
    -3.282539882744E-14));
#5529 = CARTESIAN_POINT('',(9.739525863559,-36.81741574037,
    -3.81482688954E-14));
#5530 = CARTESIAN_POINT('',(9.813143412985,-36.86016281506,
    -4.347113896335E-14));
#5531 = CARTESIAN_POINT('',(9.886760962411,-36.90290988974,
    -4.879400903131E-14));
#5532 = CARTESIAN_POINT('',(9.960378511837,-36.94565696443,
    -5.411687909926E-14));
#5533 = CARTESIAN_POINT('',(10.033996061262,-36.98840403911,
    -5.943974916722E-14));
#5534 = CARTESIAN_POINT('',(10.107613610688,-37.0311511138,
    -6.476261923518E-14));
#5535 = CARTESIAN_POINT('',(10.181231160114,-37.07389818849,
    -7.008548930313E-14));
#5536 = DEFINITIONAL_REPRESENTATION('',(#5537),#5541);
#5537 = LINE('',#5538,#5539);
#5538 = CARTESIAN_POINT('',(26.174596211353,0.));
#5539 = VECTOR('',#5540,1.);
#5540 = DIRECTION('',(0.,1.));
#5541 = ( GEOMETRIC_REPRESENTATION_CONTEXT(2) 
PARAMETRIC_REPRESENTATION_CONTEXT() REPRESENTATION_CONTEXT('2D SPACE',''
  ) );
#5542 = ORIENTED_EDGE('',*,*,#5543,.T.);
#5543 = EDGE_CURVE('',#5300,#5544,#5546,.T.);
#5544 = VERTEX_POINT('',#5545);
#5545 = CARTESIAN_POINT('',(19.744387551377,-27.5185910678,
    4.440892098501E-16));
#5546 = SURFACE_CURVE('',#5547,(#5598,#5628),.PCURVE_S1.);
#5547 = B_SPLINE_CURVE_WITH_KNOTS('',13,(#5548,#5549,#5550,#5551,#5552,
    #5553,#5554,#5555,#5556,#5557,#5558,#5559,#5560,#5561,#5562,#5563,
    #5564,#5565,#5566,#5567,#5568,#5569,#5570,#5571,#5572,#5573,#5574,
    #5575,#5576,#5577,#5578,#5579,#5580,#5581,#5582,#5583,#5584,#5585,
    #5586,#5587,#5588,#5589,#5590,#5591,#5592,#5593,#5594,#5595,#5596,
    #5597),.UNSPECIFIED.,.F.,.F.,(14,12,12,12,14),(-1.908874923306,
    -0.909844309418,12.177453796259,25.264751901936,26.081756329805),
  .UNSPECIFIED.);
#5548 = CARTESIAN_POINT('',(-3.311029862927,-39.08810826346,
    3.225817287164E-13));
#5549 = CARTESIAN_POINT('',(-3.249746137702,-39.02902221604,
    2.97665267459E-13));
#5550 = CARTESIAN_POINT('',(-3.188462412477,-38.96993616862,
    2.727488062016E-13));
#5551 = CARTESIAN_POINT('',(-3.127178687252,-38.91085012119,
    2.478323449442E-13));
#5552 = CARTESIAN_POINT('',(-3.065894962027,-38.85176407377,
    2.229158836868E-13));
#5553 = CARTESIAN_POINT('',(-3.004611236802,-38.79267802634,
    1.979994224295E-13));
#5554 = CARTESIAN_POINT('',(-2.943327511577,-38.73359197892,
    1.730829611721E-13));
#5555 = CARTESIAN_POINT('',(-2.882043786352,-38.6745059315,
    1.481664999147E-13));
#5556 = CARTESIAN_POINT('',(-2.820760061127,-38.61541988407,
    1.232500386573E-13));
#5557 = CARTESIAN_POINT('',(-2.759476335902,-38.55633383665,
    9.833357739995E-14));
#5558 = CARTESIAN_POINT('',(-2.698192610677,-38.49724778922,
    7.341711614257E-14));
#5559 = CARTESIAN_POINT('',(-2.636908885451,-38.4381617418,
    4.85006548852E-14));
#5560 = CARTESIAN_POINT('',(-2.575625160226,-38.37907569438,
    2.358419362782E-14));
#5561 = CARTESIAN_POINT('',(-1.711524814672,-37.54596259935,
    -3.277378368693E-13));
#5562 = CARTESIAN_POINT('',(-0.879672098868,-36.7952686772,
    1.482369782481E-12));
#5563 = CARTESIAN_POINT('',(-1.959608527232E-02,-36.06859162182,
    -3.980371587876E-12));
#5564 = CARTESIAN_POINT('',(0.86802176812,-35.36650193479,
    7.748912622712E-12));
#5565 = CARTESIAN_POINT('',(1.782572155668,-34.68950986352,
    -1.170663566078E-11));
#5566 = CARTESIAN_POINT('',(2.723490660779,-34.03810017694,
    1.413003047912E-11));
#5567 = CARTESIAN_POINT('',(3.690253273419,-33.41275410654,
    -1.379119041181E-11));
#5568 = CARTESIAN_POINT('',(4.6823855461,-32.81396386957,
    1.091660095658E-11));
#5569 = CARTESIAN_POINT('',(5.699476245189,-32.24224513873,
    -6.949552044927E-12));
#5570 = CARTESIAN_POINT('',(6.741186354827,-31.69815287847,
    3.456790409476E-12));
#5571 = CARTESIAN_POINT('',(7.807244290867,-31.18230591779,
    -1.251443393357E-12));
#5572 = CARTESIAN_POINT('',(8.897418181617,-30.69542566786,
    2.580158309229E-13));
#5573 = CARTESIAN_POINT('',(11.125493964445,-29.78136306785,
    -2.247091401841E-13));
#5574 = CARTESIAN_POINT('',(12.26330036203,-29.35416785266,
    9.419132140915E-13));
#5575 = CARTESIAN_POINT('',(13.425713367592,-28.95775137265,
    -2.534861209829E-12));
#5576 = CARTESIAN_POINT('',(14.607158029775,-28.59276846581,
    5.101696842739E-12));
#5577 = CARTESIAN_POINT('',(15.82469708646,-28.26140683793,
    -8.113509864007E-12));
#5578 = CARTESIAN_POINT('',(17.038725638727,-27.96306518151,
    1.037880892333E-11));
#5579 = CARTESIAN_POINT('',(18.314835399564,-27.7020300687,
    -1.068256594302E-11));
#5580 = CARTESIAN_POINT('',(19.570564832106,-27.47803299425,
    8.825828956511E-12));
#5581 = CARTESIAN_POINT('',(20.879300466925,-27.29385710512,
    -5.794031920934E-12));
#5582 = CARTESIAN_POINT('',(22.194236049736,-27.15311098822,
    2.94786417498E-12));
#5583 = CARTESIAN_POINT('',(23.531724712339,-27.05749539586,
    -1.085354028874E-12));
#5584 = CARTESIAN_POINT('',(24.88384935439,-27.01019107153,
    2.438049762077E-13));
#5585 = CARTESIAN_POINT('',(26.332615456985,-27.01378673366,
    -1.427645661756E-14));
#5586 = CARTESIAN_POINT('',(26.417743662295,-27.01399801156,
    -2.944109165483E-14));
#5587 = CARTESIAN_POINT('',(26.502871867605,-27.01420928947,
    -4.460572669209E-14));
#5588 = CARTESIAN_POINT('',(26.588000072915,-27.01442056737,
    -5.977036172936E-14));
#5589 = CARTESIAN_POINT('',(26.673128278225,-27.01463184527,
    -7.493499676662E-14));
#5590 = CARTESIAN_POINT('',(26.758256483535,-27.01484312318,
    -9.009963180389E-14));
#5591 = CARTESIAN_POINT('',(26.843384688845,-27.01505440108,
    -1.052642668412E-13));
#5592 = CARTESIAN_POINT('',(26.928512894154,-27.01526567898,
    -1.204289018784E-13));
#5593 = CARTESIAN_POINT('',(27.013641099464,-27.01547695688,
    -1.355935369157E-13));
#5594 = CARTESIAN_POINT('',(27.098769304774,-27.01568823479,
    -1.507581719529E-13));
#5595 = CARTESIAN_POINT('',(27.183897510084,-27.01589951269,
    -1.659228069902E-13));
#5596 = CARTESIAN_POINT('',(27.269025715394,-27.01611079059,
    -1.810874420275E-13));
#5597 = CARTESIAN_POINT('',(27.354153920704,-27.0163220685,
    -1.962520770647E-13));
#5598 = PCURVE('',#2016,#5599);
#5599 = DEFINITIONAL_REPRESENTATION('',(#5600),#5627);
#5600 = B_SPLINE_CURVE_WITH_KNOTS('',13,(#5601,#5602,#5603,#5604,#5605,
    #5606,#5607,#5608,#5609,#5610,#5611,#5612,#5613,#5614,#5615,#5616,
    #5617,#5618,#5619,#5620,#5621,#5622,#5623,#5624,#5625,#5626),
  .UNSPECIFIED.,.F.,.F.,(14,12,14),(-0.909844309418,12.177453796259,
    25.264751901936),.UNSPECIFIED.);
#5601 = CARTESIAN_POINT('',(-38.31998964695,2.514341435001));
#5602 = CARTESIAN_POINT('',(-37.54596259935,1.711524814672));
#5603 = CARTESIAN_POINT('',(-36.7952686772,0.879672098869));
#5604 = CARTESIAN_POINT('',(-36.06859162182,1.959608526875E-02));
#5605 = CARTESIAN_POINT('',(-35.36650193479,-0.868021768113));
#5606 = CARTESIAN_POINT('',(-34.68950986353,-1.78257215568));
#5607 = CARTESIAN_POINT('',(-34.03810017694,-2.723490660765));
#5608 = CARTESIAN_POINT('',(-33.41275410652,-3.690253273433));
#5609 = CARTESIAN_POINT('',(-32.81396386959,-4.682385546088));
#5610 = CARTESIAN_POINT('',(-32.24224513871,-5.699476245197));
#5611 = CARTESIAN_POINT('',(-31.69815287848,-6.741186354822));
#5612 = CARTESIAN_POINT('',(-31.18230591778,-7.80724429087));
#5613 = CARTESIAN_POINT('',(-30.69542566786,-8.897418181616));
#5614 = CARTESIAN_POINT('',(-29.78136306785,-11.12549396444));
#5615 = CARTESIAN_POINT('',(-29.35416785265,-12.26330036202));
#5616 = CARTESIAN_POINT('',(-28.95775137269,-13.42571336761));
#5617 = CARTESIAN_POINT('',(-28.59276846573,-14.60715802973));
#5618 = CARTESIAN_POINT('',(-28.26140683804,-15.82469708652));
#5619 = CARTESIAN_POINT('',(-27.96306518137,-17.03872563863));
#5620 = CARTESIAN_POINT('',(-27.70203006884,-18.31483539965));
#5621 = CARTESIAN_POINT('',(-27.47803299414,-19.57056483203));
#5622 = CARTESIAN_POINT('',(-27.29385710519,-20.87930046697));
#5623 = CARTESIAN_POINT('',(-27.15311098819,-22.19423604971));
#5624 = CARTESIAN_POINT('',(-27.05749539587,-23.53172471234));
#5625 = CARTESIAN_POINT('',(-27.01019107153,-24.88384935438));
#5626 = CARTESIAN_POINT('',(-27.01357545576,-26.24748725167));
#5627 = ( GEOMETRIC_REPRESENTATION_CONTEXT(2) 
PARAMETRIC_REPRESENTATION_CONTEXT() REPRESENTATION_CONTEXT('2D SPACE',''
  ) );
#5628 = PCURVE('',#5629,#5780);
#5629 = ( BOUNDED_SURFACE() B_SPLINE_SURFACE(2,13,(
    (#5630,#5631,#5632,#5633,#5634,#5635,#5636,#5637,#5638,#5639,#5640
      ,#5641,#5642,#5643,#5644,#5645,#5646,#5647,#5648,#5649,#5650,#5651
      ,#5652,#5653,#5654,#5655,#5656,#5657,#5658,#5659,#5660,#5661,#5662
      ,#5663,#5664,#5665,#5666,#5667,#5668,#5669,#5670,#5671,#5672,#5673
      ,#5674,#5675,#5676,#5677,#5678,#5679)
    ,(#5680,#5681,#5682,#5683,#5684,#5685,#5686,#5687,#5688,#5689,#5690
      ,#5691,#5692,#5693,#5694,#5695,#5696,#5697,#5698,#5699,#5700,#5701
      ,#5702,#5703,#5704,#5705,#5706,#5707,#5708,#5709,#5710,#5711,#5712
      ,#5713,#5714,#5715,#5716,#5717,#5718,#5719,#5720,#5721,#5722,#5723
      ,#5724,#5725,#5726,#5727,#5728,#5729)
    ,(#5730,#5731,#5732,#5733,#5734,#5735,#5736,#5737,#5738,#5739,#5740
      ,#5741,#5742,#5743,#5744,#5745,#5746,#5747,#5748,#5749,#5750,#5751
      ,#5752,#5753,#5754,#5755,#5756,#5757,#5758,#5759,#5760,#5761,#5762
      ,#5763,#5764,#5765,#5766,#5767,#5768,#5769,#5770,#5771,#5772,#5773
      ,#5774,#5775,#5776,#5777,#5778,#5779
)),.UNSPECIFIED.,.F.,.F.,.F.) B_SPLINE_SURFACE_WITH_KNOTS((3,3),(14,12,
    12,12,14),(0.,26.174596211354),(-1.908874923306,-0.909844309418,
    12.177453796259,25.264751901936,26.081756329805),.UNSPECIFIED.) 
GEOMETRIC_REPRESENTATION_ITEM() RATIONAL_B_SPLINE_SURFACE((
    (1.,1.,1.,1.,1.,1.,1.,1.,1.,1.,1.,1.,1.,1.,1.,1.,1.,1.,1.,1.,1.,1.
      ,1.,1.,1.,1.,1.,1.,1.,1.,1.,1.,1.,1.,1.,1.,1.,1.,1.,1.,1.,1.,1.,1.
      ,1.,1.,1.,1.,1.,1.)
    ,(0.874589043656,0.875085962011,0.87550006064,0.875831339543
      ,0.87607979872,0.876245438171,0.876328257897,0.876328257897
      ,0.876245438171,0.87607979872,0.875831339543,0.87550006064
      ,0.875085962011,0.868079414674,0.861094084585,0.853605149566
      ,0.845586424408,0.837012985138,0.827860909278,0.818107256907
      ,0.80773033636,0.796710297521,0.785030096642,0.772676875697
      ,0.759643800025,0.732220994994,0.717832363836,0.702759255872
      ,0.687059540839,0.670608415356,0.653780274349,0.636086655081
      ,0.618285962689,0.599915281659,0.581472751907,0.563006344079
      ,0.544750892277,0.525782941587,0.524854158352,0.524111131764
      ,0.523553861823,0.523182348529,0.522996591882,0.522996591882
      ,0.523182348529,0.523553861823,0.524111131764,0.524854158352
      ,0.525782941587,0.526897481468)
    ,(1.,1.,1.,1.,1.,1.,1.,1.,1.,1.,1.,1.,1.,1.,1.,1.,1.,1.,1.,1.,1.,1.
      ,1.,1.,1.,1.,1.,1.,1.,1.,1.,1.,1.,1.,1.,1.,1.,1.,1.,1.,1.,1.,1.,1.
,1.,1.,1.,1.,1.,1.))) REPRESENTATION_ITEM('') SURFACE() );
#5630 = CARTESIAN_POINT('',(-0.695505230567,-42.34186089993,
    2.220267356543));
#5631 = CARTESIAN_POINT('',(-0.622582209955,-42.27947396089,
    2.23167886044));
#5632 = CARTESIAN_POINT('',(-0.551107401829,-42.21832599334,
    2.242863737926));
#5633 = CARTESIAN_POINT('',(-0.481080806189,-42.15841699729,
    2.253821989002));
#5634 = CARTESIAN_POINT('',(-0.412502423034,-42.09974697274,
    2.264553613666));
#5635 = CARTESIAN_POINT('',(-0.345372252365,-42.04231591969,
    2.27505861192));
#5636 = CARTESIAN_POINT('',(-0.279690294182,-41.98612383813,
    2.285336983763));
#5637 = CARTESIAN_POINT('',(-0.215456548484,-41.93117072807,
    2.295388729195));
#5638 = CARTESIAN_POINT('',(-0.152671015273,-41.87745658951,
    2.305213848216));
#5639 = CARTESIAN_POINT('',(-9.133369454681E-02,-41.82498142245,
    2.314812340827));
#5640 = CARTESIAN_POINT('',(-3.144458630668E-02,-41.77374522688,
    2.324184207027));
#5641 = CARTESIAN_POINT('',(2.699630944767E-02,-41.72374800282,
    2.333329446816));
#5642 = CARTESIAN_POINT('',(8.398899271627E-02,-41.67498975025,
    2.342248060194));
#5643 = CARTESIAN_POINT('',(0.867165867504,-41.0049680268,2.464805050888
    ));
#5644 = CARTESIAN_POINT('',(1.615551200609,-40.40474710992,
    2.586072303482));
#5645 = CARTESIAN_POINT('',(2.383728972253,-39.82645567052,
    2.715011834635));
#5646 = CARTESIAN_POINT('',(3.170718979515,-39.26965619552,
    2.851822791099));
#5647 = CARTESIAN_POINT('',(3.975638245977,-38.73377836631,2.99664165319
    ));
#5648 = CARTESIAN_POINT('',(4.797778258613,-38.21810925357,
    3.149543907589));
#5649 = CARTESIAN_POINT('',(5.636650330949,-37.72181374814,3.3105399885)
  );
#5650 = CARTESIAN_POINT('',(6.492006926708,-37.24397797303,
    3.479566302702));
#5651 = CARTESIAN_POINT('',(7.363846770791,-36.78366836597,
    3.656472149684));
#5652 = CARTESIAN_POINT('',(8.25241158209,-36.33999918113,3.841003352645
    ));
#5653 = CARTESIAN_POINT('',(9.158182255933,-35.91220110511,
    4.032783412036));
#5654 = CARTESIAN_POINT('',(10.081882328887,-35.49968372346,
    4.231292996421));
#5655 = CARTESIAN_POINT('',(11.967110782411,-34.70448537076,
    4.640404170496));
#5656 = CARTESIAN_POINT('',(12.928599814742,-34.32182068035,
    4.850992544535));
#5657 = CARTESIAN_POINT('',(13.910211458355,-33.95368402139,
    5.067033774063));
#5658 = CARTESIAN_POINT('',(14.911602322411,-33.60037951264,
    5.287110347107));
#5659 = CARTESIAN_POINT('',(15.939035411416,-33.2610133555,
    5.511928510071));
#5660 = CARTESIAN_POINT('',(16.982547099938,-32.93914998247,
    5.736176568176));
#5661 = CARTESIAN_POINT('',(18.06317987774,-32.63142800646,
    5.964953080712));
#5662 = CARTESIAN_POINT('',(19.157310652507,-32.34606922379,
    6.188254912002));
#5663 = CARTESIAN_POINT('',(20.289586397692,-32.08044009323,6.4112603001
    ));
#5664 = CARTESIAN_POINT('',(21.444998874438,-31.84229249586,
    6.627438611001));
#5665 = CARTESIAN_POINT('',(22.630211887197,-31.63490358304,
    6.836372423083));
#5666 = CARTESIAN_POINT('',(23.841664811146,-31.46431547174,
    7.035652096406));
#5667 = CARTESIAN_POINT('',(25.153823204551,-31.32807696086,
    7.235535405357));
#5668 = CARTESIAN_POINT('',(25.232027214963,-31.319957211,7.247448354626
    ));
#5669 = CARTESIAN_POINT('',(25.311333977749,-31.3117229648,
    7.259529288031));
#5670 = CARTESIAN_POINT('',(25.391743492909,-31.30337422226,
    7.271778205572));
#5671 = CARTESIAN_POINT('',(25.473255760442,-31.29491098336,
    7.284195107248));
#5672 = CARTESIAN_POINT('',(25.55587078035,-31.28633324813,7.29677999306
    ));
#5673 = CARTESIAN_POINT('',(25.639588552632,-31.27764101654,
    7.309532863008));
#5674 = CARTESIAN_POINT('',(25.724409077288,-31.26883428861,
    7.322453717091));
#5675 = CARTESIAN_POINT('',(25.810332354318,-31.25991306434,
    7.33554255531));
#5676 = CARTESIAN_POINT('',(25.897358383721,-31.25087734371,
    7.348799377664));
#5677 = CARTESIAN_POINT('',(25.985487165499,-31.24172712675,
    7.362224184154));
#5678 = CARTESIAN_POINT('',(26.074718699651,-31.23246241343,
    7.375816974779));
#5679 = CARTESIAN_POINT('',(26.165052986176,-31.22308320377,
    7.38957774954));
#5680 = CARTESIAN_POINT('',(-1.633380062363,-41.18608574937,
    -1.286385827528E-13));
#5681 = CARTESIAN_POINT('',(-1.561083976794,-41.1264681895,
    -1.180093810715E-13));
#5682 = CARTESIAN_POINT('',(-1.489965030788,-41.06782133486,
    -1.075532462127E-13));
#5683 = CARTESIAN_POINT('',(-1.420001379372,-41.01012717141,
    -9.726696645884E-14));
#5684 = CARTESIAN_POINT('',(-1.351171870037,-40.95336825616,
    -8.714743190053E-14));
#5685 = CARTESIAN_POINT('',(-1.283456021438,-40.89752769956,
    -7.719163130454E-14));
#5686 = CARTESIAN_POINT('',(-1.216834003078,-40.84258914878,
    -6.739664912821E-14));
#5687 = CARTESIAN_POINT('',(-1.151286615961,-40.78853677174,
    -5.775966267353E-14));
#5688 = CARTESIAN_POINT('',(-1.086795274141,-40.7353552419,
    -4.827793937537E-14));
#5689 = CARTESIAN_POINT('',(-1.023341987156,-40.68302972377,
    -3.894883421827E-14));
#5690 = CARTESIAN_POINT('',(-0.960909343292,-40.63154585913,
    -2.976978727667E-14));
#5691 = CARTESIAN_POINT('',(-0.899480493666,-40.58088975387,
    -2.073832137378E-14));
#5692 = CARTESIAN_POINT('',(-0.839039137076,-40.53104796552,
    -1.185203985461E-14));
#5693 = CARTESIAN_POINT('',(5.770470464736E-03,-39.83439216512,
    1.123545700921E-13));
#5694 = CARTESIAN_POINT('',(0.816013905038,-39.21622427562,
    -5.262457136723E-13));
#5695 = CARTESIAN_POINT('',(1.649819988414,-38.62846648586,
    1.459277143567E-12));
#5696 = CARTESIAN_POINT('',(2.505709172549,-38.0720596713,
    -2.918110197925E-12));
#5697 = CARTESIAN_POINT('',(3.382117659779,-37.547896129,
    4.581224288813E-12));
#5698 = CARTESIAN_POINT('',(4.277422585652,-37.05681215859,
    -5.790479207235E-12));
#5699 = CARTESIAN_POINT('',(5.189945261216,-36.59959474688,
    5.914824185993E-12));
#5700 = CARTESIAN_POINT('',(6.11793950357,-36.17699689725,
    -4.94759788694E-12));
#5701 = CARTESIAN_POINT('',(7.059571849689,-35.78975573718,
    3.417710559006E-12));
#5702 = CARTESIAN_POINT('',(8.012900371787,-35.43860684867,
    -1.885158695814E-12));
#5703 = CARTESIAN_POINT('',(8.975858952863,-35.12428721005,
    7.585043704239E-13));
#5704 = CARTESIAN_POINT('',(9.946254321966,-34.84751760145,
    -1.785238623597E-13));
#5705 = CARTESIAN_POINT('',(11.933848764194,-34.36145411315,
    1.727507026317E-13));
#5706 = CARTESIAN_POINT('',(12.956604497341,-34.15381581516,
    -7.709388682997E-13));
#5707 = CARTESIAN_POINT('',(13.987819763143,-33.98738711472,
    2.036149027163E-12));
#5708 = CARTESIAN_POINT('',(15.025835806728,-33.86309598762,
    -3.811173598933E-12));
#5709 = CARTESIAN_POINT('',(16.066343515816,-33.78352777379,
    5.410338843603E-12));
#5710 = CARTESIAN_POINT('',(17.10905722832,-33.74709804393,
    -6.113776152006E-12));
#5711 = CARTESIAN_POINT('',(18.148615742616,-33.75976327231,
    5.845546269256E-12));
#5712 = CARTESIAN_POINT('',(19.180114516269,-33.81624639112,
    -4.990230451085E-12));
#5713 = CARTESIAN_POINT('',(20.205715356008,-33.92236440958,
    3.797850922638E-12));
#5714 = CARTESIAN_POINT('',(21.213852339518,-34.07431141432,
    -2.394529019512E-12));
#5715 = CARTESIAN_POINT('',(22.207166089231,-34.27224323019,
    1.09601216991E-12));
#5716 = CARTESIAN_POINT('',(23.182169607164,-34.51420813989,
    -2.828848266745E-13));
#5717 = CARTESIAN_POINT('',(24.200801272554,-34.8168693572,
    1.687837839614E-14));
#5718 = CARTESIAN_POINT('',(24.266223726789,-34.83630802214,
    3.613091612061E-14));
#5719 = CARTESIAN_POINT('',(24.335135915989,-34.85678357555,
    5.64104140046E-14));
#5720 = CARTESIAN_POINT('',(24.407479347996,-34.87827863793,
    7.769965896053E-14));
#5721 = CARTESIAN_POINT('',(24.483187930301,-34.90077357154,
    9.997920126647E-14));
#5722 = CARTESIAN_POINT('',(24.562188164294,-34.92424653807,
    1.232274117311E-13));
#5723 = CARTESIAN_POINT('',(24.644399380008,-34.94867356844,
    1.474205507749E-13));
#5724 = CARTESIAN_POINT('',(24.729734009811,-34.97402864408,
    1.725328489711E-13));
#5725 = CARTESIAN_POINT('',(24.818097899095,-35.0002837893,
    1.985365984758E-13));
#5726 = CARTESIAN_POINT('',(24.909390651653,-35.02740917383,
    2.254022546656E-13));
#5727 = CARTESIAN_POINT('',(25.003506007091,-35.05537322503,
    2.53098547203E-13));
#5728 = CARTESIAN_POINT('',(25.100332247321,-35.08414274863,
    2.815925996582E-13));
#5729 = CARTESIAN_POINT('',(25.199752628898,-35.1136830572,
    3.108500567388E-13));
#5730 = CARTESIAN_POINT('',(-3.311029862927,-39.08810826346,
    3.225817287164E-13));
#5731 = CARTESIAN_POINT('',(-3.249746137702,-39.02902221604,
    2.97665267459E-13));
#5732 = CARTESIAN_POINT('',(-3.188462412477,-38.96993616862,
    2.727488062016E-13));
#5733 = CARTESIAN_POINT('',(-3.127178687252,-38.91085012119,
    2.478323449442E-13));
#5734 = CARTESIAN_POINT('',(-3.065894962027,-38.85176407377,
    2.229158836868E-13));
#5735 = CARTESIAN_POINT('',(-3.004611236802,-38.79267802634,
    1.979994224295E-13));
#5736 = CARTESIAN_POINT('',(-2.943327511577,-38.73359197892,
    1.730829611721E-13));
#5737 = CARTESIAN_POINT('',(-2.882043786352,-38.6745059315,
    1.481664999147E-13));
#5738 = CARTESIAN_POINT('',(-2.820760061127,-38.61541988407,
    1.232500386573E-13));
#5739 = CARTESIAN_POINT('',(-2.759476335902,-38.55633383665,
    9.833357739995E-14));
#5740 = CARTESIAN_POINT('',(-2.698192610677,-38.49724778922,
    7.341711614257E-14));
#5741 = CARTESIAN_POINT('',(-2.636908885451,-38.4381617418,
    4.85006548852E-14));
#5742 = CARTESIAN_POINT('',(-2.575625160226,-38.37907569438,
    2.358419362782E-14));
#5743 = CARTESIAN_POINT('',(-1.711524814672,-37.54596259935,
    -3.277378368693E-13));
#5744 = CARTESIAN_POINT('',(-0.879672098868,-36.7952686772,
    1.482369782481E-12));
#5745 = CARTESIAN_POINT('',(-1.959608527232E-02,-36.06859162182,
    -3.980371587876E-12));
#5746 = CARTESIAN_POINT('',(0.86802176812,-35.36650193479,
    7.748912622712E-12));
#5747 = CARTESIAN_POINT('',(1.782572155668,-34.68950986352,
    -1.170663566078E-11));
#5748 = CARTESIAN_POINT('',(2.723490660779,-34.03810017694,
    1.413003047912E-11));
#5749 = CARTESIAN_POINT('',(3.690253273419,-33.41275410654,
    -1.379119041181E-11));
#5750 = CARTESIAN_POINT('',(4.6823855461,-32.81396386957,
    1.091660095658E-11));
#5751 = CARTESIAN_POINT('',(5.699476245189,-32.24224513873,
    -6.949552044927E-12));
#5752 = CARTESIAN_POINT('',(6.741186354827,-31.69815287847,
    3.456790409476E-12));
#5753 = CARTESIAN_POINT('',(7.807244290867,-31.18230591779,
    -1.251443393357E-12));
#5754 = CARTESIAN_POINT('',(8.897418181617,-30.69542566786,
    2.580158309229E-13));
#5755 = CARTESIAN_POINT('',(11.125493964445,-29.78136306785,
    -2.247091401841E-13));
#5756 = CARTESIAN_POINT('',(12.26330036203,-29.35416785266,
    9.419132140915E-13));
#5757 = CARTESIAN_POINT('',(13.425713367592,-28.95775137265,
    -2.534861209829E-12));
#5758 = CARTESIAN_POINT('',(14.607158029775,-28.59276846581,
    5.101696842739E-12));
#5759 = CARTESIAN_POINT('',(15.82469708646,-28.26140683793,
    -8.113509864007E-12));
#5760 = CARTESIAN_POINT('',(17.038725638727,-27.96306518151,
    1.037880892333E-11));
#5761 = CARTESIAN_POINT('',(18.314835399564,-27.7020300687,
    -1.068256594302E-11));
#5762 = CARTESIAN_POINT('',(19.570564832106,-27.47803299425,
    8.825828956511E-12));
#5763 = CARTESIAN_POINT('',(20.879300466925,-27.29385710512,
    -5.794031920934E-12));
#5764 = CARTESIAN_POINT('',(22.194236049736,-27.15311098822,
    2.94786417498E-12));
#5765 = CARTESIAN_POINT('',(23.531724712339,-27.05749539586,
    -1.085354028874E-12));
#5766 = CARTESIAN_POINT('',(24.88384935439,-27.01019107153,
    2.438049762077E-13));
#5767 = CARTESIAN_POINT('',(26.332615456985,-27.01378673366,
    -1.427645661756E-14));
#5768 = CARTESIAN_POINT('',(26.417743662295,-27.01399801156,
    -2.944109165483E-14));
#5769 = CARTESIAN_POINT('',(26.502871867605,-27.01420928947,
    -4.460572669209E-14));
#5770 = CARTESIAN_POINT('',(26.588000072915,-27.01442056737,
    -5.977036172936E-14));
#5771 = CARTESIAN_POINT('',(26.673128278225,-27.01463184527,
    -7.493499676662E-14));
#5772 = CARTESIAN_POINT('',(26.758256483535,-27.01484312318,
    -9.009963180389E-14));
#5773 = CARTESIAN_POINT('',(26.843384688845,-27.01505440108,
    -1.052642668412E-13));
#5774 = CARTESIAN_POINT('',(26.928512894154,-27.01526567898,
    -1.204289018784E-13));
#5775 = CARTESIAN_POINT('',(27.013641099464,-27.01547695688,
    -1.355935369157E-13));
#5776 = CARTESIAN_POINT('',(27.098769304774,-27.01568823479,
    -1.507581719529E-13));
#5777 = CARTESIAN_POINT('',(27.183897510084,-27.01589951269,
    -1.659228069902E-13));
#5778 = CARTESIAN_POINT('',(27.269025715394,-27.01611079059,
    -1.810874420275E-13));
#5779 = CARTESIAN_POINT('',(27.354153920704,-27.0163220685,
    -1.962520770647E-13));
#5780 = DEFINITIONAL_REPRESENTATION('',(#5781),#5785);
#5781 = LINE('',#5782,#5783);
#5782 = CARTESIAN_POINT('',(26.174596211354,0.));
#5783 = VECTOR('',#5784,1.);
#5784 = DIRECTION('',(0.,1.));
#5785 = ( GEOMETRIC_REPRESENTATION_CONTEXT(2) 
PARAMETRIC_REPRESENTATION_CONTEXT() REPRESENTATION_CONTEXT('2D SPACE',''
  ) );
#5786 = ORIENTED_EDGE('',*,*,#5787,.T.);
#5787 = EDGE_CURVE('',#5544,#5788,#5790,.T.);
#5788 = VERTEX_POINT('',#5789);
#5789 = CARTESIAN_POINT('',(30.858436735558,-13.95960516538,
    1.998401444325E-15));
#5790 = SURFACE_CURVE('',#5791,(#5842,#5872),.PCURVE_S1.);
#5791 = B_SPLINE_CURVE_WITH_KNOTS('',13,(#5792,#5793,#5794,#5795,#5796,
    #5797,#5798,#5799,#5800,#5801,#5802,#5803,#5804,#5805,#5806,#5807,
    #5808,#5809,#5810,#5811,#5812,#5813,#5814,#5815,#5816,#5817,#5818,
    #5819,#5820,#5821,#5822,#5823,#5824,#5825,#5826,#5827,#5828,#5829,
    #5830,#5831,#5832,#5833,#5834,#5835,#5836,#5837,#5838,#5839,#5840,
    #5841),.UNSPECIFIED.,.F.,.F.,(14,12,12,12,14),(-1.908874923304,
    -0.909844309418,12.177453796259,25.264751901937,26.081756329809),
  .UNSPECIFIED.);
#5792 = CARTESIAN_POINT('',(16.67661815775,-35.5068096735,
    -8.990605010528E-14));
#5793 = CARTESIAN_POINT('',(16.700148396921,-35.42499779281,
    -8.302436080563E-14));
#5794 = CARTESIAN_POINT('',(16.723678636093,-35.34318591212,
    -7.614267150598E-14));
#5795 = CARTESIAN_POINT('',(16.747208875264,-35.26137403142,
    -6.926098220633E-14));
#5796 = CARTESIAN_POINT('',(16.770739114436,-35.17956215073,
    -6.237929290668E-14));
#5797 = CARTESIAN_POINT('',(16.794269353607,-35.09775027004,
    -5.549760360704E-14));
#5798 = CARTESIAN_POINT('',(16.817799592779,-35.01593838935,
    -4.861591430739E-14));
#5799 = CARTESIAN_POINT('',(16.84132983195,-34.93412650866,
    -4.173422500774E-14));
#5800 = CARTESIAN_POINT('',(16.864860071121,-34.85231462797,
    -3.485253570809E-14));
#5801 = CARTESIAN_POINT('',(16.888390310293,-34.77050274728,
    -2.797084640844E-14));
#5802 = CARTESIAN_POINT('',(16.911920549464,-34.68869086659,
    -2.108915710879E-14));
#5803 = CARTESIAN_POINT('',(16.935450788636,-34.6068789859,
    -1.420746780915E-14));
#5804 = CARTESIAN_POINT('',(16.958981027807,-34.52506710521,
    -7.325778509498E-15));
#5805 = CARTESIAN_POINT('',(17.290757330968,-33.37151982792,
    8.970602038971E-14));
#5806 = CARTESIAN_POINT('',(17.635815953963,-32.30547346294,
    -3.597122599786E-13));
#5807 = CARTESIAN_POINT('',(18.017325103305,-31.24611466593,
    8.451017663447E-13));
#5808 = CARTESIAN_POINT('',(18.434979869525,-30.19427823432,
    -1.356692536092E-12));
#5809 = CARTESIAN_POINT('',(18.8885077028,-29.15071070902,
    1.547206807118E-12));
#5810 = CARTESIAN_POINT('',(19.37766218751,-28.11611411916,
    -1.215916256568E-12));
#5811 = CARTESIAN_POINT('',(19.902230134594,-27.09116723017,
    5.710987238678E-13));
#5812 = CARTESIAN_POINT('',(20.462046767926,-26.07653353671,
    -1.820765760384E-14));
#5813 = CARTESIAN_POINT('',(21.057013786016,-25.07286524268,
    -1.971756091735E-13));
#5814 = CARTESIAN_POINT('',(21.687115074145,-24.08081246835,
    1.412203687323E-13));
#5815 = CARTESIAN_POINT('',(22.352424848339,-23.10104692796,
    -8.437694987151E-15));
#5816 = CARTESIAN_POINT('',(23.053103007311,-22.13430931754,
    -6.439293542826E-14));
#5817 = CARTESIAN_POINT('',(24.525641936778,-20.22866999386,
    1.856292897173E-13));
#5818 = CARTESIAN_POINT('',(25.297413574143,-19.28980488637,
    -1.209699007633E-12));
#5819 = CARTESIAN_POINT('',(26.105884526442,-18.36529164131,
    3.699263118038E-12));
#5820 = CARTESIAN_POINT('',(26.946554164072,-17.4584848412,
    -7.867928530967E-12));
#5821 = CARTESIAN_POINT('',(27.835293102619,-16.56274772483,
    1.286037942792E-11));
#5822 = CARTESIAN_POINT('',(28.737501842482,-15.69736199584,
    -1.665023674509E-11));
#5823 = CARTESIAN_POINT('',(29.712127756072,-14.8332440758,
    1.724753673198E-11));
#5824 = CARTESIAN_POINT('',(30.687622808476,-14.01139220324,
    -1.428857032703E-11));
#5825 = CARTESIAN_POINT('',(31.728933169951,-13.19752338669,
    9.421352586927E-12));
#5826 = CARTESIAN_POINT('',(32.797327730882,-12.41816588277,
    -4.818367926883E-12));
#5827 = CARTESIAN_POINT('',(33.907819093639,-11.6666160194,
    1.804778548829E-12));
#5828 = CARTESIAN_POINT('',(35.055141220622,-10.94958695182,
    -4.014566457045E-13));
#5829 = CARTESIAN_POINT('',(36.311607300668,-10.22831783527,
    2.930815899301E-14));
#5830 = CARTESIAN_POINT('',(36.385436127996,-10.18593670465,
    5.461951509737E-14));
#5831 = CARTESIAN_POINT('',(36.459264955324,-10.14355557402,
    7.993087120173E-14));
#5832 = CARTESIAN_POINT('',(36.533093782653,-10.1011744434,
    1.052422273061E-13));
#5833 = CARTESIAN_POINT('',(36.606922609981,-10.05879331277,
    1.305535834105E-13));
#5834 = CARTESIAN_POINT('',(36.680751437309,-10.01641218215,
    1.558649395148E-13));
#5835 = CARTESIAN_POINT('',(36.754580264637,-9.974031051531,
    1.811762956192E-13));
#5836 = CARTESIAN_POINT('',(36.828409091966,-9.931649920907,
    2.064876517235E-13));
#5837 = CARTESIAN_POINT('',(36.902237919294,-9.889268790283,
    2.317990078279E-13));
#5838 = CARTESIAN_POINT('',(36.976066746622,-9.846887659659,
    2.571103639323E-13));
#5839 = CARTESIAN_POINT('',(37.04989557395,-9.804506529034,
    2.824217200366E-13));
#5840 = CARTESIAN_POINT('',(37.123724401278,-9.76212539841,
    3.07733076141E-13));
#5841 = CARTESIAN_POINT('',(37.197553228607,-9.719744267786,
    3.330444322453E-13));
#5842 = PCURVE('',#2016,#5843);
#5843 = DEFINITIONAL_REPRESENTATION('',(#5844),#5871);
#5844 = B_SPLINE_CURVE_WITH_KNOTS('',13,(#5845,#5846,#5847,#5848,#5849,
    #5850,#5851,#5852,#5853,#5854,#5855,#5856,#5857,#5858,#5859,#5860,
    #5861,#5862,#5863,#5864,#5865,#5866,#5867,#5868,#5869,#5870),
  .UNSPECIFIED.,.F.,.F.,(14,12,14),(-0.909844309418,12.177453796259,
    25.264751901937),.UNSPECIFIED.);
#5845 = CARTESIAN_POINT('',(-34.44325522452,-16.98251126697));
#5846 = CARTESIAN_POINT('',(-33.37151982792,-17.29075733096));
#5847 = CARTESIAN_POINT('',(-32.30547346294,-17.63581595396));
#5848 = CARTESIAN_POINT('',(-31.24611466592,-18.01732510328));
#5849 = CARTESIAN_POINT('',(-30.19427823433,-18.43497986956));
#5850 = CARTESIAN_POINT('',(-29.150710709,-18.88850770274));
#5851 = CARTESIAN_POINT('',(-28.11611411918,-19.37766218758));
#5852 = CARTESIAN_POINT('',(-27.09116723015,-19.90223013451));
#5853 = CARTESIAN_POINT('',(-26.07653353673,-20.46204676799));
#5854 = CARTESIAN_POINT('',(-25.07286524266,-21.05701378597));
#5855 = CARTESIAN_POINT('',(-24.08081246835,-21.68711507416));
#5856 = CARTESIAN_POINT('',(-23.10104692795,-22.35242484832));
#5857 = CARTESIAN_POINT('',(-22.13430931754,-23.05310300731));
#5858 = CARTESIAN_POINT('',(-20.22866999386,-24.52564193677));
#5859 = CARTESIAN_POINT('',(-19.28980488639,-25.29741357415));
#5860 = CARTESIAN_POINT('',(-18.36529164127,-26.10588452641));
#5861 = CARTESIAN_POINT('',(-17.45848484129,-26.94655416413));
#5862 = CARTESIAN_POINT('',(-16.5627477247,-27.83529310252));
#5863 = CARTESIAN_POINT('',(-15.697361996,-28.73750184259));
#5864 = CARTESIAN_POINT('',(-14.83324407563,-29.71212775596));
#5865 = CARTESIAN_POINT('',(-14.01139220337,-30.68762280856));
#5866 = CARTESIAN_POINT('',(-13.1975233866,-31.72893316989));
#5867 = CARTESIAN_POINT('',(-12.41816588282,-32.7973277309));
#5868 = CARTESIAN_POINT('',(-11.66661601938,-33.90781909362));
#5869 = CARTESIAN_POINT('',(-10.94958695183,-35.05514122062));
#5870 = CARTESIAN_POINT('',(-10.2706989659,-36.23777847334));
#5871 = ( GEOMETRIC_REPRESENTATION_CONTEXT(2) 
PARAMETRIC_REPRESENTATION_CONTEXT() REPRESENTATION_CONTEXT('2D SPACE',''
  ) );
#5872 = PCURVE('',#5873,#6024);
#5873 = ( BOUNDED_SURFACE() B_SPLINE_SURFACE(2,13,(
    (#5874,#5875,#5876,#5877,#5878,#5879,#5880,#5881,#5882,#5883,#5884
      ,#5885,#5886,#5887,#5888,#5889,#5890,#5891,#5892,#5893,#5894,#5895
      ,#5896,#5897,#5898,#5899,#5900,#5901,#5902,#5903,#5904,#5905,#5906
      ,#5907,#5908,#5909,#5910,#5911,#5912,#5913,#5914,#5915,#5916,#5917
      ,#5918,#5919,#5920,#5921,#5922,#5923)
    ,(#5924,#5925,#5926,#5927,#5928,#5929,#5930,#5931,#5932,#5933,#5934
      ,#5935,#5936,#5937,#5938,#5939,#5940,#5941,#5942,#5943,#5944,#5945
      ,#5946,#5947,#5948,#5949,#5950,#5951,#5952,#5953,#5954,#5955,#5956
      ,#5957,#5958,#5959,#5960,#5961,#5962,#5963,#5964,#5965,#5966,#5967
      ,#5968,#5969,#5970,#5971,#5972,#5973)
    ,(#5974,#5975,#5976,#5977,#5978,#5979,#5980,#5981,#5982,#5983,#5984
      ,#5985,#5986,#5987,#5988,#5989,#5990,#5991,#5992,#5993,#5994,#5995
      ,#5996,#5997,#5998,#5999,#6000,#6001,#6002,#6003,#6004,#6005,#6006
      ,#6007,#6008,#6009,#6010,#6011,#6012,#6013,#6014,#6015,#6016,#6017
      ,#6018,#6019,#6020,#6021,#6022,#6023
)),.UNSPECIFIED.,.F.,.F.,.F.) B_SPLINE_SURFACE_WITH_KNOTS((3,3),(14,12,
    12,12,14),(0.,26.174596211355),(-1.908874923304,-0.909844309418,
    12.177453796259,25.264751901937,26.081756329809),.UNSPECIFIED.) 
GEOMETRIC_REPRESENTATION_ITEM() RATIONAL_B_SPLINE_SURFACE((
    (1.,1.,1.,1.,1.,1.,1.,1.,1.,1.,1.,1.,1.,1.,1.,1.,1.,1.,1.,1.,1.,1.
      ,1.,1.,1.,1.,1.,1.,1.,1.,1.,1.,1.,1.,1.,1.,1.,1.,1.,1.,1.,1.,1.,1.
      ,1.,1.,1.,1.,1.,1.)
    ,(0.874589043656,0.875085962011,0.87550006064,0.875831339542
      ,0.87607979872,0.876245438171,0.876328257897,0.876328257897
      ,0.876245438171,0.87607979872,0.875831339542,0.87550006064
      ,0.875085962011,0.868079414674,0.861094084584,0.853605149567
      ,0.845586424405,0.837012985142,0.827860909273,0.818107256912
      ,0.807730336356,0.796710297523,0.785030096641,0.772676875697
      ,0.759643800025,0.732220994993,0.717832363838,0.702759255868
      ,0.687059540847,0.670608415344,0.653780274363,0.636086655067
      ,0.618285962699,0.599915281653,0.58147275191,0.563006344078
      ,0.544750892277,0.525782941587,0.524854158352,0.524111131764
      ,0.523553861823,0.523182348529,0.522996591882,0.522996591882
      ,0.523182348529,0.523553861823,0.524111131764,0.524854158352
      ,0.525782941587,0.526897481468)
    ,(1.,1.,1.,1.,1.,1.,1.,1.,1.,1.,1.,1.,1.,1.,1.,1.,1.,1.,1.,1.,1.,1.
      ,1.,1.,1.,1.,1.,1.,1.,1.,1.,1.,1.,1.,1.,1.,1.,1.,1.,1.,1.,1.,1.,1.
,1.,1.,1.,1.,1.,1.))) REPRESENTATION_ITEM('') SURFACE() );
#5874 = CARTESIAN_POINT('',(20.568605251833,-37.01687979813,
    2.220267356543));
#5875 = CARTESIAN_POINT('',(20.600564970681,-36.92638961375,
    2.23167886044));
#5876 = CARTESIAN_POINT('',(20.631889986475,-36.8376965164,
    2.242863737926));
#5877 = CARTESIAN_POINT('',(20.662580299215,-36.75080050609,
    2.253821989002));
#5878 = CARTESIAN_POINT('',(20.692635908902,-36.66570158281,
    2.264553613666));
#5879 = CARTESIAN_POINT('',(20.722056815534,-36.58239974656,
    2.27505861192));
#5880 = CARTESIAN_POINT('',(20.750843019113,-36.50089499735,
    2.285336983763));
#5881 = CARTESIAN_POINT('',(20.778994519638,-36.42118733517,
    2.295388729195));
#5882 = CARTESIAN_POINT('',(20.80651131711,-36.34327676003,
    2.305213848216));
#5883 = CARTESIAN_POINT('',(20.833393411527,-36.26716327192,
    2.314812340827));
#5884 = CARTESIAN_POINT('',(20.85964080289,-36.19284687085,
    2.324184207027));
#5885 = CARTESIAN_POINT('',(20.8852534912,-36.12032755681,2.333329446816
    ));
#5886 = CARTESIAN_POINT('',(20.910231476456,-36.04960532981,
    2.342248060194));
#5887 = CARTESIAN_POINT('',(21.253471683957,-35.07776105883,
    2.464805050889));
#5888 = CARTESIAN_POINT('',(21.60148193578,-34.18376183034,
    2.586072303479));
#5889 = CARTESIAN_POINT('',(21.97759768103,-33.29885786732,
    2.715011834644));
#5890 = CARTESIAN_POINT('',(22.38075128217,-32.42316037329,
    2.851822791083));
#5891 = CARTESIAN_POINT('',(22.809892900591,-31.55661692701,
    2.996641653213));
#5892 = CARTESIAN_POINT('',(23.264052480289,-30.69896436864,
    3.149543907564));
#5893 = CARTESIAN_POINT('',(23.742389253079,-29.84972381746,
    3.310539988523));
#5894 = CARTESIAN_POINT('',(24.244231906484,-29.00822759911,
    3.479566302687));
#5895 = CARTESIAN_POINT('',(24.769112556123,-28.17366786401,
    3.656472149691));
#5896 = CARTESIAN_POINT('',(25.316797663126,-27.34515667328,
    3.841003352642));
#5897 = CARTESIAN_POINT('',(25.887319038686,-26.52178733489,
    4.032783412036));
#5898 = CARTESIAN_POINT('',(26.481008076519,-25.70268676639,
    4.231292996422));
#5899 = CARTESIAN_POINT('',(27.716064632845,-24.07141056514,
    4.640404170494));
#5900 = CARTESIAN_POINT('',(28.357406215166,-23.25926870598,
    4.850992544545));
#5901 = CARTESIAN_POINT('',(29.023438505476,-22.44964718531,
    5.067033774032));
#5902 = CARTESIAN_POINT('',(29.714016178993,-21.64298107375,
    5.287110347168));
#5903 = CARTESIAN_POINT('',(30.434116255373,-20.83536481544,
    5.511928509979));
#5904 = CARTESIAN_POINT('',(31.176892201313,-20.0348671143,
    5.736176568286));
#5905 = CARTESIAN_POINT('',(31.958886649952,-19.22805567612,
    5.964953080606));
#5906 = CARTESIAN_POINT('',(32.763752305565,-18.4338623344,
    6.188254912085));
#5907 = CARTESIAN_POINT('',(33.611517299045,-17.63768288631,
    6.411260300048));
#5908 = CARTESIAN_POINT('',(34.493060057448,-16.85373477901,
    6.627438611026));
#5909 = CARTESIAN_POINT('',(35.415790178815,-16.08152420556,
    6.836372423074));
#5910 = CARTESIAN_POINT('',(36.379645130846,-15.32806410564,
    7.035652096408));
#5911 = CARTESIAN_POINT('',(37.447888377873,-14.55399889754,
    7.235535405356));
#5912 = CARTESIAN_POINT('',(37.51155516264,-14.50786498269,
    7.247448354626));
#5913 = CARTESIAN_POINT('',(37.576119710804,-14.4610805349,
    7.259529288031));
#5914 = CARTESIAN_POINT('',(37.641582022365,-14.41364555419,
    7.271778205572));
#5915 = CARTESIAN_POINT('',(37.707942097323,-14.36556004054,
    7.284195107248));
#5916 = CARTESIAN_POINT('',(37.775199935678,-14.31682399396,
    7.29677999306));
#5917 = CARTESIAN_POINT('',(37.84335553743,-14.26743741445,
    7.309532863007));
#5918 = CARTESIAN_POINT('',(37.912408902579,-14.21740030201,
    7.32245371709));
#5919 = CARTESIAN_POINT('',(37.982360031125,-14.16671265664,
    7.335542555309));
#5920 = CARTESIAN_POINT('',(38.053208923068,-14.11537447834,
    7.348799377663));
#5921 = CARTESIAN_POINT('',(38.124955578408,-14.06338576711,
    7.362224184153));
#5922 = CARTESIAN_POINT('',(38.197599997145,-14.01074652294,
    7.375816974778));
#5923 = CARTESIAN_POINT('',(38.271142179279,-13.95745674585,
    7.389577749539));
#5924 = CARTESIAN_POINT('',(19.178494246646,-36.48488657258,
    7.887068864903E-14));
#5925 = CARTESIAN_POINT('',(19.211295713407,-36.39710820844,
    7.249316764025E-14));
#5926 = CARTESIAN_POINT('',(19.243563100018,-36.31075906946,
    6.621948672497E-14));
#5927 = CARTESIAN_POINT('',(19.275306317764,-36.22581263256,
    6.004771887267E-14));
#5928 = CARTESIAN_POINT('',(19.306534963752,-36.14224321539,
    5.397599813769E-14));
#5929 = CARTESIAN_POINT('',(19.337258330579,-36.06002595052,
    4.800251778011E-14));
#5930 = CARTESIAN_POINT('',(19.367485415539,-35.97913676071,
    4.212552847432E-14));
#5931 = CARTESIAN_POINT('',(19.397224929412,-35.8995523355,
    3.634333660151E-14));
#5932 = CARTESIAN_POINT('',(19.426485304831,-35.82125010874,
    3.065430262262E-14));
#5933 = CARTESIAN_POINT('',(19.455274704251,-35.74420823728,
    2.505683952837E-14));
#5934 = CARTESIAN_POINT('',(19.483601027542,-35.66840558068,
    1.954941136341E-14));
#5935 = CARTESIAN_POINT('',(19.511471919213,-35.59382168186,
    1.413053182168E-14));
#5936 = CARTESIAN_POINT('',(19.538894775286,-35.52043674868,
    8.798762910188E-15));
#5937 = CARTESIAN_POINT('',(19.922193456578,-34.49471032407,
    -6.572520305781E-14));
#5938 = CARTESIAN_POINT('',(20.314800909415,-33.55423951068,
    3.46389583683E-13));
#5939 = CARTESIAN_POINT('',(20.743019264575,-32.62832329177,
    -1.041833286308E-12));
#5940 = CARTESIAN_POINT('',(21.206037633566,-31.71851626348,
    2.328359727244E-12));
#5941 = CARTESIAN_POINT('',(21.70294787647,-30.82637307647,
    -4.001687869959E-12));
#5942 = CARTESIAN_POINT('',(22.232762701185,-29.9534294198,
    5.44853051565E-12));
#5943 = CARTESIAN_POINT('',(22.79442181391,-29.1012061884,
    -5.933031843597E-12));
#5944 = CARTESIAN_POINT('',(23.386789477537,-28.27122859387,
    5.140776693224E-12));
#5945 = CARTESIAN_POINT('',(24.008646430261,-27.46505173879,
    -3.441691376338E-12));
#5946 = CARTESIAN_POINT('',(24.658678704304,-26.68428361978,
    1.683542194542E-12));
#5947 = CARTESIAN_POINT('',(25.33546547899,-25.93059553729,
    -4.942712905631E-13));
#5948 = CARTESIAN_POINT('',(26.037467716051,-25.2057083407,
    2.22044604925E-15));
#5949 = CARTESIAN_POINT('',(27.515743251289,-23.79096779086,
    1.696420781627E-13));
#5950 = CARTESIAN_POINT('',(28.297656549071,-23.09976988342,
    -1.340261235327E-12));
#5951 = CARTESIAN_POINT('',(29.107500815792,-22.44003076804,
    4.41247038907E-12));
#5952 = CARTESIAN_POINT('',(29.944303515545,-21.81338347269,
    -1.007371963624E-11));
#5953 = CARTESIAN_POINT('',(30.805625517519,-21.22422152365,
    1.766764512467E-11));
#5954 = CARTESIAN_POINT('',(31.690427216474,-20.67131559589,
    -2.463274029196E-11));
#5955 = CARTESIAN_POINT('',(32.59704391282,-20.16250474824,
    2.762723383398E-11));
#5956 = CARTESIAN_POINT('',(33.51858961411,-19.69567117723,
    -2.480504690539E-11));
#5957 = CARTESIAN_POINT('',(34.459845004761,-19.27477165712,
    1.763966750445E-11));
#5958 = CARTESIAN_POINT('',(35.408890745305,-18.90229313151,
    -9.666489830806E-12));
#5959 = CARTESIAN_POINT('',(36.368091594435,-18.5770502374,
    3.852029806239E-12));
#5960 = CARTESIAN_POINT('',(37.333451864589,-18.29909623707,
    -9.348077867344E-13));
#5961 = CARTESIAN_POINT('',(38.366943372572,-18.0518927073,
    7.842967141474E-14));
#5962 = CARTESIAN_POINT('',(38.433320212387,-18.03601585783,
    1.43505678266E-13));
#5963 = CARTESIAN_POINT('',(38.50323769557,-18.01929211264,
    2.120529400412E-13));
#5964 = CARTESIAN_POINT('',(38.576636476678,-18.00173566672,
    2.840132743324E-13));
#5965 = CARTESIAN_POINT('',(38.653449499042,-17.98336255953,
    3.593209386252E-13));
#5966 = CARTESIAN_POINT('',(38.733602191849,-17.96419062785,
    4.379028235238E-13));
#5967 = CARTESIAN_POINT('',(38.817012708318,-17.94423944883,
    5.196786862537E-13));
#5968 = CARTESIAN_POINT('',(38.903592203374,-17.92353027356,
    6.045614229009E-13));
#5969 = CARTESIAN_POINT('',(38.99324514888,-17.90208595165,
    6.924573774567E-13));
#5970 = CARTESIAN_POINT('',(39.085869684042,-17.87993084746,
    7.832666853662E-13));
#5971 = CARTESIAN_POINT('',(39.181357998337,-17.85709074848,
    8.768836489426E-13));
#5972 = CARTESIAN_POINT('',(39.279596743928,-17.83359276665,
    9.731971417048E-13));
#5973 = CARTESIAN_POINT('',(39.380467474312,-17.80946523352,
    1.072091038429E-12));
#5974 = CARTESIAN_POINT('',(16.67661815775,-35.5068096735,
    -8.990605010528E-14));
#5975 = CARTESIAN_POINT('',(16.700148396921,-35.42499779281,
    -8.302436080563E-14));
#5976 = CARTESIAN_POINT('',(16.723678636093,-35.34318591212,
    -7.614267150598E-14));
#5977 = CARTESIAN_POINT('',(16.747208875264,-35.26137403142,
    -6.926098220633E-14));
#5978 = CARTESIAN_POINT('',(16.770739114436,-35.17956215073,
    -6.237929290668E-14));
#5979 = CARTESIAN_POINT('',(16.794269353607,-35.09775027004,
    -5.549760360704E-14));
#5980 = CARTESIAN_POINT('',(16.817799592779,-35.01593838935,
    -4.861591430739E-14));
#5981 = CARTESIAN_POINT('',(16.84132983195,-34.93412650866,
    -4.173422500774E-14));
#5982 = CARTESIAN_POINT('',(16.864860071121,-34.85231462797,
    -3.485253570809E-14));
#5983 = CARTESIAN_POINT('',(16.888390310293,-34.77050274728,
    -2.797084640844E-14));
#5984 = CARTESIAN_POINT('',(16.911920549464,-34.68869086659,
    -2.108915710879E-14));
#5985 = CARTESIAN_POINT('',(16.935450788636,-34.6068789859,
    -1.420746780915E-14));
#5986 = CARTESIAN_POINT('',(16.958981027807,-34.52506710521,
    -7.325778509498E-15));
#5987 = CARTESIAN_POINT('',(17.290757330968,-33.37151982792,
    8.970602038971E-14));
#5988 = CARTESIAN_POINT('',(17.635815953963,-32.30547346294,
    -3.597122599786E-13));
#5989 = CARTESIAN_POINT('',(18.017325103305,-31.24611466593,
    8.451017663447E-13));
#5990 = CARTESIAN_POINT('',(18.434979869525,-30.19427823432,
    -1.356692536092E-12));
#5991 = CARTESIAN_POINT('',(18.8885077028,-29.15071070902,
    1.547206807118E-12));
#5992 = CARTESIAN_POINT('',(19.37766218751,-28.11611411916,
    -1.215916256568E-12));
#5993 = CARTESIAN_POINT('',(19.902230134594,-27.09116723017,
    5.710987238678E-13));
#5994 = CARTESIAN_POINT('',(20.462046767926,-26.07653353671,
    -1.820765760384E-14));
#5995 = CARTESIAN_POINT('',(21.057013786016,-25.07286524268,
    -1.971756091735E-13));
#5996 = CARTESIAN_POINT('',(21.687115074145,-24.08081246835,
    1.412203687323E-13));
#5997 = CARTESIAN_POINT('',(22.352424848339,-23.10104692796,
    -8.437694987151E-15));
#5998 = CARTESIAN_POINT('',(23.053103007311,-22.13430931754,
    -6.439293542826E-14));
#5999 = CARTESIAN_POINT('',(24.525641936778,-20.22866999386,
    1.856292897173E-13));
#6000 = CARTESIAN_POINT('',(25.297413574143,-19.28980488637,
    -1.209699007633E-12));
#6001 = CARTESIAN_POINT('',(26.105884526442,-18.36529164131,
    3.699263118038E-12));
#6002 = CARTESIAN_POINT('',(26.946554164072,-17.4584848412,
    -7.867928530967E-12));
#6003 = CARTESIAN_POINT('',(27.835293102619,-16.56274772483,
    1.286037942792E-11));
#6004 = CARTESIAN_POINT('',(28.737501842482,-15.69736199584,
    -1.665023674509E-11));
#6005 = CARTESIAN_POINT('',(29.712127756072,-14.8332440758,
    1.724753673198E-11));
#6006 = CARTESIAN_POINT('',(30.687622808476,-14.01139220324,
    -1.428857032703E-11));
#6007 = CARTESIAN_POINT('',(31.728933169951,-13.19752338669,
    9.421352586927E-12));
#6008 = CARTESIAN_POINT('',(32.797327730882,-12.41816588277,
    -4.818367926883E-12));
#6009 = CARTESIAN_POINT('',(33.907819093639,-11.6666160194,
    1.804778548829E-12));
#6010 = CARTESIAN_POINT('',(35.055141220622,-10.94958695182,
    -4.014566457045E-13));
#6011 = CARTESIAN_POINT('',(36.311607300668,-10.22831783527,
    2.930815899301E-14));
#6012 = CARTESIAN_POINT('',(36.385436127996,-10.18593670465,
    5.461951509737E-14));
#6013 = CARTESIAN_POINT('',(36.459264955324,-10.14355557402,
    7.993087120173E-14));
#6014 = CARTESIAN_POINT('',(36.533093782653,-10.1011744434,
    1.052422273061E-13));
#6015 = CARTESIAN_POINT('',(36.606922609981,-10.05879331277,
    1.305535834105E-13));
#6016 = CARTESIAN_POINT('',(36.680751437309,-10.01641218215,
    1.558649395148E-13));
#6017 = CARTESIAN_POINT('',(36.754580264637,-9.974031051531,
    1.811762956192E-13));
#6018 = CARTESIAN_POINT('',(36.828409091966,-9.931649920907,
    2.064876517235E-13));
#6019 = CARTESIAN_POINT('',(36.902237919294,-9.889268790283,
    2.317990078279E-13));
#6020 = CARTESIAN_POINT('',(36.976066746622,-9.846887659659,
    2.571103639323E-13));
#6021 = CARTESIAN_POINT('',(37.04989557395,-9.804506529034,
    2.824217200366E-13));
#6022 = CARTESIAN_POINT('',(37.123724401278,-9.76212539841,
    3.07733076141E-13));
#6023 = CARTESIAN_POINT('',(37.197553228607,-9.719744267786,
    3.330444322453E-13));
#6024 = DEFINITIONAL_REPRESENTATION('',(#6025),#6029);
#6025 = LINE('',#6026,#6027);
#6026 = CARTESIAN_POINT('',(26.174596211355,0.));
#6027 = VECTOR('',#6028,1.);
#6028 = DIRECTION('',(0.,1.));
#6029 = ( GEOMETRIC_REPRESENTATION_CONTEXT(2) 
PARAMETRIC_REPRESENTATION_CONTEXT() REPRESENTATION_CONTEXT('2D SPACE',''
  ) );
#6030 = ORIENTED_EDGE('',*,*,#6031,.T.);
#6031 = EDGE_CURVE('',#5788,#4020,#6032,.T.);
#6032 = SURFACE_CURVE('',#6033,(#6084,#6114),.PCURVE_S1.);
#6033 = B_SPLINE_CURVE_WITH_KNOTS('',13,(#6034,#6035,#6036,#6037,#6038,
    #6039,#6040,#6041,#6042,#6043,#6044,#6045,#6046,#6047,#6048,#6049,
    #6050,#6051,#6052,#6053,#6054,#6055,#6056,#6057,#6058,#6059,#6060,
    #6061,#6062,#6063,#6064,#6065,#6066,#6067,#6068,#6069,#6070,#6071,
    #6072,#6073,#6074,#6075,#6076,#6077,#6078,#6079,#6080,#6081,#6082,
    #6083),.UNSPECIFIED.,.F.,.F.,(14,12,12,12,14),(-1.908874923306,
    -0.909844309418,12.177453796257,25.264751901933,26.081756329802),
  .UNSPECIFIED.);
#6034 = CARTESIAN_POINT('',(32.195779810576,-22.41149010571,
    -1.056322397378E-14));
#6035 = CARTESIAN_POINT('',(32.17525165511,-22.32887381912,
    -9.614025449692E-15));
#6036 = CARTESIAN_POINT('',(32.154723499645,-22.24625753252,
    -8.664826925601E-15));
#6037 = CARTESIAN_POINT('',(32.134195344179,-22.16364124593,
    -7.715628401509E-15));
#6038 = CARTESIAN_POINT('',(32.113667188713,-22.08102495933,
    -6.766429877418E-15));
#6039 = CARTESIAN_POINT('',(32.093139033248,-21.99840867274,
    -5.817231353327E-15));
#6040 = CARTESIAN_POINT('',(32.072610877782,-21.91579238614,
    -4.868032829236E-15));
#6041 = CARTESIAN_POINT('',(32.052082722316,-21.83317609955,
    -3.918834305145E-15));
#6042 = CARTESIAN_POINT('',(32.03155456685,-21.75055981295,
    -2.969635781054E-15));
#6043 = CARTESIAN_POINT('',(32.011026411384,-21.66794352635,
    -2.020437256963E-15));
#6044 = CARTESIAN_POINT('',(31.990498255918,-21.58532723976,
    -1.071238732872E-15));
#6045 = CARTESIAN_POINT('',(31.969970100452,-21.50271095316,
    -1.220402087814E-16));
#6046 = CARTESIAN_POINT('',(31.949441944986,-21.42009466657,
    8.271583153094E-16));
#6047 = CARTESIAN_POINT('',(31.659995013246,-20.25520526839,
    1.42108547152E-14));
#6048 = CARTESIAN_POINT('',(31.425801364095,-19.15945272321,
    -1.509903313491E-14));
#6049 = CARTESIAN_POINT('',(31.2265185806,-18.05126651858,
    -8.926193117967E-14));
#6050 = CARTESIAN_POINT('',(31.062300002574,-16.93152206514,
    5.528910662657E-13));
#6051 = CARTESIAN_POINT('',(30.933282864484,-15.80100216091,
    -1.57029944602E-12));
#6052 = CARTESIAN_POINT('',(30.839604780195,-14.66043798923,
    2.972289081549E-12));
#6053 = CARTESIAN_POINT('',(30.781420503341,-13.51052397212,
    -4.049649504595E-12));
#6054 = CARTESIAN_POINT('',(30.758919083013,-12.35191710153,
    4.138467346614E-12));
#6055 = CARTESIAN_POINT('',(30.772341487744,-11.18523135277,
    -3.174349671998E-12));
#6056 = CARTESIAN_POINT('',(30.821998823238,-10.01103780431,
    1.791011783328E-12));
#6057 = CARTESIAN_POINT('',(30.908291218808,-8.829881069454,
    -6.732392421324E-13));
#6058 = CARTESIAN_POINT('',(31.031727499163,-7.642322660561,
    1.15463194561E-13));
#6059 = CARTESIAN_POINT('',(31.354163958308,-5.255721131068,
    -2.353672812205E-14));
#6060 = CARTESIAN_POINT('',(31.553105248402,-4.056754278582,
    -1.505462421392E-13));
#6061 = CARTESIAN_POINT('',(31.791005008926,-2.851866846039,
    7.052136652415E-13));
#6062 = CARTESIAN_POINT('',(32.065642870912,-1.646214302111,
    -1.69242397874E-12));
#6063 = CARTESIAN_POINT('',(32.387444811445,-0.426113734708,
    2.885691685603E-12));
#6064 = CARTESIAN_POINT('',(32.736087634336,0.774436660187,
    -3.717470775657E-12));
#6065 = CARTESIAN_POINT('',(33.148079475624,2.010097688153,
    3.793854119748E-12));
#6066 = CARTESIAN_POINT('',(33.581957035152,3.209589813606,
    -3.08020275952E-12));
#6067 = CARTESIAN_POINT('',(34.076823853701,4.435076065168,
    2.012612299041E-12));
#6068 = CARTESIAN_POINT('',(34.612401932493,5.644216742512,
    -1.00675023873E-12));
#6069 = CARTESIAN_POINT('',(35.198340731748,6.850323697824,
    3.725908470642E-13));
#6070 = CARTESIAN_POINT('',(35.833436306219,8.04495014908,
    -7.194245199571E-14));
#6071 = CARTESIAN_POINT('',(36.560933292261,9.297820567004,
    9.68110902581E-15));
#6072 = CARTESIAN_POINT('',(36.603680366948,9.37143811643,
    1.447723674327E-14));
#6073 = CARTESIAN_POINT('',(36.646427441634,9.445055665856,
    1.927336446073E-14));
#6074 = CARTESIAN_POINT('',(36.68917451632,9.518673215281,
    2.406949217819E-14));
#6075 = CARTESIAN_POINT('',(36.731921591006,9.592290764707,
    2.886561989565E-14));
#6076 = CARTESIAN_POINT('',(36.774668665692,9.665908314132,
    3.366174761311E-14));
#6077 = CARTESIAN_POINT('',(36.817415740378,9.739525863558,
    3.845787533057E-14));
#6078 = CARTESIAN_POINT('',(36.860162815064,9.813143412983,
    4.325400304803E-14));
#6079 = CARTESIAN_POINT('',(36.90290988975,9.886760962409,
    4.805013076549E-14));
#6080 = CARTESIAN_POINT('',(36.945656964436,9.960378511834,
    5.284625848295E-14));
#6081 = CARTESIAN_POINT('',(36.988404039122,10.03399606126,
    5.764238620041E-14));
#6082 = CARTESIAN_POINT('',(37.031151113808,10.107613610685,
    6.243851391787E-14));
#6083 = CARTESIAN_POINT('',(37.073898188494,10.181231160111,
    6.723464163533E-14));
#6084 = PCURVE('',#2016,#6085);
#6085 = DEFINITIONAL_REPRESENTATION('',(#6086),#6113);
#6086 = B_SPLINE_CURVE_WITH_KNOTS('',13,(#6087,#6088,#6089,#6090,#6091,
    #6092,#6093,#6094,#6095,#6096,#6097,#6098,#6099,#6100,#6101,#6102,
    #6103,#6104,#6105,#6106,#6107,#6108,#6109,#6110,#6111,#6112),
  .UNSPECIFIED.,.F.,.F.,(14,12,14),(-0.909844309418,12.177453796257,
    25.264751901933),.UNSPECIFIED.);
#6087 = CARTESIAN_POINT('',(-21.33747837997,-31.92891378952));
#6088 = CARTESIAN_POINT('',(-20.25520526839,-31.65999501324));
#6089 = CARTESIAN_POINT('',(-19.15945272321,-31.42580136409));
#6090 = CARTESIAN_POINT('',(-18.05126651859,-31.22651858059));
#6091 = CARTESIAN_POINT('',(-16.93152206512,-31.06230000258));
#6092 = CARTESIAN_POINT('',(-15.80100216093,-30.93328286447));
#6093 = CARTESIAN_POINT('',(-14.6604379892,-30.8396047802));
#6094 = CARTESIAN_POINT('',(-13.51052397214,-30.78142050333));
#6095 = CARTESIAN_POINT('',(-12.35191710151,-30.75891908301));
#6096 = CARTESIAN_POINT('',(-11.18523135278,-30.77234148774));
#6097 = CARTESIAN_POINT('',(-10.0110378043,-30.82199882323));
#6098 = CARTESIAN_POINT('',(-8.829881069456,-30.9082912188));
#6099 = CARTESIAN_POINT('',(-7.642322660561,-31.03172749916));
#6100 = CARTESIAN_POINT('',(-5.255721131069,-31.3541639583));
#6101 = CARTESIAN_POINT('',(-4.056754278579,-31.5531052484));
#6102 = CARTESIAN_POINT('',(-2.851866846049,-31.79100500893));
#6103 = CARTESIAN_POINT('',(-1.646214302092,-32.0656428709));
#6104 = CARTESIAN_POINT('',(-0.426113734738,-32.38744481145));
#6105 = CARTESIAN_POINT('',(0.774436660224,-32.73608763432));
#6106 = CARTESIAN_POINT('',(2.010097688115,-33.14807947563));
#6107 = CARTESIAN_POINT('',(3.209589813637,-33.58195703514));
#6108 = CARTESIAN_POINT('',(4.435076065147,-34.0768238537));
#6109 = CARTESIAN_POINT('',(5.644216742524,-34.61240193248));
#6110 = CARTESIAN_POINT('',(6.85032369782,-35.19834073175));
#6111 = CARTESIAN_POINT('',(8.044950149081,-35.83343630621));
#6112 = CARTESIAN_POINT('',(9.224203017579,-36.51818621757));
#6113 = ( GEOMETRIC_REPRESENTATION_CONTEXT(2) 
PARAMETRIC_REPRESENTATION_CONTEXT() REPRESENTATION_CONTEXT('2D SPACE',''
  ) );
#6114 = PCURVE('',#3739,#6115);
#6115 = DEFINITIONAL_REPRESENTATION('',(#6116),#6120);
#6116 = LINE('',#6117,#6118);
#6117 = CARTESIAN_POINT('',(26.174596211351,0.));
#6118 = VECTOR('',#6119,1.);
#6119 = DIRECTION('',(0.,1.));
#6120 = ( GEOMETRIC_REPRESENTATION_CONTEXT(2) 
PARAMETRIC_REPRESENTATION_CONTEXT() REPRESENTATION_CONTEXT('2D SPACE',''
  ) );
#6121 = ORIENTED_EDGE('',*,*,#4135,.T.);
#6122 = ORIENTED_EDGE('',*,*,#1955,.T.);
#6123 = ADVANCED_FACE('',(#6124),#2110,.T.);
#6124 = FACE_BOUND('',#6125,.T.);
#6125 = EDGE_LOOP('',(#6126,#6127,#6183,#6284,#6312));
#6126 = ORIENTED_EDGE('',*,*,#3639,.F.);
#6127 = ORIENTED_EDGE('',*,*,#6128,.F.);
#6128 = EDGE_CURVE('',#6129,#3535,#6131,.T.);
#6129 = VERTEX_POINT('',#6130);
#6130 = CARTESIAN_POINT('',(-22.84277946836,31.580987717267,
    3.007113252462));
#6131 = SURFACE_CURVE('',#6132,(#6147,#6165),.PCURVE_S1.);
#6132 = B_SPLINE_CURVE_WITH_KNOTS('',7,(#6133,#6134,#6135,#6136,#6137,
    #6138,#6139,#6140,#6141,#6142,#6143,#6144,#6145,#6146),
  .UNSPECIFIED.,.F.,.F.,(8,6,8),(0.,0.450444890696,1.),.UNSPECIFIED.);
#6133 = CARTESIAN_POINT('',(-22.84277960347,31.580987707054,
    3.007113258859));
#6134 = CARTESIAN_POINT('',(-22.92422538269,31.686587677302,
    3.278394425015));
#6135 = CARTESIAN_POINT('',(-23.02331054757,31.772198343039,
    3.556838395112));
#6136 = CARTESIAN_POINT('',(-23.13789560772,31.837633309142,
    3.84039812306));
#6137 = CARTESIAN_POINT('',(-23.2655980642,31.883132006769,
    4.127009424443));
#6138 = CARTESIAN_POINT('',(-23.40399274185,31.909242271244,
    4.414656469516));
#6139 = CARTESIAN_POINT('',(-23.55075036231,31.916726993196,
    4.701432299875));
#6140 = CARTESIAN_POINT('',(-23.89033462353,31.894011339269,
    5.332279879216));
#6141 = CARTESIAN_POINT('',(-24.08614865309,31.855159677483,
    5.674992187764));
#6142 = CARTESIAN_POINT('',(-24.28722505437,31.791613256936,
    6.010553180266));
#6143 = CARTESIAN_POINT('',(-24.48985837932,31.705378693778,
    6.335839689206));
#6144 = CARTESIAN_POINT('',(-24.69070409797,31.598847557255,
    6.647944093527));
#6145 = CARTESIAN_POINT('',(-24.88702079975,31.474773191958,
    6.944495885603));
#6146 = CARTESIAN_POINT('',(-25.07672194651,31.336082214368,
    7.223790440223));
#6147 = PCURVE('',#2110,#6148);
#6148 = DEFINITIONAL_REPRESENTATION('',(#6149),#6164);
#6149 = B_SPLINE_CURVE_WITH_KNOTS('',7,(#6150,#6151,#6152,#6153,#6154,
    #6155,#6156,#6157,#6158,#6159,#6160,#6161,#6162,#6163),
  .UNSPECIFIED.,.F.,.F.,(8,6,8),(0.,0.450444890696,1.),.UNSPECIFIED.);
#6150 = CARTESIAN_POINT('',(6.771718369882E-02,3.007113258858));
#6151 = CARTESIAN_POINT('',(5.86266218777E-02,3.278394425014));
#6152 = CARTESIAN_POINT('',(5.025032901906E-02,3.556838395112));
#6153 = CARTESIAN_POINT('',(4.260821564555E-02,3.84039812306));
#6154 = CARTESIAN_POINT('',(3.570577702727E-02,4.127009424443));
#6155 = CARTESIAN_POINT('',(2.953927914174E-02,4.414656469516));
#6156 = CARTESIAN_POINT('',(2.409892865039E-02,4.701432299875));
#6157 = CARTESIAN_POINT('',(1.360063716932E-02,5.332279879216));
#6158 = CARTESIAN_POINT('',(8.891605365578E-03,5.674992187763));
#6159 = CARTESIAN_POINT('',(5.215678109396E-03,6.010553180266));
#6160 = CARTESIAN_POINT('',(2.540161134022E-03,6.335839689206));
#6161 = CARTESIAN_POINT('',(8.217233967974E-04,6.647944093527));
#6162 = CARTESIAN_POINT('',(-4.832173324386E-14,6.944495885603));
#6163 = CARTESIAN_POINT('',(-7.69356000124E-15,7.223790440223));
#6164 = ( GEOMETRIC_REPRESENTATION_CONTEXT(2) 
PARAMETRIC_REPRESENTATION_CONTEXT() REPRESENTATION_CONTEXT('2D SPACE',''
  ) );
#6165 = PCURVE('',#3193,#6166);
#6166 = DEFINITIONAL_REPRESENTATION('',(#6167),#6182);
#6167 = B_SPLINE_CURVE_WITH_KNOTS('',7,(#6168,#6169,#6170,#6171,#6172,
    #6173,#6174,#6175,#6176,#6177,#6178,#6179,#6180,#6181),
  .UNSPECIFIED.,.F.,.F.,(8,6,8),(0.,0.450444890696,1.),.UNSPECIFIED.);
#6168 = CARTESIAN_POINT('',(10.801379516014,23.402878602597));
#6169 = CARTESIAN_POINT('',(10.095601830409,23.492378965489));
#6170 = CARTESIAN_POINT('',(9.396061182593,23.594335141327));
#6171 = CARTESIAN_POINT('',(8.702206330199,23.706718881683));
#6172 = CARTESIAN_POINT('',(8.012992545998,23.827202042368));
#6173 = CARTESIAN_POINT('',(7.32700354082,23.953395650832));
#6174 = CARTESIAN_POINT('',(6.642549941384,24.083028698083));
#6175 = CARTESIAN_POINT('',(5.122262704228,24.373936553273));
#6176 = CARTESIAN_POINT('',(4.286456007355,24.535859005856));
#6177 = CARTESIAN_POINT('',(3.446933800944,24.696128305787));
#6178 = CARTESIAN_POINT('',(2.600626584486,24.851411038055));
#6179 = CARTESIAN_POINT('',(1.744987514165,24.999026078524));
#6180 = CARTESIAN_POINT('',(0.878339847727,25.137154875766));
#6181 = CARTESIAN_POINT('',(0.,25.264751901937));
#6182 = ( GEOMETRIC_REPRESENTATION_CONTEXT(2) 
PARAMETRIC_REPRESENTATION_CONTEXT() REPRESENTATION_CONTEXT('2D SPACE',''
  ) );
#6183 = ORIENTED_EDGE('',*,*,#6184,.T.);
#6184 = EDGE_CURVE('',#6129,#6185,#6187,.T.);
#6185 = VERTEX_POINT('',#6186);
#6186 = CARTESIAN_POINT('',(-37.3851193565,14.599482279464,
    7.223790440223));
#6187 = SURFACE_CURVE('',#6188,(#6239,#6277),.PCURVE_S1.);
#6188 = B_SPLINE_CURVE_WITH_KNOTS('',13,(#6189,#6190,#6191,#6192,#6193,
    #6194,#6195,#6196,#6197,#6198,#6199,#6200,#6201,#6202,#6203,#6204,
    #6205,#6206,#6207,#6208,#6209,#6210,#6211,#6212,#6213,#6214,#6215,
    #6216,#6217,#6218,#6219,#6220,#6221,#6222,#6223,#6224,#6225,#6226,
    #6227,#6228,#6229,#6230,#6231,#6232,#6233,#6234,#6235,#6236,#6237,
    #6238),.UNSPECIFIED.,.F.,.F.,(14,12,12,12,14),(-1.908874923304,
    -0.909844309418,12.177453796259,25.264751901936,26.081756329804),
  .UNSPECIFIED.);
#6189 = CARTESIAN_POINT('',(-20.56860525183,37.016879798136,
    2.220267356542));
#6190 = CARTESIAN_POINT('',(-20.60056497068,36.926389613752,
    2.231678860439));
#6191 = CARTESIAN_POINT('',(-20.63188998647,36.837696516403,
    2.242863737925));
#6192 = CARTESIAN_POINT('',(-20.66258029921,36.750800506089,
    2.253821989001));
#6193 = CARTESIAN_POINT('',(-20.6926359089,36.665701582809,
    2.264553613665));
#6194 = CARTESIAN_POINT('',(-20.72205681553,36.582399746563,
    2.275058611919));
#6195 = CARTESIAN_POINT('',(-20.75084301911,36.500894997353,
    2.285336983762));
#6196 = CARTESIAN_POINT('',(-20.77899451963,36.421187335176,
    2.295388729194));
#6197 = CARTESIAN_POINT('',(-20.8065113171,36.343276760035,
    2.305213848215));
#6198 = CARTESIAN_POINT('',(-20.83339341152,36.267163271928,
    2.314812340826));
#6199 = CARTESIAN_POINT('',(-20.85964080289,36.192846870855,
    2.324184207026));
#6200 = CARTESIAN_POINT('',(-20.8852534912,36.120327556818,
    2.333329446815));
#6201 = CARTESIAN_POINT('',(-20.91023147645,36.049605329815,
    2.342248060193));
#6202 = CARTESIAN_POINT('',(-21.25347168396,35.077761058834,
    2.464805050889));
#6203 = CARTESIAN_POINT('',(-21.60148193576,34.183761830329,
    2.586072303477));
#6204 = CARTESIAN_POINT('',(-21.97759768106,33.29885786736,
    2.715011834649));
#6205 = CARTESIAN_POINT('',(-22.3807512821,32.423160373215,
    2.851822791073));
#6206 = CARTESIAN_POINT('',(-22.8098929007,31.556616927137,
    2.996641653228));
#6207 = CARTESIAN_POINT('',(-23.26405248015,30.698964368492,
    3.149543907544));
#6208 = CARTESIAN_POINT('',(-23.74238925321,29.849723817614,
    3.310539988542));
#6209 = CARTESIAN_POINT('',(-24.24423190637,29.008227599004,
    3.479566302671));
#6210 = CARTESIAN_POINT('',(-24.76911255619,28.173667864087,
    3.656472149702));
#6211 = CARTESIAN_POINT('',(-25.31679766308,27.345156673249,
    3.841003352636));
#6212 = CARTESIAN_POINT('',(-25.8873190387,26.521787334909,
    4.032783412039));
#6213 = CARTESIAN_POINT('',(-26.48100807651,25.702686766388,
    4.23129299642));
#6214 = CARTESIAN_POINT('',(-27.71606463285,24.071410565147,
    4.640404170497));
#6215 = CARTESIAN_POINT('',(-28.3574062151,23.259268705943,
    4.850992544533));
#6216 = CARTESIAN_POINT('',(-29.02343850566,22.449647185431,
    5.067033774065));
#6217 = CARTESIAN_POINT('',(-29.71401617863,21.642981073518,
    5.287110347107));
#6218 = CARTESIAN_POINT('',(-30.4341162559,20.835364815813,
    5.511928510068));
#6219 = CARTESIAN_POINT('',(-31.17689220069,20.034867113868,
    5.736176568182));
#6220 = CARTESIAN_POINT('',(-31.95888665054,19.228055676539,
    5.964953080706));
#6221 = CARTESIAN_POINT('',(-32.7637523051,18.433862334084,
    6.188254912005));
#6222 = CARTESIAN_POINT('',(-33.61151729933,17.637682886506,6.4112603001
    ));
#6223 = CARTESIAN_POINT('',(-34.4930600573,16.853734778922,
    6.627438610999));
#6224 = CARTESIAN_POINT('',(-35.41579017886,16.081524205592,
    6.836372423085));
#6225 = CARTESIAN_POINT('',(-36.37964513083,15.328064105642,
    7.035652096406));
#6226 = CARTESIAN_POINT('',(-37.44788837787,14.553998897543,
    7.235535405357));
#6227 = CARTESIAN_POINT('',(-37.51155516264,14.507864982691,
    7.247448354626));
#6228 = CARTESIAN_POINT('',(-37.5761197108,14.461080534908,
    7.259529288032));
#6229 = CARTESIAN_POINT('',(-37.64158202236,14.413645554194,
    7.271778205572));
#6230 = CARTESIAN_POINT('',(-37.70794209732,14.365560040548,
    7.284195107249));
#6231 = CARTESIAN_POINT('',(-37.77519993568,14.316823993971,
    7.296779993061));
#6232 = CARTESIAN_POINT('',(-37.84335553743,14.267437414463,
    7.309532863008));
#6233 = CARTESIAN_POINT('',(-37.91240890258,14.217400302024,
    7.322453717091));
#6234 = CARTESIAN_POINT('',(-37.98236003113,14.166712656654,
    7.33554255531));
#6235 = CARTESIAN_POINT('',(-38.05320892307,14.115374478352,
    7.348799377664));
#6236 = CARTESIAN_POINT('',(-38.12495557841,14.06338576712,
    7.362224184154));
#6237 = CARTESIAN_POINT('',(-38.19759999715,14.010746522956,
    7.37581697478));
#6238 = CARTESIAN_POINT('',(-38.27114217928,13.957456745861,
    7.389577749541));
#6239 = PCURVE('',#2110,#6240);
#6240 = DEFINITIONAL_REPRESENTATION('',(#6241),#6276);
#6241 = B_SPLINE_CURVE_WITH_KNOTS('',9,(#6242,#6243,#6244,#6245,#6246,
    #6247,#6248,#6249,#6250,#6251,#6252,#6253,#6254,#6255,#6256,#6257,
    #6258,#6259,#6260,#6261,#6262,#6263,#6264,#6265,#6266,#6267,#6268,
    #6269,#6270,#6271,#6272,#6273,#6274,#6275),.UNSPECIFIED.,.F.,.F.,(10
    ,8,8,8,10),(4.110950065678,9.399400524743,14.687850983807,
    19.976301442872,25.264751901936),.UNSPECIFIED.);
#6242 = CARTESIAN_POINT('',(6.771718237327E-02,3.007113252462));
#6243 = CARTESIAN_POINT('',(8.582735325619E-02,3.094509962732));
#6244 = CARTESIAN_POINT('',(0.103889930266,3.184737481748));
#6245 = CARTESIAN_POINT('',(0.121911209217,3.277798051));
#6246 = CARTESIAN_POINT('',(0.13989864635,3.373683476437));
#6247 = CARTESIAN_POINT('',(0.157860877764,3.472373533803));
#6248 = CARTESIAN_POINT('',(0.175807738847,3.573834373996));
#6249 = CARTESIAN_POINT('',(0.193750283709,3.678016928405));
#6250 = CARTESIAN_POINT('',(0.211700804614,3.784855314262));
#6251 = CARTESIAN_POINT('',(0.247644898199,4.003675165716));
#6252 = CARTESIAN_POINT('',(0.265638471758,4.115657069729));
#6253 = CARTESIAN_POINT('',(0.283667104783,4.230121931798));
#6254 = CARTESIAN_POINT('',(0.301745821337,4.346981010624));
#6255 = CARTESIAN_POINT('',(0.319889882716,4.466078342656));
#6256 = CARTESIAN_POINT('',(0.338119183656,4.587309745381));
#6257 = CARTESIAN_POINT('',(0.356449768777,4.710461768355));
#6258 = CARTESIAN_POINT('',(0.374903012724,4.835343571262));
#6259 = CARTESIAN_POINT('',(0.412096004788,5.088080570158));
#6260 = CARTESIAN_POINT('',(0.430835815534,5.215936575936));
#6261 = CARTESIAN_POINT('',(0.449739684167,5.345036285829));
#6262 = CARTESIAN_POINT('',(0.468829580079,5.475107520469));
#6263 = CARTESIAN_POINT('',(0.488128286927,5.605841626736));
#6264 = CARTESIAN_POINT('',(0.507658962597,5.736890679999));
#6265 = CARTESIAN_POINT('',(0.527444671061,5.867869985186));
#6266 = CARTESIAN_POINT('',(0.547507886151,5.99836587669));
#6267 = CARTESIAN_POINT('',(0.588232048307,6.257531757535));
#6268 = CARTESIAN_POINT('',(0.60889292135,6.386201208432));
#6269 = CARTESIAN_POINT('',(0.62987420517,6.513530555692));
#6270 = CARTESIAN_POINT('',(0.651194030344,6.639054964065));
#6271 = CARTESIAN_POINT('',(0.672873442875,6.762348650023));
#6272 = CARTESIAN_POINT('',(0.694917102855,6.882862063611));
#6273 = CARTESIAN_POINT('',(0.717344087196,7.000220627776));
#6274 = CARTESIAN_POINT('',(0.740151498549,7.113976719953));
#6275 = CARTESIAN_POINT('',(0.763337317515,7.223790440223));
#6276 = ( GEOMETRIC_REPRESENTATION_CONTEXT(2) 
PARAMETRIC_REPRESENTATION_CONTEXT() REPRESENTATION_CONTEXT('2D SPACE',''
  ) );
#6277 = PCURVE('',#4409,#6278);
#6278 = DEFINITIONAL_REPRESENTATION('',(#6279),#6283);
#6279 = LINE('',#6280,#6281);
#6280 = CARTESIAN_POINT('',(0.,0.));
#6281 = VECTOR('',#6282,1.);
#6282 = DIRECTION('',(0.,1.));
#6283 = ( GEOMETRIC_REPRESENTATION_CONTEXT(2) 
PARAMETRIC_REPRESENTATION_CONTEXT() REPRESENTATION_CONTEXT('2D SPACE',''
  ) );
#6284 = ORIENTED_EDGE('',*,*,#6285,.T.);
#6285 = EDGE_CURVE('',#6185,#2087,#6286,.T.);
#6286 = SURFACE_CURVE('',#6287,(#6299,#6306),.PCURVE_S1.);
#6287 = ( BOUNDED_CURVE() B_SPLINE_CURVE(10,(#6288,#6289,#6290,#6291,
    #6292,#6293,#6294,#6295,#6296,#6297,#6298),.UNSPECIFIED.,.F.,.F.) 
B_SPLINE_CURVE_WITH_KNOTS((11,11),(0.,150.),.PIECEWISE_BEZIER_KNOTS.) 
CURVE() GEOMETRIC_REPRESENTATION_ITEM() RATIONAL_B_SPLINE_CURVE((
    1.00731395893,1.00731395893,1.00731395893,1.007313958931,
    1.00731395893,1.007313958931,1.00731395893,1.007313958931,
1.00731395893,1.00731395893,1.00731395893)) REPRESENTATION_ITEM('') );
#6288 = CARTESIAN_POINT('',(-34.64101615137,20.,0.));
#6289 = CARTESIAN_POINT('',(-40.92420145855,9.117203814594,15.));
#6290 = CARTESIAN_POINT('',(-44.56300243301,-3.292500050352,
    29.999999999998));
#6291 = CARTESIAN_POINT('',(-45.19513012346,-17.26273869877,
    45.000000000006));
#6292 = CARTESIAN_POINT('',(-41.59603551922,-32.6301897457,
    59.99999999999));
#6293 = CARTESIAN_POINT('',(-31.99174482965,-47.93445762078,
    75.000000000006));
#6294 = CARTESIAN_POINT('',(-15.47139063676,-59.64575727279,
    90.000000000005));
#6295 = CARTESIAN_POINT('',(5.498016872309,-63.66789584304,
    104.99999999998));
#6296 = CARTESIAN_POINT('',(26.258159125408,-58.69257658896,120.));
#6297 = CARTESIAN_POINT('',(42.536746266296,-46.3241942781,
    134.99999999999));
#6298 = CARTESIAN_POINT('',(51.961524227066,-30.,150.));
#6299 = PCURVE('',#2110,#6300);
#6300 = DEFINITIONAL_REPRESENTATION('',(#6301),#6305);
#6301 = LINE('',#6302,#6303);
#6302 = CARTESIAN_POINT('',(0.763337317515,0.));
#6303 = VECTOR('',#6304,1.);
#6304 = DIRECTION('',(0.,1.));
#6305 = ( GEOMETRIC_REPRESENTATION_CONTEXT(2) 
PARAMETRIC_REPRESENTATION_CONTEXT() REPRESENTATION_CONTEXT('2D SPACE',''
  ) );
#6306 = PCURVE('',#2219,#6307);
#6307 = DEFINITIONAL_REPRESENTATION('',(#6308),#6311);
#6308 = B_SPLINE_CURVE_WITH_KNOTS('',1,(#6309,#6310),.UNSPECIFIED.,.F.,
  .F.,(2,2),(0.,150.),.PIECEWISE_BEZIER_KNOTS.);
#6309 = CARTESIAN_POINT('',(0.,0.));
#6310 = CARTESIAN_POINT('',(0.,150.));
#6311 = ( GEOMETRIC_REPRESENTATION_CONTEXT(2) 
PARAMETRIC_REPRESENTATION_CONTEXT() REPRESENTATION_CONTEXT('2D SPACE',''
  ) );
#6312 = ORIENTED_EDGE('',*,*,#2086,.F.);
#6313 = ADVANCED_FACE('',(#6314),#2873,.T.);
#6314 = FACE_BOUND('',#6315,.T.);
#6315 = EDGE_LOOP('',(#6316,#6346,#6402,#6501,#6502));
#6316 = ORIENTED_EDGE('',*,*,#6317,.F.);
#6317 = EDGE_CURVE('',#6318,#2741,#6320,.T.);
#6318 = VERTEX_POINT('',#6319);
#6319 = CARTESIAN_POINT('',(37.385119356503,-14.59948227946,
    7.223790440223));
#6320 = SURFACE_CURVE('',#6321,(#6333,#6339),.PCURVE_S1.);
#6321 = ( BOUNDED_CURVE() B_SPLINE_CURVE(10,(#6322,#6323,#6324,#6325,
    #6326,#6327,#6328,#6329,#6330,#6331,#6332),.UNSPECIFIED.,.F.,.F.) 
B_SPLINE_CURVE_WITH_KNOTS((11,11),(0.,150.),.PIECEWISE_BEZIER_KNOTS.) 
CURVE() GEOMETRIC_REPRESENTATION_ITEM() RATIONAL_B_SPLINE_CURVE((
    1.00731395893,1.00731395893,1.00731395893,1.007313958931,
    1.00731395893,1.007313958931,1.00731395893,1.007313958931,
1.00731395893,1.00731395893,1.00731395893)) REPRESENTATION_ITEM('') );
#6322 = CARTESIAN_POINT('',(34.641016151378,-20.,0.));
#6323 = CARTESIAN_POINT('',(40.924201458557,-9.117203814594,
    15.000000000003));
#6324 = CARTESIAN_POINT('',(44.563002433021,3.292500050351,
    29.999999999994));
#6325 = CARTESIAN_POINT('',(45.195130123456,17.262738698777,
    45.000000000004));
#6326 = CARTESIAN_POINT('',(41.596035519235,32.630189745703,
    60.000000000003));
#6327 = CARTESIAN_POINT('',(31.99174482964,47.934457620772,
    74.999999999993));
#6328 = CARTESIAN_POINT('',(15.471390636768,59.6457572728,
    90.000000000001));
#6329 = CARTESIAN_POINT('',(-5.49801687231,63.667895843038,105.));
#6330 = CARTESIAN_POINT('',(-26.2581591254,58.692576588962,
    119.99999999999));
#6331 = CARTESIAN_POINT('',(-42.53674626629,46.324194278107,135.));
#6332 = CARTESIAN_POINT('',(-51.96152422706,30.,150.));
#6333 = PCURVE('',#2873,#6334);
#6334 = DEFINITIONAL_REPRESENTATION('',(#6335),#6338);
#6335 = B_SPLINE_CURVE_WITH_KNOTS('',1,(#6336,#6337),.UNSPECIFIED.,.F.,
  .F.,(2,2),(0.,150.),.PIECEWISE_BEZIER_KNOTS.);
#6336 = CARTESIAN_POINT('',(0.,0.));
#6337 = CARTESIAN_POINT('',(0.,150.));
#6338 = ( GEOMETRIC_REPRESENTATION_CONTEXT(2) 
PARAMETRIC_REPRESENTATION_CONTEXT() REPRESENTATION_CONTEXT('2D SPACE',''
  ) );
#6339 = PCURVE('',#2764,#6340);
#6340 = DEFINITIONAL_REPRESENTATION('',(#6341),#6345);
#6341 = LINE('',#6342,#6343);
#6342 = CARTESIAN_POINT('',(0.763337317515,0.));
#6343 = VECTOR('',#6344,1.);
#6344 = DIRECTION('',(0.,1.));
#6345 = ( GEOMETRIC_REPRESENTATION_CONTEXT(2) 
PARAMETRIC_REPRESENTATION_CONTEXT() REPRESENTATION_CONTEXT('2D SPACE',''
  ) );
#6346 = ORIENTED_EDGE('',*,*,#6347,.F.);
#6347 = EDGE_CURVE('',#6348,#6318,#6350,.T.);
#6348 = VERTEX_POINT('',#6349);
#6349 = CARTESIAN_POINT('',(35.57292117128,-15.92854790557,
    3.007113252462));
#6350 = SURFACE_CURVE('',#6351,(#6366,#6384),.PCURVE_S1.);
#6351 = B_SPLINE_CURVE_WITH_KNOTS('',7,(#6352,#6353,#6354,#6355,#6356,
    #6357,#6358,#6359,#6360,#6361,#6362,#6363,#6364,#6365),
  .UNSPECIFIED.,.F.,.F.,(8,6,8),(0.,0.450444888767,1.),.UNSPECIFIED.);
#6352 = CARTESIAN_POINT('',(35.572921283182,-15.92854782917,
    3.007113258859));
#6353 = CARTESIAN_POINT('',(35.696255437146,-15.97927721906,
    3.278394545988));
#6354 = CARTESIAN_POINT('',(35.824871049767,-16.00387562637,
    3.556838533135));
#6355 = CARTESIAN_POINT('',(35.956822083844,-16.00325142423,
    3.840398215226));
#6356 = CARTESIAN_POINT('',(36.090164976489,-15.97880322791,
    4.127009458557));
#6357 = CARTESIAN_POINT('',(36.22307340087,-15.9322180513,4.414656471199
    ));
#6358 = CARTESIAN_POINT('',(36.353911589537,-15.86532119994,
    4.701432302089));
#6359 = CARTESIAN_POINT('',(36.63664235853,-15.67585673662,
    5.332279879216));
#6360 = CARTESIAN_POINT('',(36.786796451652,-15.54430319576,
    5.674992187763));
#6361 = CARTESIAN_POINT('',(36.929160512983,-15.38873218061,
    6.010553180266));
#6362 = CARTESIAN_POINT('',(37.061528838463,-15.21273419575,
    6.335839689206));
#6363 = CARTESIAN_POINT('',(37.182200764801,-15.0200526659,
    6.647944093527));
#6364 = CARTESIAN_POINT('',(37.290178833073,-14.81444276271,
    6.944495885603));
#6365 = CARTESIAN_POINT('',(37.385119356503,-14.59948227946,
    7.223790440223));
#6366 = PCURVE('',#2873,#6367);
#6367 = DEFINITIONAL_REPRESENTATION('',(#6368),#6383);
#6368 = B_SPLINE_CURVE_WITH_KNOTS('',7,(#6369,#6370,#6371,#6372,#6373,
    #6374,#6375,#6376,#6377,#6378,#6379,#6380,#6381,#6382),
  .UNSPECIFIED.,.F.,.F.,(8,6,8),(0.,0.450444888767,1.),.UNSPECIFIED.);
#6369 = CARTESIAN_POINT('',(6.771718369882E-02,3.007113258858));
#6370 = CARTESIAN_POINT('',(5.86266178239E-02,3.278394545988));
#6371 = CARTESIAN_POINT('',(5.02503252591E-02,3.556838533134));
#6372 = CARTESIAN_POINT('',(4.260821363763E-02,3.840398215226));
#6373 = CARTESIAN_POINT('',(3.570577644942E-02,4.127009458557));
#6374 = CARTESIAN_POINT('',(2.95392791042E-02,4.414656471198));
#6375 = CARTESIAN_POINT('',(2.409892861354E-02,4.701432302089));
#6376 = CARTESIAN_POINT('',(1.360063716932E-02,5.332279879216));
#6377 = CARTESIAN_POINT('',(8.891605365596E-03,5.674992187763));
#6378 = CARTESIAN_POINT('',(5.215678109382E-03,6.010553180266));
#6379 = CARTESIAN_POINT('',(2.540161134067E-03,6.335839689205));
#6380 = CARTESIAN_POINT('',(8.217233968039E-04,6.647944093527));
#6381 = CARTESIAN_POINT('',(-2.796385674695E-14,6.944495885602));
#6382 = CARTESIAN_POINT('',(-4.878023178798E-16,7.223790440222));
#6383 = ( GEOMETRIC_REPRESENTATION_CONTEXT(2) 
PARAMETRIC_REPRESENTATION_CONTEXT() REPRESENTATION_CONTEXT('2D SPACE',''
  ) );
#6384 = PCURVE('',#5873,#6385);
#6385 = DEFINITIONAL_REPRESENTATION('',(#6386),#6401);
#6386 = B_SPLINE_CURVE_WITH_KNOTS('',7,(#6387,#6388,#6389,#6390,#6391,
    #6392,#6393,#6394,#6395,#6396,#6397,#6398,#6399,#6400),
  .UNSPECIFIED.,.F.,.F.,(8,6,8),(0.,0.450444888767,1.),.UNSPECIFIED.);
#6387 = CARTESIAN_POINT('',(10.801379516014,23.402878602598));
#6388 = CARTESIAN_POINT('',(10.095601515678,23.492379005401));
#6389 = CARTESIAN_POINT('',(9.396060845704,23.594335195583));
#6390 = CARTESIAN_POINT('',(8.702206111616,23.706718922214));
#6391 = CARTESIAN_POINT('',(8.012992464992,23.827202058446));
#6392 = CARTESIAN_POINT('',(7.327003536357,23.95339565137));
#6393 = CARTESIAN_POINT('',(6.642549936047,24.083028699104));
#6394 = CARTESIAN_POINT('',(5.122262704228,24.373936553274));
#6395 = CARTESIAN_POINT('',(4.286456007355,24.535859005857));
#6396 = CARTESIAN_POINT('',(3.446933800943,24.696128305786));
#6397 = CARTESIAN_POINT('',(2.600626584486,24.851411038058));
#6398 = CARTESIAN_POINT('',(1.744987514165,24.999026078523));
#6399 = CARTESIAN_POINT('',(0.878339847726,25.137154875767));
#6400 = CARTESIAN_POINT('',(0.,25.264751901937));
#6401 = ( GEOMETRIC_REPRESENTATION_CONTEXT(2) 
PARAMETRIC_REPRESENTATION_CONTEXT() REPRESENTATION_CONTEXT('2D SPACE',''
  ) );
#6402 = ORIENTED_EDGE('',*,*,#6403,.T.);
#6403 = EDGE_CURVE('',#6348,#3672,#6404,.T.);
#6404 = SURFACE_CURVE('',#6405,(#6456,#6494),.PCURVE_S1.);
#6405 = B_SPLINE_CURVE_WITH_KNOTS('',13,(#6406,#6407,#6408,#6409,#6410,
    #6411,#6412,#6413,#6414,#6415,#6416,#6417,#6418,#6419,#6420,#6421,
    #6422,#6423,#6424,#6425,#6426,#6427,#6428,#6429,#6430,#6431,#6432,
    #6433,#6434,#6435,#6436,#6437,#6438,#6439,#6440,#6441,#6442,#6443,
    #6444,#6445,#6446,#6447,#6448,#6449,#6450,#6451,#6452,#6453,#6454,
    #6455),.UNSPECIFIED.,.F.,.F.,(14,12,12,12,14),(-1.908874923306,
    -0.909844309418,12.177453796257,25.264751901933,26.081756329802),
  .UNSPECIFIED.);
#6406 = CARTESIAN_POINT('',(36.321374567569,-21.7732556481,
    2.220267356544));
#6407 = CARTESIAN_POINT('',(36.303807403798,-21.67890899021,
    2.231678860441));
#6408 = CARTESIAN_POINT('',(36.286589114576,-21.58643600687,
    2.242863737927));
#6409 = CARTESIAN_POINT('',(36.269719699902,-21.49583669808,
    2.253821989002));
#6410 = CARTESIAN_POINT('',(36.253199159777,-21.40711106384,
    2.264553613667));
#6411 = CARTESIAN_POINT('',(36.237027494201,-21.32025910415,
    2.27505861192));
#6412 = CARTESIAN_POINT('',(36.221204703173,-21.23528081902,
    2.285336983763));
#6413 = CARTESIAN_POINT('',(36.205730786695,-21.15217620843,
    2.295388729195));
#6414 = CARTESIAN_POINT('',(36.190605744765,-21.0709452724,
    2.305213848217));
#6415 = CARTESIAN_POINT('',(36.175829577383,-20.99158801092,
    2.314812340827));
#6416 = CARTESIAN_POINT('',(36.161402284551,-20.91410442399,
    2.324184207027));
#6417 = CARTESIAN_POINT('',(36.147323866267,-20.83849451162,
    2.333329446816));
#6418 = CARTESIAN_POINT('',(36.133594322532,-20.76475827379,
    2.342248060194));
#6419 = CARTESIAN_POINT('',(35.94492692633,-19.75149634284,
    2.464805050889));
#6420 = CARTESIAN_POINT('',(35.799313030975,-18.80326517411,
    2.586072303482));
#6421 = CARTESIAN_POINT('',(35.682586839511,-17.84885798955,
    2.715011834636));
#6422 = CARTESIAN_POINT('',(35.593879352942,-16.88890491323,
    2.851822791099));
#6423 = CARTESIAN_POINT('',(35.532255172786,-15.92388546588,
    2.996641653188));
#6424 = CARTESIAN_POINT('',(35.496742627508,-14.9540567731,
    3.149543907592));
#6425 = CARTESIAN_POINT('',(35.486374148169,-13.97942449521,
    3.310539988495));
#6426 = CARTESIAN_POINT('',(35.500234526022,-12.99974606645,
    3.479566302708));
#6427 = CARTESIAN_POINT('',(35.537514634683,-12.0145558099,
    3.656472149679));
#6428 = CARTESIAN_POINT('',(35.597568255436,-11.02320151799,
    3.841003352647));
#6429 = CARTESIAN_POINT('',(35.679969590806,-10.02488206643,
    4.032783412035));
#6430 = CARTESIAN_POINT('',(35.784569095283,-9.018675646953,
    4.231292996421));
#6431 = CARTESIAN_POINT('',(36.03852134755,-6.988420737913,
    4.640404170495));
#6432 = CARTESIAN_POINT('',(36.187868520721,-5.964414465252,
    4.850992544538));
#6433 = CARTESIAN_POINT('',(36.359858643694,-4.93024551573,
    5.067033774053));
#6434 = CARTESIAN_POINT('',(36.554583396105,-3.886363334033,
    5.287110347122));
#6435 = CARTESIAN_POINT('',(36.774400226975,-2.826897099544,
    5.511928510054));
#6436 = CARTESIAN_POINT('',(37.017414214101,-1.762257781882,
    5.73617656819));
#6437 = CARTESIAN_POINT('',(37.291235554002,-0.672541355807,
    5.964953080702));
#6438 = CARTESIAN_POINT('',(37.591172986805,0.417683081235,
    6.188254912012));
#6439 = CARTESIAN_POINT('',(37.92726928406,1.531077206116,6.411260300086
    ));
#6440 = CARTESIAN_POINT('',(38.298733653429,2.650767561442,6.62743861101
    ));
#6441 = CARTESIAN_POINT('',(38.711736092766,3.78088659582,6.83637242308)
  );
#6442 = CARTESIAN_POINT('',(39.169728916794,4.915329659094,
    7.035652096407));
#6443 = CARTESIAN_POINT('',(39.707822102094,6.119811417013,
    7.235535405357));
#6444 = CARTESIAN_POINT('',(39.739892197653,6.191597951635,
    7.247448354626));
#6445 = CARTESIAN_POINT('',(39.772414512656,6.264396746,7.259529288031)
  );
#6446 = CARTESIAN_POINT('',(39.805389047101,6.338207800108,
    7.271778205572));
#6447 = CARTESIAN_POINT('',(39.838815800989,6.413031113958,
    7.284195107248));
#6448 = CARTESIAN_POINT('',(39.87269477432,6.488866687552,7.29677999306)
  );
#6449 = CARTESIAN_POINT('',(39.907025967093,6.565714520888,
    7.309532863008));
#6450 = CARTESIAN_POINT('',(39.94180937931,6.643574613967,7.322453717091
    ));
#6451 = CARTESIAN_POINT('',(39.977045010969,6.722446966789,7.33554255531
    ));
#6452 = CARTESIAN_POINT('',(40.012732862071,6.802331579354,
    7.348799377664));
#6453 = CARTESIAN_POINT('',(40.048872932615,6.883228451662,
    7.362224184154));
#6454 = CARTESIAN_POINT('',(40.085465222603,6.965137583713,
    7.375816974779));
#6455 = CARTESIAN_POINT('',(40.122509732033,7.048058975507,7.38957774954
    ));
#6456 = PCURVE('',#2873,#6457);
#6457 = DEFINITIONAL_REPRESENTATION('',(#6458),#6493);
#6458 = B_SPLINE_CURVE_WITH_KNOTS('',9,(#6459,#6460,#6461,#6462,#6463,
    #6464,#6465,#6466,#6467,#6468,#6469,#6470,#6471,#6472,#6473,#6474,
    #6475,#6476,#6477,#6478,#6479,#6480,#6481,#6482,#6483,#6484,#6485,
    #6486,#6487,#6488,#6489,#6490,#6491,#6492),.UNSPECIFIED.,.F.,.F.,(10
    ,8,8,8,10),(4.110950065678,9.399400524742,14.687850983805,
    19.976301442869,25.264751901933),.UNSPECIFIED.);
#6459 = CARTESIAN_POINT('',(6.771718237327E-02,3.007113252462));
#6460 = CARTESIAN_POINT('',(8.582735325619E-02,3.094509962732));
#6461 = CARTESIAN_POINT('',(0.103889930266,3.184737481748));
#6462 = CARTESIAN_POINT('',(0.121911209217,3.277798051));
#6463 = CARTESIAN_POINT('',(0.13989864635,3.373683476437));
#6464 = CARTESIAN_POINT('',(0.157860877764,3.472373533803));
#6465 = CARTESIAN_POINT('',(0.175807738847,3.573834373997));
#6466 = CARTESIAN_POINT('',(0.193750283709,3.678016928404));
#6467 = CARTESIAN_POINT('',(0.211700804614,3.784855314262));
#6468 = CARTESIAN_POINT('',(0.247644898199,4.003675165716));
#6469 = CARTESIAN_POINT('',(0.265638471758,4.115657069729));
#6470 = CARTESIAN_POINT('',(0.283667104782,4.230121931796));
#6471 = CARTESIAN_POINT('',(0.301745821337,4.346981010627));
#6472 = CARTESIAN_POINT('',(0.319889882716,4.466078342652));
#6473 = CARTESIAN_POINT('',(0.338119183657,4.587309745383));
#6474 = CARTESIAN_POINT('',(0.356449768777,4.710461768355));
#6475 = CARTESIAN_POINT('',(0.374903012724,4.835343571262));
#6476 = CARTESIAN_POINT('',(0.412096004788,5.088080570157));
#6477 = CARTESIAN_POINT('',(0.430835815534,5.215936575937));
#6478 = CARTESIAN_POINT('',(0.449739684167,5.345036285828));
#6479 = CARTESIAN_POINT('',(0.468829580079,5.47510752047));
#6480 = CARTESIAN_POINT('',(0.488128286927,5.605841626735));
#6481 = CARTESIAN_POINT('',(0.507658962597,5.73689068));
#6482 = CARTESIAN_POINT('',(0.527444671061,5.867869985186));
#6483 = CARTESIAN_POINT('',(0.547507886151,5.99836587669));
#6484 = CARTESIAN_POINT('',(0.588232048307,6.257531757535));
#6485 = CARTESIAN_POINT('',(0.60889292135,6.386201208432));
#6486 = CARTESIAN_POINT('',(0.62987420517,6.51353055569));
#6487 = CARTESIAN_POINT('',(0.651194030344,6.639054964067));
#6488 = CARTESIAN_POINT('',(0.672873442875,6.762348650021));
#6489 = CARTESIAN_POINT('',(0.694917102855,6.882862063612));
#6490 = CARTESIAN_POINT('',(0.717344087196,7.000220627775));
#6491 = CARTESIAN_POINT('',(0.740151498549,7.113976719953));
#6492 = CARTESIAN_POINT('',(0.763337317515,7.223790440222));
#6493 = ( GEOMETRIC_REPRESENTATION_CONTEXT(2) 
PARAMETRIC_REPRESENTATION_CONTEXT() REPRESENTATION_CONTEXT('2D SPACE',''
  ) );
#6494 = PCURVE('',#3739,#6495);
#6495 = DEFINITIONAL_REPRESENTATION('',(#6496),#6500);
#6496 = LINE('',#6497,#6498);
#6497 = CARTESIAN_POINT('',(0.,0.));
#6498 = VECTOR('',#6499,1.);
#6499 = DIRECTION('',(0.,1.));
#6500 = ( GEOMETRIC_REPRESENTATION_CONTEXT(2) 
PARAMETRIC_REPRESENTATION_CONTEXT() REPRESENTATION_CONTEXT('2D SPACE',''
  ) );
#6501 = ORIENTED_EDGE('',*,*,#3671,.T.);
#6502 = ORIENTED_EDGE('',*,*,#2849,.F.);
#6503 = ADVANCED_FACE('',(#6504),#2219,.T.);
#6504 = FACE_BOUND('',#6505,.T.);
#6505 = EDGE_LOOP('',(#6506,#6507,#6563,#6664,#6692));
#6506 = ORIENTED_EDGE('',*,*,#6285,.F.);
#6507 = ORIENTED_EDGE('',*,*,#6508,.F.);
#6508 = EDGE_CURVE('',#6509,#6185,#6511,.T.);
#6509 = VERTEX_POINT('',#6510);
#6510 = CARTESIAN_POINT('',(-35.57292117128,15.928547905577,
    3.007113252462));
#6511 = SURFACE_CURVE('',#6512,(#6527,#6545),.PCURVE_S1.);
#6512 = B_SPLINE_CURVE_WITH_KNOTS('',7,(#6513,#6514,#6515,#6516,#6517,
    #6518,#6519,#6520,#6521,#6522,#6523,#6524,#6525,#6526),
  .UNSPECIFIED.,.F.,.F.,(8,6,8),(0.,0.450444888767,1.),.UNSPECIFIED.);
#6513 = CARTESIAN_POINT('',(-35.57292128318,15.928547829178,
    3.007113258859));
#6514 = CARTESIAN_POINT('',(-35.69625543714,15.97927721906,
    3.278394545988));
#6515 = CARTESIAN_POINT('',(-35.82487104976,16.003875626379,
    3.556838533135));
#6516 = CARTESIAN_POINT('',(-35.95682208384,16.003251424236,
    3.840398215226));
#6517 = CARTESIAN_POINT('',(-36.09016497648,15.978803227918,
    4.127009458557));
#6518 = CARTESIAN_POINT('',(-36.22307340086,15.932218051301,
    4.414656471199));
#6519 = CARTESIAN_POINT('',(-36.35391158953,15.86532119994,
    4.701432302089));
#6520 = CARTESIAN_POINT('',(-36.63664235853,15.675856736627,
    5.332279879216));
#6521 = CARTESIAN_POINT('',(-36.78679645165,15.544303195761,
    5.674992187764));
#6522 = CARTESIAN_POINT('',(-36.92916051298,15.388732180611,
    6.010553180266));
#6523 = CARTESIAN_POINT('',(-37.06152883846,15.212734195756,
    6.335839689206));
#6524 = CARTESIAN_POINT('',(-37.1822007648,15.020052665904,
    6.647944093526));
#6525 = CARTESIAN_POINT('',(-37.29017883307,14.814442762712,
    6.944495885603));
#6526 = CARTESIAN_POINT('',(-37.3851193565,14.599482279464,
    7.223790440223));
#6527 = PCURVE('',#2219,#6528);
#6528 = DEFINITIONAL_REPRESENTATION('',(#6529),#6544);
#6529 = B_SPLINE_CURVE_WITH_KNOTS('',7,(#6530,#6531,#6532,#6533,#6534,
    #6535,#6536,#6537,#6538,#6539,#6540,#6541,#6542,#6543),
  .UNSPECIFIED.,.F.,.F.,(8,6,8),(0.,0.450444888767,1.),.UNSPECIFIED.);
#6530 = CARTESIAN_POINT('',(6.771718369882E-02,3.007113258858));
#6531 = CARTESIAN_POINT('',(5.86266178239E-02,3.278394545988));
#6532 = CARTESIAN_POINT('',(5.02503252591E-02,3.556838533134));
#6533 = CARTESIAN_POINT('',(4.260821363763E-02,3.840398215226));
#6534 = CARTESIAN_POINT('',(3.570577644942E-02,4.127009458557));
#6535 = CARTESIAN_POINT('',(2.953927910421E-02,4.414656471198));
#6536 = CARTESIAN_POINT('',(2.409892861354E-02,4.701432302089));
#6537 = CARTESIAN_POINT('',(1.360063716933E-02,5.332279879215));
#6538 = CARTESIAN_POINT('',(8.891605365603E-03,5.674992187763));
#6539 = CARTESIAN_POINT('',(5.215678109431E-03,6.010553180266));
#6540 = CARTESIAN_POINT('',(2.540161134088E-03,6.335839689206));
#6541 = CARTESIAN_POINT('',(8.217233968878E-04,6.647944093526));
#6542 = CARTESIAN_POINT('',(3.336312029097E-14,6.944495885602));
#6543 = CARTESIAN_POINT('',(7.443084018629E-16,7.223790440222));
#6544 = ( GEOMETRIC_REPRESENTATION_CONTEXT(2) 
PARAMETRIC_REPRESENTATION_CONTEXT() REPRESENTATION_CONTEXT('2D SPACE',''
  ) );
#6545 = PCURVE('',#4409,#6546);
#6546 = DEFINITIONAL_REPRESENTATION('',(#6547),#6562);
#6547 = B_SPLINE_CURVE_WITH_KNOTS('',7,(#6548,#6549,#6550,#6551,#6552,
    #6553,#6554,#6555,#6556,#6557,#6558,#6559,#6560,#6561),
  .UNSPECIFIED.,.F.,.F.,(8,6,8),(0.,0.450444888767,1.),.UNSPECIFIED.);
#6548 = CARTESIAN_POINT('',(10.801379516013,23.402878602597));
#6549 = CARTESIAN_POINT('',(10.095601515677,23.4923790054));
#6550 = CARTESIAN_POINT('',(9.396060845703,23.594335195582));
#6551 = CARTESIAN_POINT('',(8.702206111616,23.706718922213));
#6552 = CARTESIAN_POINT('',(8.012992464992,23.827202058445));
#6553 = CARTESIAN_POINT('',(7.327003536357,23.953395651369));
#6554 = CARTESIAN_POINT('',(6.642549936047,24.083028699103));
#6555 = CARTESIAN_POINT('',(5.122262704228,24.373936553272));
#6556 = CARTESIAN_POINT('',(4.286456007354,24.535859005856));
#6557 = CARTESIAN_POINT('',(3.446933800946,24.696128305786));
#6558 = CARTESIAN_POINT('',(2.600626584484,24.851411038057));
#6559 = CARTESIAN_POINT('',(1.744987514166,24.999026078523));
#6560 = CARTESIAN_POINT('',(0.878339847727,25.137154875766));
#6561 = CARTESIAN_POINT('',(0.,25.264751901936));
#6562 = ( GEOMETRIC_REPRESENTATION_CONTEXT(2) 
PARAMETRIC_REPRESENTATION_CONTEXT() REPRESENTATION_CONTEXT('2D SPACE',''
  ) );
#6563 = ORIENTED_EDGE('',*,*,#6564,.T.);
#6564 = EDGE_CURVE('',#6509,#6565,#6567,.T.);
#6565 = VERTEX_POINT('',#6566);
#6566 = CARTESIAN_POINT('',(-39.67620422597,-6.049037142135,
    7.223790440223));
#6567 = SURFACE_CURVE('',#6568,(#6619,#6657),.PCURVE_S1.);
#6568 = B_SPLINE_CURVE_WITH_KNOTS('',13,(#6569,#6570,#6571,#6572,#6573,
    #6574,#6575,#6576,#6577,#6578,#6579,#6580,#6581,#6582,#6583,#6584,
    #6585,#6586,#6587,#6588,#6589,#6590,#6591,#6592,#6593,#6594,#6595,
    #6596,#6597,#6598,#6599,#6600,#6601,#6602,#6603,#6604,#6605,#6606,
    #6607,#6608,#6609,#6610,#6611,#6612,#6613,#6614,#6615,#6616,#6617,
    #6618),.UNSPECIFIED.,.F.,.F.,(14,12,12,12,14),(-1.908874923305,
    -0.909844309418,12.177453796259,25.264751901936,26.081756329806),
  .UNSPECIFIED.);
#6569 = CARTESIAN_POINT('',(-36.32137456756,21.773255648105,
    2.220267356544));
#6570 = CARTESIAN_POINT('',(-36.30380740379,21.678908990212,
    2.231678860441));
#6571 = CARTESIAN_POINT('',(-36.28658911457,21.58643600687,
    2.242863737927));
#6572 = CARTESIAN_POINT('',(-36.2697196999,21.49583669808,2.253821989002
    ));
#6573 = CARTESIAN_POINT('',(-36.25319915977,21.407111063842,
    2.264553613666));
#6574 = CARTESIAN_POINT('',(-36.23702749419,21.320259104155,
    2.27505861192));
#6575 = CARTESIAN_POINT('',(-36.22120470317,21.23528081902,
    2.285336983763));
#6576 = CARTESIAN_POINT('',(-36.20573078669,21.152176208437,
    2.295388729195));
#6577 = CARTESIAN_POINT('',(-36.19060574476,21.070945272405,
    2.305213848217));
#6578 = CARTESIAN_POINT('',(-36.17582957738,20.991588010925,
    2.314812340827));
#6579 = CARTESIAN_POINT('',(-36.16140228454,20.914104423997,
    2.324184207027));
#6580 = CARTESIAN_POINT('',(-36.14732386626,20.83849451162,
    2.333329446816));
#6581 = CARTESIAN_POINT('',(-36.13359432253,20.764758273795,
    2.342248060194));
#6582 = CARTESIAN_POINT('',(-35.94492692633,19.751496342849,
    2.464805050889));
#6583 = CARTESIAN_POINT('',(-35.79931303094,18.803265174107,
    2.586072303479));
#6584 = CARTESIAN_POINT('',(-35.6825868396,17.848857989586,
    2.715011834646));
#6585 = CARTESIAN_POINT('',(-35.59387935274,16.888904913175,
    2.851822791079));
#6586 = CARTESIAN_POINT('',(-35.5322551731,15.923885465983,
    2.996641653221));
#6587 = CARTESIAN_POINT('',(-35.49674262711,14.954056772979,
    3.149543907552));
#6588 = CARTESIAN_POINT('',(-35.48637414856,13.979424495337,
    3.310539988535));
#6589 = CARTESIAN_POINT('',(-35.5002345257,12.999746066352,
    3.479566302676));
#6590 = CARTESIAN_POINT('',(-35.53751463488,12.014555809963,
    3.656472149699));
#6591 = CARTESIAN_POINT('',(-35.59756825533,11.023201517967,
    3.841003352637));
#6592 = CARTESIAN_POINT('',(-35.67996959084,10.024882066444,
    4.032783412038));
#6593 = CARTESIAN_POINT('',(-35.78456909527,9.018675646951,
    4.231292996421));
#6594 = CARTESIAN_POINT('',(-36.03852134755,6.988420737915,
    4.640404170496));
#6595 = CARTESIAN_POINT('',(-36.1878685207,5.964414465246,4.850992544537
    ));
#6596 = CARTESIAN_POINT('',(-36.35985864372,4.930245515747,
    5.067033774056));
#6597 = CARTESIAN_POINT('',(-36.55458339606,3.886363333994,
    5.287110347121));
#6598 = CARTESIAN_POINT('',(-36.77440022701,2.826897099614,5.51192851005
    ));
#6599 = CARTESIAN_POINT('',(-37.01741421407,1.762257781785,
    5.736176568201));
#6600 = CARTESIAN_POINT('',(-37.291235554,0.67254135591,5.964953080687)
  );
#6601 = CARTESIAN_POINT('',(-37.59117298682,-0.417683081313,
    6.188254912024));
#6602 = CARTESIAN_POINT('',(-37.92726928404,-1.531077206078,
    6.411260300081));
#6603 = CARTESIAN_POINT('',(-38.29873365343,-2.650767561457,
    6.627438611011));
#6604 = CARTESIAN_POINT('',(-38.71173609276,-3.780886595815,
    6.836372423079));
#6605 = CARTESIAN_POINT('',(-39.16972891679,-4.915329659095,
    7.035652096407));
#6606 = CARTESIAN_POINT('',(-39.70782210209,-6.119811417014,
    7.235535405357));
#6607 = CARTESIAN_POINT('',(-39.73989219765,-6.191597951636,
    7.247448354626));
#6608 = CARTESIAN_POINT('',(-39.77241451265,-6.264396746,7.259529288031)
  );
#6609 = CARTESIAN_POINT('',(-39.8053890471,-6.338207800108,
    7.271778205572));
#6610 = CARTESIAN_POINT('',(-39.83881580098,-6.413031113958,
    7.284195107248));
#6611 = CARTESIAN_POINT('',(-39.87269477432,-6.488866687552,
    7.29677999306));
#6612 = CARTESIAN_POINT('',(-39.90702596709,-6.565714520888,
    7.309532863008));
#6613 = CARTESIAN_POINT('',(-39.9418093793,-6.643574613967,
    7.322453717091));
#6614 = CARTESIAN_POINT('',(-39.97704501096,-6.722446966789,
    7.335542555309));
#6615 = CARTESIAN_POINT('',(-40.01273286207,-6.802331579354,
    7.348799377664));
#6616 = CARTESIAN_POINT('',(-40.04887293261,-6.883228451662,
    7.362224184154));
#6617 = CARTESIAN_POINT('',(-40.0854652226,-6.965137583713,
    7.375816974779));
#6618 = CARTESIAN_POINT('',(-40.12250973203,-7.048058975507,
    7.38957774954));
#6619 = PCURVE('',#2219,#6620);
#6620 = DEFINITIONAL_REPRESENTATION('',(#6621),#6656);
#6621 = B_SPLINE_CURVE_WITH_KNOTS('',9,(#6622,#6623,#6624,#6625,#6626,
    #6627,#6628,#6629,#6630,#6631,#6632,#6633,#6634,#6635,#6636,#6637,
    #6638,#6639,#6640,#6641,#6642,#6643,#6644,#6645,#6646,#6647,#6648,
    #6649,#6650,#6651,#6652,#6653,#6654,#6655),.UNSPECIFIED.,.F.,.F.,(10
    ,8,8,8,10),(4.110950065678,9.399400524742,14.687850983807,
    19.976301442871,25.264751901936),.UNSPECIFIED.);
#6622 = CARTESIAN_POINT('',(6.771718237327E-02,3.007113252462));
#6623 = CARTESIAN_POINT('',(8.582735325619E-02,3.094509962732));
#6624 = CARTESIAN_POINT('',(0.103889930266,3.184737481748));
#6625 = CARTESIAN_POINT('',(0.121911209217,3.277798050999));
#6626 = CARTESIAN_POINT('',(0.13989864635,3.373683476438));
#6627 = CARTESIAN_POINT('',(0.157860877764,3.472373533802));
#6628 = CARTESIAN_POINT('',(0.175807738847,3.573834373997));
#6629 = CARTESIAN_POINT('',(0.193750283709,3.678016928404));
#6630 = CARTESIAN_POINT('',(0.211700804614,3.784855314262));
#6631 = CARTESIAN_POINT('',(0.247644898199,4.003675165716));
#6632 = CARTESIAN_POINT('',(0.265638471758,4.115657069729));
#6633 = CARTESIAN_POINT('',(0.283667104782,4.230121931797));
#6634 = CARTESIAN_POINT('',(0.301745821338,4.346981010626));
#6635 = CARTESIAN_POINT('',(0.319889882716,4.466078342654));
#6636 = CARTESIAN_POINT('',(0.338119183657,4.587309745382));
#6637 = CARTESIAN_POINT('',(0.356449768777,4.710461768355));
#6638 = CARTESIAN_POINT('',(0.374903012724,4.835343571262));
#6639 = CARTESIAN_POINT('',(0.412096004788,5.088080570158));
#6640 = CARTESIAN_POINT('',(0.430835815534,5.215936575937));
#6641 = CARTESIAN_POINT('',(0.449739684167,5.345036285829));
#6642 = CARTESIAN_POINT('',(0.468829580079,5.47510752047));
#6643 = CARTESIAN_POINT('',(0.488128286927,5.605841626735));
#6644 = CARTESIAN_POINT('',(0.507658962597,5.73689068));
#6645 = CARTESIAN_POINT('',(0.527444671061,5.867869985186));
#6646 = CARTESIAN_POINT('',(0.547507886151,5.99836587669));
#6647 = CARTESIAN_POINT('',(0.588232048307,6.257531757535));
#6648 = CARTESIAN_POINT('',(0.60889292135,6.386201208432));
#6649 = CARTESIAN_POINT('',(0.62987420517,6.513530555691));
#6650 = CARTESIAN_POINT('',(0.651194030344,6.639054964066));
#6651 = CARTESIAN_POINT('',(0.672873442875,6.762348650022));
#6652 = CARTESIAN_POINT('',(0.694917102855,6.882862063611));
#6653 = CARTESIAN_POINT('',(0.717344087196,7.000220627776));
#6654 = CARTESIAN_POINT('',(0.740151498549,7.113976719953));
#6655 = CARTESIAN_POINT('',(0.763337317515,7.223790440222));
#6656 = ( GEOMETRIC_REPRESENTATION_CONTEXT(2) 
PARAMETRIC_REPRESENTATION_CONTEXT() REPRESENTATION_CONTEXT('2D SPACE',''
  ) );
#6657 = PCURVE('',#4653,#6658);
#6658 = DEFINITIONAL_REPRESENTATION('',(#6659),#6663);
#6659 = LINE('',#6660,#6661);
#6660 = CARTESIAN_POINT('',(0.,0.));
#6661 = VECTOR('',#6662,1.);
#6662 = DIRECTION('',(0.,1.));
#6663 = ( GEOMETRIC_REPRESENTATION_CONTEXT(2) 
PARAMETRIC_REPRESENTATION_CONTEXT() REPRESENTATION_CONTEXT('2D SPACE',''
  ) );
#6664 = ORIENTED_EDGE('',*,*,#6665,.T.);
#6665 = EDGE_CURVE('',#6565,#2196,#6666,.T.);
#6666 = SURFACE_CURVE('',#6667,(#6679,#6686),.PCURVE_S1.);
#6667 = ( BOUNDED_CURVE() B_SPLINE_CURVE(10,(#6668,#6669,#6670,#6671,
    #6672,#6673,#6674,#6675,#6676,#6677,#6678),.UNSPECIFIED.,.F.,.F.) 
B_SPLINE_CURVE_WITH_KNOTS((11,11),(0.,150.),.PIECEWISE_BEZIER_KNOTS.) 
CURVE() GEOMETRIC_REPRESENTATION_ITEM() RATIONAL_B_SPLINE_CURVE((
    1.00731395893,1.00731395893,1.00731395893,1.007313958931,
    1.00731395893,1.007313958931,1.00731395893,1.007313958931,
1.00731395893,1.00731395893,1.00731395893)) REPRESENTATION_ITEM('') );
#6668 = CARTESIAN_POINT('',(-40.,-2.6645352591E-15,2.84217094304E-14));
#6669 = CARTESIAN_POINT('',(-39.99999999999,-12.56637061435,
    15.000000000002));
#6670 = CARTESIAN_POINT('',(-36.94644215073,-25.13288990207,
    29.999999999992));
#6671 = CARTESIAN_POINT('',(-30.50876146486,-37.54753531375,
    45.000000000018));
#6672 = CARTESIAN_POINT('',(-19.70812858352,-49.05659100971,
    59.999999999974));
#6673 = CARTESIAN_POINT('',(-3.738434923473,-57.50833043102,
    75.000000000021));
#6674 = CARTESIAN_POINT('',(16.42426131309,-59.3904363446,
    89.999999999998));
#6675 = CARTESIAN_POINT('',(36.595370203371,-52.38900676941,
    104.99999999999));
#6676 = CARTESIAN_POINT('',(52.086521153701,-37.7001827769,120.));
#6677 = CARTESIAN_POINT('',(59.999999999997,-18.84955592153,
    134.99999999999));
#6678 = CARTESIAN_POINT('',(60.,-3.10862446895E-14,150.));
#6679 = PCURVE('',#2219,#6680);
#6680 = DEFINITIONAL_REPRESENTATION('',(#6681),#6685);
#6681 = LINE('',#6682,#6683);
#6682 = CARTESIAN_POINT('',(0.763337317515,0.));
#6683 = VECTOR('',#6684,1.);
#6684 = DIRECTION('',(0.,1.));
#6685 = ( GEOMETRIC_REPRESENTATION_CONTEXT(2) 
PARAMETRIC_REPRESENTATION_CONTEXT() REPRESENTATION_CONTEXT('2D SPACE',''
  ) );
#6686 = PCURVE('',#2328,#6687);
#6687 = DEFINITIONAL_REPRESENTATION('',(#6688),#6691);
#6688 = B_SPLINE_CURVE_WITH_KNOTS('',1,(#6689,#6690),.UNSPECIFIED.,.F.,
  .F.,(2,2),(0.,150.),.PIECEWISE_BEZIER_KNOTS.);
#6689 = CARTESIAN_POINT('',(0.,0.));
#6690 = CARTESIAN_POINT('',(0.,150.));
#6691 = ( GEOMETRIC_REPRESENTATION_CONTEXT(2) 
PARAMETRIC_REPRESENTATION_CONTEXT() REPRESENTATION_CONTEXT('2D SPACE',''
  ) );
#6692 = ORIENTED_EDGE('',*,*,#2195,.F.);
#6693 = ADVANCED_FACE('',(#6694),#2764,.T.);
#6694 = FACE_BOUND('',#6695,.T.);
#6695 = EDGE_LOOP('',(#6696,#6726,#6782,#6881,#6882));
#6696 = ORIENTED_EDGE('',*,*,#6697,.F.);
#6697 = EDGE_CURVE('',#6698,#2632,#6700,.T.);
#6698 = VERTEX_POINT('',#6699);
#6699 = CARTESIAN_POINT('',(25.076721946513,-31.33608221436,
    7.223790440223));
#6700 = SURFACE_CURVE('',#6701,(#6713,#6719),.PCURVE_S1.);
#6701 = ( BOUNDED_CURVE() B_SPLINE_CURVE(10,(#6702,#6703,#6704,#6705,
    #6706,#6707,#6708,#6709,#6710,#6711,#6712),.UNSPECIFIED.,.F.,.F.) 
B_SPLINE_CURVE_WITH_KNOTS((11,11),(0.,150.),.PIECEWISE_BEZIER_KNOTS.) 
CURVE() GEOMETRIC_REPRESENTATION_ITEM() RATIONAL_B_SPLINE_CURVE((
    1.00731395893,1.00731395893,1.00731395893,1.007313958931,
    1.00731395893,1.007313958931,1.00731395893,1.007313958931,
1.00731395893,1.00731395893,1.00731395893)) REPRESENTATION_ITEM('') );
#6702 = CARTESIAN_POINT('',(20.,-34.64101615137,0.));
#6703 = CARTESIAN_POINT('',(30.882796185406,-28.35783084419,
    15.000000000001));
#6704 = CARTESIAN_POINT('',(40.238942201079,-19.43011253094,
    29.999999999998));
#6705 = CARTESIAN_POINT('',(47.771500163648,-7.6475948097,
    44.999999999997));
#6706 = CARTESIAN_POINT('',(52.338318329225,7.460555490476,
    60.00000000001));
#6707 = CARTESIAN_POINT('',(51.672892544248,25.516585601388,
    74.999999999986));
#6708 = CARTESIAN_POINT('',(43.221495959712,43.91904570783,
    90.000000000009));
#6709 = CARTESIAN_POINT('',(27.072525639663,57.887023641721,
    104.99999999999));
#6710 = CARTESIAN_POINT('',(6.606055435263,63.958341902312,120.));
#6711 = CARTESIAN_POINT('',(-13.67580572189,61.386302187833,
    134.99999999999));
#6712 = CARTESIAN_POINT('',(-30.,51.961524227066,150.));
#6713 = PCURVE('',#2764,#6714);
#6714 = DEFINITIONAL_REPRESENTATION('',(#6715),#6718);
#6715 = B_SPLINE_CURVE_WITH_KNOTS('',1,(#6716,#6717),.UNSPECIFIED.,.F.,
  .F.,(2,2),(0.,150.),.PIECEWISE_BEZIER_KNOTS.);
#6716 = CARTESIAN_POINT('',(0.,0.));
#6717 = CARTESIAN_POINT('',(0.,150.));
#6718 = ( GEOMETRIC_REPRESENTATION_CONTEXT(2) 
PARAMETRIC_REPRESENTATION_CONTEXT() REPRESENTATION_CONTEXT('2D SPACE',''
  ) );
#6719 = PCURVE('',#2655,#6720);
#6720 = DEFINITIONAL_REPRESENTATION('',(#6721),#6725);
#6721 = LINE('',#6722,#6723);
#6722 = CARTESIAN_POINT('',(0.763337317515,0.));
#6723 = VECTOR('',#6724,1.);
#6724 = DIRECTION('',(0.,1.));
#6725 = ( GEOMETRIC_REPRESENTATION_CONTEXT(2) 
PARAMETRIC_REPRESENTATION_CONTEXT() REPRESENTATION_CONTEXT('2D SPACE',''
  ) );
#6726 = ORIENTED_EDGE('',*,*,#6727,.F.);
#6727 = EDGE_CURVE('',#6728,#6698,#6730,.T.);
#6728 = VERTEX_POINT('',#6729);
#6729 = CARTESIAN_POINT('',(22.842779468362,-31.58098771726,
    3.007113252462));
#6730 = SURFACE_CURVE('',#6731,(#6746,#6764),.PCURVE_S1.);
#6731 = B_SPLINE_CURVE_WITH_KNOTS('',7,(#6732,#6733,#6734,#6735,#6736,
    #6737,#6738,#6739,#6740,#6741,#6742,#6743,#6744,#6745),
  .UNSPECIFIED.,.F.,.F.,(8,6,8),(0.,0.450444890696,1.),.UNSPECIFIED.);
#6732 = CARTESIAN_POINT('',(22.842779603471,-31.58098770705,
    3.007113258859));
#6733 = CARTESIAN_POINT('',(22.924225382698,-31.6865876773,
    3.278394425015));
#6734 = CARTESIAN_POINT('',(23.023310547571,-31.77219834303,
    3.556838395112));
#6735 = CARTESIAN_POINT('',(23.137895607726,-31.83763330914,
    3.84039812306));
#6736 = CARTESIAN_POINT('',(23.265598064208,-31.88313200676,
    4.127009424443));
#6737 = CARTESIAN_POINT('',(23.403992741851,-31.90924227124,
    4.414656469516));
#6738 = CARTESIAN_POINT('',(23.55075036231,-31.91672699319,
    4.701432299874));
#6739 = CARTESIAN_POINT('',(23.890334623538,-31.89401133926,
    5.332279879215));
#6740 = CARTESIAN_POINT('',(24.086148653097,-31.85515967748,
    5.674992187763));
#6741 = CARTESIAN_POINT('',(24.287225054371,-31.79161325693,
    6.010553180266));
#6742 = CARTESIAN_POINT('',(24.489858379319,-31.70537869377,
    6.335839689206));
#6743 = CARTESIAN_POINT('',(24.690704097978,-31.59884755725,
    6.647944093526));
#6744 = CARTESIAN_POINT('',(24.887020799749,-31.47477319195,
    6.944495885603));
#6745 = CARTESIAN_POINT('',(25.076721946513,-31.33608221436,
    7.223790440223));
#6746 = PCURVE('',#2764,#6747);
#6747 = DEFINITIONAL_REPRESENTATION('',(#6748),#6763);
#6748 = B_SPLINE_CURVE_WITH_KNOTS('',7,(#6749,#6750,#6751,#6752,#6753,
    #6754,#6755,#6756,#6757,#6758,#6759,#6760,#6761,#6762),
  .UNSPECIFIED.,.F.,.F.,(8,6,8),(0.,0.450444890696,1.),.UNSPECIFIED.);
#6749 = CARTESIAN_POINT('',(6.771718369882E-02,3.007113258858));
#6750 = CARTESIAN_POINT('',(5.86266218777E-02,3.278394425014));
#6751 = CARTESIAN_POINT('',(5.025032901906E-02,3.556838395112));
#6752 = CARTESIAN_POINT('',(4.260821564555E-02,3.84039812306));
#6753 = CARTESIAN_POINT('',(3.570577702727E-02,4.127009424443));
#6754 = CARTESIAN_POINT('',(2.953927914175E-02,4.414656469516));
#6755 = CARTESIAN_POINT('',(2.40989286504E-02,4.701432299874));
#6756 = CARTESIAN_POINT('',(1.360063716933E-02,5.332279879215));
#6757 = CARTESIAN_POINT('',(8.891605365604E-03,5.674992187763));
#6758 = CARTESIAN_POINT('',(5.215678109417E-03,6.010553180266));
#6759 = CARTESIAN_POINT('',(2.54016113409E-03,6.335839689205));
#6760 = CARTESIAN_POINT('',(8.217233968656E-04,6.647944093526));
#6761 = CARTESIAN_POINT('',(2.192080675113E-14,6.944495885602));
#6762 = CARTESIAN_POINT('',(-1.261181456514E-15,7.223790440222));
#6763 = ( GEOMETRIC_REPRESENTATION_CONTEXT(2) 
PARAMETRIC_REPRESENTATION_CONTEXT() REPRESENTATION_CONTEXT('2D SPACE',''
  ) );
#6764 = PCURVE('',#5629,#6765);
#6765 = DEFINITIONAL_REPRESENTATION('',(#6766),#6781);
#6766 = B_SPLINE_CURVE_WITH_KNOTS('',7,(#6767,#6768,#6769,#6770,#6771,
    #6772,#6773,#6774,#6775,#6776,#6777,#6778,#6779,#6780),
  .UNSPECIFIED.,.F.,.F.,(8,6,8),(0.,0.450444890696,1.),.UNSPECIFIED.);
#6767 = CARTESIAN_POINT('',(10.801379516013,23.402878602597));
#6768 = CARTESIAN_POINT('',(10.095601830408,23.492378965489));
#6769 = CARTESIAN_POINT('',(9.396061182593,23.594335141327));
#6770 = CARTESIAN_POINT('',(8.702206330199,23.706718881683));
#6771 = CARTESIAN_POINT('',(8.012992545998,23.827202042367));
#6772 = CARTESIAN_POINT('',(7.327003540821,23.953395650831));
#6773 = CARTESIAN_POINT('',(6.642549941384,24.083028698082));
#6774 = CARTESIAN_POINT('',(5.122262704229,24.373936553273));
#6775 = CARTESIAN_POINT('',(4.286456007356,24.535859005856));
#6776 = CARTESIAN_POINT('',(3.446933800945,24.696128305786));
#6777 = CARTESIAN_POINT('',(2.600626584486,24.851411038057));
#6778 = CARTESIAN_POINT('',(1.744987514166,24.999026078523));
#6779 = CARTESIAN_POINT('',(0.878339847727,25.137154875766));
#6780 = CARTESIAN_POINT('',(0.,25.264751901936));
#6781 = ( GEOMETRIC_REPRESENTATION_CONTEXT(2) 
PARAMETRIC_REPRESENTATION_CONTEXT() REPRESENTATION_CONTEXT('2D SPACE',''
  ) );
#6782 = ORIENTED_EDGE('',*,*,#6783,.T.);
#6783 = EDGE_CURVE('',#6728,#6318,#6784,.T.);
#6784 = SURFACE_CURVE('',#6785,(#6836,#6874),.PCURVE_S1.);
#6785 = B_SPLINE_CURVE_WITH_KNOTS('',13,(#6786,#6787,#6788,#6789,#6790,
    #6791,#6792,#6793,#6794,#6795,#6796,#6797,#6798,#6799,#6800,#6801,
    #6802,#6803,#6804,#6805,#6806,#6807,#6808,#6809,#6810,#6811,#6812,
    #6813,#6814,#6815,#6816,#6817,#6818,#6819,#6820,#6821,#6822,#6823,
    #6824,#6825,#6826,#6827,#6828,#6829,#6830,#6831,#6832,#6833,#6834,
    #6835),.UNSPECIFIED.,.F.,.F.,(14,12,12,12,14),(-1.908874923304,
    -0.909844309418,12.177453796259,25.264751901937,26.081756329809),
  .UNSPECIFIED.);
#6786 = CARTESIAN_POINT('',(20.568605251833,-37.01687979813,
    2.220267356543));
#6787 = CARTESIAN_POINT('',(20.600564970681,-36.92638961375,
    2.23167886044));
#6788 = CARTESIAN_POINT('',(20.631889986475,-36.8376965164,
    2.242863737926));
#6789 = CARTESIAN_POINT('',(20.662580299215,-36.75080050609,
    2.253821989002));
#6790 = CARTESIAN_POINT('',(20.692635908902,-36.66570158281,
    2.264553613666));
#6791 = CARTESIAN_POINT('',(20.722056815534,-36.58239974656,
    2.27505861192));
#6792 = CARTESIAN_POINT('',(20.750843019113,-36.50089499735,
    2.285336983763));
#6793 = CARTESIAN_POINT('',(20.778994519638,-36.42118733517,
    2.295388729195));
#6794 = CARTESIAN_POINT('',(20.80651131711,-36.34327676003,
    2.305213848216));
#6795 = CARTESIAN_POINT('',(20.833393411527,-36.26716327192,
    2.314812340827));
#6796 = CARTESIAN_POINT('',(20.85964080289,-36.19284687085,
    2.324184207027));
#6797 = CARTESIAN_POINT('',(20.8852534912,-36.12032755681,2.333329446816
    ));
#6798 = CARTESIAN_POINT('',(20.910231476456,-36.04960532981,
    2.342248060194));
#6799 = CARTESIAN_POINT('',(21.253471683957,-35.07776105883,
    2.464805050889));
#6800 = CARTESIAN_POINT('',(21.60148193578,-34.18376183034,
    2.586072303479));
#6801 = CARTESIAN_POINT('',(21.97759768103,-33.29885786732,
    2.715011834644));
#6802 = CARTESIAN_POINT('',(22.38075128217,-32.42316037329,
    2.851822791083));
#6803 = CARTESIAN_POINT('',(22.809892900591,-31.55661692701,
    2.996641653213));
#6804 = CARTESIAN_POINT('',(23.264052480289,-30.69896436864,
    3.149543907564));
#6805 = CARTESIAN_POINT('',(23.742389253079,-29.84972381746,
    3.310539988523));
#6806 = CARTESIAN_POINT('',(24.244231906484,-29.00822759911,
    3.479566302687));
#6807 = CARTESIAN_POINT('',(24.769112556123,-28.17366786401,
    3.656472149691));
#6808 = CARTESIAN_POINT('',(25.316797663126,-27.34515667328,
    3.841003352642));
#6809 = CARTESIAN_POINT('',(25.887319038686,-26.52178733489,
    4.032783412036));
#6810 = CARTESIAN_POINT('',(26.481008076519,-25.70268676639,
    4.231292996422));
#6811 = CARTESIAN_POINT('',(27.716064632845,-24.07141056514,
    4.640404170494));
#6812 = CARTESIAN_POINT('',(28.357406215166,-23.25926870598,
    4.850992544545));
#6813 = CARTESIAN_POINT('',(29.023438505476,-22.44964718531,
    5.067033774032));
#6814 = CARTESIAN_POINT('',(29.714016178993,-21.64298107375,
    5.287110347168));
#6815 = CARTESIAN_POINT('',(30.434116255373,-20.83536481544,
    5.511928509979));
#6816 = CARTESIAN_POINT('',(31.176892201313,-20.0348671143,
    5.736176568286));
#6817 = CARTESIAN_POINT('',(31.958886649952,-19.22805567612,
    5.964953080606));
#6818 = CARTESIAN_POINT('',(32.763752305565,-18.4338623344,
    6.188254912085));
#6819 = CARTESIAN_POINT('',(33.611517299045,-17.63768288631,
    6.411260300048));
#6820 = CARTESIAN_POINT('',(34.493060057448,-16.85373477901,
    6.627438611026));
#6821 = CARTESIAN_POINT('',(35.415790178815,-16.08152420556,
    6.836372423074));
#6822 = CARTESIAN_POINT('',(36.379645130846,-15.32806410564,
    7.035652096408));
#6823 = CARTESIAN_POINT('',(37.447888377873,-14.55399889754,
    7.235535405356));
#6824 = CARTESIAN_POINT('',(37.51155516264,-14.50786498269,
    7.247448354626));
#6825 = CARTESIAN_POINT('',(37.576119710804,-14.4610805349,
    7.259529288031));
#6826 = CARTESIAN_POINT('',(37.641582022365,-14.41364555419,
    7.271778205572));
#6827 = CARTESIAN_POINT('',(37.707942097323,-14.36556004054,
    7.284195107248));
#6828 = CARTESIAN_POINT('',(37.775199935678,-14.31682399396,
    7.29677999306));
#6829 = CARTESIAN_POINT('',(37.84335553743,-14.26743741445,
    7.309532863007));
#6830 = CARTESIAN_POINT('',(37.912408902579,-14.21740030201,
    7.32245371709));
#6831 = CARTESIAN_POINT('',(37.982360031125,-14.16671265664,
    7.335542555309));
#6832 = CARTESIAN_POINT('',(38.053208923068,-14.11537447834,
    7.348799377663));
#6833 = CARTESIAN_POINT('',(38.124955578408,-14.06338576711,
    7.362224184153));
#6834 = CARTESIAN_POINT('',(38.197599997145,-14.01074652294,
    7.375816974778));
#6835 = CARTESIAN_POINT('',(38.271142179279,-13.95745674585,
    7.389577749539));
#6836 = PCURVE('',#2764,#6837);
#6837 = DEFINITIONAL_REPRESENTATION('',(#6838),#6873);
#6838 = B_SPLINE_CURVE_WITH_KNOTS('',9,(#6839,#6840,#6841,#6842,#6843,
    #6844,#6845,#6846,#6847,#6848,#6849,#6850,#6851,#6852,#6853,#6854,
    #6855,#6856,#6857,#6858,#6859,#6860,#6861,#6862,#6863,#6864,#6865,
    #6866,#6867,#6868,#6869,#6870,#6871,#6872),.UNSPECIFIED.,.F.,.F.,(10
    ,8,8,8,10),(4.110950065678,9.399400524743,14.687850983808,
    19.976301442872,25.264751901937),.UNSPECIFIED.);
#6839 = CARTESIAN_POINT('',(6.771718237327E-02,3.007113252461));
#6840 = CARTESIAN_POINT('',(8.58273532562E-02,3.094509962732));
#6841 = CARTESIAN_POINT('',(0.103889930266,3.184737481747));
#6842 = CARTESIAN_POINT('',(0.121911209217,3.277798051001));
#6843 = CARTESIAN_POINT('',(0.13989864635,3.373683476436));
#6844 = CARTESIAN_POINT('',(0.157860877764,3.472373533803));
#6845 = CARTESIAN_POINT('',(0.175807738847,3.573834373996));
#6846 = CARTESIAN_POINT('',(0.193750283709,3.678016928405));
#6847 = CARTESIAN_POINT('',(0.211700804614,3.784855314262));
#6848 = CARTESIAN_POINT('',(0.247644898199,4.003675165716));
#6849 = CARTESIAN_POINT('',(0.265638471758,4.115657069729));
#6850 = CARTESIAN_POINT('',(0.283667104782,4.230121931793));
#6851 = CARTESIAN_POINT('',(0.301745821338,4.346981010634));
#6852 = CARTESIAN_POINT('',(0.319889882716,4.466078342645));
#6853 = CARTESIAN_POINT('',(0.338119183657,4.587309745386));
#6854 = CARTESIAN_POINT('',(0.356449768777,4.710461768354));
#6855 = CARTESIAN_POINT('',(0.374903012724,4.835343571262));
#6856 = CARTESIAN_POINT('',(0.412096004788,5.088080570157));
#6857 = CARTESIAN_POINT('',(0.430835815534,5.215936575936));
#6858 = CARTESIAN_POINT('',(0.449739684167,5.345036285829));
#6859 = CARTESIAN_POINT('',(0.468829580079,5.475107520469));
#6860 = CARTESIAN_POINT('',(0.488128286927,5.605841626735));
#6861 = CARTESIAN_POINT('',(0.507658962597,5.73689068));
#6862 = CARTESIAN_POINT('',(0.527444671061,5.867869985186));
#6863 = CARTESIAN_POINT('',(0.547507886151,5.99836587669));
#6864 = CARTESIAN_POINT('',(0.588232048307,6.257531757535));
#6865 = CARTESIAN_POINT('',(0.60889292135,6.386201208432));
#6866 = CARTESIAN_POINT('',(0.62987420517,6.513530555691));
#6867 = CARTESIAN_POINT('',(0.651194030344,6.639054964066));
#6868 = CARTESIAN_POINT('',(0.672873442875,6.76234865002));
#6869 = CARTESIAN_POINT('',(0.694917102855,6.882862063613));
#6870 = CARTESIAN_POINT('',(0.717344087196,7.000220627773));
#6871 = CARTESIAN_POINT('',(0.740151498549,7.113976719954));
#6872 = CARTESIAN_POINT('',(0.763337317515,7.223790440222));
#6873 = ( GEOMETRIC_REPRESENTATION_CONTEXT(2) 
PARAMETRIC_REPRESENTATION_CONTEXT() REPRESENTATION_CONTEXT('2D SPACE',''
  ) );
#6874 = PCURVE('',#5873,#6875);
#6875 = DEFINITIONAL_REPRESENTATION('',(#6876),#6880);
#6876 = LINE('',#6877,#6878);
#6877 = CARTESIAN_POINT('',(0.,0.));
#6878 = VECTOR('',#6879,1.);
#6879 = DIRECTION('',(0.,1.));
#6880 = ( GEOMETRIC_REPRESENTATION_CONTEXT(2) 
PARAMETRIC_REPRESENTATION_CONTEXT() REPRESENTATION_CONTEXT('2D SPACE',''
  ) );
#6881 = ORIENTED_EDGE('',*,*,#6317,.T.);
#6882 = ORIENTED_EDGE('',*,*,#2740,.F.);
#6883 = ADVANCED_FACE('',(#6884),#2328,.T.);
#6884 = FACE_BOUND('',#6885,.T.);
#6885 = EDGE_LOOP('',(#6886,#6887,#6943,#7048,#7076));
#6886 = ORIENTED_EDGE('',*,*,#6665,.F.);
#6887 = ORIENTED_EDGE('',*,*,#6888,.F.);
#6888 = EDGE_CURVE('',#6889,#6565,#6891,.T.);
#6889 = VERTEX_POINT('',#6890);
#6890 = CARTESIAN_POINT('',(-38.77132737393,-3.991933454013,
    3.007113252462));
#6891 = SURFACE_CURVE('',#6892,(#6907,#6925),.PCURVE_S1.);
#6892 = B_SPLINE_CURVE_WITH_KNOTS('',7,(#6893,#6894,#6895,#6896,#6897,
    #6898,#6899,#6900,#6901,#6902,#6903,#6904,#6905,#6906),
  .UNSPECIFIED.,.F.,.F.,(8,6,8),(0.,0.450444874901,1.),.UNSPECIFIED.);
#6893 = CARTESIAN_POINT('',(-38.77132743264,-3.991933576128,
    3.007113258859));
#6894 = CARTESIAN_POINT('',(-38.90350243088,-4.009667684954,
    3.278394120734));
#6895 = CARTESIAN_POINT('',(-39.0271860322,-4.052672562864,
    3.556838051613));
#6896 = CARTESIAN_POINT('',(-39.1411469745,-4.119188649123,
    3.840397901271));
#6897 = CARTESIAN_POINT('',(-39.24440128862,-4.207032918618,
    4.127009357392));
#6898 = CARTESIAN_POINT('',(-39.33621079996,-4.31383113745,
    4.414656491385));
#6899 = CARTESIAN_POINT('',(-39.41607156723,-4.437184604127,
    4.701432318006));
#6900 = CARTESIAN_POINT('',(-39.56619136016,-4.742631019261,
    5.332279879216));
#6901 = CARTESIAN_POINT('',(-39.63045184885,-4.931636774169,
    5.674992187763));
#6902 = CARTESIAN_POINT('',(-39.67595723498,-5.137547256047,
    6.010553180266));
#6903 = CARTESIAN_POINT('',(-39.70259257507,-5.356150144686,
    6.335839689206));
#6904 = CARTESIAN_POINT('',(-39.71075676388,-5.583353207547,
    6.647944093527));
#6905 = CARTESIAN_POINT('',(-39.70146356246,-5.815405641116,
    6.944495885603));
#6906 = CARTESIAN_POINT('',(-39.67620422597,-6.049037142135,
    7.223790440223));
#6907 = PCURVE('',#2328,#6908);
#6908 = DEFINITIONAL_REPRESENTATION('',(#6909),#6924);
#6909 = B_SPLINE_CURVE_WITH_KNOTS('',7,(#6910,#6911,#6912,#6913,#6914,
    #6915,#6916,#6917,#6918,#6919,#6920,#6921,#6922,#6923),
  .UNSPECIFIED.,.F.,.F.,(8,6,8),(0.,0.450444874901,1.),.UNSPECIFIED.);
#6910 = CARTESIAN_POINT('',(6.771718369882E-02,3.007113258858));
#6911 = CARTESIAN_POINT('',(5.862663207407E-02,3.278394120734));
#6912 = CARTESIAN_POINT('',(5.025033835555E-02,3.556838051613));
#6913 = CARTESIAN_POINT('',(4.260822039943E-02,3.84039790127));
#6914 = CARTESIAN_POINT('',(3.570577800848E-02,4.127009357392));
#6915 = CARTESIAN_POINT('',(2.953927869106E-02,4.414656491385));
#6916 = CARTESIAN_POINT('',(2.409892834867E-02,4.701432318005));
#6917 = CARTESIAN_POINT('',(1.360063716933E-02,5.332279879215));
#6918 = CARTESIAN_POINT('',(8.891605365598E-03,5.674992187763));
#6919 = CARTESIAN_POINT('',(5.215678109414E-03,6.010553180266));
#6920 = CARTESIAN_POINT('',(2.540161134069E-03,6.335839689206));
#6921 = CARTESIAN_POINT('',(8.217233968472E-04,6.647944093526));
#6922 = CARTESIAN_POINT('',(2.205970570497E-16,6.944495885603));
#6923 = CARTESIAN_POINT('',(-9.797689915443E-16,7.223790440222));
#6924 = ( GEOMETRIC_REPRESENTATION_CONTEXT(2) 
PARAMETRIC_REPRESENTATION_CONTEXT() REPRESENTATION_CONTEXT('2D SPACE',''
  ) );
#6925 = PCURVE('',#4653,#6926);
#6926 = DEFINITIONAL_REPRESENTATION('',(#6927),#6942);
#6927 = B_SPLINE_CURVE_WITH_KNOTS('',7,(#6928,#6929,#6930,#6931,#6932,
    #6933,#6934,#6935,#6936,#6937,#6938,#6939,#6940,#6941),
  .UNSPECIFIED.,.F.,.F.,(8,6,8),(0.,0.450444874901,1.),.UNSPECIFIED.);
#6928 = CARTESIAN_POINT('',(10.801379516013,23.402878602597));
#6929 = CARTESIAN_POINT('',(10.095602622039,23.492378865101));
#6930 = CARTESIAN_POINT('',(9.396062020464,23.594335006079));
#6931 = CARTESIAN_POINT('',(8.702206855016,23.706718783569));
#6932 = CARTESIAN_POINT('',(8.012992704733,23.827202009758));
#6933 = CARTESIAN_POINT('',(7.327003490114,23.953395661007));
#6934 = CARTESIAN_POINT('',(6.642549897689,24.083028706443));
#6935 = CARTESIAN_POINT('',(5.122262704228,24.373936553272));
#6936 = CARTESIAN_POINT('',(4.286456007355,24.535859005855));
#6937 = CARTESIAN_POINT('',(3.446933800944,24.696128305785));
#6938 = CARTESIAN_POINT('',(2.600626584486,24.851411038056));
#6939 = CARTESIAN_POINT('',(1.744987514165,24.999026078522));
#6940 = CARTESIAN_POINT('',(0.878339847727,25.137154875766));
#6941 = CARTESIAN_POINT('',(0.,25.264751901936));
#6942 = ( GEOMETRIC_REPRESENTATION_CONTEXT(2) 
PARAMETRIC_REPRESENTATION_CONTEXT() REPRESENTATION_CONTEXT('2D SPACE',''
  ) );
#6943 = ORIENTED_EDGE('',*,*,#6944,.T.);
#6944 = EDGE_CURVE('',#6889,#6945,#6947,.T.);
#6945 = VERTEX_POINT('',#6946);
#6946 = CARTESIAN_POINT('',(-31.33608221436,-25.07672194651,
    7.223790440223));
#6947 = SURFACE_CURVE('',#6948,(#6999,#7041),.PCURVE_S1.);
#6948 = B_SPLINE_CURVE_WITH_KNOTS('',13,(#6949,#6950,#6951,#6952,#6953,
    #6954,#6955,#6956,#6957,#6958,#6959,#6960,#6961,#6962,#6963,#6964,
    #6965,#6966,#6967,#6968,#6969,#6970,#6971,#6972,#6973,#6974,#6975,
    #6976,#6977,#6978,#6979,#6980,#6981,#6982,#6983,#6984,#6985,#6986,
    #6987,#6988,#6989,#6990,#6991,#6992,#6993,#6994,#6995,#6996,#6997,
    #6998),.UNSPECIFIED.,.F.,.F.,(14,12,12,12,14),(-1.908874923305,
    -0.909844309418,12.177453796258,25.264751901934,26.081756329804),
  .UNSPECIFIED.);
#6949 = CARTESIAN_POINT('',(-42.34186089993,0.695505230567,
    2.220267356543));
#6950 = CARTESIAN_POINT('',(-42.27947396089,0.622582209955,2.23167886044
    ));
#6951 = CARTESIAN_POINT('',(-42.21832599334,0.551107401829,
    2.242863737926));
#6952 = CARTESIAN_POINT('',(-42.15841699729,0.481080806189,
    2.253821989002));
#6953 = CARTESIAN_POINT('',(-42.09974697274,0.412502423034,
    2.264553613666));
#6954 = CARTESIAN_POINT('',(-42.04231591969,0.345372252365,2.27505861192
    ));
#6955 = CARTESIAN_POINT('',(-41.98612383813,0.279690294182,
    2.285336983763));
#6956 = CARTESIAN_POINT('',(-41.93117072807,0.215456548484,
    2.295388729195));
#6957 = CARTESIAN_POINT('',(-41.87745658951,0.152671015273,
    2.305213848217));
#6958 = CARTESIAN_POINT('',(-41.82498142245,9.133369454679E-02,
    2.314812340827));
#6959 = CARTESIAN_POINT('',(-41.77374522688,3.144458630666E-02,
    2.324184207027));
#6960 = CARTESIAN_POINT('',(-41.72374800282,-2.69963094477E-02,
    2.333329446816));
#6961 = CARTESIAN_POINT('',(-41.67498975025,-8.39889927163E-02,
    2.342248060194));
#6962 = CARTESIAN_POINT('',(-41.0049680268,-0.867165867504,
    2.464805050889));
#6963 = CARTESIAN_POINT('',(-40.40474710989,-1.615551200607,
    2.586072303481));
#6964 = CARTESIAN_POINT('',(-39.82645567058,-2.383728972257,
    2.71501183464));
#6965 = CARTESIAN_POINT('',(-39.2696561954,-3.170718979508,2.85182279109
    ));
#6966 = CARTESIAN_POINT('',(-38.73377836647,-3.975638245985,
    2.996641653202));
#6967 = CARTESIAN_POINT('',(-38.2181092534,-4.797778258607,
    3.149543907576));
#6968 = CARTESIAN_POINT('',(-37.72181374828,-5.636650330951,
    3.310539988511));
#6969 = CARTESIAN_POINT('',(-37.24397797294,-6.492006926709,
    3.479566302696));
#6970 = CARTESIAN_POINT('',(-36.78366836602,-7.363846770789,
    3.656472149687));
#6971 = CARTESIAN_POINT('',(-36.33999918111,-8.252411582091,
    3.841003352643));
#6972 = CARTESIAN_POINT('',(-35.91220110512,-9.158182255932,
    4.032783412037));
#6973 = CARTESIAN_POINT('',(-35.49968372346,-10.08188232888,
    4.231292996421));
#6974 = CARTESIAN_POINT('',(-34.70448537076,-11.96711078241,
    4.640404170496));
#6975 = CARTESIAN_POINT('',(-34.32182068035,-12.92859981474,
    4.850992544534));
#6976 = CARTESIAN_POINT('',(-33.95368402138,-13.91021145835,
    5.067033774063));
#6977 = CARTESIAN_POINT('',(-33.60037951266,-14.91160232241,
    5.287110347107));
#6978 = CARTESIAN_POINT('',(-33.26101335546,-15.93903541142,
    5.511928510071));
#6979 = CARTESIAN_POINT('',(-32.93914998254,-16.98254709992,
    5.736176568177));
#6980 = CARTESIAN_POINT('',(-32.63142800637,-18.06317987774,
    5.964953080708));
#6981 = CARTESIAN_POINT('',(-32.34606922387,-19.1573106525,
    6.188254912009));
#6982 = CARTESIAN_POINT('',(-32.08044009318,-20.28958639768,
    6.411260300091));
#6983 = CARTESIAN_POINT('',(-31.84229249589,-21.44499887444,
    6.627438611006));
#6984 = CARTESIAN_POINT('',(-31.63490358303,-22.63021188719,
    6.836372423081));
#6985 = CARTESIAN_POINT('',(-31.46431547174,-23.84166481114,
    7.035652096407));
#6986 = CARTESIAN_POINT('',(-31.32807696086,-25.15382320455,
    7.235535405357));
#6987 = CARTESIAN_POINT('',(-31.319957211,-25.23202721496,7.247448354626
    ));
#6988 = CARTESIAN_POINT('',(-31.3117229648,-25.31133397774,
    7.259529288031));
#6989 = CARTESIAN_POINT('',(-31.30337422225,-25.3917434929,
    7.271778205572));
#6990 = CARTESIAN_POINT('',(-31.29491098336,-25.47325576044,
    7.284195107249));
#6991 = CARTESIAN_POINT('',(-31.28633324812,-25.55587078035,
    7.29677999306));
#6992 = CARTESIAN_POINT('',(-31.27764101654,-25.63958855263,
    7.309532863008));
#6993 = CARTESIAN_POINT('',(-31.26883428861,-25.72440907728,
    7.322453717091));
#6994 = CARTESIAN_POINT('',(-31.25991306433,-25.81033235431,
    7.33554255531));
#6995 = CARTESIAN_POINT('',(-31.25087734371,-25.89735838372,
    7.348799377664));
#6996 = CARTESIAN_POINT('',(-31.24172712675,-25.98548716549,
    7.362224184154));
#6997 = CARTESIAN_POINT('',(-31.23246241343,-26.07471869965,
    7.375816974779));
#6998 = CARTESIAN_POINT('',(-31.22308320377,-26.16505298617,
    7.38957774954));
#6999 = PCURVE('',#2328,#7000);
#7000 = DEFINITIONAL_REPRESENTATION('',(#7001),#7040);
#7001 = B_SPLINE_CURVE_WITH_KNOTS('',10,(#7002,#7003,#7004,#7005,#7006,
    #7007,#7008,#7009,#7010,#7011,#7012,#7013,#7014,#7015,#7016,#7017,
    #7018,#7019,#7020,#7021,#7022,#7023,#7024,#7025,#7026,#7027,#7028,
    #7029,#7030,#7031,#7032,#7033,#7034,#7035,#7036,#7037,#7038,#7039),
  .UNSPECIFIED.,.F.,.F.,(11,9,9,9,11),(4.110950065678,9.399400524742,
    14.687850983806,19.97630144287,25.264751901934),.UNSPECIFIED.);
#7002 = CARTESIAN_POINT('',(6.771718237327E-02,3.007113252462));
#7003 = CARTESIAN_POINT('',(8.40163361679E-02,3.085770291705));
#7004 = CARTESIAN_POINT('',(0.100277414864,3.166691977945));
#7005 = CARTESIAN_POINT('',(0.116504825532,3.249879880225));
#7006 = CARTESIAN_POINT('',(0.132703671497,3.335329306262));
#7007 = CARTESIAN_POINT('',(0.148879762057,3.42302850512));
#7008 = CARTESIAN_POINT('',(0.165039622197,3.51295786988));
#7009 = CARTESIAN_POINT('',(0.181190502306,3.605089140319));
#7010 = CARTESIAN_POINT('',(0.19734038789,3.699384605576));
#7011 = CARTESIAN_POINT('',(0.213498009293,3.795796306835));
#7012 = CARTESIAN_POINT('',(0.245847693519,3.992734173144));
#7013 = CARTESIAN_POINT('',(0.262039750002,4.093259818311));
#7014 = CARTESIAN_POINT('',(0.278258546577,4.195786390946));
#7015 = CARTESIAN_POINT('',(0.294514266784,4.300228983875));
#7016 = CARTESIAN_POINT('',(0.310817938289,4.406540337235));
#7017 = CARTESIAN_POINT('',(0.327181535161,4.514562508527));
#7018 = CARTESIAN_POINT('',(0.343618390894,4.624259270042));
#7019 = CARTESIAN_POINT('',(0.360140410522,4.735437258321));
#7020 = CARTESIAN_POINT('',(0.376762662328,4.847980421207));
#7021 = CARTESIAN_POINT('',(0.410236355185,5.075443720213));
#7022 = CARTESIAN_POINT('',(0.427087853385,5.190365374781));
#7023 = CARTESIAN_POINT('',(0.444068523577,5.306306372861));
#7024 = CARTESIAN_POINT('',(0.461193621714,5.423079026614));
#7025 = CARTESIAN_POINT('',(0.478478933503,5.540474573602));
#7026 = CARTESIAN_POINT('',(0.495940557195,5.658261248042));
#7027 = CARTESIAN_POINT('',(0.513594675136,5.776184471555));
#7028 = CARTESIAN_POINT('',(0.531457314079,5.893969163487));
#7029 = CARTESIAN_POINT('',(0.549544094258,6.011324170732));
#7030 = CARTESIAN_POINT('',(0.5861958402,6.244573463493));
#7031 = CARTESIAN_POINT('',(0.604760746741,6.360467318252));
#7032 = CARTESIAN_POINT('',(0.623579820024,6.475331751515));
#7033 = CARTESIAN_POINT('',(0.642666100275,6.588845200714));
#7034 = CARTESIAN_POINT('',(0.66203373661,6.700701807045));
#7035 = CARTESIAN_POINT('',(0.681690906867,6.810554015457));
#7036 = CARTESIAN_POINT('',(0.701645198158,6.91806963286));
#7037 = CARTESIAN_POINT('',(0.721905569467,7.022971846211));
#7038 = CARTESIAN_POINT('',(0.742470080446,7.12495809198));
#7039 = CARTESIAN_POINT('',(0.763337317515,7.223790440222));
#7040 = ( GEOMETRIC_REPRESENTATION_CONTEXT(2) 
PARAMETRIC_REPRESENTATION_CONTEXT() REPRESENTATION_CONTEXT('2D SPACE',''
  ) );
#7041 = PCURVE('',#4897,#7042);
#7042 = DEFINITIONAL_REPRESENTATION('',(#7043),#7047);
#7043 = LINE('',#7044,#7045);
#7044 = CARTESIAN_POINT('',(0.,0.));
#7045 = VECTOR('',#7046,1.);
#7046 = DIRECTION('',(0.,1.));
#7047 = ( GEOMETRIC_REPRESENTATION_CONTEXT(2) 
PARAMETRIC_REPRESENTATION_CONTEXT() REPRESENTATION_CONTEXT('2D SPACE',''
  ) );
#7048 = ORIENTED_EDGE('',*,*,#7049,.T.);
#7049 = EDGE_CURVE('',#6945,#2305,#7050,.T.);
#7050 = SURFACE_CURVE('',#7051,(#7063,#7070),.PCURVE_S1.);
#7051 = ( BOUNDED_CURVE() B_SPLINE_CURVE(10,(#7052,#7053,#7054,#7055,
    #7056,#7057,#7058,#7059,#7060,#7061,#7062),.UNSPECIFIED.,.F.,.F.) 
B_SPLINE_CURVE_WITH_KNOTS((11,11),(0.,150.),.PIECEWISE_BEZIER_KNOTS.) 
CURVE() GEOMETRIC_REPRESENTATION_ITEM() RATIONAL_B_SPLINE_CURVE((
    1.00731395893,1.00731395893,1.00731395893,1.007313958931,
    1.00731395893,1.007313958931,1.00731395893,1.007313958931,
1.00731395893,1.00731395893,1.00731395893)) REPRESENTATION_ITEM('') );
#7052 = CARTESIAN_POINT('',(-34.64101615137,-20.,0.));
#7053 = CARTESIAN_POINT('',(-28.35783084419,-30.8827961854,
    15.000000000003));
#7054 = CARTESIAN_POINT('',(-19.43011253094,-40.23894220107,
    29.999999999988));
#7055 = CARTESIAN_POINT('',(-7.64759480969,-47.77150016364,
    45.000000000026));
#7056 = CARTESIAN_POINT('',(7.460555490463,-52.33831832922,
    59.999999999965));
#7057 = CARTESIAN_POINT('',(25.516585601403,-51.67289254425,
    75.00000000003));
#7058 = CARTESIAN_POINT('',(43.919045707816,-43.2214959597,
    89.99999999999));
#7059 = CARTESIAN_POINT('',(57.887023641731,-27.07252563967,
    104.99999999999));
#7060 = CARTESIAN_POINT('',(63.958341902308,-6.60605543526,120.));
#7061 = CARTESIAN_POINT('',(61.386302187834,13.67580572189,
    134.99999999999));
#7062 = CARTESIAN_POINT('',(51.961524227066,30.,150.));
#7063 = PCURVE('',#2328,#7064);
#7064 = DEFINITIONAL_REPRESENTATION('',(#7065),#7069);
#7065 = LINE('',#7066,#7067);
#7066 = CARTESIAN_POINT('',(0.763337317515,0.));
#7067 = VECTOR('',#7068,1.);
#7068 = DIRECTION('',(0.,1.));
#7069 = ( GEOMETRIC_REPRESENTATION_CONTEXT(2) 
PARAMETRIC_REPRESENTATION_CONTEXT() REPRESENTATION_CONTEXT('2D SPACE',''
  ) );
#7070 = PCURVE('',#2437,#7071);
#7071 = DEFINITIONAL_REPRESENTATION('',(#7072),#7075);
#7072 = B_SPLINE_CURVE_WITH_KNOTS('',1,(#7073,#7074),.UNSPECIFIED.,.F.,
  .F.,(2,2),(0.,150.),.PIECEWISE_BEZIER_KNOTS.);
#7073 = CARTESIAN_POINT('',(0.,0.));
#7074 = CARTESIAN_POINT('',(0.,150.));
#7075 = ( GEOMETRIC_REPRESENTATION_CONTEXT(2) 
PARAMETRIC_REPRESENTATION_CONTEXT() REPRESENTATION_CONTEXT('2D SPACE',''
  ) );
#7076 = ORIENTED_EDGE('',*,*,#2304,.F.);
#7077 = ADVANCED_FACE('',(#7078),#2655,.T.);
#7078 = FACE_BOUND('',#7079,.T.);
#7079 = EDGE_LOOP('',(#7080,#7110,#7166,#7269,#7270));
#7080 = ORIENTED_EDGE('',*,*,#7081,.F.);
#7081 = EDGE_CURVE('',#7082,#2523,#7084,.T.);
#7082 = VERTEX_POINT('',#7083);
#7083 = CARTESIAN_POINT('',(6.049037142135,-39.67620422597,
    7.223790440222));
#7084 = SURFACE_CURVE('',#7085,(#7097,#7103),.PCURVE_S1.);
#7085 = ( BOUNDED_CURVE() B_SPLINE_CURVE(10,(#7086,#7087,#7088,#7089,
    #7090,#7091,#7092,#7093,#7094,#7095,#7096),.UNSPECIFIED.,.F.,.F.) 
B_SPLINE_CURVE_WITH_KNOTS((11,11),(0.,150.),.PIECEWISE_BEZIER_KNOTS.) 
CURVE() GEOMETRIC_REPRESENTATION_ITEM() RATIONAL_B_SPLINE_CURVE((
    1.00731395893,1.00731395893,1.00731395893,1.007313958931,
    1.00731395893,1.007313958931,1.00731395893,1.007313958931,
1.00731395893,1.00731395893,1.00731395893)) REPRESENTATION_ITEM('') );
#7086 = CARTESIAN_POINT('',(-1.7763568394E-14,-40.,2.84217094304E-14));
#7087 = CARTESIAN_POINT('',(12.56637061436,-39.99999999999,
    15.000000000002));
#7088 = CARTESIAN_POINT('',(25.132889902074,-36.94644215072,
    29.999999999995));
#7089 = CARTESIAN_POINT('',(37.547535313769,-30.50876146486,
    45.000000000006));
#7090 = CARTESIAN_POINT('',(49.056591009689,-19.70812858353,
    59.999999999997));
#7091 = CARTESIAN_POINT('',(57.508330431055,-3.738434923462,
    74.999999999998));
#7092 = CARTESIAN_POINT('',(59.390436344574,16.424261313073,
    90.000000000006));
#7093 = CARTESIAN_POINT('',(52.389006769426,36.595370203387,
    104.99999999999));
#7094 = CARTESIAN_POINT('',(37.700182776898,52.086521153693,120.));
#7095 = CARTESIAN_POINT('',(18.849555921539,60.,134.99999999999));
#7096 = CARTESIAN_POINT('',(3.19744231092E-14,60.,150.));
#7097 = PCURVE('',#2655,#7098);
#7098 = DEFINITIONAL_REPRESENTATION('',(#7099),#7102);
#7099 = B_SPLINE_CURVE_WITH_KNOTS('',1,(#7100,#7101),.UNSPECIFIED.,.F.,
  .F.,(2,2),(0.,150.),.PIECEWISE_BEZIER_KNOTS.);
#7100 = CARTESIAN_POINT('',(0.,0.));
#7101 = CARTESIAN_POINT('',(0.,150.));
#7102 = ( GEOMETRIC_REPRESENTATION_CONTEXT(2) 
PARAMETRIC_REPRESENTATION_CONTEXT() REPRESENTATION_CONTEXT('2D SPACE',''
  ) );
#7103 = PCURVE('',#2546,#7104);
#7104 = DEFINITIONAL_REPRESENTATION('',(#7105),#7109);
#7105 = LINE('',#7106,#7107);
#7106 = CARTESIAN_POINT('',(0.763337317515,0.));
#7107 = VECTOR('',#7108,1.);
#7108 = DIRECTION('',(0.,1.));
#7109 = ( GEOMETRIC_REPRESENTATION_CONTEXT(2) 
PARAMETRIC_REPRESENTATION_CONTEXT() REPRESENTATION_CONTEXT('2D SPACE',''
  ) );
#7110 = ORIENTED_EDGE('',*,*,#7111,.F.);
#7111 = EDGE_CURVE('',#7112,#7082,#7114,.T.);
#7112 = VERTEX_POINT('',#7113);
#7113 = CARTESIAN_POINT('',(3.991933454013,-38.77132737393,
    3.007113252462));
#7114 = SURFACE_CURVE('',#7115,(#7130,#7148),.PCURVE_S1.);
#7115 = B_SPLINE_CURVE_WITH_KNOTS('',7,(#7116,#7117,#7118,#7119,#7120,
    #7121,#7122,#7123,#7124,#7125,#7126,#7127,#7128,#7129),
  .UNSPECIFIED.,.F.,.F.,(8,6,8),(0.,0.450444874901,1.),.UNSPECIFIED.);
#7116 = CARTESIAN_POINT('',(3.991933576128,-38.77132743264,
    3.007113258859));
#7117 = CARTESIAN_POINT('',(4.009667684954,-38.90350243088,
    3.278394120734));
#7118 = CARTESIAN_POINT('',(4.052672562864,-39.0271860322,3.556838051613
    ));
#7119 = CARTESIAN_POINT('',(4.119188649123,-39.1411469745,3.840397901271
    ));
#7120 = CARTESIAN_POINT('',(4.207032918618,-39.24440128862,
    4.127009357392));
#7121 = CARTESIAN_POINT('',(4.31383113745,-39.33621079996,4.414656491386
    ));
#7122 = CARTESIAN_POINT('',(4.437184604127,-39.41607156723,
    4.701432318006));
#7123 = CARTESIAN_POINT('',(4.742631019261,-39.56619136016,
    5.332279879216));
#7124 = CARTESIAN_POINT('',(4.931636774168,-39.63045184885,
    5.674992187763));
#7125 = CARTESIAN_POINT('',(5.137547256048,-39.67595723498,
    6.010553180266));
#7126 = CARTESIAN_POINT('',(5.356150144684,-39.70259257507,
    6.335839689206));
#7127 = CARTESIAN_POINT('',(5.583353207546,-39.71075676388,
    6.647944093527));
#7128 = CARTESIAN_POINT('',(5.815405641116,-39.70146356246,
    6.944495885603));
#7129 = CARTESIAN_POINT('',(6.049037142135,-39.67620422597,
    7.223790440222));
#7130 = PCURVE('',#2655,#7131);
#7131 = DEFINITIONAL_REPRESENTATION('',(#7132),#7147);
#7132 = B_SPLINE_CURVE_WITH_KNOTS('',7,(#7133,#7134,#7135,#7136,#7137,
    #7138,#7139,#7140,#7141,#7142,#7143,#7144,#7145,#7146),
  .UNSPECIFIED.,.F.,.F.,(8,6,8),(0.,0.450444874901,1.),.UNSPECIFIED.);
#7133 = CARTESIAN_POINT('',(6.771718369882E-02,3.007113258858));
#7134 = CARTESIAN_POINT('',(5.862663207407E-02,3.278394120734));
#7135 = CARTESIAN_POINT('',(5.025033835555E-02,3.556838051613));
#7136 = CARTESIAN_POINT('',(4.260822039943E-02,3.84039790127));
#7137 = CARTESIAN_POINT('',(3.570577800847E-02,4.127009357392));
#7138 = CARTESIAN_POINT('',(2.953927869106E-02,4.414656491385));
#7139 = CARTESIAN_POINT('',(2.409892834866E-02,4.701432318006));
#7140 = CARTESIAN_POINT('',(1.360063716932E-02,5.332279879215));
#7141 = CARTESIAN_POINT('',(8.89160536558E-03,5.674992187763));
#7142 = CARTESIAN_POINT('',(5.21567810942E-03,6.010553180266));
#7143 = CARTESIAN_POINT('',(2.540161134009E-03,6.335839689206));
#7144 = CARTESIAN_POINT('',(8.217233968277E-04,6.647944093527));
#7145 = CARTESIAN_POINT('',(-4.104940386479E-14,6.944495885603));
#7146 = CARTESIAN_POINT('',(-2.370365546496E-15,7.223790440222));
#7147 = ( GEOMETRIC_REPRESENTATION_CONTEXT(2) 
PARAMETRIC_REPRESENTATION_CONTEXT() REPRESENTATION_CONTEXT('2D SPACE',''
  ) );
#7148 = PCURVE('',#5385,#7149);
#7149 = DEFINITIONAL_REPRESENTATION('',(#7150),#7165);
#7150 = B_SPLINE_CURVE_WITH_KNOTS('',7,(#7151,#7152,#7153,#7154,#7155,
    #7156,#7157,#7158,#7159,#7160,#7161,#7162,#7163,#7164),
  .UNSPECIFIED.,.F.,.F.,(8,6,8),(0.,0.450444874901,1.),.UNSPECIFIED.);
#7151 = CARTESIAN_POINT('',(10.801379516013,23.402878602596));
#7152 = CARTESIAN_POINT('',(10.095602622039,23.4923788651));
#7153 = CARTESIAN_POINT('',(9.396062020463,23.594335006079));
#7154 = CARTESIAN_POINT('',(8.702206855015,23.706718783568));
#7155 = CARTESIAN_POINT('',(8.012992704733,23.827202009757));
#7156 = CARTESIAN_POINT('',(7.327003490113,23.953395661007));
#7157 = CARTESIAN_POINT('',(6.642549897688,24.083028706442));
#7158 = CARTESIAN_POINT('',(5.122262704228,24.373936553272));
#7159 = CARTESIAN_POINT('',(4.286456007355,24.535859005855));
#7160 = CARTESIAN_POINT('',(3.446933800943,24.696128305785));
#7161 = CARTESIAN_POINT('',(2.600626584486,24.851411038055));
#7162 = CARTESIAN_POINT('',(1.744987514165,24.999026078522));
#7163 = CARTESIAN_POINT('',(0.878339847726,25.137154875765));
#7164 = CARTESIAN_POINT('',(0.,25.264751901935));
#7165 = ( GEOMETRIC_REPRESENTATION_CONTEXT(2) 
PARAMETRIC_REPRESENTATION_CONTEXT() REPRESENTATION_CONTEXT('2D SPACE',''
  ) );
#7166 = ORIENTED_EDGE('',*,*,#7167,.T.);
#7167 = EDGE_CURVE('',#7112,#6698,#7168,.T.);
#7168 = SURFACE_CURVE('',#7169,(#7220,#7262),.PCURVE_S1.);
#7169 = B_SPLINE_CURVE_WITH_KNOTS('',13,(#7170,#7171,#7172,#7173,#7174,
    #7175,#7176,#7177,#7178,#7179,#7180,#7181,#7182,#7183,#7184,#7185,
    #7186,#7187,#7188,#7189,#7190,#7191,#7192,#7193,#7194,#7195,#7196,
    #7197,#7198,#7199,#7200,#7201,#7202,#7203,#7204,#7205,#7206,#7207,
    #7208,#7209,#7210,#7211,#7212,#7213,#7214,#7215,#7216,#7217,#7218,
    #7219),.UNSPECIFIED.,.F.,.F.,(14,12,12,12,14),(-1.908874923306,
    -0.909844309418,12.177453796259,25.264751901936,26.081756329805),
  .UNSPECIFIED.);
#7170 = CARTESIAN_POINT('',(-0.695505230567,-42.34186089993,
    2.220267356543));
#7171 = CARTESIAN_POINT('',(-0.622582209955,-42.27947396089,
    2.23167886044));
#7172 = CARTESIAN_POINT('',(-0.551107401829,-42.21832599334,
    2.242863737926));
#7173 = CARTESIAN_POINT('',(-0.481080806189,-42.15841699729,
    2.253821989002));
#7174 = CARTESIAN_POINT('',(-0.412502423034,-42.09974697274,
    2.264553613666));
#7175 = CARTESIAN_POINT('',(-0.345372252365,-42.04231591969,
    2.27505861192));
#7176 = CARTESIAN_POINT('',(-0.279690294182,-41.98612383813,
    2.285336983763));
#7177 = CARTESIAN_POINT('',(-0.215456548484,-41.93117072807,
    2.295388729195));
#7178 = CARTESIAN_POINT('',(-0.152671015273,-41.87745658951,
    2.305213848216));
#7179 = CARTESIAN_POINT('',(-9.133369454681E-02,-41.82498142245,
    2.314812340827));
#7180 = CARTESIAN_POINT('',(-3.144458630668E-02,-41.77374522688,
    2.324184207027));
#7181 = CARTESIAN_POINT('',(2.699630944767E-02,-41.72374800282,
    2.333329446816));
#7182 = CARTESIAN_POINT('',(8.398899271627E-02,-41.67498975025,
    2.342248060194));
#7183 = CARTESIAN_POINT('',(0.867165867504,-41.0049680268,2.464805050888
    ));
#7184 = CARTESIAN_POINT('',(1.615551200609,-40.40474710992,
    2.586072303482));
#7185 = CARTESIAN_POINT('',(2.383728972253,-39.82645567052,
    2.715011834635));
#7186 = CARTESIAN_POINT('',(3.170718979515,-39.26965619552,
    2.851822791099));
#7187 = CARTESIAN_POINT('',(3.975638245977,-38.73377836631,2.99664165319
    ));
#7188 = CARTESIAN_POINT('',(4.797778258613,-38.21810925357,
    3.149543907589));
#7189 = CARTESIAN_POINT('',(5.636650330949,-37.72181374814,3.3105399885)
  );
#7190 = CARTESIAN_POINT('',(6.492006926708,-37.24397797303,
    3.479566302702));
#7191 = CARTESIAN_POINT('',(7.363846770791,-36.78366836597,
    3.656472149684));
#7192 = CARTESIAN_POINT('',(8.25241158209,-36.33999918113,3.841003352645
    ));
#7193 = CARTESIAN_POINT('',(9.158182255933,-35.91220110511,
    4.032783412036));
#7194 = CARTESIAN_POINT('',(10.081882328887,-35.49968372346,
    4.231292996421));
#7195 = CARTESIAN_POINT('',(11.967110782411,-34.70448537076,
    4.640404170496));
#7196 = CARTESIAN_POINT('',(12.928599814742,-34.32182068035,
    4.850992544535));
#7197 = CARTESIAN_POINT('',(13.910211458355,-33.95368402139,
    5.067033774063));
#7198 = CARTESIAN_POINT('',(14.911602322411,-33.60037951264,
    5.287110347107));
#7199 = CARTESIAN_POINT('',(15.939035411416,-33.2610133555,
    5.511928510071));
#7200 = CARTESIAN_POINT('',(16.982547099938,-32.93914998247,
    5.736176568176));
#7201 = CARTESIAN_POINT('',(18.06317987774,-32.63142800646,
    5.964953080712));
#7202 = CARTESIAN_POINT('',(19.157310652507,-32.34606922379,
    6.188254912002));
#7203 = CARTESIAN_POINT('',(20.289586397692,-32.08044009323,6.4112603001
    ));
#7204 = CARTESIAN_POINT('',(21.444998874438,-31.84229249586,
    6.627438611001));
#7205 = CARTESIAN_POINT('',(22.630211887197,-31.63490358304,
    6.836372423083));
#7206 = CARTESIAN_POINT('',(23.841664811146,-31.46431547174,
    7.035652096406));
#7207 = CARTESIAN_POINT('',(25.153823204551,-31.32807696086,
    7.235535405357));
#7208 = CARTESIAN_POINT('',(25.232027214963,-31.319957211,7.247448354626
    ));
#7209 = CARTESIAN_POINT('',(25.311333977749,-31.3117229648,
    7.259529288031));
#7210 = CARTESIAN_POINT('',(25.391743492909,-31.30337422226,
    7.271778205572));
#7211 = CARTESIAN_POINT('',(25.473255760442,-31.29491098336,
    7.284195107248));
#7212 = CARTESIAN_POINT('',(25.55587078035,-31.28633324813,7.29677999306
    ));
#7213 = CARTESIAN_POINT('',(25.639588552632,-31.27764101654,
    7.309532863008));
#7214 = CARTESIAN_POINT('',(25.724409077288,-31.26883428861,
    7.322453717091));
#7215 = CARTESIAN_POINT('',(25.810332354318,-31.25991306434,
    7.33554255531));
#7216 = CARTESIAN_POINT('',(25.897358383721,-31.25087734371,
    7.348799377664));
#7217 = CARTESIAN_POINT('',(25.985487165499,-31.24172712675,
    7.362224184154));
#7218 = CARTESIAN_POINT('',(26.074718699651,-31.23246241343,
    7.375816974779));
#7219 = CARTESIAN_POINT('',(26.165052986176,-31.22308320377,
    7.38957774954));
#7220 = PCURVE('',#2655,#7221);
#7221 = DEFINITIONAL_REPRESENTATION('',(#7222),#7261);
#7222 = B_SPLINE_CURVE_WITH_KNOTS('',10,(#7223,#7224,#7225,#7226,#7227,
    #7228,#7229,#7230,#7231,#7232,#7233,#7234,#7235,#7236,#7237,#7238,
    #7239,#7240,#7241,#7242,#7243,#7244,#7245,#7246,#7247,#7248,#7249,
    #7250,#7251,#7252,#7253,#7254,#7255,#7256,#7257,#7258,#7259,#7260),
  .UNSPECIFIED.,.F.,.F.,(11,9,9,9,11),(4.110950065678,9.399400524743,
    14.687850983807,19.976301442872,25.264751901936),.UNSPECIFIED.);
#7223 = CARTESIAN_POINT('',(6.771718237327E-02,3.007113252461));
#7224 = CARTESIAN_POINT('',(8.401633616791E-02,3.085770291705));
#7225 = CARTESIAN_POINT('',(0.100277414864,3.166691977944));
#7226 = CARTESIAN_POINT('',(0.116504825532,3.249879880226));
#7227 = CARTESIAN_POINT('',(0.132703671497,3.335329306261));
#7228 = CARTESIAN_POINT('',(0.148879762057,3.423028505121));
#7229 = CARTESIAN_POINT('',(0.165039622197,3.512957869879));
#7230 = CARTESIAN_POINT('',(0.181190502306,3.605089140319));
#7231 = CARTESIAN_POINT('',(0.19734038789,3.699384605576));
#7232 = CARTESIAN_POINT('',(0.213498009293,3.795796306835));
#7233 = CARTESIAN_POINT('',(0.245847693519,3.992734173144));
#7234 = CARTESIAN_POINT('',(0.262039750002,4.093259818311));
#7235 = CARTESIAN_POINT('',(0.278258546576,4.195786390945));
#7236 = CARTESIAN_POINT('',(0.294514266785,4.300228983875));
#7237 = CARTESIAN_POINT('',(0.310817938288,4.406540337234));
#7238 = CARTESIAN_POINT('',(0.327181535162,4.514562508529));
#7239 = CARTESIAN_POINT('',(0.343618390894,4.62425927004));
#7240 = CARTESIAN_POINT('',(0.360140410522,4.735437258322));
#7241 = CARTESIAN_POINT('',(0.376762662328,4.847980421207));
#7242 = CARTESIAN_POINT('',(0.410236355185,5.075443720213));
#7243 = CARTESIAN_POINT('',(0.427087853385,5.190365374781));
#7244 = CARTESIAN_POINT('',(0.444068523577,5.306306372861));
#7245 = CARTESIAN_POINT('',(0.461193621714,5.423079026614));
#7246 = CARTESIAN_POINT('',(0.478478933503,5.540474573602));
#7247 = CARTESIAN_POINT('',(0.495940557195,5.658261248042));
#7248 = CARTESIAN_POINT('',(0.513594675136,5.776184471555));
#7249 = CARTESIAN_POINT('',(0.531457314079,5.893969163487));
#7250 = CARTESIAN_POINT('',(0.549544094258,6.011324170732));
#7251 = CARTESIAN_POINT('',(0.5861958402,6.244573463493));
#7252 = CARTESIAN_POINT('',(0.604760746741,6.360467318253));
#7253 = CARTESIAN_POINT('',(0.623579820024,6.475331751513));
#7254 = CARTESIAN_POINT('',(0.642666100275,6.588845200717));
#7255 = CARTESIAN_POINT('',(0.66203373661,6.700701807042));
#7256 = CARTESIAN_POINT('',(0.681690906868,6.810554015459));
#7257 = CARTESIAN_POINT('',(0.701645198157,6.918069632859));
#7258 = CARTESIAN_POINT('',(0.721905569467,7.022971846212));
#7259 = CARTESIAN_POINT('',(0.742470080446,7.124958091979));
#7260 = CARTESIAN_POINT('',(0.763337317515,7.223790440222));
#7261 = ( GEOMETRIC_REPRESENTATION_CONTEXT(2) 
PARAMETRIC_REPRESENTATION_CONTEXT() REPRESENTATION_CONTEXT('2D SPACE',''
  ) );
#7262 = PCURVE('',#5629,#7263);
#7263 = DEFINITIONAL_REPRESENTATION('',(#7264),#7268);
#7264 = LINE('',#7265,#7266);
#7265 = CARTESIAN_POINT('',(0.,0.));
#7266 = VECTOR('',#7267,1.);
#7267 = DIRECTION('',(0.,1.));
#7268 = ( GEOMETRIC_REPRESENTATION_CONTEXT(2) 
PARAMETRIC_REPRESENTATION_CONTEXT() REPRESENTATION_CONTEXT('2D SPACE',''
  ) );
#7269 = ORIENTED_EDGE('',*,*,#6697,.T.);
#7270 = ORIENTED_EDGE('',*,*,#2631,.F.);
#7271 = ADVANCED_FACE('',(#7272),#2437,.T.);
#7272 = FACE_BOUND('',#7273,.T.);
#7273 = EDGE_LOOP('',(#7274,#7275,#7331,#7432,#7460));
#7274 = ORIENTED_EDGE('',*,*,#7049,.F.);
#7275 = ORIENTED_EDGE('',*,*,#7276,.F.);
#7276 = EDGE_CURVE('',#7277,#6945,#7279,.T.);
#7277 = VERTEX_POINT('',#7278);
#7278 = CARTESIAN_POINT('',(-31.58098771726,-22.84277946836,
    3.007113252462));
#7279 = SURFACE_CURVE('',#7280,(#7295,#7313),.PCURVE_S1.);
#7280 = B_SPLINE_CURVE_WITH_KNOTS('',7,(#7281,#7282,#7283,#7284,#7285,
    #7286,#7287,#7288,#7289,#7290,#7291,#7292,#7293,#7294),
  .UNSPECIFIED.,.F.,.F.,(8,6,8),(0.,0.450444890696,1.),.UNSPECIFIED.);
#7281 = CARTESIAN_POINT('',(-31.58098770705,-22.84277960347,
    3.007113258859));
#7282 = CARTESIAN_POINT('',(-31.6865876773,-22.92422538269,
    3.278394425015));
#7283 = CARTESIAN_POINT('',(-31.77219834303,-23.02331054757,
    3.556838395112));
#7284 = CARTESIAN_POINT('',(-31.83763330914,-23.13789560772,
    3.84039812306));
#7285 = CARTESIAN_POINT('',(-31.88313200676,-23.2655980642,
    4.127009424443));
#7286 = CARTESIAN_POINT('',(-31.90924227124,-23.40399274185,
    4.414656469516));
#7287 = CARTESIAN_POINT('',(-31.91672699319,-23.55075036231,
    4.701432299875));
#7288 = CARTESIAN_POINT('',(-31.89401133926,-23.89033462353,
    5.332279879216));
#7289 = CARTESIAN_POINT('',(-31.85515967748,-24.08614865309,
    5.674992187763));
#7290 = CARTESIAN_POINT('',(-31.79161325693,-24.28722505437,
    6.010553180266));
#7291 = CARTESIAN_POINT('',(-31.70537869377,-24.48985837932,
    6.335839689206));
#7292 = CARTESIAN_POINT('',(-31.59884755725,-24.69070409797,
    6.647944093527));
#7293 = CARTESIAN_POINT('',(-31.47477319195,-24.88702079975,
    6.944495885603));
#7294 = CARTESIAN_POINT('',(-31.33608221436,-25.07672194651,
    7.223790440223));
#7295 = PCURVE('',#2437,#7296);
#7296 = DEFINITIONAL_REPRESENTATION('',(#7297),#7312);
#7297 = B_SPLINE_CURVE_WITH_KNOTS('',7,(#7298,#7299,#7300,#7301,#7302,
    #7303,#7304,#7305,#7306,#7307,#7308,#7309,#7310,#7311),
  .UNSPECIFIED.,.F.,.F.,(8,6,8),(0.,0.450444890696,1.),.UNSPECIFIED.);
#7298 = CARTESIAN_POINT('',(6.771718369882E-02,3.007113258858));
#7299 = CARTESIAN_POINT('',(5.86266218777E-02,3.278394425014));
#7300 = CARTESIAN_POINT('',(5.025032901906E-02,3.556838395112));
#7301 = CARTESIAN_POINT('',(4.260821564555E-02,3.84039812306));
#7302 = CARTESIAN_POINT('',(3.570577702728E-02,4.127009424443));
#7303 = CARTESIAN_POINT('',(2.953927914175E-02,4.414656469516));
#7304 = CARTESIAN_POINT('',(2.40989286504E-02,4.701432299874));
#7305 = CARTESIAN_POINT('',(1.360063716933E-02,5.332279879215));
#7306 = CARTESIAN_POINT('',(8.891605365605E-03,5.674992187763));
#7307 = CARTESIAN_POINT('',(5.215678109412E-03,6.010553180266));
#7308 = CARTESIAN_POINT('',(2.54016113409E-03,6.335839689205));
#7309 = CARTESIAN_POINT('',(8.217233968554E-04,6.647944093526));
#7310 = CARTESIAN_POINT('',(1.45216646128E-14,6.944495885602));
#7311 = CARTESIAN_POINT('',(1.718625223155E-15,7.223790440222));
#7312 = ( GEOMETRIC_REPRESENTATION_CONTEXT(2) 
PARAMETRIC_REPRESENTATION_CONTEXT() REPRESENTATION_CONTEXT('2D SPACE',''
  ) );
#7313 = PCURVE('',#4897,#7314);
#7314 = DEFINITIONAL_REPRESENTATION('',(#7315),#7330);
#7315 = B_SPLINE_CURVE_WITH_KNOTS('',7,(#7316,#7317,#7318,#7319,#7320,
    #7321,#7322,#7323,#7324,#7325,#7326,#7327,#7328,#7329),
  .UNSPECIFIED.,.F.,.F.,(8,6,8),(0.,0.450444890696,1.),.UNSPECIFIED.);
#7316 = CARTESIAN_POINT('',(10.801379516013,23.402878602596));
#7317 = CARTESIAN_POINT('',(10.095601830407,23.492378965487));
#7318 = CARTESIAN_POINT('',(9.396061182592,23.594335141325));
#7319 = CARTESIAN_POINT('',(8.702206330198,23.706718881681));
#7320 = CARTESIAN_POINT('',(8.012992545997,23.827202042366));
#7321 = CARTESIAN_POINT('',(7.32700354082,23.95339565083));
#7322 = CARTESIAN_POINT('',(6.642549941383,24.083028698081));
#7323 = CARTESIAN_POINT('',(5.122262704228,24.373936553271));
#7324 = CARTESIAN_POINT('',(4.286456007356,24.535859005854));
#7325 = CARTESIAN_POINT('',(3.446933800943,24.696128305784));
#7326 = CARTESIAN_POINT('',(2.600626584487,24.851411038055));
#7327 = CARTESIAN_POINT('',(1.744987514165,24.999026078521));
#7328 = CARTESIAN_POINT('',(0.878339847727,25.137154875765));
#7329 = CARTESIAN_POINT('',(0.,25.264751901934));
#7330 = ( GEOMETRIC_REPRESENTATION_CONTEXT(2) 
PARAMETRIC_REPRESENTATION_CONTEXT() REPRESENTATION_CONTEXT('2D SPACE',''
  ) );
#7331 = ORIENTED_EDGE('',*,*,#7332,.T.);
#7332 = EDGE_CURVE('',#7277,#7333,#7335,.T.);
#7333 = VERTEX_POINT('',#7334);
#7334 = CARTESIAN_POINT('',(-14.59948227946,-37.3851193565,
    7.223790440223));
#7335 = SURFACE_CURVE('',#7336,(#7387,#7425),.PCURVE_S1.);
#7336 = B_SPLINE_CURVE_WITH_KNOTS('',13,(#7337,#7338,#7339,#7340,#7341,
    #7342,#7343,#7344,#7345,#7346,#7347,#7348,#7349,#7350,#7351,#7352,
    #7353,#7354,#7355,#7356,#7357,#7358,#7359,#7360,#7361,#7362,#7363,
    #7364,#7365,#7366,#7367,#7368,#7369,#7370,#7371,#7372,#7373,#7374,
    #7375,#7376,#7377,#7378,#7379,#7380,#7381,#7382,#7383,#7384,#7385,
    #7386),.UNSPECIFIED.,.F.,.F.,(14,12,12,12,14),(-1.908874923304,
    -0.909844309418,12.177453796258,25.264751901935,26.081756329805),
  .UNSPECIFIED.);
#7337 = CARTESIAN_POINT('',(-37.01687979813,-20.56860525183,
    2.220267356543));
#7338 = CARTESIAN_POINT('',(-36.92638961375,-20.60056497068,
    2.23167886044));
#7339 = CARTESIAN_POINT('',(-36.8376965164,-20.63188998647,
    2.242863737926));
#7340 = CARTESIAN_POINT('',(-36.75080050608,-20.66258029921,
    2.253821989002));
#7341 = CARTESIAN_POINT('',(-36.6657015828,-20.6926359089,2.264553613666
    ));
#7342 = CARTESIAN_POINT('',(-36.58239974656,-20.72205681553,
    2.27505861192));
#7343 = CARTESIAN_POINT('',(-36.50089499735,-20.75084301911,
    2.285336983763));
#7344 = CARTESIAN_POINT('',(-36.42118733517,-20.77899451963,
    2.295388729195));
#7345 = CARTESIAN_POINT('',(-36.34327676003,-20.8065113171,
    2.305213848216));
#7346 = CARTESIAN_POINT('',(-36.26716327192,-20.83339341152,
    2.314812340827));
#7347 = CARTESIAN_POINT('',(-36.19284687085,-20.85964080289,
    2.324184207027));
#7348 = CARTESIAN_POINT('',(-36.12032755681,-20.88525349119,
    2.333329446816));
#7349 = CARTESIAN_POINT('',(-36.04960532981,-20.91023147645,
    2.342248060194));
#7350 = CARTESIAN_POINT('',(-35.07776105883,-21.25347168396,
    2.464805050889));
#7351 = CARTESIAN_POINT('',(-34.18376183032,-21.60148193576,
    2.586072303477));
#7352 = CARTESIAN_POINT('',(-33.29885786737,-21.97759768107,
    2.715011834649));
#7353 = CARTESIAN_POINT('',(-32.4231603732,-22.38075128209,
    2.851822791074));
#7354 = CARTESIAN_POINT('',(-31.55661692713,-22.8098929007,
    2.996641653225));
#7355 = CARTESIAN_POINT('',(-30.6989643685,-23.26405248015,
    3.149543907548));
#7356 = CARTESIAN_POINT('',(-29.8497238176,-23.74238925321,
    3.310539988538));
#7357 = CARTESIAN_POINT('',(-29.00822759901,-24.24423190637,
    3.479566302674));
#7358 = CARTESIAN_POINT('',(-28.17366786408,-24.76911255619,
    3.656472149701));
#7359 = CARTESIAN_POINT('',(-27.34515667325,-25.31679766308,
    3.841003352636));
#7360 = CARTESIAN_POINT('',(-26.5217873349,-25.8873190387,4.032783412039
    ));
#7361 = CARTESIAN_POINT('',(-25.70268676638,-26.48100807651,
    4.23129299642));
#7362 = CARTESIAN_POINT('',(-24.07141056514,-27.71606463285,
    4.640404170496));
#7363 = CARTESIAN_POINT('',(-23.25926870594,-28.3574062151,
    4.850992544534));
#7364 = CARTESIAN_POINT('',(-22.44964718541,-29.02343850565,
    5.067033774064));
#7365 = CARTESIAN_POINT('',(-21.64298107356,-29.71401617865,
    5.287110347103));
#7366 = CARTESIAN_POINT('',(-20.8353648157,-30.43411625587,
    5.511928510079));
#7367 = CARTESIAN_POINT('',(-20.03486711404,-31.17689220072,
    5.736176568163));
#7368 = CARTESIAN_POINT('',(-19.22805567633,-31.95888665049,
    5.964953080724));
#7369 = CARTESIAN_POINT('',(-18.43386233424,-32.76375230516,
    6.188254911998));
#7370 = CARTESIAN_POINT('',(-17.63768288641,-33.61151729926,
    6.411260300094));
#7371 = CARTESIAN_POINT('',(-16.85373477896,-34.49306005734,
    6.627438611007));
#7372 = CARTESIAN_POINT('',(-16.08152420558,-35.41579017884,
    6.836372423081));
#7373 = CARTESIAN_POINT('',(-15.32806410564,-36.37964513083,
    7.035652096407));
#7374 = CARTESIAN_POINT('',(-14.55399889754,-37.44788837787,
    7.235535405357));
#7375 = CARTESIAN_POINT('',(-14.50786498269,-37.51155516264,
    7.247448354626));
#7376 = CARTESIAN_POINT('',(-14.4610805349,-37.5761197108,7.259529288031
    ));
#7377 = CARTESIAN_POINT('',(-14.41364555419,-37.64158202236,
    7.271778205572));
#7378 = CARTESIAN_POINT('',(-14.36556004054,-37.70794209732,
    7.284195107248));
#7379 = CARTESIAN_POINT('',(-14.31682399397,-37.77519993568,
    7.29677999306));
#7380 = CARTESIAN_POINT('',(-14.26743741446,-37.84335553743,
    7.309532863008));
#7381 = CARTESIAN_POINT('',(-14.21740030202,-37.91240890258,
    7.322453717091));
#7382 = CARTESIAN_POINT('',(-14.16671265665,-37.98236003112,
    7.33554255531));
#7383 = CARTESIAN_POINT('',(-14.11537447835,-38.05320892307,
    7.348799377664));
#7384 = CARTESIAN_POINT('',(-14.06338576711,-38.12495557841,
    7.362224184154));
#7385 = CARTESIAN_POINT('',(-14.01074652295,-38.19759999714,
    7.375816974779));
#7386 = CARTESIAN_POINT('',(-13.95745674585,-38.27114217928,
    7.38957774954));
#7387 = PCURVE('',#2437,#7388);
#7388 = DEFINITIONAL_REPRESENTATION('',(#7389),#7424);
#7389 = B_SPLINE_CURVE_WITH_KNOTS('',9,(#7390,#7391,#7392,#7393,#7394,
    #7395,#7396,#7397,#7398,#7399,#7400,#7401,#7402,#7403,#7404,#7405,
    #7406,#7407,#7408,#7409,#7410,#7411,#7412,#7413,#7414,#7415,#7416,
    #7417,#7418,#7419,#7420,#7421,#7422,#7423),.UNSPECIFIED.,.F.,.F.,(10
    ,8,8,8,10),(4.110950065678,9.399400524742,14.687850983807,
    19.976301442871,25.264751901935),.UNSPECIFIED.);
#7390 = CARTESIAN_POINT('',(6.771718237327E-02,3.007113252461));
#7391 = CARTESIAN_POINT('',(8.58273532562E-02,3.094509962732));
#7392 = CARTESIAN_POINT('',(0.103889930266,3.184737481748));
#7393 = CARTESIAN_POINT('',(0.121911209217,3.277798051001));
#7394 = CARTESIAN_POINT('',(0.13989864635,3.373683476436));
#7395 = CARTESIAN_POINT('',(0.157860877764,3.472373533804));
#7396 = CARTESIAN_POINT('',(0.175807738847,3.573834373996));
#7397 = CARTESIAN_POINT('',(0.193750283709,3.678016928405));
#7398 = CARTESIAN_POINT('',(0.211700804614,3.784855314262));
#7399 = CARTESIAN_POINT('',(0.247644898199,4.003675165716));
#7400 = CARTESIAN_POINT('',(0.265638471758,4.115657069728));
#7401 = CARTESIAN_POINT('',(0.283667104783,4.230121931798));
#7402 = CARTESIAN_POINT('',(0.301745821337,4.346981010624));
#7403 = CARTESIAN_POINT('',(0.319889882716,4.466078342657));
#7404 = CARTESIAN_POINT('',(0.338119183657,4.58730974538));
#7405 = CARTESIAN_POINT('',(0.356449768777,4.710461768355));
#7406 = CARTESIAN_POINT('',(0.374903012724,4.835343571262));
#7407 = CARTESIAN_POINT('',(0.412096004788,5.088080570157));
#7408 = CARTESIAN_POINT('',(0.430835815534,5.215936575937));
#7409 = CARTESIAN_POINT('',(0.449739684167,5.345036285829));
#7410 = CARTESIAN_POINT('',(0.468829580079,5.47510752047));
#7411 = CARTESIAN_POINT('',(0.488128286927,5.605841626735));
#7412 = CARTESIAN_POINT('',(0.507658962597,5.73689068));
#7413 = CARTESIAN_POINT('',(0.527444671061,5.867869985186));
#7414 = CARTESIAN_POINT('',(0.547507886151,5.99836587669));
#7415 = CARTESIAN_POINT('',(0.588232048307,6.257531757535));
#7416 = CARTESIAN_POINT('',(0.60889292135,6.386201208432));
#7417 = CARTESIAN_POINT('',(0.62987420517,6.513530555691));
#7418 = CARTESIAN_POINT('',(0.651194030344,6.639054964065));
#7419 = CARTESIAN_POINT('',(0.672873442875,6.762348650023));
#7420 = CARTESIAN_POINT('',(0.694917102855,6.88286206361));
#7421 = CARTESIAN_POINT('',(0.717344087196,7.000220627776));
#7422 = CARTESIAN_POINT('',(0.740151498549,7.113976719953));
#7423 = CARTESIAN_POINT('',(0.763337317515,7.223790440222));
#7424 = ( GEOMETRIC_REPRESENTATION_CONTEXT(2) 
PARAMETRIC_REPRESENTATION_CONTEXT() REPRESENTATION_CONTEXT('2D SPACE',''
  ) );
#7425 = PCURVE('',#5141,#7426);
#7426 = DEFINITIONAL_REPRESENTATION('',(#7427),#7431);
#7427 = LINE('',#7428,#7429);
#7428 = CARTESIAN_POINT('',(0.,0.));
#7429 = VECTOR('',#7430,1.);
#7430 = DIRECTION('',(0.,1.));
#7431 = ( GEOMETRIC_REPRESENTATION_CONTEXT(2) 
PARAMETRIC_REPRESENTATION_CONTEXT() REPRESENTATION_CONTEXT('2D SPACE',''
  ) );
#7432 = ORIENTED_EDGE('',*,*,#7433,.T.);
#7433 = EDGE_CURVE('',#7333,#2414,#7434,.T.);
#7434 = SURFACE_CURVE('',#7435,(#7447,#7454),.PCURVE_S1.);
#7435 = ( BOUNDED_CURVE() B_SPLINE_CURVE(10,(#7436,#7437,#7438,#7439,
    #7440,#7441,#7442,#7443,#7444,#7445,#7446),.UNSPECIFIED.,.F.,.F.) 
B_SPLINE_CURVE_WITH_KNOTS((11,11),(0.,150.),.PIECEWISE_BEZIER_KNOTS.) 
CURVE() GEOMETRIC_REPRESENTATION_ITEM() RATIONAL_B_SPLINE_CURVE((
    1.00731395893,1.00731395893,1.00731395893,1.007313958931,
    1.00731395893,1.007313958931,1.00731395893,1.007313958931,
1.00731395893,1.00731395893,1.00731395893)) REPRESENTATION_ITEM('') );
#7436 = CARTESIAN_POINT('',(-20.,-34.64101615137,-1.42108547152E-14));
#7437 = CARTESIAN_POINT('',(-9.117203814593,-40.92420145855,
    15.000000000003));
#7438 = CARTESIAN_POINT('',(3.292500050348,-44.56300243301,
    29.999999999988));
#7439 = CARTESIAN_POINT('',(17.262738698786,-45.19513012346,
    45.000000000022));
#7440 = CARTESIAN_POINT('',(32.630189745689,-41.59603551922,
    59.999999999973));
#7441 = CARTESIAN_POINT('',(47.93445762079,-31.99174482965,
    75.000000000021));
#7442 = CARTESIAN_POINT('',(59.645757272784,-15.47139063675,
    89.999999999994));
#7443 = CARTESIAN_POINT('',(63.667895843048,5.498016872303,
    104.99999999999));
#7444 = CARTESIAN_POINT('',(58.692576588958,26.258159125412,120.));
#7445 = CARTESIAN_POINT('',(46.324194278108,42.536746266294,
    134.99999999999));
#7446 = CARTESIAN_POINT('',(30.,51.961524227066,150.));
#7447 = PCURVE('',#2437,#7448);
#7448 = DEFINITIONAL_REPRESENTATION('',(#7449),#7453);
#7449 = LINE('',#7450,#7451);
#7450 = CARTESIAN_POINT('',(0.763337317515,0.));
#7451 = VECTOR('',#7452,1.);
#7452 = DIRECTION('',(0.,1.));
#7453 = ( GEOMETRIC_REPRESENTATION_CONTEXT(2) 
PARAMETRIC_REPRESENTATION_CONTEXT() REPRESENTATION_CONTEXT('2D SPACE',''
  ) );
#7454 = PCURVE('',#2546,#7455);
#7455 = DEFINITIONAL_REPRESENTATION('',(#7456),#7459);
#7456 = B_SPLINE_CURVE_WITH_KNOTS('',1,(#7457,#7458),.UNSPECIFIED.,.F.,
  .F.,(2,2),(0.,150.),.PIECEWISE_BEZIER_KNOTS.);
#7457 = CARTESIAN_POINT('',(0.,0.));
#7458 = CARTESIAN_POINT('',(0.,150.));
#7459 = ( GEOMETRIC_REPRESENTATION_CONTEXT(2) 
PARAMETRIC_REPRESENTATION_CONTEXT() REPRESENTATION_CONTEXT('2D SPACE',''
  ) );
#7460 = ORIENTED_EDGE('',*,*,#2413,.F.);
#7461 = ADVANCED_FACE('',(#7462),#2546,.T.);
#7462 = FACE_BOUND('',#7463,.T.);
#7463 = EDGE_LOOP('',(#7464,#7465,#7521,#7620,#7621));
#7464 = ORIENTED_EDGE('',*,*,#7433,.F.);
#7465 = ORIENTED_EDGE('',*,*,#7466,.F.);
#7466 = EDGE_CURVE('',#7467,#7333,#7469,.T.);
#7467 = VERTEX_POINT('',#7468);
#7468 = CARTESIAN_POINT('',(-15.92854790557,-35.57292117128,
    3.007113252462));
#7469 = SURFACE_CURVE('',#7470,(#7485,#7503),.PCURVE_S1.);
#7470 = B_SPLINE_CURVE_WITH_KNOTS('',7,(#7471,#7472,#7473,#7474,#7475,
    #7476,#7477,#7478,#7479,#7480,#7481,#7482,#7483,#7484),
  .UNSPECIFIED.,.F.,.F.,(8,6,8),(0.,0.450444888767,1.),.UNSPECIFIED.);
#7471 = CARTESIAN_POINT('',(-15.92854782917,-35.57292128318,
    3.007113258859));
#7472 = CARTESIAN_POINT('',(-15.97927721906,-35.69625543714,
    3.278394545988));
#7473 = CARTESIAN_POINT('',(-16.00387562637,-35.82487104976,
    3.556838533134));
#7474 = CARTESIAN_POINT('',(-16.00325142423,-35.95682208384,
    3.840398215226));
#7475 = CARTESIAN_POINT('',(-15.97880322791,-36.09016497648,
    4.127009458557));
#7476 = CARTESIAN_POINT('',(-15.9322180513,-36.22307340086,
    4.414656471198));
#7477 = CARTESIAN_POINT('',(-15.86532119994,-36.35391158953,
    4.701432302089));
#7478 = CARTESIAN_POINT('',(-15.67585673662,-36.63664235853,
    5.332279879215));
#7479 = CARTESIAN_POINT('',(-15.54430319576,-36.78679645165,
    5.674992187764));
#7480 = CARTESIAN_POINT('',(-15.38873218061,-36.92916051298,
    6.010553180265));
#7481 = CARTESIAN_POINT('',(-15.21273419575,-37.06152883846,
    6.335839689206));
#7482 = CARTESIAN_POINT('',(-15.0200526659,-37.1822007648,6.647944093526
    ));
#7483 = CARTESIAN_POINT('',(-14.81444276271,-37.29017883307,
    6.944495885603));
#7484 = CARTESIAN_POINT('',(-14.59948227946,-37.3851193565,
    7.223790440223));
#7485 = PCURVE('',#2546,#7486);
#7486 = DEFINITIONAL_REPRESENTATION('',(#7487),#7502);
#7487 = B_SPLINE_CURVE_WITH_KNOTS('',7,(#7488,#7489,#7490,#7491,#7492,
    #7493,#7494,#7495,#7496,#7497,#7498,#7499,#7500,#7501),
  .UNSPECIFIED.,.F.,.F.,(8,6,8),(0.,0.450444888767,1.),.UNSPECIFIED.);
#7488 = CARTESIAN_POINT('',(6.771718369882E-02,3.007113258858));
#7489 = CARTESIAN_POINT('',(5.862661782391E-02,3.278394545988));
#7490 = CARTESIAN_POINT('',(5.025032525911E-02,3.556838533134));
#7491 = CARTESIAN_POINT('',(4.260821363764E-02,3.840398215226));
#7492 = CARTESIAN_POINT('',(3.570577644942E-02,4.127009458557));
#7493 = CARTESIAN_POINT('',(2.953927910421E-02,4.414656471198));
#7494 = CARTESIAN_POINT('',(2.409892861355E-02,4.701432302089));
#7495 = CARTESIAN_POINT('',(1.360063716933E-02,5.332279879215));
#7496 = CARTESIAN_POINT('',(8.891605365596E-03,5.674992187763));
#7497 = CARTESIAN_POINT('',(5.215678109428E-03,6.010553180265));
#7498 = CARTESIAN_POINT('',(2.540161134062E-03,6.335839689206));
#7499 = CARTESIAN_POINT('',(8.217233968644E-04,6.647944093526));
#7500 = CARTESIAN_POINT('',(7.771470864666E-15,6.944495885603));
#7501 = CARTESIAN_POINT('',(-1.464210397864E-15,7.223790440223));
#7502 = ( GEOMETRIC_REPRESENTATION_CONTEXT(2) 
PARAMETRIC_REPRESENTATION_CONTEXT() REPRESENTATION_CONTEXT('2D SPACE',''
  ) );
#7503 = PCURVE('',#5141,#7504);
#7504 = DEFINITIONAL_REPRESENTATION('',(#7505),#7520);
#7505 = B_SPLINE_CURVE_WITH_KNOTS('',7,(#7506,#7507,#7508,#7509,#7510,
    #7511,#7512,#7513,#7514,#7515,#7516,#7517,#7518,#7519),
  .UNSPECIFIED.,.F.,.F.,(8,6,8),(0.,0.450444888767,1.),.UNSPECIFIED.);
#7506 = CARTESIAN_POINT('',(10.801379516013,23.402878602597));
#7507 = CARTESIAN_POINT('',(10.095601515678,23.492379005399));
#7508 = CARTESIAN_POINT('',(9.396060845704,23.594335195581));
#7509 = CARTESIAN_POINT('',(8.702206111617,23.706718922212));
#7510 = CARTESIAN_POINT('',(8.012992464992,23.827202058444));
#7511 = CARTESIAN_POINT('',(7.327003536358,23.953395651368));
#7512 = CARTESIAN_POINT('',(6.642549936047,24.083028699102));
#7513 = CARTESIAN_POINT('',(5.122262704229,24.373936553272));
#7514 = CARTESIAN_POINT('',(4.286456007355,24.535859005855));
#7515 = CARTESIAN_POINT('',(3.446933800946,24.696128305785));
#7516 = CARTESIAN_POINT('',(2.600626584485,24.851411038056));
#7517 = CARTESIAN_POINT('',(1.744987514166,24.999026078522));
#7518 = CARTESIAN_POINT('',(0.878339847727,25.137154875765));
#7519 = CARTESIAN_POINT('',(0.,25.264751901935));
#7520 = ( GEOMETRIC_REPRESENTATION_CONTEXT(2) 
PARAMETRIC_REPRESENTATION_CONTEXT() REPRESENTATION_CONTEXT('2D SPACE',''
  ) );
#7521 = ORIENTED_EDGE('',*,*,#7522,.T.);
#7522 = EDGE_CURVE('',#7467,#7082,#7523,.T.);
#7523 = SURFACE_CURVE('',#7524,(#7575,#7613),.PCURVE_S1.);
#7524 = B_SPLINE_CURVE_WITH_KNOTS('',13,(#7525,#7526,#7527,#7528,#7529,
    #7530,#7531,#7532,#7533,#7534,#7535,#7536,#7537,#7538,#7539,#7540,
    #7541,#7542,#7543,#7544,#7545,#7546,#7547,#7548,#7549,#7550,#7551,
    #7552,#7553,#7554,#7555,#7556,#7557,#7558,#7559,#7560,#7561,#7562,
    #7563,#7564,#7565,#7566,#7567,#7568,#7569,#7570,#7571,#7572,#7573,
    #7574),.UNSPECIFIED.,.F.,.F.,(14,12,12,12,14),(-1.908874923304,
    -0.909844309418,12.177453796259,25.264751901935,26.081756329809),
  .UNSPECIFIED.);
#7525 = CARTESIAN_POINT('',(-21.7732556481,-36.32137456756,
    2.220267356543));
#7526 = CARTESIAN_POINT('',(-21.67890899021,-36.30380740379,
    2.23167886044));
#7527 = CARTESIAN_POINT('',(-21.58643600687,-36.28658911457,
    2.242863737926));
#7528 = CARTESIAN_POINT('',(-21.49583669807,-36.2697196999,
    2.253821989001));
#7529 = CARTESIAN_POINT('',(-21.40711106384,-36.25319915977,
    2.264553613666));
#7530 = CARTESIAN_POINT('',(-21.32025910415,-36.23702749419,
    2.27505861192));
#7531 = CARTESIAN_POINT('',(-21.23528081901,-36.22120470317,
    2.285336983762));
#7532 = CARTESIAN_POINT('',(-21.15217620843,-36.20573078669,
    2.295388729195));
#7533 = CARTESIAN_POINT('',(-21.0709452724,-36.19060574476,
    2.305213848216));
#7534 = CARTESIAN_POINT('',(-20.99158801092,-36.17582957738,
    2.314812340827));
#7535 = CARTESIAN_POINT('',(-20.91410442399,-36.16140228454,
    2.324184207027));
#7536 = CARTESIAN_POINT('',(-20.83849451161,-36.14732386626,
    2.333329446816));
#7537 = CARTESIAN_POINT('',(-20.76475827379,-36.13359432253,
    2.342248060194));
#7538 = CARTESIAN_POINT('',(-19.75149634285,-35.94492692634,
    2.464805050889));
#7539 = CARTESIAN_POINT('',(-18.80326517409,-35.79931303092,
    2.586072303478));
#7540 = CARTESIAN_POINT('',(-17.84885798961,-35.68258683963,
    2.715011834647));
#7541 = CARTESIAN_POINT('',(-16.88890491312,-35.59387935269,
    2.851822791077));
#7542 = CARTESIAN_POINT('',(-15.92388546604,-35.53225517314,
    2.996641653221));
#7543 = CARTESIAN_POINT('',(-14.95405677291,-35.49674262709,
    3.149543907555));
#7544 = CARTESIAN_POINT('',(-13.97942449539,-35.48637414856,
    3.31053998853));
#7545 = CARTESIAN_POINT('',(-12.99974606631,-35.50023452572,
    3.479566302682));
#7546 = CARTESIAN_POINT('',(-12.01455580998,-35.53751463485,
    3.656472149694));
#7547 = CARTESIAN_POINT('',(-11.02320151795,-35.59756825535,
    3.841003352641));
#7548 = CARTESIAN_POINT('',(-10.02488206644,-35.67996959082,
    4.032783412036));
#7549 = CARTESIAN_POINT('',(-9.01867564695,-35.78456909528,
    4.231292996422));
#7550 = CARTESIAN_POINT('',(-6.988420737914,-36.03852134754,
    4.640404170494));
#7551 = CARTESIAN_POINT('',(-5.964414465247,-36.18786852077,
    4.850992544547));
#7552 = CARTESIAN_POINT('',(-4.930245515739,-36.35985864354,
    5.067033774027));
#7553 = CARTESIAN_POINT('',(-3.886363334013,-36.5545833964,
    5.287110347176));
#7554 = CARTESIAN_POINT('',(-2.826897099578,-36.77440022651,
    5.511928509971));
#7555 = CARTESIAN_POINT('',(-1.762257781833,-37.01741421465,
    5.736176568292));
#7556 = CARTESIAN_POINT('',(-0.672541355858,-37.29123555347,
    5.964953080603));
#7557 = CARTESIAN_POINT('',(0.417683081277,-37.5911729872,6.188254912088
    ));
#7558 = CARTESIAN_POINT('',(1.531077206093,-37.92726928381,6.41126030004
    ));
#7559 = CARTESIAN_POINT('',(2.650767561454,-38.29873365354,
    6.627438611032));
#7560 = CARTESIAN_POINT('',(3.780886595816,-38.71173609272,
    6.836372423072));
#7561 = CARTESIAN_POINT('',(4.915329659095,-39.1697289168,7.035652096409
    ));
#7562 = CARTESIAN_POINT('',(6.119811417014,-39.70782210209,
    7.235535405356));
#7563 = CARTESIAN_POINT('',(6.191597951636,-39.73989219765,
    7.247448354626));
#7564 = CARTESIAN_POINT('',(6.264396746001,-39.77241451265,
    7.259529288031));
#7565 = CARTESIAN_POINT('',(6.338207800109,-39.80538904709,
    7.271778205572));
#7566 = CARTESIAN_POINT('',(6.413031113959,-39.83881580098,
    7.284195107248));
#7567 = CARTESIAN_POINT('',(6.488866687553,-39.87269477431,7.29677999306
    ));
#7568 = CARTESIAN_POINT('',(6.56571452089,-39.90702596709,7.309532863007
    ));
#7569 = CARTESIAN_POINT('',(6.643574613969,-39.9418093793,7.32245371709)
  );
#7570 = CARTESIAN_POINT('',(6.722446966791,-39.97704501096,
    7.335542555309));
#7571 = CARTESIAN_POINT('',(6.802331579357,-40.01273286206,
    7.348799377663));
#7572 = CARTESIAN_POINT('',(6.883228451665,-40.04887293261,
    7.362224184153));
#7573 = CARTESIAN_POINT('',(6.965137583716,-40.08546522259,
    7.375816974778));
#7574 = CARTESIAN_POINT('',(7.04805897551,-40.12250973202,7.389577749539
    ));
#7575 = PCURVE('',#2546,#7576);
#7576 = DEFINITIONAL_REPRESENTATION('',(#7577),#7612);
#7577 = B_SPLINE_CURVE_WITH_KNOTS('',9,(#7578,#7579,#7580,#7581,#7582,
    #7583,#7584,#7585,#7586,#7587,#7588,#7589,#7590,#7591,#7592,#7593,
    #7594,#7595,#7596,#7597,#7598,#7599,#7600,#7601,#7602,#7603,#7604,
    #7605,#7606,#7607,#7608,#7609,#7610,#7611),.UNSPECIFIED.,.F.,.F.,(10
    ,8,8,8,10),(4.110950065678,9.399400524743,14.687850983807,
    19.976301442871,25.264751901935),.UNSPECIFIED.);
#7578 = CARTESIAN_POINT('',(6.771718237327E-02,3.007113252462));
#7579 = CARTESIAN_POINT('',(8.58273532562E-02,3.094509962732));
#7580 = CARTESIAN_POINT('',(0.103889930266,3.184737481748));
#7581 = CARTESIAN_POINT('',(0.121911209217,3.277798051));
#7582 = CARTESIAN_POINT('',(0.13989864635,3.373683476437));
#7583 = CARTESIAN_POINT('',(0.157860877764,3.472373533803));
#7584 = CARTESIAN_POINT('',(0.175807738847,3.573834373997));
#7585 = CARTESIAN_POINT('',(0.193750283709,3.678016928405));
#7586 = CARTESIAN_POINT('',(0.211700804614,3.784855314262));
#7587 = CARTESIAN_POINT('',(0.247644898199,4.003675165717));
#7588 = CARTESIAN_POINT('',(0.265638471758,4.11565706973));
#7589 = CARTESIAN_POINT('',(0.283667104782,4.230121931793));
#7590 = CARTESIAN_POINT('',(0.301745821338,4.346981010635));
#7591 = CARTESIAN_POINT('',(0.319889882716,4.466078342644));
#7592 = CARTESIAN_POINT('',(0.338119183657,4.587309745387));
#7593 = CARTESIAN_POINT('',(0.356449768777,4.710461768354));
#7594 = CARTESIAN_POINT('',(0.374903012724,4.835343571262));
#7595 = CARTESIAN_POINT('',(0.412096004788,5.088080570157));
#7596 = CARTESIAN_POINT('',(0.430835815534,5.215936575937));
#7597 = CARTESIAN_POINT('',(0.449739684167,5.345036285829));
#7598 = CARTESIAN_POINT('',(0.468829580079,5.47510752047));
#7599 = CARTESIAN_POINT('',(0.488128286927,5.605841626735));
#7600 = CARTESIAN_POINT('',(0.507658962597,5.736890680001));
#7601 = CARTESIAN_POINT('',(0.527444671061,5.867869985186));
#7602 = CARTESIAN_POINT('',(0.547507886151,5.99836587669));
#7603 = CARTESIAN_POINT('',(0.588232048307,6.257531757535));
#7604 = CARTESIAN_POINT('',(0.60889292135,6.386201208432));
#7605 = CARTESIAN_POINT('',(0.62987420517,6.51353055569));
#7606 = CARTESIAN_POINT('',(0.651194030344,6.639054964067));
#7607 = CARTESIAN_POINT('',(0.672873442875,6.762348650019));
#7608 = CARTESIAN_POINT('',(0.694917102855,6.882862063614));
#7609 = CARTESIAN_POINT('',(0.717344087196,7.000220627773));
#7610 = CARTESIAN_POINT('',(0.740151498549,7.113976719954));
#7611 = CARTESIAN_POINT('',(0.763337317515,7.223790440222));
#7612 = ( GEOMETRIC_REPRESENTATION_CONTEXT(2) 
PARAMETRIC_REPRESENTATION_CONTEXT() REPRESENTATION_CONTEXT('2D SPACE',''
  ) );
#7613 = PCURVE('',#5385,#7614);
#7614 = DEFINITIONAL_REPRESENTATION('',(#7615),#7619);
#7615 = LINE('',#7616,#7617);
#7616 = CARTESIAN_POINT('',(0.,0.));
#7617 = VECTOR('',#7618,1.);
#7618 = DIRECTION('',(0.,1.));
#7619 = ( GEOMETRIC_REPRESENTATION_CONTEXT(2) 
PARAMETRIC_REPRESENTATION_CONTEXT() REPRESENTATION_CONTEXT('2D SPACE',''
  ) );
#7620 = ORIENTED_EDGE('',*,*,#7081,.T.);
#7621 = ORIENTED_EDGE('',*,*,#2522,.F.);
#7622 = ADVANCED_FACE('',(#7623),#3016,.T.);
#7623 = FACE_BOUND('',#7624,.T.);
#7624 = EDGE_LOOP('',(#7625,#7649,#7759,#7781));
#7625 = ORIENTED_EDGE('',*,*,#7626,.F.);
#7626 = EDGE_CURVE('',#7627,#2991,#7629,.T.);
#7627 = VERTEX_POINT('',#7628);
#7628 = CARTESIAN_POINT('',(34.657520805973,9.410691946302E-15,
    4.958737553013));
#7629 = SURFACE_CURVE('',#7630,(#7635,#7642),.PCURVE_S1.);
#7630 = ( BOUNDED_CURVE() B_SPLINE_CURVE(3,(#7631,#7632,#7633,#7634),
.UNSPECIFIED.,.F.,.F.) B_SPLINE_CURVE_WITH_KNOTS((4,4),(0.,148.),
.PIECEWISE_BEZIER_KNOTS.) CURVE() GEOMETRIC_REPRESENTATION_ITEM() 
RATIONAL_B_SPLINE_CURVE((1.132556574715,1.132556574715,1.132556574715,
1.132556574715)) REPRESENTATION_ITEM('') );
#7631 = CARTESIAN_POINT('',(34.637033051563,2.120906582928E-15,2.));
#7632 = CARTESIAN_POINT('',(34.637033051563,2.120906582928E-15,
    51.333333333333));
#7633 = CARTESIAN_POINT('',(51.955549577344,3.181359874392E-15,
    100.66666666666));
#7634 = CARTESIAN_POINT('',(51.955549577344,3.181359874392E-15,150.));
#7635 = PCURVE('',#3016,#7636);
#7636 = DEFINITIONAL_REPRESENTATION('',(#7637),#7641);
#7637 = LINE('',#7638,#7639);
#7638 = CARTESIAN_POINT('',(0.,0.));
#7639 = VECTOR('',#7640,1.);
#7640 = DIRECTION('',(0.,1.));
#7641 = ( GEOMETRIC_REPRESENTATION_CONTEXT(2) 
PARAMETRIC_REPRESENTATION_CONTEXT() REPRESENTATION_CONTEXT('2D SPACE',''
  ) );
#7642 = PCURVE('',#3074,#7643);
#7643 = DEFINITIONAL_REPRESENTATION('',(#7644),#7648);
#7644 = LINE('',#7645,#7646);
#7645 = CARTESIAN_POINT('',(3.14159265359,0.));
#7646 = VECTOR('',#7647,1.);
#7647 = DIRECTION('',(0.,1.));
#7648 = ( GEOMETRIC_REPRESENTATION_CONTEXT(2) 
PARAMETRIC_REPRESENTATION_CONTEXT() REPRESENTATION_CONTEXT('2D SPACE',''
  ) );
#7649 = ORIENTED_EDGE('',*,*,#7650,.T.);
#7650 = EDGE_CURVE('',#7627,#7651,#7653,.T.);
#7651 = VERTEX_POINT('',#7652);
#7652 = CARTESIAN_POINT('',(-34.65752080597,-2.122161096071E-15,
    4.958737553013));
#7653 = SURFACE_CURVE('',#7654,(#7673,#7697),.PCURVE_S1.);
#7654 = ( BOUNDED_CURVE() B_SPLINE_CURVE(9,(#7655,#7656,#7657,#7658,
    #7659,#7660,#7661,#7662,#7663,#7664,#7665,#7666,#7667,#7668,#7669,
#7670,#7671,#7672),.UNSPECIFIED.,.F.,.F.) B_SPLINE_CURVE_WITH_KNOTS((10,
    8,10),(108.81544857693,163.2231728654,217.63089715387),
.UNSPECIFIED.) CURVE() GEOMETRIC_REPRESENTATION_ITEM() 
RATIONAL_B_SPLINE_CURVE((1.,1.,1.,1.,1.,1.,1.,1.,1.,1.,1.,1.,1.,1.,1.,1.
,1.,1.)) REPRESENTATION_ITEM('') );
#7655 = CARTESIAN_POINT('',(34.657520805973,2.122161096071E-15,
    4.958737553013));
#7656 = CARTESIAN_POINT('',(34.657520805973,-5.939285796722,
    4.958737553013));
#7657 = CARTESIAN_POINT('',(33.512661302181,-11.87813891132,
    4.958713321592));
#7658 = CARTESIAN_POINT('',(31.221568012643,-17.6821798026,
    4.958734642855));
#7659 = CARTESIAN_POINT('',(27.73562802177,-23.03195841016,
    4.958749099937));
#7660 = CARTESIAN_POINT('',(23.203248121421,-27.5882378546,
    4.958735835477));
#7661 = CARTESIAN_POINT('',(17.886430277851,-31.11033139793,
    4.958736581899));
#7662 = CARTESIAN_POINT('',(12.063593549958,-33.48754515349,
    4.958734188456));
#7663 = CARTESIAN_POINT('',(5.99825157737,-34.66633739793,4.958734734226
    ));
#7664 = CARTESIAN_POINT('',(-6.09970634205,-34.64862990797,
    4.958736187911));
#7665 = CARTESIAN_POINT('',(-12.13249536932,-33.45212459715,
    4.958737322996));
#7666 = CARTESIAN_POINT('',(-17.89074986375,-31.07755090948,
    4.958737964888));
#7667 = CARTESIAN_POINT('',(-23.12707205978,-27.59829231636,
    4.958737262445));
#7668 = CARTESIAN_POINT('',(-27.60228959659,-23.12975744349,
    4.958737697389));
#7669 = CARTESIAN_POINT('',(-31.09453280736,-17.87979769274,
    4.958737504825));
#7670 = CARTESIAN_POINT('',(-33.47055587235,-12.09665370151,
    4.958737561397));
#7671 = CARTESIAN_POINT('',(-34.65752080597,-6.047195304018,
    4.958737553013));
#7672 = CARTESIAN_POINT('',(-34.65752080597,-9.410691946302E-15,
    4.958737553013));
#7673 = PCURVE('',#3016,#7674);
#7674 = DEFINITIONAL_REPRESENTATION('',(#7675),#7696);
#7675 = B_SPLINE_CURVE_WITH_KNOTS('',10,(#7676,#7677,#7678,#7679,#7680,
    #7681,#7682,#7683,#7684,#7685,#7686,#7687,#7688,#7689,#7690,#7691,
    #7692,#7693,#7694,#7695),.UNSPECIFIED.,.F.,.F.,(11,9,11),(
    108.81544857693,163.2231728654,217.63089715387),.UNSPECIFIED.);
#7676 = CARTESIAN_POINT('',(6.989105729527E-17,2.958737553013));
#7677 = CARTESIAN_POINT('',(0.154276616584,2.958737553013));
#7678 = CARTESIAN_POINT('',(0.308492952228,2.958718167885));
#7679 = CARTESIAN_POINT('',(0.465073532031,2.95872824645));
#7680 = CARTESIAN_POINT('',(0.623204647455,2.958743317138));
#7681 = CARTESIAN_POINT('',(0.782254947588,2.958742467673));
#7682 = CARTESIAN_POINT('',(0.941279358816,2.958736134073));
#7683 = CARTESIAN_POINT('',(1.099842140224,2.958735863852));
#7684 = CARTESIAN_POINT('',(1.257758882026,2.958734297614));
#7685 = CARTESIAN_POINT('',(1.415177397708,2.95873480691));
#7686 = CARTESIAN_POINT('',(1.729342608982,2.958736115227));
#7687 = CARTESIAN_POINT('',(1.886089813378,2.958737095978));
#7688 = CARTESIAN_POINT('',(2.042676157591,2.958737772319));
#7689 = CARTESIAN_POINT('',(2.19934043176,2.958737543426));
#7690 = CARTESIAN_POINT('',(2.356233145477,2.958737479911));
#7691 = CARTESIAN_POINT('',(2.513273847324,2.958737620367));
#7692 = CARTESIAN_POINT('',(2.670354352315,2.958737521795));
#7693 = CARTESIAN_POINT('',(2.827433142754,2.95873755972));
#7694 = CARTESIAN_POINT('',(2.98451302091,2.958737553013));
#7695 = CARTESIAN_POINT('',(3.14159265359,2.958737553013));
#7696 = ( GEOMETRIC_REPRESENTATION_CONTEXT(2) 
PARAMETRIC_REPRESENTATION_CONTEXT() REPRESENTATION_CONTEXT('2D SPACE',''
  ) );
#7697 = PCURVE('',#7698,#7753);
#7698 = ( BOUNDED_SURFACE() B_SPLINE_SURFACE(2,9,(
    (#7699,#7700,#7701,#7702,#7703,#7704,#7705,#7706,#7707,#7708,#7709
      ,#7710,#7711,#7712,#7713,#7714,#7715,#7716)
    ,(#7717,#7718,#7719,#7720,#7721,#7722,#7723,#7724,#7725,#7726,#7727
      ,#7728,#7729,#7730,#7731,#7732,#7733,#7734)
    ,(#7735,#7736,#7737,#7738,#7739,#7740,#7741,#7742,#7743,#7744,#7745
      ,#7746,#7747,#7748,#7749,#7750,#7751,#7752
)),.UNSPECIFIED.,.F.,.F.,.F.) B_SPLINE_SURFACE_WITH_KNOTS((3,3),(10,8,10
    ),(0.,108.81544857693),(108.81544857693,163.2231728654,
217.63089715387),.UNSPECIFIED.) GEOMETRIC_REPRESENTATION_ITEM() 
RATIONAL_B_SPLINE_SURFACE((
    (1.,1.,1.,1.,1.,1.,1.,1.,1.,1.,1.,1.,1.,1.,1.,1.,1.,1.)
    ,(0.711953000203,0.711953000203,0.711955836464,0.71195334083
      ,0.711951648656,0.711953201232,0.711953113874,0.71195339402
      ,0.711953330139,0.711953159987,0.711953027126,0.711952951993
      ,0.711953034213,0.711952983304,0.711953005843,0.711952999222
      ,0.711953000203,0.711953000203)
    ,(1.,1.,1.,1.,1.,1.,1.,1.,1.,1.,1.,1.,1.,1.,1.,1.,1.,1.
))) REPRESENTATION_ITEM('') SURFACE() );
#7699 = CARTESIAN_POINT('',(34.657520805973,2.122161096071E-15,
    4.958737553013));
#7700 = CARTESIAN_POINT('',(34.657520805973,-5.939285796722,
    4.958737553013));
#7701 = CARTESIAN_POINT('',(33.512661302181,-11.87813891132,
    4.958713321592));
#7702 = CARTESIAN_POINT('',(31.221568012643,-17.6821798026,
    4.958734642855));
#7703 = CARTESIAN_POINT('',(27.73562802177,-23.03195841016,
    4.958749099937));
#7704 = CARTESIAN_POINT('',(23.203248121421,-27.5882378546,
    4.958735835477));
#7705 = CARTESIAN_POINT('',(17.886430277851,-31.11033139793,
    4.958736581899));
#7706 = CARTESIAN_POINT('',(12.063593549958,-33.48754515349,
    4.958734188456));
#7707 = CARTESIAN_POINT('',(5.99825157737,-34.66633739793,4.958734734226
    ));
#7708 = CARTESIAN_POINT('',(-6.09970634205,-34.64862990797,
    4.958736187911));
#7709 = CARTESIAN_POINT('',(-12.13249536932,-33.45212459715,
    4.958737322996));
#7710 = CARTESIAN_POINT('',(-17.89074986375,-31.07755090948,
    4.958737964888));
#7711 = CARTESIAN_POINT('',(-23.12707205978,-27.59829231636,
    4.958737262445));
#7712 = CARTESIAN_POINT('',(-27.60228959659,-23.12975744349,
    4.958737697389));
#7713 = CARTESIAN_POINT('',(-31.09453280736,-17.87979769274,
    4.958737504825));
#7714 = CARTESIAN_POINT('',(-33.47055587235,-12.09665370151,
    4.958737561397));
#7715 = CARTESIAN_POINT('',(-34.65752080597,-6.047195304018,
    4.958737553013));
#7716 = CARTESIAN_POINT('',(-34.65752080597,-9.410691946302E-15,
    4.958737553013));
#7717 = CARTESIAN_POINT('',(34.616822039021,0.,2.));
#7718 = CARTESIAN_POINT('',(34.616822039021,-5.931383623293,2.));
#7719 = CARTESIAN_POINT('',(33.473672235429,-11.86303266797,2.));
#7720 = CARTESIAN_POINT('',(31.185472654789,-17.66088059915,2.));
#7721 = CARTESIAN_POINT('',(27.703390242385,-23.00482302336,2.));
#7722 = CARTESIAN_POINT('',(23.175985675616,-27.5560815937,2.));
#7723 = CARTESIAN_POINT('',(17.865056741052,-31.07405930957,2.));
#7724 = CARTESIAN_POINT('',(12.048941563892,-33.44839178505,2.));
#7725 = CARTESIAN_POINT('',(5.99072259373,-34.62569966717,2.));
#7726 = CARTESIAN_POINT('',(-6.092884969926,-34.60786909582,2.));
#7727 = CARTESIAN_POINT('',(-12.1184511629,-33.4127251621,2.));
#7728 = CARTESIAN_POINT('',(-17.86979509145,-31.04096228942,2.));
#7729 = CARTESIAN_POINT('',(-23.09990291819,-27.56586864419,2.));
#7730 = CARTESIAN_POINT('',(-27.56988146603,-23.10259590473,2.));
#7731 = CARTESIAN_POINT('',(-31.05801609601,-17.85880109528,2.));
#7732 = CARTESIAN_POINT('',(-33.4312513462,-12.08244847972,2.));
#7733 = CARTESIAN_POINT('',(-34.61682203902,-6.040094005752,2.));
#7734 = CARTESIAN_POINT('',(-34.61682203902,-3.552713678801E-14,2.));
#7735 = CARTESIAN_POINT('',(31.657804584317,1.500807988202E-14,2.));
#7736 = CARTESIAN_POINT('',(31.657804584317,-5.356853462909,2.));
#7737 = CARTESIAN_POINT('',(30.640250188621,-10.76832368745,2.));
#7738 = CARTESIAN_POINT('',(28.561801553838,-16.1068308938,2.));
#7739 = CARTESIAN_POINT('',(25.360989981208,-21.03320735039,2.));
#7740 = CARTESIAN_POINT('',(21.19144137203,-25.21878672694,2.));
#7741 = CARTESIAN_POINT('',(16.311695758392,-28.43672353187,2.));
#7742 = CARTESIAN_POINT('',(10.98361794981,-30.60202209699,2.));
#7743 = CARTESIAN_POINT('',(5.443406735414,-31.67132185225,2.));
#7744 = CARTESIAN_POINT('',(-5.596907213579,-31.64443882318,2.));
#7745 = CARTESIAN_POINT('',(-11.09723427415,-30.54821555443,2.));
#7746 = CARTESIAN_POINT('',(-16.34624655141,-28.38080172317,2.));
#7747 = CARTESIAN_POINT('',(-21.12465467838,-25.20844077932,2.));
#7748 = CARTESIAN_POINT('',(-25.21356145378,-21.1278488616,2.));
#7749 = CARTESIAN_POINT('',(-28.40308960734,-16.33221788136,2.));
#7750 = CARTESIAN_POINT('',(-30.57359582,-11.04965709266,2.));
#7751 = CARTESIAN_POINT('',(-31.65780458431,-5.523791741757,2.));
#7752 = CARTESIAN_POINT('',(-31.65780458431,-1.500807988202E-14,2.));
#7753 = DEFINITIONAL_REPRESENTATION('',(#7754),#7758);
#7754 = LINE('',#7755,#7756);
#7755 = CARTESIAN_POINT('',(0.,0.));
#7756 = VECTOR('',#7757,1.);
#7757 = DIRECTION('',(0.,1.));
#7758 = ( GEOMETRIC_REPRESENTATION_CONTEXT(2) 
PARAMETRIC_REPRESENTATION_CONTEXT() REPRESENTATION_CONTEXT('2D SPACE',''
  ) );
#7759 = ORIENTED_EDGE('',*,*,#7760,.T.);
#7760 = EDGE_CURVE('',#7651,#2993,#7761,.T.);
#7761 = SURFACE_CURVE('',#7762,(#7767,#7774),.PCURVE_S1.);
#7762 = ( BOUNDED_CURVE() B_SPLINE_CURVE(3,(#7763,#7764,#7765,#7766),
.UNSPECIFIED.,.F.,.F.) B_SPLINE_CURVE_WITH_KNOTS((4,4),(0.,148.),
.PIECEWISE_BEZIER_KNOTS.) CURVE() GEOMETRIC_REPRESENTATION_ITEM() 
RATIONAL_B_SPLINE_CURVE((1.132556574715,1.132556574715,1.132556574715,
1.132556574715)) REPRESENTATION_ITEM('') );
#7763 = CARTESIAN_POINT('',(-34.63703305156,-2.120906582928E-15,2.));
#7764 = CARTESIAN_POINT('',(-34.63703305156,-2.120906582928E-15,
    51.333333333333));
#7765 = CARTESIAN_POINT('',(-51.95554957734,-3.181359874392E-15,
    100.66666666666));
#7766 = CARTESIAN_POINT('',(-51.95554957734,-3.181359874392E-15,150.));
#7767 = PCURVE('',#3016,#7768);
#7768 = DEFINITIONAL_REPRESENTATION('',(#7769),#7773);
#7769 = LINE('',#7770,#7771);
#7770 = CARTESIAN_POINT('',(3.14159265359,0.));
#7771 = VECTOR('',#7772,1.);
#7772 = DIRECTION('',(0.,1.));
#7773 = ( GEOMETRIC_REPRESENTATION_CONTEXT(2) 
PARAMETRIC_REPRESENTATION_CONTEXT() REPRESENTATION_CONTEXT('2D SPACE',''
  ) );
#7774 = PCURVE('',#3074,#7775);
#7775 = DEFINITIONAL_REPRESENTATION('',(#7776),#7780);
#7776 = LINE('',#7777,#7778);
#7777 = CARTESIAN_POINT('',(0.,0.));
#7778 = VECTOR('',#7779,1.);
#7779 = DIRECTION('',(0.,1.));
#7780 = ( GEOMETRIC_REPRESENTATION_CONTEXT(2) 
PARAMETRIC_REPRESENTATION_CONTEXT() REPRESENTATION_CONTEXT('2D SPACE',''
  ) );
#7781 = ORIENTED_EDGE('',*,*,#2990,.F.);
#7782 = ADVANCED_FACE('',(#7783),#3074,.T.);
#7783 = FACE_BOUND('',#7784,.T.);
#7784 = EDGE_LOOP('',(#7785,#7786,#7894,#7895));
#7785 = ORIENTED_EDGE('',*,*,#7760,.F.);
#7786 = ORIENTED_EDGE('',*,*,#7787,.T.);
#7787 = EDGE_CURVE('',#7651,#7627,#7788,.T.);
#7788 = SURFACE_CURVE('',#7789,(#7808,#7832),.PCURVE_S1.);
#7789 = ( BOUNDED_CURVE() B_SPLINE_CURVE(9,(#7790,#7791,#7792,#7793,
    #7794,#7795,#7796,#7797,#7798,#7799,#7800,#7801,#7802,#7803,#7804,
#7805,#7806,#7807),.UNSPECIFIED.,.F.,.F.) B_SPLINE_CURVE_WITH_KNOTS((10,
    8,10),(-3.08250927289E-14,54.407724288468,108.81544857693),
.UNSPECIFIED.) CURVE() GEOMETRIC_REPRESENTATION_ITEM() 
RATIONAL_B_SPLINE_CURVE((1.,1.,1.,1.,1.,1.,1.,1.,1.,1.,1.,1.,1.,1.,1.,1.
,1.,1.)) REPRESENTATION_ITEM('') );
#7790 = CARTESIAN_POINT('',(-34.65752080597,-2.122161096071E-15,
    4.958737553013));
#7791 = CARTESIAN_POINT('',(-34.65752080597,6.047195304018,
    4.958737553013));
#7792 = CARTESIAN_POINT('',(-33.47055587235,12.096653701513,
    4.958737561397));
#7793 = CARTESIAN_POINT('',(-31.09453280736,17.879797692747,
    4.958737504825));
#7794 = CARTESIAN_POINT('',(-27.60228959659,23.129757443491,
    4.958737697389));
#7795 = CARTESIAN_POINT('',(-23.12707205978,27.598292316366,
    4.958737262444));
#7796 = CARTESIAN_POINT('',(-17.89074986375,31.077550909484,
    4.958737964888));
#7797 = CARTESIAN_POINT('',(-12.13249536932,33.45212459715,
    4.958737322996));
#7798 = CARTESIAN_POINT('',(-6.09970634205,34.64862990797,4.958736187911
    ));
#7799 = CARTESIAN_POINT('',(5.99825157737,34.666337397933,4.958734734226
    ));
#7800 = CARTESIAN_POINT('',(12.063593549958,33.487545153492,
    4.958734188456));
#7801 = CARTESIAN_POINT('',(17.886430277853,31.110331397938,4.9587365819
    ));
#7802 = CARTESIAN_POINT('',(23.203248121418,27.588237854603,
    4.958735835476));
#7803 = CARTESIAN_POINT('',(27.735628021772,23.031958410164,
    4.958749099938));
#7804 = CARTESIAN_POINT('',(31.221568012642,17.682179802602,
    4.958734642854));
#7805 = CARTESIAN_POINT('',(33.512661302182,11.878138911328,
    4.958713321592));
#7806 = CARTESIAN_POINT('',(34.657520805973,5.939285796721,
    4.958737553013));
#7807 = CARTESIAN_POINT('',(34.657520805973,9.410691946302E-15,
    4.958737553013));
#7808 = PCURVE('',#3074,#7809);
#7809 = DEFINITIONAL_REPRESENTATION('',(#7810),#7831);
#7810 = B_SPLINE_CURVE_WITH_KNOTS('',10,(#7811,#7812,#7813,#7814,#7815,
    #7816,#7817,#7818,#7819,#7820,#7821,#7822,#7823,#7824,#7825,#7826,
    #7827,#7828,#7829,#7830),.UNSPECIFIED.,.F.,.F.,(11,9,11),(
    -3.08250927289E-14,54.407724288468,108.81544857693),.UNSPECIFIED.);
#7811 = CARTESIAN_POINT('',(-9.992007221626E-16,2.958737553013));
#7812 = CARTESIAN_POINT('',(0.15707963268,2.958737553013));
#7813 = CARTESIAN_POINT('',(0.314159510836,2.95873755972));
#7814 = CARTESIAN_POINT('',(0.471238301275,2.958737521796));
#7815 = CARTESIAN_POINT('',(0.628318806265,2.958737620366));
#7816 = CARTESIAN_POINT('',(0.785359508114,2.958737479912));
#7817 = CARTESIAN_POINT('',(0.942252221829,2.958737543425));
#7818 = CARTESIAN_POINT('',(1.098916496,2.95873777232));
#7819 = CARTESIAN_POINT('',(1.255502840212,2.958737095978));
#7820 = CARTESIAN_POINT('',(1.412250044607,2.958736115227));
#7821 = CARTESIAN_POINT('',(1.726415255882,2.95873480691));
#7822 = CARTESIAN_POINT('',(1.883833771563,2.958734297613));
#7823 = CARTESIAN_POINT('',(2.041750513367,2.958735863853));
#7824 = CARTESIAN_POINT('',(2.200313294773,2.958736134072));
#7825 = CARTESIAN_POINT('',(2.359337706002,2.958742467674));
#7826 = CARTESIAN_POINT('',(2.518388006134,2.958743317138));
#7827 = CARTESIAN_POINT('',(2.676519121559,2.95872824645));
#7828 = CARTESIAN_POINT('',(2.833099701362,2.958718167885));
#7829 = CARTESIAN_POINT('',(2.987316037006,2.958737553013));
#7830 = CARTESIAN_POINT('',(3.14159265359,2.958737553013));
#7831 = ( GEOMETRIC_REPRESENTATION_CONTEXT(2) 
PARAMETRIC_REPRESENTATION_CONTEXT() REPRESENTATION_CONTEXT('2D SPACE',''
  ) );
#7832 = PCURVE('',#7833,#7888);
#7833 = ( BOUNDED_SURFACE() B_SPLINE_SURFACE(2,9,(
    (#7834,#7835,#7836,#7837,#7838,#7839,#7840,#7841,#7842,#7843,#7844
      ,#7845,#7846,#7847,#7848,#7849,#7850,#7851)
    ,(#7852,#7853,#7854,#7855,#7856,#7857,#7858,#7859,#7860,#7861,#7862
      ,#7863,#7864,#7865,#7866,#7867,#7868,#7869)
    ,(#7870,#7871,#7872,#7873,#7874,#7875,#7876,#7877,#7878,#7879,#7880
      ,#7881,#7882,#7883,#7884,#7885,#7886,#7887
)),.UNSPECIFIED.,.F.,.F.,.F.) B_SPLINE_SURFACE_WITH_KNOTS((3,3),(10,8,10
    ),(0.,108.81544857693),(-3.08250927289E-14,54.407724288468,
108.81544857693),.UNSPECIFIED.) GEOMETRIC_REPRESENTATION_ITEM() 
RATIONAL_B_SPLINE_SURFACE((
    (1.,1.,1.,1.,1.,1.,1.,1.,1.,1.,1.,1.,1.,1.,1.,1.,1.,1.)
    ,(0.711953000203,0.711953000203,0.711952999222,0.711953005843
      ,0.711952983304,0.711953034213,0.711952951993,0.711953027126
      ,0.711953159987,0.711953330139,0.71195339402,0.711953113874
      ,0.711953201232,0.711951648656,0.71195334083,0.711955836464
      ,0.711953000203,0.711953000203)
    ,(1.,1.,1.,1.,1.,1.,1.,1.,1.,1.,1.,1.,1.,1.,1.,1.,1.,1.
))) REPRESENTATION_ITEM('') SURFACE() );
#7834 = CARTESIAN_POINT('',(-34.65752080597,-2.122161096071E-15,
    4.958737553013));
#7835 = CARTESIAN_POINT('',(-34.65752080597,6.047195304018,
    4.958737553013));
#7836 = CARTESIAN_POINT('',(-33.47055587235,12.096653701513,
    4.958737561397));
#7837 = CARTESIAN_POINT('',(-31.09453280736,17.879797692747,
    4.958737504825));
#7838 = CARTESIAN_POINT('',(-27.60228959659,23.129757443491,
    4.958737697389));
#7839 = CARTESIAN_POINT('',(-23.12707205978,27.598292316366,
    4.958737262444));
#7840 = CARTESIAN_POINT('',(-17.89074986375,31.077550909484,
    4.958737964888));
#7841 = CARTESIAN_POINT('',(-12.13249536932,33.45212459715,
    4.958737322996));
#7842 = CARTESIAN_POINT('',(-6.09970634205,34.64862990797,4.958736187911
    ));
#7843 = CARTESIAN_POINT('',(5.99825157737,34.666337397933,4.958734734226
    ));
#7844 = CARTESIAN_POINT('',(12.063593549958,33.487545153492,
    4.958734188456));
#7845 = CARTESIAN_POINT('',(17.886430277853,31.110331397938,4.9587365819
    ));
#7846 = CARTESIAN_POINT('',(23.203248121418,27.588237854603,
    4.958735835476));
#7847 = CARTESIAN_POINT('',(27.735628021772,23.031958410164,
    4.958749099938));
#7848 = CARTESIAN_POINT('',(31.221568012642,17.682179802602,
    4.958734642854));
#7849 = CARTESIAN_POINT('',(33.512661302182,11.878138911328,
    4.958713321592));
#7850 = CARTESIAN_POINT('',(34.657520805973,5.939285796721,
    4.958737553013));
#7851 = CARTESIAN_POINT('',(34.657520805973,9.410691946302E-15,
    4.958737553013));
#7852 = CARTESIAN_POINT('',(-34.61682203902,-3.907985046681E-14,2.));
#7853 = CARTESIAN_POINT('',(-34.61682203902,6.040094005752,2.));
#7854 = CARTESIAN_POINT('',(-33.4312513462,12.082448479722,2.));
#7855 = CARTESIAN_POINT('',(-31.05801609601,17.858801095285,2.));
#7856 = CARTESIAN_POINT('',(-27.56988146603,23.102595904736,2.));
#7857 = CARTESIAN_POINT('',(-23.09990291819,27.565868644198,2.));
#7858 = CARTESIAN_POINT('',(-17.86979509145,31.040962289428,2.));
#7859 = CARTESIAN_POINT('',(-12.1184511629,33.412725162104,2.));
#7860 = CARTESIAN_POINT('',(-6.092884969926,34.607869095824,2.));
#7861 = CARTESIAN_POINT('',(5.99072259373,34.625699667179,2.));
#7862 = CARTESIAN_POINT('',(12.048941563892,33.448391785053,2.));
#7863 = CARTESIAN_POINT('',(17.865056741051,31.074059309578,2.));
#7864 = CARTESIAN_POINT('',(23.175985675617,27.556081593704,2.));
#7865 = CARTESIAN_POINT('',(27.703390242383,23.004823023365,2.));
#7866 = CARTESIAN_POINT('',(31.185472654791,17.660880599152,2.));
#7867 = CARTESIAN_POINT('',(33.473672235427,11.863032667975,2.));
#7868 = CARTESIAN_POINT('',(34.616822039021,5.931383623293,2.));
#7869 = CARTESIAN_POINT('',(34.616822039021,1.42108547152E-14,2.));
#7870 = CARTESIAN_POINT('',(-31.65780458431,-1.500807988202E-14,2.));
#7871 = CARTESIAN_POINT('',(-31.65780458431,5.523791741757,2.));
#7872 = CARTESIAN_POINT('',(-30.57359582,11.049657092669,2.));
#7873 = CARTESIAN_POINT('',(-28.40308960734,16.332217881361,2.));
#7874 = CARTESIAN_POINT('',(-25.21356145378,21.127848861609,2.));
#7875 = CARTESIAN_POINT('',(-21.12465467838,25.208440779324,2.));
#7876 = CARTESIAN_POINT('',(-16.34624655141,28.380801723179,2.));
#7877 = CARTESIAN_POINT('',(-11.09723427415,30.548215554433,2.));
#7878 = CARTESIAN_POINT('',(-5.596907213579,31.644438823186,2.));
#7879 = CARTESIAN_POINT('',(5.443406735414,31.671321852252,2.));
#7880 = CARTESIAN_POINT('',(10.98361794981,30.60202209699,2.));
#7881 = CARTESIAN_POINT('',(16.311695758393,28.436723531871,2.));
#7882 = CARTESIAN_POINT('',(21.191441372028,25.218786726948,2.));
#7883 = CARTESIAN_POINT('',(25.360989981209,21.03320735039,2.));
#7884 = CARTESIAN_POINT('',(28.561801553837,16.106830893809,2.));
#7885 = CARTESIAN_POINT('',(30.640250188621,10.768323687454,2.));
#7886 = CARTESIAN_POINT('',(31.657804584317,5.356853462909,2.));
#7887 = CARTESIAN_POINT('',(31.657804584317,1.500807988202E-14,2.));
#7888 = DEFINITIONAL_REPRESENTATION('',(#7889),#7893);
#7889 = LINE('',#7890,#7891);
#7890 = CARTESIAN_POINT('',(0.,0.));
#7891 = VECTOR('',#7892,1.);
#7892 = DIRECTION('',(0.,1.));
#7893 = ( GEOMETRIC_REPRESENTATION_CONTEXT(2) 
PARAMETRIC_REPRESENTATION_CONTEXT() REPRESENTATION_CONTEXT('2D SPACE',''
  ) );
#7894 = ORIENTED_EDGE('',*,*,#7626,.T.);
#7895 = ORIENTED_EDGE('',*,*,#3052,.F.);
#7896 = ADVANCED_FACE('',(#7897),#3193,.T.);
#7897 = FACE_BOUND('',#7898,.T.);
#7898 = EDGE_LOOP('',(#7899,#8013,#8014,#8015,#8016));
#7899 = ORIENTED_EDGE('',*,*,#7900,.T.);
#7900 = EDGE_CURVE('',#4231,#6129,#7901,.T.);
#7901 = SURFACE_CURVE('',#7902,(#7937,#7975),.PCURVE_S1.);
#7902 = B_SPLINE_CURVE_WITH_KNOTS('',5,(#7903,#7904,#7905,#7906,#7907,
    #7908,#7909,#7910,#7911,#7912,#7913,#7914,#7915,#7916,#7917,#7918,
    #7919,#7920,#7921,#7922,#7923,#7924,#7925,#7926,#7927,#7928,#7929,
    #7930,#7931,#7932,#7933,#7934,#7935,#7936),.UNSPECIFIED.,.F.,.F.,(6,
    4,4,4,4,4,4,4,6),(0.,0.116741129347,0.237299712683,0.362398134351,
    0.492476117138,0.622310395654,0.749682188438,0.875414858324,1.),
  .UNSPECIFIED.);
#7903 = CARTESIAN_POINT('',(-19.74438755111,27.518591068306,
    6.439293542985E-15));
#7904 = CARTESIAN_POINT('',(-19.82753704019,27.628913191494,
    2.044123071764E-09));
#7905 = CARTESIAN_POINT('',(-19.91167460106,27.740457076012,
    3.943060653731E-03));
#7906 = CARTESIAN_POINT('',(-19.9966565224,27.853027633591,
    1.199683492916E-02));
#7907 = CARTESIAN_POINT('',(-20.08231739441,27.966402214949,
    2.430665764163E-02));
#7908 = CARTESIAN_POINT('',(-20.25744777521,28.197995911989,
    5.820703969265E-02));
#7909 = CARTESIAN_POINT('',(-20.34695027951,28.316252280887,
    8.008791523087E-02));
#7910 = CARTESIAN_POINT('',(-20.43677970843,28.434836155997,
    0.106749906674));
#7911 = CARTESIAN_POINT('',(-20.52671429402,28.553453842042,
    0.138277575382));
#7912 = CARTESIAN_POINT('',(-20.70970875775,28.794599942575,
    0.212508545578));
#7913 = CARTESIAN_POINT('',(-20.80275886067,28.917107507417,
    0.255587990028));
#7914 = CARTESIAN_POINT('',(-20.89541028929,29.038978863895,
    0.303986318272));
#7915 = CARTESIAN_POINT('',(-20.98738947677,29.159857250245,
    0.357688233635));
#7916 = CARTESIAN_POINT('',(-21.17308143596,29.403679913105,
    0.477894422043));
#7917 = CARTESIAN_POINT('',(-21.26671755527,29.526515000046,
    0.54482324379));
#7918 = CARTESIAN_POINT('',(-21.35902536074,29.647497888495,
    0.617320828412));
#7919 = CARTESIAN_POINT('',(-21.44969991471,29.766236949196,
    0.695233177224));
#7920 = CARTESIAN_POINT('',(-21.62704490208,29.998281403997,
    0.861297916573));
#7921 = CARTESIAN_POINT('',(-21.71372259422,30.111596657968,
    0.949430920188));
#7922 = CARTESIAN_POINT('',(-21.7982044039,30.221951312637,
    1.042527191778));
#7923 = CARTESIAN_POINT('',(-21.88022596045,30.329011066251,
    1.140309787465));
#7924 = CARTESIAN_POINT('',(-22.03738314266,30.533999803121,
    1.342666292555));
#7925 = CARTESIAN_POINT('',(-22.11261992904,30.63206353445,
    1.447076316529));
#7926 = CARTESIAN_POINT('',(-22.18504940045,30.726404482803,
    1.555382975682));
#7927 = CARTESIAN_POINT('',(-22.25448571677,30.816791622196,
    1.667241655037));
#7928 = CARTESIAN_POINT('',(-22.38622553022,30.988187239471,
    1.895850944777));
#7929 = CARTESIAN_POINT('',(-22.44860937801,31.06930151658,
    2.012520196193));
#7930 = CARTESIAN_POINT('',(-22.50779237096,31.146213236338,
    2.131942403834));
#7931 = CARTESIAN_POINT('',(-22.56367069452,31.218796792217,
    2.253746564072));
#7932 = CARTESIAN_POINT('',(-22.6682079278,31.354531567362,
    2.500244928615));
#7933 = CARTESIAN_POINT('',(-22.71692812161,31.417762890771,
    2.624902744746));
#7934 = CARTESIAN_POINT('',(-22.76227563822,31.476594215708,
    2.751172226723));
#7935 = CARTESIAN_POINT('',(-22.80422386337,31.530997778106,
    2.878691537849));
#7936 = CARTESIAN_POINT('',(-22.84277946836,31.580987717267,
    3.007113252462));
#7937 = PCURVE('',#3193,#7938);
#7938 = DEFINITIONAL_REPRESENTATION('',(#7939),#7974);
#7939 = B_SPLINE_CURVE_WITH_KNOTS('',5,(#7940,#7941,#7942,#7943,#7944,
    #7945,#7946,#7947,#7948,#7949,#7950,#7951,#7952,#7953,#7954,#7955,
    #7956,#7957,#7958,#7959,#7960,#7961,#7962,#7963,#7964,#7965,#7966,
    #7967,#7968,#7969,#7970,#7971,#7972,#7973),.UNSPECIFIED.,.F.,.F.,(6,
    4,4,4,4,4,4,4,6),(0.,0.116741129347,0.237299712683,0.362398134351,
    0.492476117138,0.622310395654,0.749682188438,0.875414858324,1.),
  .UNSPECIFIED.);
#7940 = CARTESIAN_POINT('',(26.174596211333,20.335138571609));
#7941 = CARTESIAN_POINT('',(25.757353182829,20.40893631495));
#7942 = CARTESIAN_POINT('',(25.343424871702,20.484147589089));
#7943 = CARTESIAN_POINT('',(24.932906896055,20.560675175925));
#7944 = CARTESIAN_POINT('',(24.525883624256,20.638396382605));
#7945 = CARTESIAN_POINT('',(23.705767281353,20.798504475917));
#7946 = CARTESIAN_POINT('',(23.292910695283,20.880960861656));
#7947 = CARTESIAN_POINT('',(22.883926273335,20.964368269616));
#7948 = CARTESIAN_POINT('',(22.478866367203,21.048533842923));
#7949 = CARTESIAN_POINT('',(21.66154116711,21.22113523239));
#7950 = CARTESIAN_POINT('',(21.249578646213,21.309612558426));
#7951 = CARTESIAN_POINT('',(20.841896688432,21.398428472399));
#7952 = CARTESIAN_POINT('',(20.43848973537,21.48731114215));
#7953 = CARTESIAN_POINT('',(19.624253013281,21.668162193011));
#7954 = CARTESIAN_POINT('',(19.213766659959,21.760112643634));
#7955 = CARTESIAN_POINT('',(18.807810264039,21.851499398358));
#7956 = CARTESIAN_POINT('',(18.406292610384,21.941979646318));
#7957 = CARTESIAN_POINT('',(17.612616760523,22.120278726305));
#7958 = CARTESIAN_POINT('',(17.220442164157,22.208102309495));
#7959 = CARTESIAN_POINT('',(16.832428822469,22.294344888715));
#7960 = CARTESIAN_POINT('',(16.448405407808,22.378670902282));
#7961 = CARTESIAN_POINT('',(15.695149197951,22.5413121014));
#7962 = CARTESIAN_POINT('',(15.325773742779,22.619711034592));
#7963 = CARTESIAN_POINT('',(14.959856118707,22.695673697985));
#7964 = CARTESIAN_POINT('',(14.597178714546,22.768931128807));
#7965 = CARTESIAN_POINT('',(13.882471491047,22.908673323709));
#7966 = CARTESIAN_POINT('',(13.530364392102,22.97523318292));
#7967 = CARTESIAN_POINT('',(13.180967762503,23.038714044292));
#7968 = CARTESIAN_POINT('',(12.83404544656,23.098934569121));
#7969 = CARTESIAN_POINT('',(12.14782527453,23.212067234004));
#7970 = CARTESIAN_POINT('',(11.80848638153,23.265041115948));
#7971 = CARTESIAN_POINT('',(11.471117032135,23.314550609594));
#7972 = CARTESIAN_POINT('',(11.135487392405,23.36050992613));
#7973 = CARTESIAN_POINT('',(10.801379494951,23.402878486584));
#7974 = ( GEOMETRIC_REPRESENTATION_CONTEXT(2) 
PARAMETRIC_REPRESENTATION_CONTEXT() REPRESENTATION_CONTEXT('2D SPACE',''
  ) );
#7975 = PCURVE('',#4409,#7976);
#7976 = DEFINITIONAL_REPRESENTATION('',(#7977),#8012);
#7977 = B_SPLINE_CURVE_WITH_KNOTS('',5,(#7978,#7979,#7980,#7981,#7982,
    #7983,#7984,#7985,#7986,#7987,#7988,#7989,#7990,#7991,#7992,#7993,
    #7994,#7995,#7996,#7997,#7998,#7999,#8000,#8001,#8002,#8003,#8004,
    #8005,#8006,#8007,#8008,#8009,#8010,#8011),.UNSPECIFIED.,.F.,.F.,(6,
    4,4,4,4,4,4,4,6),(0.,0.116741129347,0.237299712683,0.362398134351,
    0.492476117138,0.622310395654,0.749682188438,0.875414858324,1.),
  .UNSPECIFIED.);
#7978 = CARTESIAN_POINT('',(26.174596211354,5.732174669922));
#7979 = CARTESIAN_POINT('',(25.598673808608,5.694406094468));
#7980 = CARTESIAN_POINT('',(25.020958567617,5.655859445795));
#7981 = CARTESIAN_POINT('',(24.441389084774,5.616578204717));
#7982 = CARTESIAN_POINT('',(23.859903671596,5.576618704326));
#7983 = CARTESIAN_POINT('',(22.673909548435,5.494156923815));
#7984 = CARTESIAN_POINT('',(22.069269388623,5.451614202434));
#7985 = CARTESIAN_POINT('',(21.462464007961,5.408500100274));
#7986 = CARTESIAN_POINT('',(20.853435610937,5.364907430409));
#7987 = CARTESIAN_POINT('',(19.60782080838,5.27532398927));
#7988 = CARTESIAN_POINT('',(18.971059868683,5.229304701675));
#7989 = CARTESIAN_POINT('',(18.331803514168,5.183005326729));
#7990 = CARTESIAN_POINT('',(17.690010747907,5.136562190185));
#7991 = CARTESIAN_POINT('',(16.37566069722,5.041835818095));
#7992 = CARTESIAN_POINT('',(15.702895257298,4.993552888741));
#7993 = CARTESIAN_POINT('',(15.027339290433,4.94544063924));
#7994 = CARTESIAN_POINT('',(14.348988024342,4.897678548128));
#7995 = CARTESIAN_POINT('',(12.98801646603,4.803308569954));
#7996 = CARTESIAN_POINT('',(12.305406076299,4.756698645992));
#7997 = CARTESIAN_POINT('',(11.62005548311,4.710801123855));
#7998 = CARTESIAN_POINT('',(10.932011301486,4.665800346779));
#7999 = CARTESIAN_POINT('',(9.563783690238,4.578775501852));
#8000 = CARTESIAN_POINT('',(8.883698146439,4.53671112166));
#8001 = CARTESIAN_POINT('',(8.201161208004,4.495843490605));
#8002 = CARTESIAN_POINT('',(7.516264976586,4.4563288256));
#8003 = CARTESIAN_POINT('',(6.150823210766,4.380768675972));
#8004 = CARTESIAN_POINT('',(5.470334473855,4.344685049895));
#8005 = CARTESIAN_POINT('',(4.787765470234,4.310185096539));
#8006 = CARTESIAN_POINT('',(4.10324089969,4.27738203262));
#8007 = CARTESIAN_POINT('',(2.73681853619,4.215629032989));
#8008 = CARTESIAN_POINT('',(2.05495307402,4.186646629333));
#8009 = CARTESIAN_POINT('',(1.37143442221,4.159502714819));
#8010 = CARTESIAN_POINT('',(0.686402575728,4.134258779068));
#8011 = CARTESIAN_POINT('',(0.,4.110950065678));
#8012 = ( GEOMETRIC_REPRESENTATION_CONTEXT(2) 
PARAMETRIC_REPRESENTATION_CONTEXT() REPRESENTATION_CONTEXT('2D SPACE',''
  ) );
#8013 = ORIENTED_EDGE('',*,*,#6128,.T.);
#8014 = ORIENTED_EDGE('',*,*,#3534,.F.);
#8015 = ORIENTED_EDGE('',*,*,#3113,.F.);
#8016 = ORIENTED_EDGE('',*,*,#4230,.T.);
#8017 = ADVANCED_FACE('',(#8018),#3739,.T.);
#8018 = FACE_BOUND('',#8019,.T.);
#8019 = EDGE_LOOP('',(#8020,#8021,#8022,#8023,#8611));
#8020 = ORIENTED_EDGE('',*,*,#4019,.T.);
#8021 = ORIENTED_EDGE('',*,*,#3701,.T.);
#8022 = ORIENTED_EDGE('',*,*,#6403,.F.);
#8023 = ORIENTED_EDGE('',*,*,#8024,.F.);
#8024 = EDGE_CURVE('',#5788,#6348,#8025,.T.);
#8025 = SURFACE_CURVE('',#8026,(#8219,#8415),.PCURVE_S1.);
#8026 = B_SPLINE_CURVE_WITH_KNOTS('',6,(#8027,#8028,#8029,#8030,#8031,
    #8032,#8033,#8034,#8035,#8036,#8037,#8038,#8039,#8040,#8041,#8042,
    #8043,#8044,#8045,#8046,#8047,#8048,#8049,#8050,#8051,#8052,#8053,
    #8054,#8055,#8056,#8057,#8058,#8059,#8060,#8061,#8062,#8063,#8064,
    #8065,#8066,#8067,#8068,#8069,#8070,#8071,#8072,#8073,#8074,#8075,
    #8076,#8077,#8078,#8079,#8080,#8081,#8082,#8083,#8084,#8085,#8086,
    #8087,#8088,#8089,#8090,#8091,#8092,#8093,#8094,#8095,#8096,#8097,
    #8098,#8099,#8100,#8101,#8102,#8103,#8104,#8105,#8106,#8107,#8108,
    #8109,#8110,#8111,#8112,#8113,#8114,#8115,#8116,#8117,#8118,#8119,
    #8120,#8121,#8122,#8123,#8124,#8125,#8126,#8127,#8128,#8129,#8130,
    #8131,#8132,#8133,#8134,#8135,#8136,#8137,#8138,#8139,#8140,#8141,
    #8142,#8143,#8144,#8145,#8146,#8147,#8148,#8149,#8150,#8151,#8152,
    #8153,#8154,#8155,#8156,#8157,#8158,#8159,#8160,#8161,#8162,#8163,
    #8164,#8165,#8166,#8167,#8168,#8169,#8170,#8171,#8172,#8173,#8174,
    #8175,#8176,#8177,#8178,#8179,#8180,#8181,#8182,#8183,#8184,#8185,
    #8186,#8187,#8188,#8189,#8190,#8191,#8192,#8193,#8194,#8195,#8196,
    #8197,#8198,#8199,#8200,#8201,#8202,#8203,#8204,#8205,#8206,#8207,
    #8208,#8209,#8210,#8211,#8212,#8213,#8214,#8215,#8216,#8217,#8218),
  .UNSPECIFIED.,.F.,.F.,(7,5,5,5,5,5,5,5,5,5,5,5,5,5,5,5,5,5,5,5,5,5,5,5
    ,5,5,5,5,5,5,5,5,5,5,5,5,5,5,7),(0.,1.206708839344E-03,
    1.032421081445E-02,2.282674293031E-02,3.392325536548E-02,
    4.623135320659E-02,5.716075799953E-02,6.928738968328E-02,
    8.006111520861E-02,9.201889916835E-02,0.102648073867,0.114449302618,
    0.124944776059,0.136601440006,0.146973803526,0.158497613445,
    0.168757219945,0.180159628255,0.190316610085,0.201608830795,
    0.211673117745,0.222866145986,0.232847482033,0.243952112335,
    0.253860071496,0.264886915073,0.274730916362,0.285690417383,
    0.295479738867,0.306382189717,0.316125981644,0.326981537155,
    0.336688834162,0.347507524788,0.353454554214,0.515967678645,
    0.678335112103,0.83954910333,1.),.UNSPECIFIED.);
#8027 = CARTESIAN_POINT('',(30.858436732728,-13.95960517914,
    2.942091015257E-15));
#8028 = CARTESIAN_POINT('',(30.858677819163,-13.95970747404,
    1.07477469628E-07));
#8029 = CARTESIAN_POINT('',(30.85916395398,-13.95991377144,
    -1.306494169034E-07));
#8030 = CARTESIAN_POINT('',(30.860100025697,-13.96031100699,
    -2.244958043026E-08));
#8031 = CARTESIAN_POINT('',(30.861426951441,-13.96087410194,
    6.839589548538E-07));
#8032 = CARTESIAN_POINT('',(30.862821676954,-13.96146596314,
    1.80040906434E-06));
#8033 = CARTESIAN_POINT('',(30.870312168871,-13.96464456698,
    9.485763561071E-06));
#8034 = CARTESIAN_POINT('',(30.877008632509,-13.96748606894,
    2.680102033199E-05));
#8035 = CARTESIAN_POINT('',(30.883704431226,-13.97032713619,
    5.442336115875E-05));
#8036 = CARTESIAN_POINT('',(30.890369682073,-13.97315508736,
    9.235050751869E-05));
#8037 = CARTESIAN_POINT('',(30.897026755427,-13.97597941247,
    1.407989960436E-04));
#8038 = CARTESIAN_POINT('',(30.912970017377,-13.98274312134,
    2.816645613942E-04));
#8039 = CARTESIAN_POINT('',(30.922259489059,-13.98668375701,
    3.836230967246E-04));
#8040 = CARTESIAN_POINT('',(30.931545663354,-13.99062269079,
    5.060008049148E-04));
#8041 = CARTESIAN_POINT('',(30.940806307213,-13.9945504979,
    6.481047251072E-04));
#8042 = CARTESIAN_POINT('',(30.950070466678,-13.99847950307,
    8.10026099517E-04));
#8043 = CARTESIAN_POINT('',(30.967716118559,-14.00596258999,
    1.157357196925E-03));
#8044 = CARTESIAN_POINT('',(30.976093012375,-14.00951478591,
    1.338339407482E-03));
#8045 = CARTESIAN_POINT('',(30.984472455178,-14.01306781537,
    1.536050434043E-03));
#8046 = CARTESIAN_POINT('',(30.992825992894,-14.01660961794,
    1.749504894115E-03));
#8047 = CARTESIAN_POINT('',(31.001174296186,-14.02014896298,
    1.97887643197E-03));
#8048 = CARTESIAN_POINT('',(31.018919437043,-14.02767166742,
    2.501598017866E-03));
#8049 = CARTESIAN_POINT('',(31.028318856807,-14.03165606493,
    2.798834585204E-03));
#8050 = CARTESIAN_POINT('',(31.037714918995,-14.03563872858,
    3.116886508021E-03));
#8051 = CARTESIAN_POINT('',(31.047086049829,-14.03961051974,
    3.454633108585E-03));
#8052 = CARTESIAN_POINT('',(31.056460433304,-14.04358338882,
    3.812744290348E-03));
#8053 = CARTESIAN_POINT('',(31.074313234317,-14.05114882486,
    4.534552892697E-03));
#8054 = CARTESIAN_POINT('',(31.082787199518,-14.05473957073,
    4.893649091838E-03));
#8055 = CARTESIAN_POINT('',(31.091263495944,-14.05833105113,
    5.269898743377E-03));
#8056 = CARTESIAN_POINT('',(31.099714544559,-14.06191158515,
    5.661771240373E-03));
#8057 = CARTESIAN_POINT('',(31.108160381407,-14.06548966677,
    6.069849385391E-03));
#8058 = CARTESIAN_POINT('',(31.126109689894,-14.07309336281,
    6.973098102455E-03));
#8059 = CARTESIAN_POINT('',(31.135615571586,-14.07711994007,
    7.472303386644E-03));
#8060 = CARTESIAN_POINT('',(31.14511802287,-14.08114474634,
    7.99273325231E-03));
#8061 = CARTESIAN_POINT('',(31.154596171726,-14.08515894687,
    8.532864526942E-03));
#8062 = CARTESIAN_POINT('',(31.164077282612,-14.08917409375,
    9.093914363897E-03));
#8063 = CARTESIAN_POINT('',(31.182130438808,-14.09681880324,
    1.020296295484E-02));
#8064 = CARTESIAN_POINT('',(31.190698250493,-14.1004466366,
    1.074642414925E-02));
#8065 = CARTESIAN_POINT('',(31.19926803239,-14.10407505199,
    1.130699870552E-02));
#8066 = CARTESIAN_POINT('',(31.20781325801,-14.10769281582,
    1.188311344663E-02));
#8067 = CARTESIAN_POINT('',(31.216353409486,-14.11130817437,
    1.247620571428E-02));
#8068 = CARTESIAN_POINT('',(31.234499768827,-14.11898965274,
    1.37727779966E-02));
#8069 = CARTESIAN_POINT('',(31.244108264413,-14.12305667788,
    1.448067216383E-02));
#8070 = CARTESIAN_POINT('',(31.253713242615,-14.12712188923,
    1.521021298877E-02));
#8071 = CARTESIAN_POINT('',(31.263294575377,-14.13117677334,
    1.595950282138E-02));
#8072 = CARTESIAN_POINT('',(31.272878550289,-14.13523246023,
    1.673027094749E-02));
#8073 = CARTESIAN_POINT('',(31.291124568252,-14.14295307843,
    1.823937138717E-02));
#8074 = CARTESIAN_POINT('',(31.299782538079,-14.146616351,
    1.897299406702E-02));
#8075 = CARTESIAN_POINT('',(31.308442235509,-14.15028009657,
    1.972417205781E-02));
#8076 = CARTESIAN_POINT('',(31.317078100462,-14.15393349891,
    2.049084818365E-02));
#8077 = CARTESIAN_POINT('',(31.325708879319,-14.15758448694,
    2.127480936747E-02));
#8078 = CARTESIAN_POINT('',(31.34404445803,-14.16534024352,
    2.297753634958E-02));
#8079 = CARTESIAN_POINT('',(31.353751340676,-14.16944582858,
    2.390085238626E-02));
#8080 = CARTESIAN_POINT('',(31.363454603212,-14.17354955071,
    2.484624969397E-02));
#8081 = CARTESIAN_POINT('',(31.37313490325,-14.177643235,
    2.581148701442E-02));
#8082 = CARTESIAN_POINT('',(31.382817494643,-14.18173756585,
    2.679876684982E-02));
#8083 = CARTESIAN_POINT('',(31.401248149194,-14.1895304268,
    2.872074761655E-02));
#8084 = CARTESIAN_POINT('',(31.409992311793,-14.19322737372,
    2.965057032105E-02));
#8085 = CARTESIAN_POINT('',(31.418737935489,-14.19692467488,
    3.059839420068E-02));
#8086 = CARTESIAN_POINT('',(31.427460481029,-14.20061195386,
    3.156171753763E-02));
#8087 = CARTESIAN_POINT('',(31.436177918671,-14.20429680558,
    3.254264624368E-02));
#8088 = CARTESIAN_POINT('',(31.45469413738,-14.212123029,
    3.466435932662E-02));
#8089 = CARTESIAN_POINT('',(31.464494784511,-14.21626512355,
    3.580982460724E-02));
#8090 = CARTESIAN_POINT('',(31.474291691354,-14.22040529903,
    3.697781786048E-02));
#8091 = CARTESIAN_POINT('',(31.48406634214,-14.22453573595,
    3.816578798183E-02));
#8092 = CARTESIAN_POINT('',(31.493842900899,-14.22866664992,
    3.937636790238E-02));
#8093 = CARTESIAN_POINT('',(31.512449202448,-14.23652777426,
    4.172403784838E-02));
#8094 = CARTESIAN_POINT('',(31.521275229864,-14.24025648213,
    4.285608524952E-02));
#8095 = CARTESIAN_POINT('',(31.530102426624,-14.2439854152,
    4.400658249791E-02));
#8096 = CARTESIAN_POINT('',(31.538907327793,-14.24770465893,
    4.517262654051E-02));
#8097 = CARTESIAN_POINT('',(31.54770708792,-14.25142145797,
    4.635660886404E-02));
#8098 = CARTESIAN_POINT('',(31.566394587128,-14.25931401754,
    4.89101017622E-02));
#8099 = CARTESIAN_POINT('',(31.576283996897,-14.26349041302,
    5.028466200683E-02));
#8100 = CARTESIAN_POINT('',(31.586169460065,-14.26766480435,
    5.168171979102E-02));
#8101 = CARTESIAN_POINT('',(31.59603339453,-14.27182976518,
    5.309893952788E-02));
#8102 = CARTESIAN_POINT('',(31.605898886367,-14.27599504096,
    5.453982648148E-02));
#8103 = CARTESIAN_POINT('',(31.624671048416,-14.28392012387,
    5.732593488683E-02));
#8104 = CARTESIAN_POINT('',(31.633574235081,-14.28767852516,
    5.866619868646E-02));
#8105 = CARTESIAN_POINT('',(31.642478272727,-14.29143701186,
    6.002536256121E-02));
#8106 = CARTESIAN_POINT('',(31.651360822954,-14.29518615274,
    6.140016911247E-02));
#8107 = CARTESIAN_POINT('',(31.660238186062,-14.29893282635,
    6.279325914766E-02));
#8108 = CARTESIAN_POINT('',(31.679086793661,-14.30688726014,
    6.579124608882E-02));
#8109 = CARTESIAN_POINT('',(31.689059458896,-14.31109554816,
    6.740130093069E-02));
#8110 = CARTESIAN_POINT('',(31.699028036022,-14.31530176755,
    6.903434088569E-02));
#8111 = CARTESIAN_POINT('',(31.708975829074,-14.31949887174,
    7.06877781246E-02));
#8112 = CARTESIAN_POINT('',(31.718924706852,-14.32369608521,
    7.236543230907E-02));
#8113 = CARTESIAN_POINT('',(31.737852114856,-14.331680485,
    7.560262517478E-02));
#8114 = CARTESIAN_POINT('',(31.746827362853,-14.33546635273,
    7.715704317556E-02));
#8115 = CARTESIAN_POINT('',(31.755803115494,-14.33925215479,
    7.873081162783E-02));
#8116 = CARTESIAN_POINT('',(31.764758211488,-14.34302896393,
    8.032036956634E-02));
#8117 = CARTESIAN_POINT('',(31.773708059672,-14.34680327746,
    8.192856802671E-02));
#8118 = CARTESIAN_POINT('',(31.792706759843,-14.35481478093,
    8.538363806255E-02));
#8119 = CARTESIAN_POINT('',(31.802756771379,-14.35905238711,
    8.723576714978E-02));
#8120 = CARTESIAN_POINT('',(31.812802529141,-14.36328785052,
    8.911138067608E-02));
#8121 = CARTESIAN_POINT('',(31.822828261407,-14.36751451993,
    9.100767906294E-02));
#8122 = CARTESIAN_POINT('',(31.832854569217,-14.37174107829,
    9.292873978441E-02));
#8123 = CARTESIAN_POINT('',(31.851925749107,-14.379779805,
    9.662951189174E-02));
#8124 = CARTESIAN_POINT('',(31.860967553885,-14.38359074752,
    9.840394515546E-02));
#8125 = CARTESIAN_POINT('',(31.870009487641,-14.38740146153,
    0.100198177824));
#8126 = CARTESIAN_POINT('',(31.879031614738,-14.39120354349,
    0.102008399908));
#8127 = CARTESIAN_POINT('',(31.888048416962,-14.39500309504,
    0.103837630768));
#8128 = CARTESIAN_POINT('',(31.907185319689,-14.40306651005,
    0.107762197875));
#8129 = CARTESIAN_POINT('',(31.917306307514,-14.40733067381,
    0.109862881726));
#8130 = CARTESIAN_POINT('',(31.927422849525,-14.41159261011,
    0.111987559906));
#8131 = CARTESIAN_POINT('',(31.937520134634,-14.41584607786,
    0.114133264451));
#8132 = CARTESIAN_POINT('',(31.947617448136,-14.42009919909,
    0.116304270189));
#8133 = CARTESIAN_POINT('',(31.966820036945,-14.42818690397,
    0.120480913031));
#8134 = CARTESIAN_POINT('',(31.975922473674,-14.43202036016,
    0.122481121047));
#8135 = CARTESIAN_POINT('',(31.985024633056,-14.43585341273,
    0.12450157425));
#8136 = CARTESIAN_POINT('',(31.994107851212,-14.43967820051,
    0.126538271882));
#8137 = CARTESIAN_POINT('',(32.003185649226,-14.44350041591,
    0.12859435696));
#8138 = CARTESIAN_POINT('',(32.022447961396,-14.4516102205,
    0.133000605833));
#8139 = CARTESIAN_POINT('',(32.032633079895,-14.4558979898,
    0.135356197039));
#8140 = CARTESIAN_POINT('',(32.042813531898,-14.46018343558,0.1377363016
    ));
#8141 = CARTESIAN_POINT('',(32.052975501286,-14.46446074072,
    0.14013782934));
#8142 = CARTESIAN_POINT('',(32.063136912582,-14.46873744821,
    0.142565188201));
#8143 = CARTESIAN_POINT('',(32.082457630569,-14.47686841398,
    0.147229733506));
#8144 = CARTESIAN_POINT('',(32.091614341338,-14.48072164874,
    0.149461347301));
#8145 = CARTESIAN_POINT('',(32.100770336488,-14.48457429205,
    0.151713646968));
#8146 = CARTESIAN_POINT('',(32.109908267138,-14.4884190425,
    0.153982502843));
#8147 = CARTESIAN_POINT('',(32.119040662278,-14.49226117068,
    0.156271134254));
#8148 = CARTESIAN_POINT('',(32.138414660709,-14.50041146966,
    0.161170961651));
#8149 = CARTESIAN_POINT('',(32.148656574981,-14.50471969633,
    0.163787653761));
#8150 = CARTESIAN_POINT('',(32.158893571116,-14.50902549114,
    0.166429385696));
#8151 = CARTESIAN_POINT('',(32.169112859935,-14.51332347374,
    0.169092993967));
#8152 = CARTESIAN_POINT('',(32.179330963553,-14.51762059148,
    0.171782951749));
#8153 = CARTESIAN_POINT('',(32.198755588533,-14.52578872346,
    0.176947110497));
#8154 = CARTESIAN_POINT('',(32.207959770626,-14.52965882376,
    0.179415603639));
#8155 = CARTESIAN_POINT('',(32.217162765657,-14.53352813161,
    0.181905216124));
#8156 = CARTESIAN_POINT('',(32.226348579675,-14.5373899213,
    0.184411754721));
#8157 = CARTESIAN_POINT('',(32.235528720773,-14.54124903016,
    0.186938465154));
#8158 = CARTESIAN_POINT('',(32.254999727712,-14.54943354683,
    0.192343416687));
#8159 = CARTESIAN_POINT('',(32.265290601222,-14.55375888243,
    0.195227210723));
#8160 = CARTESIAN_POINT('',(32.275576271671,-14.55808166464,
    0.19813657653));
#8161 = CARTESIAN_POINT('',(32.285845006063,-14.56239696152,
    0.201068328806));
#8162 = CARTESIAN_POINT('',(32.296111886356,-14.56671110986,
    0.204026934614));
#8163 = CARTESIAN_POINT('',(32.315625230777,-14.5749099284,
    0.209702031484));
#8164 = CARTESIAN_POINT('',(32.324869626294,-14.57879379983,
    0.212412688949));
#8165 = CARTESIAN_POINT('',(32.334112328991,-14.58267666424,
    0.215144889697));
#8166 = CARTESIAN_POINT('',(32.343338736021,-14.58655238596,
    0.217894445574));
#8167 = CARTESIAN_POINT('',(32.352559308715,-14.59042535883,
    0.22066457636));
#8168 = CARTESIAN_POINT('',(32.372111670361,-14.598637428,0.226585778682
    ));
#8169 = CARTESIAN_POINT('',(32.382443154247,-14.60297632037,
    0.229742447263));
#8170 = CARTESIAN_POINT('',(32.392769114548,-14.60731252375,
    0.23292522278));
#8171 = CARTESIAN_POINT('',(32.403078900624,-14.61164156494,
    0.236130952055));
#8172 = CARTESIAN_POINT('',(32.413386120885,-14.61596915707,
    0.239364021464));
#8173 = CARTESIAN_POINT('',(32.432972012267,-14.62419179136,
    0.245560924673));
#8174 = CARTESIAN_POINT('',(32.44224889937,-14.62808615543,
    0.248518809561));
#8175 = CARTESIAN_POINT('',(32.451523552546,-14.631979284,0.251498649631
    ));
#8176 = CARTESIAN_POINT('',(32.460782792007,-14.63586564391,
    0.254496333521));
#8177 = CARTESIAN_POINT('',(32.470036009739,-14.63974917677,
    0.257515000484));
#8178 = CARTESIAN_POINT('',(32.489653078445,-14.64798173927,
    0.263963088873));
#8179 = CARTESIAN_POINT('',(32.500016302807,-14.65233042996,
    0.267398137969));
#8180 = CARTESIAN_POINT('',(32.510373645188,-14.65667628113,
    0.270859829805));
#8181 = CARTESIAN_POINT('',(32.520715560046,-14.66101528711,
    0.274345099528));
#8182 = CARTESIAN_POINT('',(32.531054153693,-14.66535252648,
    0.277858175296));
#8183 = CARTESIAN_POINT('',(32.5506954191,-14.67359171001,0.284587221878
    ));
#8184 = CARTESIAN_POINT('',(32.559996605206,-14.67749310226,
    0.287797140012));
#8185 = CARTESIAN_POINT('',(32.569294980028,-14.6813930163,0.29102941047
    ));
#8186 = CARTESIAN_POINT('',(32.578578814115,-14.68528653196,
    0.294280073202));
#8187 = CARTESIAN_POINT('',(32.587856411149,-14.68917713143,
    0.297552130323));
#8188 = CARTESIAN_POINT('',(32.607520531989,-14.69742273053,
    0.304537171737));
#8189 = CARTESIAN_POINT('',(32.617906099532,-14.70177725316,
    0.308255800074));
#8190 = CARTESIAN_POINT('',(32.628285386627,-14.70612876999,
    0.312001604703));
#8191 = CARTESIAN_POINT('',(32.638649971795,-14.71047375008,
    0.315771667313));
#8192 = CARTESIAN_POINT('',(32.649010436023,-14.71481662872,
    0.319569977698));
#8193 = CARTESIAN_POINT('',(32.665105502075,-14.72156274772,
    0.325516881649));
#8194 = CARTESIAN_POINT('',(32.670841709862,-14.72396691963,
    0.32764543329));
#8195 = CARTESIAN_POINT('',(32.676575118012,-14.72636980493,
    0.32978200457));
#8196 = CARTESIAN_POINT('',(32.682294861977,-14.7287668499,
    0.331922594305));
#8197 = CARTESIAN_POINT('',(32.688009080771,-14.73116146526,
    0.334070284233));
#8198 = CARTESIAN_POINT('',(32.850486812128,-14.79924658915,
    0.395396467409));
#8199 = CARTESIAN_POINT('',(33.006330738218,-14.86446669805,
    0.461075096781));
#8200 = CARTESIAN_POINT('',(33.161344991048,-14.92925618223,
    0.533510525287));
#8201 = CARTESIAN_POINT('',(33.315065085582,-14.99342231374,
    0.612858955653));
#8202 = CARTESIAN_POINT('',(33.466501488616,-15.05655634024,
    0.698921328202));
#8203 = CARTESIAN_POINT('',(33.762124321445,-15.17965799115,
    0.882874797098));
#8204 = CARTESIAN_POINT('',(33.906076122628,-15.23952803923,
    0.980605385715));
#8205 = CARTESIAN_POINT('',(34.045778891833,-15.29756298258,
    1.083834987829));
#8206 = CARTESIAN_POINT('',(34.18082210908,-15.35360090465,
    1.192214260096));
#8207 = CARTESIAN_POINT('',(34.310848844952,-15.4075027274,
    1.305354991604));
#8208 = CARTESIAN_POINT('',(34.559393527972,-15.51044041349,
    1.539499359542));
#8209 = CARTESIAN_POINT('',(34.677986670996,-15.55950811989,
    1.660441522128));
#8210 = CARTESIAN_POINT('',(34.791053806353,-15.60624671342,
    1.785267016564));
#8211 = CARTESIAN_POINT('',(34.898365171675,-15.6505695492,
    1.913549014111));
#8212 = CARTESIAN_POINT('',(34.999750742089,-15.69241423261,
    2.044850851442));
#8213 = CARTESIAN_POINT('',(35.189997805937,-15.77088375534,
    2.311993520798));
#8214 = CARTESIAN_POINT('',(35.27866568782,-15.80742900057,
    2.447458306252));
#8215 = CARTESIAN_POINT('',(35.361429096582,-15.84151916096,
    2.585206918009));
#8216 = CARTESIAN_POINT('',(35.438213189618,-15.87312891754,
    2.724975218609));
#8217 = CARTESIAN_POINT('',(35.508771175993,-15.90216195563,
    2.866011293753));
#8218 = CARTESIAN_POINT('',(35.57292117128,-15.92854790557,
    3.007113252462));
#8219 = PCURVE('',#3739,#8220);
#8220 = DEFINITIONAL_REPRESENTATION('',(#8221),#8414);
#8221 = B_SPLINE_CURVE_WITH_KNOTS('',6,(#8222,#8223,#8224,#8225,#8226,
    #8227,#8228,#8229,#8230,#8231,#8232,#8233,#8234,#8235,#8236,#8237,
    #8238,#8239,#8240,#8241,#8242,#8243,#8244,#8245,#8246,#8247,#8248,
    #8249,#8250,#8251,#8252,#8253,#8254,#8255,#8256,#8257,#8258,#8259,
    #8260,#8261,#8262,#8263,#8264,#8265,#8266,#8267,#8268,#8269,#8270,
    #8271,#8272,#8273,#8274,#8275,#8276,#8277,#8278,#8279,#8280,#8281,
    #8282,#8283,#8284,#8285,#8286,#8287,#8288,#8289,#8290,#8291,#8292,
    #8293,#8294,#8295,#8296,#8297,#8298,#8299,#8300,#8301,#8302,#8303,
    #8304,#8305,#8306,#8307,#8308,#8309,#8310,#8311,#8312,#8313,#8314,
    #8315,#8316,#8317,#8318,#8319,#8320,#8321,#8322,#8323,#8324,#8325,
    #8326,#8327,#8328,#8329,#8330,#8331,#8332,#8333,#8334,#8335,#8336,
    #8337,#8338,#8339,#8340,#8341,#8342,#8343,#8344,#8345,#8346,#8347,
    #8348,#8349,#8350,#8351,#8352,#8353,#8354,#8355,#8356,#8357,#8358,
    #8359,#8360,#8361,#8362,#8363,#8364,#8365,#8366,#8367,#8368,#8369,
    #8370,#8371,#8372,#8373,#8374,#8375,#8376,#8377,#8378,#8379,#8380,
    #8381,#8382,#8383,#8384,#8385,#8386,#8387,#8388,#8389,#8390,#8391,
    #8392,#8393,#8394,#8395,#8396,#8397,#8398,#8399,#8400,#8401,#8402,
    #8403,#8404,#8405,#8406,#8407,#8408,#8409,#8410,#8411,#8412,#8413),
  .UNSPECIFIED.,.F.,.F.,(7,5,5,5,5,5,5,5,5,5,5,5,5,5,5,5,5,5,5,5,5,5,5,5
    ,5,5,5,5,5,5,5,5,5,5,5,5,5,5,7),(0.,1.206708839344E-03,
    1.032421081445E-02,2.282674293031E-02,3.392325536548E-02,
    4.623135320659E-02,5.716075799953E-02,6.928738968328E-02,
    8.006111520861E-02,9.201889916835E-02,0.102648073867,0.114449302618,
    0.124944776059,0.136601440006,0.146973803526,0.158497613445,
    0.168757219945,0.180159628255,0.190316610085,0.201608830795,
    0.211673117745,0.222866145986,0.232847482033,0.243952112335,
    0.253860071496,0.264886915073,0.274730916362,0.285690417383,
    0.295479738867,0.306382189717,0.316125981644,0.326981537155,
    0.336688834162,0.347507524788,0.353454554214,0.515967678645,
    0.678335112103,0.83954910333,1.),.UNSPECIFIED.);
#8222 = CARTESIAN_POINT('',(26.174596211351,5.73217465107));
#8223 = CARTESIAN_POINT('',(26.173504551917,5.732103064896));
#8224 = CARTESIAN_POINT('',(26.171302675717,5.731958710127));
#8225 = CARTESIAN_POINT('',(26.167063574275,5.731680691258));
#8226 = CARTESIAN_POINT('',(26.161055141199,5.731286541816));
#8227 = CARTESIAN_POINT('',(26.154740172183,5.730872224363));
#8228 = CARTESIAN_POINT('',(26.120827119141,5.728646945316));
#8229 = CARTESIAN_POINT('',(26.090521771401,5.726656648797));
#8230 = CARTESIAN_POINT('',(26.060231873537,5.72466565298));
#8231 = CARTESIAN_POINT('',(26.030092596155,5.722682832068));
#8232 = CARTESIAN_POINT('',(26.000002728723,5.720701522434));
#8233 = CARTESIAN_POINT('',(25.9279682548,5.715954245768));
#8234 = CARTESIAN_POINT('',(25.886019866972,5.71318647094));
#8235 = CARTESIAN_POINT('',(25.844109678305,5.710417890542));
#8236 = CARTESIAN_POINT('',(25.80233716749,5.7076551657));
#8237 = CARTESIAN_POINT('',(25.760570490245,5.704889659667));
#8238 = CARTESIAN_POINT('',(25.681058476833,5.699618722692));
#8239 = CARTESIAN_POINT('',(25.643329191229,5.697115046065));
#8240 = CARTESIAN_POINT('',(25.605606060407,5.694609142274));
#8241 = CARTESIAN_POINT('',(25.568016549609,5.692109546538));
#8242 = CARTESIAN_POINT('',(25.530466961739,5.689610103121));
#8243 = CARTESIAN_POINT('',(25.450686838519,5.684294188297));
#8244 = CARTESIAN_POINT('',(25.408448510424,5.681476607292));
#8245 = CARTESIAN_POINT('',(25.366245771746,5.678658185211));
#8246 = CARTESIAN_POINT('',(25.324174721445,5.67584542553));
#8247 = CARTESIAN_POINT('',(25.282108059361,5.673029897075));
#8248 = CARTESIAN_POINT('',(25.202031819424,5.667664408258));
#8249 = CARTESIAN_POINT('',(25.164038156158,5.665116177874));
#8250 = CARTESIAN_POINT('',(25.126049356222,5.662565733148));
#8251 = CARTESIAN_POINT('',(25.088188440583,5.660021398026));
#8252 = CARTESIAN_POINT('',(25.050365021109,5.657477169487));
#8253 = CARTESIAN_POINT('',(24.97001202132,5.652066906432));
#8254 = CARTESIAN_POINT('',(24.927474946717,5.64919979715));
#8255 = CARTESIAN_POINT('',(24.884970779673,5.646331815089));
#8256 = CARTESIAN_POINT('',(24.842592139652,5.643469291587));
#8257 = CARTESIAN_POINT('',(24.800216404106,5.640604020388));
#8258 = CARTESIAN_POINT('',(24.719558860177,5.635144562747));
#8259 = CARTESIAN_POINT('',(24.681292718128,5.632552038971));
#8260 = CARTESIAN_POINT('',(24.643030326257,5.629957398821));
#8261 = CARTESIAN_POINT('',(24.604889918189,5.627368657718));
#8262 = CARTESIAN_POINT('',(24.566784299736,5.624779901136));
#8263 = CARTESIAN_POINT('',(24.485841162231,5.619275974824));
#8264 = CARTESIAN_POINT('',(24.442996347693,5.61635972985));
#8265 = CARTESIAN_POINT('',(24.400181686399,5.613442584917));
#8266 = CARTESIAN_POINT('',(24.357486216612,5.610530684497));
#8267 = CARTESIAN_POINT('',(24.314792129435,5.607616066971));
#8268 = CARTESIAN_POINT('',(24.233535853315,5.602063447598));
#8269 = CARTESIAN_POINT('',(24.194989182037,5.599427079106));
#8270 = CARTESIAN_POINT('',(24.156444897959,5.596788615403));
#8271 = CARTESIAN_POINT('',(24.118016531945,5.594155828575));
#8272 = CARTESIAN_POINT('',(24.079620398436,5.59152299121));
#8273 = CARTESIAN_POINT('',(23.998069521088,5.585926319139));
#8274 = CARTESIAN_POINT('',(23.95490779868,5.582961455138));
#8275 = CARTESIAN_POINT('',(23.911773402666,5.579995669303));
#8276 = CARTESIAN_POINT('',(23.868751686595,5.577034904342));
#8277 = CARTESIAN_POINT('',(23.825729793618,5.574071463287));
#8278 = CARTESIAN_POINT('',(23.743857031214,5.568426731537));
#8279 = CARTESIAN_POINT('',(23.705021522671,5.565747040617));
#8280 = CARTESIAN_POINT('',(23.666187004962,5.563065283811));
#8281 = CARTESIAN_POINT('',(23.627462171707,5.560388970525));
#8282 = CARTESIAN_POINT('',(23.588766946536,5.557712575015));
#8283 = CARTESIAN_POINT('',(23.506590416983,5.552024326054));
#8284 = CARTESIAN_POINT('',(23.463102459387,5.549011493603));
#8285 = CARTESIAN_POINT('',(23.419638929001,5.545997723601));
#8286 = CARTESIAN_POINT('',(23.376281389536,5.542988741984));
#8287 = CARTESIAN_POINT('',(23.332922076679,5.539977136662));
#8288 = CARTESIAN_POINT('',(23.250414779311,5.534241603281));
#8289 = CARTESIAN_POINT('',(23.211281990178,5.53151923693));
#8290 = CARTESIAN_POINT('',(23.172148762743,5.528794842953));
#8291 = CARTESIAN_POINT('',(23.133118816958,5.526075648578));
#8292 = CARTESIAN_POINT('',(23.094115787647,5.523356344377));
#8293 = CARTESIAN_POINT('',(23.011295415472,5.517577958174));
#8294 = CARTESIAN_POINT('',(22.96747164362,5.514517919828));
#8295 = CARTESIAN_POINT('',(22.923669549434,5.511456999741));
#8296 = CARTESIAN_POINT('',(22.879966577824,5.508400627519));
#8297 = CARTESIAN_POINT('',(22.836259978128,5.505341631856));
#8298 = CARTESIAN_POINT('',(22.753099839598,5.499516888923));
#8299 = CARTESIAN_POINT('',(22.713661208537,5.496752628221));
#8300 = CARTESIAN_POINT('',(22.674220678101,5.493986387896));
#8301 = CARTESIAN_POINT('',(22.634876856498,5.491225093457));
#8302 = CARTESIAN_POINT('',(22.595557192974,5.488463666448));
#8303 = CARTESIAN_POINT('',(22.512074550194,5.482596873791));
#8304 = CARTESIAN_POINT('',(22.4679054884,5.479490614889));
#8305 = CARTESIAN_POINT('',(22.423755054329,5.476383466404));
#8306 = CARTESIAN_POINT('',(22.379696696889,5.473280618424));
#8307 = CARTESIAN_POINT('',(22.335633051996,5.470175232465));
#8308 = CARTESIAN_POINT('',(22.251801547818,5.464263173797));
#8309 = CARTESIAN_POINT('',(22.212048415461,5.461457943603));
#8310 = CARTESIAN_POINT('',(22.172291891785,5.458650792385));
#8311 = CARTESIAN_POINT('',(22.132625333866,5.455848324445));
#8312 = CARTESIAN_POINT('',(22.092980109567,5.453045706889));
#8313 = CARTESIAN_POINT('',(22.008816574084,5.447092550521));
#8314 = CARTESIAN_POINT('',(21.964292535792,5.44394118631));
#8315 = CARTESIAN_POINT('',(21.919784004832,5.440788933856));
#8316 = CARTESIAN_POINT('',(21.875360326341,5.437640728842));
#8317 = CARTESIAN_POINT('',(21.830929668416,5.434490085766));
#8318 = CARTESIAN_POINT('',(21.746408106667,5.42849292832));
#8319 = CARTESIAN_POINT('',(21.706331738521,5.425647807253));
#8320 = CARTESIAN_POINT('',(21.666250457566,5.422800835239));
#8321 = CARTESIAN_POINT('',(21.626252229424,5.419958276069));
#8322 = CARTESIAN_POINT('',(21.586272445451,5.417115556835));
#8323 = CARTESIAN_POINT('',(21.5014092529,5.411078412985));
#8324 = CARTESIAN_POINT('',(21.456520481645,5.407883235684));
#8325 = CARTESIAN_POINT('',(21.411644028548,5.40468718185));
#8326 = CARTESIAN_POINT('',(21.366845026681,5.401494918058));
#8327 = CARTESIAN_POINT('',(21.322037322607,5.398300331642));
#8328 = CARTESIAN_POINT('',(21.236806897745,5.392220637166));
#8329 = CARTESIAN_POINT('',(21.196398510226,5.389336867807));
#8330 = CARTESIAN_POINT('',(21.155983660464,5.38645132997));
#8331 = CARTESIAN_POINT('',(21.115644781812,5.383569927948));
#8332 = CARTESIAN_POINT('',(21.075321394337,5.38068836297));
#8333 = CARTESIAN_POINT('',(20.989739696301,5.374569963285));
#8334 = CARTESIAN_POINT('',(20.944476396493,5.371332453551));
#8335 = CARTESIAN_POINT('',(20.899222159013,5.368094090607));
#8336 = CARTESIAN_POINT('',(20.854037796419,5.364859257531));
#8337 = CARTESIAN_POINT('',(20.808842980211,5.361622233876));
#8338 = CARTESIAN_POINT('',(20.722884834898,5.355462930989));
#8339 = CARTESIAN_POINT('',(20.682135624708,5.352541930234));
#8340 = CARTESIAN_POINT('',(20.641378376798,5.349619256802));
#8341 = CARTESIAN_POINT('',(20.600689851424,5.346700436961));
#8342 = CARTESIAN_POINT('',(20.560013802566,5.343781459849));
#8343 = CARTESIAN_POINT('',(20.473694732086,5.33758491361));
#8344 = CARTESIAN_POINT('',(20.428047103606,5.334306752114));
#8345 = CARTESIAN_POINT('',(20.382405217611,5.331027773663));
#8346 = CARTESIAN_POINT('',(20.336825457935,5.327752063861));
#8347 = CARTESIAN_POINT('',(20.291233467119,5.324474313235));
#8348 = CARTESIAN_POINT('',(20.204528761543,5.318238719675));
#8349 = CARTESIAN_POINT('',(20.163429938566,5.315282089161));
#8350 = CARTESIAN_POINT('',(20.122321478569,5.312323896059));
#8351 = CARTESIAN_POINT('',(20.081274328424,5.309369270704));
#8352 = CARTESIAN_POINT('',(20.040236580792,5.306414503406));
#8353 = CARTESIAN_POINT('',(19.953161325563,5.300143319822));
#8354 = CARTESIAN_POINT('',(19.907119602388,5.296826398861));
#8355 = CARTESIAN_POINT('',(19.861080241036,5.293508711499));
#8356 = CARTESIAN_POINT('',(19.815095089083,5.290194032431));
#8357 = CARTESIAN_POINT('',(19.769095905253,5.286877481116));
#8358 = CARTESIAN_POINT('',(19.681625894317,5.280569325962));
#8359 = CARTESIAN_POINT('',(19.640168718222,5.27757886245));
#8360 = CARTESIAN_POINT('',(19.598700284552,5.274586961693));
#8361 = CARTESIAN_POINT('',(19.557285587634,5.271598340969));
#8362 = CARTESIAN_POINT('',(19.515877162694,5.268609604395));
#8363 = CARTESIAN_POINT('',(19.428027046311,5.262267714749));
#8364 = CARTESIAN_POINT('',(19.381581539346,5.258914149742));
#8365 = CARTESIAN_POINT('',(19.335134956501,5.255559884601));
#8366 = CARTESIAN_POINT('',(19.288734502741,5.252208370357));
#8367 = CARTESIAN_POINT('',(19.242318196461,5.248855172367));
#8368 = CARTESIAN_POINT('',(19.154064315177,5.242478617963));
#8369 = CARTESIAN_POINT('',(19.112240135865,5.239456323568));
#8370 = CARTESIAN_POINT('',(19.070403060095,5.236432733485));
#8371 = CARTESIAN_POINT('',(19.028611992286,5.233412135783));
#8372 = CARTESIAN_POINT('',(18.986824012722,5.230391460247));
#8373 = CARTESIAN_POINT('',(18.89818058426,5.223983239611));
#8374 = CARTESIAN_POINT('',(18.851321728521,5.220595380346));
#8375 = CARTESIAN_POINT('',(18.804458306567,5.217206904381));
#8376 = CARTESIAN_POINT('',(18.757632776102,5.213820927135));
#8377 = CARTESIAN_POINT('',(18.710789556313,5.210433475649));
#8378 = CARTESIAN_POINT('',(18.621733513646,5.203993138948));
#8379 = CARTESIAN_POINT('',(18.579533815665,5.20094123106));
#8380 = CARTESIAN_POINT('',(18.537319567325,5.197888186211));
#8381 = CARTESIAN_POINT('',(18.495143448283,5.194837848251));
#8382 = CARTESIAN_POINT('',(18.452967184447,5.191787483584));
#8383 = CARTESIAN_POINT('',(18.363512316596,5.185317771798));
#8384 = CARTESIAN_POINT('',(18.31623072285,5.181898213258));
#8385 = CARTESIAN_POINT('',(18.268941024994,5.178478140087));
#8386 = CARTESIAN_POINT('',(18.221680831114,5.175060321112));
#8387 = CARTESIAN_POINT('',(18.174401099125,5.171641259452));
#8388 = CARTESIAN_POINT('',(18.100891159057,5.166325686253));
#8389 = CARTESIAN_POINT('',(18.074680635111,5.164430445721));
#8390 = CARTESIAN_POINT('',(18.048470941156,5.162535340198));
#8391 = CARTESIAN_POINT('',(18.022311577276,5.160643957494));
#8392 = CARTESIAN_POINT('',(17.996165167417,5.158753603952));
#8393 = CARTESIAN_POINT('',(17.252369026961,5.104980904388));
#8394 = CARTESIAN_POINT('',(16.529652547531,5.052807602793));
#8395 = CARTESIAN_POINT('',(15.79901953243,5.000311713249));
#8396 = CARTESIAN_POINT('',(15.059870629148,4.947642823719));
#8397 = CARTESIAN_POINT('',(14.313848951012,4.895151326674));
#8398 = CARTESIAN_POINT('',(12.816818446464,4.791541582061));
#8399 = CARTESIAN_POINT('',(12.067035577067,4.740506596694));
#8400 = CARTESIAN_POINT('',(11.315671746408,4.690420106841));
#8401 = CARTESIAN_POINT('',(10.562761329727,4.641480991607));
#8402 = CARTESIAN_POINT('',(9.808350611696,4.593878217172));
#8403 = CARTESIAN_POINT('',(8.302014181603,4.502017002346));
#8404 = CARTESIAN_POINT('',(7.550108710903,4.457737171009));
#8405 = CARTESIAN_POINT('',(6.79683707891,4.415113163908));
#8406 = CARTESIAN_POINT('',(6.04226577281,4.374297027112));
#8407 = CARTESIAN_POINT('',(5.286469275153,4.335419847881));
#8408 = CARTESIAN_POINT('',(3.776168491114,4.261929540711));
#8409 = CARTESIAN_POINT('',(3.023662443864,4.227393938238));
#8410 = CARTESIAN_POINT('',(2.269124026511,4.194920022592));
#8411 = CARTESIAN_POINT('',(1.512003920994,4.164591051428));
#8412 = CARTESIAN_POINT('',(0.754177346018,4.136560260373));
#8413 = CARTESIAN_POINT('',(0.,4.110950065678));
#8414 = ( GEOMETRIC_REPRESENTATION_CONTEXT(2) 
PARAMETRIC_REPRESENTATION_CONTEXT() REPRESENTATION_CONTEXT('2D SPACE',''
  ) );
#8415 = PCURVE('',#5873,#8416);
#8416 = DEFINITIONAL_REPRESENTATION('',(#8417),#8610);
#8417 = B_SPLINE_CURVE_WITH_KNOTS('',6,(#8418,#8419,#8420,#8421,#8422,
    #8423,#8424,#8425,#8426,#8427,#8428,#8429,#8430,#8431,#8432,#8433,
    #8434,#8435,#8436,#8437,#8438,#8439,#8440,#8441,#8442,#8443,#8444,
    #8445,#8446,#8447,#8448,#8449,#8450,#8451,#8452,#8453,#8454,#8455,
    #8456,#8457,#8458,#8459,#8460,#8461,#8462,#8463,#8464,#8465,#8466,
    #8467,#8468,#8469,#8470,#8471,#8472,#8473,#8474,#8475,#8476,#8477,
    #8478,#8479,#8480,#8481,#8482,#8483,#8484,#8485,#8486,#8487,#8488,
    #8489,#8490,#8491,#8492,#8493,#8494,#8495,#8496,#8497,#8498,#8499,
    #8500,#8501,#8502,#8503,#8504,#8505,#8506,#8507,#8508,#8509,#8510,
    #8511,#8512,#8513,#8514,#8515,#8516,#8517,#8518,#8519,#8520,#8521,
    #8522,#8523,#8524,#8525,#8526,#8527,#8528,#8529,#8530,#8531,#8532,
    #8533,#8534,#8535,#8536,#8537,#8538,#8539,#8540,#8541,#8542,#8543,
    #8544,#8545,#8546,#8547,#8548,#8549,#8550,#8551,#8552,#8553,#8554,
    #8555,#8556,#8557,#8558,#8559,#8560,#8561,#8562,#8563,#8564,#8565,
    #8566,#8567,#8568,#8569,#8570,#8571,#8572,#8573,#8574,#8575,#8576,
    #8577,#8578,#8579,#8580,#8581,#8582,#8583,#8584,#8585,#8586,#8587,
    #8588,#8589,#8590,#8591,#8592,#8593,#8594,#8595,#8596,#8597,#8598,
    #8599,#8600,#8601,#8602,#8603,#8604,#8605,#8606,#8607,#8608,#8609),
  .UNSPECIFIED.,.F.,.F.,(7,5,5,5,5,5,5,5,5,5,5,5,5,5,5,5,5,5,5,5,5,5,5,5
    ,5,5,5,5,5,5,5,5,5,5,5,5,5,5,7),(0.,1.206708839344E-03,
    1.032421081445E-02,2.282674293031E-02,3.392325536548E-02,
    4.623135320659E-02,5.716075799953E-02,6.928738968328E-02,
    8.006111520861E-02,9.201889916835E-02,0.102648073867,0.114449302618,
    0.124944776059,0.136601440006,0.146973803526,0.158497613445,
    0.168757219945,0.180159628255,0.190316610085,0.201608830795,
    0.211673117745,0.222866145986,0.232847482033,0.243952112335,
    0.253860071496,0.264886915073,0.274730916362,0.285690417383,
    0.295479738867,0.306382189717,0.316125981644,0.326981537155,
    0.336688834162,0.347507524788,0.353454554214,0.515967678645,
    0.678335112103,0.83954910333,1.),.UNSPECIFIED.);
#8418 = CARTESIAN_POINT('',(26.174596211355,20.335138566612));
#8419 = CARTESIAN_POINT('',(26.173805413767,20.335278489828));
#8420 = CARTESIAN_POINT('',(26.172209956535,20.335560564173));
#8421 = CARTESIAN_POINT('',(26.169138980067,20.336103786851));
#8422 = CARTESIAN_POINT('',(26.16478682998,20.336873908463));
#8423 = CARTESIAN_POINT('',(26.160213057095,20.337683433006));
#8424 = CARTESIAN_POINT('',(26.135652792024,20.342031298489));
#8425 = CARTESIAN_POINT('',(26.113717493376,20.345919759717));
#8426 = CARTESIAN_POINT('',(26.091805437249,20.349809306828));
#8427 = CARTESIAN_POINT('',(26.070014542257,20.353682599202));
#8428 = CARTESIAN_POINT('',(26.048271729874,20.35755265032));
#8429 = CARTESIAN_POINT('',(25.996248958424,20.366824726159));
#8430 = CARTESIAN_POINT('',(25.965977396099,20.372230020926));
#8431 = CARTESIAN_POINT('',(25.935757321113,20.377636325611));
#8432 = CARTESIAN_POINT('',(25.905659978289,20.383030641315));
#8433 = CARTESIAN_POINT('',(25.875589939569,20.388429838761));
#8434 = CARTESIAN_POINT('',(25.818390514489,20.398719395136));
#8435 = CARTESIAN_POINT('',(25.791267603779,20.403606450197));
#8436 = CARTESIAN_POINT('',(25.764168607137,20.408497386503));
#8437 = CARTESIAN_POINT('',(25.737184710711,20.413375552254));
#8438 = CARTESIAN_POINT('',(25.710248225017,20.418252968894));
#8439 = CARTESIAN_POINT('',(25.653058417734,20.428625457499));
#8440 = CARTESIAN_POINT('',(25.62280396249,20.434122586961));
#8441 = CARTESIAN_POINT('',(25.59259943757,20.439620764362));
#8442 = CARTESIAN_POINT('',(25.56251314617,20.445107311228));
#8443 = CARTESIAN_POINT('',(25.532453628582,20.450598680501));
#8444 = CARTESIAN_POINT('',(25.475280119189,20.46106231708));
#8445 = CARTESIAN_POINT('',(25.44817232844,20.466031337306));
#8446 = CARTESIAN_POINT('',(25.421087912052,20.47100418509));
#8447 = CARTESIAN_POINT('',(25.394114207312,20.475964637369));
#8448 = CARTESIAN_POINT('',(25.367186399464,20.480924405703));
#8449 = CARTESIAN_POINT('',(25.310022267836,20.491470231817));
#8450 = CARTESIAN_POINT('',(25.279785177158,20.497058270966));
#8451 = CARTESIAN_POINT('',(25.249596434395,20.502647387433));
#8452 = CARTESIAN_POINT('',(25.219521360278,20.508225251189));
#8453 = CARTESIAN_POINT('',(25.189472520134,20.513807859916));
#8454 = CARTESIAN_POINT('',(25.132325308868,20.524443703525));
#8455 = CARTESIAN_POINT('',(25.105233054245,20.52949382518));
#8456 = CARTESIAN_POINT('',(25.078163237268,20.534547567602));
#8457 = CARTESIAN_POINT('',(25.05119967983,20.539589311928));
#8458 = CARTESIAN_POINT('',(25.024280869039,20.544630571441));
#8459 = CARTESIAN_POINT('',(24.967142787828,20.555347652216));
#8460 = CARTESIAN_POINT('',(24.936923313238,20.561025440501));
#8461 = CARTESIAN_POINT('',(24.906750578905,20.5667043255));
#8462 = CARTESIAN_POINT('',(24.876686883572,20.572372353985));
#8463 = CARTESIAN_POINT('',(24.846648872559,20.578045030325));
#8464 = CARTESIAN_POINT('',(24.789528331914,20.588850748877));
#8465 = CARTESIAN_POINT('',(24.762451631582,20.593980744574));
#8466 = CARTESIAN_POINT('',(24.735396818178,20.599114289539));
#8467 = CARTESIAN_POINT('',(24.70844375139,20.604236255145));
#8468 = CARTESIAN_POINT('',(24.68153386247,20.60935777808));
#8469 = CARTESIAN_POINT('',(24.624422194655,20.620243556299));
#8470 = CARTESIAN_POINT('',(24.594220580616,20.626009680446));
#8471 = CARTESIAN_POINT('',(24.564064074149,20.631776909265));
#8472 = CARTESIAN_POINT('',(24.534011913985,20.637533694907));
#8473 = CARTESIAN_POINT('',(24.50398487839,20.643295009953));
#8474 = CARTESIAN_POINT('',(24.446891368277,20.654267779316));
#8475 = CARTESIAN_POINT('',(24.419830431691,20.659476262282));
#8476 = CARTESIAN_POINT('',(24.392790821669,20.664688206315));
#8477 = CARTESIAN_POINT('',(24.365848385827,20.669889010143));
#8478 = CARTESIAN_POINT('',(24.338947535951,20.675089405998));
#8479 = CARTESIAN_POINT('',(24.281862632645,20.686140815901));
#8480 = CARTESIAN_POINT('',(24.251679115415,20.691993592139));
#8481 = CARTESIAN_POINT('',(24.22153904834,20.697847468013));
#8482 = CARTESIAN_POINT('',(24.191498573823,20.703691329693));
#8483 = CARTESIAN_POINT('',(24.161482653729,20.70953957927));
#8484 = CARTESIAN_POINT('',(24.104416519912,20.720676048821));
#8485 = CARTESIAN_POINT('',(24.077371548733,20.725961381438));
#8486 = CARTESIAN_POINT('',(24.050347333958,20.731250068827));
#8487 = CARTESIAN_POINT('',(24.023415663563,20.736528074317));
#8488 = CARTESIAN_POINT('',(23.996523964499,20.741805697781));
#8489 = CARTESIAN_POINT('',(23.939466162224,20.753019130328));
#8490 = CARTESIAN_POINT('',(23.909301167592,20.758956640809));
#8491 = CARTESIAN_POINT('',(23.879177544224,20.764895121632));
#8492 = CARTESIAN_POINT('',(23.84914870026,20.770824031281));
#8493 = CARTESIAN_POINT('',(23.819144226548,20.776757272167));
#8494 = CARTESIAN_POINT('',(23.762105799323,20.788053529326));
#8495 = CARTESIAN_POINT('',(23.735076986356,20.793413806502));
#8496 = CARTESIAN_POINT('',(23.708068349686,20.79877731262));
#8497 = CARTESIAN_POINT('',(23.68114757267,20.804130612773));
#8498 = CARTESIAN_POINT('',(23.654265130081,20.809483546683));
#8499 = CARTESIAN_POINT('',(23.597234749927,20.82085481356));
#8500 = CARTESIAN_POINT('',(23.567088287098,20.826874716496));
#8501 = CARTESIAN_POINT('',(23.536981506042,20.83289556762));
#8502 = CARTESIAN_POINT('',(23.506964635719,20.838907302308));
#8503 = CARTESIAN_POINT('',(23.476971527618,20.844923161203));
#8504 = CARTESIAN_POINT('',(23.419961117966,20.856374695665));
#8505 = CARTESIAN_POINT('',(23.392948646057,20.861807727865));
#8506 = CARTESIAN_POINT('',(23.365955760247,20.867243842153));
#8507 = CARTESIAN_POINT('',(23.339045997173,20.872670242239));
#8508 = CARTESIAN_POINT('',(23.312172909901,20.878096280193));
#8509 = CARTESIAN_POINT('',(23.255170254543,20.889620577546));
#8510 = CARTESIAN_POINT('',(23.225042527159,20.895720266402));
#8511 = CARTESIAN_POINT('',(23.194952770041,20.901820862737));
#8512 = CARTESIAN_POINT('',(23.164948001692,20.907912806912));
#8513 = CARTESIAN_POINT('',(23.134966374843,20.914008639925));
#8514 = CARTESIAN_POINT('',(23.077984274267,20.925610306613));
#8515 = CARTESIAN_POINT('',(23.050988315169,20.931113602654));
#8516 = CARTESIAN_POINT('',(23.024011341738,20.936619811377));
#8517 = CARTESIAN_POINT('',(22.997112704975,20.942116811403));
#8518 = CARTESIAN_POINT('',(22.970249064296,20.947613440137));
#8519 = CARTESIAN_POINT('',(22.913274416329,20.959285311605));
#8520 = CARTESIAN_POINT('',(22.883165614809,20.965461834088));
#8521 = CARTESIAN_POINT('',(22.853093050654,20.971639202695));
#8522 = CARTESIAN_POINT('',(22.823100503217,20.977808390324));
#8523 = CARTESIAN_POINT('',(22.793130463526,20.98398120129));
#8524 = CARTESIAN_POINT('',(22.736176941295,20.995727183515));
#8525 = CARTESIAN_POINT('',(22.709197654501,21.001297933259));
#8526 = CARTESIAN_POINT('',(22.682236742577,21.006871402169));
#8527 = CARTESIAN_POINT('',(22.655349335453,21.012436179253));
#8528 = CARTESIAN_POINT('',(22.628495224321,21.018000560917));
#8529 = CARTESIAN_POINT('',(22.571548844203,21.029813860594));
#8530 = CARTESIAN_POINT('',(22.541459144403,21.036063899384));
#8531 = CARTESIAN_POINT('',(22.511403928375,21.042314700104));
#8532 = CARTESIAN_POINT('',(22.481423710451,21.048557795001));
#8533 = CARTESIAN_POINT('',(22.451465353155,21.054804215793));
#8534 = CARTESIAN_POINT('',(22.394540654147,21.066687988348));
#8535 = CARTESIAN_POINT('',(22.367578185708,21.072323045448));
#8536 = CARTESIAN_POINT('',(22.34063347084,21.077960602513));
#8537 = CARTESIAN_POINT('',(22.313757386784,21.083589993306));
#8538 = CARTESIAN_POINT('',(22.286912879055,21.08921894781));
#8539 = CARTESIAN_POINT('',(22.229995003015,21.101166803431));
#8540 = CARTESIAN_POINT('',(22.199924564863,21.107486657063));
#8541 = CARTESIAN_POINT('',(22.169886836982,21.113807163324));
#8542 = CARTESIAN_POINT('',(22.139919045884,21.120120439642));
#8543 = CARTESIAN_POINT('',(22.109972454597,21.126436710681));
#8544 = CARTESIAN_POINT('',(22.053076797115,21.138451003352));
#8545 = CARTESIAN_POINT('',(22.026131278427,21.144146868236));
#8546 = CARTESIAN_POINT('',(21.999202881395,21.149844986627));
#8547 = CARTESIAN_POINT('',(21.972338203059,21.155535469989));
#8548 = CARTESIAN_POINT('',(21.945503362711,21.161225457608));
#8549 = CARTESIAN_POINT('',(21.888614200625,21.17330023437));
#8550 = CARTESIAN_POINT('',(21.858563166739,21.179685798502));
#8551 = CARTESIAN_POINT('',(21.828543050588,21.186071878516));
#8552 = CARTESIAN_POINT('',(21.79858777137,21.192451201641));
#8553 = CARTESIAN_POINT('',(21.768653017129,21.198833152812));
#8554 = CARTESIAN_POINT('',(21.711786590692,21.210969914776));
#8555 = CARTESIAN_POINT('',(21.684858137284,21.216722718086));
#8556 = CARTESIAN_POINT('',(21.657946162886,21.222477499632));
#8557 = CARTESIAN_POINT('',(21.631092961267,21.228225179781));
#8558 = CARTESIAN_POINT('',(21.604267841613,21.233972284243));
#8559 = CARTESIAN_POINT('',(21.547407574869,21.246165549733));
#8560 = CARTESIAN_POINT('',(21.517376069167,21.252612299048));
#8561 = CARTESIAN_POINT('',(21.487373670587,21.259059397671));
#8562 = CARTESIAN_POINT('',(21.457430975081,21.265500205772));
#8563 = CARTESIAN_POINT('',(21.427508115383,21.271943238038));
#8564 = CARTESIAN_POINT('',(21.370671078513,21.284193603657));
#8565 = CARTESIAN_POINT('',(21.343759788827,21.289999090387));
#8566 = CARTESIAN_POINT('',(21.316864324675,21.295806249745));
#8567 = CARTESIAN_POINT('',(21.290022658233,21.301606840129));
#8568 = CARTESIAN_POINT('',(21.263207301138,21.307406752447));
#8569 = CARTESIAN_POINT('',(21.206376080498,21.319709243244));
#8570 = CARTESIAN_POINT('',(21.176364206807,21.326212214278));
#8571 = CARTESIAN_POINT('',(21.146379612599,21.332715335814));
#8572 = CARTESIAN_POINT('',(21.116449558444,21.339212622368));
#8573 = CARTESIAN_POINT('',(21.086538636295,21.345711690369));
#8574 = CARTESIAN_POINT('',(21.029731114322,21.358065946957));
#8575 = CARTESIAN_POINT('',(21.002837068496,21.363919461567));
#8576 = CARTESIAN_POINT('',(20.975958183813,21.369774311407));
#8577 = CARTESIAN_POINT('',(20.949128097599,21.375623119588));
#8578 = CARTESIAN_POINT('',(20.922322532708,21.381471122917));
#8579 = CARTESIAN_POINT('',(20.865520476187,21.393872713472));
#8580 = CARTESIAN_POINT('',(20.835528316862,21.4004264887));
#8581 = CARTESIAN_POINT('',(20.805561593495,21.406980180999));
#8582 = CARTESIAN_POINT('',(20.775644223183,21.41352847861));
#8583 = CARTESIAN_POINT('',(20.745745266164,21.420078074609));
#8584 = CARTESIAN_POINT('',(20.699306441858,21.430258968858));
#8585 = CARTESIAN_POINT('',(20.682757719688,21.433888583608));
#8586 = CARTESIAN_POINT('',(20.666218856449,21.437517610075));
#8587 = CARTESIAN_POINT('',(20.649721129771,21.441139175817));
#8588 = CARTESIAN_POINT('',(20.63324099778,21.444758437024));
#8589 = CARTESIAN_POINT('',(20.164690711995,21.547701939009));
#8590 = CARTESIAN_POINT('',(19.716456112732,21.647333806779));
#8591 = CARTESIAN_POINT('',(19.270347268596,21.747320923372));
#8592 = CARTESIAN_POINT('',(18.826192162158,21.847362488641));
#8593 = CARTESIAN_POINT('',(18.385069070069,21.946784168892));
#8594 = CARTESIAN_POINT('',(17.513618257486,22.142476791637));
#8595 = CARTESIAN_POINT('',(17.083992042811,22.238590981023));
#8596 = CARTESIAN_POINT('',(16.660059514311,22.332643376756));
#8597 = CARTESIAN_POINT('',(16.241567227897,22.424274411371));
#8598 = CARTESIAN_POINT('',(15.828229006966,22.5131504731));
#8599 = CARTESIAN_POINT('',(15.01414597775,22.684191589097));
#8600 = CARTESIAN_POINT('',(14.6133325381,22.766399880629));
#8601 = CARTESIAN_POINT('',(14.21699419204,22.845310512102));
#8602 = CARTESIAN_POINT('',(13.824807794598,22.92067052013));
#8603 = CARTESIAN_POINT('',(13.43643978612,22.992269521125));
#8604 = CARTESIAN_POINT('',(12.668495801278,23.127300168491));
#8605 = CARTESIAN_POINT('',(12.2898974275,23.190590932194));
#8606 = CARTESIAN_POINT('',(11.913886285421,23.2499619862));
#8607 = CARTESIAN_POINT('',(11.539887438333,23.305289856772));
#8608 = CARTESIAN_POINT('',(11.168476904487,23.356326492732));
#8609 = CARTESIAN_POINT('',(10.801379495043,23.402878486574));
#8610 = ( GEOMETRIC_REPRESENTATION_CONTEXT(2) 
PARAMETRIC_REPRESENTATION_CONTEXT() REPRESENTATION_CONTEXT('2D SPACE',''
  ) );
#8611 = ORIENTED_EDGE('',*,*,#6031,.T.);
#8612 = ADVANCED_FACE('',(#8613),#4409,.T.);
#8613 = FACE_BOUND('',#8614,.T.);
#8614 = EDGE_LOOP('',(#8615,#8729,#8730,#8731,#8732));
#8615 = ORIENTED_EDGE('',*,*,#8616,.T.);
#8616 = EDGE_CURVE('',#4324,#6509,#8617,.T.);
#8617 = SURFACE_CURVE('',#8618,(#8653,#8691),.PCURVE_S1.);
#8618 = B_SPLINE_CURVE_WITH_KNOTS('',5,(#8619,#8620,#8621,#8622,#8623,
    #8624,#8625,#8626,#8627,#8628,#8629,#8630,#8631,#8632,#8633,#8634,
    #8635,#8636,#8637,#8638,#8639,#8640,#8641,#8642,#8643,#8644,#8645,
    #8646,#8647,#8648,#8649,#8650,#8651,#8652),.UNSPECIFIED.,.F.,.F.,(6,
    4,4,4,4,4,4,4,6),(0.,0.118310159376,0.240362359448,0.367079813057,
    0.498357429871,0.628319711113,0.753550860875,0.877653518593,1.),
  .UNSPECIFIED.);
#8619 = CARTESIAN_POINT('',(-30.85843673594,13.959605173444,
    4.551914402271E-15));
#8620 = CARTESIAN_POINT('',(-30.98731657898,14.014297500354,
    2.305127005942E-09));
#8621 = CARTESIAN_POINT('',(-31.11770266895,14.069569178127,
    4.049763917077E-03));
#8622 = CARTESIAN_POINT('',(-31.24936396731,14.125319051647,
    1.23237981116E-02));
#8623 = CARTESIAN_POINT('',(-31.38203500711,14.18143239051,
    2.497306017839E-02));
#8624 = CARTESIAN_POINT('',(-31.65302902429,14.295917570624,
    5.979467951013E-02));
#8625 = CARTESIAN_POINT('',(-31.79139812341,14.354304752594,
    8.225558635655E-02));
#8626 = CARTESIAN_POINT('',(-31.93020813518,14.412807820985,
    0.109622250801));
#8627 = CARTESIAN_POINT('',(-32.06910637086,14.471277535523,
    0.141980713383));
#8628 = CARTESIAN_POINT('',(-32.3516383213,14.59006846291,0.218180367569
    ));
#8629 = CARTESIAN_POINT('',(-32.49525021619,14.650375066642,
    0.262413205308));
#8630 = CARTESIAN_POINT('',(-32.63814532957,14.710305830216,
    0.312104186603));
#8631 = CARTESIAN_POINT('',(-32.77989137285,14.769681642645,
    0.367233614064));
#8632 = CARTESIAN_POINT('',(-33.06527205283,14.889082200503,
    0.490380387771));
#8633 = CARTESIAN_POINT('',(-33.20879121114,14.94905345676,
    0.558790174499));
#8634 = CARTESIAN_POINT('',(-33.35014038408,15.008044963297,
    0.632856493548));
#8635 = CARTESIAN_POINT('',(-33.48884822332,15.065865548402,
    0.712415345475));
#8636 = CARTESIAN_POINT('',(-33.7587450833,15.178246876896,
    0.881210949341));
#8637 = CARTESIAN_POINT('',(-33.88999562861,15.232834524077,
    0.970342822056));
#8638 = CARTESIAN_POINT('',(-34.01780191707,15.285931100168,
    1.064412321314));
#8639 = CARTESIAN_POINT('',(-34.14177063467,15.337380545631,
    1.163136709569));
#8640 = CARTESIAN_POINT('',(-34.37699138754,15.434909804064,
    1.365489793555));
#8641 = CARTESIAN_POINT('',(-34.48854215969,15.481116945176,
    1.468809211738));
#8642 = CARTESIAN_POINT('',(-34.59590884566,15.525550950943,
    1.575854880554));
#8643 = CARTESIAN_POINT('',(-34.69883286992,15.568111702762,
    1.686297149041));
#8644 = CARTESIAN_POINT('',(-34.8945036895,15.648965714275,
    1.912254510647));
#8645 = CARTESIAN_POINT('',(-34.98733392004,15.687294007307,
    2.027715034176));
#8646 = CARTESIAN_POINT('',(-35.07540368024,15.723630969894,
    2.145829216324));
#8647 = CARTESIAN_POINT('',(-35.15856885335,15.757923010807,
    2.266239964739));
#8648 = CARTESIAN_POINT('',(-35.31380482649,15.821897789925,
    2.509207905858));
#8649 = CARTESIAN_POINT('',(-35.38601603703,15.851638915499,
    2.631710735578));
#8650 = CARTESIAN_POINT('',(-35.45328752813,15.879331151981,
    2.755755287653));
#8651 = CARTESIAN_POINT('',(-35.51558518515,15.904964669863,
    2.880999136459));
#8652 = CARTESIAN_POINT('',(-35.57292117128,15.928547905577,
    3.007113252462));
#8653 = PCURVE('',#4409,#8654);
#8654 = DEFINITIONAL_REPRESENTATION('',(#8655),#8690);
#8655 = B_SPLINE_CURVE_WITH_KNOTS('',5,(#8656,#8657,#8658,#8659,#8660,
    #8661,#8662,#8663,#8664,#8665,#8666,#8667,#8668,#8669,#8670,#8671,
    #8672,#8673,#8674,#8675,#8676,#8677,#8678,#8679,#8680,#8681,#8682,
    #8683,#8684,#8685,#8686,#8687,#8688,#8689),.UNSPECIFIED.,.F.,.F.,(6,
    4,4,4,4,4,4,4,6),(0.,0.118310159376,0.240362359448,0.367079813057,
    0.498357429871,0.628319711113,0.753550860875,0.877653518593,1.),
  .UNSPECIFIED.);
#8656 = CARTESIAN_POINT('',(26.174596189043,20.33513857088));
#8657 = CARTESIAN_POINT('',(25.751745356131,20.409928181035));
#8658 = CARTESIAN_POINT('',(25.332298830099,20.486169557471));
#8659 = CARTESIAN_POINT('',(24.91635635537,20.563761543447));
#8660 = CARTESIAN_POINT('',(24.504005429366,20.642576045371));
#8661 = CARTESIAN_POINT('',(23.67369885817,20.804865874938));
#8662 = CARTESIAN_POINT('',(23.255978163735,20.88840981276));
#8663 = CARTESIAN_POINT('',(22.842229495721,20.972919069851));
#8664 = CARTESIAN_POINT('',(22.432506219193,21.058192388529));
#8665 = CARTESIAN_POINT('',(21.605653247204,21.233092306417));
#8666 = CARTESIAN_POINT('',(21.188838771667,21.32276077543));
#8667 = CARTESIAN_POINT('',(20.776417140361,21.412753618065));
#8668 = CARTESIAN_POINT('',(20.368380281823,21.502786724176));
#8669 = CARTESIAN_POINT('',(19.546455646159,21.685562008535));
#8670 = CARTESIAN_POINT('',(19.132885433239,21.778285156991));
#8671 = CARTESIAN_POINT('',(18.723920157913,21.870394067159));
#8672 = CARTESIAN_POINT('',(18.319462416096,21.961535549896));
#8673 = CARTESIAN_POINT('',(17.523293760975,22.140284043274));
#8674 = CARTESIAN_POINT('',(17.131495455774,22.227917402449));
#8675 = CARTESIAN_POINT('',(16.743844875363,22.313920522476));
#8676 = CARTESIAN_POINT('',(16.360166879059,22.397958209686));
#8677 = CARTESIAN_POINT('',(15.614178741479,22.55850859031));
#8678 = CARTESIAN_POINT('',(15.251598932041,22.635183924489));
#8679 = CARTESIAN_POINT('',(14.892336241036,22.709471166895));
#8680 = CARTESIAN_POINT('',(14.536182426119,22.781117283353));
#8681 = CARTESIAN_POINT('',(13.832835840511,22.918077444896));
#8682 = CARTESIAN_POINT('',(13.485590940231,22.983442798194));
#8683 = CARTESIAN_POINT('',(13.140968685201,23.04579383124));
#8684 = CARTESIAN_POINT('',(12.79874178663,23.104958274818));
#8685 = CARTESIAN_POINT('',(12.1234388731,23.215868052131));
#8686 = CARTESIAN_POINT('',(11.790301574033,23.267706577164));
#8687 = CARTESIAN_POINT('',(11.459055712353,23.316201127705));
#8688 = CARTESIAN_POINT('',(11.129483837005,23.361271243063));
#8689 = CARTESIAN_POINT('',(10.801379495275,23.402878486543));
#8690 = ( GEOMETRIC_REPRESENTATION_CONTEXT(2) 
PARAMETRIC_REPRESENTATION_CONTEXT() REPRESENTATION_CONTEXT('2D SPACE',''
  ) );
#8691 = PCURVE('',#4653,#8692);
#8692 = DEFINITIONAL_REPRESENTATION('',(#8693),#8728);
#8693 = B_SPLINE_CURVE_WITH_KNOTS('',5,(#8694,#8695,#8696,#8697,#8698,
    #8699,#8700,#8701,#8702,#8703,#8704,#8705,#8706,#8707,#8708,#8709,
    #8710,#8711,#8712,#8713,#8714,#8715,#8716,#8717,#8718,#8719,#8720,
    #8721,#8722,#8723,#8724,#8725,#8726,#8727),.UNSPECIFIED.,.F.,.F.,(6,
    4,4,4,4,4,4,4,6),(0.,0.118310159376,0.240362359448,0.367079813057,
    0.498357429871,0.628319711113,0.753550860875,0.877653518593,1.),
  .UNSPECIFIED.);
#8694 = CARTESIAN_POINT('',(26.174596211354,5.732174663361));
#8695 = CARTESIAN_POINT('',(25.590933235757,5.69389848689));
#8696 = CARTESIAN_POINT('',(25.005428977999,5.654823139336));
#8697 = CARTESIAN_POINT('',(24.4180193812,5.614993961249));
#8698 = CARTESIAN_POINT('',(23.828640349479,5.57446970683));
#8699 = CARTESIAN_POINT('',(22.627121074908,5.4908764986));
#8700 = CARTESIAN_POINT('',(22.014850149309,5.447767571283));
#8701 = CARTESIAN_POINT('',(21.400356896283,5.404077510088));
#8702 = CARTESIAN_POINT('',(20.783581602934,5.359903243998));
#8703 = CARTESIAN_POINT('',(19.521707748346,5.269107720174));
#8704 = CARTESIAN_POINT('',(18.876427266993,5.222457440883));
#8705 = CARTESIAN_POINT('',(18.228582380957,5.175531248266));
#8706 = CARTESIAN_POINT('',(17.578131404488,5.128471801415));
#8707 = CARTESIAN_POINT('',(16.248472948596,5.032702942903));
#8708 = CARTESIAN_POINT('',(15.569072501956,4.983995061297));
#8709 = CARTESIAN_POINT('',(14.886828479204,4.93548186596));
#8710 = CARTESIAN_POINT('',(14.201737956116,4.887348607483));
#8711 = CARTESIAN_POINT('',(12.832807958956,4.792694618591));
#8712 = CARTESIAN_POINT('',(12.149024237899,4.746162520128));
#8713 = CARTESIAN_POINT('',(11.46250036949,4.700369374959));
#8714 = CARTESIAN_POINT('',(10.77328554679,4.655499759063));
#8715 = CARTESIAN_POINT('',(9.414812948903,4.569550301093));
#8716 = CARTESIAN_POINT('',(8.745741533245,4.528391919693));
#8717 = CARTESIAN_POINT('',(8.074311025228,4.488409448706));
#8718 = CARTESIAN_POINT('',(7.400610581114,4.449750198481));
#8719 = CARTESIAN_POINT('',(6.054977640119,4.375671533557));
#8720 = CARTESIAN_POINT('',(5.383083320381,4.340226024802));
#8721 = CARTESIAN_POINT('',(4.709171747695,4.30633244063));
#8722 = CARTESIAN_POINT('',(4.033363476678,4.274098559721));
#8723 = CARTESIAN_POINT('',(2.687805798345,4.213549467416));
#8724 = CARTESIAN_POINT('',(2.018105323839,4.185185227063));
#8725 = CARTESIAN_POINT('',(1.346815403988,4.158596127905));
#8726 = CARTESIAN_POINT('',(0.6740686676,4.133839946826));
#8727 = CARTESIAN_POINT('',(0.,4.110950065678));
#8728 = ( GEOMETRIC_REPRESENTATION_CONTEXT(2) 
PARAMETRIC_REPRESENTATION_CONTEXT() REPRESENTATION_CONTEXT('2D SPACE',''
  ) );
#8729 = ORIENTED_EDGE('',*,*,#6508,.T.);
#8730 = ORIENTED_EDGE('',*,*,#6184,.F.);
#8731 = ORIENTED_EDGE('',*,*,#7900,.F.);
#8732 = ORIENTED_EDGE('',*,*,#4323,.T.);
#8733 = ADVANCED_FACE('',(#8734),#4653,.T.);
#8734 = FACE_BOUND('',#8735,.T.);
#8735 = EDGE_LOOP('',(#8736,#8850,#8851,#8852,#8853));
#8736 = ORIENTED_EDGE('',*,*,#8737,.T.);
#8737 = EDGE_CURVE('',#4568,#6889,#8738,.T.);
#8738 = SURFACE_CURVE('',#8739,(#8774,#8812),.PCURVE_S1.);
#8739 = B_SPLINE_CURVE_WITH_KNOTS('',5,(#8740,#8741,#8742,#8743,#8744,
    #8745,#8746,#8747,#8748,#8749,#8750,#8751,#8752,#8753,#8754,#8755,
    #8756,#8757,#8758,#8759,#8760,#8761,#8762,#8763,#8764,#8765,#8766,
    #8767,#8768,#8769,#8770,#8771,#8772,#8773),.UNSPECIFIED.,.F.,.F.,(6,
    4,4,4,4,4,4,4,6),(0.,0.11658535005,0.236417666362,0.361131003183,
    0.490406384687,0.620558544511,0.748377926491,0.874544058337,1.),
  .UNSPECIFIED.);
#8740 = CARTESIAN_POINT('',(-33.7039927193,-3.339845663797,
    3.941291738225E-15));
#8741 = CARTESIAN_POINT('',(-33.84092624967,-3.356671700192,
    2.022861680679E-09));
#8742 = CARTESIAN_POINT('',(-33.97940777019,-3.373741872897,
    3.932544490234E-03));
#8743 = CARTESIAN_POINT('',(-34.11919740167,-3.391029426311,
    1.196461597911E-02));
#8744 = CARTESIAN_POINT('',(-34.26002079418,-3.408502531966,
    2.424099828385E-02));
#8745 = CARTESIAN_POINT('',(-34.54707309916,-3.444238093874,
    5.796816238086E-02));
#8746 = CARTESIAN_POINT('',(-34.69334341216,-3.462508986692,
    7.96649318513E-02));
#8747 = CARTESIAN_POINT('',(-34.8400587898,-3.480898222368,
    0.106084276904));
#8748 = CARTESIAN_POINT('',(-34.98686081453,-3.499361446401,
    0.137309584376));
#8749 = CARTESIAN_POINT('',(-35.28585555931,-3.537093231414,
    0.210913764492));
#8750 = CARTESIAN_POINT('',(-35.43802440116,-3.556363975971,
    0.253695151177));
#8751 = CARTESIAN_POINT('',(-35.58945808596,-3.575609096948,
    0.301762508505));
#8752 = CARTESIAN_POINT('',(-35.73971514266,-3.594770649422,
    0.355101684835));
#8753 = CARTESIAN_POINT('',(-36.04243700567,-3.633504088808,
    0.474318206443));
#8754 = CARTESIAN_POINT('',(-36.1947816359,-3.65306536145,0.540582863342
    ));
#8755 = CARTESIAN_POINT('',(-36.34490324756,-3.672407506612,
    0.612352014411));
#8756 = CARTESIAN_POINT('',(-36.49231884494,-3.691463502256,
    0.689476228755));
#8757 = CARTESIAN_POINT('',(-36.7818146876,-3.729001706287,
    0.854570810498));
#8758 = CARTESIAN_POINT('',(-36.92385208816,-3.747479163438,
    0.942611261452));
#8759 = CARTESIAN_POINT('',(-37.06222938448,-3.765536030382,
    1.035651052272));
#8760 = CARTESIAN_POINT('',(-37.19652037556,-3.783109895207,
    1.133412798482));
#8761 = CARTESIAN_POINT('',(-37.4538629453,-3.816875246668,
    1.335902807631));
#8762 = CARTESIAN_POINT('',(-37.57707293778,-3.833085879796,
    1.440474897534));
#8763 = CARTESIAN_POINT('',(-37.6956343963,-3.848724487033,
    1.548983718929));
#8764 = CARTESIAN_POINT('',(-37.8092497685,-3.863744965918,
    1.661081737902));
#8765 = CARTESIAN_POINT('',(-38.02471898176,-3.892289220757,1.8902261156
    ));
#8766 = CARTESIAN_POINT('',(-38.12670603896,-3.905829855972,
    2.007189838377));
#8767 = CARTESIAN_POINT('',(-38.22342188511,-3.918695933134,
    2.126935737997));
#8768 = CARTESIAN_POINT('',(-38.31470307703,-3.930859913169,
    2.249089100382));
#8769 = CARTESIAN_POINT('',(-38.48571114582,-3.95368220564,
    2.496760170161));
#8770 = CARTESIAN_POINT('',(-38.56550025218,-3.964348618967,
    2.622255207662));
#8771 = CARTESIAN_POINT('',(-38.63971593586,-3.974284226718,
    2.749389652812));
#8772 = CARTESIAN_POINT('',(-38.70831967269,-3.983479611415,
    2.877793922018));
#8773 = CARTESIAN_POINT('',(-38.77132737393,-3.991933454013,
    3.007113252462));
#8774 = PCURVE('',#4653,#8775);
#8775 = DEFINITIONAL_REPRESENTATION('',(#8776),#8811);
#8776 = B_SPLINE_CURVE_WITH_KNOTS('',5,(#8777,#8778,#8779,#8780,#8781,
    #8782,#8783,#8784,#8785,#8786,#8787,#8788,#8789,#8790,#8791,#8792,
    #8793,#8794,#8795,#8796,#8797,#8798,#8799,#8800,#8801,#8802,#8803,
    #8804,#8805,#8806,#8807,#8808,#8809,#8810),.UNSPECIFIED.,.F.,.F.,(6,
    4,4,4,4,4,4,4,6),(0.,0.11658535005,0.236417666362,0.361131003183,
    0.490406384687,0.620558544511,0.748377926491,0.874544058337,1.),
  .UNSPECIFIED.);
#8777 = CARTESIAN_POINT('',(26.174596211284,20.335138559281));
#8778 = CARTESIAN_POINT('',(25.757909952572,20.408837865067));
#8779 = CARTESIAN_POINT('',(25.344529568162,20.483946842044));
#8780 = CARTESIAN_POINT('',(24.934550299132,20.560368838628));
#8781 = CARTESIAN_POINT('',(24.52805618714,20.637981551049));
#8782 = CARTESIAN_POINT('',(23.710949729617,20.797483221104));
#8783 = CARTESIAN_POINT('',(23.300537731801,20.87943109986));
#8784 = CARTESIAN_POINT('',(22.89395071245,20.96232024829));
#8785 = CARTESIAN_POINT('',(22.491240276237,21.045961523496));
#8786 = CARTESIAN_POINT('',(21.677378219031,21.217749849392));
#8787 = CARTESIAN_POINT('',(21.266550632344,21.305941714566));
#8788 = CARTESIAN_POINT('',(20.859977071036,21.394476332714));
#8789 = CARTESIAN_POINT('',(20.457652633573,21.48308479465));
#8790 = CARTESIAN_POINT('',(19.64685740473,21.663111972227));
#8791 = CARTESIAN_POINT('',(19.238699846013,21.754514990038));
#8792 = CARTESIAN_POINT('',(18.835018964071,21.845372924757));
#8793 = CARTESIAN_POINT('',(18.435726329474,21.935349562612));
#8794 = CARTESIAN_POINT('',(17.642983460184,22.113473392182));
#8795 = CARTESIAN_POINT('',(17.24959094189,22.201604119479));
#8796 = CARTESIAN_POINT('',(16.860387281853,22.288161447315));
#8797 = CARTESIAN_POINT('',(16.475200950193,22.372806894087));
#8798 = CARTESIAN_POINT('',(15.719296176239,22.536170256956));
#8799 = CARTESIAN_POINT('',(15.348441878722,22.614967302082));
#8800 = CARTESIAN_POINT('',(14.981077709486,22.691321426258));
#8801 = CARTESIAN_POINT('',(14.616984244152,22.764959990798));
#8802 = CARTESIAN_POINT('',(13.899543060135,22.905427957909));
#8803 = CARTESIAN_POINT('',(13.546116939885,22.972333184836));
#8804 = CARTESIAN_POINT('',(13.195426481477,23.036143494408));
#8805 = CARTESIAN_POINT('',(12.8472331658,23.096674883525));
#8806 = CARTESIAN_POINT('',(12.157313221555,23.210585154995));
#8807 = CARTESIAN_POINT('',(11.815560866757,23.264002439462));
#8808 = CARTESIAN_POINT('',(11.475808941691,23.31390796035));
#8809 = CARTESIAN_POINT('',(11.137822671533,23.360213787021));
#8810 = CARTESIAN_POINT('',(10.801379495042,23.402878486572));
#8811 = ( GEOMETRIC_REPRESENTATION_CONTEXT(2) 
PARAMETRIC_REPRESENTATION_CONTEXT() REPRESENTATION_CONTEXT('2D SPACE',''
  ) );
#8812 = PCURVE('',#4897,#8813);
#8813 = DEFINITIONAL_REPRESENTATION('',(#8814),#8849);
#8814 = B_SPLINE_CURVE_WITH_KNOTS('',5,(#8815,#8816,#8817,#8818,#8819,
    #8820,#8821,#8822,#8823,#8824,#8825,#8826,#8827,#8828,#8829,#8830,
    #8831,#8832,#8833,#8834,#8835,#8836,#8837,#8838,#8839,#8840,#8841,
    #8842,#8843,#8844,#8845,#8846,#8847,#8848),.UNSPECIFIED.,.F.,.F.,(6,
    4,4,4,4,4,4,4,6),(0.,0.11658535005,0.236417666362,0.361131003183,
    0.490406384687,0.620558544511,0.748377926491,0.874544058337,1.),
  .UNSPECIFIED.);
#8815 = CARTESIAN_POINT('',(26.174596211352,5.732174666303));
#8816 = CARTESIAN_POINT('',(25.599442320208,5.694456500544));
#8817 = CARTESIAN_POINT('',(25.022500369194,5.655962309902));
#8818 = CARTESIAN_POINT('',(24.443709206351,5.616735454637));
#8819 = CARTESIAN_POINT('',(23.863007385007,5.576831984699));
#8820 = CARTESIAN_POINT('',(22.681442934532,5.494683290633));
#8821 = CARTESIAN_POINT('',(22.080468880552,5.452403774891));
#8822 = CARTESIAN_POINT('',(21.477356203732,5.409558948519));
#8823 = CARTESIAN_POINT('',(20.87204810528,5.366239823264));
#8824 = CARTESIAN_POINT('',(19.632203151821,5.277083768927));
#8825 = CARTESIAN_POINT('',(18.997479615254,5.231216128661));
#8826 = CARTESIAN_POINT('',(18.36027709276,5.185067013657));
#8827 = CARTESIAN_POINT('',(17.720554720204,5.138771237383));
#8828 = CARTESIAN_POINT('',(16.41253255785,5.044485598234));
#8829 = CARTESIAN_POINT('',(15.744042974711,4.996495679901));
#8830 = CARTESIAN_POINT('',(15.072797669566,4.948668285681));
#8831 = CARTESIAN_POINT('',(14.398791377184,4.901179340245));
#8832 = CARTESIAN_POINT('',(13.040709978505,4.806918274054));
#8833 = CARTESIAN_POINT('',(12.35659711112,4.760153157686));
#8834 = CARTESIAN_POINT('',(11.669728818633,4.714095566992));
#8835 = CARTESIAN_POINT('',(10.980151265986,4.668931308879));
#8836 = CARTESIAN_POINT('',(9.608132755354,4.581532916796));
#8837 = CARTESIAN_POINT('',(8.925784874992,4.539260730355));
#8838 = CARTESIAN_POINT('',(8.240965068417,4.498187675753));
#8839 = CARTESIAN_POINT('',(7.55376587474,4.458471990083));
#8840 = CARTESIAN_POINT('',(6.183754645341,4.382527300964));
#8841 = CARTESIAN_POINT('',(5.501000183311,4.346259802193));
#8842 = CARTESIAN_POINT('',(4.816147714021,4.311583618153));
#8843 = CARTESIAN_POINT('',(4.129322986929,4.278613543702));
#8844 = CARTESIAN_POINT('',(2.755881911833,4.216439872654));
#8845 = CARTESIAN_POINT('',(2.069285418482,4.18721608401));
#8846 = CARTESIAN_POINT('',(1.381010555037,4.159855698994));
#8847 = CARTESIAN_POINT('',(0.691200252043,4.134421697544));
#8848 = CARTESIAN_POINT('',(0.,4.110950065678));
#8849 = ( GEOMETRIC_REPRESENTATION_CONTEXT(2) 
PARAMETRIC_REPRESENTATION_CONTEXT() REPRESENTATION_CONTEXT('2D SPACE',''
  ) );
#8850 = ORIENTED_EDGE('',*,*,#6888,.T.);
#8851 = ORIENTED_EDGE('',*,*,#6564,.F.);
#8852 = ORIENTED_EDGE('',*,*,#8616,.F.);
#8853 = ORIENTED_EDGE('',*,*,#4567,.T.);
#8854 = ADVANCED_FACE('',(#8855),#5873,.T.);
#8855 = FACE_BOUND('',#8856,.T.);
#8856 = EDGE_LOOP('',(#8857,#8858,#8859,#8860,#8974));
#8857 = ORIENTED_EDGE('',*,*,#8024,.T.);
#8858 = ORIENTED_EDGE('',*,*,#6347,.T.);
#8859 = ORIENTED_EDGE('',*,*,#6783,.F.);
#8860 = ORIENTED_EDGE('',*,*,#8861,.F.);
#8861 = EDGE_CURVE('',#5544,#6728,#8862,.T.);
#8862 = SURFACE_CURVE('',#8863,(#8898,#8936),.PCURVE_S1.);
#8863 = B_SPLINE_CURVE_WITH_KNOTS('',5,(#8864,#8865,#8866,#8867,#8868,
    #8869,#8870,#8871,#8872,#8873,#8874,#8875,#8876,#8877,#8878,#8879,
    #8880,#8881,#8882,#8883,#8884,#8885,#8886,#8887,#8888,#8889,#8890,
    #8891,#8892,#8893,#8894,#8895,#8896,#8897),.UNSPECIFIED.,.F.,.F.,(6,
    4,4,4,4,4,4,4,6),(0.,0.116228211277,0.235675922827,0.364231161716,
    0.492806024882,0.62213325847,0.749542454445,0.87531128635,1.),
  .UNSPECIFIED.);
#8864 = CARTESIAN_POINT('',(19.744387552285,-27.51859106603,
    1.221245326927E-15));
#8865 = CARTESIAN_POINT('',(19.827171610766,-27.6284283315,
    2.97520912175E-07));
#8866 = CARTESIAN_POINT('',(19.910935478228,-27.73947722549,
    3.90789538937E-03));
#8867 = CARTESIAN_POINT('',(19.995536307061,-27.85154372407,
    1.189128819431E-02));
#8868 = CARTESIAN_POINT('',(20.080812019892,-27.96440979834,
    2.409081070825E-02));
#8869 = CARTESIAN_POINT('',(20.254726392975,-28.19439884399,
    5.760428286746E-02));
#8870 = CARTESIAN_POINT('',(20.343392952766,-28.31155338872,
    7.916094523564E-02));
#8871 = CARTESIAN_POINT('',(20.432384954297,-28.4290354379,
    0.105408674735));
#8872 = CARTESIAN_POINT('',(20.521487023871,-28.54655972655,
    0.136430433853));
#8873 = CARTESIAN_POINT('',(20.706242714504,-28.79003824578,
    0.210827095245));
#8874 = CARTESIAN_POINT('',(20.801877937735,-28.91595208845,
    0.254963548105));
#8875 = CARTESIAN_POINT('',(20.897095620171,-29.0411985626,
    0.304717958492));
#8876 = CARTESIAN_POINT('',(20.991598665285,-29.16539022518,
    0.360073675253));
#8877 = CARTESIAN_POINT('',(21.178597766986,-29.41091657062,
    0.481829854447));
#8878 = CARTESIAN_POINT('',(21.271093594036,-29.53225091789,
    0.548232044447));
#8879 = CARTESIAN_POINT('',(21.36228247356,-29.65176385966,
    0.620070588678));
#8880 = CARTESIAN_POINT('',(21.451870186496,-29.76907757833,
    0.697195712616));
#8881 = CARTESIAN_POINT('',(21.627804967081,-29.99927491293,
    0.862080640588));
#8882 = CARTESIAN_POINT('',(21.714130077149,-30.11212868247,
    0.949900101998));
#8883 = CARTESIAN_POINT('',(21.798275473705,-30.22204373593,
    1.042643036835));
#8884 = CARTESIAN_POINT('',(21.879979930463,-30.32868974913,
    1.140035701824));
#8885 = CARTESIAN_POINT('',(22.036879184547,-30.53334286081,
    1.34197561177));
#8886 = CARTESIAN_POINT('',(22.112152619324,-30.63145470722,
    1.446395421103));
#8887 = CARTESIAN_POINT('',(22.184617847931,-30.72584252891,
    1.554715446782));
#8888 = CARTESIAN_POINT('',(22.254088774633,-30.81627497669,
    1.666590845198));
#8889 = CARTESIAN_POINT('',(22.38589426351,-30.98775646955,
    1.895238783053));
#8890 = CARTESIAN_POINT('',(22.448309248208,-31.06891140956,
    2.011929847472));
#8891 = CARTESIAN_POINT('',(22.50752188507,-31.14586179854,2.13137656757
    ));
#8892 = CARTESIAN_POINT('',(22.563428194717,-31.21848182558,
    2.25320763576));
#8893 = CARTESIAN_POINT('',(22.668045902674,-31.35432128354,
    2.49983040577));
#8894 = CARTESIAN_POINT('',(22.716815017509,-31.41761615582,
    2.624587830444));
#8895 = CARTESIAN_POINT('',(22.762205889835,-31.47650375749,
    2.750960204738));
#8896 = CARTESIAN_POINT('',(22.804191810759,-31.53095621973,
    2.878584776425));
#8897 = CARTESIAN_POINT('',(22.842779468362,-31.58098771726,
    3.007113252462));
#8898 = PCURVE('',#5873,#8899);
#8899 = DEFINITIONAL_REPRESENTATION('',(#8900),#8935);
#8900 = B_SPLINE_CURVE_WITH_KNOTS('',5,(#8901,#8902,#8903,#8904,#8905,
    #8906,#8907,#8908,#8909,#8910,#8911,#8912,#8913,#8914,#8915,#8916,
    #8917,#8918,#8919,#8920,#8921,#8922,#8923,#8924,#8925,#8926,#8927,
    #8928,#8929,#8930,#8931,#8932,#8933,#8934),.UNSPECIFIED.,.F.,.F.,(6,
    4,4,4,4,4,4,4,6),(0.,0.116228211277,0.235675922827,0.364231161716,
    0.492806024882,0.62213325847,0.749542454445,0.87531128635,1.),
  .UNSPECIFIED.);
#8901 = CARTESIAN_POINT('',(26.174596211355,5.732174672153));
#8902 = CARTESIAN_POINT('',(25.601204055298,5.694572008717));
#8903 = CARTESIAN_POINT('',(25.026035382918,5.65619820128));
#8904 = CARTESIAN_POINT('',(24.449028048103,5.617095894765));
#8905 = CARTESIAN_POINT('',(23.87012280841,5.57732089688));
#8906 = CARTESIAN_POINT('',(22.692314139874,5.4954449762));
#8907 = CARTESIAN_POINT('',(22.093300807239,5.453310157377));
#8908 = CARTESIAN_POINT('',(21.492163262804,5.410612648017));
#8909 = CARTESIAN_POINT('',(20.888845197184,5.367442447582));
#8910 = CARTESIAN_POINT('',(19.631586585629,5.277044904008));
#8911 = CARTESIAN_POINT('',(18.977293234713,5.229759162757));
#8912 = CARTESIAN_POINT('',(18.320364980127,5.182175752442));
#8913 = CARTESIAN_POINT('',(17.660757220211,5.134442717671));
#8914 = CARTESIAN_POINT('',(16.33603591159,5.03899199038));
#8915 = CARTESIAN_POINT('',(15.670921078436,4.991274264004));
#8916 = CARTESIAN_POINT('',(15.003079655256,4.943728647276));
#8917 = CARTESIAN_POINT('',(14.332507467192,4.89652855245));
#8918 = CARTESIAN_POINT('',(12.982005907946,4.802899164156));
#8919 = CARTESIAN_POINT('',(12.302044281674,4.756475956837));
#8920 = CARTESIAN_POINT('',(11.619364016875,4.710760281384));
#8921 = CARTESIAN_POINT('',(10.934011223044,4.665934302862));
#8922 = CARTESIAN_POINT('',(9.568310178192,4.57905679788));
#8923 = CARTESIAN_POINT('',(8.888037924607,4.536973940901));
#8924 = CARTESIAN_POINT('',(8.205312502331,4.496087919265));
#8925 = CARTESIAN_POINT('',(7.520226039109,4.45655512507));
#8926 = CARTESIAN_POINT('',(6.154407000835,4.380960019936));
#8927 = CARTESIAN_POINT('',(5.47373129217,4.344859539088));
#8928 = CARTESIAN_POINT('',(4.790973751632,4.31034328084));
#8929 = CARTESIAN_POINT('',(4.106259159472,4.277524604028));
#8930 = CARTESIAN_POINT('',(2.739085963603,4.215725416892));
#8931 = CARTESIAN_POINT('',(2.056657770265,4.186714330452));
#8932 = CARTESIAN_POINT('',(1.372573403846,4.159544688459));
#8933 = CARTESIAN_POINT('',(0.686973205989,4.134278156409));
#8934 = CARTESIAN_POINT('',(0.,4.110950065678));
#8935 = ( GEOMETRIC_REPRESENTATION_CONTEXT(2) 
PARAMETRIC_REPRESENTATION_CONTEXT() REPRESENTATION_CONTEXT('2D SPACE',''
  ) );
#8936 = PCURVE('',#5629,#8937);
#8937 = DEFINITIONAL_REPRESENTATION('',(#8938),#8973);
#8938 = B_SPLINE_CURVE_WITH_KNOTS('',5,(#8939,#8940,#8941,#8942,#8943,
    #8944,#8945,#8946,#8947,#8948,#8949,#8950,#8951,#8952,#8953,#8954,
    #8955,#8956,#8957,#8958,#8959,#8960,#8961,#8962,#8963,#8964,#8965,
    #8966,#8967,#8968,#8969,#8970,#8971,#8972),.UNSPECIFIED.,.F.,.F.,(6,
    4,4,4,4,4,4,4,6),(0.,0.116228211277,0.235675922827,0.364231161716,
    0.492806024882,0.62213325847,0.749542454445,0.87531128635,1.),
  .UNSPECIFIED.);
#8939 = CARTESIAN_POINT('',(26.174596211284,20.335138579294));
#8940 = CARTESIAN_POINT('',(25.759186558781,20.408612077868));
#8941 = CARTESIAN_POINT('',(25.34706192217,20.483486689699));
#8942 = CARTESIAN_POINT('',(24.938318298938,20.55966656623));
#8943 = CARTESIAN_POINT('',(24.533037289759,20.637030603909));
#8944 = CARTESIAN_POINT('',(23.718406472439,20.796006001152));
#8945 = CARTESIAN_POINT('',(23.309254469522,20.877675666371));
#8946 = CARTESIAN_POINT('',(22.90390217397,20.96028267205));
#8947 = CARTESIAN_POINT('',(22.50240090609,21.043639945752));
#8948 = CARTESIAN_POINT('',(21.676832857063,21.217829256283));
#8949 = CARTESIAN_POINT('',(21.25337938306,21.308746671811));
#8950 = CARTESIAN_POINT('',(20.834446905555,21.400025342275));
#8951 = CARTESIAN_POINT('',(20.420029359681,21.491370047086));
#8952 = CARTESIAN_POINT('',(19.600068471952,21.673578272669));
#8953 = CARTESIAN_POINT('',(19.194526201998,21.764441793655));
#8954 = CARTESIAN_POINT('',(18.793407178734,21.854744332383));
#8955 = CARTESIAN_POINT('',(18.396622644302,21.944154799443));
#8956 = CARTESIAN_POINT('',(17.609171724643,22.121049802531));
#8957 = CARTESIAN_POINT('',(17.218554460135,22.208520086776));
#8958 = CARTESIAN_POINT('',(16.83206532467,22.294420458034));
#8959 = CARTESIAN_POINT('',(16.449534971993,22.378419329937));
#8960 = CARTESIAN_POINT('',(15.697613262543,22.540787580466));
#8961 = CARTESIAN_POINT('',(15.328110905248,22.619222051441));
#8962 = CARTESIAN_POINT('',(14.962069221709,22.695219893379));
#8963 = CARTESIAN_POINT('',(14.59927045956,22.768511821566));
#8964 = CARTESIAN_POINT('',(13.884329252587,22.908320219876));
#8965 = CARTESIAN_POINT('',(13.532109427641,22.974911844606));
#8966 = CARTESIAN_POINT('',(13.182602338655,23.038423286396));
#8967 = CARTESIAN_POINT('',(12.835571636489,23.098672963666));
#8968 = CARTESIAN_POINT('',(12.148953699814,23.211891063581));
#8969 = CARTESIAN_POINT('',(11.80932778627,23.264917631445));
#8970 = CARTESIAN_POINT('',(11.471675074656,23.314474192013));
#8971 = CARTESIAN_POINT('',(11.135765147976,23.360474703665));
#8972 = CARTESIAN_POINT('',(10.801379495043,23.402878486573));
#8973 = ( GEOMETRIC_REPRESENTATION_CONTEXT(2) 
PARAMETRIC_REPRESENTATION_CONTEXT() REPRESENTATION_CONTEXT('2D SPACE',''
  ) );
#8974 = ORIENTED_EDGE('',*,*,#5787,.T.);
#8975 = ADVANCED_FACE('',(#8976),#4897,.T.);
#8976 = FACE_BOUND('',#8977,.T.);
#8977 = EDGE_LOOP('',(#8978,#9092,#9093,#9094,#9095));
#8978 = ORIENTED_EDGE('',*,*,#8979,.T.);
#8979 = EDGE_CURVE('',#4812,#7277,#8980,.T.);
#8980 = SURFACE_CURVE('',#8981,(#9016,#9054),.PCURVE_S1.);
#8981 = B_SPLINE_CURVE_WITH_KNOTS('',5,(#8982,#8983,#8984,#8985,#8986,
    #8987,#8988,#8989,#8990,#8991,#8992,#8993,#8994,#8995,#8996,#8997,
    #8998,#8999,#9000,#9001,#9002,#9003,#9004,#9005,#9006,#9007,#9008,
    #9009,#9010,#9011,#9012,#9013,#9014,#9015),.UNSPECIFIED.,.F.,.F.,(6,
    4,4,4,4,4,4,4,6),(0.,0.11785583506,0.239399890311,0.366080077606,
    0.497281528387,0.62606051464,0.752319719325,0.876973392648,1.),
  .UNSPECIFIED.);
#8982 = CARTESIAN_POINT('',(-27.51859106871,-19.7443875509,
    8.326672684874E-16));
#8983 = CARTESIAN_POINT('',(-27.62996660425,-19.82833099566,
    2.182637784485E-09));
#8984 = CARTESIAN_POINT('',(-27.74258734688,-19.91328146953,
    4.01872058913E-03));
#8985 = CARTESIAN_POINT('',(-27.85625256363,-19.99909111045,
    1.222866491798E-02));
#8986 = CARTESIAN_POINT('',(-27.97073289316,-20.08558950445,
    2.477914873967E-02));
#8987 = CARTESIAN_POINT('',(-28.20441981349,-20.26230846253,
    5.932178166203E-02));
#8988 = CARTESIAN_POINT('',(-28.32366226605,-20.35256085031,
    8.159710762596E-02));
#8989 = CARTESIAN_POINT('',(-28.44322731101,-20.44313778658,
    0.108735794178));
#8990 = CARTESIAN_POINT('',(-28.56281341557,-20.53381153901,
    0.140823324822));
#8991 = CARTESIAN_POINT('',(-28.80643932011,-20.71869911449,
    0.216533465118));
#8992 = CARTESIAN_POINT('',(-28.93045387185,-20.8129006869,
    0.260586231594));
#8993 = CARTESIAN_POINT('',(-29.05379339386,-20.90667614487,
    0.31009389712));
#8994 = CARTESIAN_POINT('',(-29.17608704113,-20.99974102256,
    0.365037750135));
#8995 = CARTESIAN_POINT('',(-29.42216412615,-21.18716932047,
    0.487786357756));
#8996 = CARTESIAN_POINT('',(-29.54584506539,-21.28146062231,
    0.555980175226));
#8997 = CARTESIAN_POINT('',(-29.66760421514,-21.37437148783,
    0.629827182063));
#8998 = CARTESIAN_POINT('',(-29.78704075843,-21.46558966655,
    0.709164775961));
#8999 = CARTESIAN_POINT('',(-30.01836987582,-21.64240977773,
    0.876804671908));
#9000 = CARTESIAN_POINT('',(-30.13036111651,-21.72808438316,
    0.964914479209));
#9001 = CARTESIAN_POINT('',(-30.23940512878,-21.81157138825,
    1.057880753739));
#9002 = CARTESIAN_POINT('',(-30.34517819887,-21.8926146643,
    1.155429832379));
#9003 = CARTESIAN_POINT('',(-30.54762292511,-22.04783433259,
    1.35706809321));
#9004 = CARTESIAN_POINT('',(-30.6444322483,-22.1221141206,1.460992051588
    ));
#9005 = CARTESIAN_POINT('',(-30.73756467277,-22.19362028496,
    1.568718682054));
#9006 = CARTESIAN_POINT('',(-30.82679753585,-22.26217362849,
    1.679910889296));
#9007 = CARTESIAN_POINT('',(-30.99603356922,-22.39225967305,
    1.907058735568));
#9008 = CARTESIAN_POINT('',(-31.0761397492,-22.45387062087,
    2.022935936425));
#9009 = CARTESIAN_POINT('',(-31.15210791936,-22.51232943231,
    2.141499440269));
#9010 = CARTESIAN_POINT('',(-31.22381729098,-22.56753620693,
    2.262387477305));
#9011 = CARTESIAN_POINT('',(-31.35769147747,-22.67064267786,
    2.506484211362));
#9012 = CARTESIAN_POINT('',(-31.41996871712,-22.7186283915,
    2.629642148412));
#9013 = CARTESIAN_POINT('',(-31.47795467932,-22.76332463424,
    2.754362848936));
#9014 = CARTESIAN_POINT('',(-31.53162314162,-22.80470618579,
    2.880298066217));
#9015 = CARTESIAN_POINT('',(-31.58098771726,-22.84277946836,
    3.007113252462));
#9016 = PCURVE('',#4897,#9017);
#9017 = DEFINITIONAL_REPRESENTATION('',(#9018),#9053);
#9018 = B_SPLINE_CURVE_WITH_KNOTS('',5,(#9019,#9020,#9021,#9022,#9023,
    #9024,#9025,#9026,#9027,#9028,#9029,#9030,#9031,#9032,#9033,#9034,
    #9035,#9036,#9037,#9038,#9039,#9040,#9041,#9042,#9043,#9044,#9045,
    #9046,#9047,#9048,#9049,#9050,#9051,#9052),.UNSPECIFIED.,.F.,.F.,(6,
    4,4,4,4,4,4,4,6),(0.,0.11785583506,0.239399890311,0.366080077606,
    0.497281528387,0.62606051464,0.752319719325,0.876973392648,1.),
  .UNSPECIFIED.);
#9019 = CARTESIAN_POINT('',(26.174596211336,20.33513857022));
#9020 = CARTESIAN_POINT('',(25.753369128389,20.409640977515));
#9021 = CARTESIAN_POINT('',(25.335520362464,20.485584028146));
#9022 = CARTESIAN_POINT('',(24.921148304609,20.56286771479));
#9023 = CARTESIAN_POINT('',(24.510339650248,20.641365526022));
#9024 = CARTESIAN_POINT('',(23.683244056873,20.802972311034));
#9025 = CARTESIAN_POINT('',(23.267187724625,20.886148750822));
#9026 = CARTESIAN_POINT('',(22.855069416353,20.970285301231));
#9027 = CARTESIAN_POINT('',(22.446942121798,21.055183554087));
#9028 = CARTESIAN_POINT('',(21.621642192819,21.229665412717));
#9029 = CARTESIAN_POINT('',(21.204815814876,21.319295466237));
#9030 = CARTESIAN_POINT('',(20.7923795835,21.409256008783));
#9031 = CARTESIAN_POINT('',(20.384326019417,21.499263561497));
#9032 = CARTESIAN_POINT('',(19.562484099702,21.681975001108));
#9033 = CARTESIAN_POINT('',(19.149010538059,21.774660546041));
#9034 = CARTESIAN_POINT('',(18.740138448787,21.866740670139));
#9035 = CARTESIAN_POINT('',(18.335771307768,21.957862937698));
#9036 = CARTESIAN_POINT('',(17.543157300974,22.135834904244));
#9037 = CARTESIAN_POINT('',(17.154750378096,22.222732508261));
#9038 = CARTESIAN_POINT('',(16.770421095341,22.308040673674));
#9039 = CARTESIAN_POINT('',(16.390000004655,22.39143299273));
#9040 = CARTESIAN_POINT('',(15.64395068758,22.552194932785));
#9041 = CARTESIAN_POINT('',(15.278178394509,22.629650544981));
#9042 = CARTESIAN_POINT('',(14.915787334349,22.704690774064));
#9043 = CARTESIAN_POINT('',(14.556564587047,22.777055342083));
#9044 = CARTESIAN_POINT('',(13.84853574165,22.915107672569));
#9045 = CARTESIAN_POINT('',(13.499654962869,22.980868704599));
#9046 = CARTESIAN_POINT('',(13.153425896902,23.043593215207));
#9047 = CARTESIAN_POINT('',(12.809618273186,23.103105959976));
#9048 = CARTESIAN_POINT('',(12.130846886898,23.214714747914));
#9049 = CARTESIAN_POINT('',(11.795825933852,23.266897512439));
#9050 = CARTESIAN_POINT('',(11.462719951587,23.315699929873));
#9051 = CARTESIAN_POINT('',(11.131307773568,23.361039947821));
#9052 = CARTESIAN_POINT('',(10.801379494934,23.402878486585));
#9053 = ( GEOMETRIC_REPRESENTATION_CONTEXT(2) 
PARAMETRIC_REPRESENTATION_CONTEXT() REPRESENTATION_CONTEXT('2D SPACE',''
  ) );
#9054 = PCURVE('',#5141,#9055);
#9055 = DEFINITIONAL_REPRESENTATION('',(#9056),#9091);
#9056 = B_SPLINE_CURVE_WITH_KNOTS('',5,(#9057,#9058,#9059,#9060,#9061,
    #9062,#9063,#9064,#9065,#9066,#9067,#9068,#9069,#9070,#9071,#9072,
    #9073,#9074,#9075,#9076,#9077,#9078,#9079,#9080,#9081,#9082,#9083,
    #9084,#9085,#9086,#9087,#9088,#9089,#9090),.UNSPECIFIED.,.F.,.F.,(6,
    4,4,4,4,4,4,4,6),(0.,0.11785583506,0.239399890311,0.366080077606,
    0.497281528387,0.62606051464,0.752319719325,0.876973392648,1.),
  .UNSPECIFIED.);
#9057 = CARTESIAN_POINT('',(26.174596211353,5.732174669519));
#9058 = CARTESIAN_POINT('',(25.59317460068,5.694045461091));
#9059 = CARTESIAN_POINT('',(25.009925744659,5.655123246954));
#9060 = CARTESIAN_POINT('',(24.42478647533,5.615452769904));
#9061 = CARTESIAN_POINT('',(23.837693313341,5.575092116686));
#9062 = CARTESIAN_POINT('',(22.641048234053,5.491852971592));
#9063 = CARTESIAN_POINT('',(22.031368062797,5.448935190304));
#9064 = CARTESIAN_POINT('',(21.419484965001,5.40543976198));
#9065 = CARTESIAN_POINT('',(20.80533989412,5.361462221438));
#9066 = CARTESIAN_POINT('',(19.546382027634,5.270889720121));
#9067 = CARTESIAN_POINT('',(18.901369531725,5.224262655397));
#9068 = CARTESIAN_POINT('',(18.253795186281,5.177356692795));
#9069 = CARTESIAN_POINT('',(17.603617093041,5.130314128313));
#9070 = CARTESIAN_POINT('',(16.274711967285,5.03458612173));
#9071 = CARTESIAN_POINT('',(15.595793731899,4.985901930344));
#9072 = CARTESIAN_POINT('',(14.914035455456,4.937407980197));
#9073 = CARTESIAN_POINT('',(14.229433823522,4.889289059606));
#9074 = CARTESIAN_POINT('',(12.86728672546,4.79505468396));
#9075 = CARTESIAN_POINT('',(12.189843889295,4.748918599438));
#9076 = CARTESIAN_POINT('',(11.509709353991,4.703501960095));
#9077 = CARTESIAN_POINT('',(10.826930332345,4.658984385069));
#9078 = CARTESIAN_POINT('',(9.469641133879,4.572937988044));
#9079 = CARTESIAN_POINT('',(8.795230061964,4.531367689137));
#9080 = CARTESIAN_POINT('',(8.118417054075,4.490985707529));
#9081 = CARTESIAN_POINT('',(7.43929289572,4.451943445732));
#9082 = CARTESIAN_POINT('',(6.085308275877,4.3772813559));
#9083 = CARTESIAN_POINT('',(5.410502798036,4.341624281573));
#9084 = CARTESIAN_POINT('',(4.733659109521,4.307530081483));
#9085 = CARTESIAN_POINT('',(4.054899175789,4.275108324135));
#9086 = CARTESIAN_POINT('',(2.702697006972,4.21418050526));
#9087 = CARTESIAN_POINT('',(2.029300327794,4.185628825488));
#9088 = CARTESIAN_POINT('',(1.354294987208,4.158871425403));
#9089 = CARTESIAN_POINT('',(0.677815825325,4.133967192015));
#9090 = CARTESIAN_POINT('',(0.,4.110950065678));
#9091 = ( GEOMETRIC_REPRESENTATION_CONTEXT(2) 
PARAMETRIC_REPRESENTATION_CONTEXT() REPRESENTATION_CONTEXT('2D SPACE',''
  ) );
#9092 = ORIENTED_EDGE('',*,*,#7276,.T.);
#9093 = ORIENTED_EDGE('',*,*,#6944,.F.);
#9094 = ORIENTED_EDGE('',*,*,#8737,.F.);
#9095 = ORIENTED_EDGE('',*,*,#4811,.T.);
#9096 = ADVANCED_FACE('',(#9097),#5629,.T.);
#9097 = FACE_BOUND('',#9098,.T.);
#9098 = EDGE_LOOP('',(#9099,#9100,#9101,#9102,#9216));
#9099 = ORIENTED_EDGE('',*,*,#8861,.T.);
#9100 = ORIENTED_EDGE('',*,*,#6727,.T.);
#9101 = ORIENTED_EDGE('',*,*,#7167,.F.);
#9102 = ORIENTED_EDGE('',*,*,#9103,.F.);
#9103 = EDGE_CURVE('',#5300,#7112,#9104,.T.);
#9104 = SURFACE_CURVE('',#9105,(#9140,#9178),.PCURVE_S1.);
#9105 = B_SPLINE_CURVE_WITH_KNOTS('',5,(#9106,#9107,#9108,#9109,#9110,
    #9111,#9112,#9113,#9114,#9115,#9116,#9117,#9118,#9119,#9120,#9121,
    #9122,#9123,#9124,#9125,#9126,#9127,#9128,#9129,#9130,#9131,#9132,
    #9133,#9134,#9135,#9136,#9137,#9138,#9139),.UNSPECIFIED.,.F.,.F.,(6,
    4,4,4,4,4,4,4,6),(0.,0.116741129349,0.237299712685,0.362398134352,
    0.49247611714,0.622310395655,0.749682188439,0.875414858324,1.),
  .UNSPECIFIED.);
#9106 = CARTESIAN_POINT('',(3.339845666881,-33.70399271732,
    6.66133814822E-16));
#9107 = CARTESIAN_POINT('',(3.356694176374,-33.8411092223,
    2.043813267065E-09));
#9108 = CARTESIAN_POINT('',(3.373787497564,-33.97977784151,
    3.943060653033E-03));
#9109 = CARTESIAN_POINT('',(3.391098722707,-34.11975776395,
    1.199683492872E-02));
#9110 = CARTESIAN_POINT('',(3.408595922946,-34.2607734678,
    2.430665764118E-02));
#9111 = CARTESIAN_POINT('',(3.444466433179,-34.54890468319,
    5.820703969263E-02));
#9112 = CARTESIAN_POINT('',(3.462849691152,-34.69606895497,
    8.008791523087E-02));
#9113 = CARTESIAN_POINT('',(3.481352321049,-34.84368031775,
    0.106749906674));
#9114 = CARTESIAN_POINT('',(3.499929113827,-34.99137354,0.138277575382)
  );
#9115 = CARTESIAN_POINT('',(3.537833917906,-35.29170942095,
    0.212508545578));
#9116 = CARTESIAN_POINT('',(3.557163888438,-35.44432913572,
    0.255587990028));
#9117 = CARTESIAN_POINT('',(3.576466701077,-35.59619854073,
    0.303986318273));
#9118 = CARTESIAN_POINT('',(3.595683820885,-35.74687188782,
    0.357688233635));
#9119 = CARTESIAN_POINT('',(3.634586443391,-36.05087448747,
    0.477894422043));
#9120 = CARTESIAN_POINT('',(3.654260157952,-36.20407085289,0.54482324379
    ));
#9121 = CARTESIAN_POINT('',(3.67370961823,-36.35499901045,0.617320828412
    ));
#9122 = CARTESIAN_POINT('',(3.692866555101,-36.50316733042,
    0.695233177223));
#9123 = CARTESIAN_POINT('',(3.730429591996,-36.79279621678,
    0.861297916573));
#9124 = CARTESIAN_POINT('',(3.748837048343,-36.93426895142,
    0.949430920188));
#9125 = CARTESIAN_POINT('',(3.76682311435,-37.07207979063,1.042527191778
    ));
#9126 = CARTESIAN_POINT('',(3.784325989171,-37.20580703526,
    1.140309787465));
#9127 = CARTESIAN_POINT('',(3.817933732914,-37.46191107998,
    1.342666292555));
#9128 = CARTESIAN_POINT('',(3.834058835554,-37.58445515569,
    1.447076316529));
#9129 = CARTESIAN_POINT('',(3.849614123606,-37.70237154929,
    1.555382975682));
#9130 = CARTESIAN_POINT('',(3.864554167784,-37.81536726633,
    1.667241655037));
#9131 = CARTESIAN_POINT('',(3.892946384287,-38.02967013172,
    1.895850944777));
#9132 = CARTESIAN_POINT('',(3.9064152427,-38.1311090802,2.012520196193)
  );
#9133 = CARTESIAN_POINT('',(3.919213358191,-38.22730807983,
    2.131942403834));
#9134 = CARTESIAN_POINT('',(3.931313627975,-38.3181064449,2.253746564072
    ));
#9135 = CARTESIAN_POINT('',(3.953978140064,-38.48792482499,
    2.500244928615));
#9136 = CARTESIAN_POINT('',(3.964555403875,-38.56704485429,
    2.624902744746));
#9137 = CARTESIAN_POINT('',(3.974411842794,-38.64066803453,
    2.751172226724));
#9138 = CARTESIAN_POINT('',(3.983538290213,-38.70875701419,
    2.878691537849));
#9139 = CARTESIAN_POINT('',(3.991933454013,-38.77132737393,
    3.007113252462));
#9140 = PCURVE('',#5629,#9141);
#9141 = DEFINITIONAL_REPRESENTATION('',(#9142),#9177);
#9142 = B_SPLINE_CURVE_WITH_KNOTS('',5,(#9143,#9144,#9145,#9146,#9147,
    #9148,#9149,#9150,#9151,#9152,#9153,#9154,#9155,#9156,#9157,#9158,
    #9159,#9160,#9161,#9162,#9163,#9164,#9165,#9166,#9167,#9168,#9169,
    #9170,#9171,#9172,#9173,#9174,#9175,#9176),.UNSPECIFIED.,.F.,.F.,(6,
    4,4,4,4,4,4,4,6),(0.,0.116741129349,0.237299712685,0.362398134352,
    0.49247611714,0.622310395655,0.749682188439,0.875414858324,1.),
  .UNSPECIFIED.);
#9143 = CARTESIAN_POINT('',(26.174596211354,5.732174669508));
#9144 = CARTESIAN_POINT('',(25.598673808795,5.694406095353));
#9145 = CARTESIAN_POINT('',(25.020958567526,5.655859444914));
#9146 = CARTESIAN_POINT('',(24.441389084853,5.616578205088));
#9147 = CARTESIAN_POINT('',(23.859903671612,5.576618704327));
#9148 = CARTESIAN_POINT('',(22.673909548436,5.494156923816));
#9149 = CARTESIAN_POINT('',(22.069269388623,5.451614202434));
#9150 = CARTESIAN_POINT('',(21.462464007962,5.408500100274));
#9151 = CARTESIAN_POINT('',(20.853435610938,5.364907430409));
#9152 = CARTESIAN_POINT('',(19.60782080838,5.27532398927));
#9153 = CARTESIAN_POINT('',(18.971059868687,5.229304701675));
#9154 = CARTESIAN_POINT('',(18.331803514166,5.183005326728));
#9155 = CARTESIAN_POINT('',(17.690010747909,5.136562190185));
#9156 = CARTESIAN_POINT('',(16.37566069722,5.041835818095));
#9157 = CARTESIAN_POINT('',(15.702895257299,4.993552888741));
#9158 = CARTESIAN_POINT('',(15.027339290433,4.94544063924));
#9159 = CARTESIAN_POINT('',(14.348988024342,4.897678548128));
#9160 = CARTESIAN_POINT('',(12.988016466031,4.803308569954));
#9161 = CARTESIAN_POINT('',(12.3054060763,4.756698645992));
#9162 = CARTESIAN_POINT('',(11.620055483111,4.710801123855));
#9163 = CARTESIAN_POINT('',(10.932011301487,4.665800346779));
#9164 = CARTESIAN_POINT('',(9.563783690239,4.578775501852));
#9165 = CARTESIAN_POINT('',(8.88369814644,4.53671112166));
#9166 = CARTESIAN_POINT('',(8.201161208005,4.495843490604));
#9167 = CARTESIAN_POINT('',(7.516264976586,4.4563288256));
#9168 = CARTESIAN_POINT('',(6.150823210766,4.380768675972));
#9169 = CARTESIAN_POINT('',(5.470334473855,4.344685049895));
#9170 = CARTESIAN_POINT('',(4.787765470234,4.310185096538));
#9171 = CARTESIAN_POINT('',(4.10324089969,4.27738203262));
#9172 = CARTESIAN_POINT('',(2.73681853619,4.215629032989));
#9173 = CARTESIAN_POINT('',(2.05495307402,4.186646629333));
#9174 = CARTESIAN_POINT('',(1.37143442221,4.159502714819));
#9175 = CARTESIAN_POINT('',(0.686402575728,4.134258779067));
#9176 = CARTESIAN_POINT('',(0.,4.110950065678));
#9177 = ( GEOMETRIC_REPRESENTATION_CONTEXT(2) 
PARAMETRIC_REPRESENTATION_CONTEXT() REPRESENTATION_CONTEXT('2D SPACE',''
  ) );
#9178 = PCURVE('',#5385,#9179);
#9179 = DEFINITIONAL_REPRESENTATION('',(#9180),#9215);
#9180 = B_SPLINE_CURVE_WITH_KNOTS('',5,(#9181,#9182,#9183,#9184,#9185,
    #9186,#9187,#9188,#9189,#9190,#9191,#9192,#9193,#9194,#9195,#9196,
    #9197,#9198,#9199,#9200,#9201,#9202,#9203,#9204,#9205,#9206,#9207,
    #9208,#9209,#9210,#9211,#9212,#9213,#9214),.UNSPECIFIED.,.F.,.F.,(6,
    4,4,4,4,4,4,4,6),(0.,0.116741129349,0.237299712685,0.362398134352,
    0.49247611714,0.622310395655,0.749682188439,0.875414858324,1.),
  .UNSPECIFIED.);
#9181 = CARTESIAN_POINT('',(26.174596211332,20.335138570192));
#9182 = CARTESIAN_POINT('',(25.757353182963,20.408936317911));
#9183 = CARTESIAN_POINT('',(25.343424871634,20.484147586109));
#9184 = CARTESIAN_POINT('',(24.932906896111,20.560675177165));
#9185 = CARTESIAN_POINT('',(24.525883624265,20.638396382603));
#9186 = CARTESIAN_POINT('',(23.705767281352,20.798504475918));
#9187 = CARTESIAN_POINT('',(23.292910695281,20.880960861657));
#9188 = CARTESIAN_POINT('',(22.883926273335,20.964368269616));
#9189 = CARTESIAN_POINT('',(22.478866367202,21.048533842924));
#9190 = CARTESIAN_POINT('',(21.661541167109,21.22113523239));
#9191 = CARTESIAN_POINT('',(21.249578646214,21.309612558426));
#9192 = CARTESIAN_POINT('',(20.841896688429,21.398428472399));
#9193 = CARTESIAN_POINT('',(20.438489735369,21.48731114215));
#9194 = CARTESIAN_POINT('',(19.62425301328,21.668162193011));
#9195 = CARTESIAN_POINT('',(19.213766659959,21.760112643634));
#9196 = CARTESIAN_POINT('',(18.807810264038,21.851499398358));
#9197 = CARTESIAN_POINT('',(18.406292610383,21.941979646318));
#9198 = CARTESIAN_POINT('',(17.612616760523,22.120278726304));
#9199 = CARTESIAN_POINT('',(17.220442164156,22.208102309494));
#9200 = CARTESIAN_POINT('',(16.832428822468,22.294344888714));
#9201 = CARTESIAN_POINT('',(16.448405407807,22.378670902282));
#9202 = CARTESIAN_POINT('',(15.69514919795,22.541312101399));
#9203 = CARTESIAN_POINT('',(15.325773742778,22.619711034591));
#9204 = CARTESIAN_POINT('',(14.959856118706,22.695673697984));
#9205 = CARTESIAN_POINT('',(14.597178714545,22.768931128807));
#9206 = CARTESIAN_POINT('',(13.882471491047,22.908673323708));
#9207 = CARTESIAN_POINT('',(13.530364392102,22.975233182919));
#9208 = CARTESIAN_POINT('',(13.180967762502,23.038714044291));
#9209 = CARTESIAN_POINT('',(12.83404544656,23.09893456912));
#9210 = CARTESIAN_POINT('',(12.147825274529,23.212067234003));
#9211 = CARTESIAN_POINT('',(11.808486381529,23.265041115947));
#9212 = CARTESIAN_POINT('',(11.471117032134,23.314550609593));
#9213 = CARTESIAN_POINT('',(11.135487392404,23.360509926129));
#9214 = CARTESIAN_POINT('',(10.801379494951,23.402878486583));
#9215 = ( GEOMETRIC_REPRESENTATION_CONTEXT(2) 
PARAMETRIC_REPRESENTATION_CONTEXT() REPRESENTATION_CONTEXT('2D SPACE',''
  ) );
#9216 = ORIENTED_EDGE('',*,*,#5543,.T.);
#9217 = ADVANCED_FACE('',(#9218),#5141,.T.);
#9218 = FACE_BOUND('',#9219,.T.);
#9219 = EDGE_LOOP('',(#9220,#9334,#9335,#9336,#9337));
#9220 = ORIENTED_EDGE('',*,*,#9221,.T.);
#9221 = EDGE_CURVE('',#5056,#7467,#9222,.T.);
#9222 = SURFACE_CURVE('',#9223,(#9258,#9296),.PCURVE_S1.);
#9223 = B_SPLINE_CURVE_WITH_KNOTS('',5,(#9224,#9225,#9226,#9227,#9228,
    #9229,#9230,#9231,#9232,#9233,#9234,#9235,#9236,#9237,#9238,#9239,
    #9240,#9241,#9242,#9243,#9244,#9245,#9246,#9247,#9248,#9249,#9250,
    #9251,#9252,#9253,#9254,#9255,#9256,#9257),.UNSPECIFIED.,.F.,.F.,(6,
    4,4,4,4,4,4,4,6),(0.,0.118310159608,0.240362359648,0.367079813223,
    0.498357430003,0.62831971121,0.75355086094,0.877653518625,1.),
  .UNSPECIFIED.);
#9224 = CARTESIAN_POINT('',(-13.9596051682,-30.85843673569,
    -8.881784197766E-16));
#9225 = CARTESIAN_POINT('',(-14.01429750946,-30.987316575,
    2.264237817205E-09));
#9226 = CARTESIAN_POINT('',(-14.06956916808,-31.1177026708,
    4.049763864114E-03));
#9227 = CARTESIAN_POINT('',(-14.12531905539,-31.24936396549,
    1.232379804514E-02));
#9228 = CARTESIAN_POINT('',(-14.18143239038,-31.38203500681,
    2.497306014027E-02));
#9229 = CARTESIAN_POINT('',(-14.29591757062,-31.65302902429,
    5.979467951014E-02));
#9230 = CARTESIAN_POINT('',(-14.35430475259,-31.7913981234,
    8.225558635647E-02));
#9231 = CARTESIAN_POINT('',(-14.41280782098,-31.93020813518,
    0.109622250801));
#9232 = CARTESIAN_POINT('',(-14.47127753552,-32.06910637086,
    0.141980713383));
#9233 = CARTESIAN_POINT('',(-14.59006846291,-32.3516383213,
    0.218180367569));
#9234 = CARTESIAN_POINT('',(-14.65037506664,-32.49525021619,
    0.262413205308));
#9235 = CARTESIAN_POINT('',(-14.71030583021,-32.63814532957,
    0.312104186603));
#9236 = CARTESIAN_POINT('',(-14.76968164264,-32.77989137285,
    0.367233614064));
#9237 = CARTESIAN_POINT('',(-14.8890822005,-33.06527205283,
    0.490380387771));
#9238 = CARTESIAN_POINT('',(-14.94905345676,-33.20879121114,
    0.558790174499));
#9239 = CARTESIAN_POINT('',(-15.00804496329,-33.35014038408,
    0.632856493547));
#9240 = CARTESIAN_POINT('',(-15.0658655484,-33.48884822332,
    0.712415345475));
#9241 = CARTESIAN_POINT('',(-15.17824687689,-33.7587450833,
    0.881210949341));
#9242 = CARTESIAN_POINT('',(-15.23283452407,-33.88999562861,
    0.970342822056));
#9243 = CARTESIAN_POINT('',(-15.28593110016,-34.01780191707,
    1.064412321314));
#9244 = CARTESIAN_POINT('',(-15.33738054563,-34.14177063467,
    1.163136709568));
#9245 = CARTESIAN_POINT('',(-15.43490980406,-34.37699138754,
    1.365489793554));
#9246 = CARTESIAN_POINT('',(-15.48111694517,-34.48854215969,
    1.468809211737));
#9247 = CARTESIAN_POINT('',(-15.52555095094,-34.59590884566,
    1.575854880553));
#9248 = CARTESIAN_POINT('',(-15.56811170276,-34.69883286992,
    1.686297149041));
#9249 = CARTESIAN_POINT('',(-15.64896571427,-34.8945036895,
    1.912254510647));
#9250 = CARTESIAN_POINT('',(-15.6872940073,-34.98733392004,
    2.027715034176));
#9251 = CARTESIAN_POINT('',(-15.72363096989,-35.07540368024,
    2.145829216324));
#9252 = CARTESIAN_POINT('',(-15.7579230108,-35.15856885335,
    2.266239964739));
#9253 = CARTESIAN_POINT('',(-15.82189778992,-35.31380482649,
    2.509207905858));
#9254 = CARTESIAN_POINT('',(-15.85163891549,-35.38601603703,
    2.631710735578));
#9255 = CARTESIAN_POINT('',(-15.87933115198,-35.45328752813,
    2.755755287652));
#9256 = CARTESIAN_POINT('',(-15.90496466986,-35.51558518515,
    2.880999136459));
#9257 = CARTESIAN_POINT('',(-15.92854790557,-35.57292117128,
    3.007113252462));
#9258 = PCURVE('',#5141,#9259);
#9259 = DEFINITIONAL_REPRESENTATION('',(#9260),#9295);
#9260 = B_SPLINE_CURVE_WITH_KNOTS('',5,(#9261,#9262,#9263,#9264,#9265,
    #9266,#9267,#9268,#9269,#9270,#9271,#9272,#9273,#9274,#9275,#9276,
    #9277,#9278,#9279,#9280,#9281,#9282,#9283,#9284,#9285,#9286,#9287,
    #9288,#9289,#9290,#9291,#9292,#9293,#9294),.UNSPECIFIED.,.F.,.F.,(6,
    4,4,4,4,4,4,4,6),(0.,0.118310159608,0.240362359648,0.367079813223,
    0.498357430003,0.62831971121,0.75355086094,0.877653518625,1.),
  .UNSPECIFIED.);
#9261 = CARTESIAN_POINT('',(26.174596203521,20.335138572463));
#9262 = CARTESIAN_POINT('',(25.751745340337,20.409928175089));
#9263 = CARTESIAN_POINT('',(25.332298852794,20.486169562176));
#9264 = CARTESIAN_POINT('',(24.916356349178,20.563761540861));
#9265 = CARTESIAN_POINT('',(24.504005430274,20.642576045195));
#9266 = CARTESIAN_POINT('',(23.673698858169,20.80486587494));
#9267 = CARTESIAN_POINT('',(23.255978163736,20.888409812762));
#9268 = CARTESIAN_POINT('',(22.84222949572,20.972919069853));
#9269 = CARTESIAN_POINT('',(22.432506219193,21.058192388531));
#9270 = CARTESIAN_POINT('',(21.605653247204,21.233092306419));
#9271 = CARTESIAN_POINT('',(21.188838771667,21.322760775432));
#9272 = CARTESIAN_POINT('',(20.77641714036,21.412753618067));
#9273 = CARTESIAN_POINT('',(20.368380281823,21.502786724177));
#9274 = CARTESIAN_POINT('',(19.546455646159,21.685562008536));
#9275 = CARTESIAN_POINT('',(19.132885433238,21.778285156992));
#9276 = CARTESIAN_POINT('',(18.723920157914,21.87039406716));
#9277 = CARTESIAN_POINT('',(18.319462416096,21.961535549897));
#9278 = CARTESIAN_POINT('',(17.523293760975,22.140284043275));
#9279 = CARTESIAN_POINT('',(17.131495455774,22.227917402449));
#9280 = CARTESIAN_POINT('',(16.743844875363,22.313920522477));
#9281 = CARTESIAN_POINT('',(16.360166879059,22.397958209686));
#9282 = CARTESIAN_POINT('',(15.614178741479,22.55850859031));
#9283 = CARTESIAN_POINT('',(15.251598932041,22.635183924489));
#9284 = CARTESIAN_POINT('',(14.892336241036,22.709471166895));
#9285 = CARTESIAN_POINT('',(14.536182426119,22.781117283353));
#9286 = CARTESIAN_POINT('',(13.832835840512,22.918077444896));
#9287 = CARTESIAN_POINT('',(13.485590940232,22.983442798193));
#9288 = CARTESIAN_POINT('',(13.140968685202,23.045793831239));
#9289 = CARTESIAN_POINT('',(12.79874178663,23.104958274818));
#9290 = CARTESIAN_POINT('',(12.123438873101,23.215868052131));
#9291 = CARTESIAN_POINT('',(11.790301574033,23.267706577164));
#9292 = CARTESIAN_POINT('',(11.459055712353,23.316201127704));
#9293 = CARTESIAN_POINT('',(11.129483837006,23.361271243063));
#9294 = CARTESIAN_POINT('',(10.801379495275,23.402878486542));
#9295 = ( GEOMETRIC_REPRESENTATION_CONTEXT(2) 
PARAMETRIC_REPRESENTATION_CONTEXT() REPRESENTATION_CONTEXT('2D SPACE',''
  ) );
#9296 = PCURVE('',#5385,#9297);
#9297 = DEFINITIONAL_REPRESENTATION('',(#9298),#9333);
#9298 = B_SPLINE_CURVE_WITH_KNOTS('',5,(#9299,#9300,#9301,#9302,#9303,
    #9304,#9305,#9306,#9307,#9308,#9309,#9310,#9311,#9312,#9313,#9314,
    #9315,#9316,#9317,#9318,#9319,#9320,#9321,#9322,#9323,#9324,#9325,
    #9326,#9327,#9328,#9329,#9330,#9331,#9332),.UNSPECIFIED.,.F.,.F.,(6,
    4,4,4,4,4,4,4,6),(0.,0.118310159608,0.240362359648,0.367079813223,
    0.498357430003,0.62831971121,0.75355086094,0.877653518625,1.),
  .UNSPECIFIED.);
#9299 = CARTESIAN_POINT('',(26.174596211353,5.732174667945));
#9300 = CARTESIAN_POINT('',(25.590933256103,5.693898478581));
#9301 = CARTESIAN_POINT('',(25.005428967222,5.654823148314));
#9302 = CARTESIAN_POINT('',(24.418019390385,5.614993957819));
#9303 = CARTESIAN_POINT('',(23.828640350794,5.574469706922));
#9304 = CARTESIAN_POINT('',(22.627121074907,5.490876498601));
#9305 = CARTESIAN_POINT('',(22.014850149311,5.447767571283));
#9306 = CARTESIAN_POINT('',(21.400356896282,5.404077510088));
#9307 = CARTESIAN_POINT('',(20.783581602935,5.359903243999));
#9308 = CARTESIAN_POINT('',(19.521707748346,5.269107720174));
#9309 = CARTESIAN_POINT('',(18.876427266993,5.222457440884));
#9310 = CARTESIAN_POINT('',(18.228582380957,5.175531248266));
#9311 = CARTESIAN_POINT('',(17.578131404488,5.128471801415));
#9312 = CARTESIAN_POINT('',(16.248472948597,5.032702942903));
#9313 = CARTESIAN_POINT('',(15.569072501954,4.983995061297));
#9314 = CARTESIAN_POINT('',(14.886828479206,4.93548186596));
#9315 = CARTESIAN_POINT('',(14.201737956115,4.887348607484));
#9316 = CARTESIAN_POINT('',(12.832807958956,4.792694618592));
#9317 = CARTESIAN_POINT('',(12.149024237899,4.746162520128));
#9318 = CARTESIAN_POINT('',(11.46250036949,4.700369374959));
#9319 = CARTESIAN_POINT('',(10.77328554679,4.655499759063));
#9320 = CARTESIAN_POINT('',(9.414812948904,4.569550301093));
#9321 = CARTESIAN_POINT('',(8.745741533246,4.528391919693));
#9322 = CARTESIAN_POINT('',(8.074311025228,4.488409448707));
#9323 = CARTESIAN_POINT('',(7.400610581115,4.449750198481));
#9324 = CARTESIAN_POINT('',(6.05497764012,4.375671533557));
#9325 = CARTESIAN_POINT('',(5.383083320382,4.340226024802));
#9326 = CARTESIAN_POINT('',(4.709171747696,4.30633244063));
#9327 = CARTESIAN_POINT('',(4.033363476678,4.274098559721));
#9328 = CARTESIAN_POINT('',(2.687805798346,4.213549467416));
#9329 = CARTESIAN_POINT('',(2.01810532384,4.185185227063));
#9330 = CARTESIAN_POINT('',(1.346815403988,4.158596127905));
#9331 = CARTESIAN_POINT('',(0.6740686676,4.133839946826));
#9332 = CARTESIAN_POINT('',(0.,4.110950065678));
#9333 = ( GEOMETRIC_REPRESENTATION_CONTEXT(2) 
PARAMETRIC_REPRESENTATION_CONTEXT() REPRESENTATION_CONTEXT('2D SPACE',''
  ) );
#9334 = ORIENTED_EDGE('',*,*,#7466,.T.);
#9335 = ORIENTED_EDGE('',*,*,#7332,.F.);
#9336 = ORIENTED_EDGE('',*,*,#8979,.F.);
#9337 = ORIENTED_EDGE('',*,*,#5055,.T.);
#9338 = ADVANCED_FACE('',(#9339),#5385,.T.);
#9339 = FACE_BOUND('',#9340,.T.);
#9340 = EDGE_LOOP('',(#9341,#9342,#9343,#9344,#9345));
#9341 = ORIENTED_EDGE('',*,*,#9103,.T.);
#9342 = ORIENTED_EDGE('',*,*,#7111,.T.);
#9343 = ORIENTED_EDGE('',*,*,#7522,.F.);
#9344 = ORIENTED_EDGE('',*,*,#9221,.F.);
#9345 = ORIENTED_EDGE('',*,*,#5299,.T.);
#9346 = ADVANCED_FACE('',(#9347),#7698,.T.);
#9347 = FACE_BOUND('',#9348,.T.);
#9348 = EDGE_LOOP('',(#9349,#9372,#9430,#9451));
#9349 = ORIENTED_EDGE('',*,*,#9350,.T.);
#9350 = EDGE_CURVE('',#7627,#9351,#9353,.T.);
#9351 = VERTEX_POINT('',#9352);
#9352 = CARTESIAN_POINT('',(31.657804584317,1.500807988202E-14,2.));
#9353 = SURFACE_CURVE('',#9354,(#9358,#9365),.PCURVE_S1.);
#9354 = ( BOUNDED_CURVE() B_SPLINE_CURVE(2,(#9355,#9356,#9357),
.UNSPECIFIED.,.F.,.F.) B_SPLINE_CURVE_WITH_KNOTS((3,3),(0.,
108.81544857693),.PIECEWISE_BEZIER_KNOTS.) CURVE() 
GEOMETRIC_REPRESENTATION_ITEM() RATIONAL_B_SPLINE_CURVE((1.,
0.711953000203,1.)) REPRESENTATION_ITEM('') );
#9355 = CARTESIAN_POINT('',(34.657520805973,9.410691946302E-15,
    4.958737553013));
#9356 = CARTESIAN_POINT('',(34.616822039021,1.42108547152E-14,2.));
#9357 = CARTESIAN_POINT('',(31.657804584317,1.500807988202E-14,2.));
#9358 = PCURVE('',#7698,#9359);
#9359 = DEFINITIONAL_REPRESENTATION('',(#9360),#9364);
#9360 = LINE('',#9361,#9362);
#9361 = CARTESIAN_POINT('',(0.,108.81544857693));
#9362 = VECTOR('',#9363,1.);
#9363 = DIRECTION('',(1.,0.));
#9364 = ( GEOMETRIC_REPRESENTATION_CONTEXT(2) 
PARAMETRIC_REPRESENTATION_CONTEXT() REPRESENTATION_CONTEXT('2D SPACE',''
  ) );
#9365 = PCURVE('',#7833,#9366);
#9366 = DEFINITIONAL_REPRESENTATION('',(#9367),#9371);
#9367 = LINE('',#9368,#9369);
#9368 = CARTESIAN_POINT('',(0.,108.81544857693));
#9369 = VECTOR('',#9370,1.);
#9370 = DIRECTION('',(1.,0.));
#9371 = ( GEOMETRIC_REPRESENTATION_CONTEXT(2) 
PARAMETRIC_REPRESENTATION_CONTEXT() REPRESENTATION_CONTEXT('2D SPACE',''
  ) );
#9372 = ORIENTED_EDGE('',*,*,#9373,.T.);
#9373 = EDGE_CURVE('',#9351,#9374,#9376,.T.);
#9374 = VERTEX_POINT('',#9375);
#9375 = CARTESIAN_POINT('',(-31.65780458431,-1.500807988202E-14,2.));
#9376 = SURFACE_CURVE('',#9377,(#9396,#9403),.PCURVE_S1.);
#9377 = ( BOUNDED_CURVE() B_SPLINE_CURVE(9,(#9378,#9379,#9380,#9381,
    #9382,#9383,#9384,#9385,#9386,#9387,#9388,#9389,#9390,#9391,#9392,
#9393,#9394,#9395),.UNSPECIFIED.,.F.,.F.) B_SPLINE_CURVE_WITH_KNOTS((10,
    8,10),(108.81544857693,163.2231728654,217.63089715387),
.UNSPECIFIED.) CURVE() GEOMETRIC_REPRESENTATION_ITEM() 
RATIONAL_B_SPLINE_CURVE((1.,1.,1.,1.,1.,1.,1.,1.,1.,1.,1.,1.,1.,1.,1.,1.
,1.,1.)) REPRESENTATION_ITEM('') );
#9378 = CARTESIAN_POINT('',(31.657804584317,1.500807988202E-14,2.));
#9379 = CARTESIAN_POINT('',(31.657804584317,-5.356853462909,2.));
#9380 = CARTESIAN_POINT('',(30.640250188621,-10.76832368745,2.));
#9381 = CARTESIAN_POINT('',(28.561801553838,-16.1068308938,2.));
#9382 = CARTESIAN_POINT('',(25.360989981208,-21.03320735039,2.));
#9383 = CARTESIAN_POINT('',(21.19144137203,-25.21878672694,2.));
#9384 = CARTESIAN_POINT('',(16.311695758392,-28.43672353187,2.));
#9385 = CARTESIAN_POINT('',(10.98361794981,-30.60202209699,2.));
#9386 = CARTESIAN_POINT('',(5.443406735414,-31.67132185225,2.));
#9387 = CARTESIAN_POINT('',(-5.596907213579,-31.64443882318,2.));
#9388 = CARTESIAN_POINT('',(-11.09723427415,-30.54821555443,2.));
#9389 = CARTESIAN_POINT('',(-16.34624655141,-28.38080172317,2.));
#9390 = CARTESIAN_POINT('',(-21.12465467838,-25.20844077932,2.));
#9391 = CARTESIAN_POINT('',(-25.21356145378,-21.1278488616,2.));
#9392 = CARTESIAN_POINT('',(-28.40308960734,-16.33221788136,2.));
#9393 = CARTESIAN_POINT('',(-30.57359582,-11.04965709266,2.));
#9394 = CARTESIAN_POINT('',(-31.65780458431,-5.523791741757,2.));
#9395 = CARTESIAN_POINT('',(-31.65780458431,-1.500807988202E-14,2.));
#9396 = PCURVE('',#7698,#9397);
#9397 = DEFINITIONAL_REPRESENTATION('',(#9398),#9402);
#9398 = LINE('',#9399,#9400);
#9399 = CARTESIAN_POINT('',(108.81544857693,0.));
#9400 = VECTOR('',#9401,1.);
#9401 = DIRECTION('',(0.,1.));
#9402 = ( GEOMETRIC_REPRESENTATION_CONTEXT(2) 
PARAMETRIC_REPRESENTATION_CONTEXT() REPRESENTATION_CONTEXT('2D SPACE',''
  ) );
#9403 = PCURVE('',#9404,#9409);
#9404 = PLANE('',#9405);
#9405 = AXIS2_PLACEMENT_3D('',#9406,#9407,#9408);
#9406 = CARTESIAN_POINT('',(-2.641995262302E-16,7.042302539935E-16,2.));
#9407 = DIRECTION('',(-0.,-0.,-1.));
#9408 = DIRECTION('',(-1.,0.,0.));
#9409 = DEFINITIONAL_REPRESENTATION('',(#9410),#9429);
#9410 = ( BOUNDED_CURVE() B_SPLINE_CURVE(9,(#9411,#9412,#9413,#9414,
    #9415,#9416,#9417,#9418,#9419,#9420,#9421,#9422,#9423,#9424,#9425,
#9426,#9427,#9428),.UNSPECIFIED.,.F.,.F.) B_SPLINE_CURVE_WITH_KNOTS((10,
    8,10),(108.81544857693,163.2231728654,217.63089715387),
.UNSPECIFIED.) CURVE() GEOMETRIC_REPRESENTATION_ITEM() 
RATIONAL_B_SPLINE_CURVE((1.,1.,1.,1.,1.,1.,1.,1.,1.,1.,1.,1.,1.,1.,1.,1.
,1.,1.)) REPRESENTATION_ITEM('') );
#9411 = CARTESIAN_POINT('',(-31.65780458431,1.430384962803E-14));
#9412 = CARTESIAN_POINT('',(-31.65780458431,-5.356853462909));
#9413 = CARTESIAN_POINT('',(-30.64025018862,-10.76832368745));
#9414 = CARTESIAN_POINT('',(-28.56180155383,-16.1068308938));
#9415 = CARTESIAN_POINT('',(-25.3609899812,-21.03320735039));
#9416 = CARTESIAN_POINT('',(-21.19144137203,-25.21878672694));
#9417 = CARTESIAN_POINT('',(-16.31169575839,-28.43672353187));
#9418 = CARTESIAN_POINT('',(-10.98361794981,-30.60202209699));
#9419 = CARTESIAN_POINT('',(-5.443406735414,-31.67132185225));
#9420 = CARTESIAN_POINT('',(5.596907213579,-31.64443882318));
#9421 = CARTESIAN_POINT('',(11.097234274157,-30.54821555443));
#9422 = CARTESIAN_POINT('',(16.346246551414,-28.38080172317));
#9423 = CARTESIAN_POINT('',(21.124654678388,-25.20844077932));
#9424 = CARTESIAN_POINT('',(25.213561453784,-21.1278488616));
#9425 = CARTESIAN_POINT('',(28.403089607341,-16.33221788136));
#9426 = CARTESIAN_POINT('',(30.573595820004,-11.04965709266));
#9427 = CARTESIAN_POINT('',(31.657804584317,-5.523791741757));
#9428 = CARTESIAN_POINT('',(31.657804584317,-1.571231013601E-14));
#9429 = ( GEOMETRIC_REPRESENTATION_CONTEXT(2) 
PARAMETRIC_REPRESENTATION_CONTEXT() REPRESENTATION_CONTEXT('2D SPACE',''
  ) );
#9430 = ORIENTED_EDGE('',*,*,#9431,.F.);
#9431 = EDGE_CURVE('',#7651,#9374,#9432,.T.);
#9432 = SURFACE_CURVE('',#9433,(#9437,#9444),.PCURVE_S1.);
#9433 = ( BOUNDED_CURVE() B_SPLINE_CURVE(2,(#9434,#9435,#9436),
.UNSPECIFIED.,.F.,.F.) B_SPLINE_CURVE_WITH_KNOTS((3,3),(0.,
108.81544857693),.PIECEWISE_BEZIER_KNOTS.) CURVE() 
GEOMETRIC_REPRESENTATION_ITEM() RATIONAL_B_SPLINE_CURVE((1.,
0.711953000203,1.)) REPRESENTATION_ITEM('') );
#9434 = CARTESIAN_POINT('',(-34.65752080597,-2.122161096071E-15,
    4.958737553013));
#9435 = CARTESIAN_POINT('',(-34.61682203902,-3.907985046681E-14,2.));
#9436 = CARTESIAN_POINT('',(-31.65780458431,-1.500807988202E-14,2.));
#9437 = PCURVE('',#7698,#9438);
#9438 = DEFINITIONAL_REPRESENTATION('',(#9439),#9443);
#9439 = LINE('',#9440,#9441);
#9440 = CARTESIAN_POINT('',(0.,217.63089715387));
#9441 = VECTOR('',#9442,1.);
#9442 = DIRECTION('',(1.,0.));
#9443 = ( GEOMETRIC_REPRESENTATION_CONTEXT(2) 
PARAMETRIC_REPRESENTATION_CONTEXT() REPRESENTATION_CONTEXT('2D SPACE',''
  ) );
#9444 = PCURVE('',#7833,#9445);
#9445 = DEFINITIONAL_REPRESENTATION('',(#9446),#9450);
#9446 = LINE('',#9447,#9448);
#9447 = CARTESIAN_POINT('',(0.,-3.08250927289E-14));
#9448 = VECTOR('',#9449,1.);
#9449 = DIRECTION('',(1.,0.));
#9450 = ( GEOMETRIC_REPRESENTATION_CONTEXT(2) 
PARAMETRIC_REPRESENTATION_CONTEXT() REPRESENTATION_CONTEXT('2D SPACE',''
  ) );
#9451 = ORIENTED_EDGE('',*,*,#7650,.F.);
#9452 = ADVANCED_FACE('',(#9453),#7833,.T.);
#9453 = FACE_BOUND('',#9454,.T.);
#9454 = EDGE_LOOP('',(#9455,#9456,#9507,#9508));
#9455 = ORIENTED_EDGE('',*,*,#9431,.T.);
#9456 = ORIENTED_EDGE('',*,*,#9457,.T.);
#9457 = EDGE_CURVE('',#9374,#9351,#9458,.T.);
#9458 = SURFACE_CURVE('',#9459,(#9478,#9485),.PCURVE_S1.);
#9459 = ( BOUNDED_CURVE() B_SPLINE_CURVE(9,(#9460,#9461,#9462,#9463,
    #9464,#9465,#9466,#9467,#9468,#9469,#9470,#9471,#9472,#9473,#9474,
#9475,#9476,#9477),.UNSPECIFIED.,.F.,.F.) B_SPLINE_CURVE_WITH_KNOTS((10,
    8,10),(-3.08250927289E-14,54.407724288468,108.81544857693),
.UNSPECIFIED.) CURVE() GEOMETRIC_REPRESENTATION_ITEM() 
RATIONAL_B_SPLINE_CURVE((1.,1.,1.,1.,1.,1.,1.,1.,1.,1.,1.,1.,1.,1.,1.,1.
,1.,1.)) REPRESENTATION_ITEM('') );
#9460 = CARTESIAN_POINT('',(-31.65780458431,-1.500807988202E-14,2.));
#9461 = CARTESIAN_POINT('',(-31.65780458431,5.523791741757,2.));
#9462 = CARTESIAN_POINT('',(-30.57359582,11.049657092669,2.));
#9463 = CARTESIAN_POINT('',(-28.40308960734,16.332217881361,2.));
#9464 = CARTESIAN_POINT('',(-25.21356145378,21.127848861609,2.));
#9465 = CARTESIAN_POINT('',(-21.12465467838,25.208440779324,2.));
#9466 = CARTESIAN_POINT('',(-16.34624655141,28.380801723179,2.));
#9467 = CARTESIAN_POINT('',(-11.09723427415,30.548215554433,2.));
#9468 = CARTESIAN_POINT('',(-5.596907213579,31.644438823186,2.));
#9469 = CARTESIAN_POINT('',(5.443406735414,31.671321852252,2.));
#9470 = CARTESIAN_POINT('',(10.98361794981,30.60202209699,2.));
#9471 = CARTESIAN_POINT('',(16.311695758393,28.436723531871,2.));
#9472 = CARTESIAN_POINT('',(21.191441372028,25.218786726948,2.));
#9473 = CARTESIAN_POINT('',(25.360989981209,21.03320735039,2.));
#9474 = CARTESIAN_POINT('',(28.561801553837,16.106830893809,2.));
#9475 = CARTESIAN_POINT('',(30.640250188621,10.768323687454,2.));
#9476 = CARTESIAN_POINT('',(31.657804584317,5.356853462909,2.));
#9477 = CARTESIAN_POINT('',(31.657804584317,1.500807988202E-14,2.));
#9478 = PCURVE('',#7833,#9479);
#9479 = DEFINITIONAL_REPRESENTATION('',(#9480),#9484);
#9480 = LINE('',#9481,#9482);
#9481 = CARTESIAN_POINT('',(108.81544857693,0.));
#9482 = VECTOR('',#9483,1.);
#9483 = DIRECTION('',(0.,1.));
#9484 = ( GEOMETRIC_REPRESENTATION_CONTEXT(2) 
PARAMETRIC_REPRESENTATION_CONTEXT() REPRESENTATION_CONTEXT('2D SPACE',''
  ) );
#9485 = PCURVE('',#9404,#9486);
#9486 = DEFINITIONAL_REPRESENTATION('',(#9487),#9506);
#9487 = ( BOUNDED_CURVE() B_SPLINE_CURVE(9,(#9488,#9489,#9490,#9491,
    #9492,#9493,#9494,#9495,#9496,#9497,#9498,#9499,#9500,#9501,#9502,
#9503,#9504,#9505),.UNSPECIFIED.,.F.,.F.) B_SPLINE_CURVE_WITH_KNOTS((10,
    8,10),(-3.08250927289E-14,54.407724288468,108.81544857693),
.UNSPECIFIED.) CURVE() GEOMETRIC_REPRESENTATION_ITEM() 
RATIONAL_B_SPLINE_CURVE((1.,1.,1.,1.,1.,1.,1.,1.,1.,1.,1.,1.,1.,1.,1.,1.
,1.,1.)) REPRESENTATION_ITEM('') );
#9488 = CARTESIAN_POINT('',(31.657804584317,-1.571231013601E-14));
#9489 = CARTESIAN_POINT('',(31.657804584317,5.523791741757));
#9490 = CARTESIAN_POINT('',(30.573595820003,11.049657092669));
#9491 = CARTESIAN_POINT('',(28.403089607342,16.332217881361));
#9492 = CARTESIAN_POINT('',(25.213561453783,21.127848861609));
#9493 = CARTESIAN_POINT('',(21.124654678388,25.208440779324));
#9494 = CARTESIAN_POINT('',(16.346246551414,28.380801723179));
#9495 = CARTESIAN_POINT('',(11.097234274157,30.548215554433));
#9496 = CARTESIAN_POINT('',(5.596907213579,31.644438823186));
#9497 = CARTESIAN_POINT('',(-5.443406735414,31.671321852252));
#9498 = CARTESIAN_POINT('',(-10.98361794981,30.60202209699));
#9499 = CARTESIAN_POINT('',(-16.31169575839,28.436723531871));
#9500 = CARTESIAN_POINT('',(-21.19144137202,25.218786726948));
#9501 = CARTESIAN_POINT('',(-25.3609899812,21.03320735039));
#9502 = CARTESIAN_POINT('',(-28.56180155383,16.106830893809));
#9503 = CARTESIAN_POINT('',(-30.64025018862,10.768323687454));
#9504 = CARTESIAN_POINT('',(-31.65780458431,5.356853462909));
#9505 = CARTESIAN_POINT('',(-31.65780458431,1.430384962803E-14));
#9506 = ( GEOMETRIC_REPRESENTATION_CONTEXT(2) 
PARAMETRIC_REPRESENTATION_CONTEXT() REPRESENTATION_CONTEXT('2D SPACE',''
  ) );
#9507 = ORIENTED_EDGE('',*,*,#9350,.F.);
#9508 = ORIENTED_EDGE('',*,*,#7787,.F.);
#9509 = ADVANCED_FACE('',(#9510),#9404,.F.);
#9510 = FACE_BOUND('',#9511,.F.);
#9511 = EDGE_LOOP('',(#9512,#9513));
#9512 = ORIENTED_EDGE('',*,*,#9457,.T.);
#9513 = ORIENTED_EDGE('',*,*,#9373,.T.);
#9514 = ( GEOMETRIC_REPRESENTATION_CONTEXT(3) 
GLOBAL_UNCERTAINTY_ASSIGNED_CONTEXT((#9518)) 
GLOBAL_UNIT_ASSIGNED_CONTEXT((#9515,#9516,#9517)) REPRESENTATION_CONTEXT
('Context #1','3D Context with UNIT and UNCERTAINTY') );
#9515 = ( LENGTH_UNIT() NAMED_UNIT(*) SI_UNIT(.MILLI.,.METRE.) );
#9516 = ( NAMED_UNIT(*) PLANE_ANGLE_UNIT() SI_UNIT($,.RADIAN.) );
#9517 = ( NAMED_UNIT(*) SI_UNIT($,.STERADIAN.) SOLID_ANGLE_UNIT() );
#9518 = UNCERTAINTY_MEASURE_WITH_UNIT(LENGTH_MEASURE(5.E-05),#9515,
  'distance_accuracy_value','confusion accuracy');
#9519 = PRODUCT_RELATED_PRODUCT_CATEGORY('part',$,(#7));
ENDSEC;
END-ISO-10303-21;
